solid OpenSCAD_Model
  facet normal -1 0 0
    outer loop
      vertex -2 -50 -40
      vertex -2 -50 -35
      vertex -2 -5.25 -40
    endloop
  endfacet
  facet normal 0 -1 0
    outer loop
      vertex -2 -50 -40
      vertex 2 -50 -35
      vertex -2 -50 -35
    endloop
  endfacet
  facet normal 0 0 1
    outer loop
      vertex -2 -50 -35
      vertex 2 -50 -35
      vertex -2 -5.25 -35
    endloop
  endfacet
  facet normal -1 0 0
    outer loop
      vertex -2 -50 -35
      vertex -2 -5.25 -35
      vertex -2 -5.25 -40
    endloop
  endfacet
  facet normal 0 -1 0
    outer loop
      vertex -2 -50 -40
      vertex 7 -50 -35
      vertex 2 -50 -35
    endloop
  endfacet
  facet normal -1 0 0
    outer loop
      vertex 2 -50 -35
      vertex 2 -42.49840270517779 -4.674182701046282
      vertex 2 -42.02822219153498 -4.8965615223098204
    endloop
  endfacet
  facet normal -1 0 0
    outer loop
      vertex 2 -50 -35
      vertex 2 -41.53850878944865 -5.0717837793807075
      vertex 2 -41.03397870668548 -5.198161986137122
    endloop
  endfacet
  facet normal -1 0 0
    outer loop
      vertex 2 -50 -35
      vertex 2 -42.02822219153498 -4.8965615223098204
      vertex 2 -41.53850878944865 -5.0717837793807075
    endloop
  endfacet
  facet normal -1 0 0
    outer loop
      vertex 2 -50 -35
      vertex 2 -41.03397870668548 -5.198161986137122
      vertex 2 -40.519490843746674 -5.274479051362644
    endloop
  endfacet
  facet normal -1 0 0
    outer loop
      vertex 2 -50 -35
      vertex 2 -43.362284406067324 -4.096955402822506
      vertex 2 -42.944522235003895 -4.40678894520349
    endloop
  endfacet
  facet normal -1 0 0
    outer loop
      vertex 2 -50 -35
      vertex 2 -43.747665940288705 -3.7476659402887025
      vertex 2 -43.362284406067324 -4.096955402822506
    endloop
  endfacet
  facet normal -1 0 0
    outer loop
      vertex 2 -50 -35
      vertex 2 -44.09695540282251 -3.3622844060673214
      vertex 2 -43.747665940288705 -3.7476659402887025
    endloop
  endfacet
  facet normal -1 0 0
    outer loop
      vertex 2 -50 -35
      vertex 2 -44.40678894520349 -2.944522235003892
      vertex 2 -44.09695540282251 -3.3622844060673214
    endloop
  endfacet
  facet normal -1 0 0
    outer loop
      vertex 2 -50 -35
      vertex 2 -44.896561522309824 -2.0282221915349763
      vertex 2 -44.674182701046284 -2.4984027051777877
    endloop
  endfacet
  facet normal -1 0 0
    outer loop
      vertex 2 -50 -35
      vertex 2 -44.674182701046284 -2.4984027051777877
      vertex 2 -44.40678894520349 -2.944522235003892
    endloop
  endfacet
  facet normal -1 0 0
    outer loop
      vertex 2 -50 -35
      vertex 2 -42.944522235003895 -4.40678894520349
      vertex 2 -42.49840270517779 -4.674182701046282
    endloop
  endfacet
  facet normal -1 0 0
    outer loop
      vertex 2 -50 -35
      vertex 2 -45.07178377938071 -1.5385087894486507
      vertex 2 -44.896561522309824 -2.0282221915349763
    endloop
  endfacet
  facet normal -1 0 0
    outer loop
      vertex 2 -50 -35
      vertex 2 -45.19816198613712 -1.0339787066854798
      vertex 2 -45.07178377938071 -1.5385087894486507
    endloop
  endfacet
  facet normal -1 0 0
    outer loop
      vertex 2 -50 -35
      vertex 2 -45.27447905136265 -0.5194908437466713
      vertex 2 -45.19816198613712 -1.0339787066854798
    endloop
  endfacet
  facet normal -1 0 0
    outer loop
      vertex 2 -50 -35
      vertex 2 -45.3 0
      vertex 2 -45.27447905136265 -0.5194908437466713
    endloop
  endfacet
  facet normal -1 0 0
    outer loop
      vertex 2 -50 -35
      vertex 2 -40.519490843746674 -5.274479051362644
      vertex 2 -40 -5.300000000000001
    endloop
  endfacet
  facet normal -1 0 0
    outer loop
      vertex 2 -50 -35
      vertex 2 -40 -5.300000000000001
      vertex 2 -39.480509156253326 -5.274479051362644
    endloop
  endfacet
  facet normal -1 0 0
    outer loop
      vertex 2 -50 -35
      vertex 2 -39.480509156253326 -5.274479051362644
      vertex 2 -5.25 -35
    endloop
  endfacet
  facet normal -1 0 0
    outer loop
      vertex 2 -5.25 -35
      vertex 2 -39.480509156253326 -5.274479051362644
      vertex 2 -38.96602129331452 -5.198161986137122
    endloop
  endfacet
  facet normal -1 0 0
    outer loop
      vertex 2 -5.25 -35
      vertex 2 -38.96602129331452 -5.198161986137122
      vertex 2 -38.46149121055135 -5.0717837793807075
    endloop
  endfacet
  facet normal -1 0 0
    outer loop
      vertex 2 -5.25 -35
      vertex 2 -38.46149121055135 -5.0717837793807075
      vertex 2 -37.97177780846502 -4.8965615223098204
    endloop
  endfacet
  facet normal -1 0 0
    outer loop
      vertex 2 -5.25 -35
      vertex 2 -37.97177780846502 -4.8965615223098204
      vertex 2 -37.50159729482221 -4.674182701046282
    endloop
  endfacet
  facet normal -1 0 0
    outer loop
      vertex 2 -5.25 -35
      vertex 2 -37.50159729482221 -4.674182701046282
      vertex 2 -37.055477764996105 -4.40678894520349
    endloop
  endfacet
  facet normal -1 0 0
    outer loop
      vertex 2 -5.25 -35
      vertex 2 -37.055477764996105 -4.40678894520349
      vertex 2 -36.637715593932676 -4.096955402822506
    endloop
  endfacet
  facet normal -1 0 0
    outer loop
      vertex 2 -5.25 -35
      vertex 2 -36.637715593932676 -4.096955402822506
      vertex 2 -36.252334059711295 -3.7476659402887025
    endloop
  endfacet
  facet normal -1 0 0
    outer loop
      vertex 2 -5.25 -35
      vertex 2 -36.252334059711295 -3.7476659402887025
      vertex 2 -35.90304459717749 -3.3622844060673214
    endloop
  endfacet
  facet normal -1 0 0
    outer loop
      vertex 2 -5.25 -35
      vertex 2 -35.90304459717749 -3.3622844060673214
      vertex 2 -35.59321105479651 -2.944522235003892
    endloop
  endfacet
  facet normal -1 0 0
    outer loop
      vertex 2 -5.25 -35
      vertex 2 -35.59321105479651 -2.944522235003892
      vertex 2 -35.325817298953716 -2.4984027051777877
    endloop
  endfacet
  facet normal -1 0 0
    outer loop
      vertex 2 -5.25 -35
      vertex 2 -35.325817298953716 -2.4984027051777877
      vertex 2 -35.103438477690176 -2.0282221915349763
    endloop
  endfacet
  facet normal -1 0 0
    outer loop
      vertex 2 -5.25 -35
      vertex 2 -35.103438477690176 -2.0282221915349763
      vertex 2 -34.92821622061929 -1.5385087894486507
    endloop
  endfacet
  facet normal 0 0 1
    outer loop
      vertex 2 -50 -35
      vertex 2 -5.25 -35
      vertex -2 -5.25 -35
    endloop
  endfacet
  facet normal 0 0 -1
    outer loop
      vertex -2 -50 -40
      vertex -2 -5.25 -40
      vertex 7 -5.25 -40
    endloop
  endfacet
  facet normal 0 1 0
    outer loop
      vertex -2 -5.25 -35
      vertex 7 -5.25 -40
      vertex -2 -5.25 -40
    endloop
  endfacet
  facet normal 0 1 0
    outer loop
      vertex -2 -5.25 -35
      vertex 2 -5.25 -35
      vertex 7 -5.25 -40
    endloop
  endfacet
  facet normal -1 0 0
    outer loop
      vertex 2 -50 -35
      vertex 2 -50 17.5
      vertex 2 -45.3 0
    endloop
  endfacet
  facet normal -1 0 0
    outer loop
      vertex 2 -34.92821622061929 1.5385087894486507
      vertex 2 -35.103438477690176 2.0282221915349763
      vertex 2 -5.224719815029034 5.5145899867301935
    endloop
  endfacet
  facet normal -1 0 0
    outer loop
      vertex 2 -50 17.5
      vertex 2 -45.27447905136265 0.5194908437466713
      vertex 2 -45.3 0
    endloop
  endfacet
  facet normal -1 0 0
    outer loop
      vertex 2 -50 17.5
      vertex 2 -45.19816198613712 1.0339787066854798
      vertex 2 -45.27447905136265 0.5194908437466713
    endloop
  endfacet
  facet normal -1 0 0
    outer loop
      vertex 2 -50 17.5
      vertex 2 -45.07178377938071 1.5385087894486507
      vertex 2 -45.19816198613712 1.0339787066854798
    endloop
  endfacet
  facet normal -1 0 0
    outer loop
      vertex 2 -50 17.5
      vertex 2 -44.896561522309824 2.0282221915349763
      vertex 2 -45.07178377938071 1.5385087894486507
    endloop
  endfacet
  facet normal -1 0 0
    outer loop
      vertex 2 -50 17.5
      vertex 2 -44.674182701046284 2.4984027051777877
      vertex 2 -44.896561522309824 2.0282221915349763
    endloop
  endfacet
  facet normal -1 0 0
    outer loop
      vertex 2 -50 17.5
      vertex 2 -44.40678894520349 2.944522235003892
      vertex 2 -44.674182701046284 2.4984027051777877
    endloop
  endfacet
  facet normal -1 0 0
    outer loop
      vertex 2 -50 17.5
      vertex 2 -44.09695540282251 3.3622844060673214
      vertex 2 -44.40678894520349 2.944522235003892
    endloop
  endfacet
  facet normal -1 0 0
    outer loop
      vertex 2 -50 17.5
      vertex 2 -43.747665940288705 3.7476659402887025
      vertex 2 -44.09695540282251 3.3622844060673214
    endloop
  endfacet
  facet normal -1 0 0
    outer loop
      vertex 2 -50 17.5
      vertex 2 -43.362284406067324 4.096955402822506
      vertex 2 -43.747665940288705 3.7476659402887025
    endloop
  endfacet
  facet normal -1 0 0
    outer loop
      vertex 2 -50 17.5
      vertex 2 -42.944522235003895 4.40678894520349
      vertex 2 -43.362284406067324 4.096955402822506
    endloop
  endfacet
  facet normal -1 0 0
    outer loop
      vertex 2 -50 17.5
      vertex 2 -42.49840270517779 4.674182701046282
      vertex 2 -42.944522235003895 4.40678894520349
    endloop
  endfacet
  facet normal -1 0 0
    outer loop
      vertex 2 -50 17.5
      vertex 2 -42.02822219153498 4.8965615223098204
      vertex 2 -42.49840270517779 4.674182701046282
    endloop
  endfacet
  facet normal -1 0 0
    outer loop
      vertex 2 -50 17.5
      vertex 2 -41.53850878944865 5.0717837793807075
      vertex 2 -42.02822219153498 4.8965615223098204
    endloop
  endfacet
  facet normal -1 0 0
    outer loop
      vertex 2 -50 17.5
      vertex 2 -41.03397870668548 5.198161986137122
      vertex 2 -41.53850878944865 5.0717837793807075
    endloop
  endfacet
  facet normal -1 0 0
    outer loop
      vertex 2 -50 17.5
      vertex 2 -40.519490843746674 5.274479051362644
      vertex 2 -41.03397870668548 5.198161986137122
    endloop
  endfacet
  facet normal -1 0 0
    outer loop
      vertex 2 -50 17.5
      vertex 2 -40 5.300000000000001
      vertex 2 -40.519490843746674 5.274479051362644
    endloop
  endfacet
  facet normal -1 0 0
    outer loop
      vertex 2 -50 17.5
      vertex 2 -39.480509156253326 5.274479051362644
      vertex 2 -40 5.300000000000001
    endloop
  endfacet
  facet normal -1 0 0
    outer loop
      vertex 2 -50 17.5
      vertex 2 -38.96602129331452 5.198161986137122
      vertex 2 -39.480509156253326 5.274479051362644
    endloop
  endfacet
  facet normal -1 0 0
    outer loop
      vertex 2 -50 17.5
      vertex 2 -38.46149121055135 5.0717837793807075
      vertex 2 -38.96602129331452 5.198161986137122
    endloop
  endfacet
  facet normal -1 0 0
    outer loop
      vertex 2 -50 17.5
      vertex 2 -37.97177780846502 4.8965615223098204
      vertex 2 -38.46149121055135 5.0717837793807075
    endloop
  endfacet
  facet normal -1 0 0
    outer loop
      vertex 2 -35.103438477690176 2.0282221915349763
      vertex 2 -35.325817298953716 2.4984027051777877
      vertex 2 -5.14912272211696 6.024224190584674
    endloop
  endfacet
  facet normal -1 0 0
    outer loop
      vertex 2 -35.325817298953716 2.4984027051777877
      vertex 2 -35.59321105479651 2.944522235003892
      vertex 2 -5.023936762594096 6.523994555585928
    endloop
  endfacet
  facet normal -1 0 0
    outer loop
      vertex 2 -35.59321105479651 2.944522235003892
      vertex 2 -35.90304459717749 3.3622844060673214
      vertex 2 -4.850367545684255 7.009088019916721
    endloop
  endfacet
  facet normal -1 0 0
    outer loop
      vertex 2 -35.90304459717749 3.3622844060673214
      vertex 2 -36.252334059711295 3.7476659402887025
      vertex 2 -4.630086637828864 7.474832868336488
    endloop
  endfacet
  facet normal -1 0 0
    outer loop
      vertex 2 -37.055477764996105 4.40678894520349
      vertex 2 -4.0583048801543695 8.330564741859138
      vertex 2 -36.637715593932676 4.096955402822506
    endloop
  endfacet
  facet normal -1 0 0
    outer loop
      vertex 2 -36.637715593932676 4.096955402822506
      vertex 2 -4.3652154645883625 7.916743723352911
      vertex 2 -36.252334059711295 3.7476659402887025
    endloop
  endfacet
  facet normal -1 0 0
    outer loop
      vertex 2 -37.97177780846502 4.8965615223098204
      vertex 2 -3.330564741859139 9.05830488015437
      vertex 2 -37.50159729482221 4.674182701046282
    endloop
  endfacet
  facet normal -1 0 0
    outer loop
      vertex 2 -37.50159729482221 4.674182701046282
      vertex 2 -3.7123106012293747 8.712310601229374
      vertex 2 -37.055477764996105 4.40678894520349
    endloop
  endfacet
  facet normal -1 0 0
    outer loop
      vertex 2 -50 17.5
      vertex 2 -2.916743723352911 9.365215464588363
      vertex 2 -37.97177780846502 4.8965615223098204
    endloop
  endfacet
  facet normal -1 0 0
    outer loop
      vertex 2 -5.25 -35
      vertex 2 -34.92821622061929 -1.5385087894486507
      vertex 2 -5.25 5
    endloop
  endfacet
  facet normal -1 0 0
    outer loop
      vertex 2 -34.92821622061929 -1.5385087894486507
      vertex 2 -34.80183801386288 -1.0339787066854798
      vertex 2 -5.25 5
    endloop
  endfacet
  facet normal -1 0 0
    outer loop
      vertex 2 -34.80183801386288 -1.0339787066854798
      vertex 2 -34.72552094863735 -0.5194908437466713
      vertex 2 -5.25 5
    endloop
  endfacet
  facet normal -1 0 0
    outer loop
      vertex 2 -34.72552094863735 -0.5194908437466713
      vertex 2 -34.7 0
      vertex 2 -5.25 5
    endloop
  endfacet
  facet normal -1 0 0
    outer loop
      vertex 2 -34.7 0
      vertex 2 -34.72552094863735 0.5194908437466713
      vertex 2 -5.25 5
    endloop
  endfacet
  facet normal -1 0 0
    outer loop
      vertex 2 -34.72552094863735 0.5194908437466713
      vertex 2 -34.80183801386288 1.0339787066854798
      vertex 2 -5.25 5
    endloop
  endfacet
  facet normal -1 0 0
    outer loop
      vertex 2 -34.80183801386288 1.0339787066854798
      vertex 2 -34.92821622061929 1.5385087894486507
      vertex 2 -5.25 5
    endloop
  endfacet
  facet normal -1 0 0
    outer loop
      vertex 2 -34.92821622061929 1.5385087894486507
      vertex 2 -5.224719815029034 5.5145899867301935
      vertex 2 -5.25 5
    endloop
  endfacet
  facet normal -1 0 0
    outer loop
      vertex 2 -35.103438477690176 2.0282221915349763
      vertex 2 -5.14912272211696 6.024224190584674
      vertex 2 -5.224719815029034 5.5145899867301935
    endloop
  endfacet
  facet normal -1 0 0
    outer loop
      vertex 2 -35.325817298953716 2.4984027051777877
      vertex 2 -5.023936762594096 6.523994555585928
      vertex 2 -5.14912272211696 6.024224190584674
    endloop
  endfacet
  facet normal -1 0 0
    outer loop
      vertex 2 -35.59321105479651 2.944522235003892
      vertex 2 -4.850367545684255 7.009088019916721
      vertex 2 -5.023936762594096 6.523994555585928
    endloop
  endfacet
  facet normal -1 0 0
    outer loop
      vertex 2 -35.90304459717749 3.3622844060673214
      vertex 2 -4.630086637828864 7.474832868336488
      vertex 2 -4.850367545684255 7.009088019916721
    endloop
  endfacet
  facet normal -1 0 0
    outer loop
      vertex 2 -36.252334059711295 3.7476659402887025
      vertex 2 -4.3652154645883625 7.916743723352911
      vertex 2 -4.630086637828864 7.474832868336488
    endloop
  endfacet
  facet normal -1 0 0
    outer loop
      vertex 2 -4.0583048801543695 8.330564741859138
      vertex 2 -4.3652154645883625 7.916743723352911
      vertex 2 -36.637715593932676 4.096955402822506
    endloop
  endfacet
  facet normal -1 0 0
    outer loop
      vertex 2 -37.055477764996105 4.40678894520349
      vertex 2 -3.7123106012293747 8.712310601229374
      vertex 2 -4.0583048801543695 8.330564741859138
    endloop
  endfacet
  facet normal -1 0 0
    outer loop
      vertex 2 -3.7123106012293747 8.712310601229374
      vertex 2 -37.50159729482221 4.674182701046282
      vertex 2 -3.330564741859139 9.05830488015437
    endloop
  endfacet
  facet normal -1 0 0
    outer loop
      vertex 2 -3.330564741859139 9.05830488015437
      vertex 2 -37.97177780846502 4.8965615223098204
      vertex 2 -2.916743723352911 9.365215464588363
    endloop
  endfacet
  facet normal -1 0 0
    outer loop
      vertex 2 -50 17.5
      vertex 2 -2.4748328683364877 9.630086637828864
      vertex 2 -2.916743723352911 9.365215464588363
    endloop
  endfacet
  facet normal -1 0 0
    outer loop
      vertex 2 -50 17.5
      vertex 2 -2.0090880199167214 9.850367545684255
      vertex 2 -2.4748328683364877 9.630086637828864
    endloop
  endfacet
  facet normal -1 0 0
    outer loop
      vertex 2 -50 17.5
      vertex 2 -1.5239945555859273 10.023936762594097
      vertex 2 -2.0090880199167214 9.850367545684255
    endloop
  endfacet
  facet normal -1 0 0
    outer loop
      vertex 2 -50 17.5
      vertex 2 -1.0242241905846734 10.14912272211696
      vertex 2 -1.5239945555859273 10.023936762594097
    endloop
  endfacet
  facet normal -1 0 0
    outer loop
      vertex 2 -50 17.5
      vertex 2 -0.5145899867301932 10.224719815029033
      vertex 2 -1.0242241905846734 10.14912272211696
    endloop
  endfacet
  facet normal -1 0 0
    outer loop
      vertex 2 -50 17.5
      vertex 2 0 10.25
      vertex 2 -0.5145899867301932 10.224719815029033
    endloop
  endfacet
  facet normal -1 0 0
    outer loop
      vertex 2 -50 17.5
      vertex 2 0.5145899867301932 10.224719815029033
      vertex 2 0 10.25
    endloop
  endfacet
  facet normal -1 0 0
    outer loop
      vertex -2 50 -40
      vertex -2 5.25 -40
      vertex -2 5.25 -35
    endloop
  endfacet
  facet normal 0 -1 0
    outer loop
      vertex 2 5.25 -35
      vertex -2 5.25 -35
      vertex -2 5.25 -40
    endloop
  endfacet
  facet normal 0 0 1
    outer loop
      vertex -2 50 -35
      vertex -2 5.25 -35
      vertex 2 5.25 -35
    endloop
  endfacet
  facet normal -1 0 0
    outer loop
      vertex -2 50 -40
      vertex -2 5.25 -35
      vertex -2 50 -35
    endloop
  endfacet
  facet normal 0 -1 0
    outer loop
      vertex 2 5.25 -35
      vertex -2 5.25 -40
      vertex 7 5.25 -40
    endloop
  endfacet
  facet normal -1 0 0
    outer loop
      vertex 2 50 -35
      vertex 2 5.25 -35
      vertex 2 5.25 5
    endloop
  endfacet
  facet normal 0 0 1
    outer loop
      vertex -2 50 -35
      vertex 2 5.25 -35
      vertex 2 50 -35
    endloop
  endfacet
  facet normal 0 0 -1
    outer loop
      vertex -2 50 -40
      vertex 7 50 -40
      vertex -2 5.25 -40
    endloop
  endfacet
  facet normal 0 1 0
    outer loop
      vertex -2 50 -40
      vertex -2 50 -35
      vertex 7 50 -40
    endloop
  endfacet
  facet normal 0 1 0
    outer loop
      vertex -2 50 -35
      vertex 2 50 -35
      vertex 7 50 -40
    endloop
  endfacet
  facet normal -1 0 0
    outer loop
      vertex 2 50 -35
      vertex 2 37.50159729482221 -4.674182701046282
      vertex 2 37.97177780846502 -4.8965615223098204
    endloop
  endfacet
  facet normal -1 0 0
    outer loop
      vertex 2 50 -35
      vertex 2 37.97177780846502 -4.8965615223098204
      vertex 2 38.46149121055135 -5.0717837793807075
    endloop
  endfacet
  facet normal -1 0 0
    outer loop
      vertex 2 50 -35
      vertex 2 38.46149121055135 -5.0717837793807075
      vertex 2 38.96602129331452 -5.198161986137122
    endloop
  endfacet
  facet normal -1 0 0
    outer loop
      vertex 2 50 -35
      vertex 2 38.96602129331452 -5.198161986137122
      vertex 2 39.480509156253326 -5.274479051362644
    endloop
  endfacet
  facet normal -1 0 0
    outer loop
      vertex 2 50 -35
      vertex 2 39.480509156253326 -5.274479051362644
      vertex 2 40 -5.300000000000001
    endloop
  endfacet
  facet normal -1 0 0
    outer loop
      vertex 2 50 -35
      vertex 2 40 -5.300000000000001
      vertex 2 40.519490843746674 -5.274479051362644
    endloop
  endfacet
  facet normal -1 0 0
    outer loop
      vertex 2 50 -35
      vertex 2 36.637715593932676 -4.096955402822506
      vertex 2 37.055477764996105 -4.40678894520349
    endloop
  endfacet
  facet normal -1 0 0
    outer loop
      vertex 2 50 -35
      vertex 2 36.252334059711295 -3.7476659402887025
      vertex 2 36.637715593932676 -4.096955402822506
    endloop
  endfacet
  facet normal -1 0 0
    outer loop
      vertex 2 50 -35
      vertex 2 35.90304459717749 -3.3622844060673214
      vertex 2 36.252334059711295 -3.7476659402887025
    endloop
  endfacet
  facet normal -1 0 0
    outer loop
      vertex 2 50 -35
      vertex 2 37.055477764996105 -4.40678894520349
      vertex 2 37.50159729482221 -4.674182701046282
    endloop
  endfacet
  facet normal -1 0 0
    outer loop
      vertex 2 50 -35
      vertex 2 40.519490843746674 -5.274479051362644
      vertex 2 41.03397870668548 -5.198161986137122
    endloop
  endfacet
  facet normal -1 0 0
    outer loop
      vertex 2 50 -35
      vertex 2 41.03397870668548 -5.198161986137122
      vertex 2 41.53850878944865 -5.0717837793807075
    endloop
  endfacet
  facet normal -1 0 0
    outer loop
      vertex 2 50 -35
      vertex 2 41.53850878944865 -5.0717837793807075
      vertex 2 42.02822219153498 -4.8965615223098204
    endloop
  endfacet
  facet normal -1 0 0
    outer loop
      vertex 2 50 -35
      vertex 2 42.02822219153498 -4.8965615223098204
      vertex 2 42.49840270517779 -4.674182701046282
    endloop
  endfacet
  facet normal -1 0 0
    outer loop
      vertex 2 50 -35
      vertex 2 42.49840270517779 -4.674182701046282
      vertex 2 42.944522235003895 -4.40678894520349
    endloop
  endfacet
  facet normal -1 0 0
    outer loop
      vertex 2 50 -35
      vertex 2 42.944522235003895 -4.40678894520349
      vertex 2 43.362284406067324 -4.096955402822506
    endloop
  endfacet
  facet normal -1 0 0
    outer loop
      vertex 2 50 -35
      vertex 2 43.362284406067324 -4.096955402822506
      vertex 2 43.747665940288705 -3.7476659402887025
    endloop
  endfacet
  facet normal -1 0 0
    outer loop
      vertex 2 50 -35
      vertex 2 43.747665940288705 -3.7476659402887025
      vertex 2 44.09695540282251 -3.3622844060673214
    endloop
  endfacet
  facet normal -1 0 0
    outer loop
      vertex 2 50 -35
      vertex 2 44.09695540282251 -3.3622844060673214
      vertex 2 44.40678894520349 -2.944522235003892
    endloop
  endfacet
  facet normal -1 0 0
    outer loop
      vertex 2 50 -35
      vertex 2 44.40678894520349 -2.944522235003892
      vertex 2 44.674182701046284 -2.4984027051777877
    endloop
  endfacet
  facet normal -1 0 0
    outer loop
      vertex 2 50 -35
      vertex 2 44.674182701046284 -2.4984027051777877
      vertex 2 44.896561522309824 -2.0282221915349763
    endloop
  endfacet
  facet normal -1 0 0
    outer loop
      vertex 2 50 -35
      vertex 2 44.896561522309824 -2.0282221915349763
      vertex 2 45.07178377938071 -1.5385087894486507
    endloop
  endfacet
  facet normal -1 0 0
    outer loop
      vertex 2 5.25 5
      vertex 2 34.80183801386288 -1.0339787066854798
      vertex 2 34.92821622061929 -1.5385087894486507
    endloop
  endfacet
  facet normal -1 0 0
    outer loop
      vertex 2 5.25 5
      vertex 2 34.72552094863735 -0.5194908437466713
      vertex 2 34.80183801386288 -1.0339787066854798
    endloop
  endfacet
  facet normal -1 0 0
    outer loop
      vertex 2 5.25 5
      vertex 2 34.7 0
      vertex 2 34.72552094863735 -0.5194908437466713
    endloop
  endfacet
  facet normal -1 0 0
    outer loop
      vertex 2 5.25 5
      vertex 2 34.72552094863735 0.5194908437466713
      vertex 2 34.7 0
    endloop
  endfacet
  facet normal -1 0 0
    outer loop
      vertex 2 5.25 5
      vertex 2 34.80183801386288 1.0339787066854798
      vertex 2 34.72552094863735 0.5194908437466713
    endloop
  endfacet
  facet normal -1 0 0
    outer loop
      vertex 2 5.25 5
      vertex 2 34.92821622061929 1.5385087894486507
      vertex 2 34.80183801386288 1.0339787066854798
    endloop
  endfacet
  facet normal -1 0 0
    outer loop
      vertex 2 -50 17.5
      vertex 2 50 17.5
      vertex 2 0.5145899867301932 10.224719815029033
    endloop
  endfacet
  facet normal -1 0 0
    outer loop
      vertex 2 50 17.5
      vertex 2 5.25 5
      vertex 2 5.224719815029034 5.5145899867301935
    endloop
  endfacet
  facet normal -1 0 0
    outer loop
      vertex 2 50 17.5
      vertex 2 5.224719815029034 5.5145899867301935
      vertex 2 5.14912272211696 6.024224190584674
    endloop
  endfacet
  facet normal -1 0 0
    outer loop
      vertex 2 50 17.5
      vertex 2 5.14912272211696 6.024224190584674
      vertex 2 5.023936762594096 6.523994555585928
    endloop
  endfacet
  facet normal -1 0 0
    outer loop
      vertex 2 50 17.5
      vertex 2 3.330564741859139 9.05830488015437
      vertex 2 2.916743723352911 9.365215464588363
    endloop
  endfacet
  facet normal -1 0 0
    outer loop
      vertex 2 50 17.5
      vertex 2 1.0242241905846734 10.14912272211696
      vertex 2 0.5145899867301932 10.224719815029033
    endloop
  endfacet
  facet normal -1 0 0
    outer loop
      vertex 2 50 17.5
      vertex 2 1.5239945555859273 10.023936762594097
      vertex 2 1.0242241905846734 10.14912272211696
    endloop
  endfacet
  facet normal -1 0 0
    outer loop
      vertex 2 50 17.5
      vertex 2 2.0090880199167214 9.850367545684255
      vertex 2 1.5239945555859273 10.023936762594097
    endloop
  endfacet
  facet normal -1 0 0
    outer loop
      vertex 2 50 17.5
      vertex 2 2.4748328683364877 9.630086637828864
      vertex 2 2.0090880199167214 9.850367545684255
    endloop
  endfacet
  facet normal -1 0 0
    outer loop
      vertex 2 50 17.5
      vertex 2 2.916743723352911 9.365215464588363
      vertex 2 2.4748328683364877 9.630086637828864
    endloop
  endfacet
  facet normal -1 0 0
    outer loop
      vertex 2 50 17.5
      vertex 2 4.850367545684255 7.009088019916721
      vertex 2 4.630086637828864 7.474832868336488
    endloop
  endfacet
  facet normal -1 0 0
    outer loop
      vertex 2 50 17.5
      vertex 2 5.023936762594096 6.523994555585928
      vertex 2 4.850367545684255 7.009088019916721
    endloop
  endfacet
  facet normal -1 0 0
    outer loop
      vertex 2 50 17.5
      vertex 2 4.630086637828864 7.474832868336488
      vertex 2 4.3652154645883625 7.916743723352911
    endloop
  endfacet
  facet normal -1 0 0
    outer loop
      vertex 2 50 17.5
      vertex 2 4.3652154645883625 7.916743723352911
      vertex 2 4.0583048801543695 8.330564741859138
    endloop
  endfacet
  facet normal -1 0 0
    outer loop
      vertex 2 50 17.5
      vertex 2 4.0583048801543695 8.330564741859138
      vertex 2 3.7123106012293747 8.712310601229374
    endloop
  endfacet
  facet normal -1 0 0
    outer loop
      vertex 2 50 17.5
      vertex 2 3.7123106012293747 8.712310601229374
      vertex 2 3.330564741859139 9.05830488015437
    endloop
  endfacet
  facet normal -1 0 0
    outer loop
      vertex 2 50 -35
      vertex 2 5.25 5
      vertex 2 35.90304459717749 -3.3622844060673214
    endloop
  endfacet
  facet normal -1 0 0
    outer loop
      vertex 2 5.25 5
      vertex 2 35.325817298953716 -2.4984027051777877
      vertex 2 35.59321105479651 -2.944522235003892
    endloop
  endfacet
  facet normal -1 0 0
    outer loop
      vertex 2 5.25 5
      vertex 2 35.59321105479651 -2.944522235003892
      vertex 2 35.90304459717749 -3.3622844060673214
    endloop
  endfacet
  facet normal -1 0 0
    outer loop
      vertex 2 35.103438477690176 -2.0282221915349763
      vertex 2 35.325817298953716 -2.4984027051777877
      vertex 2 5.25 5
    endloop
  endfacet
  facet normal -1 0 0
    outer loop
      vertex 2 34.92821622061929 -1.5385087894486507
      vertex 2 35.103438477690176 -2.0282221915349763
      vertex 2 5.25 5
    endloop
  endfacet
  facet normal -1 0 0
    outer loop
      vertex 2 5.25 5
      vertex 2 35.103438477690176 2.0282221915349763
      vertex 2 34.92821622061929 1.5385087894486507
    endloop
  endfacet
  facet normal -1 0 0
    outer loop
      vertex 2 50 -35
      vertex 2 45.07178377938071 -1.5385087894486507
      vertex 2 50 17.5
    endloop
  endfacet
  facet normal -1 0 0
    outer loop
      vertex 2 5.25 5
      vertex 2 35.325817298953716 2.4984027051777877
      vertex 2 35.103438477690176 2.0282221915349763
    endloop
  endfacet
  facet normal -1 0 0
    outer loop
      vertex 2 5.25 5
      vertex 2 35.59321105479651 2.944522235003892
      vertex 2 35.325817298953716 2.4984027051777877
    endloop
  endfacet
  facet normal -1 0 0
    outer loop
      vertex 2 5.25 5
      vertex 2 35.90304459717749 3.3622844060673214
      vertex 2 35.59321105479651 2.944522235003892
    endloop
  endfacet
  facet normal -1 0 0
    outer loop
      vertex 2 5.25 5
      vertex 2 36.252334059711295 3.7476659402887025
      vertex 2 35.90304459717749 3.3622844060673214
    endloop
  endfacet
  facet normal -1 0 0
    outer loop
      vertex 2 50 17.5
      vertex 2 36.252334059711295 3.7476659402887025
      vertex 2 5.25 5
    endloop
  endfacet
  facet normal -1 0 0
    outer loop
      vertex 2 50 17.5
      vertex 2 36.637715593932676 4.096955402822506
      vertex 2 36.252334059711295 3.7476659402887025
    endloop
  endfacet
  facet normal -1 0 0
    outer loop
      vertex 2 50 17.5
      vertex 2 37.055477764996105 4.40678894520349
      vertex 2 36.637715593932676 4.096955402822506
    endloop
  endfacet
  facet normal -1 0 0
    outer loop
      vertex 2 50 17.5
      vertex 2 37.50159729482221 4.674182701046282
      vertex 2 37.055477764996105 4.40678894520349
    endloop
  endfacet
  facet normal -1 0 0
    outer loop
      vertex 2 50 17.5
      vertex 2 37.97177780846502 4.8965615223098204
      vertex 2 37.50159729482221 4.674182701046282
    endloop
  endfacet
  facet normal -1 0 0
    outer loop
      vertex 2 50 17.5
      vertex 2 38.46149121055135 5.0717837793807075
      vertex 2 37.97177780846502 4.8965615223098204
    endloop
  endfacet
  facet normal -1 0 0
    outer loop
      vertex 2 50 17.5
      vertex 2 38.96602129331452 5.198161986137122
      vertex 2 38.46149121055135 5.0717837793807075
    endloop
  endfacet
  facet normal -1 0 0
    outer loop
      vertex 2 50 17.5
      vertex 2 39.480509156253326 5.274479051362644
      vertex 2 38.96602129331452 5.198161986137122
    endloop
  endfacet
  facet normal -1 0 0
    outer loop
      vertex 2 50 17.5
      vertex 2 40 5.300000000000001
      vertex 2 39.480509156253326 5.274479051362644
    endloop
  endfacet
  facet normal -1 0 0
    outer loop
      vertex 2 50 17.5
      vertex 2 40.519490843746674 5.274479051362644
      vertex 2 40 5.300000000000001
    endloop
  endfacet
  facet normal -1 0 0
    outer loop
      vertex 2 50 17.5
      vertex 2 45.07178377938071 -1.5385087894486507
      vertex 2 45.19816198613712 -1.0339787066854798
    endloop
  endfacet
  facet normal -1 0 0
    outer loop
      vertex 2 50 17.5
      vertex 2 45.19816198613712 -1.0339787066854798
      vertex 2 45.27447905136265 -0.5194908437466713
    endloop
  endfacet
  facet normal -1 0 0
    outer loop
      vertex 2 50 17.5
      vertex 2 45.27447905136265 -0.5194908437466713
      vertex 2 45.3 0
    endloop
  endfacet
  facet normal -1 0 0
    outer loop
      vertex 2 50 17.5
      vertex 2 45.3 0
      vertex 2 45.27447905136265 0.5194908437466713
    endloop
  endfacet
  facet normal -1 0 0
    outer loop
      vertex 2 50 17.5
      vertex 2 45.27447905136265 0.5194908437466713
      vertex 2 45.19816198613712 1.0339787066854798
    endloop
  endfacet
  facet normal -1 0 0
    outer loop
      vertex 2 50 17.5
      vertex 2 45.19816198613712 1.0339787066854798
      vertex 2 45.07178377938071 1.5385087894486507
    endloop
  endfacet
  facet normal -1 0 0
    outer loop
      vertex 2 50 17.5
      vertex 2 45.07178377938071 1.5385087894486507
      vertex 2 44.896561522309824 2.0282221915349763
    endloop
  endfacet
  facet normal -1 0 0
    outer loop
      vertex 2 50 17.5
      vertex 2 44.896561522309824 2.0282221915349763
      vertex 2 44.674182701046284 2.4984027051777877
    endloop
  endfacet
  facet normal -1 0 0
    outer loop
      vertex 2 50 17.5
      vertex 2 44.09695540282251 3.3622844060673214
      vertex 2 43.747665940288705 3.7476659402887025
    endloop
  endfacet
  facet normal -1 0 0
    outer loop
      vertex 2 50 17.5
      vertex 2 43.747665940288705 3.7476659402887025
      vertex 2 43.362284406067324 4.096955402822506
    endloop
  endfacet
  facet normal -1 0 0
    outer loop
      vertex 2 50 17.5
      vertex 2 44.674182701046284 2.4984027051777877
      vertex 2 44.40678894520349 2.944522235003892
    endloop
  endfacet
  facet normal -1 0 0
    outer loop
      vertex 2 50 17.5
      vertex 2 44.40678894520349 2.944522235003892
      vertex 2 44.09695540282251 3.3622844060673214
    endloop
  endfacet
  facet normal -1 0 0
    outer loop
      vertex 2 50 17.5
      vertex 2 41.03397870668548 5.198161986137122
      vertex 2 40.519490843746674 5.274479051362644
    endloop
  endfacet
  facet normal -1 0 0
    outer loop
      vertex 2 50 17.5
      vertex 2 42.02822219153498 4.8965615223098204
      vertex 2 41.53850878944865 5.0717837793807075
    endloop
  endfacet
  facet normal -1 0 0
    outer loop
      vertex 2 50 17.5
      vertex 2 41.53850878944865 5.0717837793807075
      vertex 2 41.03397870668548 5.198161986137122
    endloop
  endfacet
  facet normal -1 0 0
    outer loop
      vertex 2 50 17.5
      vertex 2 42.944522235003895 4.40678894520349
      vertex 2 42.49840270517779 4.674182701046282
    endloop
  endfacet
  facet normal -1 0 0
    outer loop
      vertex 2 50 17.5
      vertex 2 42.49840270517779 4.674182701046282
      vertex 2 42.02822219153498 4.8965615223098204
    endloop
  endfacet
  facet normal -1 0 0
    outer loop
      vertex 2 50 17.5
      vertex 2 43.362284406067324 4.096955402822506
      vertex 2 42.944522235003895 4.40678894520349
    endloop
  endfacet
  facet normal 0 -1 0
    outer loop
      vertex -2 -50 -40
      vertex 7 -50 -40
      vertex 7 -50 -35
    endloop
  endfacet
  facet normal 0 0 -1
    outer loop
      vertex -2 -50 -40
      vertex 7 -5.25 -40
      vertex 7 -50 -40
    endloop
  endfacet
  facet normal 0 -1 0
    outer loop
      vertex 2 -50 -35
      vertex 7 -50 -35
      vertex 2 -50 17.5
    endloop
  endfacet
  facet normal 1 0 0
    outer loop
      vertex 7 -50 -40
      vertex 7 -5.25 -35
      vertex 7 -50 -35
    endloop
  endfacet
  facet normal 1 0 0
    outer loop
      vertex 7 -50 -35
      vertex 7 -42.02822219153498 -4.8965615223098204
      vertex 7 -42.49840270517779 -4.674182701046282
    endloop
  endfacet
  facet normal 1 0 0
    outer loop
      vertex 7 -50 -35
      vertex 7 -41.03397870668548 -5.198161986137122
      vertex 7 -41.53850878944865 -5.0717837793807075
    endloop
  endfacet
  facet normal 1 0 0
    outer loop
      vertex 7 -50 -35
      vertex 7 -41.53850878944865 -5.0717837793807075
      vertex 7 -42.02822219153498 -4.8965615223098204
    endloop
  endfacet
  facet normal 1 0 0
    outer loop
      vertex 7 -50 -35
      vertex 7 -40.519490843746674 -5.274479051362644
      vertex 7 -41.03397870668548 -5.198161986137122
    endloop
  endfacet
  facet normal 1 0 0
    outer loop
      vertex 7 -50 -35
      vertex 7 -42.944522235003895 -4.40678894520349
      vertex 7 -43.362284406067324 -4.096955402822506
    endloop
  endfacet
  facet normal 1 0 0
    outer loop
      vertex 7 -50 -35
      vertex 7 -43.362284406067324 -4.096955402822506
      vertex 7 -43.747665940288705 -3.7476659402887025
    endloop
  endfacet
  facet normal 1 0 0
    outer loop
      vertex 7 -50 -35
      vertex 7 -43.747665940288705 -3.7476659402887025
      vertex 7 -44.09695540282251 -3.3622844060673214
    endloop
  endfacet
  facet normal 1 0 0
    outer loop
      vertex 7 -50 -35
      vertex 7 -44.09695540282251 -3.3622844060673214
      vertex 7 -44.40678894520349 -2.944522235003892
    endloop
  endfacet
  facet normal 1 0 0
    outer loop
      vertex 7 -50 -35
      vertex 7 -44.674182701046284 -2.4984027051777877
      vertex 7 -44.896561522309824 -2.0282221915349763
    endloop
  endfacet
  facet normal 1 0 0
    outer loop
      vertex 7 -50 -35
      vertex 7 -44.40678894520349 -2.944522235003892
      vertex 7 -44.674182701046284 -2.4984027051777877
    endloop
  endfacet
  facet normal 1 0 0
    outer loop
      vertex 7 -50 -35
      vertex 7 -42.49840270517779 -4.674182701046282
      vertex 7 -42.944522235003895 -4.40678894520349
    endloop
  endfacet
  facet normal 1 0 0
    outer loop
      vertex 7 -50 -35
      vertex 7 -44.896561522309824 -2.0282221915349763
      vertex 7 -45.07178377938071 -1.5385087894486507
    endloop
  endfacet
  facet normal 1 0 0
    outer loop
      vertex 7 -50 -35
      vertex 7 -40 -5.300000000000001
      vertex 7 -40.519490843746674 -5.274479051362644
    endloop
  endfacet
  facet normal 1 0 0
    outer loop
      vertex 7 -50 -35
      vertex 7 -39.480509156253326 -5.274479051362644
      vertex 7 -40 -5.300000000000001
    endloop
  endfacet
  facet normal 1 0 0
    outer loop
      vertex 7 -50 -35
      vertex 7 -38.96602129331452 -5.198161986137122
      vertex 7 -39.480509156253326 -5.274479051362644
    endloop
  endfacet
  facet normal 1 0 0
    outer loop
      vertex 7 -50 -35
      vertex 7 -38.46149121055135 -5.0717837793807075
      vertex 7 -38.96602129331452 -5.198161986137122
    endloop
  endfacet
  facet normal 1 0 0
    outer loop
      vertex 7 -50 -35
      vertex 7 -37.97177780846502 -4.8965615223098204
      vertex 7 -38.46149121055135 -5.0717837793807075
    endloop
  endfacet
  facet normal 1 0 0
    outer loop
      vertex 7 -50 -35
      vertex 7 -37.50159729482221 -4.674182701046282
      vertex 7 -37.97177780846502 -4.8965615223098204
    endloop
  endfacet
  facet normal 1 0 0
    outer loop
      vertex 7 -50 -35
      vertex 7 -37.055477764996105 -4.40678894520349
      vertex 7 -37.50159729482221 -4.674182701046282
    endloop
  endfacet
  facet normal 1 0 0
    outer loop
      vertex 7 -50 -35
      vertex 7 -36.637715593932676 -4.096955402822506
      vertex 7 -37.055477764996105 -4.40678894520349
    endloop
  endfacet
  facet normal 1 0 0
    outer loop
      vertex 7 -50 -35
      vertex 7 -5.25 5
      vertex 7 -36.637715593932676 -4.096955402822506
    endloop
  endfacet
  facet normal 0 1 0
    outer loop
      vertex 2 -5.25 -35
      vertex 7 -5.25 -35
      vertex 7 -5.25 -40
    endloop
  endfacet
  facet normal 1 0 0
    outer loop
      vertex 7 -50 -40
      vertex 7 -5.25 -40
      vertex 7 -5.25 -35
    endloop
  endfacet
  facet normal 0 1 0
    outer loop
      vertex 2 -5.25 -35
      vertex 7 -5.25 5
      vertex 7 -5.25 -35
    endloop
  endfacet
  facet normal 1 0 0
    outer loop
      vertex 7 -50 -35
      vertex 7 -5.25 -35
      vertex 7 -5.25 5
    endloop
  endfacet
  facet normal 0 0.595699304492433 0.8032075314806452
    outer loop
      vertex 2 -42.944522235003895 -4.40678894520349
      vertex 2 -43.362284406067324 -4.096955402822506
      vertex 7 -43.362284406067324 -4.096955402822506
    endloop
  endfacet
  facet normal 0 0.4275550934302838 0.9039892931234426
    outer loop
      vertex 2 -42.02822219153498 -4.8965615223098204
      vertex 2 -42.49840270517779 -4.674182701046282
      vertex 7 -42.49840270517779 -4.674182701046282
    endloop
  endfacet
  facet normal 0 0.5141027441932206 0.8577286100002728
    outer loop
      vertex 2 -42.49840270517779 -4.674182701046282
      vertex 2 -42.944522235003895 -4.40678894520349
      vertex 7 -42.944522235003895 -4.40678894520349
    endloop
  endfacet
  facet normal 0 0.24298017990326545 0.9700312531945435
    outer loop
      vertex 2 -41.03397870668548 -5.198161986137122
      vertex 2 -41.53850878944865 -5.0717837793807075
      vertex 7 -41.53850878944865 -5.0717837793807075
    endloop
  endfacet
  facet normal 0 0.14673047445536241 0.989176509964781
    outer loop
      vertex 2 -40.519490843746674 -5.274479051362644
      vertex 2 -41.03397870668548 -5.198161986137122
      vertex 7 -41.03397870668548 -5.198161986137122
    endloop
  endfacet
  facet normal 0 0.33688985339221655 0.941544065183022
    outer loop
      vertex 2 -41.53850878944865 -5.0717837793807075
      vertex 2 -42.02822219153498 -4.8965615223098204
      vertex 7 -42.02822219153498 -4.8965615223098204
    endloop
  endfacet
  facet normal 0 0.04906767432741765 0.9987954562051724
    outer loop
      vertex 2 -40 -5.300000000000001
      vertex 2 -40.519490843746674 -5.274479051362644
      vertex 7 -40.519490843746674 -5.274479051362644
    endloop
  endfacet
  facet normal 0 -0.04906767432741765 0.9987954562051724
    outer loop
      vertex 2 -39.480509156253326 -5.274479051362644
      vertex 2 -40 -5.300000000000001
      vertex 7 -40 -5.300000000000001
    endloop
  endfacet
  facet normal 0 -0.14673047445536241 0.989176509964781
    outer loop
      vertex 2 -38.96602129331452 -5.198161986137122
      vertex 2 -39.480509156253326 -5.274479051362644
      vertex 7 -39.480509156253326 -5.274479051362644
    endloop
  endfacet
  facet normal 0 -0.24298017990326545 0.9700312531945435
    outer loop
      vertex 2 -38.46149121055135 -5.0717837793807075
      vertex 2 -38.96602129331452 -5.198161986137122
      vertex 7 -38.96602129331452 -5.198161986137122
    endloop
  endfacet
  facet normal 0 -0.33688985339221655 0.941544065183022
    outer loop
      vertex 2 -37.97177780846502 -4.8965615223098204
      vertex 2 -38.46149121055135 -5.0717837793807075
      vertex 7 -38.46149121055135 -5.0717837793807075
    endloop
  endfacet
  facet normal 0 -0.4275550934302838 0.9039892931234426
    outer loop
      vertex 2 -37.50159729482221 -4.674182701046282
      vertex 2 -37.97177780846502 -4.8965615223098204
      vertex 7 -37.97177780846502 -4.8965615223098204
    endloop
  endfacet
  facet normal 0 0.7409511253549594 0.6715589548470179
    outer loop
      vertex 2 -44.09695540282251 -3.3622844060673214
      vertex 7 -44.09695540282251 -3.3622844060673214
      vertex 2 -43.747665940288705 -3.7476659402887025
    endloop
  endfacet
  facet normal 0 0.8577286100002682 0.5141027441932283
    outer loop
      vertex 2 -44.674182701046284 -2.4984027051777877
      vertex 7 -44.674182701046284 -2.4984027051777877
      vertex 2 -44.40678894520349 -2.944522235003892
    endloop
  endfacet
  facet normal 0 0.8032075314806497 0.5956993044924267
    outer loop
      vertex 2 -44.40678894520349 -2.944522235003892
      vertex 7 -44.40678894520349 -2.944522235003892
      vertex 2 -44.09695540282251 -3.3622844060673214
    endloop
  endfacet
  facet normal 0 0.903989293123442 0.42755509343028497
    outer loop
      vertex 2 -44.896561522309824 -2.0282221915349763
      vertex 7 -44.896561522309824 -2.0282221915349763
      vertex 2 -44.674182701046284 -2.4984027051777877
    endloop
  endfacet
  facet normal 0 0.9415440651830221 0.3368898533922165
    outer loop
      vertex 2 -45.07178377938071 -1.5385087894486507
      vertex 7 -45.07178377938071 -1.5385087894486507
      vertex 2 -44.896561522309824 -2.0282221915349763
    endloop
  endfacet
  facet normal 0 0.9700312531945444 0.24298017990326246
    outer loop
      vertex 2 -45.19816198613712 -1.0339787066854798
      vertex 7 -45.19816198613712 -1.0339787066854798
      vertex 2 -45.07178377938071 -1.5385087894486507
    endloop
  endfacet
  facet normal 0 0.9891765099647805 0.14673047445536547
    outer loop
      vertex 2 -45.27447905136265 -0.5194908437466713
      vertex 7 -45.27447905136265 -0.5194908437466713
      vertex 2 -45.19816198613712 -1.0339787066854798
    endloop
  endfacet
  facet normal 0 0.998795456205173 0.04906767432740594
    outer loop
      vertex 2 -45.3 0
      vertex 7 -45.3 0
      vertex 2 -45.27447905136265 -0.5194908437466713
    endloop
  endfacet
  facet normal 0 0.998795456205173 -0.04906767432740594
    outer loop
      vertex 2 -45.27447905136265 0.5194908437466713
      vertex 7 -45.27447905136265 0.5194908437466713
      vertex 2 -45.3 0
    endloop
  endfacet
  facet normal 0 0.9891765099647805 -0.14673047445536547
    outer loop
      vertex 2 -45.19816198613712 1.0339787066854798
      vertex 7 -45.19816198613712 1.0339787066854798
      vertex 2 -45.27447905136265 0.5194908437466713
    endloop
  endfacet
  facet normal 0 0.9700312531945444 -0.24298017990326246
    outer loop
      vertex 2 -45.07178377938071 1.5385087894486507
      vertex 7 -45.07178377938071 1.5385087894486507
      vertex 2 -45.19816198613712 1.0339787066854798
    endloop
  endfacet
  facet normal 0 0.9415440651830221 -0.3368898533922165
    outer loop
      vertex 2 -44.896561522309824 2.0282221915349763
      vertex 7 -44.896561522309824 2.0282221915349763
      vertex 2 -45.07178377938071 1.5385087894486507
    endloop
  endfacet
  facet normal 0 0.903989293123442 -0.42755509343028497
    outer loop
      vertex 2 -44.674182701046284 2.4984027051777877
      vertex 7 -44.674182701046284 2.4984027051777877
      vertex 2 -44.896561522309824 2.0282221915349763
    endloop
  endfacet
  facet normal 0 0.8577286100002682 -0.5141027441932283
    outer loop
      vertex 2 -44.40678894520349 2.944522235003892
      vertex 7 -44.40678894520349 2.944522235003892
      vertex 2 -44.674182701046284 2.4984027051777877
    endloop
  endfacet
  facet normal 0 0.6715589548470183 0.7409511253549591
    outer loop
      vertex 2 -43.747665940288705 -3.7476659402887025
      vertex 7 -43.747665940288705 -3.7476659402887025
      vertex 2 -43.362284406067324 -4.096955402822506
    endloop
  endfacet
  facet normal 0 -0.5141027441932206 0.8577286100002728
    outer loop
      vertex 2 -37.055477764996105 -4.40678894520349
      vertex 2 -37.50159729482221 -4.674182701046282
      vertex 7 -37.50159729482221 -4.674182701046282
    endloop
  endfacet
  facet normal 0 -0.595699304492433 0.8032075314806452
    outer loop
      vertex 2 -36.637715593932676 -4.096955402822506
      vertex 2 -37.055477764996105 -4.40678894520349
      vertex 7 -37.055477764996105 -4.40678894520349
    endloop
  endfacet
  facet normal 0 -0.6715589548470183 0.7409511253549591
    outer loop
      vertex 2 -36.252334059711295 -3.7476659402887025
      vertex 2 -36.637715593932676 -4.096955402822506
      vertex 7 -36.637715593932676 -4.096955402822506
    endloop
  endfacet
  facet normal 0 -0.7409511253549594 0.6715589548470179
    outer loop
      vertex 2 -35.90304459717749 -3.3622844060673214
      vertex 2 -36.252334059711295 -3.7476659402887025
      vertex 7 -36.252334059711295 -3.7476659402887025
    endloop
  endfacet
  facet normal 0 -0.8032075314806497 0.5956993044924267
    outer loop
      vertex 2 -35.90304459717749 -3.3622844060673214
      vertex 7 -35.90304459717749 -3.3622844060673214
      vertex 2 -35.59321105479651 -2.944522235003892
    endloop
  endfacet
  facet normal 0 -0.8577286100002682 0.5141027441932283
    outer loop
      vertex 2 -35.59321105479651 -2.944522235003892
      vertex 7 -35.59321105479651 -2.944522235003892
      vertex 2 -35.325817298953716 -2.4984027051777877
    endloop
  endfacet
  facet normal 0 -0.903989293123442 0.42755509343028497
    outer loop
      vertex 2 -35.325817298953716 -2.4984027051777877
      vertex 7 -35.325817298953716 -2.4984027051777877
      vertex 2 -35.103438477690176 -2.0282221915349763
    endloop
  endfacet
  facet normal 0 -0.9415440651830221 0.3368898533922165
    outer loop
      vertex 2 -35.103438477690176 -2.0282221915349763
      vertex 7 -35.103438477690176 -2.0282221915349763
      vertex 2 -34.92821622061929 -1.5385087894486507
    endloop
  endfacet
  facet normal 0 -0.9700312531945444 0.24298017990326246
    outer loop
      vertex 2 -34.92821622061929 -1.5385087894486507
      vertex 7 -34.92821622061929 -1.5385087894486507
      vertex 2 -34.80183801386288 -1.0339787066854798
    endloop
  endfacet
  facet normal 0 -0.9891765099647805 0.14673047445536547
    outer loop
      vertex 2 -34.80183801386288 -1.0339787066854798
      vertex 7 -34.80183801386288 -1.0339787066854798
      vertex 2 -34.72552094863735 -0.5194908437466713
    endloop
  endfacet
  facet normal 0 -0.998795456205173 0.04906767432740594
    outer loop
      vertex 2 -34.72552094863735 -0.5194908437466713
      vertex 7 -34.72552094863735 -0.5194908437466713
      vertex 2 -34.7 0
    endloop
  endfacet
  facet normal 0 -0.998795456205173 -0.04906767432740594
    outer loop
      vertex 2 -34.7 0
      vertex 7 -34.7 0
      vertex 2 -34.72552094863735 0.5194908437466713
    endloop
  endfacet
  facet normal 0 -0.9891765099647805 -0.14673047445536547
    outer loop
      vertex 2 -34.72552094863735 0.5194908437466713
      vertex 7 -34.72552094863735 0.5194908437466713
      vertex 2 -34.80183801386288 1.0339787066854798
    endloop
  endfacet
  facet normal 0 -0.9700312531945444 -0.24298017990326246
    outer loop
      vertex 2 -34.80183801386288 1.0339787066854798
      vertex 7 -34.80183801386288 1.0339787066854798
      vertex 2 -34.92821622061929 1.5385087894486507
    endloop
  endfacet
  facet normal 0 -0.903989293123442 -0.42755509343028497
    outer loop
      vertex 2 -35.103438477690176 2.0282221915349763
      vertex 7 -35.103438477690176 2.0282221915349763
      vertex 2 -35.325817298953716 2.4984027051777877
    endloop
  endfacet
  facet normal 0 -0.9415440651830221 -0.3368898533922165
    outer loop
      vertex 2 -34.92821622061929 1.5385087894486507
      vertex 7 -34.92821622061929 1.5385087894486507
      vertex 2 -35.103438477690176 2.0282221915349763
    endloop
  endfacet
  facet normal 0 -0.8577286100002682 -0.5141027441932283
    outer loop
      vertex 2 -35.325817298953716 2.4984027051777877
      vertex 7 -35.325817298953716 2.4984027051777877
      vertex 2 -35.59321105479651 2.944522235003892
    endloop
  endfacet
  facet normal 0 -0.8032075314806497 -0.5956993044924267
    outer loop
      vertex 2 -35.59321105479651 2.944522235003892
      vertex 7 -35.59321105479651 2.944522235003892
      vertex 2 -35.90304459717749 3.3622844060673214
    endloop
  endfacet
  facet normal 0 0.8032075314806497 -0.5956993044924267
    outer loop
      vertex 2 -44.09695540282251 3.3622844060673214
      vertex 7 -44.09695540282251 3.3622844060673214
      vertex 2 -44.40678894520349 2.944522235003892
    endloop
  endfacet
  facet normal 0 0.7409511253549594 -0.6715589548470179
    outer loop
      vertex 2 -43.747665940288705 3.7476659402887025
      vertex 7 -43.747665940288705 3.7476659402887025
      vertex 2 -44.09695540282251 3.3622844060673214
    endloop
  endfacet
  facet normal 0 0.6715589548470183 -0.7409511253549591
    outer loop
      vertex 2 -43.747665940288705 3.7476659402887025
      vertex 2 -43.362284406067324 4.096955402822506
      vertex 7 -43.362284406067324 4.096955402822506
    endloop
  endfacet
  facet normal 0 0.595699304492433 -0.8032075314806452
    outer loop
      vertex 2 -43.362284406067324 4.096955402822506
      vertex 2 -42.944522235003895 4.40678894520349
      vertex 7 -42.944522235003895 4.40678894520349
    endloop
  endfacet
  facet normal 0 0.5141027441932206 -0.8577286100002728
    outer loop
      vertex 2 -42.944522235003895 4.40678894520349
      vertex 2 -42.49840270517779 4.674182701046282
      vertex 7 -42.49840270517779 4.674182701046282
    endloop
  endfacet
  facet normal 0 0.4275550934302838 -0.9039892931234426
    outer loop
      vertex 2 -42.49840270517779 4.674182701046282
      vertex 2 -42.02822219153498 4.8965615223098204
      vertex 7 -42.02822219153498 4.8965615223098204
    endloop
  endfacet
  facet normal 0 0.33688985339221655 -0.941544065183022
    outer loop
      vertex 2 -42.02822219153498 4.8965615223098204
      vertex 2 -41.53850878944865 5.0717837793807075
      vertex 7 -41.53850878944865 5.0717837793807075
    endloop
  endfacet
  facet normal 0 0.24298017990326545 -0.9700312531945435
    outer loop
      vertex 2 -41.53850878944865 5.0717837793807075
      vertex 2 -41.03397870668548 5.198161986137122
      vertex 7 -41.03397870668548 5.198161986137122
    endloop
  endfacet
  facet normal 0 0.14673047445536241 -0.989176509964781
    outer loop
      vertex 2 -41.03397870668548 5.198161986137122
      vertex 2 -40.519490843746674 5.274479051362644
      vertex 7 -40.519490843746674 5.274479051362644
    endloop
  endfacet
  facet normal 0 -0.4275550934302838 -0.9039892931234426
    outer loop
      vertex 2 -37.97177780846502 4.8965615223098204
      vertex 2 -37.50159729482221 4.674182701046282
      vertex 7 -37.50159729482221 4.674182701046282
    endloop
  endfacet
  facet normal 0 0.04906767432741765 -0.9987954562051724
    outer loop
      vertex 2 -40.519490843746674 5.274479051362644
      vertex 2 -40 5.300000000000001
      vertex 7 -40 5.300000000000001
    endloop
  endfacet
  facet normal 0 -0.04906767432741765 -0.9987954562051724
    outer loop
      vertex 2 -40 5.300000000000001
      vertex 2 -39.480509156253326 5.274479051362644
      vertex 7 -39.480509156253326 5.274479051362644
    endloop
  endfacet
  facet normal 0 -0.14673047445536241 -0.989176509964781
    outer loop
      vertex 2 -39.480509156253326 5.274479051362644
      vertex 2 -38.96602129331452 5.198161986137122
      vertex 7 -38.96602129331452 5.198161986137122
    endloop
  endfacet
  facet normal 0 -0.24298017990326545 -0.9700312531945435
    outer loop
      vertex 2 -38.96602129331452 5.198161986137122
      vertex 2 -38.46149121055135 5.0717837793807075
      vertex 7 -38.46149121055135 5.0717837793807075
    endloop
  endfacet
  facet normal 0 -0.33688985339221655 -0.941544065183022
    outer loop
      vertex 2 -38.46149121055135 5.0717837793807075
      vertex 2 -37.97177780846502 4.8965615223098204
      vertex 7 -37.97177780846502 4.8965615223098204
    endloop
  endfacet
  facet normal 0 -0.7409511253549594 -0.6715589548470179
    outer loop
      vertex 2 -35.90304459717749 3.3622844060673214
      vertex 7 -35.90304459717749 3.3622844060673214
      vertex 2 -36.252334059711295 3.7476659402887025
    endloop
  endfacet
  facet normal 0 -0.6715589548470183 -0.7409511253549591
    outer loop
      vertex 2 -36.637715593932676 4.096955402822506
      vertex 2 -36.252334059711295 3.7476659402887025
      vertex 7 -36.252334059711295 3.7476659402887025
    endloop
  endfacet
  facet normal 0 -0.595699304492433 -0.8032075314806452
    outer loop
      vertex 2 -37.055477764996105 4.40678894520349
      vertex 2 -36.637715593932676 4.096955402822506
      vertex 7 -36.637715593932676 4.096955402822506
    endloop
  endfacet
  facet normal 0 -0.5141027441932206 -0.8577286100002728
    outer loop
      vertex 2 -37.50159729482221 4.674182701046282
      vertex 2 -37.055477764996105 4.40678894520349
      vertex 7 -37.055477764996105 4.40678894520349
    endloop
  endfacet
  facet normal 0 1 0
    outer loop
      vertex 2 -5.25 -35
      vertex 2 -5.25 5
      vertex 7 -5.25 5
    endloop
  endfacet
  facet normal 0 0 1
    outer loop
      vertex 2 -50 17.5
      vertex 7 -50 17.5
      vertex 2 50 17.5
    endloop
  endfacet
  facet normal 0 0.9987954562051724 -0.049067674327417446
    outer loop
      vertex 2 -5.224719815029034 5.5145899867301935
      vertex 7 -5.224719815029034 5.5145899867301935
      vertex 2 -5.25 5
    endloop
  endfacet
  facet normal 0 0.9891765099647809 -0.14673047445536166
    outer loop
      vertex 2 -5.14912272211696 6.024224190584674
      vertex 7 -5.14912272211696 6.024224190584674
      vertex 2 -5.224719815029034 5.5145899867301935
    endloop
  endfacet
  facet normal 0 0.9700312531945438 -0.24298017990326506
    outer loop
      vertex 2 -5.023936762594096 6.523994555585928
      vertex 7 -5.023936762594096 6.523994555585928
      vertex 2 -5.14912272211696 6.024224190584674
    endloop
  endfacet
  facet normal 0 0.9415440651830208 -0.33688985339222
    outer loop
      vertex 2 -4.850367545684255 7.009088019916721
      vertex 7 -4.850367545684255 7.009088019916721
      vertex 2 -5.023936762594096 6.523994555585928
    endloop
  endfacet
  facet normal 0 0.9039892931234436 -0.42755509343028136
    outer loop
      vertex 2 -4.630086637828864 7.474832868336488
      vertex 7 -4.630086637828864 7.474832868336488
      vertex 2 -4.850367545684255 7.009088019916721
    endloop
  endfacet
  facet normal 0 0.8577286100002717 -0.5141027441932225
    outer loop
      vertex 2 -4.3652154645883625 7.916743723352911
      vertex 7 -4.3652154645883625 7.916743723352911
      vertex 2 -4.630086637828864 7.474832868336488
    endloop
  endfacet
  facet normal 0 0.8032075314806454 -0.5956993044924328
    outer loop
      vertex 2 -4.0583048801543695 8.330564741859138
      vertex 7 -4.0583048801543695 8.330564741859138
      vertex 2 -4.3652154645883625 7.916743723352911
    endloop
  endfacet
  facet normal 0 0.7409511253549591 -0.6715589548470184
    outer loop
      vertex 2 -3.7123106012293747 8.712310601229374
      vertex 7 -3.7123106012293747 8.712310601229374
      vertex 2 -4.0583048801543695 8.330564741859138
    endloop
  endfacet
  facet normal 0 0.6715589548470199 -0.7409511253549578
    outer loop
      vertex 2 -3.7123106012293747 8.712310601229374
      vertex 2 -3.330564741859139 9.05830488015437
      vertex 7 -3.330564741859139 9.05830488015437
    endloop
  endfacet
  facet normal 0 0.5956993044924324 -0.8032075314806457
    outer loop
      vertex 2 -3.330564741859139 9.05830488015437
      vertex 2 -2.916743723352911 9.365215464588363
      vertex 7 -2.916743723352911 9.365215464588363
    endloop
  endfacet
  facet normal 0 0.5141027441932208 -0.8577286100002726
    outer loop
      vertex 2 -2.916743723352911 9.365215464588363
      vertex 2 -2.4748328683364877 9.630086637828864
      vertex 7 -2.4748328683364877 9.630086637828864
    endloop
  endfacet
  facet normal 0 0.42755509343028203 -0.9039892931234432
    outer loop
      vertex 2 -2.4748328683364877 9.630086637828864
      vertex 2 -2.0090880199167214 9.850367545684255
      vertex 7 -2.0090880199167214 9.850367545684255
    endloop
  endfacet
  facet normal 0 0.33688985339222105 -0.9415440651830205
    outer loop
      vertex 2 -2.0090880199167214 9.850367545684255
      vertex 2 -1.5239945555859273 10.023936762594097
      vertex 7 -1.5239945555859273 10.023936762594097
    endloop
  endfacet
  facet normal 0 0.24298017990326343 -0.9700312531945441
    outer loop
      vertex 2 -1.5239945555859273 10.023936762594097
      vertex 2 -1.0242241905846734 10.14912272211696
      vertex 7 -1.0242241905846734 10.14912272211696
    endloop
  endfacet
  facet normal 0 0.14673047445535994 -0.9891765099647812
    outer loop
      vertex 2 -1.0242241905846734 10.14912272211696
      vertex 2 -0.5145899867301932 10.224719815029033
      vertex 7 -0.5145899867301932 10.224719815029033
    endloop
  endfacet
  facet normal 0 0.049067674327419195 -0.9987954562051723
    outer loop
      vertex 2 -0.5145899867301932 10.224719815029033
      vertex 2 0 10.25
      vertex 7 0 10.25
    endloop
  endfacet
  facet normal 0 0.595699304492433 0.8032075314806452
    outer loop
      vertex 2 -42.944522235003895 -4.40678894520349
      vertex 7 -43.362284406067324 -4.096955402822506
      vertex 7 -42.944522235003895 -4.40678894520349
    endloop
  endfacet
  facet normal 0 0.5141027441932206 0.8577286100002728
    outer loop
      vertex 2 -42.49840270517779 -4.674182701046282
      vertex 7 -42.944522235003895 -4.40678894520349
      vertex 7 -42.49840270517779 -4.674182701046282
    endloop
  endfacet
  facet normal 0 0.33688985339221655 0.941544065183022
    outer loop
      vertex 2 -41.53850878944865 -5.0717837793807075
      vertex 7 -42.02822219153498 -4.8965615223098204
      vertex 7 -41.53850878944865 -5.0717837793807075
    endloop
  endfacet
  facet normal 0 0.24298017990326545 0.9700312531945435
    outer loop
      vertex 2 -41.03397870668548 -5.198161986137122
      vertex 7 -41.53850878944865 -5.0717837793807075
      vertex 7 -41.03397870668548 -5.198161986137122
    endloop
  endfacet
  facet normal 0 0.14673047445536241 0.989176509964781
    outer loop
      vertex 2 -40.519490843746674 -5.274479051362644
      vertex 7 -41.03397870668548 -5.198161986137122
      vertex 7 -40.519490843746674 -5.274479051362644
    endloop
  endfacet
  facet normal 0 0.4275550934302838 0.9039892931234426
    outer loop
      vertex 2 -42.02822219153498 -4.8965615223098204
      vertex 7 -42.49840270517779 -4.674182701046282
      vertex 7 -42.02822219153498 -4.8965615223098204
    endloop
  endfacet
  facet normal 0 0.04906767432741765 0.9987954562051724
    outer loop
      vertex 2 -40 -5.300000000000001
      vertex 7 -40.519490843746674 -5.274479051362644
      vertex 7 -40 -5.300000000000001
    endloop
  endfacet
  facet normal 0 -0.04906767432741765 0.9987954562051724
    outer loop
      vertex 2 -39.480509156253326 -5.274479051362644
      vertex 7 -40 -5.300000000000001
      vertex 7 -39.480509156253326 -5.274479051362644
    endloop
  endfacet
  facet normal 0 -0.14673047445536241 0.989176509964781
    outer loop
      vertex 2 -38.96602129331452 -5.198161986137122
      vertex 7 -39.480509156253326 -5.274479051362644
      vertex 7 -38.96602129331452 -5.198161986137122
    endloop
  endfacet
  facet normal 0 -0.24298017990326545 0.9700312531945435
    outer loop
      vertex 2 -38.46149121055135 -5.0717837793807075
      vertex 7 -38.96602129331452 -5.198161986137122
      vertex 7 -38.46149121055135 -5.0717837793807075
    endloop
  endfacet
  facet normal 0 -0.33688985339221655 0.941544065183022
    outer loop
      vertex 2 -37.97177780846502 -4.8965615223098204
      vertex 7 -38.46149121055135 -5.0717837793807075
      vertex 7 -37.97177780846502 -4.8965615223098204
    endloop
  endfacet
  facet normal 0 -0.4275550934302838 0.9039892931234426
    outer loop
      vertex 2 -37.50159729482221 -4.674182701046282
      vertex 7 -37.97177780846502 -4.8965615223098204
      vertex 7 -37.50159729482221 -4.674182701046282
    endloop
  endfacet
  facet normal 0 0.7409511253549594 0.6715589548470179
    outer loop
      vertex 2 -43.747665940288705 -3.7476659402887025
      vertex 7 -44.09695540282251 -3.3622844060673214
      vertex 7 -43.747665940288705 -3.7476659402887025
    endloop
  endfacet
  facet normal 0 0.8032075314806497 0.5956993044924267
    outer loop
      vertex 2 -44.09695540282251 -3.3622844060673214
      vertex 7 -44.40678894520349 -2.944522235003892
      vertex 7 -44.09695540282251 -3.3622844060673214
    endloop
  endfacet
  facet normal 0 0.903989293123442 0.42755509343028497
    outer loop
      vertex 2 -44.674182701046284 -2.4984027051777877
      vertex 7 -44.896561522309824 -2.0282221915349763
      vertex 7 -44.674182701046284 -2.4984027051777877
    endloop
  endfacet
  facet normal 0 0.8577286100002682 0.5141027441932283
    outer loop
      vertex 2 -44.40678894520349 -2.944522235003892
      vertex 7 -44.674182701046284 -2.4984027051777877
      vertex 7 -44.40678894520349 -2.944522235003892
    endloop
  endfacet
  facet normal 0 0.9415440651830221 0.3368898533922165
    outer loop
      vertex 2 -44.896561522309824 -2.0282221915349763
      vertex 7 -45.07178377938071 -1.5385087894486507
      vertex 7 -44.896561522309824 -2.0282221915349763
    endloop
  endfacet
  facet normal 0 0.9700312531945444 0.24298017990326246
    outer loop
      vertex 2 -45.07178377938071 -1.5385087894486507
      vertex 7 -45.19816198613712 -1.0339787066854798
      vertex 7 -45.07178377938071 -1.5385087894486507
    endloop
  endfacet
  facet normal 0 0.9891765099647805 0.14673047445536547
    outer loop
      vertex 2 -45.19816198613712 -1.0339787066854798
      vertex 7 -45.27447905136265 -0.5194908437466713
      vertex 7 -45.19816198613712 -1.0339787066854798
    endloop
  endfacet
  facet normal 0 -1 0
    outer loop
      vertex 2 -50 17.5
      vertex 7 -50 -35
      vertex 7 -50 17.5
    endloop
  endfacet
  facet normal 0 0.998795456205173 0.04906767432740594
    outer loop
      vertex 2 -45.27447905136265 -0.5194908437466713
      vertex 7 -45.3 0
      vertex 7 -45.27447905136265 -0.5194908437466713
    endloop
  endfacet
  facet normal 0 0.998795456205173 -0.04906767432740594
    outer loop
      vertex 2 -45.3 0
      vertex 7 -45.27447905136265 0.5194908437466713
      vertex 7 -45.3 0
    endloop
  endfacet
  facet normal 0 0.9891765099647805 -0.14673047445536547
    outer loop
      vertex 2 -45.27447905136265 0.5194908437466713
      vertex 7 -45.19816198613712 1.0339787066854798
      vertex 7 -45.27447905136265 0.5194908437466713
    endloop
  endfacet
  facet normal 0 0.9700312531945444 -0.24298017990326246
    outer loop
      vertex 2 -45.19816198613712 1.0339787066854798
      vertex 7 -45.07178377938071 1.5385087894486507
      vertex 7 -45.19816198613712 1.0339787066854798
    endloop
  endfacet
  facet normal 0 0.9415440651830221 -0.3368898533922165
    outer loop
      vertex 2 -45.07178377938071 1.5385087894486507
      vertex 7 -44.896561522309824 2.0282221915349763
      vertex 7 -45.07178377938071 1.5385087894486507
    endloop
  endfacet
  facet normal 0 0.903989293123442 -0.42755509343028497
    outer loop
      vertex 2 -44.896561522309824 2.0282221915349763
      vertex 7 -44.674182701046284 2.4984027051777877
      vertex 7 -44.896561522309824 2.0282221915349763
    endloop
  endfacet
  facet normal 0 0.8577286100002682 -0.5141027441932283
    outer loop
      vertex 2 -44.674182701046284 2.4984027051777877
      vertex 7 -44.40678894520349 2.944522235003892
      vertex 7 -44.674182701046284 2.4984027051777877
    endloop
  endfacet
  facet normal 0 0.8032075314806497 -0.5956993044924267
    outer loop
      vertex 2 -44.40678894520349 2.944522235003892
      vertex 7 -44.09695540282251 3.3622844060673214
      vertex 7 -44.40678894520349 2.944522235003892
    endloop
  endfacet
  facet normal 0 0.6715589548470183 0.7409511253549591
    outer loop
      vertex 2 -43.362284406067324 -4.096955402822506
      vertex 7 -43.747665940288705 -3.7476659402887025
      vertex 7 -43.362284406067324 -4.096955402822506
    endloop
  endfacet
  facet normal 0 -0.5141027441932206 0.8577286100002728
    outer loop
      vertex 2 -37.055477764996105 -4.40678894520349
      vertex 7 -37.50159729482221 -4.674182701046282
      vertex 7 -37.055477764996105 -4.40678894520349
    endloop
  endfacet
  facet normal 0 -0.595699304492433 0.8032075314806452
    outer loop
      vertex 2 -36.637715593932676 -4.096955402822506
      vertex 7 -37.055477764996105 -4.40678894520349
      vertex 7 -36.637715593932676 -4.096955402822506
    endloop
  endfacet
  facet normal 0 -0.6715589548470183 0.7409511253549591
    outer loop
      vertex 2 -36.252334059711295 -3.7476659402887025
      vertex 7 -36.637715593932676 -4.096955402822506
      vertex 7 -36.252334059711295 -3.7476659402887025
    endloop
  endfacet
  facet normal 0 -0.7409511253549594 0.6715589548470179
    outer loop
      vertex 2 -35.90304459717749 -3.3622844060673214
      vertex 7 -36.252334059711295 -3.7476659402887025
      vertex 7 -35.90304459717749 -3.3622844060673214
    endloop
  endfacet
  facet normal 0 -0.8032075314806497 0.5956993044924267
    outer loop
      vertex 2 -35.59321105479651 -2.944522235003892
      vertex 7 -35.90304459717749 -3.3622844060673214
      vertex 7 -35.59321105479651 -2.944522235003892
    endloop
  endfacet
  facet normal 0 -0.8577286100002682 0.5141027441932283
    outer loop
      vertex 2 -35.325817298953716 -2.4984027051777877
      vertex 7 -35.59321105479651 -2.944522235003892
      vertex 7 -35.325817298953716 -2.4984027051777877
    endloop
  endfacet
  facet normal 0 -0.903989293123442 0.42755509343028497
    outer loop
      vertex 2 -35.103438477690176 -2.0282221915349763
      vertex 7 -35.325817298953716 -2.4984027051777877
      vertex 7 -35.103438477690176 -2.0282221915349763
    endloop
  endfacet
  facet normal 0 -0.9415440651830221 0.3368898533922165
    outer loop
      vertex 2 -34.92821622061929 -1.5385087894486507
      vertex 7 -35.103438477690176 -2.0282221915349763
      vertex 7 -34.92821622061929 -1.5385087894486507
    endloop
  endfacet
  facet normal 0 -0.9700312531945444 0.24298017990326246
    outer loop
      vertex 2 -34.80183801386288 -1.0339787066854798
      vertex 7 -34.92821622061929 -1.5385087894486507
      vertex 7 -34.80183801386288 -1.0339787066854798
    endloop
  endfacet
  facet normal 0 -0.9891765099647805 0.14673047445536547
    outer loop
      vertex 2 -34.72552094863735 -0.5194908437466713
      vertex 7 -34.80183801386288 -1.0339787066854798
      vertex 7 -34.72552094863735 -0.5194908437466713
    endloop
  endfacet
  facet normal 0 -0.998795456205173 0.04906767432740594
    outer loop
      vertex 2 -34.7 0
      vertex 7 -34.72552094863735 -0.5194908437466713
      vertex 7 -34.7 0
    endloop
  endfacet
  facet normal 0 -0.998795456205173 -0.04906767432740594
    outer loop
      vertex 2 -34.72552094863735 0.5194908437466713
      vertex 7 -34.7 0
      vertex 7 -34.72552094863735 0.5194908437466713
    endloop
  endfacet
  facet normal 0 -0.9891765099647805 -0.14673047445536547
    outer loop
      vertex 2 -34.80183801386288 1.0339787066854798
      vertex 7 -34.72552094863735 0.5194908437466713
      vertex 7 -34.80183801386288 1.0339787066854798
    endloop
  endfacet
  facet normal 0 -0.9700312531945444 -0.24298017990326246
    outer loop
      vertex 2 -34.92821622061929 1.5385087894486507
      vertex 7 -34.80183801386288 1.0339787066854798
      vertex 7 -34.92821622061929 1.5385087894486507
    endloop
  endfacet
  facet normal 0 -0.9415440651830221 -0.3368898533922165
    outer loop
      vertex 2 -35.103438477690176 2.0282221915349763
      vertex 7 -34.92821622061929 1.5385087894486507
      vertex 7 -35.103438477690176 2.0282221915349763
    endloop
  endfacet
  facet normal 0 -0.903989293123442 -0.42755509343028497
    outer loop
      vertex 2 -35.325817298953716 2.4984027051777877
      vertex 7 -35.103438477690176 2.0282221915349763
      vertex 7 -35.325817298953716 2.4984027051777877
    endloop
  endfacet
  facet normal 0 -0.8577286100002682 -0.5141027441932283
    outer loop
      vertex 2 -35.59321105479651 2.944522235003892
      vertex 7 -35.325817298953716 2.4984027051777877
      vertex 7 -35.59321105479651 2.944522235003892
    endloop
  endfacet
  facet normal 1 0 0
    outer loop
      vertex 7 -50 -35
      vertex 7 -45.07178377938071 -1.5385087894486507
      vertex 7 -50 17.5
    endloop
  endfacet
  facet normal 1 0 0
    outer loop
      vertex 7 -36.637715593932676 -4.096955402822506
      vertex 7 -5.25 5
      vertex 7 -36.252334059711295 -3.7476659402887025
    endloop
  endfacet
  facet normal 1 0 0
    outer loop
      vertex 7 -35.90304459717749 -3.3622844060673214
      vertex 7 -36.252334059711295 -3.7476659402887025
      vertex 7 -5.25 5
    endloop
  endfacet
  facet normal 1 0 0
    outer loop
      vertex 7 -35.59321105479651 -2.944522235003892
      vertex 7 -35.90304459717749 -3.3622844060673214
      vertex 7 -5.25 5
    endloop
  endfacet
  facet normal 1 0 0
    outer loop
      vertex 7 -35.325817298953716 -2.4984027051777877
      vertex 7 -35.59321105479651 -2.944522235003892
      vertex 7 -5.25 5
    endloop
  endfacet
  facet normal 1 0 0
    outer loop
      vertex 7 -35.103438477690176 -2.0282221915349763
      vertex 7 -35.325817298953716 -2.4984027051777877
      vertex 7 -5.25 5
    endloop
  endfacet
  facet normal 1 0 0
    outer loop
      vertex 7 -34.92821622061929 -1.5385087894486507
      vertex 7 -35.103438477690176 -2.0282221915349763
      vertex 7 -5.25 5
    endloop
  endfacet
  facet normal 1 0 0
    outer loop
      vertex 7 -5.25 5
      vertex 7 -35.103438477690176 2.0282221915349763
      vertex 7 -34.92821622061929 1.5385087894486507
    endloop
  endfacet
  facet normal 0 0.7409511253549594 -0.6715589548470179
    outer loop
      vertex 2 -44.09695540282251 3.3622844060673214
      vertex 7 -43.747665940288705 3.7476659402887025
      vertex 7 -44.09695540282251 3.3622844060673214
    endloop
  endfacet
  facet normal 0 0.6715589548470183 -0.7409511253549591
    outer loop
      vertex 2 -43.747665940288705 3.7476659402887025
      vertex 7 -43.362284406067324 4.096955402822506
      vertex 7 -43.747665940288705 3.7476659402887025
    endloop
  endfacet
  facet normal 0 0.595699304492433 -0.8032075314806452
    outer loop
      vertex 2 -43.362284406067324 4.096955402822506
      vertex 7 -42.944522235003895 4.40678894520349
      vertex 7 -43.362284406067324 4.096955402822506
    endloop
  endfacet
  facet normal 0 0.5141027441932206 -0.8577286100002728
    outer loop
      vertex 2 -42.944522235003895 4.40678894520349
      vertex 7 -42.49840270517779 4.674182701046282
      vertex 7 -42.944522235003895 4.40678894520349
    endloop
  endfacet
  facet normal 0 0.4275550934302838 -0.9039892931234426
    outer loop
      vertex 2 -42.49840270517779 4.674182701046282
      vertex 7 -42.02822219153498 4.8965615223098204
      vertex 7 -42.49840270517779 4.674182701046282
    endloop
  endfacet
  facet normal 0 0.33688985339221655 -0.941544065183022
    outer loop
      vertex 2 -42.02822219153498 4.8965615223098204
      vertex 7 -41.53850878944865 5.0717837793807075
      vertex 7 -42.02822219153498 4.8965615223098204
    endloop
  endfacet
  facet normal 0 0.24298017990326545 -0.9700312531945435
    outer loop
      vertex 2 -41.53850878944865 5.0717837793807075
      vertex 7 -41.03397870668548 5.198161986137122
      vertex 7 -41.53850878944865 5.0717837793807075
    endloop
  endfacet
  facet normal 0 0.14673047445536241 -0.989176509964781
    outer loop
      vertex 2 -41.03397870668548 5.198161986137122
      vertex 7 -40.519490843746674 5.274479051362644
      vertex 7 -41.03397870668548 5.198161986137122
    endloop
  endfacet
  facet normal 0 -0.4275550934302838 -0.9039892931234426
    outer loop
      vertex 2 -37.97177780846502 4.8965615223098204
      vertex 7 -37.50159729482221 4.674182701046282
      vertex 7 -37.97177780846502 4.8965615223098204
    endloop
  endfacet
  facet normal 0 0.04906767432741765 -0.9987954562051724
    outer loop
      vertex 2 -40.519490843746674 5.274479051362644
      vertex 7 -40 5.300000000000001
      vertex 7 -40.519490843746674 5.274479051362644
    endloop
  endfacet
  facet normal 0 -0.04906767432741765 -0.9987954562051724
    outer loop
      vertex 2 -40 5.300000000000001
      vertex 7 -39.480509156253326 5.274479051362644
      vertex 7 -40 5.300000000000001
    endloop
  endfacet
  facet normal 0 -0.14673047445536241 -0.989176509964781
    outer loop
      vertex 2 -39.480509156253326 5.274479051362644
      vertex 7 -38.96602129331452 5.198161986137122
      vertex 7 -39.480509156253326 5.274479051362644
    endloop
  endfacet
  facet normal 0 -0.24298017990326545 -0.9700312531945435
    outer loop
      vertex 2 -38.96602129331452 5.198161986137122
      vertex 7 -38.46149121055135 5.0717837793807075
      vertex 7 -38.96602129331452 5.198161986137122
    endloop
  endfacet
  facet normal 0 -0.33688985339221655 -0.941544065183022
    outer loop
      vertex 2 -38.46149121055135 5.0717837793807075
      vertex 7 -37.97177780846502 4.8965615223098204
      vertex 7 -38.46149121055135 5.0717837793807075
    endloop
  endfacet
  facet normal 0 -0.6715589548470183 -0.7409511253549591
    outer loop
      vertex 2 -36.637715593932676 4.096955402822506
      vertex 7 -36.252334059711295 3.7476659402887025
      vertex 7 -36.637715593932676 4.096955402822506
    endloop
  endfacet
  facet normal 0 -0.7409511253549594 -0.6715589548470179
    outer loop
      vertex 2 -36.252334059711295 3.7476659402887025
      vertex 7 -35.90304459717749 3.3622844060673214
      vertex 7 -36.252334059711295 3.7476659402887025
    endloop
  endfacet
  facet normal 0 -0.595699304492433 -0.8032075314806452
    outer loop
      vertex 2 -37.055477764996105 4.40678894520349
      vertex 7 -36.637715593932676 4.096955402822506
      vertex 7 -37.055477764996105 4.40678894520349
    endloop
  endfacet
  facet normal 0 -0.5141027441932206 -0.8577286100002728
    outer loop
      vertex 2 -37.50159729482221 4.674182701046282
      vertex 7 -37.055477764996105 4.40678894520349
      vertex 7 -37.50159729482221 4.674182701046282
    endloop
  endfacet
  facet normal 0 -0.8032075314806497 -0.5956993044924267
    outer loop
      vertex 2 -35.90304459717749 3.3622844060673214
      vertex 7 -35.59321105479651 2.944522235003892
      vertex 7 -35.90304459717749 3.3622844060673214
    endloop
  endfacet
  facet normal 1 0 0
    outer loop
      vertex 7 -50 17.5
      vertex 7 -45.07178377938071 -1.5385087894486507
      vertex 7 -45.19816198613712 -1.0339787066854798
    endloop
  endfacet
  facet normal 1 0 0
    outer loop
      vertex 7 -50 17.5
      vertex 7 -45.19816198613712 -1.0339787066854798
      vertex 7 -45.27447905136265 -0.5194908437466713
    endloop
  endfacet
  facet normal 1 0 0
    outer loop
      vertex 7 -50 17.5
      vertex 7 -45.27447905136265 -0.5194908437466713
      vertex 7 -45.3 0
    endloop
  endfacet
  facet normal 1 0 0
    outer loop
      vertex 7 -50 17.5
      vertex 7 -45.3 0
      vertex 7 -45.27447905136265 0.5194908437466713
    endloop
  endfacet
  facet normal 1 0 0
    outer loop
      vertex 7 -50 17.5
      vertex 7 -45.27447905136265 0.5194908437466713
      vertex 7 -45.19816198613712 1.0339787066854798
    endloop
  endfacet
  facet normal 1 0 0
    outer loop
      vertex 7 -50 17.5
      vertex 7 -45.19816198613712 1.0339787066854798
      vertex 7 -45.07178377938071 1.5385087894486507
    endloop
  endfacet
  facet normal 1 0 0
    outer loop
      vertex 7 -50 17.5
      vertex 7 -45.07178377938071 1.5385087894486507
      vertex 7 -44.896561522309824 2.0282221915349763
    endloop
  endfacet
  facet normal 1 0 0
    outer loop
      vertex 7 -50 17.5
      vertex 7 -44.896561522309824 2.0282221915349763
      vertex 7 -44.674182701046284 2.4984027051777877
    endloop
  endfacet
  facet normal 1 0 0
    outer loop
      vertex 7 -50 17.5
      vertex 7 -44.674182701046284 2.4984027051777877
      vertex 7 -44.40678894520349 2.944522235003892
    endloop
  endfacet
  facet normal 1 0 0
    outer loop
      vertex 7 -50 17.5
      vertex 7 -44.40678894520349 2.944522235003892
      vertex 7 -44.09695540282251 3.3622844060673214
    endloop
  endfacet
  facet normal 1 0 0
    outer loop
      vertex 7 -50 17.5
      vertex 7 -44.09695540282251 3.3622844060673214
      vertex 7 -43.747665940288705 3.7476659402887025
    endloop
  endfacet
  facet normal 1 0 0
    outer loop
      vertex 7 -50 17.5
      vertex 7 -43.747665940288705 3.7476659402887025
      vertex 7 -43.362284406067324 4.096955402822506
    endloop
  endfacet
  facet normal 1 0 0
    outer loop
      vertex 7 -50 17.5
      vertex 7 -43.362284406067324 4.096955402822506
      vertex 7 -42.944522235003895 4.40678894520349
    endloop
  endfacet
  facet normal 1 0 0
    outer loop
      vertex 7 -50 17.5
      vertex 7 -42.944522235003895 4.40678894520349
      vertex 7 -42.49840270517779 4.674182701046282
    endloop
  endfacet
  facet normal 1 0 0
    outer loop
      vertex 7 -50 17.5
      vertex 7 -42.49840270517779 4.674182701046282
      vertex 7 -42.02822219153498 4.8965615223098204
    endloop
  endfacet
  facet normal 1 0 0
    outer loop
      vertex 7 -50 17.5
      vertex 7 -42.02822219153498 4.8965615223098204
      vertex 7 -41.53850878944865 5.0717837793807075
    endloop
  endfacet
  facet normal 1 0 0
    outer loop
      vertex 7 -50 17.5
      vertex 7 -41.53850878944865 5.0717837793807075
      vertex 7 -41.03397870668548 5.198161986137122
    endloop
  endfacet
  facet normal 1 0 0
    outer loop
      vertex 7 -50 17.5
      vertex 7 -41.03397870668548 5.198161986137122
      vertex 7 -40.519490843746674 5.274479051362644
    endloop
  endfacet
  facet normal 1 0 0
    outer loop
      vertex 7 -50 17.5
      vertex 7 -36.637715593932676 4.096955402822506
      vertex 7 -36.252334059711295 3.7476659402887025
    endloop
  endfacet
  facet normal 1 0 0
    outer loop
      vertex 7 -50 17.5
      vertex 7 -40.519490843746674 5.274479051362644
      vertex 7 -40 5.300000000000001
    endloop
  endfacet
  facet normal 1 0 0
    outer loop
      vertex 7 -50 17.5
      vertex 7 -40 5.300000000000001
      vertex 7 -39.480509156253326 5.274479051362644
    endloop
  endfacet
  facet normal 1 0 0
    outer loop
      vertex 7 -50 17.5
      vertex 7 -39.480509156253326 5.274479051362644
      vertex 7 -38.96602129331452 5.198161986137122
    endloop
  endfacet
  facet normal 1 0 0
    outer loop
      vertex 7 -50 17.5
      vertex 7 -38.96602129331452 5.198161986137122
      vertex 7 -38.46149121055135 5.0717837793807075
    endloop
  endfacet
  facet normal 1 0 0
    outer loop
      vertex 7 -50 17.5
      vertex 7 -37.50159729482221 4.674182701046282
      vertex 7 -37.055477764996105 4.40678894520349
    endloop
  endfacet
  facet normal 1 0 0
    outer loop
      vertex 7 -50 17.5
      vertex 7 -38.46149121055135 5.0717837793807075
      vertex 7 -37.97177780846502 4.8965615223098204
    endloop
  endfacet
  facet normal 1 0 0
    outer loop
      vertex 7 -50 17.5
      vertex 7 -37.97177780846502 4.8965615223098204
      vertex 7 -37.50159729482221 4.674182701046282
    endloop
  endfacet
  facet normal 1 0 0
    outer loop
      vertex 7 -50 17.5
      vertex 7 -37.055477764996105 4.40678894520349
      vertex 7 -36.637715593932676 4.096955402822506
    endloop
  endfacet
  facet normal 1 0 0
    outer loop
      vertex 7 -5.25 5
      vertex 7 -35.325817298953716 2.4984027051777877
      vertex 7 -35.103438477690176 2.0282221915349763
    endloop
  endfacet
  facet normal 1 0 0
    outer loop
      vertex 7 -5.25 5
      vertex 7 -35.59321105479651 2.944522235003892
      vertex 7 -35.325817298953716 2.4984027051777877
    endloop
  endfacet
  facet normal 1 0 0
    outer loop
      vertex 7 -5.25 5
      vertex 7 -35.90304459717749 3.3622844060673214
      vertex 7 -35.59321105479651 2.944522235003892
    endloop
  endfacet
  facet normal 1 0 0
    outer loop
      vertex 7 -5.25 5
      vertex 7 -36.252334059711295 3.7476659402887025
      vertex 7 -35.90304459717749 3.3622844060673214
    endloop
  endfacet
  facet normal 1 0 0
    outer loop
      vertex 7 -50 17.5
      vertex 7 -36.252334059711295 3.7476659402887025
      vertex 7 -5.25 5
    endloop
  endfacet
  facet normal 1 0 0
    outer loop
      vertex 7 -5.25 5
      vertex 7 -34.80183801386288 -1.0339787066854798
      vertex 7 -34.92821622061929 -1.5385087894486507
    endloop
  endfacet
  facet normal 1 0 0
    outer loop
      vertex 7 -5.25 5
      vertex 7 -34.72552094863735 -0.5194908437466713
      vertex 7 -34.80183801386288 -1.0339787066854798
    endloop
  endfacet
  facet normal 1 0 0
    outer loop
      vertex 7 -5.25 5
      vertex 7 -34.7 0
      vertex 7 -34.72552094863735 -0.5194908437466713
    endloop
  endfacet
  facet normal 1 0 0
    outer loop
      vertex 7 -5.25 5
      vertex 7 -34.72552094863735 0.5194908437466713
      vertex 7 -34.7 0
    endloop
  endfacet
  facet normal 1 0 0
    outer loop
      vertex 7 -5.25 5
      vertex 7 -34.80183801386288 1.0339787066854798
      vertex 7 -34.72552094863735 0.5194908437466713
    endloop
  endfacet
  facet normal 1 0 0
    outer loop
      vertex 7 -5.25 5
      vertex 7 -34.92821622061929 1.5385087894486507
      vertex 7 -34.80183801386288 1.0339787066854798
    endloop
  endfacet
  facet normal 0 0.9987954562051724 -0.049067674327417446
    outer loop
      vertex 2 -5.25 5
      vertex 7 -5.224719815029034 5.5145899867301935
      vertex 7 -5.25 5
    endloop
  endfacet
  facet normal 0 0.9891765099647809 -0.14673047445536166
    outer loop
      vertex 2 -5.224719815029034 5.5145899867301935
      vertex 7 -5.14912272211696 6.024224190584674
      vertex 7 -5.224719815029034 5.5145899867301935
    endloop
  endfacet
  facet normal 0 0.9700312531945438 -0.24298017990326506
    outer loop
      vertex 2 -5.14912272211696 6.024224190584674
      vertex 7 -5.023936762594096 6.523994555585928
      vertex 7 -5.14912272211696 6.024224190584674
    endloop
  endfacet
  facet normal 0 0.9415440651830208 -0.33688985339222
    outer loop
      vertex 2 -5.023936762594096 6.523994555585928
      vertex 7 -4.850367545684255 7.009088019916721
      vertex 7 -5.023936762594096 6.523994555585928
    endloop
  endfacet
  facet normal 0 0.9039892931234436 -0.42755509343028136
    outer loop
      vertex 2 -4.850367545684255 7.009088019916721
      vertex 7 -4.630086637828864 7.474832868336488
      vertex 7 -4.850367545684255 7.009088019916721
    endloop
  endfacet
  facet normal 0 0.8577286100002717 -0.5141027441932225
    outer loop
      vertex 2 -4.630086637828864 7.474832868336488
      vertex 7 -4.3652154645883625 7.916743723352911
      vertex 7 -4.630086637828864 7.474832868336488
    endloop
  endfacet
  facet normal 0 0.8032075314806454 -0.5956993044924328
    outer loop
      vertex 2 -4.3652154645883625 7.916743723352911
      vertex 7 -4.0583048801543695 8.330564741859138
      vertex 7 -4.3652154645883625 7.916743723352911
    endloop
  endfacet
  facet normal 0 0.7409511253549591 -0.6715589548470184
    outer loop
      vertex 2 -4.0583048801543695 8.330564741859138
      vertex 7 -3.7123106012293747 8.712310601229374
      vertex 7 -4.0583048801543695 8.330564741859138
    endloop
  endfacet
  facet normal 0 0.6715589548470199 -0.7409511253549578
    outer loop
      vertex 2 -3.7123106012293747 8.712310601229374
      vertex 7 -3.330564741859139 9.05830488015437
      vertex 7 -3.7123106012293747 8.712310601229374
    endloop
  endfacet
  facet normal 0 0.5956993044924324 -0.8032075314806457
    outer loop
      vertex 2 -3.330564741859139 9.05830488015437
      vertex 7 -2.916743723352911 9.365215464588363
      vertex 7 -3.330564741859139 9.05830488015437
    endloop
  endfacet
  facet normal 0 0.5141027441932208 -0.8577286100002726
    outer loop
      vertex 2 -2.916743723352911 9.365215464588363
      vertex 7 -2.4748328683364877 9.630086637828864
      vertex 7 -2.916743723352911 9.365215464588363
    endloop
  endfacet
  facet normal 0 0.42755509343028203 -0.9039892931234432
    outer loop
      vertex 2 -2.4748328683364877 9.630086637828864
      vertex 7 -2.0090880199167214 9.850367545684255
      vertex 7 -2.4748328683364877 9.630086637828864
    endloop
  endfacet
  facet normal 0 0.33688985339222105 -0.9415440651830205
    outer loop
      vertex 2 -2.0090880199167214 9.850367545684255
      vertex 7 -1.5239945555859273 10.023936762594097
      vertex 7 -2.0090880199167214 9.850367545684255
    endloop
  endfacet
  facet normal 0 0.24298017990326343 -0.9700312531945441
    outer loop
      vertex 2 -1.5239945555859273 10.023936762594097
      vertex 7 -1.0242241905846734 10.14912272211696
      vertex 7 -1.5239945555859273 10.023936762594097
    endloop
  endfacet
  facet normal 0 0.14673047445535994 -0.9891765099647812
    outer loop
      vertex 2 -1.0242241905846734 10.14912272211696
      vertex 7 -0.5145899867301932 10.224719815029033
      vertex 7 -1.0242241905846734 10.14912272211696
    endloop
  endfacet
  facet normal 0 0.049067674327419195 -0.9987954562051723
    outer loop
      vertex 2 -0.5145899867301932 10.224719815029033
      vertex 7 0 10.25
      vertex 7 -0.5145899867301932 10.224719815029033
    endloop
  endfacet
  facet normal 1 0 0
    outer loop
      vertex 7 -50 17.5
      vertex 7 -5.25 5
      vertex 7 -5.224719815029034 5.5145899867301935
    endloop
  endfacet
  facet normal 1 0 0
    outer loop
      vertex 7 -50 17.5
      vertex 7 -5.224719815029034 5.5145899867301935
      vertex 7 -5.14912272211696 6.024224190584674
    endloop
  endfacet
  facet normal 1 0 0
    outer loop
      vertex 7 -50 17.5
      vertex 7 -5.14912272211696 6.024224190584674
      vertex 7 -5.023936762594096 6.523994555585928
    endloop
  endfacet
  facet normal 1 0 0
    outer loop
      vertex 7 -50 17.5
      vertex 7 -5.023936762594096 6.523994555585928
      vertex 7 -4.850367545684255 7.009088019916721
    endloop
  endfacet
  facet normal 1 0 0
    outer loop
      vertex 7 -50 17.5
      vertex 7 -4.850367545684255 7.009088019916721
      vertex 7 -4.630086637828864 7.474832868336488
    endloop
  endfacet
  facet normal 1 0 0
    outer loop
      vertex 7 -50 17.5
      vertex 7 -4.630086637828864 7.474832868336488
      vertex 7 -4.3652154645883625 7.916743723352911
    endloop
  endfacet
  facet normal 1 0 0
    outer loop
      vertex 7 -50 17.5
      vertex 7 -4.3652154645883625 7.916743723352911
      vertex 7 -4.0583048801543695 8.330564741859138
    endloop
  endfacet
  facet normal 1 0 0
    outer loop
      vertex 7 -50 17.5
      vertex 7 -4.0583048801543695 8.330564741859138
      vertex 7 -3.7123106012293747 8.712310601229374
    endloop
  endfacet
  facet normal 1 0 0
    outer loop
      vertex 7 -50 17.5
      vertex 7 -3.7123106012293747 8.712310601229374
      vertex 7 -3.330564741859139 9.05830488015437
    endloop
  endfacet
  facet normal 1 0 0
    outer loop
      vertex 7 -50 17.5
      vertex 7 -3.330564741859139 9.05830488015437
      vertex 7 -2.916743723352911 9.365215464588363
    endloop
  endfacet
  facet normal 1 0 0
    outer loop
      vertex 7 -50 17.5
      vertex 7 -2.916743723352911 9.365215464588363
      vertex 7 -2.4748328683364877 9.630086637828864
    endloop
  endfacet
  facet normal 1 0 0
    outer loop
      vertex 7 -50 17.5
      vertex 7 -2.4748328683364877 9.630086637828864
      vertex 7 -2.0090880199167214 9.850367545684255
    endloop
  endfacet
  facet normal 1 0 0
    outer loop
      vertex 7 -50 17.5
      vertex 7 -2.0090880199167214 9.850367545684255
      vertex 7 -1.5239945555859273 10.023936762594097
    endloop
  endfacet
  facet normal 1 0 0
    outer loop
      vertex 7 -50 17.5
      vertex 7 -1.5239945555859273 10.023936762594097
      vertex 7 -1.0242241905846734 10.14912272211696
    endloop
  endfacet
  facet normal 1 0 0
    outer loop
      vertex 7 -50 17.5
      vertex 7 -1.0242241905846734 10.14912272211696
      vertex 7 -0.5145899867301932 10.224719815029033
    endloop
  endfacet
  facet normal 1 0 0
    outer loop
      vertex 7 -50 17.5
      vertex 7 -0.5145899867301932 10.224719815029033
      vertex 7 0 10.25
    endloop
  endfacet
  facet normal 1 0 0
    outer loop
      vertex 7 -50 17.5
      vertex 7 0 10.25
      vertex 7 0.5145899867301932 10.224719815029033
    endloop
  endfacet
  facet normal 0 0 -1
    outer loop
      vertex 7 50 -40
      vertex 7 5.25 -40
      vertex -2 5.25 -40
    endloop
  endfacet
  facet normal 0 -1 0
    outer loop
      vertex 2 5.25 -35
      vertex 7 5.25 -35
      vertex 2 5.25 5
    endloop
  endfacet
  facet normal 0 -1 0
    outer loop
      vertex 2 5.25 -35
      vertex 7 5.25 -40
      vertex 7 5.25 -35
    endloop
  endfacet
  facet normal 1 0 0
    outer loop
      vertex 7 47.72727272727273 -35
      vertex 7 5.25 -35
      vertex 7 5.25 -40
    endloop
  endfacet
  facet normal 0 1 0
    outer loop
      vertex 2 50 -35
      vertex 7 50 -35.208333333333336
      vertex 7 50 -40
    endloop
  endfacet
  facet normal 0 1 0
    outer loop
      vertex 2 50 -35
      vertex 7 50 -35
      vertex 7 50 -35.208333333333336
    endloop
  endfacet
  facet normal 1 0 0
    outer loop
      vertex 7 47.72727272727273 -35
      vertex 7 5.25 -40
      vertex 7 50 -35.208333333333336
    endloop
  endfacet
  facet normal 1 0 0
    outer loop
      vertex 7 50 -40
      vertex 7 50 -35.208333333333336
      vertex 7 5.25 -40
    endloop
  endfacet
  facet normal 1 0 0
    outer loop
      vertex 7 47.72727272727273 -35
      vertex 7 50 -35.208333333333336
      vertex 7 50 -35
    endloop
  endfacet
  facet normal 0 1 0
    outer loop
      vertex 2 50 -35
      vertex 7 50 17.5
      vertex 7 50 -35
    endloop
  endfacet
  facet normal 1 0 0
    outer loop
      vertex 7 47.72727272727273 -35
      vertex 7 39.480509156253326 -5.274479051362644
      vertex 7 5.25 -35
    endloop
  endfacet
  facet normal 1 0 0
    outer loop
      vertex 7 5.25 -35
      vertex 7 37.97177780846502 -4.8965615223098204
      vertex 7 37.50159729482221 -4.674182701046282
    endloop
  endfacet
  facet normal 1 0 0
    outer loop
      vertex 7 5.25 -35
      vertex 7 38.46149121055135 -5.0717837793807075
      vertex 7 37.97177780846502 -4.8965615223098204
    endloop
  endfacet
  facet normal 1 0 0
    outer loop
      vertex 7 5.25 -35
      vertex 7 38.96602129331452 -5.198161986137122
      vertex 7 38.46149121055135 -5.0717837793807075
    endloop
  endfacet
  facet normal 1 0 0
    outer loop
      vertex 7 5.25 -35
      vertex 7 39.480509156253326 -5.274479051362644
      vertex 7 38.96602129331452 -5.198161986137122
    endloop
  endfacet
  facet normal 1 0 0
    outer loop
      vertex 7 5.25 -35
      vertex 7 37.055477764996105 -4.40678894520349
      vertex 7 36.637715593932676 -4.096955402822506
    endloop
  endfacet
  facet normal 1 0 0
    outer loop
      vertex 7 5.25 -35
      vertex 7 36.637715593932676 -4.096955402822506
      vertex 7 36.252334059711295 -3.7476659402887025
    endloop
  endfacet
  facet normal 1 0 0
    outer loop
      vertex 7 5.25 -35
      vertex 7 36.252334059711295 -3.7476659402887025
      vertex 7 35.90304459717749 -3.3622844060673214
    endloop
  endfacet
  facet normal 1 0 0
    outer loop
      vertex 7 5.25 -35
      vertex 7 35.90304459717749 -3.3622844060673214
      vertex 7 35.59321105479651 -2.944522235003892
    endloop
  endfacet
  facet normal 1 0 0
    outer loop
      vertex 7 5.25 -35
      vertex 7 35.59321105479651 -2.944522235003892
      vertex 7 35.325817298953716 -2.4984027051777877
    endloop
  endfacet
  facet normal 1 0 0
    outer loop
      vertex 7 5.25 -35
      vertex 7 35.325817298953716 -2.4984027051777877
      vertex 7 35.103438477690176 -2.0282221915349763
    endloop
  endfacet
  facet normal 1 0 0
    outer loop
      vertex 7 5.25 -35
      vertex 7 37.50159729482221 -4.674182701046282
      vertex 7 37.055477764996105 -4.40678894520349
    endloop
  endfacet
  facet normal 1 0 0
    outer loop
      vertex 7 35.103438477690176 -2.0282221915349763
      vertex 7 34.92821622061929 -1.5385087894486507
      vertex 7 5.25 -35
    endloop
  endfacet
  facet normal 1 0 0
    outer loop
      vertex 7 47.72727272727273 -35
      vertex 7 40 -5.300000000000001
      vertex 7 39.480509156253326 -5.274479051362644
    endloop
  endfacet
  facet normal 1 0 0
    outer loop
      vertex 7 47.72727272727273 -35
      vertex 7 40.519490843746674 -5.274479051362644
      vertex 7 40 -5.300000000000001
    endloop
  endfacet
  facet normal 1 0 0
    outer loop
      vertex 7 47.72727272727273 -35
      vertex 7 41.03397870668548 -5.198161986137122
      vertex 7 40.519490843746674 -5.274479051362644
    endloop
  endfacet
  facet normal 1 0 0
    outer loop
      vertex 7 47.72727272727273 -35
      vertex 7 41.53850878944865 -5.0717837793807075
      vertex 7 41.03397870668548 -5.198161986137122
    endloop
  endfacet
  facet normal 1 0 0
    outer loop
      vertex 7 47.72727272727273 -35
      vertex 7 42.02822219153498 -4.8965615223098204
      vertex 7 41.53850878944865 -5.0717837793807075
    endloop
  endfacet
  facet normal 1 0 0
    outer loop
      vertex 7 47.72727272727273 -35
      vertex 7 42.49840270517779 -4.674182701046282
      vertex 7 42.02822219153498 -4.8965615223098204
    endloop
  endfacet
  facet normal 1 0 0
    outer loop
      vertex 7 47.72727272727273 -35
      vertex 7 50 -35
      vertex 7 50 17.5
    endloop
  endfacet
  facet normal 1 0 0
    outer loop
      vertex 7 47.72727272727273 -35
      vertex 7 42.944522235003895 -4.40678894520349
      vertex 7 42.49840270517779 -4.674182701046282
    endloop
  endfacet
  facet normal 1 0 0
    outer loop
      vertex 7 47.72727272727273 -35
      vertex 7 43.362284406067324 -4.096955402822506
      vertex 7 42.944522235003895 -4.40678894520349
    endloop
  endfacet
  facet normal 1 0 0
    outer loop
      vertex 7 47.72727272727273 -35
      vertex 7 43.747665940288705 -3.7476659402887025
      vertex 7 43.362284406067324 -4.096955402822506
    endloop
  endfacet
  facet normal 1 0 0
    outer loop
      vertex 7 47.72727272727273 -35
      vertex 7 44.09695540282251 -3.3622844060673214
      vertex 7 43.747665940288705 -3.7476659402887025
    endloop
  endfacet
  facet normal 1 0 0
    outer loop
      vertex 7 47.72727272727273 -35
      vertex 7 44.40678894520349 -2.944522235003892
      vertex 7 44.09695540282251 -3.3622844060673214
    endloop
  endfacet
  facet normal 1 0 0
    outer loop
      vertex 7 47.72727272727273 -35
      vertex 7 44.674182701046284 -2.4984027051777877
      vertex 7 44.40678894520349 -2.944522235003892
    endloop
  endfacet
  facet normal 1 0 0
    outer loop
      vertex 7 47.72727272727273 -35
      vertex 7 44.896561522309824 -2.0282221915349763
      vertex 7 44.674182701046284 -2.4984027051777877
    endloop
  endfacet
  facet normal 1 0 0
    outer loop
      vertex 7 47.72727272727273 -35
      vertex 7 45.07178377938071 -1.5385087894486507
      vertex 7 44.896561522309824 -2.0282221915349763
    endloop
  endfacet
  facet normal 1 0 0
    outer loop
      vertex 7 47.72727272727273 -35
      vertex 7 45.19816198613712 -1.0339787066854798
      vertex 7 45.07178377938071 -1.5385087894486507
    endloop
  endfacet
  facet normal 1 0 0
    outer loop
      vertex 7 47.72727272727273 -35
      vertex 7 45.27447905136265 -0.5194908437466713
      vertex 7 45.19816198613712 -1.0339787066854798
    endloop
  endfacet
  facet normal 1 0 0
    outer loop
      vertex 7 47.72727272727273 -35
      vertex 7 45.3 0
      vertex 7 45.27447905136265 -0.5194908437466713
    endloop
  endfacet
  facet normal 0 -0.9987954562051724 -0.049067674327417446
    outer loop
      vertex 2 5.25 5
      vertex 7 5.25 5
      vertex 2 5.224719815029034 5.5145899867301935
    endloop
  endfacet
  facet normal 0 -0.9891765099647809 -0.14673047445536166
    outer loop
      vertex 2 5.224719815029034 5.5145899867301935
      vertex 7 5.224719815029034 5.5145899867301935
      vertex 2 5.14912272211696 6.024224190584674
    endloop
  endfacet
  facet normal 0 -0.9700312531945438 -0.24298017990326506
    outer loop
      vertex 2 5.14912272211696 6.024224190584674
      vertex 7 5.14912272211696 6.024224190584674
      vertex 2 5.023936762594096 6.523994555585928
    endloop
  endfacet
  facet normal 0 -0.9415440651830208 -0.33688985339222
    outer loop
      vertex 2 5.023936762594096 6.523994555585928
      vertex 7 5.023936762594096 6.523994555585928
      vertex 2 4.850367545684255 7.009088019916721
    endloop
  endfacet
  facet normal 0 -0.049067674327419195 -0.9987954562051723
    outer loop
      vertex 2 0 10.25
      vertex 2 0.5145899867301932 10.224719815029033
      vertex 7 0.5145899867301932 10.224719815029033
    endloop
  endfacet
  facet normal 0 -0.14673047445535994 -0.9891765099647812
    outer loop
      vertex 2 0.5145899867301932 10.224719815029033
      vertex 2 1.0242241905846734 10.14912272211696
      vertex 7 1.0242241905846734 10.14912272211696
    endloop
  endfacet
  facet normal 0 -0.24298017990326343 -0.9700312531945441
    outer loop
      vertex 2 1.0242241905846734 10.14912272211696
      vertex 2 1.5239945555859273 10.023936762594097
      vertex 7 1.5239945555859273 10.023936762594097
    endloop
  endfacet
  facet normal 0 -0.42755509343028203 -0.9039892931234432
    outer loop
      vertex 2 2.0090880199167214 9.850367545684255
      vertex 2 2.4748328683364877 9.630086637828864
      vertex 7 2.4748328683364877 9.630086637828864
    endloop
  endfacet
  facet normal 0 -0.33688985339222105 -0.9415440651830205
    outer loop
      vertex 2 1.5239945555859273 10.023936762594097
      vertex 2 2.0090880199167214 9.850367545684255
      vertex 7 2.0090880199167214 9.850367545684255
    endloop
  endfacet
  facet normal 0 -0.5141027441932208 -0.8577286100002726
    outer loop
      vertex 2 2.4748328683364877 9.630086637828864
      vertex 2 2.916743723352911 9.365215464588363
      vertex 7 2.916743723352911 9.365215464588363
    endloop
  endfacet
  facet normal 0 -0.8032075314806454 -0.5956993044924328
    outer loop
      vertex 2 4.3652154645883625 7.916743723352911
      vertex 7 4.3652154645883625 7.916743723352911
      vertex 2 4.0583048801543695 8.330564741859138
    endloop
  endfacet
  facet normal 0 -0.8577286100002717 -0.5141027441932225
    outer loop
      vertex 2 4.630086637828864 7.474832868336488
      vertex 7 4.630086637828864 7.474832868336488
      vertex 2 4.3652154645883625 7.916743723352911
    endloop
  endfacet
  facet normal 0 -0.7409511253549591 -0.6715589548470184
    outer loop
      vertex 2 4.0583048801543695 8.330564741859138
      vertex 7 4.0583048801543695 8.330564741859138
      vertex 2 3.7123106012293747 8.712310601229374
    endloop
  endfacet
  facet normal 0 -0.9039892931234436 -0.42755509343028136
    outer loop
      vertex 2 4.850367545684255 7.009088019916721
      vertex 7 4.850367545684255 7.009088019916721
      vertex 2 4.630086637828864 7.474832868336488
    endloop
  endfacet
  facet normal 0 -0.6715589548470199 -0.7409511253549578
    outer loop
      vertex 2 3.330564741859139 9.05830488015437
      vertex 2 3.7123106012293747 8.712310601229374
      vertex 7 3.7123106012293747 8.712310601229374
    endloop
  endfacet
  facet normal 0 -0.5956993044924324 -0.8032075314806457
    outer loop
      vertex 2 2.916743723352911 9.365215464588363
      vertex 2 3.330564741859139 9.05830488015437
      vertex 7 3.330564741859139 9.05830488015437
    endloop
  endfacet
  facet normal 0 0.595699304492433 0.8032075314806452
    outer loop
      vertex 2 37.055477764996105 -4.40678894520349
      vertex 2 36.637715593932676 -4.096955402822506
      vertex 7 36.637715593932676 -4.096955402822506
    endloop
  endfacet
  facet normal 0 0.5141027441932206 0.8577286100002728
    outer loop
      vertex 2 37.50159729482221 -4.674182701046282
      vertex 2 37.055477764996105 -4.40678894520349
      vertex 7 37.055477764996105 -4.40678894520349
    endloop
  endfacet
  facet normal 0 0.8032075314806497 0.5956993044924267
    outer loop
      vertex 2 35.59321105479651 -2.944522235003892
      vertex 7 35.59321105479651 -2.944522235003892
      vertex 2 35.90304459717749 -3.3622844060673214
    endloop
  endfacet
  facet normal 0 0.8577286100002682 0.5141027441932283
    outer loop
      vertex 2 35.325817298953716 -2.4984027051777877
      vertex 7 35.325817298953716 -2.4984027051777877
      vertex 2 35.59321105479651 -2.944522235003892
    endloop
  endfacet
  facet normal 0 0.6715589548470183 0.7409511253549591
    outer loop
      vertex 2 36.252334059711295 -3.7476659402887025
      vertex 7 36.252334059711295 -3.7476659402887025
      vertex 2 36.637715593932676 -4.096955402822506
    endloop
  endfacet
  facet normal 0 0.7409511253549594 0.6715589548470179
    outer loop
      vertex 2 35.90304459717749 -3.3622844060673214
      vertex 7 35.90304459717749 -3.3622844060673214
      vertex 2 36.252334059711295 -3.7476659402887025
    endloop
  endfacet
  facet normal 0 0.9415440651830221 0.3368898533922165
    outer loop
      vertex 2 34.92821622061929 -1.5385087894486507
      vertex 7 34.92821622061929 -1.5385087894486507
      vertex 2 35.103438477690176 -2.0282221915349763
    endloop
  endfacet
  facet normal 0 0.903989293123442 0.42755509343028497
    outer loop
      vertex 2 35.103438477690176 -2.0282221915349763
      vertex 7 35.103438477690176 -2.0282221915349763
      vertex 2 35.325817298953716 -2.4984027051777877
    endloop
  endfacet
  facet normal 0 0.9700312531945444 0.24298017990326246
    outer loop
      vertex 2 34.80183801386288 -1.0339787066854798
      vertex 7 34.80183801386288 -1.0339787066854798
      vertex 2 34.92821622061929 -1.5385087894486507
    endloop
  endfacet
  facet normal 0 0.9891765099647805 0.14673047445536547
    outer loop
      vertex 2 34.72552094863735 -0.5194908437466713
      vertex 7 34.72552094863735 -0.5194908437466713
      vertex 2 34.80183801386288 -1.0339787066854798
    endloop
  endfacet
  facet normal 0 0.998795456205173 0.04906767432740594
    outer loop
      vertex 2 34.7 0
      vertex 7 34.7 0
      vertex 2 34.72552094863735 -0.5194908437466713
    endloop
  endfacet
  facet normal 0 0.998795456205173 -0.04906767432740594
    outer loop
      vertex 2 34.72552094863735 0.5194908437466713
      vertex 7 34.72552094863735 0.5194908437466713
      vertex 2 34.7 0
    endloop
  endfacet
  facet normal 0 0.9891765099647805 -0.14673047445536547
    outer loop
      vertex 2 34.80183801386288 1.0339787066854798
      vertex 7 34.80183801386288 1.0339787066854798
      vertex 2 34.72552094863735 0.5194908437466713
    endloop
  endfacet
  facet normal 0 0.9700312531945444 -0.24298017990326246
    outer loop
      vertex 2 34.92821622061929 1.5385087894486507
      vertex 7 34.92821622061929 1.5385087894486507
      vertex 2 34.80183801386288 1.0339787066854798
    endloop
  endfacet
  facet normal 0 0.9415440651830221 -0.3368898533922165
    outer loop
      vertex 2 35.103438477690176 2.0282221915349763
      vertex 7 35.103438477690176 2.0282221915349763
      vertex 2 34.92821622061929 1.5385087894486507
    endloop
  endfacet
  facet normal 0 0.903989293123442 -0.42755509343028497
    outer loop
      vertex 2 35.325817298953716 2.4984027051777877
      vertex 7 35.325817298953716 2.4984027051777877
      vertex 2 35.103438477690176 2.0282221915349763
    endloop
  endfacet
  facet normal 0 0.8577286100002682 -0.5141027441932283
    outer loop
      vertex 2 35.59321105479651 2.944522235003892
      vertex 7 35.59321105479651 2.944522235003892
      vertex 2 35.325817298953716 2.4984027051777877
    endloop
  endfacet
  facet normal 0 0.24298017990326545 0.9700312531945435
    outer loop
      vertex 2 38.96602129331452 -5.198161986137122
      vertex 2 38.46149121055135 -5.0717837793807075
      vertex 7 38.46149121055135 -5.0717837793807075
    endloop
  endfacet
  facet normal 0 0.4275550934302838 0.9039892931234426
    outer loop
      vertex 2 37.97177780846502 -4.8965615223098204
      vertex 2 37.50159729482221 -4.674182701046282
      vertex 7 37.50159729482221 -4.674182701046282
    endloop
  endfacet
  facet normal 0 0.33688985339221655 0.941544065183022
    outer loop
      vertex 2 38.46149121055135 -5.0717837793807075
      vertex 2 37.97177780846502 -4.8965615223098204
      vertex 7 37.97177780846502 -4.8965615223098204
    endloop
  endfacet
  facet normal 0 0.14673047445536241 0.989176509964781
    outer loop
      vertex 2 39.480509156253326 -5.274479051362644
      vertex 2 38.96602129331452 -5.198161986137122
      vertex 7 38.96602129331452 -5.198161986137122
    endloop
  endfacet
  facet normal 0 0.04906767432741765 0.9987954562051724
    outer loop
      vertex 2 40 -5.300000000000001
      vertex 2 39.480509156253326 -5.274479051362644
      vertex 7 39.480509156253326 -5.274479051362644
    endloop
  endfacet
  facet normal 0 -0.04906767432741765 0.9987954562051724
    outer loop
      vertex 2 40.519490843746674 -5.274479051362644
      vertex 2 40 -5.300000000000001
      vertex 7 40 -5.300000000000001
    endloop
  endfacet
  facet normal 0 -0.14673047445536241 0.989176509964781
    outer loop
      vertex 2 41.03397870668548 -5.198161986137122
      vertex 2 40.519490843746674 -5.274479051362644
      vertex 7 40.519490843746674 -5.274479051362644
    endloop
  endfacet
  facet normal 0 -0.24298017990326545 0.9700312531945435
    outer loop
      vertex 2 41.53850878944865 -5.0717837793807075
      vertex 2 41.03397870668548 -5.198161986137122
      vertex 7 41.03397870668548 -5.198161986137122
    endloop
  endfacet
  facet normal 0 -0.33688985339221655 0.941544065183022
    outer loop
      vertex 2 42.02822219153498 -4.8965615223098204
      vertex 2 41.53850878944865 -5.0717837793807075
      vertex 7 41.53850878944865 -5.0717837793807075
    endloop
  endfacet
  facet normal 0 -0.4275550934302838 0.9039892931234426
    outer loop
      vertex 2 42.49840270517779 -4.674182701046282
      vertex 2 42.02822219153498 -4.8965615223098204
      vertex 7 42.02822219153498 -4.8965615223098204
    endloop
  endfacet
  facet normal 0 -0.5141027441932206 0.8577286100002728
    outer loop
      vertex 2 42.944522235003895 -4.40678894520349
      vertex 2 42.49840270517779 -4.674182701046282
      vertex 7 42.49840270517779 -4.674182701046282
    endloop
  endfacet
  facet normal 0 -0.595699304492433 0.8032075314806452
    outer loop
      vertex 2 43.362284406067324 -4.096955402822506
      vertex 2 42.944522235003895 -4.40678894520349
      vertex 7 42.944522235003895 -4.40678894520349
    endloop
  endfacet
  facet normal 0 -0.6715589548470183 0.7409511253549591
    outer loop
      vertex 2 43.747665940288705 -3.7476659402887025
      vertex 2 43.362284406067324 -4.096955402822506
      vertex 7 43.362284406067324 -4.096955402822506
    endloop
  endfacet
  facet normal 0 -0.7409511253549594 0.6715589548470179
    outer loop
      vertex 2 44.09695540282251 -3.3622844060673214
      vertex 2 43.747665940288705 -3.7476659402887025
      vertex 7 43.747665940288705 -3.7476659402887025
    endloop
  endfacet
  facet normal 0 -0.8032075314806497 0.5956993044924267
    outer loop
      vertex 2 44.09695540282251 -3.3622844060673214
      vertex 7 44.09695540282251 -3.3622844060673214
      vertex 2 44.40678894520349 -2.944522235003892
    endloop
  endfacet
  facet normal 0 -0.8577286100002682 0.5141027441932283
    outer loop
      vertex 2 44.40678894520349 -2.944522235003892
      vertex 7 44.40678894520349 -2.944522235003892
      vertex 2 44.674182701046284 -2.4984027051777877
    endloop
  endfacet
  facet normal 0 -0.903989293123442 0.42755509343028497
    outer loop
      vertex 2 44.674182701046284 -2.4984027051777877
      vertex 7 44.674182701046284 -2.4984027051777877
      vertex 2 44.896561522309824 -2.0282221915349763
    endloop
  endfacet
  facet normal 0 -0.9415440651830221 0.3368898533922165
    outer loop
      vertex 2 44.896561522309824 -2.0282221915349763
      vertex 7 44.896561522309824 -2.0282221915349763
      vertex 2 45.07178377938071 -1.5385087894486507
    endloop
  endfacet
  facet normal 0 -0.9700312531945444 0.24298017990326246
    outer loop
      vertex 2 45.07178377938071 -1.5385087894486507
      vertex 7 45.07178377938071 -1.5385087894486507
      vertex 2 45.19816198613712 -1.0339787066854798
    endloop
  endfacet
  facet normal 0 -0.9891765099647805 0.14673047445536547
    outer loop
      vertex 2 45.19816198613712 -1.0339787066854798
      vertex 7 45.19816198613712 -1.0339787066854798
      vertex 2 45.27447905136265 -0.5194908437466713
    endloop
  endfacet
  facet normal 0 -0.998795456205173 0.04906767432740594
    outer loop
      vertex 2 45.27447905136265 -0.5194908437466713
      vertex 7 45.27447905136265 -0.5194908437466713
      vertex 2 45.3 0
    endloop
  endfacet
  facet normal 0 -0.998795456205173 -0.04906767432740594
    outer loop
      vertex 2 45.3 0
      vertex 7 45.3 0
      vertex 2 45.27447905136265 0.5194908437466713
    endloop
  endfacet
  facet normal 0 -0.9891765099647805 -0.14673047445536547
    outer loop
      vertex 2 45.27447905136265 0.5194908437466713
      vertex 7 45.27447905136265 0.5194908437466713
      vertex 2 45.19816198613712 1.0339787066854798
    endloop
  endfacet
  facet normal 0 -0.9700312531945444 -0.24298017990326246
    outer loop
      vertex 2 45.19816198613712 1.0339787066854798
      vertex 7 45.19816198613712 1.0339787066854798
      vertex 2 45.07178377938071 1.5385087894486507
    endloop
  endfacet
  facet normal 0 -0.9415440651830221 -0.3368898533922165
    outer loop
      vertex 2 45.07178377938071 1.5385087894486507
      vertex 7 45.07178377938071 1.5385087894486507
      vertex 2 44.896561522309824 2.0282221915349763
    endloop
  endfacet
  facet normal 0 -0.903989293123442 -0.42755509343028497
    outer loop
      vertex 2 44.896561522309824 2.0282221915349763
      vertex 7 44.896561522309824 2.0282221915349763
      vertex 2 44.674182701046284 2.4984027051777877
    endloop
  endfacet
  facet normal 0 -0.8032075314806497 -0.5956993044924267
    outer loop
      vertex 2 44.40678894520349 2.944522235003892
      vertex 7 44.40678894520349 2.944522235003892
      vertex 2 44.09695540282251 3.3622844060673214
    endloop
  endfacet
  facet normal 0 -0.8577286100002682 -0.5141027441932283
    outer loop
      vertex 2 44.674182701046284 2.4984027051777877
      vertex 7 44.674182701046284 2.4984027051777877
      vertex 2 44.40678894520349 2.944522235003892
    endloop
  endfacet
  facet normal 0 1 0
    outer loop
      vertex 2 50 -35
      vertex 2 50 17.5
      vertex 7 50 17.5
    endloop
  endfacet
  facet normal 0 0.8032075314806497 -0.5956993044924267
    outer loop
      vertex 2 35.90304459717749 3.3622844060673214
      vertex 7 35.90304459717749 3.3622844060673214
      vertex 2 35.59321105479651 2.944522235003892
    endloop
  endfacet
  facet normal 0 0.7409511253549594 -0.6715589548470179
    outer loop
      vertex 2 36.252334059711295 3.7476659402887025
      vertex 7 36.252334059711295 3.7476659402887025
      vertex 2 35.90304459717749 3.3622844060673214
    endloop
  endfacet
  facet normal 0 0.6715589548470183 -0.7409511253549591
    outer loop
      vertex 2 36.252334059711295 3.7476659402887025
      vertex 2 36.637715593932676 4.096955402822506
      vertex 7 36.637715593932676 4.096955402822506
    endloop
  endfacet
  facet normal 0 0.595699304492433 -0.8032075314806452
    outer loop
      vertex 2 36.637715593932676 4.096955402822506
      vertex 2 37.055477764996105 4.40678894520349
      vertex 7 37.055477764996105 4.40678894520349
    endloop
  endfacet
  facet normal 0 0.5141027441932206 -0.8577286100002728
    outer loop
      vertex 2 37.055477764996105 4.40678894520349
      vertex 2 37.50159729482221 4.674182701046282
      vertex 7 37.50159729482221 4.674182701046282
    endloop
  endfacet
  facet normal 0 0.4275550934302838 -0.9039892931234426
    outer loop
      vertex 2 37.50159729482221 4.674182701046282
      vertex 2 37.97177780846502 4.8965615223098204
      vertex 7 37.97177780846502 4.8965615223098204
    endloop
  endfacet
  facet normal 0 0.33688985339221655 -0.941544065183022
    outer loop
      vertex 2 37.97177780846502 4.8965615223098204
      vertex 2 38.46149121055135 5.0717837793807075
      vertex 7 38.46149121055135 5.0717837793807075
    endloop
  endfacet
  facet normal 0 0.24298017990326545 -0.9700312531945435
    outer loop
      vertex 2 38.46149121055135 5.0717837793807075
      vertex 2 38.96602129331452 5.198161986137122
      vertex 7 38.96602129331452 5.198161986137122
    endloop
  endfacet
  facet normal 0 0.14673047445536241 -0.989176509964781
    outer loop
      vertex 2 38.96602129331452 5.198161986137122
      vertex 2 39.480509156253326 5.274479051362644
      vertex 7 39.480509156253326 5.274479051362644
    endloop
  endfacet
  facet normal 0 0.04906767432741765 -0.9987954562051724
    outer loop
      vertex 2 39.480509156253326 5.274479051362644
      vertex 2 40 5.300000000000001
      vertex 7 40 5.300000000000001
    endloop
  endfacet
  facet normal 0 -0.04906767432741765 -0.9987954562051724
    outer loop
      vertex 2 40 5.300000000000001
      vertex 2 40.519490843746674 5.274479051362644
      vertex 7 40.519490843746674 5.274479051362644
    endloop
  endfacet
  facet normal 0 -0.6715589548470183 -0.7409511253549591
    outer loop
      vertex 2 43.362284406067324 4.096955402822506
      vertex 2 43.747665940288705 3.7476659402887025
      vertex 7 43.747665940288705 3.7476659402887025
    endloop
  endfacet
  facet normal 0 -0.4275550934302838 -0.9039892931234426
    outer loop
      vertex 2 42.02822219153498 4.8965615223098204
      vertex 2 42.49840270517779 4.674182701046282
      vertex 7 42.49840270517779 4.674182701046282
    endloop
  endfacet
  facet normal 0 -0.5141027441932206 -0.8577286100002728
    outer loop
      vertex 2 42.49840270517779 4.674182701046282
      vertex 2 42.944522235003895 4.40678894520349
      vertex 7 42.944522235003895 4.40678894520349
    endloop
  endfacet
  facet normal 0 -0.595699304492433 -0.8032075314806452
    outer loop
      vertex 2 42.944522235003895 4.40678894520349
      vertex 2 43.362284406067324 4.096955402822506
      vertex 7 43.362284406067324 4.096955402822506
    endloop
  endfacet
  facet normal 0 -0.14673047445536241 -0.989176509964781
    outer loop
      vertex 2 40.519490843746674 5.274479051362644
      vertex 2 41.03397870668548 5.198161986137122
      vertex 7 41.03397870668548 5.198161986137122
    endloop
  endfacet
  facet normal 0 -0.24298017990326545 -0.9700312531945435
    outer loop
      vertex 2 41.03397870668548 5.198161986137122
      vertex 2 41.53850878944865 5.0717837793807075
      vertex 7 41.53850878944865 5.0717837793807075
    endloop
  endfacet
  facet normal 0 -0.33688985339221655 -0.941544065183022
    outer loop
      vertex 2 41.53850878944865 5.0717837793807075
      vertex 2 42.02822219153498 4.8965615223098204
      vertex 7 42.02822219153498 4.8965615223098204
    endloop
  endfacet
  facet normal 0 -0.7409511253549594 -0.6715589548470179
    outer loop
      vertex 2 44.09695540282251 3.3622844060673214
      vertex 7 44.09695540282251 3.3622844060673214
      vertex 2 43.747665940288705 3.7476659402887025
    endloop
  endfacet
  facet normal 0 -1 0
    outer loop
      vertex 2 5.25 5
      vertex 7 5.25 -35
      vertex 7 5.25 5
    endloop
  endfacet
  facet normal 1 0 0
    outer loop
      vertex 7 34.92821622061929 -1.5385087894486507
      vertex 7 5.25 5
      vertex 7 5.25 -35
    endloop
  endfacet
  facet normal 1 0 0
    outer loop
      vertex 7 34.92821622061929 -1.5385087894486507
      vertex 7 34.80183801386288 -1.0339787066854798
      vertex 7 5.25 5
    endloop
  endfacet
  facet normal 1 0 0
    outer loop
      vertex 7 34.80183801386288 -1.0339787066854798
      vertex 7 34.72552094863735 -0.5194908437466713
      vertex 7 5.25 5
    endloop
  endfacet
  facet normal 1 0 0
    outer loop
      vertex 7 34.72552094863735 -0.5194908437466713
      vertex 7 34.7 0
      vertex 7 5.25 5
    endloop
  endfacet
  facet normal 1 0 0
    outer loop
      vertex 7 34.7 0
      vertex 7 34.72552094863735 0.5194908437466713
      vertex 7 5.25 5
    endloop
  endfacet
  facet normal 1 0 0
    outer loop
      vertex 7 34.72552094863735 0.5194908437466713
      vertex 7 34.80183801386288 1.0339787066854798
      vertex 7 5.25 5
    endloop
  endfacet
  facet normal 1 0 0
    outer loop
      vertex 7 34.80183801386288 1.0339787066854798
      vertex 7 34.92821622061929 1.5385087894486507
      vertex 7 5.25 5
    endloop
  endfacet
  facet normal 0 -0.9987954562051724 -0.049067674327417446
    outer loop
      vertex 2 5.224719815029034 5.5145899867301935
      vertex 7 5.25 5
      vertex 7 5.224719815029034 5.5145899867301935
    endloop
  endfacet
  facet normal 0 -0.9891765099647809 -0.14673047445536166
    outer loop
      vertex 2 5.14912272211696 6.024224190584674
      vertex 7 5.224719815029034 5.5145899867301935
      vertex 7 5.14912272211696 6.024224190584674
    endloop
  endfacet
  facet normal 0 -0.9700312531945438 -0.24298017990326506
    outer loop
      vertex 2 5.023936762594096 6.523994555585928
      vertex 7 5.14912272211696 6.024224190584674
      vertex 7 5.023936762594096 6.523994555585928
    endloop
  endfacet
  facet normal 0 -0.049067674327419195 -0.9987954562051723
    outer loop
      vertex 2 0 10.25
      vertex 7 0.5145899867301932 10.224719815029033
      vertex 7 0 10.25
    endloop
  endfacet
  facet normal 0 -0.14673047445535994 -0.9891765099647812
    outer loop
      vertex 2 0.5145899867301932 10.224719815029033
      vertex 7 1.0242241905846734 10.14912272211696
      vertex 7 0.5145899867301932 10.224719815029033
    endloop
  endfacet
  facet normal 0 -0.24298017990326343 -0.9700312531945441
    outer loop
      vertex 2 1.0242241905846734 10.14912272211696
      vertex 7 1.5239945555859273 10.023936762594097
      vertex 7 1.0242241905846734 10.14912272211696
    endloop
  endfacet
  facet normal 0 -0.5956993044924324 -0.8032075314806457
    outer loop
      vertex 2 2.916743723352911 9.365215464588363
      vertex 7 3.330564741859139 9.05830488015437
      vertex 7 2.916743723352911 9.365215464588363
    endloop
  endfacet
  facet normal 0 -0.42755509343028203 -0.9039892931234432
    outer loop
      vertex 2 2.0090880199167214 9.850367545684255
      vertex 7 2.4748328683364877 9.630086637828864
      vertex 7 2.0090880199167214 9.850367545684255
    endloop
  endfacet
  facet normal 0 -0.33688985339222105 -0.9415440651830205
    outer loop
      vertex 2 1.5239945555859273 10.023936762594097
      vertex 7 2.0090880199167214 9.850367545684255
      vertex 7 1.5239945555859273 10.023936762594097
    endloop
  endfacet
  facet normal 0 -0.5141027441932208 -0.8577286100002726
    outer loop
      vertex 2 2.4748328683364877 9.630086637828864
      vertex 7 2.916743723352911 9.365215464588363
      vertex 7 2.4748328683364877 9.630086637828864
    endloop
  endfacet
  facet normal 0 -0.8577286100002717 -0.5141027441932225
    outer loop
      vertex 2 4.3652154645883625 7.916743723352911
      vertex 7 4.630086637828864 7.474832868336488
      vertex 7 4.3652154645883625 7.916743723352911
    endloop
  endfacet
  facet normal 0 -0.8032075314806454 -0.5956993044924328
    outer loop
      vertex 2 4.0583048801543695 8.330564741859138
      vertex 7 4.3652154645883625 7.916743723352911
      vertex 7 4.0583048801543695 8.330564741859138
    endloop
  endfacet
  facet normal 0 -0.9415440651830208 -0.33688985339222
    outer loop
      vertex 2 4.850367545684255 7.009088019916721
      vertex 7 5.023936762594096 6.523994555585928
      vertex 7 4.850367545684255 7.009088019916721
    endloop
  endfacet
  facet normal 0 -0.9039892931234436 -0.42755509343028136
    outer loop
      vertex 2 4.630086637828864 7.474832868336488
      vertex 7 4.850367545684255 7.009088019916721
      vertex 7 4.630086637828864 7.474832868336488
    endloop
  endfacet
  facet normal 0 -0.6715589548470199 -0.7409511253549578
    outer loop
      vertex 2 3.330564741859139 9.05830488015437
      vertex 7 3.7123106012293747 8.712310601229374
      vertex 7 3.330564741859139 9.05830488015437
    endloop
  endfacet
  facet normal 0 -0.7409511253549591 -0.6715589548470184
    outer loop
      vertex 2 3.7123106012293747 8.712310601229374
      vertex 7 4.0583048801543695 8.330564741859138
      vertex 7 3.7123106012293747 8.712310601229374
    endloop
  endfacet
  facet normal 0 0 1
    outer loop
      vertex 2 50 17.5
      vertex 7 -50 17.5
      vertex 7 50 17.5
    endloop
  endfacet
  facet normal 1 0 0
    outer loop
      vertex 7 -50 17.5
      vertex 7 0.5145899867301932 10.224719815029033
      vertex 7 50 17.5
    endloop
  endfacet
  facet normal 1 0 0
    outer loop
      vertex 7 5.224719815029034 5.5145899867301935
      vertex 7 5.25 5
      vertex 7 34.92821622061929 1.5385087894486507
    endloop
  endfacet
  facet normal 1 0 0
    outer loop
      vertex 7 5.14912272211696 6.024224190584674
      vertex 7 5.224719815029034 5.5145899867301935
      vertex 7 35.103438477690176 2.0282221915349763
    endloop
  endfacet
  facet normal 1 0 0
    outer loop
      vertex 7 5.023936762594096 6.523994555585928
      vertex 7 5.14912272211696 6.024224190584674
      vertex 7 35.325817298953716 2.4984027051777877
    endloop
  endfacet
  facet normal 1 0 0
    outer loop
      vertex 7 4.850367545684255 7.009088019916721
      vertex 7 5.023936762594096 6.523994555585928
      vertex 7 35.59321105479651 2.944522235003892
    endloop
  endfacet
  facet normal 1 0 0
    outer loop
      vertex 7 4.630086637828864 7.474832868336488
      vertex 7 4.850367545684255 7.009088019916721
      vertex 7 35.90304459717749 3.3622844060673214
    endloop
  endfacet
  facet normal 1 0 0
    outer loop
      vertex 7 4.3652154645883625 7.916743723352911
      vertex 7 4.630086637828864 7.474832868336488
      vertex 7 36.252334059711295 3.7476659402887025
    endloop
  endfacet
  facet normal 1 0 0
    outer loop
      vertex 7 4.0583048801543695 8.330564741859138
      vertex 7 4.3652154645883625 7.916743723352911
      vertex 7 36.637715593932676 4.096955402822506
    endloop
  endfacet
  facet normal 1 0 0
    outer loop
      vertex 7 3.7123106012293747 8.712310601229374
      vertex 7 4.0583048801543695 8.330564741859138
      vertex 7 37.055477764996105 4.40678894520349
    endloop
  endfacet
  facet normal 1 0 0
    outer loop
      vertex 7 3.7123106012293747 8.712310601229374
      vertex 7 37.50159729482221 4.674182701046282
      vertex 7 3.330564741859139 9.05830488015437
    endloop
  endfacet
  facet normal 1 0 0
    outer loop
      vertex 7 3.330564741859139 9.05830488015437
      vertex 7 37.97177780846502 4.8965615223098204
      vertex 7 2.916743723352911 9.365215464588363
    endloop
  endfacet
  facet normal 1 0 0
    outer loop
      vertex 7 50 17.5
      vertex 7 0.5145899867301932 10.224719815029033
      vertex 7 1.0242241905846734 10.14912272211696
    endloop
  endfacet
  facet normal 1 0 0
    outer loop
      vertex 7 50 17.5
      vertex 7 1.0242241905846734 10.14912272211696
      vertex 7 1.5239945555859273 10.023936762594097
    endloop
  endfacet
  facet normal 1 0 0
    outer loop
      vertex 7 50 17.5
      vertex 7 1.5239945555859273 10.023936762594097
      vertex 7 2.0090880199167214 9.850367545684255
    endloop
  endfacet
  facet normal 1 0 0
    outer loop
      vertex 7 50 17.5
      vertex 7 2.0090880199167214 9.850367545684255
      vertex 7 2.4748328683364877 9.630086637828864
    endloop
  endfacet
  facet normal 1 0 0
    outer loop
      vertex 7 50 17.5
      vertex 7 2.4748328683364877 9.630086637828864
      vertex 7 2.916743723352911 9.365215464588363
    endloop
  endfacet
  facet normal 0 0.5141027441932206 0.8577286100002728
    outer loop
      vertex 2 37.50159729482221 -4.674182701046282
      vertex 7 37.055477764996105 -4.40678894520349
      vertex 7 37.50159729482221 -4.674182701046282
    endloop
  endfacet
  facet normal 0 0.595699304492433 0.8032075314806452
    outer loop
      vertex 2 37.055477764996105 -4.40678894520349
      vertex 7 36.637715593932676 -4.096955402822506
      vertex 7 37.055477764996105 -4.40678894520349
    endloop
  endfacet
  facet normal 0 0.8032075314806497 0.5956993044924267
    outer loop
      vertex 2 35.90304459717749 -3.3622844060673214
      vertex 7 35.59321105479651 -2.944522235003892
      vertex 7 35.90304459717749 -3.3622844060673214
    endloop
  endfacet
  facet normal 0 0.8577286100002682 0.5141027441932283
    outer loop
      vertex 2 35.59321105479651 -2.944522235003892
      vertex 7 35.325817298953716 -2.4984027051777877
      vertex 7 35.59321105479651 -2.944522235003892
    endloop
  endfacet
  facet normal 0 0.903989293123442 0.42755509343028497
    outer loop
      vertex 2 35.325817298953716 -2.4984027051777877
      vertex 7 35.103438477690176 -2.0282221915349763
      vertex 7 35.325817298953716 -2.4984027051777877
    endloop
  endfacet
  facet normal 0 0.7409511253549594 0.6715589548470179
    outer loop
      vertex 2 36.252334059711295 -3.7476659402887025
      vertex 7 35.90304459717749 -3.3622844060673214
      vertex 7 36.252334059711295 -3.7476659402887025
    endloop
  endfacet
  facet normal 0 0.6715589548470183 0.7409511253549591
    outer loop
      vertex 2 36.637715593932676 -4.096955402822506
      vertex 7 36.252334059711295 -3.7476659402887025
      vertex 7 36.637715593932676 -4.096955402822506
    endloop
  endfacet
  facet normal 0 0.9415440651830221 0.3368898533922165
    outer loop
      vertex 2 35.103438477690176 -2.0282221915349763
      vertex 7 34.92821622061929 -1.5385087894486507
      vertex 7 35.103438477690176 -2.0282221915349763
    endloop
  endfacet
  facet normal 0 0.9700312531945444 0.24298017990326246
    outer loop
      vertex 2 34.92821622061929 -1.5385087894486507
      vertex 7 34.80183801386288 -1.0339787066854798
      vertex 7 34.92821622061929 -1.5385087894486507
    endloop
  endfacet
  facet normal 0 0.9891765099647805 0.14673047445536547
    outer loop
      vertex 2 34.80183801386288 -1.0339787066854798
      vertex 7 34.72552094863735 -0.5194908437466713
      vertex 7 34.80183801386288 -1.0339787066854798
    endloop
  endfacet
  facet normal 0 0.998795456205173 0.04906767432740594
    outer loop
      vertex 2 34.72552094863735 -0.5194908437466713
      vertex 7 34.7 0
      vertex 7 34.72552094863735 -0.5194908437466713
    endloop
  endfacet
  facet normal 0 0.998795456205173 -0.04906767432740594
    outer loop
      vertex 2 34.7 0
      vertex 7 34.72552094863735 0.5194908437466713
      vertex 7 34.7 0
    endloop
  endfacet
  facet normal 0 0.9891765099647805 -0.14673047445536547
    outer loop
      vertex 2 34.72552094863735 0.5194908437466713
      vertex 7 34.80183801386288 1.0339787066854798
      vertex 7 34.72552094863735 0.5194908437466713
    endloop
  endfacet
  facet normal 0 0.9700312531945444 -0.24298017990326246
    outer loop
      vertex 2 34.80183801386288 1.0339787066854798
      vertex 7 34.92821622061929 1.5385087894486507
      vertex 7 34.80183801386288 1.0339787066854798
    endloop
  endfacet
  facet normal 0 0.9415440651830221 -0.3368898533922165
    outer loop
      vertex 2 34.92821622061929 1.5385087894486507
      vertex 7 35.103438477690176 2.0282221915349763
      vertex 7 34.92821622061929 1.5385087894486507
    endloop
  endfacet
  facet normal 0 0.903989293123442 -0.42755509343028497
    outer loop
      vertex 2 35.103438477690176 2.0282221915349763
      vertex 7 35.325817298953716 2.4984027051777877
      vertex 7 35.103438477690176 2.0282221915349763
    endloop
  endfacet
  facet normal 0 0.8577286100002682 -0.5141027441932283
    outer loop
      vertex 2 35.325817298953716 2.4984027051777877
      vertex 7 35.59321105479651 2.944522235003892
      vertex 7 35.325817298953716 2.4984027051777877
    endloop
  endfacet
  facet normal 0 0.8032075314806497 -0.5956993044924267
    outer loop
      vertex 2 35.59321105479651 2.944522235003892
      vertex 7 35.90304459717749 3.3622844060673214
      vertex 7 35.59321105479651 2.944522235003892
    endloop
  endfacet
  facet normal 0 0.33688985339221655 0.941544065183022
    outer loop
      vertex 2 38.46149121055135 -5.0717837793807075
      vertex 7 37.97177780846502 -4.8965615223098204
      vertex 7 38.46149121055135 -5.0717837793807075
    endloop
  endfacet
  facet normal 0 0.24298017990326545 0.9700312531945435
    outer loop
      vertex 2 38.96602129331452 -5.198161986137122
      vertex 7 38.46149121055135 -5.0717837793807075
      vertex 7 38.96602129331452 -5.198161986137122
    endloop
  endfacet
  facet normal 0 0.4275550934302838 0.9039892931234426
    outer loop
      vertex 2 37.97177780846502 -4.8965615223098204
      vertex 7 37.50159729482221 -4.674182701046282
      vertex 7 37.97177780846502 -4.8965615223098204
    endloop
  endfacet
  facet normal 0 0.14673047445536241 0.989176509964781
    outer loop
      vertex 2 39.480509156253326 -5.274479051362644
      vertex 7 38.96602129331452 -5.198161986137122
      vertex 7 39.480509156253326 -5.274479051362644
    endloop
  endfacet
  facet normal 0 0.04906767432741765 0.9987954562051724
    outer loop
      vertex 2 40 -5.300000000000001
      vertex 7 39.480509156253326 -5.274479051362644
      vertex 7 40 -5.300000000000001
    endloop
  endfacet
  facet normal 0 -0.04906767432741765 0.9987954562051724
    outer loop
      vertex 2 40.519490843746674 -5.274479051362644
      vertex 7 40 -5.300000000000001
      vertex 7 40.519490843746674 -5.274479051362644
    endloop
  endfacet
  facet normal 0 -0.14673047445536241 0.989176509964781
    outer loop
      vertex 2 41.03397870668548 -5.198161986137122
      vertex 7 40.519490843746674 -5.274479051362644
      vertex 7 41.03397870668548 -5.198161986137122
    endloop
  endfacet
  facet normal 0 -0.24298017990326545 0.9700312531945435
    outer loop
      vertex 2 41.53850878944865 -5.0717837793807075
      vertex 7 41.03397870668548 -5.198161986137122
      vertex 7 41.53850878944865 -5.0717837793807075
    endloop
  endfacet
  facet normal 0 -0.33688985339221655 0.941544065183022
    outer loop
      vertex 2 42.02822219153498 -4.8965615223098204
      vertex 7 41.53850878944865 -5.0717837793807075
      vertex 7 42.02822219153498 -4.8965615223098204
    endloop
  endfacet
  facet normal 0 -0.4275550934302838 0.9039892931234426
    outer loop
      vertex 2 42.49840270517779 -4.674182701046282
      vertex 7 42.02822219153498 -4.8965615223098204
      vertex 7 42.49840270517779 -4.674182701046282
    endloop
  endfacet
  facet normal 0 -0.5141027441932206 0.8577286100002728
    outer loop
      vertex 2 42.944522235003895 -4.40678894520349
      vertex 7 42.49840270517779 -4.674182701046282
      vertex 7 42.944522235003895 -4.40678894520349
    endloop
  endfacet
  facet normal 0 -0.595699304492433 0.8032075314806452
    outer loop
      vertex 2 43.362284406067324 -4.096955402822506
      vertex 7 42.944522235003895 -4.40678894520349
      vertex 7 43.362284406067324 -4.096955402822506
    endloop
  endfacet
  facet normal 0 -0.6715589548470183 0.7409511253549591
    outer loop
      vertex 2 43.747665940288705 -3.7476659402887025
      vertex 7 43.362284406067324 -4.096955402822506
      vertex 7 43.747665940288705 -3.7476659402887025
    endloop
  endfacet
  facet normal 0 -0.7409511253549594 0.6715589548470179
    outer loop
      vertex 2 44.09695540282251 -3.3622844060673214
      vertex 7 43.747665940288705 -3.7476659402887025
      vertex 7 44.09695540282251 -3.3622844060673214
    endloop
  endfacet
  facet normal 0 -0.8032075314806497 0.5956993044924267
    outer loop
      vertex 2 44.40678894520349 -2.944522235003892
      vertex 7 44.09695540282251 -3.3622844060673214
      vertex 7 44.40678894520349 -2.944522235003892
    endloop
  endfacet
  facet normal 0 -0.8577286100002682 0.5141027441932283
    outer loop
      vertex 2 44.674182701046284 -2.4984027051777877
      vertex 7 44.40678894520349 -2.944522235003892
      vertex 7 44.674182701046284 -2.4984027051777877
    endloop
  endfacet
  facet normal 0 -0.903989293123442 0.42755509343028497
    outer loop
      vertex 2 44.896561522309824 -2.0282221915349763
      vertex 7 44.674182701046284 -2.4984027051777877
      vertex 7 44.896561522309824 -2.0282221915349763
    endloop
  endfacet
  facet normal 0 -0.9415440651830221 0.3368898533922165
    outer loop
      vertex 2 45.07178377938071 -1.5385087894486507
      vertex 7 44.896561522309824 -2.0282221915349763
      vertex 7 45.07178377938071 -1.5385087894486507
    endloop
  endfacet
  facet normal 0 -0.9700312531945444 0.24298017990326246
    outer loop
      vertex 2 45.19816198613712 -1.0339787066854798
      vertex 7 45.07178377938071 -1.5385087894486507
      vertex 7 45.19816198613712 -1.0339787066854798
    endloop
  endfacet
  facet normal 0 -0.9891765099647805 0.14673047445536547
    outer loop
      vertex 2 45.27447905136265 -0.5194908437466713
      vertex 7 45.19816198613712 -1.0339787066854798
      vertex 7 45.27447905136265 -0.5194908437466713
    endloop
  endfacet
  facet normal 0 -0.998795456205173 0.04906767432740594
    outer loop
      vertex 2 45.3 0
      vertex 7 45.27447905136265 -0.5194908437466713
      vertex 7 45.3 0
    endloop
  endfacet
  facet normal 0 -0.998795456205173 -0.04906767432740594
    outer loop
      vertex 2 45.27447905136265 0.5194908437466713
      vertex 7 45.3 0
      vertex 7 45.27447905136265 0.5194908437466713
    endloop
  endfacet
  facet normal 0 -0.9891765099647805 -0.14673047445536547
    outer loop
      vertex 2 45.19816198613712 1.0339787066854798
      vertex 7 45.27447905136265 0.5194908437466713
      vertex 7 45.19816198613712 1.0339787066854798
    endloop
  endfacet
  facet normal 0 -0.9700312531945444 -0.24298017990326246
    outer loop
      vertex 2 45.07178377938071 1.5385087894486507
      vertex 7 45.19816198613712 1.0339787066854798
      vertex 7 45.07178377938071 1.5385087894486507
    endloop
  endfacet
  facet normal 0 -0.9415440651830221 -0.3368898533922165
    outer loop
      vertex 2 44.896561522309824 2.0282221915349763
      vertex 7 45.07178377938071 1.5385087894486507
      vertex 7 44.896561522309824 2.0282221915349763
    endloop
  endfacet
  facet normal 0 -0.8577286100002682 -0.5141027441932283
    outer loop
      vertex 2 44.40678894520349 2.944522235003892
      vertex 7 44.674182701046284 2.4984027051777877
      vertex 7 44.40678894520349 2.944522235003892
    endloop
  endfacet
  facet normal 0 -0.903989293123442 -0.42755509343028497
    outer loop
      vertex 2 44.674182701046284 2.4984027051777877
      vertex 7 44.896561522309824 2.0282221915349763
      vertex 7 44.674182701046284 2.4984027051777877
    endloop
  endfacet
  facet normal 1 0 0
    outer loop
      vertex 7 5.224719815029034 5.5145899867301935
      vertex 7 34.92821622061929 1.5385087894486507
      vertex 7 35.103438477690176 2.0282221915349763
    endloop
  endfacet
  facet normal 1 0 0
    outer loop
      vertex 7 47.72727272727273 -35
      vertex 7 50 17.5
      vertex 7 45.3 0
    endloop
  endfacet
  facet normal 0 0.7409511253549594 -0.6715589548470179
    outer loop
      vertex 2 35.90304459717749 3.3622844060673214
      vertex 7 36.252334059711295 3.7476659402887025
      vertex 7 35.90304459717749 3.3622844060673214
    endloop
  endfacet
  facet normal 0 0.6715589548470183 -0.7409511253549591
    outer loop
      vertex 2 36.252334059711295 3.7476659402887025
      vertex 7 36.637715593932676 4.096955402822506
      vertex 7 36.252334059711295 3.7476659402887025
    endloop
  endfacet
  facet normal 0 0.595699304492433 -0.8032075314806452
    outer loop
      vertex 2 36.637715593932676 4.096955402822506
      vertex 7 37.055477764996105 4.40678894520349
      vertex 7 36.637715593932676 4.096955402822506
    endloop
  endfacet
  facet normal 0 0.5141027441932206 -0.8577286100002728
    outer loop
      vertex 2 37.055477764996105 4.40678894520349
      vertex 7 37.50159729482221 4.674182701046282
      vertex 7 37.055477764996105 4.40678894520349
    endloop
  endfacet
  facet normal 0 0.4275550934302838 -0.9039892931234426
    outer loop
      vertex 2 37.50159729482221 4.674182701046282
      vertex 7 37.97177780846502 4.8965615223098204
      vertex 7 37.50159729482221 4.674182701046282
    endloop
  endfacet
  facet normal 0 0.33688985339221655 -0.941544065183022
    outer loop
      vertex 2 37.97177780846502 4.8965615223098204
      vertex 7 38.46149121055135 5.0717837793807075
      vertex 7 37.97177780846502 4.8965615223098204
    endloop
  endfacet
  facet normal 0 0.24298017990326545 -0.9700312531945435
    outer loop
      vertex 2 38.46149121055135 5.0717837793807075
      vertex 7 38.96602129331452 5.198161986137122
      vertex 7 38.46149121055135 5.0717837793807075
    endloop
  endfacet
  facet normal 0 0.14673047445536241 -0.989176509964781
    outer loop
      vertex 2 38.96602129331452 5.198161986137122
      vertex 7 39.480509156253326 5.274479051362644
      vertex 7 38.96602129331452 5.198161986137122
    endloop
  endfacet
  facet normal 0 0.04906767432741765 -0.9987954562051724
    outer loop
      vertex 2 39.480509156253326 5.274479051362644
      vertex 7 40 5.300000000000001
      vertex 7 39.480509156253326 5.274479051362644
    endloop
  endfacet
  facet normal 0 -0.04906767432741765 -0.9987954562051724
    outer loop
      vertex 2 40 5.300000000000001
      vertex 7 40.519490843746674 5.274479051362644
      vertex 7 40 5.300000000000001
    endloop
  endfacet
  facet normal 0 -0.4275550934302838 -0.9039892931234426
    outer loop
      vertex 2 42.02822219153498 4.8965615223098204
      vertex 7 42.49840270517779 4.674182701046282
      vertex 7 42.02822219153498 4.8965615223098204
    endloop
  endfacet
  facet normal 0 -0.6715589548470183 -0.7409511253549591
    outer loop
      vertex 2 43.362284406067324 4.096955402822506
      vertex 7 43.747665940288705 3.7476659402887025
      vertex 7 43.362284406067324 4.096955402822506
    endloop
  endfacet
  facet normal 0 -0.5141027441932206 -0.8577286100002728
    outer loop
      vertex 2 42.49840270517779 4.674182701046282
      vertex 7 42.944522235003895 4.40678894520349
      vertex 7 42.49840270517779 4.674182701046282
    endloop
  endfacet
  facet normal 0 -0.595699304492433 -0.8032075314806452
    outer loop
      vertex 2 42.944522235003895 4.40678894520349
      vertex 7 43.362284406067324 4.096955402822506
      vertex 7 42.944522235003895 4.40678894520349
    endloop
  endfacet
  facet normal 0 -0.14673047445536241 -0.989176509964781
    outer loop
      vertex 2 40.519490843746674 5.274479051362644
      vertex 7 41.03397870668548 5.198161986137122
      vertex 7 40.519490843746674 5.274479051362644
    endloop
  endfacet
  facet normal 0 -0.24298017990326545 -0.9700312531945435
    outer loop
      vertex 2 41.03397870668548 5.198161986137122
      vertex 7 41.53850878944865 5.0717837793807075
      vertex 7 41.03397870668548 5.198161986137122
    endloop
  endfacet
  facet normal 0 -0.33688985339221655 -0.941544065183022
    outer loop
      vertex 2 41.53850878944865 5.0717837793807075
      vertex 7 42.02822219153498 4.8965615223098204
      vertex 7 41.53850878944865 5.0717837793807075
    endloop
  endfacet
  facet normal 0 -0.8032075314806497 -0.5956993044924267
    outer loop
      vertex 2 44.09695540282251 3.3622844060673214
      vertex 7 44.40678894520349 2.944522235003892
      vertex 7 44.09695540282251 3.3622844060673214
    endloop
  endfacet
  facet normal 0 -0.7409511253549594 -0.6715589548470179
    outer loop
      vertex 2 43.747665940288705 3.7476659402887025
      vertex 7 44.09695540282251 3.3622844060673214
      vertex 7 43.747665940288705 3.7476659402887025
    endloop
  endfacet
  facet normal 1 0 0
    outer loop
      vertex 7 5.14912272211696 6.024224190584674
      vertex 7 35.103438477690176 2.0282221915349763
      vertex 7 35.325817298953716 2.4984027051777877
    endloop
  endfacet
  facet normal 1 0 0
    outer loop
      vertex 7 5.023936762594096 6.523994555585928
      vertex 7 35.325817298953716 2.4984027051777877
      vertex 7 35.59321105479651 2.944522235003892
    endloop
  endfacet
  facet normal 1 0 0
    outer loop
      vertex 7 4.850367545684255 7.009088019916721
      vertex 7 35.59321105479651 2.944522235003892
      vertex 7 35.90304459717749 3.3622844060673214
    endloop
  endfacet
  facet normal 1 0 0
    outer loop
      vertex 7 4.630086637828864 7.474832868336488
      vertex 7 35.90304459717749 3.3622844060673214
      vertex 7 36.252334059711295 3.7476659402887025
    endloop
  endfacet
  facet normal 1 0 0
    outer loop
      vertex 7 4.3652154645883625 7.916743723352911
      vertex 7 36.252334059711295 3.7476659402887025
      vertex 7 36.637715593932676 4.096955402822506
    endloop
  endfacet
  facet normal 1 0 0
    outer loop
      vertex 7 4.0583048801543695 8.330564741859138
      vertex 7 36.637715593932676 4.096955402822506
      vertex 7 37.055477764996105 4.40678894520349
    endloop
  endfacet
  facet normal 1 0 0
    outer loop
      vertex 7 3.7123106012293747 8.712310601229374
      vertex 7 37.055477764996105 4.40678894520349
      vertex 7 37.50159729482221 4.674182701046282
    endloop
  endfacet
  facet normal 1 0 0
    outer loop
      vertex 7 37.97177780846502 4.8965615223098204
      vertex 7 3.330564741859139 9.05830488015437
      vertex 7 37.50159729482221 4.674182701046282
    endloop
  endfacet
  facet normal 1 0 0
    outer loop
      vertex 7 50 17.5
      vertex 7 2.916743723352911 9.365215464588363
      vertex 7 37.97177780846502 4.8965615223098204
    endloop
  endfacet
  facet normal 1 0 0
    outer loop
      vertex 7 50 17.5
      vertex 7 37.97177780846502 4.8965615223098204
      vertex 7 38.46149121055135 5.0717837793807075
    endloop
  endfacet
  facet normal 1 0 0
    outer loop
      vertex 7 50 17.5
      vertex 7 38.46149121055135 5.0717837793807075
      vertex 7 38.96602129331452 5.198161986137122
    endloop
  endfacet
  facet normal 1 0 0
    outer loop
      vertex 7 50 17.5
      vertex 7 38.96602129331452 5.198161986137122
      vertex 7 39.480509156253326 5.274479051362644
    endloop
  endfacet
  facet normal 1 0 0
    outer loop
      vertex 7 50 17.5
      vertex 7 39.480509156253326 5.274479051362644
      vertex 7 40 5.300000000000001
    endloop
  endfacet
  facet normal 1 0 0
    outer loop
      vertex 7 50 17.5
      vertex 7 40 5.300000000000001
      vertex 7 40.519490843746674 5.274479051362644
    endloop
  endfacet
  facet normal 1 0 0
    outer loop
      vertex 7 50 17.5
      vertex 7 45.27447905136265 0.5194908437466713
      vertex 7 45.3 0
    endloop
  endfacet
  facet normal 1 0 0
    outer loop
      vertex 7 50 17.5
      vertex 7 45.19816198613712 1.0339787066854798
      vertex 7 45.27447905136265 0.5194908437466713
    endloop
  endfacet
  facet normal 1 0 0
    outer loop
      vertex 7 50 17.5
      vertex 7 45.07178377938071 1.5385087894486507
      vertex 7 45.19816198613712 1.0339787066854798
    endloop
  endfacet
  facet normal 1 0 0
    outer loop
      vertex 7 50 17.5
      vertex 7 44.896561522309824 2.0282221915349763
      vertex 7 45.07178377938071 1.5385087894486507
    endloop
  endfacet
  facet normal 1 0 0
    outer loop
      vertex 7 50 17.5
      vertex 7 44.674182701046284 2.4984027051777877
      vertex 7 44.896561522309824 2.0282221915349763
    endloop
  endfacet
  facet normal 1 0 0
    outer loop
      vertex 7 50 17.5
      vertex 7 43.747665940288705 3.7476659402887025
      vertex 7 44.09695540282251 3.3622844060673214
    endloop
  endfacet
  facet normal 1 0 0
    outer loop
      vertex 7 50 17.5
      vertex 7 43.362284406067324 4.096955402822506
      vertex 7 43.747665940288705 3.7476659402887025
    endloop
  endfacet
  facet normal 1 0 0
    outer loop
      vertex 7 50 17.5
      vertex 7 44.40678894520349 2.944522235003892
      vertex 7 44.674182701046284 2.4984027051777877
    endloop
  endfacet
  facet normal 1 0 0
    outer loop
      vertex 7 50 17.5
      vertex 7 44.09695540282251 3.3622844060673214
      vertex 7 44.40678894520349 2.944522235003892
    endloop
  endfacet
  facet normal 1 0 0
    outer loop
      vertex 7 50 17.5
      vertex 7 40.519490843746674 5.274479051362644
      vertex 7 41.03397870668548 5.198161986137122
    endloop
  endfacet
  facet normal 1 0 0
    outer loop
      vertex 7 50 17.5
      vertex 7 41.53850878944865 5.0717837793807075
      vertex 7 42.02822219153498 4.8965615223098204
    endloop
  endfacet
  facet normal 1 0 0
    outer loop
      vertex 7 50 17.5
      vertex 7 41.03397870668548 5.198161986137122
      vertex 7 41.53850878944865 5.0717837793807075
    endloop
  endfacet
  facet normal 1 0 0
    outer loop
      vertex 7 50 17.5
      vertex 7 42.49840270517779 4.674182701046282
      vertex 7 42.944522235003895 4.40678894520349
    endloop
  endfacet
  facet normal 1 0 0
    outer loop
      vertex 7 50 17.5
      vertex 7 42.02822219153498 4.8965615223098204
      vertex 7 42.49840270517779 4.674182701046282
    endloop
  endfacet
  facet normal 1 0 0
    outer loop
      vertex 7 50 17.5
      vertex 7 42.944522235003895 4.40678894520349
      vertex 7 43.362284406067324 4.096955402822506
    endloop
  endfacet
endsolid OpenSCAD_Model
