solid OpenSCAD_Model
  facet normal 0 0 -1
    outer loop
      vertex -45 -45 2
      vertex -32.774240875028795 -30.19458167873328 2
      vertex -32.22764773894159 -30.931577206930086 2
    endloop
  endfacet
  facet normal 0 0 -1
    outer loop
      vertex -45 -45 2
      vertex -33.63827362898053 -28.57809009261359 2
      vertex -33.24596382165712 -29.407559489323077 2
    endloop
  endfacet
  facet normal 0 0 -1
    outer loop
      vertex -45 -45 2
      vertex -33.94739213909615 -27.714161732329224 2
      vertex -33.63827362898053 -28.57809009261359 2
    endloop
  endfacet
  facet normal 0 0 -1
    outer loop
      vertex -45 -45 2
      vertex -33.24596382165712 -29.407559489323077 2
      vertex -32.774240875028795 -30.19458167873328 2
    endloop
  endfacet
  facet normal 0 0 -1
    outer loop
      vertex -45 -45 2
      vertex -30.931577206930086 -32.22764773894159 2
      vertex -30.19458167873328 -32.774240875028795 2
    endloop
  endfacet
  facet normal 0 0 -1
    outer loop
      vertex -45 -45 2
      vertex -30.19458167873328 -32.774240875028795 2
      vertex -29.407559489323077 -33.24596382165712 2
    endloop
  endfacet
  facet normal 0 0 -1
    outer loop
      vertex -45 -45 2
      vertex -29.407559489323077 -33.24596382165712 2
      vertex -28.57809009261359 -33.63827362898053 2
    endloop
  endfacet
  facet normal 0 0 -1
    outer loop
      vertex -45 -45 2
      vertex -28.57809009261359 -33.63827362898053 2
      vertex -27.714161732329224 -33.94739213909615 2
    endloop
  endfacet
  facet normal 0 0 -1
    outer loop
      vertex -45 -45 2
      vertex -32.22764773894159 -30.931577206930086 2
      vertex -31.61144840409422 -31.61144840409422 2
    endloop
  endfacet
  facet normal 0 0 -1
    outer loop
      vertex -45 -45 2
      vertex -31.61144840409422 -31.61144840409422 2
      vertex -30.931577206930086 -32.22764773894159 2
    endloop
  endfacet
  facet normal 0 0 -1
    outer loop
      vertex -45 -45 2
      vertex -34.170342371770204 -26.8240945108508 2
      vertex -33.94739213909615 -27.714161732329224 2
    endloop
  endfacet
  facet normal 0 0 -1
    outer loop
      vertex -45 -45 2
      vertex -34.30497719438504 -25.91646026208139 2
      vertex -34.170342371770204 -26.8240945108508 2
    endloop
  endfacet
  facet normal 0 0 -1
    outer loop
      vertex -45 -45 2
      vertex -34.35 -25 2
      vertex -34.30497719438504 -25.91646026208139 2
    endloop
  endfacet
  facet normal 0 0 -1
    outer loop
      vertex -45 -45 2
      vertex -27.714161732329224 -33.94739213909615 2
      vertex -26.8240945108508 -34.170342371770204 2
    endloop
  endfacet
  facet normal 0 0 -1
    outer loop
      vertex -45 -45 2
      vertex -26.8240945108508 -34.170342371770204 2
      vertex -25.91646026208139 -34.30497719438504 2
    endloop
  endfacet
  facet normal 0 0 -1
    outer loop
      vertex -45 -45 2
      vertex -25.91646026208139 -34.30497719438504 2
      vertex -25 -34.35 2
    endloop
  endfacet
  facet normal 0.9415440651830197 0.33688985339222266 0
    outer loop
      vertex -33.94739213909615 -27.714161732329224 7
      vertex -33.63827362898053 -28.57809009261359 2
      vertex -33.94739213909615 -27.714161732329224 2
    endloop
  endfacet
  facet normal 0.9700312531945442 0.24298017990326332 0
    outer loop
      vertex -34.170342371770204 -26.8240945108508 7
      vertex -33.94739213909615 -27.714161732329224 2
      vertex -34.170342371770204 -26.8240945108508 2
    endloop
  endfacet
  facet normal 0.9891765099647811 0.14673047445536042 0
    outer loop
      vertex -34.30497719438504 -25.91646026208139 7
      vertex -34.170342371770204 -26.8240945108508 2
      vertex -34.30497719438504 -25.91646026208139 2
    endloop
  endfacet
  facet normal 0.9987954562051721 0.049067674327421915 0
    outer loop
      vertex -34.35 -25 7
      vertex -34.30497719438504 -25.91646026208139 2
      vertex -34.35 -25 2
    endloop
  endfacet
  facet normal 0.9987954562051721 -0.049067674327421915 0
    outer loop
      vertex -34.30497719438504 -24.08353973791861 7
      vertex -34.35 -25 2
      vertex -34.30497719438504 -24.08353973791861 2
    endloop
  endfacet
  facet normal 0.9891765099647811 -0.14673047445536042 0
    outer loop
      vertex -34.170342371770204 -23.1759054891492 7
      vertex -34.30497719438504 -24.08353973791861 2
      vertex -34.170342371770204 -23.1759054891492 2
    endloop
  endfacet
  facet normal 0.9700312531945442 -0.24298017990326332 0
    outer loop
      vertex -33.94739213909615 -22.285838267670776 7
      vertex -34.170342371770204 -23.1759054891492 2
      vertex -33.94739213909615 -22.285838267670776 2
    endloop
  endfacet
  facet normal 0.24298017990326332 0.9700312531945442 0
    outer loop
      vertex -27.714161732329224 -33.94739213909615 7
      vertex -26.8240945108508 -34.170342371770204 2
      vertex -27.714161732329224 -33.94739213909615 2
    endloop
  endfacet
  facet normal 0.14673047445536042 0.9891765099647811 0
    outer loop
      vertex -26.8240945108508 -34.170342371770204 7
      vertex -25.91646026208139 -34.30497719438504 2
      vertex -26.8240945108508 -34.170342371770204 2
    endloop
  endfacet
  facet normal 0.049067674327421915 0.9987954562051721 0
    outer loop
      vertex -25.91646026208139 -34.30497719438504 7
      vertex -25 -34.35 2
      vertex -25.91646026208139 -34.30497719438504 2
    endloop
  endfacet
  facet normal -0.049067674327421915 0.9987954562051721 0
    outer loop
      vertex -25 -34.35 7
      vertex -24.08353973791861 -34.30497719438504 2
      vertex -25 -34.35 2
    endloop
  endfacet
  facet normal -0.14673047445536042 0.9891765099647811 0
    outer loop
      vertex -24.08353973791861 -34.30497719438504 7
      vertex -23.1759054891492 -34.170342371770204 2
      vertex -24.08353973791861 -34.30497719438504 2
    endloop
  endfacet
  facet normal -0.24298017990326332 0.9700312531945442 0
    outer loop
      vertex -23.1759054891492 -34.170342371770204 7
      vertex -22.285838267670776 -33.94739213909615 2
      vertex -23.1759054891492 -34.170342371770204 2
    endloop
  endfacet
  facet normal 0.7409511253549576 0.6715589548470202 0
    outer loop
      vertex -32.22764773894159 -30.931577206930086 7
      vertex -31.61144840409422 -31.61144840409422 2
      vertex -32.22764773894159 -30.931577206930086 2
    endloop
  endfacet
  facet normal 0.6715589548470202 0.7409511253549576 0
    outer loop
      vertex -31.61144840409422 -31.61144840409422 7
      vertex -30.931577206930086 -32.22764773894159 2
      vertex -31.61144840409422 -31.61144840409422 2
    endloop
  endfacet
  facet normal 0.8577286100002698 0.5141027441932255 0
    outer loop
      vertex -33.24596382165712 -29.407559489323077 7
      vertex -32.774240875028795 -30.19458167873328 2
      vertex -33.24596382165712 -29.407559489323077 2
    endloop
  endfacet
  facet normal 0.8032075314806482 0.595699304492429 0
    outer loop
      vertex -32.774240875028795 -30.19458167873328 7
      vertex -32.22764773894159 -30.931577206930086 2
      vertex -32.774240875028795 -30.19458167873328 2
    endloop
  endfacet
  facet normal 0.9039892931234451 0.42755509343027853 0
    outer loop
      vertex -33.63827362898053 -28.57809009261359 7
      vertex -33.24596382165712 -29.407559489323077 2
      vertex -33.63827362898053 -28.57809009261359 2
    endloop
  endfacet
  facet normal 0.595699304492429 0.8032075314806482 0
    outer loop
      vertex -30.931577206930086 -32.22764773894159 7
      vertex -30.19458167873328 -32.774240875028795 2
      vertex -30.931577206930086 -32.22764773894159 2
    endloop
  endfacet
  facet normal 0.5141027441932255 0.8577286100002698 0
    outer loop
      vertex -30.19458167873328 -32.774240875028795 7
      vertex -29.407559489323077 -33.24596382165712 2
      vertex -30.19458167873328 -32.774240875028795 2
    endloop
  endfacet
  facet normal 0.42755509343027853 0.9039892931234451 0
    outer loop
      vertex -29.407559489323077 -33.24596382165712 7
      vertex -28.57809009261359 -33.63827362898053 2
      vertex -29.407559489323077 -33.24596382165712 2
    endloop
  endfacet
  facet normal 0.33688985339222266 0.9415440651830197 0
    outer loop
      vertex -28.57809009261359 -33.63827362898053 7
      vertex -27.714161732329224 -33.94739213909615 2
      vertex -28.57809009261359 -33.63827362898053 2
    endloop
  endfacet
  facet normal 0 0 -1
    outer loop
      vertex -45 -45 2
      vertex -34.35 25 2
      vertex -34.35 -25 2
    endloop
  endfacet
  facet normal 0 0 -1
    outer loop
      vertex -34.35 -25 2
      vertex -34.30497719438504 24.08353973791861 2
      vertex -34.30497719438504 -24.08353973791861 2
    endloop
  endfacet
  facet normal 0 0 -1
    outer loop
      vertex -34.30497719438504 -24.08353973791861 2
      vertex -34.170342371770204 23.1759054891492 2
      vertex -34.170342371770204 -23.1759054891492 2
    endloop
  endfacet
  facet normal 0 0 -1
    outer loop
      vertex -34.170342371770204 -23.1759054891492 2
      vertex -33.94739213909615 22.285838267670776 2
      vertex -33.94739213909615 -22.285838267670776 2
    endloop
  endfacet
  facet normal 0 0 -1
    outer loop
      vertex -33.94739213909615 -22.285838267670776 2
      vertex -33.63827362898053 21.42190990738641 2
      vertex -33.63827362898053 -21.42190990738641 2
    endloop
  endfacet
  facet normal 0 0 -1
    outer loop
      vertex -33.63827362898053 -21.42190990738641 2
      vertex -33.24596382165712 20.592440510676923 2
      vertex -33.24596382165712 -20.592440510676923 2
    endloop
  endfacet
  facet normal 0 0 -1
    outer loop
      vertex -33.24596382165712 -20.592440510676923 2
      vertex -32.774240875028795 19.80541832126672 2
      vertex -32.774240875028795 -19.80541832126672 2
    endloop
  endfacet
  facet normal 0 0 -1
    outer loop
      vertex -32.774240875028795 -19.80541832126672 2
      vertex -32.22764773894159 19.068422793069914 2
      vertex -32.22764773894159 -19.068422793069914 2
    endloop
  endfacet
  facet normal 0 0 -1
    outer loop
      vertex -32.22764773894159 -19.068422793069914 2
      vertex -31.61144840409422 18.38855159590578 2
      vertex -31.61144840409422 -18.38855159590578 2
    endloop
  endfacet
  facet normal 0 0 -1
    outer loop
      vertex -30.931577206930086 -17.77235226105841 2
      vertex -31.61144840409422 -18.38855159590578 2
      vertex -30.931577206930086 17.77235226105841 2
    endloop
  endfacet
  facet normal 0 0 -1
    outer loop
      vertex -30.19458167873328 -17.2257591249712 2
      vertex -30.931577206930086 -17.77235226105841 2
      vertex -30.19458167873328 17.2257591249712 2
    endloop
  endfacet
  facet normal 0 0 -1
    outer loop
      vertex -29.407559489323077 -16.75403617834288 2
      vertex -30.19458167873328 -17.2257591249712 2
      vertex -29.407559489323077 16.75403617834288 2
    endloop
  endfacet
  facet normal 0 0 -1
    outer loop
      vertex -28.57809009261359 -16.36172637101947 2
      vertex -29.407559489323077 -16.75403617834288 2
      vertex -28.57809009261359 16.36172637101947 2
    endloop
  endfacet
  facet normal 0 0 -1
    outer loop
      vertex -27.714161732329224 -16.052607860903848 2
      vertex -28.57809009261359 -16.36172637101947 2
      vertex -27.714161732329224 16.052607860903848 2
    endloop
  endfacet
  facet normal 0 0 -1
    outer loop
      vertex -26.8240945108508 -15.829657628229796 2
      vertex -27.714161732329224 -16.052607860903848 2
      vertex -26.8240945108508 15.829657628229796 2
    endloop
  endfacet
  facet normal 0.9415440651830197 -0.33688985339222266 0
    outer loop
      vertex -33.63827362898053 -21.42190990738641 7
      vertex -33.94739213909615 -22.285838267670776 2
      vertex -33.63827362898053 -21.42190990738641 2
    endloop
  endfacet
  facet normal 0.9039892931234451 -0.42755509343027853 0
    outer loop
      vertex -33.24596382165712 -20.592440510676923 7
      vertex -33.63827362898053 -21.42190990738641 2
      vertex -33.24596382165712 -20.592440510676923 2
    endloop
  endfacet
  facet normal 0.8577286100002698 -0.5141027441932255 0
    outer loop
      vertex -32.774240875028795 -19.80541832126672 7
      vertex -33.24596382165712 -20.592440510676923 2
      vertex -32.774240875028795 -19.80541832126672 2
    endloop
  endfacet
  facet normal 0.8032075314806482 -0.595699304492429 0
    outer loop
      vertex -32.22764773894159 -19.068422793069914 7
      vertex -32.774240875028795 -19.80541832126672 2
      vertex -32.22764773894159 -19.068422793069914 2
    endloop
  endfacet
  facet normal 0.7409511253549576 -0.6715589548470202 0
    outer loop
      vertex -31.61144840409422 -18.38855159590578 7
      vertex -32.22764773894159 -19.068422793069914 2
      vertex -31.61144840409422 -18.38855159590578 2
    endloop
  endfacet
  facet normal 0.6715589548470202 -0.7409511253549576 0
    outer loop
      vertex -30.931577206930086 -17.77235226105841 7
      vertex -31.61144840409422 -18.38855159590578 2
      vertex -30.931577206930086 -17.77235226105841 2
    endloop
  endfacet
  facet normal 0.5956993044924316 -0.8032075314806463 0
    outer loop
      vertex -30.19458167873328 -17.2257591249712 7
      vertex -30.931577206930086 -17.77235226105841 2
      vertex -30.19458167873328 -17.2257591249712 2
    endloop
  endfacet
  facet normal 0.5141027441932228 -0.8577286100002715 0
    outer loop
      vertex -29.407559489323077 -16.75403617834288 7
      vertex -30.19458167873328 -17.2257591249712 2
      vertex -29.407559489323077 -16.75403617834288 2
    endloop
  endfacet
  facet normal 0.42755509343028164 -0.9039892931234436 0
    outer loop
      vertex -28.57809009261359 -16.36172637101947 7
      vertex -29.407559489323077 -16.75403617834288 2
      vertex -28.57809009261359 -16.36172637101947 2
    endloop
  endfacet
  facet normal 0.3368898533922192 -0.941544065183021 0
    outer loop
      vertex -27.714161732329224 -16.052607860903848 7
      vertex -28.57809009261359 -16.36172637101947 2
      vertex -27.714161732329224 -16.052607860903848 2
    endloop
  endfacet
  facet normal 0.24298017990326332 -0.9700312531945442 0
    outer loop
      vertex -26.8240945108508 -15.829657628229796 7
      vertex -27.714161732329224 -16.052607860903848 2
      vertex -26.8240945108508 -15.829657628229796 2
    endloop
  endfacet
  facet normal 0.1467304744553623 -0.9891765099647808 0
    outer loop
      vertex -25.91646026208139 -15.69502280561496 7
      vertex -26.8240945108508 -15.829657628229796 2
      vertex -25.91646026208139 -15.69502280561496 2
    endloop
  endfacet
  facet normal 0.04906767432741805 -0.9987954562051723 0
    outer loop
      vertex -25 -15.65 7
      vertex -25.91646026208139 -15.69502280561496 2
      vertex -25 -15.65 2
    endloop
  endfacet
  facet normal -0.04906767432741805 -0.9987954562051723 0
    outer loop
      vertex -24.08353973791861 -15.69502280561496 7
      vertex -25 -15.65 2
      vertex -24.08353973791861 -15.69502280561496 2
    endloop
  endfacet
  facet normal -0.1467304744553623 -0.9891765099647808 0
    outer loop
      vertex -23.1759054891492 -15.829657628229796 7
      vertex -24.08353973791861 -15.69502280561496 2
      vertex -23.1759054891492 -15.829657628229796 2
    endloop
  endfacet
  facet normal -0.24298017990326332 -0.9700312531945442 0
    outer loop
      vertex -22.285838267670776 -16.052607860903848 7
      vertex -23.1759054891492 -15.829657628229796 2
      vertex -22.285838267670776 -16.052607860903848 2
    endloop
  endfacet
  facet normal 0 0 -1
    outer loop
      vertex -45 -45 2
      vertex -25 -34.35 2
      vertex 45 -45 2
    endloop
  endfacet
  facet normal 0 0 -1
    outer loop
      vertex 45 -45 2
      vertex -25 -34.35 2
      vertex -24.08353973791861 -34.30497719438504 2
    endloop
  endfacet
  facet normal 0 0 -1
    outer loop
      vertex 45 -45 2
      vertex -24.08353973791861 -34.30497719438504 2
      vertex -23.1759054891492 -34.170342371770204 2
    endloop
  endfacet
  facet normal 0 0 -1
    outer loop
      vertex 45 -45 2
      vertex -23.1759054891492 -34.170342371770204 2
      vertex -22.285838267670776 -33.94739213909615 2
    endloop
  endfacet
  facet normal 0 0 -1
    outer loop
      vertex -20.592440510676923 -33.24596382165712 2
      vertex -19.80541832126672 -32.774240875028795 2
      vertex 20.592440510676923 -33.24596382165712 2
    endloop
  endfacet
  facet normal 0 0 -1
    outer loop
      vertex -19.80541832126672 -32.774240875028795 2
      vertex -19.068422793069914 -32.22764773894159 2
      vertex 19.80541832126672 -32.774240875028795 2
    endloop
  endfacet
  facet normal 0 0 -1
    outer loop
      vertex -19.068422793069914 -32.22764773894159 2
      vertex -18.38855159590578 -31.61144840409422 2
      vertex 19.068422793069914 -32.22764773894159 2
    endloop
  endfacet
  facet normal 0 0 -1
    outer loop
      vertex -18.38855159590578 -31.61144840409422 2
      vertex -17.77235226105841 -30.931577206930086 2
      vertex 18.38855159590578 -31.61144840409422 2
    endloop
  endfacet
  facet normal 0 0 -1
    outer loop
      vertex -17.2257591249712 -30.19458167873328 2
      vertex 17.77235226105841 -30.931577206930086 2
      vertex -17.77235226105841 -30.931577206930086 2
    endloop
  endfacet
  facet normal 0 0 -1
    outer loop
      vertex -16.75403617834288 -29.407559489323077 2
      vertex 17.2257591249712 -30.19458167873328 2
      vertex -17.2257591249712 -30.19458167873328 2
    endloop
  endfacet
  facet normal 0 0 -1
    outer loop
      vertex -16.36172637101947 -28.57809009261359 2
      vertex 16.75403617834288 -29.407559489323077 2
      vertex -16.75403617834288 -29.407559489323077 2
    endloop
  endfacet
  facet normal 0 0 -1
    outer loop
      vertex -16.052607860903848 -27.714161732329224 2
      vertex 16.36172637101947 -28.57809009261359 2
      vertex -16.36172637101947 -28.57809009261359 2
    endloop
  endfacet
  facet normal 0 0 -1
    outer loop
      vertex -15.829657628229796 -26.8240945108508 2
      vertex 16.052607860903848 -27.714161732329224 2
      vertex -16.052607860903848 -27.714161732329224 2
    endloop
  endfacet
  facet normal 0 0 -1
    outer loop
      vertex -15.69502280561496 -25.91646026208139 2
      vertex 15.829657628229796 -26.8240945108508 2
      vertex -15.829657628229796 -26.8240945108508 2
    endloop
  endfacet
  facet normal 0 0 -1
    outer loop
      vertex -15.65 -25 2
      vertex 15.69502280561496 -25.91646026208139 2
      vertex -15.69502280561496 -25.91646026208139 2
    endloop
  endfacet
  facet normal 0 0 -1
    outer loop
      vertex -15.69502280561496 -24.08353973791861 2
      vertex 15.65 -25 2
      vertex -15.65 -25 2
    endloop
  endfacet
  facet normal 0 0 -1
    outer loop
      vertex -15.829657628229796 -23.1759054891492 2
      vertex 15.69502280561496 -24.08353973791861 2
      vertex -15.69502280561496 -24.08353973791861 2
    endloop
  endfacet
  facet normal 0 0 -1
    outer loop
      vertex -16.052607860903848 -22.285838267670776 2
      vertex 15.829657628229796 -23.1759054891492 2
      vertex -15.829657628229796 -23.1759054891492 2
    endloop
  endfacet
  facet normal -0.33688985339222266 0.9415440651830197 0
    outer loop
      vertex -22.285838267670776 -33.94739213909615 7
      vertex -21.42190990738641 -33.63827362898053 2
      vertex -22.285838267670776 -33.94739213909615 2
    endloop
  endfacet
  facet normal -0.42755509343027853 0.9039892931234451 0
    outer loop
      vertex -21.42190990738641 -33.63827362898053 7
      vertex -20.592440510676923 -33.24596382165712 2
      vertex -21.42190990738641 -33.63827362898053 2
    endloop
  endfacet
  facet normal -0.5141027441932255 0.8577286100002698 0
    outer loop
      vertex -20.592440510676923 -33.24596382165712 7
      vertex -19.80541832126672 -32.774240875028795 2
      vertex -20.592440510676923 -33.24596382165712 2
    endloop
  endfacet
  facet normal -0.595699304492429 0.8032075314806482 0
    outer loop
      vertex -19.80541832126672 -32.774240875028795 7
      vertex -19.068422793069914 -32.22764773894159 2
      vertex -19.80541832126672 -32.774240875028795 2
    endloop
  endfacet
  facet normal -0.6715589548470202 0.7409511253549576 0
    outer loop
      vertex -19.068422793069914 -32.22764773894159 7
      vertex -18.38855159590578 -31.61144840409422 2
      vertex -19.068422793069914 -32.22764773894159 2
    endloop
  endfacet
  facet normal -0.7409511253549576 0.6715589548470202 0
    outer loop
      vertex -18.38855159590578 -31.61144840409422 2
      vertex -18.38855159590578 -31.61144840409422 7
      vertex -17.77235226105841 -30.931577206930086 2
    endloop
  endfacet
  facet normal -0.8032075314806463 0.5956993044924316 0
    outer loop
      vertex -17.77235226105841 -30.931577206930086 7
      vertex -17.2257591249712 -30.19458167873328 2
      vertex -17.77235226105841 -30.931577206930086 2
    endloop
  endfacet
  facet normal -0.8577286100002715 0.5141027441932228 0
    outer loop
      vertex -17.2257591249712 -30.19458167873328 7
      vertex -16.75403617834288 -29.407559489323077 2
      vertex -17.2257591249712 -30.19458167873328 2
    endloop
  endfacet
  facet normal -0.9039892931234436 0.42755509343028164 0
    outer loop
      vertex -16.75403617834288 -29.407559489323077 7
      vertex -16.36172637101947 -28.57809009261359 2
      vertex -16.75403617834288 -29.407559489323077 2
    endloop
  endfacet
  facet normal -0.941544065183021 0.3368898533922192 0
    outer loop
      vertex -16.36172637101947 -28.57809009261359 7
      vertex -16.052607860903848 -27.714161732329224 2
      vertex -16.36172637101947 -28.57809009261359 2
    endloop
  endfacet
  facet normal -0.9700312531945442 0.24298017990326332 0
    outer loop
      vertex -16.052607860903848 -27.714161732329224 7
      vertex -15.829657628229796 -26.8240945108508 2
      vertex -16.052607860903848 -27.714161732329224 2
    endloop
  endfacet
  facet normal -0.9891765099647808 0.1467304744553623 0
    outer loop
      vertex -15.829657628229796 -26.8240945108508 7
      vertex -15.69502280561496 -25.91646026208139 2
      vertex -15.829657628229796 -26.8240945108508 2
    endloop
  endfacet
  facet normal -0.9987954562051723 0.04906767432741805 0
    outer loop
      vertex -15.69502280561496 -25.91646026208139 7
      vertex -15.65 -25 2
      vertex -15.69502280561496 -25.91646026208139 2
    endloop
  endfacet
  facet normal -0.9987954562051723 -0.04906767432741805 0
    outer loop
      vertex -15.65 -25 7
      vertex -15.69502280561496 -24.08353973791861 2
      vertex -15.65 -25 2
    endloop
  endfacet
  facet normal -0.9891765099647808 -0.1467304744553623 0
    outer loop
      vertex -15.69502280561496 -24.08353973791861 7
      vertex -15.829657628229796 -23.1759054891492 2
      vertex -15.69502280561496 -24.08353973791861 2
    endloop
  endfacet
  facet normal -0.9700312531945442 -0.24298017990326332 0
    outer loop
      vertex -15.829657628229796 -23.1759054891492 7
      vertex -16.052607860903848 -22.285838267670776 2
      vertex -15.829657628229796 -23.1759054891492 2
    endloop
  endfacet
  facet normal 0 0 -1
    outer loop
      vertex -20.592440510676923 -16.75403617834288 2
      vertex -21.42190990738641 -16.36172637101947 2
      vertex -2.392350839330522 -0.7257116931361558 2
    endloop
  endfacet
  facet normal 0 0 -1
    outer loop
      vertex -19.80541832126672 -17.2257591249712 2
      vertex -20.592440510676923 -16.75403617834288 2
      vertex -2.204803160870888 -1.1784918420649941 2
    endloop
  endfacet
  facet normal 0 0 -1
    outer loop
      vertex -16.75403617834288 -20.592440510676923 2
      vertex -0.7257116931361558 -2.392350839330522 2
      vertex -16.36172637101947 -21.42190990738641 2
    endloop
  endfacet
  facet normal 0 0 -1
    outer loop
      vertex -17.2257591249712 -19.80541832126672 2
      vertex -0.9567085809127245 -2.309698831278217 2
      vertex -16.75403617834288 -20.592440510676923 2
    endloop
  endfacet
  facet normal 0 0 -1
    outer loop
      vertex -19.068422793069914 -17.77235226105841 2
      vertex -19.80541832126672 -17.2257591249712 2
      vertex -2.078674030756363 -1.3889255825490054 2
    endloop
  endfacet
  facet normal 0 0 -1
    outer loop
      vertex -18.38855159590578 -18.38855159590578 2
      vertex -19.068422793069914 -17.77235226105841 2
      vertex -1.7677669529663689 -1.7677669529663689 2
    endloop
  endfacet
  facet normal 0 0 -1
    outer loop
      vertex -17.77235226105841 -19.068422793069914 2
      vertex -1.3889255825490054 -2.078674030756363 2
      vertex -17.2257591249712 -19.80541832126672 2
    endloop
  endfacet
  facet normal 0 0 -1
    outer loop
      vertex -18.38855159590578 -18.38855159590578 2
      vertex -1.5859832104091138 -1.9325261334068424 2
      vertex -17.77235226105841 -19.068422793069914 2
    endloop
  endfacet
  facet normal 0 0 -1
    outer loop
      vertex -25.91646026208139 -15.69502280561496 2
      vertex -26.8240945108508 -15.829657628229796 2
      vertex -2.204803160870888 1.1784918420649941 2
    endloop
  endfacet
  facet normal 0 0 -1
    outer loop
      vertex -25 -15.65 2
      vertex -25.91646026208139 -15.69502280561496 2
      vertex -2.309698831278217 0.9567085809127245 2
    endloop
  endfacet
  facet normal 0 0 -1
    outer loop
      vertex -24.08353973791861 -15.69502280561496 2
      vertex -25 -15.65 2
      vertex -2.451963201008076 0.4877258050403206 2
    endloop
  endfacet
  facet normal 0 0 -1
    outer loop
      vertex -23.1759054891492 -15.829657628229796 2
      vertex -24.08353973791861 -15.69502280561496 2
      vertex -2.4879618166804924 0.2450428508239015 2
    endloop
  endfacet
  facet normal 0 0 -1
    outer loop
      vertex -22.285838267670776 -16.052607860903848 2
      vertex -23.1759054891492 -15.829657628229796 2
      vertex -2.5 0 2
    endloop
  endfacet
  facet normal 0 0 -1
    outer loop
      vertex -21.42190990738641 -16.36172637101947 2
      vertex -22.285838267670776 -16.052607860903848 2
      vertex -2.451963201008076 -0.4877258050403206 2
    endloop
  endfacet
  facet normal 0 0 -1
    outer loop
      vertex -16.36172637101947 -21.42190990738641 2
      vertex 16.052607860903848 -22.285838267670776 2
      vertex -16.052607860903848 -22.285838267670776 2
    endloop
  endfacet
  facet normal 0 0 -1
    outer loop
      vertex -0.7257116931361558 -2.392350839330522 2
      vertex 16.36172637101947 -21.42190990738641 2
      vertex -16.36172637101947 -21.42190990738641 2
    endloop
  endfacet
  facet normal 0 0 -1
    outer loop
      vertex -21.42190990738641 -16.36172637101947 2
      vertex -2.451963201008076 -0.4877258050403206 2
      vertex -2.392350839330522 -0.7257116931361558 2
    endloop
  endfacet
  facet normal 0 0 -1
    outer loop
      vertex -1.7677669529663689 -1.7677669529663689 2
      vertex -19.068422793069914 -17.77235226105841 2
      vertex -1.9325261334068424 -1.5859832104091138 2
    endloop
  endfacet
  facet normal 0 0 -1
    outer loop
      vertex -18.38855159590578 -18.38855159590578 2
      vertex -1.7677669529663689 -1.7677669529663689 2
      vertex -1.5859832104091138 -1.9325261334068424 2
    endloop
  endfacet
  facet normal 0 0 -1
    outer loop
      vertex -19.80541832126672 -17.2257591249712 2
      vertex -2.204803160870888 -1.1784918420649941 2
      vertex -2.078674030756363 -1.3889255825490054 2
    endloop
  endfacet
  facet normal 0 0 -1
    outer loop
      vertex -2.204803160870888 -1.1784918420649941 2
      vertex -20.592440510676923 -16.75403617834288 2
      vertex -2.309698831278217 -0.9567085809127245 2
    endloop
  endfacet
  facet normal 0 0 -1
    outer loop
      vertex -20.592440510676923 -16.75403617834288 2
      vertex -2.392350839330522 -0.7257116931361558 2
      vertex -2.309698831278217 -0.9567085809127245 2
    endloop
  endfacet
  facet normal 0 0 -1
    outer loop
      vertex -19.068422793069914 -17.77235226105841 2
      vertex -2.078674030756363 -1.3889255825490054 2
      vertex -1.9325261334068424 -1.5859832104091138 2
    endloop
  endfacet
  facet normal 0 0 -1
    outer loop
      vertex -17.2257591249712 -19.80541832126672 2
      vertex -1.1784918420649941 -2.204803160870888 2
      vertex -0.9567085809127245 -2.309698831278217 2
    endloop
  endfacet
  facet normal 0 0 -1
    outer loop
      vertex -1.3889255825490054 -2.078674030756363 2
      vertex -1.1784918420649941 -2.204803160870888 2
      vertex -17.2257591249712 -19.80541832126672 2
    endloop
  endfacet
  facet normal 0 0 -1
    outer loop
      vertex -1.5859832104091138 -1.9325261334068424 2
      vertex -1.3889255825490054 -2.078674030756363 2
      vertex -17.77235226105841 -19.068422793069914 2
    endloop
  endfacet
  facet normal 0 0 -1
    outer loop
      vertex -0.9567085809127245 -2.309698831278217 2
      vertex -0.7257116931361558 -2.392350839330522 2
      vertex -16.75403617834288 -20.592440510676923 2
    endloop
  endfacet
  facet normal 0 0 -1
    outer loop
      vertex -25 -15.65 2
      vertex -2.392350839330522 0.7257116931361558 2
      vertex -2.451963201008076 0.4877258050403206 2
    endloop
  endfacet
  facet normal 0 0 -1
    outer loop
      vertex -25 -15.65 2
      vertex -2.309698831278217 0.9567085809127245 2
      vertex -2.392350839330522 0.7257116931361558 2
    endloop
  endfacet
  facet normal 0 0 -1
    outer loop
      vertex -25.91646026208139 -15.69502280561496 2
      vertex -2.204803160870888 1.1784918420649941 2
      vertex -2.309698831278217 0.9567085809127245 2
    endloop
  endfacet
  facet normal 0 0 -1
    outer loop
      vertex -24.08353973791861 -15.69502280561496 2
      vertex -2.451963201008076 0.4877258050403206 2
      vertex -2.4879618166804924 0.2450428508239015 2
    endloop
  endfacet
  facet normal 0 0 -1
    outer loop
      vertex -23.1759054891492 -15.829657628229796 2
      vertex -2.4879618166804924 0.2450428508239015 2
      vertex -2.5 0 2
    endloop
  endfacet
  facet normal 0 0 -1
    outer loop
      vertex -2.451963201008076 -0.4877258050403206 2
      vertex -22.285838267670776 -16.052607860903848 2
      vertex -2.4879618166804924 -0.2450428508239015 2
    endloop
  endfacet
  facet normal 0 0 -1
    outer loop
      vertex -22.285838267670776 -16.052607860903848 2
      vertex -2.5 0 2
      vertex -2.4879618166804924 -0.2450428508239015 2
    endloop
  endfacet
  facet normal -0.5141027441932228 -0.8577286100002715 0
    outer loop
      vertex -19.80541832126672 -17.2257591249712 7
      vertex -20.592440510676923 -16.75403617834288 2
      vertex -19.80541832126672 -17.2257591249712 2
    endloop
  endfacet
  facet normal -0.8577286100002715 -0.5141027441932228 0
    outer loop
      vertex -16.75403617834288 -20.592440510676923 7
      vertex -17.2257591249712 -19.80541832126672 2
      vertex -16.75403617834288 -20.592440510676923 2
    endloop
  endfacet
  facet normal -0.5956993044924316 -0.8032075314806463 0
    outer loop
      vertex -19.068422793069914 -17.77235226105841 7
      vertex -19.80541832126672 -17.2257591249712 2
      vertex -19.068422793069914 -17.77235226105841 2
    endloop
  endfacet
  facet normal -0.6715589548470202 -0.7409511253549576 0
    outer loop
      vertex -19.068422793069914 -17.77235226105841 2
      vertex -18.38855159590578 -18.38855159590578 2
      vertex -18.38855159590578 -18.38855159590578 7
    endloop
  endfacet
  facet normal -0.7409511253549576 -0.6715589548470202 0
    outer loop
      vertex -17.77235226105841 -19.068422793069914 7
      vertex -18.38855159590578 -18.38855159590578 2
      vertex -17.77235226105841 -19.068422793069914 2
    endloop
  endfacet
  facet normal -0.8032075314806463 -0.5956993044924316 0
    outer loop
      vertex -17.2257591249712 -19.80541832126672 7
      vertex -17.77235226105841 -19.068422793069914 2
      vertex -17.2257591249712 -19.80541832126672 2
    endloop
  endfacet
  facet normal -0.3368898533922192 -0.941544065183021 0
    outer loop
      vertex -21.42190990738641 -16.36172637101947 7
      vertex -22.285838267670776 -16.052607860903848 2
      vertex -21.42190990738641 -16.36172637101947 2
    endloop
  endfacet
  facet normal -0.42755509343028164 -0.9039892931234436 0
    outer loop
      vertex -20.592440510676923 -16.75403617834288 7
      vertex -21.42190990738641 -16.36172637101947 2
      vertex -20.592440510676923 -16.75403617834288 2
    endloop
  endfacet
  facet normal -0.9039892931234436 -0.42755509343028164 0
    outer loop
      vertex -16.36172637101947 -21.42190990738641 7
      vertex -16.75403617834288 -20.592440510676923 2
      vertex -16.36172637101947 -21.42190990738641 2
    endloop
  endfacet
  facet normal -0.941544065183021 -0.3368898533922192 0
    outer loop
      vertex -16.052607860903848 -22.285838267670776 7
      vertex -16.36172637101947 -21.42190990738641 2
      vertex -16.052607860903848 -22.285838267670776 2
    endloop
  endfacet
  facet normal 0.803207531480645 0.595699304492433 0
    outer loop
      vertex -2.078674030756363 -1.3889255825490054 7
      vertex -1.9325261334068424 -1.5859832104091138 2
      vertex -2.078674030756363 -1.3889255825490054 2
    endloop
  endfacet
  facet normal 0.7409511253549591 0.6715589548470183 0
    outer loop
      vertex -1.9325261334068424 -1.5859832104091138 7
      vertex -1.7677669529663689 -1.7677669529663689 2
      vertex -1.9325261334068424 -1.5859832104091138 2
    endloop
  endfacet
  facet normal 0.6715589548470183 0.7409511253549591 0
    outer loop
      vertex -1.7677669529663689 -1.7677669529663689 7
      vertex -1.5859832104091138 -1.9325261334068424 2
      vertex -1.7677669529663689 -1.7677669529663689 2
    endloop
  endfacet
  facet normal 0.595699304492433 0.803207531480645 0
    outer loop
      vertex -1.5859832104091138 -1.9325261334068424 7
      vertex -1.3889255825490054 -2.078674030756363 2
      vertex -1.5859832104091138 -1.9325261334068424 2
    endloop
  endfacet
  facet normal 0.8577286100002717 0.5141027441932224 0
    outer loop
      vertex -2.204803160870888 -1.1784918420649941 7
      vertex -2.078674030756363 -1.3889255825490054 2
      vertex -2.204803160870888 -1.1784918420649941 2
    endloop
  endfacet
  facet normal 0.9415440651830213 0.33688985339221883 0
    outer loop
      vertex -2.392350839330522 -0.7257116931361558 7
      vertex -2.309698831278217 -0.9567085809127245 2
      vertex -2.392350839330522 -0.7257116931361558 2
    endloop
  endfacet
  facet normal 0.9039892931234436 0.4275550934302817 0
    outer loop
      vertex -2.309698831278217 -0.9567085809127245 7
      vertex -2.204803160870888 -1.1784918420649941 2
      vertex -2.309698831278217 -0.9567085809127245 2
    endloop
  endfacet
  facet normal 0.9891765099647808 0.14673047445536283 0
    outer loop
      vertex -2.4879618166804924 -0.2450428508239015 7
      vertex -2.451963201008076 -0.4877258050403206 2
      vertex -2.4879618166804924 -0.2450428508239015 2
    endloop
  endfacet
  facet normal 0.9987954562051724 0.049067674327417134 0
    outer loop
      vertex -2.5 0 7
      vertex -2.4879618166804924 -0.2450428508239015 2
      vertex -2.5 0 2
    endloop
  endfacet
  facet normal 0.9700312531945439 0.2429801799032646 0
    outer loop
      vertex -2.451963201008076 -0.4877258050403206 7
      vertex -2.392350839330522 -0.7257116931361558 2
      vertex -2.451963201008076 -0.4877258050403206 2
    endloop
  endfacet
  facet normal 0.5141027441932224 0.8577286100002717 0
    outer loop
      vertex -1.3889255825490054 -2.078674030756363 7
      vertex -1.1784918420649941 -2.204803160870888 2
      vertex -1.3889255825490054 -2.078674030756363 2
    endloop
  endfacet
  facet normal 0.4275550934302817 0.9039892931234436 0
    outer loop
      vertex -1.1784918420649941 -2.204803160870888 7
      vertex -0.9567085809127245 -2.309698831278217 2
      vertex -1.1784918420649941 -2.204803160870888 2
    endloop
  endfacet
  facet normal 0.33688985339221883 0.9415440651830213 0
    outer loop
      vertex -0.9567085809127245 -2.309698831278217 7
      vertex -0.7257116931361558 -2.392350839330522 2
      vertex -0.9567085809127245 -2.309698831278217 2
    endloop
  endfacet
  facet normal 0.14673047445536283 0.9891765099647808 0
    outer loop
      vertex -0.4877258050403206 -2.451963201008076 7
      vertex -0.2450428508239015 -2.4879618166804924 2
      vertex -0.4877258050403206 -2.451963201008076 2
    endloop
  endfacet
  facet normal 0.2429801799032646 0.9700312531945439 0
    outer loop
      vertex -0.7257116931361558 -2.392350839330522 7
      vertex -0.4877258050403206 -2.451963201008076 2
      vertex -0.7257116931361558 -2.392350839330522 2
    endloop
  endfacet
  facet normal 0.049067674327417134 0.9987954562051724 0
    outer loop
      vertex -0.2450428508239015 -2.4879618166804924 7
      vertex 0 -2.5 2
      vertex -0.2450428508239015 -2.4879618166804924 2
    endloop
  endfacet
  facet normal 0.9700312531945442 0.24298017990326332 0
    outer loop
      vertex -34.170342371770204 -26.8240945108508 7
      vertex -33.94739213909615 -27.714161732329224 7
      vertex -33.94739213909615 -27.714161732329224 2
    endloop
  endfacet
  facet normal 0.9891765099647811 0.14673047445536042 0
    outer loop
      vertex -34.30497719438504 -25.91646026208139 7
      vertex -34.170342371770204 -26.8240945108508 7
      vertex -34.170342371770204 -26.8240945108508 2
    endloop
  endfacet
  facet normal 0.9987954562051721 0.049067674327421915 0
    outer loop
      vertex -34.35 -25 7
      vertex -34.30497719438504 -25.91646026208139 7
      vertex -34.30497719438504 -25.91646026208139 2
    endloop
  endfacet
  facet normal 0.9987954562051721 -0.049067674327421915 0
    outer loop
      vertex -34.30497719438504 -24.08353973791861 7
      vertex -34.35 -25 7
      vertex -34.35 -25 2
    endloop
  endfacet
  facet normal 0.9891765099647811 -0.14673047445536042 0
    outer loop
      vertex -34.170342371770204 -23.1759054891492 7
      vertex -34.30497719438504 -24.08353973791861 7
      vertex -34.30497719438504 -24.08353973791861 2
    endloop
  endfacet
  facet normal 0.9700312531945442 -0.24298017990326332 0
    outer loop
      vertex -33.94739213909615 -22.285838267670776 7
      vertex -34.170342371770204 -23.1759054891492 7
      vertex -34.170342371770204 -23.1759054891492 2
    endloop
  endfacet
  facet normal 0.33688985339222266 0.9415440651830197 0
    outer loop
      vertex -27.714161732329224 -33.94739213909615 7
      vertex -27.714161732329224 -33.94739213909615 2
      vertex -28.57809009261359 -33.63827362898053 7
    endloop
  endfacet
  facet normal 0.24298017990326332 0.9700312531945442 0
    outer loop
      vertex -26.8240945108508 -34.170342371770204 7
      vertex -26.8240945108508 -34.170342371770204 2
      vertex -27.714161732329224 -33.94739213909615 7
    endloop
  endfacet
  facet normal 0.14673047445536042 0.9891765099647811 0
    outer loop
      vertex -25.91646026208139 -34.30497719438504 7
      vertex -25.91646026208139 -34.30497719438504 2
      vertex -26.8240945108508 -34.170342371770204 7
    endloop
  endfacet
  facet normal 0.049067674327421915 0.9987954562051721 0
    outer loop
      vertex -25 -34.35 7
      vertex -25 -34.35 2
      vertex -25.91646026208139 -34.30497719438504 7
    endloop
  endfacet
  facet normal -0.049067674327421915 0.9987954562051721 0
    outer loop
      vertex -24.08353973791861 -34.30497719438504 7
      vertex -24.08353973791861 -34.30497719438504 2
      vertex -25 -34.35 7
    endloop
  endfacet
  facet normal -0.14673047445536042 0.9891765099647811 0
    outer loop
      vertex -23.1759054891492 -34.170342371770204 7
      vertex -23.1759054891492 -34.170342371770204 2
      vertex -24.08353973791861 -34.30497719438504 7
    endloop
  endfacet
  facet normal -0.24298017990326332 0.9700312531945442 0
    outer loop
      vertex -22.285838267670776 -33.94739213909615 7
      vertex -22.285838267670776 -33.94739213909615 2
      vertex -23.1759054891492 -34.170342371770204 7
    endloop
  endfacet
  facet normal 0.7409511253549576 0.6715589548470202 0
    outer loop
      vertex -32.22764773894159 -30.931577206930086 7
      vertex -31.61144840409422 -31.61144840409422 7
      vertex -31.61144840409422 -31.61144840409422 2
    endloop
  endfacet
  facet normal 0.6715589548470202 0.7409511253549576 0
    outer loop
      vertex -30.931577206930086 -32.22764773894159 7
      vertex -30.931577206930086 -32.22764773894159 2
      vertex -31.61144840409422 -31.61144840409422 7
    endloop
  endfacet
  facet normal 0.8032075314806482 0.595699304492429 0
    outer loop
      vertex -32.774240875028795 -30.19458167873328 7
      vertex -32.22764773894159 -30.931577206930086 7
      vertex -32.22764773894159 -30.931577206930086 2
    endloop
  endfacet
  facet normal 0.8577286100002698 0.5141027441932255 0
    outer loop
      vertex -33.24596382165712 -29.407559489323077 7
      vertex -32.774240875028795 -30.19458167873328 7
      vertex -32.774240875028795 -30.19458167873328 2
    endloop
  endfacet
  facet normal 0.9039892931234451 0.42755509343027853 0
    outer loop
      vertex -33.63827362898053 -28.57809009261359 7
      vertex -33.24596382165712 -29.407559489323077 7
      vertex -33.24596382165712 -29.407559489323077 2
    endloop
  endfacet
  facet normal 0.9415440651830197 0.33688985339222266 0
    outer loop
      vertex -33.94739213909615 -27.714161732329224 7
      vertex -33.63827362898053 -28.57809009261359 7
      vertex -33.63827362898053 -28.57809009261359 2
    endloop
  endfacet
  facet normal 0.595699304492429 0.8032075314806482 0
    outer loop
      vertex -30.19458167873328 -32.774240875028795 7
      vertex -30.19458167873328 -32.774240875028795 2
      vertex -30.931577206930086 -32.22764773894159 7
    endloop
  endfacet
  facet normal 0.5141027441932255 0.8577286100002698 0
    outer loop
      vertex -29.407559489323077 -33.24596382165712 7
      vertex -29.407559489323077 -33.24596382165712 2
      vertex -30.19458167873328 -32.774240875028795 7
    endloop
  endfacet
  facet normal 0.42755509343027853 0.9039892931234451 0
    outer loop
      vertex -28.57809009261359 -33.63827362898053 7
      vertex -28.57809009261359 -33.63827362898053 2
      vertex -29.407559489323077 -33.24596382165712 7
    endloop
  endfacet
  facet normal 0 0 1
    outer loop
      vertex -45 -45 7
      vertex -32.22764773894159 -30.931577206930086 7
      vertex -32.774240875028795 -30.19458167873328 7
    endloop
  endfacet
  facet normal 0 0 1
    outer loop
      vertex -45 -45 7
      vertex -33.24596382165712 -29.407559489323077 7
      vertex -33.63827362898053 -28.57809009261359 7
    endloop
  endfacet
  facet normal 0 0 1
    outer loop
      vertex -45 -45 7
      vertex -33.63827362898053 -28.57809009261359 7
      vertex -33.94739213909615 -27.714161732329224 7
    endloop
  endfacet
  facet normal 0 0 1
    outer loop
      vertex -45 -45 7
      vertex -32.774240875028795 -30.19458167873328 7
      vertex -33.24596382165712 -29.407559489323077 7
    endloop
  endfacet
  facet normal 0 0 1
    outer loop
      vertex -45 -45 7
      vertex -30.19458167873328 -32.774240875028795 7
      vertex -30.931577206930086 -32.22764773894159 7
    endloop
  endfacet
  facet normal 0 0 1
    outer loop
      vertex -45 -45 7
      vertex -29.407559489323077 -33.24596382165712 7
      vertex -30.19458167873328 -32.774240875028795 7
    endloop
  endfacet
  facet normal 0 0 1
    outer loop
      vertex -45 -45 7
      vertex -28.57809009261359 -33.63827362898053 7
      vertex -29.407559489323077 -33.24596382165712 7
    endloop
  endfacet
  facet normal 0 0 1
    outer loop
      vertex -45 -45 7
      vertex -27.714161732329224 -33.94739213909615 7
      vertex -28.57809009261359 -33.63827362898053 7
    endloop
  endfacet
  facet normal 0 0 1
    outer loop
      vertex -45 -45 7
      vertex -31.61144840409422 -31.61144840409422 7
      vertex -32.22764773894159 -30.931577206930086 7
    endloop
  endfacet
  facet normal 0 0 1
    outer loop
      vertex -45 -45 7
      vertex -30.931577206930086 -32.22764773894159 7
      vertex -31.61144840409422 -31.61144840409422 7
    endloop
  endfacet
  facet normal 0 0 1
    outer loop
      vertex -45 -45 7
      vertex -33.94739213909615 -27.714161732329224 7
      vertex -34.170342371770204 -26.8240945108508 7
    endloop
  endfacet
  facet normal 0 0 1
    outer loop
      vertex -45 -45 7
      vertex -34.170342371770204 -26.8240945108508 7
      vertex -34.30497719438504 -25.91646026208139 7
    endloop
  endfacet
  facet normal 0 0 1
    outer loop
      vertex -45 -45 7
      vertex -34.30497719438504 -25.91646026208139 7
      vertex -34.35 -25 7
    endloop
  endfacet
  facet normal 0 0 1
    outer loop
      vertex -45 -45 7
      vertex -26.8240945108508 -34.170342371770204 7
      vertex -27.714161732329224 -33.94739213909615 7
    endloop
  endfacet
  facet normal 0 0 1
    outer loop
      vertex -45 -45 7
      vertex -25.91646026208139 -34.30497719438504 7
      vertex -26.8240945108508 -34.170342371770204 7
    endloop
  endfacet
  facet normal 0 0 1
    outer loop
      vertex -45 -45 7
      vertex -25 -34.35 7
      vertex -25.91646026208139 -34.30497719438504 7
    endloop
  endfacet
  facet normal 0 0 1
    outer loop
      vertex -45 -45 7
      vertex -24.08353973791861 -34.30497719438504 7
      vertex -25 -34.35 7
    endloop
  endfacet
  facet normal 0 0 1
    outer loop
      vertex -45 -45 7
      vertex -23.1759054891492 -34.170342371770204 7
      vertex -24.08353973791861 -34.30497719438504 7
    endloop
  endfacet
  facet normal 0 0 1
    outer loop
      vertex -45 -45 7
      vertex -22.285838267670776 -33.94739213909615 7
      vertex -23.1759054891492 -34.170342371770204 7
    endloop
  endfacet
  facet normal 0 0 1
    outer loop
      vertex -45 -45 7
      vertex -21.42190990738641 -33.63827362898053 7
      vertex -22.285838267670776 -33.94739213909615 7
    endloop
  endfacet
  facet normal -1 0 0
    outer loop
      vertex -45 -45 2
      vertex -45 -45 7
      vertex -45 45 7
    endloop
  endfacet
  facet normal 0.9415440651830197 -0.33688985339222266 0
    outer loop
      vertex -33.63827362898053 -21.42190990738641 7
      vertex -33.94739213909615 -22.285838267670776 7
      vertex -33.94739213909615 -22.285838267670776 2
    endloop
  endfacet
  facet normal 0.9039892931234451 -0.42755509343027853 0
    outer loop
      vertex -33.24596382165712 -20.592440510676923 7
      vertex -33.63827362898053 -21.42190990738641 7
      vertex -33.63827362898053 -21.42190990738641 2
    endloop
  endfacet
  facet normal 0.8577286100002698 -0.5141027441932255 0
    outer loop
      vertex -32.774240875028795 -19.80541832126672 7
      vertex -33.24596382165712 -20.592440510676923 7
      vertex -33.24596382165712 -20.592440510676923 2
    endloop
  endfacet
  facet normal 0.8032075314806482 -0.595699304492429 0
    outer loop
      vertex -32.22764773894159 -19.068422793069914 7
      vertex -32.774240875028795 -19.80541832126672 7
      vertex -32.774240875028795 -19.80541832126672 2
    endloop
  endfacet
  facet normal 0.7409511253549576 -0.6715589548470202 0
    outer loop
      vertex -31.61144840409422 -18.38855159590578 7
      vertex -32.22764773894159 -19.068422793069914 7
      vertex -32.22764773894159 -19.068422793069914 2
    endloop
  endfacet
  facet normal 0.6715589548470202 -0.7409511253549576 0
    outer loop
      vertex -31.61144840409422 -18.38855159590578 7
      vertex -31.61144840409422 -18.38855159590578 2
      vertex -30.931577206930086 -17.77235226105841 7
    endloop
  endfacet
  facet normal 0.5956993044924316 -0.8032075314806463 0
    outer loop
      vertex -30.931577206930086 -17.77235226105841 7
      vertex -30.931577206930086 -17.77235226105841 2
      vertex -30.19458167873328 -17.2257591249712 7
    endloop
  endfacet
  facet normal 0.5141027441932228 -0.8577286100002715 0
    outer loop
      vertex -30.19458167873328 -17.2257591249712 7
      vertex -30.19458167873328 -17.2257591249712 2
      vertex -29.407559489323077 -16.75403617834288 7
    endloop
  endfacet
  facet normal 0.42755509343028164 -0.9039892931234436 0
    outer loop
      vertex -29.407559489323077 -16.75403617834288 7
      vertex -29.407559489323077 -16.75403617834288 2
      vertex -28.57809009261359 -16.36172637101947 7
    endloop
  endfacet
  facet normal 0.3368898533922192 -0.941544065183021 0
    outer loop
      vertex -28.57809009261359 -16.36172637101947 7
      vertex -28.57809009261359 -16.36172637101947 2
      vertex -27.714161732329224 -16.052607860903848 7
    endloop
  endfacet
  facet normal 0.24298017990326332 -0.9700312531945442 0
    outer loop
      vertex -27.714161732329224 -16.052607860903848 7
      vertex -27.714161732329224 -16.052607860903848 2
      vertex -26.8240945108508 -15.829657628229796 7
    endloop
  endfacet
  facet normal 0.1467304744553623 -0.9891765099647808 0
    outer loop
      vertex -26.8240945108508 -15.829657628229796 7
      vertex -26.8240945108508 -15.829657628229796 2
      vertex -25.91646026208139 -15.69502280561496 7
    endloop
  endfacet
  facet normal 0.04906767432741805 -0.9987954562051723 0
    outer loop
      vertex -25.91646026208139 -15.69502280561496 7
      vertex -25.91646026208139 -15.69502280561496 2
      vertex -25 -15.65 7
    endloop
  endfacet
  facet normal -0.04906767432741805 -0.9987954562051723 0
    outer loop
      vertex -25 -15.65 7
      vertex -25 -15.65 2
      vertex -24.08353973791861 -15.69502280561496 7
    endloop
  endfacet
  facet normal -0.1467304744553623 -0.9891765099647808 0
    outer loop
      vertex -24.08353973791861 -15.69502280561496 7
      vertex -24.08353973791861 -15.69502280561496 2
      vertex -23.1759054891492 -15.829657628229796 7
    endloop
  endfacet
  facet normal -0.24298017990326332 -0.9700312531945442 0
    outer loop
      vertex -23.1759054891492 -15.829657628229796 7
      vertex -23.1759054891492 -15.829657628229796 2
      vertex -22.285838267670776 -16.052607860903848 7
    endloop
  endfacet
  facet normal 0 0 1
    outer loop
      vertex -45 -45 7
      vertex -34.35 -25 7
      vertex -33.63827362898053 21.42190990738641 7
    endloop
  endfacet
  facet normal 0 0 1
    outer loop
      vertex -34.30497719438504 -24.08353973791861 7
      vertex -33.63827362898053 21.42190990738641 7
      vertex -34.35 -25 7
    endloop
  endfacet
  facet normal 0 0 1
    outer loop
      vertex -34.170342371770204 -23.1759054891492 7
      vertex -33.63827362898053 21.42190990738641 7
      vertex -34.30497719438504 -24.08353973791861 7
    endloop
  endfacet
  facet normal 0 0 1
    outer loop
      vertex -33.94739213909615 -22.285838267670776 7
      vertex -33.63827362898053 21.42190990738641 7
      vertex -34.170342371770204 -23.1759054891492 7
    endloop
  endfacet
  facet normal 0 0 1
    outer loop
      vertex -45 -45 7
      vertex -33.63827362898053 21.42190990738641 7
      vertex -33.94739213909615 22.285838267670776 7
    endloop
  endfacet
  facet normal 0 0 1
    outer loop
      vertex -33.63827362898053 -21.42190990738641 7
      vertex -33.63827362898053 21.42190990738641 7
      vertex -33.94739213909615 -22.285838267670776 7
    endloop
  endfacet
  facet normal 0 0 1
    outer loop
      vertex -33.24596382165712 -20.592440510676923 7
      vertex -33.63827362898053 21.42190990738641 7
      vertex -33.63827362898053 -21.42190990738641 7
    endloop
  endfacet
  facet normal 0 0 1
    outer loop
      vertex -32.774240875028795 -19.80541832126672 7
      vertex -33.24596382165712 20.592440510676923 7
      vertex -33.24596382165712 -20.592440510676923 7
    endloop
  endfacet
  facet normal 0 0 1
    outer loop
      vertex -32.22764773894159 -19.068422793069914 7
      vertex -32.774240875028795 19.80541832126672 7
      vertex -32.774240875028795 -19.80541832126672 7
    endloop
  endfacet
  facet normal 0 0 1
    outer loop
      vertex -31.61144840409422 -18.38855159590578 7
      vertex -32.22764773894159 19.068422793069914 7
      vertex -32.22764773894159 -19.068422793069914 7
    endloop
  endfacet
  facet normal 0 0 1
    outer loop
      vertex -31.61144840409422 -18.38855159590578 7
      vertex -30.931577206930086 -17.77235226105841 7
      vertex -31.61144840409422 18.38855159590578 7
    endloop
  endfacet
  facet normal 0 0 1
    outer loop
      vertex -30.931577206930086 -17.77235226105841 7
      vertex -30.19458167873328 -17.2257591249712 7
      vertex -30.931577206930086 17.77235226105841 7
    endloop
  endfacet
  facet normal 0 0 1
    outer loop
      vertex -30.19458167873328 -17.2257591249712 7
      vertex -29.407559489323077 -16.75403617834288 7
      vertex -30.19458167873328 17.2257591249712 7
    endloop
  endfacet
  facet normal 0 0 1
    outer loop
      vertex -29.407559489323077 -16.75403617834288 7
      vertex -28.57809009261359 -16.36172637101947 7
      vertex -29.407559489323077 16.75403617834288 7
    endloop
  endfacet
  facet normal 0 0 1
    outer loop
      vertex -28.57809009261359 -16.36172637101947 7
      vertex -27.714161732329224 -16.052607860903848 7
      vertex -28.57809009261359 16.36172637101947 7
    endloop
  endfacet
  facet normal 0 0 1
    outer loop
      vertex -27.714161732329224 -16.052607860903848 7
      vertex -26.8240945108508 -15.829657628229796 7
      vertex -27.714161732329224 16.052607860903848 7
    endloop
  endfacet
  facet normal 0 0 1
    outer loop
      vertex -26.8240945108508 -15.829657628229796 7
      vertex -25.91646026208139 -15.69502280561496 7
      vertex -26.8240945108508 15.829657628229796 7
    endloop
  endfacet
  facet normal 0 0 1
    outer loop
      vertex -25.91646026208139 -15.69502280561496 7
      vertex -25 -15.65 7
      vertex -25.91646026208139 15.69502280561496 7
    endloop
  endfacet
  facet normal 0 0 1
    outer loop
      vertex -25 -15.65 7
      vertex -24.08353973791861 -15.69502280561496 7
      vertex -25 15.65 7
    endloop
  endfacet
  facet normal 0 0 1
    outer loop
      vertex -24.08353973791861 -15.69502280561496 7
      vertex -23.1759054891492 -15.829657628229796 7
      vertex -24.08353973791861 15.69502280561496 7
    endloop
  endfacet
  facet normal 0 0 1
    outer loop
      vertex -23.1759054891492 -15.829657628229796 7
      vertex -22.285838267670776 -16.052607860903848 7
      vertex -23.1759054891492 15.829657628229796 7
    endloop
  endfacet
  facet normal 0 -1 0
    outer loop
      vertex -45 -45 2
      vertex 45 -45 7
      vertex -45 -45 7
    endloop
  endfacet
  facet normal -0.33688985339222266 0.9415440651830197 0
    outer loop
      vertex -21.42190990738641 -33.63827362898053 7
      vertex -21.42190990738641 -33.63827362898053 2
      vertex -22.285838267670776 -33.94739213909615 7
    endloop
  endfacet
  facet normal -0.42755509343027853 0.9039892931234451 0
    outer loop
      vertex -20.592440510676923 -33.24596382165712 7
      vertex -20.592440510676923 -33.24596382165712 2
      vertex -21.42190990738641 -33.63827362898053 7
    endloop
  endfacet
  facet normal -0.5141027441932255 0.8577286100002698 0
    outer loop
      vertex -19.80541832126672 -32.774240875028795 7
      vertex -19.80541832126672 -32.774240875028795 2
      vertex -20.592440510676923 -33.24596382165712 7
    endloop
  endfacet
  facet normal -0.595699304492429 0.8032075314806482 0
    outer loop
      vertex -19.068422793069914 -32.22764773894159 7
      vertex -19.068422793069914 -32.22764773894159 2
      vertex -19.80541832126672 -32.774240875028795 7
    endloop
  endfacet
  facet normal -0.6715589548470202 0.7409511253549576 0
    outer loop
      vertex -18.38855159590578 -31.61144840409422 7
      vertex -18.38855159590578 -31.61144840409422 2
      vertex -19.068422793069914 -32.22764773894159 7
    endloop
  endfacet
  facet normal -0.7409511253549576 0.6715589548470202 0
    outer loop
      vertex -18.38855159590578 -31.61144840409422 7
      vertex -17.77235226105841 -30.931577206930086 7
      vertex -17.77235226105841 -30.931577206930086 2
    endloop
  endfacet
  facet normal -0.8032075314806463 0.5956993044924316 0
    outer loop
      vertex -17.77235226105841 -30.931577206930086 7
      vertex -17.2257591249712 -30.19458167873328 7
      vertex -17.2257591249712 -30.19458167873328 2
    endloop
  endfacet
  facet normal -0.8577286100002715 0.5141027441932228 0
    outer loop
      vertex -17.2257591249712 -30.19458167873328 7
      vertex -16.75403617834288 -29.407559489323077 7
      vertex -16.75403617834288 -29.407559489323077 2
    endloop
  endfacet
  facet normal -0.9039892931234436 0.42755509343028164 0
    outer loop
      vertex -16.75403617834288 -29.407559489323077 7
      vertex -16.36172637101947 -28.57809009261359 7
      vertex -16.36172637101947 -28.57809009261359 2
    endloop
  endfacet
  facet normal -0.941544065183021 0.3368898533922192 0
    outer loop
      vertex -16.36172637101947 -28.57809009261359 7
      vertex -16.052607860903848 -27.714161732329224 7
      vertex -16.052607860903848 -27.714161732329224 2
    endloop
  endfacet
  facet normal -0.9700312531945442 0.24298017990326332 0
    outer loop
      vertex -16.052607860903848 -27.714161732329224 7
      vertex -15.829657628229796 -26.8240945108508 7
      vertex -15.829657628229796 -26.8240945108508 2
    endloop
  endfacet
  facet normal -0.9891765099647808 0.1467304744553623 0
    outer loop
      vertex -15.829657628229796 -26.8240945108508 7
      vertex -15.69502280561496 -25.91646026208139 7
      vertex -15.69502280561496 -25.91646026208139 2
    endloop
  endfacet
  facet normal -0.9987954562051723 0.04906767432741805 0
    outer loop
      vertex -15.69502280561496 -25.91646026208139 7
      vertex -15.65 -25 7
      vertex -15.65 -25 2
    endloop
  endfacet
  facet normal -0.9987954562051723 -0.04906767432741805 0
    outer loop
      vertex -15.65 -25 7
      vertex -15.69502280561496 -24.08353973791861 7
      vertex -15.69502280561496 -24.08353973791861 2
    endloop
  endfacet
  facet normal -0.9891765099647808 -0.1467304744553623 0
    outer loop
      vertex -15.69502280561496 -24.08353973791861 7
      vertex -15.829657628229796 -23.1759054891492 7
      vertex -15.829657628229796 -23.1759054891492 2
    endloop
  endfacet
  facet normal -0.9700312531945442 -0.24298017990326332 0
    outer loop
      vertex -15.829657628229796 -23.1759054891492 7
      vertex -16.052607860903848 -22.285838267670776 7
      vertex -16.052607860903848 -22.285838267670776 2
    endloop
  endfacet
  facet normal 0 0 1
    outer loop
      vertex -45 -45 7
      vertex 20.592440510676923 -33.24596382165712 7
      vertex -21.42190990738641 -33.63827362898053 7
    endloop
  endfacet
  facet normal 0 0 1
    outer loop
      vertex -45 -45 7
      vertex 21.42190990738641 -33.63827362898053 7
      vertex 20.592440510676923 -33.24596382165712 7
    endloop
  endfacet
  facet normal 0 0 1
    outer loop
      vertex -45 -45 7
      vertex 22.285838267670776 -33.94739213909615 7
      vertex 21.42190990738641 -33.63827362898053 7
    endloop
  endfacet
  facet normal 0 0 1
    outer loop
      vertex -20.592440510676923 -33.24596382165712 7
      vertex -21.42190990738641 -33.63827362898053 7
      vertex 20.592440510676923 -33.24596382165712 7
    endloop
  endfacet
  facet normal 0 0 1
    outer loop
      vertex -19.80541832126672 -32.774240875028795 7
      vertex -20.592440510676923 -33.24596382165712 7
      vertex 19.80541832126672 -32.774240875028795 7
    endloop
  endfacet
  facet normal 0 0 1
    outer loop
      vertex -19.068422793069914 -32.22764773894159 7
      vertex -19.80541832126672 -32.774240875028795 7
      vertex 19.068422793069914 -32.22764773894159 7
    endloop
  endfacet
  facet normal 0 0 1
    outer loop
      vertex -18.38855159590578 -31.61144840409422 7
      vertex -19.068422793069914 -32.22764773894159 7
      vertex 18.38855159590578 -31.61144840409422 7
    endloop
  endfacet
  facet normal 0 0 1
    outer loop
      vertex -18.38855159590578 -31.61144840409422 7
      vertex 17.77235226105841 -30.931577206930086 7
      vertex -17.77235226105841 -30.931577206930086 7
    endloop
  endfacet
  facet normal 0 0 1
    outer loop
      vertex -17.77235226105841 -30.931577206930086 7
      vertex 17.2257591249712 -30.19458167873328 7
      vertex -17.2257591249712 -30.19458167873328 7
    endloop
  endfacet
  facet normal 0 0 1
    outer loop
      vertex -17.2257591249712 -30.19458167873328 7
      vertex 16.75403617834288 -29.407559489323077 7
      vertex -16.75403617834288 -29.407559489323077 7
    endloop
  endfacet
  facet normal 0 0 1
    outer loop
      vertex -16.75403617834288 -29.407559489323077 7
      vertex 16.36172637101947 -28.57809009261359 7
      vertex -16.36172637101947 -28.57809009261359 7
    endloop
  endfacet
  facet normal 0 0 1
    outer loop
      vertex -16.36172637101947 -28.57809009261359 7
      vertex 16.052607860903848 -27.714161732329224 7
      vertex -16.052607860903848 -27.714161732329224 7
    endloop
  endfacet
  facet normal 0 0 1
    outer loop
      vertex -16.052607860903848 -27.714161732329224 7
      vertex 15.829657628229796 -26.8240945108508 7
      vertex -15.829657628229796 -26.8240945108508 7
    endloop
  endfacet
  facet normal 0 0 1
    outer loop
      vertex -15.829657628229796 -26.8240945108508 7
      vertex 15.69502280561496 -25.91646026208139 7
      vertex -15.69502280561496 -25.91646026208139 7
    endloop
  endfacet
  facet normal 0 0 1
    outer loop
      vertex -15.69502280561496 -25.91646026208139 7
      vertex 15.65 -25 7
      vertex -15.65 -25 7
    endloop
  endfacet
  facet normal 0 0 1
    outer loop
      vertex -15.65 -25 7
      vertex 15.69502280561496 -24.08353973791861 7
      vertex -15.69502280561496 -24.08353973791861 7
    endloop
  endfacet
  facet normal 0 0 1
    outer loop
      vertex -15.69502280561496 -24.08353973791861 7
      vertex 15.829657628229796 -23.1759054891492 7
      vertex -15.829657628229796 -23.1759054891492 7
    endloop
  endfacet
  facet normal 0 0 1
    outer loop
      vertex -15.829657628229796 -23.1759054891492 7
      vertex 16.052607860903848 -22.285838267670776 7
      vertex -16.052607860903848 -22.285838267670776 7
    endloop
  endfacet
  facet normal -0.5141027441932228 -0.8577286100002715 0
    outer loop
      vertex -20.592440510676923 -16.75403617834288 7
      vertex -20.592440510676923 -16.75403617834288 2
      vertex -19.80541832126672 -17.2257591249712 7
    endloop
  endfacet
  facet normal -0.8577286100002715 -0.5141027441932228 0
    outer loop
      vertex -16.75403617834288 -20.592440510676923 7
      vertex -17.2257591249712 -19.80541832126672 7
      vertex -17.2257591249712 -19.80541832126672 2
    endloop
  endfacet
  facet normal -0.5956993044924316 -0.8032075314806463 0
    outer loop
      vertex -19.80541832126672 -17.2257591249712 7
      vertex -19.80541832126672 -17.2257591249712 2
      vertex -19.068422793069914 -17.77235226105841 7
    endloop
  endfacet
  facet normal -0.6715589548470202 -0.7409511253549576 0
    outer loop
      vertex -19.068422793069914 -17.77235226105841 7
      vertex -19.068422793069914 -17.77235226105841 2
      vertex -18.38855159590578 -18.38855159590578 7
    endloop
  endfacet
  facet normal -0.8032075314806463 -0.5956993044924316 0
    outer loop
      vertex -17.2257591249712 -19.80541832126672 7
      vertex -17.77235226105841 -19.068422793069914 7
      vertex -17.77235226105841 -19.068422793069914 2
    endloop
  endfacet
  facet normal -0.7409511253549576 -0.6715589548470202 0
    outer loop
      vertex -17.77235226105841 -19.068422793069914 7
      vertex -18.38855159590578 -18.38855159590578 7
      vertex -18.38855159590578 -18.38855159590578 2
    endloop
  endfacet
  facet normal -0.3368898533922192 -0.941544065183021 0
    outer loop
      vertex -22.285838267670776 -16.052607860903848 7
      vertex -22.285838267670776 -16.052607860903848 2
      vertex -21.42190990738641 -16.36172637101947 7
    endloop
  endfacet
  facet normal -0.42755509343028164 -0.9039892931234436 0
    outer loop
      vertex -21.42190990738641 -16.36172637101947 7
      vertex -21.42190990738641 -16.36172637101947 2
      vertex -20.592440510676923 -16.75403617834288 7
    endloop
  endfacet
  facet normal -0.941544065183021 -0.3368898533922192 0
    outer loop
      vertex -16.052607860903848 -22.285838267670776 7
      vertex -16.36172637101947 -21.42190990738641 7
      vertex -16.36172637101947 -21.42190990738641 2
    endloop
  endfacet
  facet normal -0.9039892931234436 -0.42755509343028164 0
    outer loop
      vertex -16.36172637101947 -21.42190990738641 7
      vertex -16.75403617834288 -20.592440510676923 7
      vertex -16.75403617834288 -20.592440510676923 2
    endloop
  endfacet
  facet normal 0.803207531480645 0.595699304492433 0
    outer loop
      vertex -2.078674030756363 -1.3889255825490054 7
      vertex -1.9325261334068424 -1.5859832104091138 7
      vertex -1.9325261334068424 -1.5859832104091138 2
    endloop
  endfacet
  facet normal 0.7409511253549591 0.6715589548470183 0
    outer loop
      vertex -1.9325261334068424 -1.5859832104091138 7
      vertex -1.7677669529663689 -1.7677669529663689 7
      vertex -1.7677669529663689 -1.7677669529663689 2
    endloop
  endfacet
  facet normal 0.6715589548470183 0.7409511253549591 0
    outer loop
      vertex -1.5859832104091138 -1.9325261334068424 7
      vertex -1.5859832104091138 -1.9325261334068424 2
      vertex -1.7677669529663689 -1.7677669529663689 7
    endloop
  endfacet
  facet normal 0.595699304492433 0.803207531480645 0
    outer loop
      vertex -1.3889255825490054 -2.078674030756363 7
      vertex -1.3889255825490054 -2.078674030756363 2
      vertex -1.5859832104091138 -1.9325261334068424 7
    endloop
  endfacet
  facet normal 0.8577286100002717 0.5141027441932224 0
    outer loop
      vertex -2.204803160870888 -1.1784918420649941 7
      vertex -2.078674030756363 -1.3889255825490054 7
      vertex -2.078674030756363 -1.3889255825490054 2
    endloop
  endfacet
  facet normal 0.9039892931234436 0.4275550934302817 0
    outer loop
      vertex -2.309698831278217 -0.9567085809127245 7
      vertex -2.204803160870888 -1.1784918420649941 7
      vertex -2.204803160870888 -1.1784918420649941 2
    endloop
  endfacet
  facet normal 0.9415440651830213 0.33688985339221883 0
    outer loop
      vertex -2.392350839330522 -0.7257116931361558 7
      vertex -2.309698831278217 -0.9567085809127245 7
      vertex -2.309698831278217 -0.9567085809127245 2
    endloop
  endfacet
  facet normal 0.9891765099647808 0.14673047445536283 0
    outer loop
      vertex -2.4879618166804924 -0.2450428508239015 7
      vertex -2.451963201008076 -0.4877258050403206 7
      vertex -2.451963201008076 -0.4877258050403206 2
    endloop
  endfacet
  facet normal 0.9987954562051724 0.049067674327417134 0
    outer loop
      vertex -2.5 0 7
      vertex -2.4879618166804924 -0.2450428508239015 7
      vertex -2.4879618166804924 -0.2450428508239015 2
    endloop
  endfacet
  facet normal 0.9700312531945439 0.2429801799032646 0
    outer loop
      vertex -2.451963201008076 -0.4877258050403206 7
      vertex -2.392350839330522 -0.7257116931361558 7
      vertex -2.392350839330522 -0.7257116931361558 2
    endloop
  endfacet
  facet normal 0.5141027441932224 0.8577286100002717 0
    outer loop
      vertex -1.1784918420649941 -2.204803160870888 7
      vertex -1.1784918420649941 -2.204803160870888 2
      vertex -1.3889255825490054 -2.078674030756363 7
    endloop
  endfacet
  facet normal 0.4275550934302817 0.9039892931234436 0
    outer loop
      vertex -0.9567085809127245 -2.309698831278217 7
      vertex -0.9567085809127245 -2.309698831278217 2
      vertex -1.1784918420649941 -2.204803160870888 7
    endloop
  endfacet
  facet normal 0.33688985339221883 0.9415440651830213 0
    outer loop
      vertex -0.7257116931361558 -2.392350839330522 7
      vertex -0.7257116931361558 -2.392350839330522 2
      vertex -0.9567085809127245 -2.309698831278217 7
    endloop
  endfacet
  facet normal 0.2429801799032646 0.9700312531945439 0
    outer loop
      vertex -0.4877258050403206 -2.451963201008076 7
      vertex -0.4877258050403206 -2.451963201008076 2
      vertex -0.7257116931361558 -2.392350839330522 7
    endloop
  endfacet
  facet normal 0.14673047445536283 0.9891765099647808 0
    outer loop
      vertex -0.2450428508239015 -2.4879618166804924 7
      vertex -0.2450428508239015 -2.4879618166804924 2
      vertex -0.4877258050403206 -2.451963201008076 7
    endloop
  endfacet
  facet normal 0.049067674327417134 0.9987954562051724 0
    outer loop
      vertex 0 -2.5 7
      vertex 0 -2.5 2
      vertex -0.2450428508239015 -2.4879618166804924 7
    endloop
  endfacet
  facet normal 0 0 1
    outer loop
      vertex -21.42190990738641 -16.36172637101947 7
      vertex -20.592440510676923 -16.75403617834288 7
      vertex -2.392350839330522 -0.7257116931361558 7
    endloop
  endfacet
  facet normal 0 0 1
    outer loop
      vertex -20.592440510676923 -16.75403617834288 7
      vertex -19.80541832126672 -17.2257591249712 7
      vertex -2.309698831278217 -0.9567085809127245 7
    endloop
  endfacet
  facet normal 0 0 1
    outer loop
      vertex -16.75403617834288 -20.592440510676923 7
      vertex -0.7257116931361558 -2.392350839330522 7
      vertex -17.2257591249712 -19.80541832126672 7
    endloop
  endfacet
  facet normal 0 0 1
    outer loop
      vertex -19.80541832126672 -17.2257591249712 7
      vertex -19.068422793069914 -17.77235226105841 7
      vertex -2.078674030756363 -1.3889255825490054 7
    endloop
  endfacet
  facet normal 0 0 1
    outer loop
      vertex -19.068422793069914 -17.77235226105841 7
      vertex -18.38855159590578 -18.38855159590578 7
      vertex -1.9325261334068424 -1.5859832104091138 7
    endloop
  endfacet
  facet normal 0 0 1
    outer loop
      vertex -17.2257591249712 -19.80541832126672 7
      vertex -1.1784918420649941 -2.204803160870888 7
      vertex -17.77235226105841 -19.068422793069914 7
    endloop
  endfacet
  facet normal 0 0 1
    outer loop
      vertex -17.77235226105841 -19.068422793069914 7
      vertex -1.5859832104091138 -1.9325261334068424 7
      vertex -18.38855159590578 -18.38855159590578 7
    endloop
  endfacet
  facet normal 0 0 1
    outer loop
      vertex -22.285838267670776 -16.052607860903848 7
      vertex -21.42190990738641 -16.36172637101947 7
      vertex -2.4879618166804924 -0.2450428508239015 7
    endloop
  endfacet
  facet normal 0 0 1
    outer loop
      vertex -16.36172637101947 -21.42190990738641 7
      vertex -0.2450428508239015 -2.4879618166804924 7
      vertex -16.75403617834288 -20.592440510676923 7
    endloop
  endfacet
  facet normal 0 0 1
    outer loop
      vertex -16.052607860903848 -22.285838267670776 7
      vertex 16.36172637101947 -21.42190990738641 7
      vertex -16.36172637101947 -21.42190990738641 7
    endloop
  endfacet
  facet normal 0 0 1
    outer loop
      vertex -21.42190990738641 -16.36172637101947 7
      vertex -2.392350839330522 -0.7257116931361558 7
      vertex -2.451963201008076 -0.4877258050403206 7
    endloop
  endfacet
  facet normal 0 0 1
    outer loop
      vertex -2.4879618166804924 -0.2450428508239015 7
      vertex -21.42190990738641 -16.36172637101947 7
      vertex -2.451963201008076 -0.4877258050403206 7
    endloop
  endfacet
  facet normal 0 0 1
    outer loop
      vertex -16.75403617834288 -20.592440510676923 7
      vertex -0.4877258050403206 -2.451963201008076 7
      vertex -0.7257116931361558 -2.392350839330522 7
    endloop
  endfacet
  facet normal 0 0 1
    outer loop
      vertex -0.2450428508239015 -2.4879618166804924 7
      vertex -0.4877258050403206 -2.451963201008076 7
      vertex -16.75403617834288 -20.592440510676923 7
    endloop
  endfacet
  facet normal 0 0 1
    outer loop
      vertex -1.9325261334068424 -1.5859832104091138 7
      vertex -18.38855159590578 -18.38855159590578 7
      vertex -1.7677669529663689 -1.7677669529663689 7
    endloop
  endfacet
  facet normal 0 0 1
    outer loop
      vertex -1.5859832104091138 -1.9325261334068424 7
      vertex -1.7677669529663689 -1.7677669529663689 7
      vertex -18.38855159590578 -18.38855159590578 7
    endloop
  endfacet
  facet normal 0 0 1
    outer loop
      vertex -2.309698831278217 -0.9567085809127245 7
      vertex -19.80541832126672 -17.2257591249712 7
      vertex -2.204803160870888 -1.1784918420649941 7
    endloop
  endfacet
  facet normal 0 0 1
    outer loop
      vertex -19.80541832126672 -17.2257591249712 7
      vertex -2.078674030756363 -1.3889255825490054 7
      vertex -2.204803160870888 -1.1784918420649941 7
    endloop
  endfacet
  facet normal 0 0 1
    outer loop
      vertex -20.592440510676923 -16.75403617834288 7
      vertex -2.309698831278217 -0.9567085809127245 7
      vertex -2.392350839330522 -0.7257116931361558 7
    endloop
  endfacet
  facet normal 0 0 1
    outer loop
      vertex -19.068422793069914 -17.77235226105841 7
      vertex -1.9325261334068424 -1.5859832104091138 7
      vertex -2.078674030756363 -1.3889255825490054 7
    endloop
  endfacet
  facet normal 0 0 1
    outer loop
      vertex -1.1784918420649941 -2.204803160870888 7
      vertex -1.3889255825490054 -2.078674030756363 7
      vertex -17.77235226105841 -19.068422793069914 7
    endloop
  endfacet
  facet normal 0 0 1
    outer loop
      vertex -0.9567085809127245 -2.309698831278217 7
      vertex -1.1784918420649941 -2.204803160870888 7
      vertex -17.2257591249712 -19.80541832126672 7
    endloop
  endfacet
  facet normal 0 0 1
    outer loop
      vertex -1.3889255825490054 -2.078674030756363 7
      vertex -1.5859832104091138 -1.9325261334068424 7
      vertex -17.77235226105841 -19.068422793069914 7
    endloop
  endfacet
  facet normal 0 0 1
    outer loop
      vertex -0.7257116931361558 -2.392350839330522 7
      vertex -0.9567085809127245 -2.309698831278217 7
      vertex -17.2257591249712 -19.80541832126672 7
    endloop
  endfacet
  facet normal 0 0 1
    outer loop
      vertex -22.285838267670776 -16.052607860903848 7
      vertex -2.4879618166804924 -0.2450428508239015 7
      vertex -2.5 0 7
    endloop
  endfacet
  facet normal 0 0 1
    outer loop
      vertex -16.36172637101947 -21.42190990738641 7
      vertex 0 -2.5 7
      vertex -0.2450428508239015 -2.4879618166804924 7
    endloop
  endfacet
  facet normal 0 0 1
    outer loop
      vertex -16.36172637101947 -21.42190990738641 7
      vertex 0.2450428508239015 -2.4879618166804924 7
      vertex 0 -2.5 7
    endloop
  endfacet
  facet normal 0 0 1
    outer loop
      vertex -16.36172637101947 -21.42190990738641 7
      vertex 0.4877258050403206 -2.451963201008076 7
      vertex 0.2450428508239015 -2.4879618166804924 7
    endloop
  endfacet
  facet normal 0 0 1
    outer loop
      vertex -16.36172637101947 -21.42190990738641 7
      vertex 0.7257116931361558 -2.392350839330522 7
      vertex 0.4877258050403206 -2.451963201008076 7
    endloop
  endfacet
  facet normal 0 0 -1
    outer loop
      vertex -45 -45 2
      vertex -45 45 2
      vertex -34.35 25 2
    endloop
  endfacet
  facet normal 0 0 -1
    outer loop
      vertex -34.30497719438504 -24.08353973791861 2
      vertex -34.30497719438504 24.08353973791861 2
      vertex -34.170342371770204 23.1759054891492 2
    endloop
  endfacet
  facet normal 0 0 -1
    outer loop
      vertex -33.94739213909615 -22.285838267670776 2
      vertex -33.94739213909615 22.285838267670776 2
      vertex -33.63827362898053 21.42190990738641 2
    endloop
  endfacet
  facet normal 0 0 -1
    outer loop
      vertex -34.170342371770204 -23.1759054891492 2
      vertex -34.170342371770204 23.1759054891492 2
      vertex -33.94739213909615 22.285838267670776 2
    endloop
  endfacet
  facet normal 0 0 -1
    outer loop
      vertex -34.35 -25 2
      vertex -34.35 25 2
      vertex -34.30497719438504 24.08353973791861 2
    endloop
  endfacet
  facet normal 0 0 -1
    outer loop
      vertex -30.19458167873328 -17.2257591249712 2
      vertex -30.19458167873328 17.2257591249712 2
      vertex -29.407559489323077 16.75403617834288 2
    endloop
  endfacet
  facet normal 0 0 -1
    outer loop
      vertex -29.407559489323077 -16.75403617834288 2
      vertex -29.407559489323077 16.75403617834288 2
      vertex -28.57809009261359 16.36172637101947 2
    endloop
  endfacet
  facet normal 0 0 -1
    outer loop
      vertex -28.57809009261359 -16.36172637101947 2
      vertex -28.57809009261359 16.36172637101947 2
      vertex -27.714161732329224 16.052607860903848 2
    endloop
  endfacet
  facet normal 0 0 -1
    outer loop
      vertex -33.63827362898053 -21.42190990738641 2
      vertex -33.63827362898053 21.42190990738641 2
      vertex -33.24596382165712 20.592440510676923 2
    endloop
  endfacet
  facet normal 0 0 -1
    outer loop
      vertex -33.24596382165712 -20.592440510676923 2
      vertex -33.24596382165712 20.592440510676923 2
      vertex -32.774240875028795 19.80541832126672 2
    endloop
  endfacet
  facet normal 0 0 -1
    outer loop
      vertex -32.774240875028795 -19.80541832126672 2
      vertex -32.774240875028795 19.80541832126672 2
      vertex -32.22764773894159 19.068422793069914 2
    endloop
  endfacet
  facet normal 0 0 -1
    outer loop
      vertex -32.22764773894159 -19.068422793069914 2
      vertex -32.22764773894159 19.068422793069914 2
      vertex -31.61144840409422 18.38855159590578 2
    endloop
  endfacet
  facet normal 0 0 -1
    outer loop
      vertex -31.61144840409422 -18.38855159590578 2
      vertex -31.61144840409422 18.38855159590578 2
      vertex -30.931577206930086 17.77235226105841 2
    endloop
  endfacet
  facet normal 0 0 -1
    outer loop
      vertex -30.931577206930086 -17.77235226105841 2
      vertex -30.931577206930086 17.77235226105841 2
      vertex -30.19458167873328 17.2257591249712 2
    endloop
  endfacet
  facet normal 0 0 -1
    outer loop
      vertex -27.714161732329224 -16.052607860903848 2
      vertex -27.714161732329224 16.052607860903848 2
      vertex -26.8240945108508 15.829657628229796 2
    endloop
  endfacet
  facet normal 0 0 -1
    outer loop
      vertex -26.8240945108508 -15.829657628229796 2
      vertex -26.8240945108508 15.829657628229796 2
      vertex -25.91646026208139 15.69502280561496 2
    endloop
  endfacet
  facet normal 0 0 -1
    outer loop
      vertex -26.8240945108508 -15.829657628229796 2
      vertex -25.91646026208139 15.69502280561496 2
      vertex -25 15.65 2
    endloop
  endfacet
  facet normal 0 0 -1
    outer loop
      vertex -26.8240945108508 -15.829657628229796 2
      vertex -25 15.65 2
      vertex -24.08353973791861 15.69502280561496 2
    endloop
  endfacet
  facet normal 0 0 -1
    outer loop
      vertex -26.8240945108508 -15.829657628229796 2
      vertex -24.08353973791861 15.69502280561496 2
      vertex -23.1759054891492 15.829657628229796 2
    endloop
  endfacet
  facet normal -1 0 0
    outer loop
      vertex -45 -45 2
      vertex -45 45 7
      vertex -45 45 2
    endloop
  endfacet
  facet normal 0.9415440651830197 0.33688985339222266 0
    outer loop
      vertex -33.94739213909615 22.285838267670776 7
      vertex -33.63827362898053 21.42190990738641 2
      vertex -33.94739213909615 22.285838267670776 2
    endloop
  endfacet
  facet normal 0.42755509343028164 0.9039892931234436 0
    outer loop
      vertex -29.407559489323077 16.75403617834288 7
      vertex -28.57809009261359 16.36172637101947 2
      vertex -29.407559489323077 16.75403617834288 2
    endloop
  endfacet
  facet normal 0.3368898533922192 0.941544065183021 0
    outer loop
      vertex -28.57809009261359 16.36172637101947 7
      vertex -27.714161732329224 16.052607860903848 2
      vertex -28.57809009261359 16.36172637101947 2
    endloop
  endfacet
  facet normal 0.8032075314806482 0.595699304492429 0
    outer loop
      vertex -32.774240875028795 19.80541832126672 7
      vertex -32.22764773894159 19.068422793069914 2
      vertex -32.774240875028795 19.80541832126672 2
    endloop
  endfacet
  facet normal 0.6715589548470202 0.7409511253549576 0
    outer loop
      vertex -30.931577206930086 17.77235226105841 2
      vertex -31.61144840409422 18.38855159590578 2
      vertex -31.61144840409422 18.38855159590578 7
    endloop
  endfacet
  facet normal 0.7409511253549576 0.6715589548470202 0
    outer loop
      vertex -32.22764773894159 19.068422793069914 7
      vertex -31.61144840409422 18.38855159590578 2
      vertex -32.22764773894159 19.068422793069914 2
    endloop
  endfacet
  facet normal 0.8577286100002698 0.5141027441932255 0
    outer loop
      vertex -33.24596382165712 20.592440510676923 7
      vertex -32.774240875028795 19.80541832126672 2
      vertex -33.24596382165712 20.592440510676923 2
    endloop
  endfacet
  facet normal 0.9039892931234451 0.42755509343027853 0
    outer loop
      vertex -33.63827362898053 21.42190990738641 7
      vertex -33.24596382165712 20.592440510676923 2
      vertex -33.63827362898053 21.42190990738641 2
    endloop
  endfacet
  facet normal 0.5956993044924316 0.8032075314806463 0
    outer loop
      vertex -30.931577206930086 17.77235226105841 7
      vertex -30.19458167873328 17.2257591249712 2
      vertex -30.931577206930086 17.77235226105841 2
    endloop
  endfacet
  facet normal 0.5141027441932228 0.8577286100002715 0
    outer loop
      vertex -30.19458167873328 17.2257591249712 7
      vertex -29.407559489323077 16.75403617834288 2
      vertex -30.19458167873328 17.2257591249712 2
    endloop
  endfacet
  facet normal 0.24298017990326332 0.9700312531945442 0
    outer loop
      vertex -27.714161732329224 16.052607860903848 7
      vertex -26.8240945108508 15.829657628229796 2
      vertex -27.714161732329224 16.052607860903848 2
    endloop
  endfacet
  facet normal 0.1467304744553623 0.9891765099647808 0
    outer loop
      vertex -26.8240945108508 15.829657628229796 7
      vertex -25.91646026208139 15.69502280561496 2
      vertex -26.8240945108508 15.829657628229796 2
    endloop
  endfacet
  facet normal 0.04906767432741805 0.9987954562051723 0
    outer loop
      vertex -25.91646026208139 15.69502280561496 7
      vertex -25 15.65 2
      vertex -25.91646026208139 15.69502280561496 2
    endloop
  endfacet
  facet normal -0.04906767432741805 0.9987954562051723 0
    outer loop
      vertex -25 15.65 7
      vertex -24.08353973791861 15.69502280561496 2
      vertex -25 15.65 2
    endloop
  endfacet
  facet normal -0.1467304744553623 0.9891765099647808 0
    outer loop
      vertex -24.08353973791861 15.69502280561496 7
      vertex -23.1759054891492 15.829657628229796 2
      vertex -24.08353973791861 15.69502280561496 2
    endloop
  endfacet
  facet normal -0.24298017990326332 0.9700312531945442 0
    outer loop
      vertex -23.1759054891492 15.829657628229796 7
      vertex -22.285838267670776 16.052607860903848 2
      vertex -23.1759054891492 15.829657628229796 2
    endloop
  endfacet
  facet normal 0 0 -1
    outer loop
      vertex -45 45 2
      vertex -34.30497719438504 25.91646026208139 2
      vertex -34.35 25 2
    endloop
  endfacet
  facet normal 0 0 -1
    outer loop
      vertex -45 45 2
      vertex -34.170342371770204 26.8240945108508 2
      vertex -34.30497719438504 25.91646026208139 2
    endloop
  endfacet
  facet normal 0 0 -1
    outer loop
      vertex -45 45 2
      vertex -33.94739213909615 27.714161732329224 2
      vertex -34.170342371770204 26.8240945108508 2
    endloop
  endfacet
  facet normal 0 0 -1
    outer loop
      vertex -45 45 2
      vertex -33.63827362898053 28.57809009261359 2
      vertex -33.94739213909615 27.714161732329224 2
    endloop
  endfacet
  facet normal 0 0 -1
    outer loop
      vertex -45 45 2
      vertex -33.24596382165712 29.407559489323077 2
      vertex -33.63827362898053 28.57809009261359 2
    endloop
  endfacet
  facet normal 0 0 -1
    outer loop
      vertex -45 45 2
      vertex -32.774240875028795 30.19458167873328 2
      vertex -33.24596382165712 29.407559489323077 2
    endloop
  endfacet
  facet normal 0 0 -1
    outer loop
      vertex -45 45 2
      vertex -32.22764773894159 30.931577206930086 2
      vertex -32.774240875028795 30.19458167873328 2
    endloop
  endfacet
  facet normal 0 0 -1
    outer loop
      vertex -45 45 2
      vertex -31.61144840409422 31.61144840409422 2
      vertex -32.22764773894159 30.931577206930086 2
    endloop
  endfacet
  facet normal 0 0 -1
    outer loop
      vertex -45 45 2
      vertex -30.931577206930086 32.22764773894159 2
      vertex -31.61144840409422 31.61144840409422 2
    endloop
  endfacet
  facet normal 0 0 -1
    outer loop
      vertex -45 45 2
      vertex -30.19458167873328 32.774240875028795 2
      vertex -30.931577206930086 32.22764773894159 2
    endloop
  endfacet
  facet normal 0 0 -1
    outer loop
      vertex -45 45 2
      vertex -29.407559489323077 33.24596382165712 2
      vertex -30.19458167873328 32.774240875028795 2
    endloop
  endfacet
  facet normal 0 0 -1
    outer loop
      vertex -45 45 2
      vertex -28.57809009261359 33.63827362898053 2
      vertex -29.407559489323077 33.24596382165712 2
    endloop
  endfacet
  facet normal 0 0 -1
    outer loop
      vertex -45 45 2
      vertex -27.714161732329224 33.94739213909615 2
      vertex -28.57809009261359 33.63827362898053 2
    endloop
  endfacet
  facet normal 0 0 -1
    outer loop
      vertex -45 45 2
      vertex -26.8240945108508 34.170342371770204 2
      vertex -27.714161732329224 33.94739213909615 2
    endloop
  endfacet
  facet normal 0 0 -1
    outer loop
      vertex -45 45 2
      vertex -25.91646026208139 34.30497719438504 2
      vertex -26.8240945108508 34.170342371770204 2
    endloop
  endfacet
  facet normal 0 0 -1
    outer loop
      vertex -45 45 2
      vertex -25 34.35 2
      vertex -25.91646026208139 34.30497719438504 2
    endloop
  endfacet
  facet normal 0.9700312531945442 0.24298017990326332 0
    outer loop
      vertex -34.170342371770204 23.1759054891492 7
      vertex -33.94739213909615 22.285838267670776 2
      vertex -34.170342371770204 23.1759054891492 2
    endloop
  endfacet
  facet normal 0.9891765099647811 0.14673047445536042 0
    outer loop
      vertex -34.30497719438504 24.08353973791861 7
      vertex -34.170342371770204 23.1759054891492 2
      vertex -34.30497719438504 24.08353973791861 2
    endloop
  endfacet
  facet normal 0.9987954562051721 0.049067674327421915 0
    outer loop
      vertex -34.35 25 7
      vertex -34.30497719438504 24.08353973791861 2
      vertex -34.35 25 2
    endloop
  endfacet
  facet normal 0.9987954562051721 -0.049067674327421915 0
    outer loop
      vertex -34.30497719438504 25.91646026208139 7
      vertex -34.35 25 2
      vertex -34.30497719438504 25.91646026208139 2
    endloop
  endfacet
  facet normal 0.9891765099647811 -0.14673047445536042 0
    outer loop
      vertex -34.170342371770204 26.8240945108508 7
      vertex -34.30497719438504 25.91646026208139 2
      vertex -34.170342371770204 26.8240945108508 2
    endloop
  endfacet
  facet normal 0.9700312531945442 -0.24298017990326332 0
    outer loop
      vertex -33.94739213909615 27.714161732329224 7
      vertex -34.170342371770204 26.8240945108508 2
      vertex -33.94739213909615 27.714161732329224 2
    endloop
  endfacet
  facet normal 0.9415440651830197 -0.33688985339222266 0
    outer loop
      vertex -33.63827362898053 28.57809009261359 7
      vertex -33.94739213909615 27.714161732329224 2
      vertex -33.63827362898053 28.57809009261359 2
    endloop
  endfacet
  facet normal 0.9039892931234451 -0.42755509343027853 0
    outer loop
      vertex -33.24596382165712 29.407559489323077 7
      vertex -33.63827362898053 28.57809009261359 2
      vertex -33.24596382165712 29.407559489323077 2
    endloop
  endfacet
  facet normal 0.8577286100002698 -0.5141027441932255 0
    outer loop
      vertex -32.774240875028795 30.19458167873328 7
      vertex -33.24596382165712 29.407559489323077 2
      vertex -32.774240875028795 30.19458167873328 2
    endloop
  endfacet
  facet normal 0.8032075314806482 -0.595699304492429 0
    outer loop
      vertex -32.22764773894159 30.931577206930086 7
      vertex -32.774240875028795 30.19458167873328 2
      vertex -32.22764773894159 30.931577206930086 2
    endloop
  endfacet
  facet normal 0.7409511253549576 -0.6715589548470202 0
    outer loop
      vertex -31.61144840409422 31.61144840409422 7
      vertex -32.22764773894159 30.931577206930086 2
      vertex -31.61144840409422 31.61144840409422 2
    endloop
  endfacet
  facet normal 0.6715589548470202 -0.7409511253549576 0
    outer loop
      vertex -30.931577206930086 32.22764773894159 2
      vertex -30.931577206930086 32.22764773894159 7
      vertex -31.61144840409422 31.61144840409422 2
    endloop
  endfacet
  facet normal 0.595699304492429 -0.8032075314806482 0
    outer loop
      vertex -30.19458167873328 32.774240875028795 2
      vertex -30.19458167873328 32.774240875028795 7
      vertex -30.931577206930086 32.22764773894159 2
    endloop
  endfacet
  facet normal 0.5141027441932255 -0.8577286100002698 0
    outer loop
      vertex -29.407559489323077 33.24596382165712 2
      vertex -29.407559489323077 33.24596382165712 7
      vertex -30.19458167873328 32.774240875028795 2
    endloop
  endfacet
  facet normal 0.42755509343027853 -0.9039892931234451 0
    outer loop
      vertex -28.57809009261359 33.63827362898053 2
      vertex -28.57809009261359 33.63827362898053 7
      vertex -29.407559489323077 33.24596382165712 2
    endloop
  endfacet
  facet normal 0.33688985339222266 -0.9415440651830197 0
    outer loop
      vertex -27.714161732329224 33.94739213909615 2
      vertex -27.714161732329224 33.94739213909615 7
      vertex -28.57809009261359 33.63827362898053 2
    endloop
  endfacet
  facet normal 0.24298017990326332 -0.9700312531945442 0
    outer loop
      vertex -26.8240945108508 34.170342371770204 2
      vertex -26.8240945108508 34.170342371770204 7
      vertex -27.714161732329224 33.94739213909615 2
    endloop
  endfacet
  facet normal 0.14673047445536042 -0.9891765099647811 0
    outer loop
      vertex -25.91646026208139 34.30497719438504 2
      vertex -25.91646026208139 34.30497719438504 7
      vertex -26.8240945108508 34.170342371770204 2
    endloop
  endfacet
  facet normal 0.049067674327421915 -0.9987954562051721 0
    outer loop
      vertex -25 34.35 2
      vertex -25 34.35 7
      vertex -25.91646026208139 34.30497719438504 2
    endloop
  endfacet
  facet normal -0.049067674327421915 -0.9987954562051721 0
    outer loop
      vertex -24.08353973791861 34.30497719438504 2
      vertex -24.08353973791861 34.30497719438504 7
      vertex -25 34.35 2
    endloop
  endfacet
  facet normal -0.14673047445536042 -0.9891765099647811 0
    outer loop
      vertex -23.1759054891492 34.170342371770204 2
      vertex -23.1759054891492 34.170342371770204 7
      vertex -24.08353973791861 34.30497719438504 2
    endloop
  endfacet
  facet normal -0.24298017990326332 -0.9700312531945442 0
    outer loop
      vertex -22.285838267670776 33.94739213909615 2
      vertex -22.285838267670776 33.94739213909615 7
      vertex -23.1759054891492 34.170342371770204 2
    endloop
  endfacet
  facet normal 0 0 -1
    outer loop
      vertex -26.8240945108508 -15.829657628229796 2
      vertex -23.1759054891492 15.829657628229796 2
      vertex -2.204803160870888 1.1784918420649941 2
    endloop
  endfacet
  facet normal 0 0 -1
    outer loop
      vertex -23.1759054891492 15.829657628229796 2
      vertex -22.285838267670776 16.052607860903848 2
      vertex -2.204803160870888 1.1784918420649941 2
    endloop
  endfacet
  facet normal 0 0 -1
    outer loop
      vertex -22.285838267670776 16.052607860903848 2
      vertex -21.42190990738641 16.36172637101947 2
      vertex -2.204803160870888 1.1784918420649941 2
    endloop
  endfacet
  facet normal 0 0 -1
    outer loop
      vertex -21.42190990738641 16.36172637101947 2
      vertex -20.592440510676923 16.75403617834288 2
      vertex -2.204803160870888 1.1784918420649941 2
    endloop
  endfacet
  facet normal 0 0 -1
    outer loop
      vertex -20.592440510676923 16.75403617834288 2
      vertex -19.80541832126672 17.2257591249712 2
      vertex -2.204803160870888 1.1784918420649941 2
    endloop
  endfacet
  facet normal 0 0 -1
    outer loop
      vertex -19.80541832126672 17.2257591249712 2
      vertex -19.068422793069914 17.77235226105841 2
      vertex -2.204803160870888 1.1784918420649941 2
    endloop
  endfacet
  facet normal 0 0 -1
    outer loop
      vertex -19.068422793069914 17.77235226105841 2
      vertex -18.38855159590578 18.38855159590578 2
      vertex -2.078674030756363 1.3889255825490054 2
    endloop
  endfacet
  facet normal 0 0 -1
    outer loop
      vertex -18.38855159590578 18.38855159590578 2
      vertex -17.77235226105841 19.068422793069914 2
      vertex -1.7677669529663689 1.7677669529663689 2
    endloop
  endfacet
  facet normal 0 0 -1
    outer loop
      vertex -17.2257591249712 19.80541832126672 2
      vertex -1.3889255825490054 2.078674030756363 2
      vertex -17.77235226105841 19.068422793069914 2
    endloop
  endfacet
  facet normal 0 0 -1
    outer loop
      vertex -19.068422793069914 17.77235226105841 2
      vertex -2.078674030756363 1.3889255825490054 2
      vertex -2.204803160870888 1.1784918420649941 2
    endloop
  endfacet
  facet normal 0 0 -1
    outer loop
      vertex -2.078674030756363 1.3889255825490054 2
      vertex -18.38855159590578 18.38855159590578 2
      vertex -1.9325261334068424 1.5859832104091138 2
    endloop
  endfacet
  facet normal 0 0 -1
    outer loop
      vertex -18.38855159590578 18.38855159590578 2
      vertex -1.7677669529663689 1.7677669529663689 2
      vertex -1.9325261334068424 1.5859832104091138 2
    endloop
  endfacet
  facet normal 0 0 -1
    outer loop
      vertex -17.77235226105841 19.068422793069914 2
      vertex -1.5859832104091138 1.9325261334068424 2
      vertex -1.7677669529663689 1.7677669529663689 2
    endloop
  endfacet
  facet normal 0 0 -1
    outer loop
      vertex -1.3889255825490054 2.078674030756363 2
      vertex -1.5859832104091138 1.9325261334068424 2
      vertex -17.77235226105841 19.068422793069914 2
    endloop
  endfacet
  facet normal 0 0 -1
    outer loop
      vertex -1.1784918420649941 2.204803160870888 2
      vertex -1.3889255825490054 2.078674030756363 2
      vertex -17.2257591249712 19.80541832126672 2
    endloop
  endfacet
  facet normal 0 0 -1
    outer loop
      vertex -16.75403617834288 20.592440510676923 2
      vertex 15.69502280561496 25.91646026208139 2
      vertex -17.2257591249712 19.80541832126672 2
    endloop
  endfacet
  facet normal 0 0 -1
    outer loop
      vertex -1.1784918420649941 2.204803160870888 2
      vertex -17.2257591249712 19.80541832126672 2
      vertex 15.69502280561496 25.91646026208139 2
    endloop
  endfacet
  facet normal -0.3368898533922192 0.941544065183021 0
    outer loop
      vertex -22.285838267670776 16.052607860903848 7
      vertex -21.42190990738641 16.36172637101947 2
      vertex -22.285838267670776 16.052607860903848 2
    endloop
  endfacet
  facet normal -0.42755509343028164 0.9039892931234436 0
    outer loop
      vertex -21.42190990738641 16.36172637101947 7
      vertex -20.592440510676923 16.75403617834288 2
      vertex -21.42190990738641 16.36172637101947 2
    endloop
  endfacet
  facet normal -0.5141027441932228 0.8577286100002715 0
    outer loop
      vertex -20.592440510676923 16.75403617834288 7
      vertex -19.80541832126672 17.2257591249712 2
      vertex -20.592440510676923 16.75403617834288 2
    endloop
  endfacet
  facet normal -0.5956993044924316 0.8032075314806463 0
    outer loop
      vertex -19.80541832126672 17.2257591249712 7
      vertex -19.068422793069914 17.77235226105841 2
      vertex -19.80541832126672 17.2257591249712 2
    endloop
  endfacet
  facet normal -0.6715589548470202 0.7409511253549576 0
    outer loop
      vertex -19.068422793069914 17.77235226105841 7
      vertex -18.38855159590578 18.38855159590578 2
      vertex -19.068422793069914 17.77235226105841 2
    endloop
  endfacet
  facet normal -0.7409511253549576 0.6715589548470202 0
    outer loop
      vertex -18.38855159590578 18.38855159590578 2
      vertex -18.38855159590578 18.38855159590578 7
      vertex -17.77235226105841 19.068422793069914 2
    endloop
  endfacet
  facet normal -0.8032075314806463 0.5956993044924316 0
    outer loop
      vertex -17.2257591249712 19.80541832126672 2
      vertex -17.77235226105841 19.068422793069914 2
      vertex -17.77235226105841 19.068422793069914 7
    endloop
  endfacet
  facet normal -0.8577286100002715 0.5141027441932228 0
    outer loop
      vertex -16.75403617834288 20.592440510676923 2
      vertex -17.2257591249712 19.80541832126672 2
      vertex -17.2257591249712 19.80541832126672 7
    endloop
  endfacet
  facet normal -0.9039892931234436 0.42755509343028164 0
    outer loop
      vertex -16.36172637101947 21.42190990738641 2
      vertex -16.75403617834288 20.592440510676923 2
      vertex -16.75403617834288 20.592440510676923 7
    endloop
  endfacet
  facet normal -0.941544065183021 0.3368898533922192 0
    outer loop
      vertex -16.052607860903848 22.285838267670776 2
      vertex -16.36172637101947 21.42190990738641 2
      vertex -16.36172637101947 21.42190990738641 7
    endloop
  endfacet
  facet normal 0.9987954562051724 -0.049067674327417134 0
    outer loop
      vertex -2.4879618166804924 0.2450428508239015 7
      vertex -2.5 0 2
      vertex -2.4879618166804924 0.2450428508239015 2
    endloop
  endfacet
  facet normal 0.9891765099647808 -0.14673047445536283 0
    outer loop
      vertex -2.451963201008076 0.4877258050403206 7
      vertex -2.4879618166804924 0.2450428508239015 2
      vertex -2.451963201008076 0.4877258050403206 2
    endloop
  endfacet
  facet normal 0.9700312531945439 -0.2429801799032646 0
    outer loop
      vertex -2.392350839330522 0.7257116931361558 7
      vertex -2.451963201008076 0.4877258050403206 2
      vertex -2.392350839330522 0.7257116931361558 2
    endloop
  endfacet
  facet normal 0.9415440651830213 -0.33688985339221883 0
    outer loop
      vertex -2.309698831278217 0.9567085809127245 7
      vertex -2.392350839330522 0.7257116931361558 2
      vertex -2.309698831278217 0.9567085809127245 2
    endloop
  endfacet
  facet normal 0.9039892931234436 -0.4275550934302817 0
    outer loop
      vertex -2.204803160870888 1.1784918420649941 7
      vertex -2.309698831278217 0.9567085809127245 2
      vertex -2.204803160870888 1.1784918420649941 2
    endloop
  endfacet
  facet normal 0.8577286100002717 -0.5141027441932224 0
    outer loop
      vertex -2.078674030756363 1.3889255825490054 7
      vertex -2.204803160870888 1.1784918420649941 2
      vertex -2.078674030756363 1.3889255825490054 2
    endloop
  endfacet
  facet normal 0.803207531480645 -0.595699304492433 0
    outer loop
      vertex -1.9325261334068424 1.5859832104091138 7
      vertex -2.078674030756363 1.3889255825490054 2
      vertex -1.9325261334068424 1.5859832104091138 2
    endloop
  endfacet
  facet normal 0.7409511253549591 -0.6715589548470183 0
    outer loop
      vertex -1.7677669529663689 1.7677669529663689 7
      vertex -1.9325261334068424 1.5859832104091138 2
      vertex -1.7677669529663689 1.7677669529663689 2
    endloop
  endfacet
  facet normal 0.6715589548470183 -0.7409511253549591 0
    outer loop
      vertex -1.5859832104091138 1.9325261334068424 2
      vertex -1.5859832104091138 1.9325261334068424 7
      vertex -1.7677669529663689 1.7677669529663689 2
    endloop
  endfacet
  facet normal 0.595699304492433 -0.803207531480645 0
    outer loop
      vertex -1.3889255825490054 2.078674030756363 2
      vertex -1.3889255825490054 2.078674030756363 7
      vertex -1.5859832104091138 1.9325261334068424 2
    endloop
  endfacet
  facet normal 0.5141027441932224 -0.8577286100002717 0
    outer loop
      vertex -1.1784918420649941 2.204803160870888 2
      vertex -1.1784918420649941 2.204803160870888 7
      vertex -1.3889255825490054 2.078674030756363 2
    endloop
  endfacet
  facet normal 0.4275550934302817 -0.9039892931234436 0
    outer loop
      vertex -0.9567085809127245 2.309698831278217 2
      vertex -0.9567085809127245 2.309698831278217 7
      vertex -1.1784918420649941 2.204803160870888 2
    endloop
  endfacet
  facet normal 0.33688985339221883 -0.9415440651830213 0
    outer loop
      vertex -0.7257116931361558 2.392350839330522 2
      vertex -0.7257116931361558 2.392350839330522 7
      vertex -0.9567085809127245 2.309698831278217 2
    endloop
  endfacet
  facet normal 0.2429801799032646 -0.9700312531945439 0
    outer loop
      vertex -0.4877258050403206 2.451963201008076 2
      vertex -0.4877258050403206 2.451963201008076 7
      vertex -0.7257116931361558 2.392350839330522 2
    endloop
  endfacet
  facet normal 0.14673047445536283 -0.9891765099647808 0
    outer loop
      vertex -0.2450428508239015 2.4879618166804924 2
      vertex -0.2450428508239015 2.4879618166804924 7
      vertex -0.4877258050403206 2.451963201008076 2
    endloop
  endfacet
  facet normal 0.049067674327417134 -0.9987954562051724 0
    outer loop
      vertex -0.2450428508239015 2.4879618166804924 2
      vertex 0 2.5 2
      vertex 0 2.5 7
    endloop
  endfacet
  facet normal 0 0 -1
    outer loop
      vertex -45 45 2
      vertex 25 34.35 2
      vertex -25 34.35 2
    endloop
  endfacet
  facet normal 0 0 -1
    outer loop
      vertex -16.36172637101947 21.42190990738641 2
      vertex 15.69502280561496 25.91646026208139 2
      vertex -16.75403617834288 20.592440510676923 2
    endloop
  endfacet
  facet normal 0 0 -1
    outer loop
      vertex -17.2257591249712 30.19458167873328 2
      vertex 16.75403617834288 29.407559489323077 2
      vertex -16.75403617834288 29.407559489323077 2
    endloop
  endfacet
  facet normal 0 0 -1
    outer loop
      vertex -17.77235226105841 30.931577206930086 2
      vertex 17.2257591249712 30.19458167873328 2
      vertex -17.2257591249712 30.19458167873328 2
    endloop
  endfacet
  facet normal 0 0 -1
    outer loop
      vertex -21.42190990738641 33.63827362898053 2
      vertex -22.285838267670776 33.94739213909615 2
      vertex 21.42190990738641 33.63827362898053 2
    endloop
  endfacet
  facet normal 0 0 -1
    outer loop
      vertex -20.592440510676923 33.24596382165712 2
      vertex -21.42190990738641 33.63827362898053 2
      vertex 20.592440510676923 33.24596382165712 2
    endloop
  endfacet
  facet normal 0 0 -1
    outer loop
      vertex -19.068422793069914 32.22764773894159 2
      vertex 18.38855159590578 31.61144840409422 2
      vertex -18.38855159590578 31.61144840409422 2
    endloop
  endfacet
  facet normal 0 0 -1
    outer loop
      vertex -18.38855159590578 31.61144840409422 2
      vertex 17.77235226105841 30.931577206930086 2
      vertex -17.77235226105841 30.931577206930086 2
    endloop
  endfacet
  facet normal 0 0 -1
    outer loop
      vertex -19.80541832126672 32.774240875028795 2
      vertex -20.592440510676923 33.24596382165712 2
      vertex 19.80541832126672 32.774240875028795 2
    endloop
  endfacet
  facet normal 0 0 -1
    outer loop
      vertex -19.068422793069914 32.22764773894159 2
      vertex -19.80541832126672 32.774240875028795 2
      vertex 19.068422793069914 32.22764773894159 2
    endloop
  endfacet
  facet normal 0 0 -1
    outer loop
      vertex -16.052607860903848 22.285838267670776 2
      vertex 15.69502280561496 25.91646026208139 2
      vertex -16.36172637101947 21.42190990738641 2
    endloop
  endfacet
  facet normal 0 0 -1
    outer loop
      vertex -15.829657628229796 23.1759054891492 2
      vertex 15.69502280561496 25.91646026208139 2
      vertex -16.052607860903848 22.285838267670776 2
    endloop
  endfacet
  facet normal 0 0 -1
    outer loop
      vertex -15.69502280561496 24.08353973791861 2
      vertex 15.69502280561496 25.91646026208139 2
      vertex -15.829657628229796 23.1759054891492 2
    endloop
  endfacet
  facet normal 0 0 -1
    outer loop
      vertex -15.65 25 2
      vertex 15.69502280561496 25.91646026208139 2
      vertex -15.69502280561496 24.08353973791861 2
    endloop
  endfacet
  facet normal 0 0 -1
    outer loop
      vertex -15.69502280561496 25.91646026208139 2
      vertex 15.69502280561496 25.91646026208139 2
      vertex -15.65 25 2
    endloop
  endfacet
  facet normal 0 0 -1
    outer loop
      vertex -15.829657628229796 26.8240945108508 2
      vertex 15.69502280561496 25.91646026208139 2
      vertex -15.69502280561496 25.91646026208139 2
    endloop
  endfacet
  facet normal 0 0 -1
    outer loop
      vertex -16.052607860903848 27.714161732329224 2
      vertex 15.829657628229796 26.8240945108508 2
      vertex -15.829657628229796 26.8240945108508 2
    endloop
  endfacet
  facet normal 0 0 -1
    outer loop
      vertex -16.36172637101947 28.57809009261359 2
      vertex 16.052607860903848 27.714161732329224 2
      vertex -16.052607860903848 27.714161732329224 2
    endloop
  endfacet
  facet normal 0 0 -1
    outer loop
      vertex -16.75403617834288 29.407559489323077 2
      vertex 16.36172637101947 28.57809009261359 2
      vertex -16.36172637101947 28.57809009261359 2
    endloop
  endfacet
  facet normal 0 0 -1
    outer loop
      vertex -24.08353973791861 34.30497719438504 2
      vertex -25 34.35 2
      vertex 24.08353973791861 34.30497719438504 2
    endloop
  endfacet
  facet normal 0 0 -1
    outer loop
      vertex -23.1759054891492 34.170342371770204 2
      vertex -24.08353973791861 34.30497719438504 2
      vertex 23.1759054891492 34.170342371770204 2
    endloop
  endfacet
  facet normal 0 0 -1
    outer loop
      vertex -22.285838267670776 33.94739213909615 2
      vertex -23.1759054891492 34.170342371770204 2
      vertex 22.285838267670776 33.94739213909615 2
    endloop
  endfacet
  facet normal -0.33688985339222266 -0.9415440651830197 0
    outer loop
      vertex -21.42190990738641 33.63827362898053 2
      vertex -21.42190990738641 33.63827362898053 7
      vertex -22.285838267670776 33.94739213909615 2
    endloop
  endfacet
  facet normal -0.42755509343027853 -0.9039892931234451 0
    outer loop
      vertex -20.592440510676923 33.24596382165712 2
      vertex -20.592440510676923 33.24596382165712 7
      vertex -21.42190990738641 33.63827362898053 2
    endloop
  endfacet
  facet normal -0.5141027441932255 -0.8577286100002698 0
    outer loop
      vertex -19.80541832126672 32.774240875028795 2
      vertex -19.80541832126672 32.774240875028795 7
      vertex -20.592440510676923 33.24596382165712 2
    endloop
  endfacet
  facet normal -0.8577286100002715 -0.5141027441932228 0
    outer loop
      vertex -17.2257591249712 30.19458167873328 2
      vertex -16.75403617834288 29.407559489323077 2
      vertex -16.75403617834288 29.407559489323077 7
    endloop
  endfacet
  facet normal -0.8032075314806463 -0.5956993044924316 0
    outer loop
      vertex -17.77235226105841 30.931577206930086 2
      vertex -17.2257591249712 30.19458167873328 2
      vertex -17.2257591249712 30.19458167873328 7
    endloop
  endfacet
  facet normal -0.6715589548470202 -0.7409511253549576 0
    outer loop
      vertex -19.068422793069914 32.22764773894159 2
      vertex -18.38855159590578 31.61144840409422 2
      vertex -18.38855159590578 31.61144840409422 7
    endloop
  endfacet
  facet normal -0.595699304492429 -0.8032075314806482 0
    outer loop
      vertex -19.068422793069914 32.22764773894159 2
      vertex -19.068422793069914 32.22764773894159 7
      vertex -19.80541832126672 32.774240875028795 2
    endloop
  endfacet
  facet normal -0.7409511253549576 -0.6715589548470202 0
    outer loop
      vertex -18.38855159590578 31.61144840409422 2
      vertex -17.77235226105841 30.931577206930086 2
      vertex -17.77235226105841 30.931577206930086 7
    endloop
  endfacet
  facet normal -0.9700312531945442 0.24298017990326332 0
    outer loop
      vertex -15.829657628229796 23.1759054891492 2
      vertex -16.052607860903848 22.285838267670776 2
      vertex -16.052607860903848 22.285838267670776 7
    endloop
  endfacet
  facet normal -0.9891765099647808 0.1467304744553623 0
    outer loop
      vertex -15.69502280561496 24.08353973791861 2
      vertex -15.829657628229796 23.1759054891492 2
      vertex -15.829657628229796 23.1759054891492 7
    endloop
  endfacet
  facet normal -0.9987954562051723 0.04906767432741805 0
    outer loop
      vertex -15.65 25 2
      vertex -15.69502280561496 24.08353973791861 2
      vertex -15.69502280561496 24.08353973791861 7
    endloop
  endfacet
  facet normal -0.9987954562051723 -0.04906767432741805 0
    outer loop
      vertex -15.69502280561496 25.91646026208139 2
      vertex -15.65 25 2
      vertex -15.65 25 7
    endloop
  endfacet
  facet normal -0.9891765099647808 -0.1467304744553623 0
    outer loop
      vertex -15.829657628229796 26.8240945108508 2
      vertex -15.69502280561496 25.91646026208139 2
      vertex -15.69502280561496 25.91646026208139 7
    endloop
  endfacet
  facet normal -0.9700312531945442 -0.24298017990326332 0
    outer loop
      vertex -16.052607860903848 27.714161732329224 2
      vertex -15.829657628229796 26.8240945108508 2
      vertex -15.829657628229796 26.8240945108508 7
    endloop
  endfacet
  facet normal -0.941544065183021 -0.3368898533922192 0
    outer loop
      vertex -16.36172637101947 28.57809009261359 2
      vertex -16.052607860903848 27.714161732329224 2
      vertex -16.052607860903848 27.714161732329224 7
    endloop
  endfacet
  facet normal -0.9039892931234436 -0.42755509343028164 0
    outer loop
      vertex -16.75403617834288 29.407559489323077 2
      vertex -16.36172637101947 28.57809009261359 2
      vertex -16.36172637101947 28.57809009261359 7
    endloop
  endfacet
  facet normal 0 1 0
    outer loop
      vertex -45 45 2
      vertex -45 45 7
      vertex 45 45 2
    endloop
  endfacet
  facet normal 0.42755509343028164 0.9039892931234436 0
    outer loop
      vertex -28.57809009261359 16.36172637101947 7
      vertex -28.57809009261359 16.36172637101947 2
      vertex -29.407559489323077 16.75403617834288 7
    endloop
  endfacet
  facet normal 0.8032075314806482 0.595699304492429 0
    outer loop
      vertex -32.774240875028795 19.80541832126672 7
      vertex -32.22764773894159 19.068422793069914 7
      vertex -32.22764773894159 19.068422793069914 2
    endloop
  endfacet
  facet normal 0.6715589548470202 0.7409511253549576 0
    outer loop
      vertex -30.931577206930086 17.77235226105841 7
      vertex -30.931577206930086 17.77235226105841 2
      vertex -31.61144840409422 18.38855159590578 7
    endloop
  endfacet
  facet normal 0.7409511253549576 0.6715589548470202 0
    outer loop
      vertex -32.22764773894159 19.068422793069914 7
      vertex -31.61144840409422 18.38855159590578 7
      vertex -31.61144840409422 18.38855159590578 2
    endloop
  endfacet
  facet normal 0.9039892931234451 0.42755509343027853 0
    outer loop
      vertex -33.63827362898053 21.42190990738641 7
      vertex -33.24596382165712 20.592440510676923 7
      vertex -33.24596382165712 20.592440510676923 2
    endloop
  endfacet
  facet normal 0.8577286100002698 0.5141027441932255 0
    outer loop
      vertex -33.24596382165712 20.592440510676923 7
      vertex -32.774240875028795 19.80541832126672 7
      vertex -32.774240875028795 19.80541832126672 2
    endloop
  endfacet
  facet normal 0.9415440651830197 0.33688985339222266 0
    outer loop
      vertex -33.94739213909615 22.285838267670776 7
      vertex -33.63827362898053 21.42190990738641 7
      vertex -33.63827362898053 21.42190990738641 2
    endloop
  endfacet
  facet normal 0.5956993044924316 0.8032075314806463 0
    outer loop
      vertex -30.19458167873328 17.2257591249712 7
      vertex -30.19458167873328 17.2257591249712 2
      vertex -30.931577206930086 17.77235226105841 7
    endloop
  endfacet
  facet normal 0.5141027441932228 0.8577286100002715 0
    outer loop
      vertex -29.407559489323077 16.75403617834288 7
      vertex -29.407559489323077 16.75403617834288 2
      vertex -30.19458167873328 17.2257591249712 7
    endloop
  endfacet
  facet normal 0.3368898533922192 0.941544065183021 0
    outer loop
      vertex -27.714161732329224 16.052607860903848 7
      vertex -27.714161732329224 16.052607860903848 2
      vertex -28.57809009261359 16.36172637101947 7
    endloop
  endfacet
  facet normal 0.24298017990326332 0.9700312531945442 0
    outer loop
      vertex -26.8240945108508 15.829657628229796 7
      vertex -26.8240945108508 15.829657628229796 2
      vertex -27.714161732329224 16.052607860903848 7
    endloop
  endfacet
  facet normal 0.1467304744553623 0.9891765099647808 0
    outer loop
      vertex -25.91646026208139 15.69502280561496 7
      vertex -25.91646026208139 15.69502280561496 2
      vertex -26.8240945108508 15.829657628229796 7
    endloop
  endfacet
  facet normal 0.04906767432741805 0.9987954562051723 0
    outer loop
      vertex -25 15.65 7
      vertex -25 15.65 2
      vertex -25.91646026208139 15.69502280561496 7
    endloop
  endfacet
  facet normal -0.04906767432741805 0.9987954562051723 0
    outer loop
      vertex -24.08353973791861 15.69502280561496 7
      vertex -24.08353973791861 15.69502280561496 2
      vertex -25 15.65 7
    endloop
  endfacet
  facet normal -0.1467304744553623 0.9891765099647808 0
    outer loop
      vertex -23.1759054891492 15.829657628229796 7
      vertex -23.1759054891492 15.829657628229796 2
      vertex -24.08353973791861 15.69502280561496 7
    endloop
  endfacet
  facet normal -0.24298017990326332 0.9700312531945442 0
    outer loop
      vertex -22.285838267670776 16.052607860903848 7
      vertex -22.285838267670776 16.052607860903848 2
      vertex -23.1759054891492 15.829657628229796 7
    endloop
  endfacet
  facet normal 0 0 1
    outer loop
      vertex -45 -45 7
      vertex -34.35 25 7
      vertex -45 45 7
    endloop
  endfacet
  facet normal 0 0 1
    outer loop
      vertex -45 -45 7
      vertex -33.94739213909615 22.285838267670776 7
      vertex -34.170342371770204 23.1759054891492 7
    endloop
  endfacet
  facet normal 0 0 1
    outer loop
      vertex -45 -45 7
      vertex -34.170342371770204 23.1759054891492 7
      vertex -34.30497719438504 24.08353973791861 7
    endloop
  endfacet
  facet normal 0 0 1
    outer loop
      vertex -45 -45 7
      vertex -34.30497719438504 24.08353973791861 7
      vertex -34.35 25 7
    endloop
  endfacet
  facet normal 0 0 1
    outer loop
      vertex -28.57809009261359 -16.36172637101947 7
      vertex -28.57809009261359 16.36172637101947 7
      vertex -29.407559489323077 16.75403617834288 7
    endloop
  endfacet
  facet normal 0 0 1
    outer loop
      vertex -32.774240875028795 -19.80541832126672 7
      vertex -32.774240875028795 19.80541832126672 7
      vertex -33.24596382165712 20.592440510676923 7
    endloop
  endfacet
  facet normal 0 0 1
    outer loop
      vertex -32.22764773894159 -19.068422793069914 7
      vertex -32.22764773894159 19.068422793069914 7
      vertex -32.774240875028795 19.80541832126672 7
    endloop
  endfacet
  facet normal 0 0 1
    outer loop
      vertex -33.24596382165712 -20.592440510676923 7
      vertex -33.24596382165712 20.592440510676923 7
      vertex -33.63827362898053 21.42190990738641 7
    endloop
  endfacet
  facet normal 0 0 1
    outer loop
      vertex -31.61144840409422 -18.38855159590578 7
      vertex -31.61144840409422 18.38855159590578 7
      vertex -32.22764773894159 19.068422793069914 7
    endloop
  endfacet
  facet normal 0 0 1
    outer loop
      vertex -30.931577206930086 -17.77235226105841 7
      vertex -30.931577206930086 17.77235226105841 7
      vertex -31.61144840409422 18.38855159590578 7
    endloop
  endfacet
  facet normal 0 0 1
    outer loop
      vertex -30.19458167873328 -17.2257591249712 7
      vertex -30.19458167873328 17.2257591249712 7
      vertex -30.931577206930086 17.77235226105841 7
    endloop
  endfacet
  facet normal 0 0 1
    outer loop
      vertex -29.407559489323077 -16.75403617834288 7
      vertex -29.407559489323077 16.75403617834288 7
      vertex -30.19458167873328 17.2257591249712 7
    endloop
  endfacet
  facet normal 0 0 1
    outer loop
      vertex -27.714161732329224 -16.052607860903848 7
      vertex -27.714161732329224 16.052607860903848 7
      vertex -28.57809009261359 16.36172637101947 7
    endloop
  endfacet
  facet normal 0 0 1
    outer loop
      vertex -26.8240945108508 -15.829657628229796 7
      vertex -26.8240945108508 15.829657628229796 7
      vertex -27.714161732329224 16.052607860903848 7
    endloop
  endfacet
  facet normal 0 0 1
    outer loop
      vertex -25.91646026208139 -15.69502280561496 7
      vertex -25.91646026208139 15.69502280561496 7
      vertex -26.8240945108508 15.829657628229796 7
    endloop
  endfacet
  facet normal 0 0 1
    outer loop
      vertex -25 -15.65 7
      vertex -25 15.65 7
      vertex -25.91646026208139 15.69502280561496 7
    endloop
  endfacet
  facet normal 0 0 1
    outer loop
      vertex -24.08353973791861 -15.69502280561496 7
      vertex -24.08353973791861 15.69502280561496 7
      vertex -25 15.65 7
    endloop
  endfacet
  facet normal 0 0 1
    outer loop
      vertex -23.1759054891492 -15.829657628229796 7
      vertex -23.1759054891492 15.829657628229796 7
      vertex -24.08353973791861 15.69502280561496 7
    endloop
  endfacet
  facet normal 0 0 1
    outer loop
      vertex -22.285838267670776 -16.052607860903848 7
      vertex -22.285838267670776 16.052607860903848 7
      vertex -23.1759054891492 15.829657628229796 7
    endloop
  endfacet
  facet normal 0.9700312531945442 0.24298017990326332 0
    outer loop
      vertex -34.170342371770204 23.1759054891492 7
      vertex -33.94739213909615 22.285838267670776 7
      vertex -33.94739213909615 22.285838267670776 2
    endloop
  endfacet
  facet normal 0.9891765099647811 0.14673047445536042 0
    outer loop
      vertex -34.30497719438504 24.08353973791861 7
      vertex -34.170342371770204 23.1759054891492 7
      vertex -34.170342371770204 23.1759054891492 2
    endloop
  endfacet
  facet normal 0.9987954562051721 0.049067674327421915 0
    outer loop
      vertex -34.35 25 7
      vertex -34.30497719438504 24.08353973791861 7
      vertex -34.30497719438504 24.08353973791861 2
    endloop
  endfacet
  facet normal 0.9987954562051721 -0.049067674327421915 0
    outer loop
      vertex -34.30497719438504 25.91646026208139 7
      vertex -34.35 25 7
      vertex -34.35 25 2
    endloop
  endfacet
  facet normal 0.9891765099647811 -0.14673047445536042 0
    outer loop
      vertex -34.170342371770204 26.8240945108508 7
      vertex -34.30497719438504 25.91646026208139 7
      vertex -34.30497719438504 25.91646026208139 2
    endloop
  endfacet
  facet normal 0.9700312531945442 -0.24298017990326332 0
    outer loop
      vertex -33.94739213909615 27.714161732329224 7
      vertex -34.170342371770204 26.8240945108508 7
      vertex -34.170342371770204 26.8240945108508 2
    endloop
  endfacet
  facet normal 0.9415440651830197 -0.33688985339222266 0
    outer loop
      vertex -33.63827362898053 28.57809009261359 7
      vertex -33.94739213909615 27.714161732329224 7
      vertex -33.94739213909615 27.714161732329224 2
    endloop
  endfacet
  facet normal 0.9039892931234451 -0.42755509343027853 0
    outer loop
      vertex -33.24596382165712 29.407559489323077 7
      vertex -33.63827362898053 28.57809009261359 7
      vertex -33.63827362898053 28.57809009261359 2
    endloop
  endfacet
  facet normal 0.8577286100002698 -0.5141027441932255 0
    outer loop
      vertex -32.774240875028795 30.19458167873328 7
      vertex -33.24596382165712 29.407559489323077 7
      vertex -33.24596382165712 29.407559489323077 2
    endloop
  endfacet
  facet normal 0.8032075314806482 -0.595699304492429 0
    outer loop
      vertex -32.22764773894159 30.931577206930086 7
      vertex -32.774240875028795 30.19458167873328 7
      vertex -32.774240875028795 30.19458167873328 2
    endloop
  endfacet
  facet normal 0.7409511253549576 -0.6715589548470202 0
    outer loop
      vertex -31.61144840409422 31.61144840409422 7
      vertex -32.22764773894159 30.931577206930086 7
      vertex -32.22764773894159 30.931577206930086 2
    endloop
  endfacet
  facet normal 0.6715589548470202 -0.7409511253549576 0
    outer loop
      vertex -31.61144840409422 31.61144840409422 7
      vertex -31.61144840409422 31.61144840409422 2
      vertex -30.931577206930086 32.22764773894159 7
    endloop
  endfacet
  facet normal 0.595699304492429 -0.8032075314806482 0
    outer loop
      vertex -30.931577206930086 32.22764773894159 2
      vertex -30.19458167873328 32.774240875028795 7
      vertex -30.931577206930086 32.22764773894159 7
    endloop
  endfacet
  facet normal 0.5141027441932255 -0.8577286100002698 0
    outer loop
      vertex -30.19458167873328 32.774240875028795 2
      vertex -29.407559489323077 33.24596382165712 7
      vertex -30.19458167873328 32.774240875028795 7
    endloop
  endfacet
  facet normal 0.42755509343027853 -0.9039892931234451 0
    outer loop
      vertex -29.407559489323077 33.24596382165712 2
      vertex -28.57809009261359 33.63827362898053 7
      vertex -29.407559489323077 33.24596382165712 7
    endloop
  endfacet
  facet normal 0.33688985339222266 -0.9415440651830197 0
    outer loop
      vertex -28.57809009261359 33.63827362898053 2
      vertex -27.714161732329224 33.94739213909615 7
      vertex -28.57809009261359 33.63827362898053 7
    endloop
  endfacet
  facet normal 0.24298017990326332 -0.9700312531945442 0
    outer loop
      vertex -27.714161732329224 33.94739213909615 2
      vertex -26.8240945108508 34.170342371770204 7
      vertex -27.714161732329224 33.94739213909615 7
    endloop
  endfacet
  facet normal 0.14673047445536042 -0.9891765099647811 0
    outer loop
      vertex -26.8240945108508 34.170342371770204 2
      vertex -25.91646026208139 34.30497719438504 7
      vertex -26.8240945108508 34.170342371770204 7
    endloop
  endfacet
  facet normal 0.049067674327421915 -0.9987954562051721 0
    outer loop
      vertex -25.91646026208139 34.30497719438504 2
      vertex -25 34.35 7
      vertex -25.91646026208139 34.30497719438504 7
    endloop
  endfacet
  facet normal -0.049067674327421915 -0.9987954562051721 0
    outer loop
      vertex -25 34.35 2
      vertex -24.08353973791861 34.30497719438504 7
      vertex -25 34.35 7
    endloop
  endfacet
  facet normal -0.14673047445536042 -0.9891765099647811 0
    outer loop
      vertex -24.08353973791861 34.30497719438504 2
      vertex -23.1759054891492 34.170342371770204 7
      vertex -24.08353973791861 34.30497719438504 7
    endloop
  endfacet
  facet normal -0.24298017990326332 -0.9700312531945442 0
    outer loop
      vertex -23.1759054891492 34.170342371770204 2
      vertex -22.285838267670776 33.94739213909615 7
      vertex -23.1759054891492 34.170342371770204 7
    endloop
  endfacet
  facet normal 0 0 1
    outer loop
      vertex -45 45 7
      vertex -34.35 25 7
      vertex -34.30497719438504 25.91646026208139 7
    endloop
  endfacet
  facet normal 0 0 1
    outer loop
      vertex -45 45 7
      vertex -34.30497719438504 25.91646026208139 7
      vertex -34.170342371770204 26.8240945108508 7
    endloop
  endfacet
  facet normal 0 0 1
    outer loop
      vertex -45 45 7
      vertex -34.170342371770204 26.8240945108508 7
      vertex -33.94739213909615 27.714161732329224 7
    endloop
  endfacet
  facet normal 0 0 1
    outer loop
      vertex -45 45 7
      vertex -33.94739213909615 27.714161732329224 7
      vertex -33.63827362898053 28.57809009261359 7
    endloop
  endfacet
  facet normal 0 0 1
    outer loop
      vertex -45 45 7
      vertex -33.63827362898053 28.57809009261359 7
      vertex -33.24596382165712 29.407559489323077 7
    endloop
  endfacet
  facet normal 0 0 1
    outer loop
      vertex -45 45 7
      vertex -33.24596382165712 29.407559489323077 7
      vertex -32.774240875028795 30.19458167873328 7
    endloop
  endfacet
  facet normal 0 0 1
    outer loop
      vertex -45 45 7
      vertex -32.774240875028795 30.19458167873328 7
      vertex -32.22764773894159 30.931577206930086 7
    endloop
  endfacet
  facet normal 0 0 1
    outer loop
      vertex -45 45 7
      vertex -32.22764773894159 30.931577206930086 7
      vertex -31.61144840409422 31.61144840409422 7
    endloop
  endfacet
  facet normal 0 0 1
    outer loop
      vertex -45 45 7
      vertex -31.61144840409422 31.61144840409422 7
      vertex -30.931577206930086 32.22764773894159 7
    endloop
  endfacet
  facet normal 0 0 1
    outer loop
      vertex -45 45 7
      vertex -30.931577206930086 32.22764773894159 7
      vertex -30.19458167873328 32.774240875028795 7
    endloop
  endfacet
  facet normal 0 0 1
    outer loop
      vertex -45 45 7
      vertex -30.19458167873328 32.774240875028795 7
      vertex -29.407559489323077 33.24596382165712 7
    endloop
  endfacet
  facet normal 0 0 1
    outer loop
      vertex -45 45 7
      vertex -29.407559489323077 33.24596382165712 7
      vertex -28.57809009261359 33.63827362898053 7
    endloop
  endfacet
  facet normal 0 0 1
    outer loop
      vertex -45 45 7
      vertex -28.57809009261359 33.63827362898053 7
      vertex -27.714161732329224 33.94739213909615 7
    endloop
  endfacet
  facet normal 0 0 1
    outer loop
      vertex -45 45 7
      vertex -27.714161732329224 33.94739213909615 7
      vertex -26.8240945108508 34.170342371770204 7
    endloop
  endfacet
  facet normal 0 0 1
    outer loop
      vertex -45 45 7
      vertex -26.8240945108508 34.170342371770204 7
      vertex -25.91646026208139 34.30497719438504 7
    endloop
  endfacet
  facet normal 0 0 1
    outer loop
      vertex -45 45 7
      vertex -25.91646026208139 34.30497719438504 7
      vertex -25 34.35 7
    endloop
  endfacet
  facet normal -0.3368898533922192 0.941544065183021 0
    outer loop
      vertex -21.42190990738641 16.36172637101947 7
      vertex -21.42190990738641 16.36172637101947 2
      vertex -22.285838267670776 16.052607860903848 7
    endloop
  endfacet
  facet normal -0.42755509343028164 0.9039892931234436 0
    outer loop
      vertex -20.592440510676923 16.75403617834288 7
      vertex -20.592440510676923 16.75403617834288 2
      vertex -21.42190990738641 16.36172637101947 7
    endloop
  endfacet
  facet normal -0.5141027441932228 0.8577286100002715 0
    outer loop
      vertex -19.80541832126672 17.2257591249712 7
      vertex -19.80541832126672 17.2257591249712 2
      vertex -20.592440510676923 16.75403617834288 7
    endloop
  endfacet
  facet normal -0.5956993044924316 0.8032075314806463 0
    outer loop
      vertex -19.068422793069914 17.77235226105841 7
      vertex -19.068422793069914 17.77235226105841 2
      vertex -19.80541832126672 17.2257591249712 7
    endloop
  endfacet
  facet normal -0.6715589548470202 0.7409511253549576 0
    outer loop
      vertex -18.38855159590578 18.38855159590578 7
      vertex -18.38855159590578 18.38855159590578 2
      vertex -19.068422793069914 17.77235226105841 7
    endloop
  endfacet
  facet normal -0.7409511253549576 0.6715589548470202 0
    outer loop
      vertex -17.77235226105841 19.068422793069914 2
      vertex -18.38855159590578 18.38855159590578 7
      vertex -17.77235226105841 19.068422793069914 7
    endloop
  endfacet
  facet normal -0.8032075314806463 0.5956993044924316 0
    outer loop
      vertex -17.2257591249712 19.80541832126672 2
      vertex -17.77235226105841 19.068422793069914 7
      vertex -17.2257591249712 19.80541832126672 7
    endloop
  endfacet
  facet normal -0.8577286100002715 0.5141027441932228 0
    outer loop
      vertex -16.75403617834288 20.592440510676923 2
      vertex -17.2257591249712 19.80541832126672 7
      vertex -16.75403617834288 20.592440510676923 7
    endloop
  endfacet
  facet normal -0.9039892931234436 0.42755509343028164 0
    outer loop
      vertex -16.36172637101947 21.42190990738641 2
      vertex -16.75403617834288 20.592440510676923 7
      vertex -16.36172637101947 21.42190990738641 7
    endloop
  endfacet
  facet normal -0.941544065183021 0.3368898533922192 0
    outer loop
      vertex -16.052607860903848 22.285838267670776 2
      vertex -16.36172637101947 21.42190990738641 7
      vertex -16.052607860903848 22.285838267670776 7
    endloop
  endfacet
  facet normal 0.9987954562051724 -0.049067674327417134 0
    outer loop
      vertex -2.4879618166804924 0.2450428508239015 7
      vertex -2.5 0 7
      vertex -2.5 0 2
    endloop
  endfacet
  facet normal 0.9891765099647808 -0.14673047445536283 0
    outer loop
      vertex -2.451963201008076 0.4877258050403206 7
      vertex -2.4879618166804924 0.2450428508239015 7
      vertex -2.4879618166804924 0.2450428508239015 2
    endloop
  endfacet
  facet normal 0.9700312531945439 -0.2429801799032646 0
    outer loop
      vertex -2.392350839330522 0.7257116931361558 7
      vertex -2.451963201008076 0.4877258050403206 7
      vertex -2.451963201008076 0.4877258050403206 2
    endloop
  endfacet
  facet normal 0.9415440651830213 -0.33688985339221883 0
    outer loop
      vertex -2.309698831278217 0.9567085809127245 7
      vertex -2.392350839330522 0.7257116931361558 7
      vertex -2.392350839330522 0.7257116931361558 2
    endloop
  endfacet
  facet normal 0.9039892931234436 -0.4275550934302817 0
    outer loop
      vertex -2.204803160870888 1.1784918420649941 7
      vertex -2.309698831278217 0.9567085809127245 7
      vertex -2.309698831278217 0.9567085809127245 2
    endloop
  endfacet
  facet normal 0.8577286100002717 -0.5141027441932224 0
    outer loop
      vertex -2.078674030756363 1.3889255825490054 7
      vertex -2.204803160870888 1.1784918420649941 7
      vertex -2.204803160870888 1.1784918420649941 2
    endloop
  endfacet
  facet normal 0.803207531480645 -0.595699304492433 0
    outer loop
      vertex -1.9325261334068424 1.5859832104091138 7
      vertex -2.078674030756363 1.3889255825490054 7
      vertex -2.078674030756363 1.3889255825490054 2
    endloop
  endfacet
  facet normal 0.7409511253549591 -0.6715589548470183 0
    outer loop
      vertex -1.7677669529663689 1.7677669529663689 7
      vertex -1.9325261334068424 1.5859832104091138 7
      vertex -1.9325261334068424 1.5859832104091138 2
    endloop
  endfacet
  facet normal 0.6715589548470183 -0.7409511253549591 0
    outer loop
      vertex -1.7677669529663689 1.7677669529663689 7
      vertex -1.7677669529663689 1.7677669529663689 2
      vertex -1.5859832104091138 1.9325261334068424 7
    endloop
  endfacet
  facet normal 0.595699304492433 -0.803207531480645 0
    outer loop
      vertex -1.5859832104091138 1.9325261334068424 2
      vertex -1.3889255825490054 2.078674030756363 7
      vertex -1.5859832104091138 1.9325261334068424 7
    endloop
  endfacet
  facet normal 0.5141027441932224 -0.8577286100002717 0
    outer loop
      vertex -1.3889255825490054 2.078674030756363 2
      vertex -1.1784918420649941 2.204803160870888 7
      vertex -1.3889255825490054 2.078674030756363 7
    endloop
  endfacet
  facet normal 0.4275550934302817 -0.9039892931234436 0
    outer loop
      vertex -1.1784918420649941 2.204803160870888 2
      vertex -0.9567085809127245 2.309698831278217 7
      vertex -1.1784918420649941 2.204803160870888 7
    endloop
  endfacet
  facet normal 0.33688985339221883 -0.9415440651830213 0
    outer loop
      vertex -0.9567085809127245 2.309698831278217 2
      vertex -0.7257116931361558 2.392350839330522 7
      vertex -0.9567085809127245 2.309698831278217 7
    endloop
  endfacet
  facet normal 0.2429801799032646 -0.9700312531945439 0
    outer loop
      vertex -0.7257116931361558 2.392350839330522 2
      vertex -0.4877258050403206 2.451963201008076 7
      vertex -0.7257116931361558 2.392350839330522 7
    endloop
  endfacet
  facet normal 0.14673047445536283 -0.9891765099647808 0
    outer loop
      vertex -0.4877258050403206 2.451963201008076 2
      vertex -0.2450428508239015 2.4879618166804924 7
      vertex -0.4877258050403206 2.451963201008076 7
    endloop
  endfacet
  facet normal 0.049067674327417134 -0.9987954562051724 0
    outer loop
      vertex -0.2450428508239015 2.4879618166804924 2
      vertex 0 2.5 7
      vertex -0.2450428508239015 2.4879618166804924 7
    endloop
  endfacet
  facet normal 0 0 1
    outer loop
      vertex -22.285838267670776 -16.052607860903848 7
      vertex -2.5 0 7
      vertex -22.285838267670776 16.052607860903848 7
    endloop
  endfacet
  facet normal 0 0 1
    outer loop
      vertex -21.42190990738641 16.36172637101947 7
      vertex -22.285838267670776 16.052607860903848 7
      vertex -2.451963201008076 0.4877258050403206 7
    endloop
  endfacet
  facet normal 0 0 1
    outer loop
      vertex -20.592440510676923 16.75403617834288 7
      vertex -21.42190990738641 16.36172637101947 7
      vertex -2.392350839330522 0.7257116931361558 7
    endloop
  endfacet
  facet normal 0 0 1
    outer loop
      vertex -19.80541832126672 17.2257591249712 7
      vertex -20.592440510676923 16.75403617834288 7
      vertex -2.204803160870888 1.1784918420649941 7
    endloop
  endfacet
  facet normal 0 0 1
    outer loop
      vertex -19.068422793069914 17.77235226105841 7
      vertex -19.80541832126672 17.2257591249712 7
      vertex -2.078674030756363 1.3889255825490054 7
    endloop
  endfacet
  facet normal 0 0 1
    outer loop
      vertex -1.7677669529663689 1.7677669529663689 7
      vertex -18.38855159590578 18.38855159590578 7
      vertex -19.068422793069914 17.77235226105841 7
    endloop
  endfacet
  facet normal 0 0 1
    outer loop
      vertex -18.38855159590578 18.38855159590578 7
      vertex -1.5859832104091138 1.9325261334068424 7
      vertex -17.77235226105841 19.068422793069914 7
    endloop
  endfacet
  facet normal 0 0 1
    outer loop
      vertex -17.77235226105841 19.068422793069914 7
      vertex -1.3889255825490054 2.078674030756363 7
      vertex -17.2257591249712 19.80541832126672 7
    endloop
  endfacet
  facet normal 0 0 1
    outer loop
      vertex -0.9567085809127245 2.309698831278217 7
      vertex -16.75403617834288 20.592440510676923 7
      vertex -17.2257591249712 19.80541832126672 7
    endloop
  endfacet
  facet normal 0 0 1
    outer loop
      vertex -0.7257116931361558 2.392350839330522 7
      vertex -16.36172637101947 21.42190990738641 7
      vertex -16.75403617834288 20.592440510676923 7
    endloop
  endfacet
  facet normal 0 0 1
    outer loop
      vertex -22.285838267670776 16.052607860903848 7
      vertex -2.5 0 7
      vertex -2.4879618166804924 0.2450428508239015 7
    endloop
  endfacet
  facet normal 0 0 1
    outer loop
      vertex -2.451963201008076 0.4877258050403206 7
      vertex -22.285838267670776 16.052607860903848 7
      vertex -2.4879618166804924 0.2450428508239015 7
    endloop
  endfacet
  facet normal 0 0 1
    outer loop
      vertex -21.42190990738641 16.36172637101947 7
      vertex -2.451963201008076 0.4877258050403206 7
      vertex -2.392350839330522 0.7257116931361558 7
    endloop
  endfacet
  facet normal 0 0 1
    outer loop
      vertex -20.592440510676923 16.75403617834288 7
      vertex -2.392350839330522 0.7257116931361558 7
      vertex -2.309698831278217 0.9567085809127245 7
    endloop
  endfacet
  facet normal 0 0 1
    outer loop
      vertex -2.204803160870888 1.1784918420649941 7
      vertex -20.592440510676923 16.75403617834288 7
      vertex -2.309698831278217 0.9567085809127245 7
    endloop
  endfacet
  facet normal 0 0 1
    outer loop
      vertex -19.80541832126672 17.2257591249712 7
      vertex -2.204803160870888 1.1784918420649941 7
      vertex -2.078674030756363 1.3889255825490054 7
    endloop
  endfacet
  facet normal 0 0 1
    outer loop
      vertex -19.068422793069914 17.77235226105841 7
      vertex -2.078674030756363 1.3889255825490054 7
      vertex -1.9325261334068424 1.5859832104091138 7
    endloop
  endfacet
  facet normal 0 0 1
    outer loop
      vertex -1.7677669529663689 1.7677669529663689 7
      vertex -19.068422793069914 17.77235226105841 7
      vertex -1.9325261334068424 1.5859832104091138 7
    endloop
  endfacet
  facet normal 0 0 1
    outer loop
      vertex -1.7677669529663689 1.7677669529663689 7
      vertex -1.5859832104091138 1.9325261334068424 7
      vertex -18.38855159590578 18.38855159590578 7
    endloop
  endfacet
  facet normal 0 0 1
    outer loop
      vertex -1.5859832104091138 1.9325261334068424 7
      vertex -1.3889255825490054 2.078674030756363 7
      vertex -17.77235226105841 19.068422793069914 7
    endloop
  endfacet
  facet normal 0 0 1
    outer loop
      vertex -1.3889255825490054 2.078674030756363 7
      vertex -1.1784918420649941 2.204803160870888 7
      vertex -17.2257591249712 19.80541832126672 7
    endloop
  endfacet
  facet normal 0 0 1
    outer loop
      vertex -1.1784918420649941 2.204803160870888 7
      vertex -0.9567085809127245 2.309698831278217 7
      vertex -17.2257591249712 19.80541832126672 7
    endloop
  endfacet
  facet normal 0 0 1
    outer loop
      vertex -0.9567085809127245 2.309698831278217 7
      vertex -0.7257116931361558 2.392350839330522 7
      vertex -16.75403617834288 20.592440510676923 7
    endloop
  endfacet
  facet normal 0 0 1
    outer loop
      vertex -0.7257116931361558 2.392350839330522 7
      vertex -0.4877258050403206 2.451963201008076 7
      vertex -16.36172637101947 21.42190990738641 7
    endloop
  endfacet
  facet normal 0 0 1
    outer loop
      vertex -0.4877258050403206 2.451963201008076 7
      vertex -0.2450428508239015 2.4879618166804924 7
      vertex -16.36172637101947 21.42190990738641 7
    endloop
  endfacet
  facet normal 0 0 1
    outer loop
      vertex -0.2450428508239015 2.4879618166804924 7
      vertex 0 2.5 7
      vertex -16.052607860903848 22.285838267670776 7
    endloop
  endfacet
  facet normal 0 0 1
    outer loop
      vertex -15.829657628229796 23.1759054891492 7
      vertex 0 2.5 7
      vertex 0.2450428508239015 2.4879618166804924 7
    endloop
  endfacet
  facet normal 0 0 1
    outer loop
      vertex -15.69502280561496 24.08353973791861 7
      vertex 0.2450428508239015 2.4879618166804924 7
      vertex 0.4877258050403206 2.451963201008076 7
    endloop
  endfacet
  facet normal 0 0 1
    outer loop
      vertex -15.69502280561496 24.08353973791861 7
      vertex 0.4877258050403206 2.451963201008076 7
      vertex 0.7257116931361558 2.392350839330522 7
    endloop
  endfacet
  facet normal 0 0 1
    outer loop
      vertex -15.65 25 7
      vertex 0.7257116931361558 2.392350839330522 7
      vertex 0.9567085809127245 2.309698831278217 7
    endloop
  endfacet
  facet normal 0 0 1
    outer loop
      vertex -15.69502280561496 25.91646026208139 7
      vertex 0.9567085809127245 2.309698831278217 7
      vertex 1.1784918420649941 2.204803160870888 7
    endloop
  endfacet
  facet normal 0 0 1
    outer loop
      vertex -0.2450428508239015 2.4879618166804924 7
      vertex -16.052607860903848 22.285838267670776 7
      vertex -16.36172637101947 21.42190990738641 7
    endloop
  endfacet
  facet normal 0 0 1
    outer loop
      vertex -16.052607860903848 22.285838267670776 7
      vertex 0 2.5 7
      vertex -15.829657628229796 23.1759054891492 7
    endloop
  endfacet
  facet normal 0 0 1
    outer loop
      vertex -15.829657628229796 23.1759054891492 7
      vertex 0.2450428508239015 2.4879618166804924 7
      vertex -15.69502280561496 24.08353973791861 7
    endloop
  endfacet
  facet normal 0 0 1
    outer loop
      vertex -15.69502280561496 24.08353973791861 7
      vertex 0.7257116931361558 2.392350839330522 7
      vertex -15.65 25 7
    endloop
  endfacet
  facet normal 0 0 1
    outer loop
      vertex -15.65 25 7
      vertex 0.9567085809127245 2.309698831278217 7
      vertex -15.69502280561496 25.91646026208139 7
    endloop
  endfacet
  facet normal -0.42755509343027853 -0.9039892931234451 0
    outer loop
      vertex -21.42190990738641 33.63827362898053 2
      vertex -20.592440510676923 33.24596382165712 7
      vertex -21.42190990738641 33.63827362898053 7
    endloop
  endfacet
  facet normal -0.5141027441932255 -0.8577286100002698 0
    outer loop
      vertex -20.592440510676923 33.24596382165712 2
      vertex -19.80541832126672 32.774240875028795 7
      vertex -20.592440510676923 33.24596382165712 7
    endloop
  endfacet
  facet normal -0.8032075314806463 -0.5956993044924316 0
    outer loop
      vertex -17.77235226105841 30.931577206930086 2
      vertex -17.2257591249712 30.19458167873328 7
      vertex -17.77235226105841 30.931577206930086 7
    endloop
  endfacet
  facet normal -0.8577286100002715 -0.5141027441932228 0
    outer loop
      vertex -17.2257591249712 30.19458167873328 2
      vertex -16.75403617834288 29.407559489323077 7
      vertex -17.2257591249712 30.19458167873328 7
    endloop
  endfacet
  facet normal -0.6715589548470202 -0.7409511253549576 0
    outer loop
      vertex -19.068422793069914 32.22764773894159 2
      vertex -18.38855159590578 31.61144840409422 7
      vertex -19.068422793069914 32.22764773894159 7
    endloop
  endfacet
  facet normal -0.595699304492429 -0.8032075314806482 0
    outer loop
      vertex -19.80541832126672 32.774240875028795 2
      vertex -19.068422793069914 32.22764773894159 7
      vertex -19.80541832126672 32.774240875028795 7
    endloop
  endfacet
  facet normal -0.7409511253549576 -0.6715589548470202 0
    outer loop
      vertex -18.38855159590578 31.61144840409422 2
      vertex -17.77235226105841 30.931577206930086 7
      vertex -18.38855159590578 31.61144840409422 7
    endloop
  endfacet
  facet normal -0.9700312531945442 0.24298017990326332 0
    outer loop
      vertex -15.829657628229796 23.1759054891492 2
      vertex -16.052607860903848 22.285838267670776 7
      vertex -15.829657628229796 23.1759054891492 7
    endloop
  endfacet
  facet normal -0.9891765099647808 0.1467304744553623 0
    outer loop
      vertex -15.69502280561496 24.08353973791861 2
      vertex -15.829657628229796 23.1759054891492 7
      vertex -15.69502280561496 24.08353973791861 7
    endloop
  endfacet
  facet normal -0.9987954562051723 0.04906767432741805 0
    outer loop
      vertex -15.65 25 2
      vertex -15.69502280561496 24.08353973791861 7
      vertex -15.65 25 7
    endloop
  endfacet
  facet normal -0.9987954562051723 -0.04906767432741805 0
    outer loop
      vertex -15.69502280561496 25.91646026208139 2
      vertex -15.65 25 7
      vertex -15.69502280561496 25.91646026208139 7
    endloop
  endfacet
  facet normal -0.9891765099647808 -0.1467304744553623 0
    outer loop
      vertex -15.829657628229796 26.8240945108508 2
      vertex -15.69502280561496 25.91646026208139 7
      vertex -15.829657628229796 26.8240945108508 7
    endloop
  endfacet
  facet normal -0.9700312531945442 -0.24298017990326332 0
    outer loop
      vertex -16.052607860903848 27.714161732329224 2
      vertex -15.829657628229796 26.8240945108508 7
      vertex -16.052607860903848 27.714161732329224 7
    endloop
  endfacet
  facet normal -0.941544065183021 -0.3368898533922192 0
    outer loop
      vertex -16.36172637101947 28.57809009261359 2
      vertex -16.052607860903848 27.714161732329224 7
      vertex -16.36172637101947 28.57809009261359 7
    endloop
  endfacet
  facet normal -0.9039892931234436 -0.42755509343028164 0
    outer loop
      vertex -16.75403617834288 29.407559489323077 2
      vertex -16.36172637101947 28.57809009261359 7
      vertex -16.75403617834288 29.407559489323077 7
    endloop
  endfacet
  facet normal -0.33688985339222266 -0.9415440651830197 0
    outer loop
      vertex -22.285838267670776 33.94739213909615 2
      vertex -21.42190990738641 33.63827362898053 7
      vertex -22.285838267670776 33.94739213909615 7
    endloop
  endfacet
  facet normal 0 0 1
    outer loop
      vertex -17.2257591249712 30.19458167873328 7
      vertex 17.77235226105841 30.931577206930086 7
      vertex -17.77235226105841 30.931577206930086 7
    endloop
  endfacet
  facet normal 0 0 1
    outer loop
      vertex -17.77235226105841 30.931577206930086 7
      vertex 18.38855159590578 31.61144840409422 7
      vertex -18.38855159590578 31.61144840409422 7
    endloop
  endfacet
  facet normal 0 0 1
    outer loop
      vertex -19.068422793069914 32.22764773894159 7
      vertex -18.38855159590578 31.61144840409422 7
      vertex 19.068422793069914 32.22764773894159 7
    endloop
  endfacet
  facet normal 0 0 1
    outer loop
      vertex -19.80541832126672 32.774240875028795 7
      vertex -19.068422793069914 32.22764773894159 7
      vertex 19.80541832126672 32.774240875028795 7
    endloop
  endfacet
  facet normal 0 0 1
    outer loop
      vertex -21.42190990738641 33.63827362898053 7
      vertex -20.592440510676923 33.24596382165712 7
      vertex 21.42190990738641 33.63827362898053 7
    endloop
  endfacet
  facet normal 0 0 1
    outer loop
      vertex -20.592440510676923 33.24596382165712 7
      vertex -19.80541832126672 32.774240875028795 7
      vertex 20.592440510676923 33.24596382165712 7
    endloop
  endfacet
  facet normal 0 0 1
    outer loop
      vertex -15.69502280561496 25.91646026208139 7
      vertex 15.829657628229796 26.8240945108508 7
      vertex -15.829657628229796 26.8240945108508 7
    endloop
  endfacet
  facet normal 0 0 1
    outer loop
      vertex -15.829657628229796 26.8240945108508 7
      vertex 16.052607860903848 27.714161732329224 7
      vertex -16.052607860903848 27.714161732329224 7
    endloop
  endfacet
  facet normal 0 0 1
    outer loop
      vertex -16.052607860903848 27.714161732329224 7
      vertex 16.36172637101947 28.57809009261359 7
      vertex -16.36172637101947 28.57809009261359 7
    endloop
  endfacet
  facet normal 0 0 1
    outer loop
      vertex -16.36172637101947 28.57809009261359 7
      vertex 16.75403617834288 29.407559489323077 7
      vertex -16.75403617834288 29.407559489323077 7
    endloop
  endfacet
  facet normal 0 0 1
    outer loop
      vertex -16.75403617834288 29.407559489323077 7
      vertex 17.2257591249712 30.19458167873328 7
      vertex -17.2257591249712 30.19458167873328 7
    endloop
  endfacet
  facet normal 0 0 1
    outer loop
      vertex -25 34.35 7
      vertex -24.08353973791861 34.30497719438504 7
      vertex 25 34.35 7
    endloop
  endfacet
  facet normal 0 0 1
    outer loop
      vertex -23.1759054891492 34.170342371770204 7
      vertex -22.285838267670776 33.94739213909615 7
      vertex 23.1759054891492 34.170342371770204 7
    endloop
  endfacet
  facet normal 0 0 1
    outer loop
      vertex -24.08353973791861 34.30497719438504 7
      vertex -23.1759054891492 34.170342371770204 7
      vertex 24.08353973791861 34.30497719438504 7
    endloop
  endfacet
  facet normal 0 0 1
    outer loop
      vertex -22.285838267670776 33.94739213909615 7
      vertex -21.42190990738641 33.63827362898053 7
      vertex 22.285838267670776 33.94739213909615 7
    endloop
  endfacet
  facet normal 0 0 1
    outer loop
      vertex -45 45 7
      vertex -25 34.35 7
      vertex 45 45 7
    endloop
  endfacet
  facet normal 0 0 -1
    outer loop
      vertex 45 -45 2
      vertex -22.285838267670776 -33.94739213909615 2
      vertex -21.42190990738641 -33.63827362898053 2
    endloop
  endfacet
  facet normal 0 0 -1
    outer loop
      vertex 45 -45 2
      vertex -21.42190990738641 -33.63827362898053 2
      vertex -20.592440510676923 -33.24596382165712 2
    endloop
  endfacet
  facet normal 0 0 -1
    outer loop
      vertex -16.36172637101947 -28.57809009261359 2
      vertex 16.36172637101947 -28.57809009261359 2
      vertex 16.75403617834288 -29.407559489323077 2
    endloop
  endfacet
  facet normal 0 0 -1
    outer loop
      vertex -16.052607860903848 -27.714161732329224 2
      vertex 16.052607860903848 -27.714161732329224 2
      vertex 16.36172637101947 -28.57809009261359 2
    endloop
  endfacet
  facet normal 0 0 -1
    outer loop
      vertex -15.829657628229796 -26.8240945108508 2
      vertex 15.829657628229796 -26.8240945108508 2
      vertex 16.052607860903848 -27.714161732329224 2
    endloop
  endfacet
  facet normal 0 0 -1
    outer loop
      vertex -15.69502280561496 -25.91646026208139 2
      vertex 15.69502280561496 -25.91646026208139 2
      vertex 15.829657628229796 -26.8240945108508 2
    endloop
  endfacet
  facet normal 0 0 -1
    outer loop
      vertex -15.65 -25 2
      vertex 15.65 -25 2
      vertex 15.69502280561496 -25.91646026208139 2
    endloop
  endfacet
  facet normal 0 0 -1
    outer loop
      vertex -15.69502280561496 -24.08353973791861 2
      vertex 15.69502280561496 -24.08353973791861 2
      vertex 15.65 -25 2
    endloop
  endfacet
  facet normal 0 0 -1
    outer loop
      vertex -15.829657628229796 -23.1759054891492 2
      vertex 15.829657628229796 -23.1759054891492 2
      vertex 15.69502280561496 -24.08353973791861 2
    endloop
  endfacet
  facet normal 0 0 -1
    outer loop
      vertex -16.052607860903848 -22.285838267670776 2
      vertex 16.052607860903848 -22.285838267670776 2
      vertex 15.829657628229796 -23.1759054891492 2
    endloop
  endfacet
  facet normal 0 0 -1
    outer loop
      vertex -19.068422793069914 -32.22764773894159 2
      vertex 19.068422793069914 -32.22764773894159 2
      vertex 19.80541832126672 -32.774240875028795 2
    endloop
  endfacet
  facet normal 0 0 -1
    outer loop
      vertex -19.80541832126672 -32.774240875028795 2
      vertex 19.80541832126672 -32.774240875028795 2
      vertex 20.592440510676923 -33.24596382165712 2
    endloop
  endfacet
  facet normal 0 0 -1
    outer loop
      vertex -17.77235226105841 -30.931577206930086 2
      vertex 17.77235226105841 -30.931577206930086 2
      vertex 18.38855159590578 -31.61144840409422 2
    endloop
  endfacet
  facet normal 0 0 -1
    outer loop
      vertex -18.38855159590578 -31.61144840409422 2
      vertex 18.38855159590578 -31.61144840409422 2
      vertex 19.068422793069914 -32.22764773894159 2
    endloop
  endfacet
  facet normal 0 0 -1
    outer loop
      vertex -20.592440510676923 -33.24596382165712 2
      vertex 20.592440510676923 -33.24596382165712 2
      vertex 21.42190990738641 -33.63827362898053 2
    endloop
  endfacet
  facet normal 0 0 -1
    outer loop
      vertex -17.2257591249712 -30.19458167873328 2
      vertex 17.2257591249712 -30.19458167873328 2
      vertex 17.77235226105841 -30.931577206930086 2
    endloop
  endfacet
  facet normal 0 0 -1
    outer loop
      vertex -16.75403617834288 -29.407559489323077 2
      vertex 16.75403617834288 -29.407559489323077 2
      vertex 17.2257591249712 -30.19458167873328 2
    endloop
  endfacet
  facet normal 0 0 -1
    outer loop
      vertex 45 -45 2
      vertex -20.592440510676923 -33.24596382165712 2
      vertex 21.42190990738641 -33.63827362898053 2
    endloop
  endfacet
  facet normal 0 -1 0
    outer loop
      vertex -45 -45 2
      vertex 45 -45 2
      vertex 45 -45 7
    endloop
  endfacet
  facet normal 0.9039892931234436 0.42755509343028164 0
    outer loop
      vertex 16.36172637101947 -28.57809009261359 7
      vertex 16.75403617834288 -29.407559489323077 2
      vertex 16.36172637101947 -28.57809009261359 2
    endloop
  endfacet
  facet normal 0.941544065183021 0.3368898533922192 0
    outer loop
      vertex 16.052607860903848 -27.714161732329224 7
      vertex 16.36172637101947 -28.57809009261359 2
      vertex 16.052607860903848 -27.714161732329224 2
    endloop
  endfacet
  facet normal 0.9700312531945442 0.24298017990326332 0
    outer loop
      vertex 15.829657628229796 -26.8240945108508 7
      vertex 16.052607860903848 -27.714161732329224 2
      vertex 15.829657628229796 -26.8240945108508 2
    endloop
  endfacet
  facet normal 0.9891765099647808 0.1467304744553623 0
    outer loop
      vertex 15.69502280561496 -25.91646026208139 7
      vertex 15.829657628229796 -26.8240945108508 2
      vertex 15.69502280561496 -25.91646026208139 2
    endloop
  endfacet
  facet normal 0.9987954562051723 0.04906767432741805 0
    outer loop
      vertex 15.65 -25 7
      vertex 15.69502280561496 -25.91646026208139 2
      vertex 15.65 -25 2
    endloop
  endfacet
  facet normal 0.9987954562051723 -0.04906767432741805 0
    outer loop
      vertex 15.69502280561496 -24.08353973791861 7
      vertex 15.65 -25 2
      vertex 15.69502280561496 -24.08353973791861 2
    endloop
  endfacet
  facet normal 0.9891765099647808 -0.1467304744553623 0
    outer loop
      vertex 15.829657628229796 -23.1759054891492 7
      vertex 15.69502280561496 -24.08353973791861 2
      vertex 15.829657628229796 -23.1759054891492 2
    endloop
  endfacet
  facet normal 0.9700312531945442 -0.24298017990326332 0
    outer loop
      vertex 16.052607860903848 -22.285838267670776 7
      vertex 15.829657628229796 -23.1759054891492 2
      vertex 16.052607860903848 -22.285838267670776 2
    endloop
  endfacet
  facet normal 0.7409511253549576 0.6715589548470202 0
    outer loop
      vertex 17.77235226105841 -30.931577206930086 7
      vertex 18.38855159590578 -31.61144840409422 2
      vertex 17.77235226105841 -30.931577206930086 2
    endloop
  endfacet
  facet normal 0.595699304492429 0.8032075314806482 0
    outer loop
      vertex 19.068422793069914 -32.22764773894159 7
      vertex 19.80541832126672 -32.774240875028795 2
      vertex 19.068422793069914 -32.22764773894159 2
    endloop
  endfacet
  facet normal 0.6715589548470202 0.7409511253549576 0
    outer loop
      vertex 18.38855159590578 -31.61144840409422 7
      vertex 19.068422793069914 -32.22764773894159 2
      vertex 18.38855159590578 -31.61144840409422 2
    endloop
  endfacet
  facet normal 0.8032075314806463 0.5956993044924316 0
    outer loop
      vertex 17.2257591249712 -30.19458167873328 7
      vertex 17.77235226105841 -30.931577206930086 2
      vertex 17.2257591249712 -30.19458167873328 2
    endloop
  endfacet
  facet normal 0.8577286100002715 0.5141027441932228 0
    outer loop
      vertex 16.75403617834288 -29.407559489323077 7
      vertex 17.2257591249712 -30.19458167873328 2
      vertex 16.75403617834288 -29.407559489323077 2
    endloop
  endfacet
  facet normal 0.5141027441932255 0.8577286100002698 0
    outer loop
      vertex 19.80541832126672 -32.774240875028795 7
      vertex 20.592440510676923 -33.24596382165712 2
      vertex 19.80541832126672 -32.774240875028795 2
    endloop
  endfacet
  facet normal 0.42755509343027853 0.9039892931234451 0
    outer loop
      vertex 20.592440510676923 -33.24596382165712 7
      vertex 21.42190990738641 -33.63827362898053 2
      vertex 20.592440510676923 -33.24596382165712 2
    endloop
  endfacet
  facet normal 0.33688985339222266 0.9415440651830197 0
    outer loop
      vertex 21.42190990738641 -33.63827362898053 7
      vertex 22.285838267670776 -33.94739213909615 2
      vertex 21.42190990738641 -33.63827362898053 2
    endloop
  endfacet
  facet normal 0 0 -1
    outer loop
      vertex -16.36172637101947 -21.42190990738641 2
      vertex 16.36172637101947 -21.42190990738641 2
      vertex 16.052607860903848 -22.285838267670776 2
    endloop
  endfacet
  facet normal 0 0 -1
    outer loop
      vertex 16.36172637101947 -21.42190990738641 2
      vertex 0.2450428508239015 -2.4879618166804924 2
      vertex 16.75403617834288 -20.592440510676923 2
    endloop
  endfacet
  facet normal 0 0 -1
    outer loop
      vertex -0.7257116931361558 -2.392350839330522 2
      vertex -0.4877258050403206 -2.451963201008076 2
      vertex 16.36172637101947 -21.42190990738641 2
    endloop
  endfacet
  facet normal 0 0 -1
    outer loop
      vertex -0.4877258050403206 -2.451963201008076 2
      vertex -0.2450428508239015 -2.4879618166804924 2
      vertex 16.36172637101947 -21.42190990738641 2
    endloop
  endfacet
  facet normal 0 0 -1
    outer loop
      vertex -0.2450428508239015 -2.4879618166804924 2
      vertex 0 -2.5 2
      vertex 16.36172637101947 -21.42190990738641 2
    endloop
  endfacet
  facet normal 0 0 -1
    outer loop
      vertex 0 -2.5 2
      vertex 0.2450428508239015 -2.4879618166804924 2
      vertex 16.36172637101947 -21.42190990738641 2
    endloop
  endfacet
  facet normal 0 0 -1
    outer loop
      vertex 0.2450428508239015 -2.4879618166804924 2
      vertex 0.4877258050403206 -2.451963201008076 2
      vertex 16.75403617834288 -20.592440510676923 2
    endloop
  endfacet
  facet normal 0 0 -1
    outer loop
      vertex 16.75403617834288 -20.592440510676923 2
      vertex 0.4877258050403206 -2.451963201008076 2
      vertex 0.7257116931361558 -2.392350839330522 2
    endloop
  endfacet
  facet normal 0 0 -1
    outer loop
      vertex 0.7257116931361558 -2.392350839330522 2
      vertex 0.9567085809127245 -2.309698831278217 2
      vertex 17.2257591249712 -19.80541832126672 2
    endloop
  endfacet
  facet normal 0 0 -1
    outer loop
      vertex 0.9567085809127245 -2.309698831278217 2
      vertex 1.1784918420649941 -2.204803160870888 2
      vertex 17.2257591249712 -19.80541832126672 2
    endloop
  endfacet
  facet normal 0 0 -1
    outer loop
      vertex 1.1784918420649941 -2.204803160870888 2
      vertex 1.3889255825490054 -2.078674030756363 2
      vertex 17.77235226105841 -19.068422793069914 2
    endloop
  endfacet
  facet normal 0 0 -1
    outer loop
      vertex 1.3889255825490054 -2.078674030756363 2
      vertex 1.5859832104091138 -1.9325261334068424 2
      vertex 17.77235226105841 -19.068422793069914 2
    endloop
  endfacet
  facet normal 0 0 -1
    outer loop
      vertex 1.5859832104091138 -1.9325261334068424 2
      vertex 1.7677669529663689 -1.7677669529663689 2
      vertex 18.38855159590578 -18.38855159590578 2
    endloop
  endfacet
  facet normal 0 0 -1
    outer loop
      vertex 1.7677669529663689 -1.7677669529663689 2
      vertex 1.9325261334068424 -1.5859832104091138 2
      vertex 18.38855159590578 -18.38855159590578 2
    endloop
  endfacet
  facet normal 0 0 -1
    outer loop
      vertex 2.078674030756363 -1.3889255825490054 2
      vertex 19.068422793069914 -17.77235226105841 2
      vertex 1.9325261334068424 -1.5859832104091138 2
    endloop
  endfacet
  facet normal 0 0 -1
    outer loop
      vertex 2.204803160870888 -1.1784918420649941 2
      vertex 19.80541832126672 -17.2257591249712 2
      vertex 2.078674030756363 -1.3889255825490054 2
    endloop
  endfacet
  facet normal 0 0 -1
    outer loop
      vertex 2.309698831278217 -0.9567085809127245 2
      vertex 19.80541832126672 -17.2257591249712 2
      vertex 2.204803160870888 -1.1784918420649941 2
    endloop
  endfacet
  facet normal 0 0 -1
    outer loop
      vertex 2.392350839330522 -0.7257116931361558 2
      vertex 20.592440510676923 -16.75403617834288 2
      vertex 2.309698831278217 -0.9567085809127245 2
    endloop
  endfacet
  facet normal 0 0 -1
    outer loop
      vertex 2.451963201008076 -0.4877258050403206 2
      vertex 21.42190990738641 -16.36172637101947 2
      vertex 2.392350839330522 -0.7257116931361558 2
    endloop
  endfacet
  facet normal 0 0 -1
    outer loop
      vertex 2.4879618166804924 -0.2450428508239015 2
      vertex 21.42190990738641 -16.36172637101947 2
      vertex 2.451963201008076 -0.4877258050403206 2
    endloop
  endfacet
  facet normal 0 0 -1
    outer loop
      vertex 22.285838267670776 -16.052607860903848 2
      vertex 2.4879618166804924 -0.2450428508239015 2
      vertex 2.5 0 2
    endloop
  endfacet
  facet normal 0 0 -1
    outer loop
      vertex 16.75403617834288 -20.592440510676923 2
      vertex 0.7257116931361558 -2.392350839330522 2
      vertex 17.2257591249712 -19.80541832126672 2
    endloop
  endfacet
  facet normal 0 0 -1
    outer loop
      vertex 1.1784918420649941 -2.204803160870888 2
      vertex 17.77235226105841 -19.068422793069914 2
      vertex 17.2257591249712 -19.80541832126672 2
    endloop
  endfacet
  facet normal 0 0 -1
    outer loop
      vertex 1.5859832104091138 -1.9325261334068424 2
      vertex 18.38855159590578 -18.38855159590578 2
      vertex 17.77235226105841 -19.068422793069914 2
    endloop
  endfacet
  facet normal 0 0 -1
    outer loop
      vertex 19.068422793069914 -17.77235226105841 2
      vertex 18.38855159590578 -18.38855159590578 2
      vertex 1.9325261334068424 -1.5859832104091138 2
    endloop
  endfacet
  facet normal 0 0 -1
    outer loop
      vertex 19.80541832126672 -17.2257591249712 2
      vertex 19.068422793069914 -17.77235226105841 2
      vertex 2.078674030756363 -1.3889255825490054 2
    endloop
  endfacet
  facet normal 0 0 -1
    outer loop
      vertex 20.592440510676923 -16.75403617834288 2
      vertex 19.80541832126672 -17.2257591249712 2
      vertex 2.309698831278217 -0.9567085809127245 2
    endloop
  endfacet
  facet normal 0 0 -1
    outer loop
      vertex 21.42190990738641 -16.36172637101947 2
      vertex 20.592440510676923 -16.75403617834288 2
      vertex 2.392350839330522 -0.7257116931361558 2
    endloop
  endfacet
  facet normal 0 0 -1
    outer loop
      vertex 22.285838267670776 -16.052607860903848 2
      vertex 21.42190990738641 -16.36172637101947 2
      vertex 2.4879618166804924 -0.2450428508239015 2
    endloop
  endfacet
  facet normal -0.049067674327417134 0.9987954562051724 0
    outer loop
      vertex 0 -2.5 7
      vertex 0.2450428508239015 -2.4879618166804924 2
      vertex 0 -2.5 2
    endloop
  endfacet
  facet normal -0.14673047445536283 0.9891765099647808 0
    outer loop
      vertex 0.2450428508239015 -2.4879618166804924 7
      vertex 0.4877258050403206 -2.451963201008076 2
      vertex 0.2450428508239015 -2.4879618166804924 2
    endloop
  endfacet
  facet normal -0.2429801799032646 0.9700312531945439 0
    outer loop
      vertex 0.4877258050403206 -2.451963201008076 7
      vertex 0.7257116931361558 -2.392350839330522 2
      vertex 0.4877258050403206 -2.451963201008076 2
    endloop
  endfacet
  facet normal -0.33688985339221883 0.9415440651830213 0
    outer loop
      vertex 0.7257116931361558 -2.392350839330522 7
      vertex 0.9567085809127245 -2.309698831278217 2
      vertex 0.7257116931361558 -2.392350839330522 2
    endloop
  endfacet
  facet normal -0.4275550934302817 0.9039892931234436 0
    outer loop
      vertex 0.9567085809127245 -2.309698831278217 7
      vertex 1.1784918420649941 -2.204803160870888 2
      vertex 0.9567085809127245 -2.309698831278217 2
    endloop
  endfacet
  facet normal -0.5141027441932224 0.8577286100002717 0
    outer loop
      vertex 1.1784918420649941 -2.204803160870888 7
      vertex 1.3889255825490054 -2.078674030756363 2
      vertex 1.1784918420649941 -2.204803160870888 2
    endloop
  endfacet
  facet normal -0.595699304492433 0.803207531480645 0
    outer loop
      vertex 1.3889255825490054 -2.078674030756363 7
      vertex 1.5859832104091138 -1.9325261334068424 2
      vertex 1.3889255825490054 -2.078674030756363 2
    endloop
  endfacet
  facet normal -0.6715589548470183 0.7409511253549591 0
    outer loop
      vertex 1.5859832104091138 -1.9325261334068424 7
      vertex 1.7677669529663689 -1.7677669529663689 2
      vertex 1.5859832104091138 -1.9325261334068424 2
    endloop
  endfacet
  facet normal -0.7409511253549591 0.6715589548470183 0
    outer loop
      vertex 1.7677669529663689 -1.7677669529663689 2
      vertex 1.7677669529663689 -1.7677669529663689 7
      vertex 1.9325261334068424 -1.5859832104091138 2
    endloop
  endfacet
  facet normal -0.803207531480645 0.595699304492433 0
    outer loop
      vertex 2.078674030756363 -1.3889255825490054 2
      vertex 1.9325261334068424 -1.5859832104091138 2
      vertex 1.9325261334068424 -1.5859832104091138 7
    endloop
  endfacet
  facet normal -0.8577286100002717 0.5141027441932224 0
    outer loop
      vertex 2.204803160870888 -1.1784918420649941 2
      vertex 2.078674030756363 -1.3889255825490054 2
      vertex 2.078674030756363 -1.3889255825490054 7
    endloop
  endfacet
  facet normal -0.9039892931234436 0.4275550934302817 0
    outer loop
      vertex 2.309698831278217 -0.9567085809127245 2
      vertex 2.204803160870888 -1.1784918420649941 2
      vertex 2.204803160870888 -1.1784918420649941 7
    endloop
  endfacet
  facet normal -0.9415440651830213 0.33688985339221883 0
    outer loop
      vertex 2.392350839330522 -0.7257116931361558 2
      vertex 2.309698831278217 -0.9567085809127245 2
      vertex 2.309698831278217 -0.9567085809127245 7
    endloop
  endfacet
  facet normal -0.9700312531945439 0.2429801799032646 0
    outer loop
      vertex 2.451963201008076 -0.4877258050403206 2
      vertex 2.392350839330522 -0.7257116931361558 2
      vertex 2.392350839330522 -0.7257116931361558 7
    endloop
  endfacet
  facet normal -0.9891765099647808 0.14673047445536283 0
    outer loop
      vertex 2.4879618166804924 -0.2450428508239015 2
      vertex 2.451963201008076 -0.4877258050403206 2
      vertex 2.451963201008076 -0.4877258050403206 7
    endloop
  endfacet
  facet normal -0.9987954562051724 0.049067674327417134 0
    outer loop
      vertex 2.4879618166804924 -0.2450428508239015 2
      vertex 2.4879618166804924 -0.2450428508239015 7
      vertex 2.5 0 2
    endloop
  endfacet
  facet normal 0.941544065183021 -0.3368898533922192 0
    outer loop
      vertex 16.36172637101947 -21.42190990738641 7
      vertex 16.052607860903848 -22.285838267670776 2
      vertex 16.36172637101947 -21.42190990738641 2
    endloop
  endfacet
  facet normal 0.9039892931234436 -0.42755509343028164 0
    outer loop
      vertex 16.75403617834288 -20.592440510676923 7
      vertex 16.36172637101947 -21.42190990738641 2
      vertex 16.75403617834288 -20.592440510676923 2
    endloop
  endfacet
  facet normal 0.8577286100002715 -0.5141027441932228 0
    outer loop
      vertex 17.2257591249712 -19.80541832126672 7
      vertex 16.75403617834288 -20.592440510676923 2
      vertex 17.2257591249712 -19.80541832126672 2
    endloop
  endfacet
  facet normal 0.8032075314806463 -0.5956993044924316 0
    outer loop
      vertex 17.77235226105841 -19.068422793069914 7
      vertex 17.2257591249712 -19.80541832126672 2
      vertex 17.77235226105841 -19.068422793069914 2
    endloop
  endfacet
  facet normal 0.7409511253549576 -0.6715589548470202 0
    outer loop
      vertex 18.38855159590578 -18.38855159590578 7
      vertex 17.77235226105841 -19.068422793069914 2
      vertex 18.38855159590578 -18.38855159590578 2
    endloop
  endfacet
  facet normal 0.6715589548470202 -0.7409511253549576 0
    outer loop
      vertex 19.068422793069914 -17.77235226105841 2
      vertex 19.068422793069914 -17.77235226105841 7
      vertex 18.38855159590578 -18.38855159590578 2
    endloop
  endfacet
  facet normal 0.5956993044924316 -0.8032075314806463 0
    outer loop
      vertex 19.80541832126672 -17.2257591249712 2
      vertex 19.80541832126672 -17.2257591249712 7
      vertex 19.068422793069914 -17.77235226105841 2
    endloop
  endfacet
  facet normal 0.5141027441932228 -0.8577286100002715 0
    outer loop
      vertex 20.592440510676923 -16.75403617834288 2
      vertex 20.592440510676923 -16.75403617834288 7
      vertex 19.80541832126672 -17.2257591249712 2
    endloop
  endfacet
  facet normal 0.42755509343028164 -0.9039892931234436 0
    outer loop
      vertex 21.42190990738641 -16.36172637101947 2
      vertex 21.42190990738641 -16.36172637101947 7
      vertex 20.592440510676923 -16.75403617834288 2
    endloop
  endfacet
  facet normal 0.3368898533922192 -0.941544065183021 0
    outer loop
      vertex 22.285838267670776 -16.052607860903848 2
      vertex 22.285838267670776 -16.052607860903848 7
      vertex 21.42190990738641 -16.36172637101947 2
    endloop
  endfacet
  facet normal 0 0 -1
    outer loop
      vertex 45 -45 2
      vertex 21.42190990738641 -33.63827362898053 2
      vertex 22.285838267670776 -33.94739213909615 2
    endloop
  endfacet
  facet normal 0 0 -1
    outer loop
      vertex 45 -45 2
      vertex 22.285838267670776 -33.94739213909615 2
      vertex 23.1759054891492 -34.170342371770204 2
    endloop
  endfacet
  facet normal 0 0 -1
    outer loop
      vertex 45 -45 2
      vertex 23.1759054891492 -34.170342371770204 2
      vertex 24.08353973791861 -34.30497719438504 2
    endloop
  endfacet
  facet normal 0 0 -1
    outer loop
      vertex 45 -45 2
      vertex 24.08353973791861 -34.30497719438504 2
      vertex 25 -34.35 2
    endloop
  endfacet
  facet normal 0 0 -1
    outer loop
      vertex 45 -45 2
      vertex 25 -34.35 2
      vertex 25.91646026208139 -34.30497719438504 2
    endloop
  endfacet
  facet normal 0 0 -1
    outer loop
      vertex 45 -45 2
      vertex 25.91646026208139 -34.30497719438504 2
      vertex 26.8240945108508 -34.170342371770204 2
    endloop
  endfacet
  facet normal 0 0 -1
    outer loop
      vertex 45 -45 2
      vertex 26.8240945108508 -34.170342371770204 2
      vertex 27.714161732329224 -33.94739213909615 2
    endloop
  endfacet
  facet normal 0 0 -1
    outer loop
      vertex 45 -45 2
      vertex 27.714161732329224 -33.94739213909615 2
      vertex 28.57809009261359 -33.63827362898053 2
    endloop
  endfacet
  facet normal 0 0 -1
    outer loop
      vertex 45 -45 2
      vertex 28.57809009261359 -33.63827362898053 2
      vertex 29.407559489323077 -33.24596382165712 2
    endloop
  endfacet
  facet normal 0 0 -1
    outer loop
      vertex 45 -45 2
      vertex 29.407559489323077 -33.24596382165712 2
      vertex 30.19458167873328 -32.774240875028795 2
    endloop
  endfacet
  facet normal 0 0 -1
    outer loop
      vertex 45 -45 2
      vertex 30.19458167873328 -32.774240875028795 2
      vertex 30.931577206930086 -32.22764773894159 2
    endloop
  endfacet
  facet normal 0 0 -1
    outer loop
      vertex 45 -45 2
      vertex 30.931577206930086 -32.22764773894159 2
      vertex 31.61144840409422 -31.61144840409422 2
    endloop
  endfacet
  facet normal 0 0 -1
    outer loop
      vertex 45 -45 2
      vertex 31.61144840409422 -31.61144840409422 2
      vertex 32.22764773894159 -30.931577206930086 2
    endloop
  endfacet
  facet normal 0 0 -1
    outer loop
      vertex 45 -45 2
      vertex 32.22764773894159 -30.931577206930086 2
      vertex 32.774240875028795 -30.19458167873328 2
    endloop
  endfacet
  facet normal 0 0 -1
    outer loop
      vertex 45 -45 2
      vertex 32.774240875028795 -30.19458167873328 2
      vertex 33.24596382165712 -29.407559489323077 2
    endloop
  endfacet
  facet normal 0 0 -1
    outer loop
      vertex 45 -45 2
      vertex 33.24596382165712 -29.407559489323077 2
      vertex 33.63827362898053 -28.57809009261359 2
    endloop
  endfacet
  facet normal 0 0 -1
    outer loop
      vertex 45 -45 2
      vertex 33.63827362898053 -28.57809009261359 2
      vertex 33.94739213909615 -27.714161732329224 2
    endloop
  endfacet
  facet normal 0 0 -1
    outer loop
      vertex 45 -45 2
      vertex 33.94739213909615 -27.714161732329224 2
      vertex 34.170342371770204 -26.8240945108508 2
    endloop
  endfacet
  facet normal 0 0 -1
    outer loop
      vertex 45 -45 2
      vertex 34.170342371770204 -26.8240945108508 2
      vertex 34.30497719438504 -25.91646026208139 2
    endloop
  endfacet
  facet normal 0 0 -1
    outer loop
      vertex 45 -45 2
      vertex 34.30497719438504 -25.91646026208139 2
      vertex 34.35 -25 2
    endloop
  endfacet
  facet normal 0.24298017990326332 0.9700312531945442 0
    outer loop
      vertex 22.285838267670776 -33.94739213909615 7
      vertex 23.1759054891492 -34.170342371770204 2
      vertex 22.285838267670776 -33.94739213909615 2
    endloop
  endfacet
  facet normal 0.14673047445536042 0.9891765099647811 0
    outer loop
      vertex 23.1759054891492 -34.170342371770204 7
      vertex 24.08353973791861 -34.30497719438504 2
      vertex 23.1759054891492 -34.170342371770204 2
    endloop
  endfacet
  facet normal 0.049067674327421915 0.9987954562051721 0
    outer loop
      vertex 24.08353973791861 -34.30497719438504 7
      vertex 25 -34.35 2
      vertex 24.08353973791861 -34.30497719438504 2
    endloop
  endfacet
  facet normal -0.049067674327421915 0.9987954562051721 0
    outer loop
      vertex 25 -34.35 7
      vertex 25.91646026208139 -34.30497719438504 2
      vertex 25 -34.35 2
    endloop
  endfacet
  facet normal -0.14673047445536042 0.9891765099647811 0
    outer loop
      vertex 25.91646026208139 -34.30497719438504 7
      vertex 26.8240945108508 -34.170342371770204 2
      vertex 25.91646026208139 -34.30497719438504 2
    endloop
  endfacet
  facet normal -0.24298017990326332 0.9700312531945442 0
    outer loop
      vertex 26.8240945108508 -34.170342371770204 7
      vertex 27.714161732329224 -33.94739213909615 2
      vertex 26.8240945108508 -34.170342371770204 2
    endloop
  endfacet
  facet normal -0.33688985339222266 0.9415440651830197 0
    outer loop
      vertex 27.714161732329224 -33.94739213909615 7
      vertex 28.57809009261359 -33.63827362898053 2
      vertex 27.714161732329224 -33.94739213909615 2
    endloop
  endfacet
  facet normal -0.42755509343027853 0.9039892931234451 0
    outer loop
      vertex 28.57809009261359 -33.63827362898053 7
      vertex 29.407559489323077 -33.24596382165712 2
      vertex 28.57809009261359 -33.63827362898053 2
    endloop
  endfacet
  facet normal -0.5141027441932255 0.8577286100002698 0
    outer loop
      vertex 29.407559489323077 -33.24596382165712 7
      vertex 30.19458167873328 -32.774240875028795 2
      vertex 29.407559489323077 -33.24596382165712 2
    endloop
  endfacet
  facet normal -0.595699304492429 0.8032075314806482 0
    outer loop
      vertex 30.19458167873328 -32.774240875028795 7
      vertex 30.931577206930086 -32.22764773894159 2
      vertex 30.19458167873328 -32.774240875028795 2
    endloop
  endfacet
  facet normal -0.6715589548470202 0.7409511253549576 0
    outer loop
      vertex 30.931577206930086 -32.22764773894159 7
      vertex 31.61144840409422 -31.61144840409422 2
      vertex 30.931577206930086 -32.22764773894159 2
    endloop
  endfacet
  facet normal -0.7409511253549576 0.6715589548470202 0
    outer loop
      vertex 31.61144840409422 -31.61144840409422 2
      vertex 31.61144840409422 -31.61144840409422 7
      vertex 32.22764773894159 -30.931577206930086 2
    endloop
  endfacet
  facet normal -0.8032075314806482 0.595699304492429 0
    outer loop
      vertex 32.774240875028795 -30.19458167873328 2
      vertex 32.22764773894159 -30.931577206930086 2
      vertex 32.22764773894159 -30.931577206930086 7
    endloop
  endfacet
  facet normal -0.8577286100002698 0.5141027441932255 0
    outer loop
      vertex 33.24596382165712 -29.407559489323077 2
      vertex 32.774240875028795 -30.19458167873328 2
      vertex 32.774240875028795 -30.19458167873328 7
    endloop
  endfacet
  facet normal -0.9039892931234451 0.42755509343027853 0
    outer loop
      vertex 33.63827362898053 -28.57809009261359 2
      vertex 33.24596382165712 -29.407559489323077 2
      vertex 33.24596382165712 -29.407559489323077 7
    endloop
  endfacet
  facet normal -0.9415440651830197 0.33688985339222266 0
    outer loop
      vertex 33.94739213909615 -27.714161732329224 2
      vertex 33.63827362898053 -28.57809009261359 2
      vertex 33.63827362898053 -28.57809009261359 7
    endloop
  endfacet
  facet normal -0.9700312531945442 0.24298017990326332 0
    outer loop
      vertex 34.170342371770204 -26.8240945108508 2
      vertex 33.94739213909615 -27.714161732329224 2
      vertex 33.94739213909615 -27.714161732329224 7
    endloop
  endfacet
  facet normal -0.9891765099647811 0.14673047445536042 0
    outer loop
      vertex 34.30497719438504 -25.91646026208139 2
      vertex 34.170342371770204 -26.8240945108508 2
      vertex 34.170342371770204 -26.8240945108508 7
    endloop
  endfacet
  facet normal -0.9987954562051721 0.049067674327421915 0
    outer loop
      vertex 34.35 -25 2
      vertex 34.30497719438504 -25.91646026208139 2
      vertex 34.30497719438504 -25.91646026208139 7
    endloop
  endfacet
  facet normal -0.9987954562051721 -0.049067674327421915 0
    outer loop
      vertex 34.30497719438504 -24.08353973791861 2
      vertex 34.35 -25 2
      vertex 34.35 -25 7
    endloop
  endfacet
  facet normal -0.9891765099647811 -0.14673047445536042 0
    outer loop
      vertex 34.170342371770204 -23.1759054891492 2
      vertex 34.30497719438504 -24.08353973791861 2
      vertex 34.30497719438504 -24.08353973791861 7
    endloop
  endfacet
  facet normal -0.9700312531945442 -0.24298017990326332 0
    outer loop
      vertex 33.94739213909615 -22.285838267670776 2
      vertex 34.170342371770204 -23.1759054891492 2
      vertex 34.170342371770204 -23.1759054891492 7
    endloop
  endfacet
  facet normal 0 0 -1
    outer loop
      vertex 23.1759054891492 -15.829657628229796 2
      vertex 22.285838267670776 -16.052607860903848 2
      vertex 23.1759054891492 15.829657628229796 2
    endloop
  endfacet
  facet normal 0 0 -1
    outer loop
      vertex 24.08353973791861 -15.69502280561496 2
      vertex 23.1759054891492 -15.829657628229796 2
      vertex 24.08353973791861 15.69502280561496 2
    endloop
  endfacet
  facet normal 0 0 -1
    outer loop
      vertex 25 -15.65 2
      vertex 24.08353973791861 -15.69502280561496 2
      vertex 25 15.65 2
    endloop
  endfacet
  facet normal 0 0 -1
    outer loop
      vertex 25.91646026208139 -15.69502280561496 2
      vertex 25 -15.65 2
      vertex 25.91646026208139 15.69502280561496 2
    endloop
  endfacet
  facet normal 0 0 -1
    outer loop
      vertex 26.8240945108508 -15.829657628229796 2
      vertex 25.91646026208139 -15.69502280561496 2
      vertex 26.8240945108508 15.829657628229796 2
    endloop
  endfacet
  facet normal 0 0 -1
    outer loop
      vertex 27.714161732329224 -16.052607860903848 2
      vertex 26.8240945108508 -15.829657628229796 2
      vertex 27.714161732329224 16.052607860903848 2
    endloop
  endfacet
  facet normal 0 0 -1
    outer loop
      vertex 30.931577206930086 -17.77235226105841 2
      vertex 30.19458167873328 -17.2257591249712 2
      vertex 30.931577206930086 17.77235226105841 2
    endloop
  endfacet
  facet normal 0 0 -1
    outer loop
      vertex 31.61144840409422 -18.38855159590578 2
      vertex 30.931577206930086 -17.77235226105841 2
      vertex 31.61144840409422 18.38855159590578 2
    endloop
  endfacet
  facet normal 0 0 -1
    outer loop
      vertex 31.61144840409422 -18.38855159590578 2
      vertex 32.22764773894159 19.068422793069914 2
      vertex 32.22764773894159 -19.068422793069914 2
    endloop
  endfacet
  facet normal 0 0 -1
    outer loop
      vertex 33.63827362898053 -21.42190990738641 2
      vertex 33.63827362898053 21.42190990738641 2
      vertex 33.94739213909615 -22.285838267670776 2
    endloop
  endfacet
  facet normal 0 0 -1
    outer loop
      vertex 32.22764773894159 -19.068422793069914 2
      vertex 32.774240875028795 19.80541832126672 2
      vertex 32.774240875028795 -19.80541832126672 2
    endloop
  endfacet
  facet normal 0 0 -1
    outer loop
      vertex 32.774240875028795 -19.80541832126672 2
      vertex 33.24596382165712 20.592440510676923 2
      vertex 33.24596382165712 -20.592440510676923 2
    endloop
  endfacet
  facet normal 0 0 -1
    outer loop
      vertex 33.24596382165712 -20.592440510676923 2
      vertex 33.63827362898053 21.42190990738641 2
      vertex 33.63827362898053 -21.42190990738641 2
    endloop
  endfacet
  facet normal 0 0 -1
    outer loop
      vertex 28.57809009261359 -16.36172637101947 2
      vertex 27.714161732329224 -16.052607860903848 2
      vertex 28.57809009261359 16.36172637101947 2
    endloop
  endfacet
  facet normal 0 0 -1
    outer loop
      vertex 29.407559489323077 -16.75403617834288 2
      vertex 28.57809009261359 -16.36172637101947 2
      vertex 29.407559489323077 16.75403617834288 2
    endloop
  endfacet
  facet normal 0 0 -1
    outer loop
      vertex 30.19458167873328 -17.2257591249712 2
      vertex 29.407559489323077 -16.75403617834288 2
      vertex 30.19458167873328 17.2257591249712 2
    endloop
  endfacet
  facet normal 0 0 -1
    outer loop
      vertex 45 -45 2
      vertex 34.35 -25 2
      vertex 33.63827362898053 21.42190990738641 2
    endloop
  endfacet
  facet normal 0 0 -1
    outer loop
      vertex 34.30497719438504 -24.08353973791861 2
      vertex 33.63827362898053 21.42190990738641 2
      vertex 34.35 -25 2
    endloop
  endfacet
  facet normal 0 0 -1
    outer loop
      vertex 34.170342371770204 -23.1759054891492 2
      vertex 33.63827362898053 21.42190990738641 2
      vertex 34.30497719438504 -24.08353973791861 2
    endloop
  endfacet
  facet normal 0 0 -1
    outer loop
      vertex 33.94739213909615 -22.285838267670776 2
      vertex 33.63827362898053 21.42190990738641 2
      vertex 34.170342371770204 -23.1759054891492 2
    endloop
  endfacet
  facet normal 0 0 -1
    outer loop
      vertex 45 -45 2
      vertex 33.63827362898053 21.42190990738641 2
      vertex 33.94739213909615 22.285838267670776 2
    endloop
  endfacet
  facet normal 0.24298017990326332 -0.9700312531945442 0
    outer loop
      vertex 23.1759054891492 -15.829657628229796 2
      vertex 23.1759054891492 -15.829657628229796 7
      vertex 22.285838267670776 -16.052607860903848 2
    endloop
  endfacet
  facet normal 0.1467304744553623 -0.9891765099647808 0
    outer loop
      vertex 24.08353973791861 -15.69502280561496 2
      vertex 24.08353973791861 -15.69502280561496 7
      vertex 23.1759054891492 -15.829657628229796 2
    endloop
  endfacet
  facet normal 0.04906767432741805 -0.9987954562051723 0
    outer loop
      vertex 25 -15.65 2
      vertex 25 -15.65 7
      vertex 24.08353973791861 -15.69502280561496 2
    endloop
  endfacet
  facet normal -0.04906767432741805 -0.9987954562051723 0
    outer loop
      vertex 25.91646026208139 -15.69502280561496 2
      vertex 25.91646026208139 -15.69502280561496 7
      vertex 25 -15.65 2
    endloop
  endfacet
  facet normal -0.1467304744553623 -0.9891765099647808 0
    outer loop
      vertex 26.8240945108508 -15.829657628229796 2
      vertex 26.8240945108508 -15.829657628229796 7
      vertex 25.91646026208139 -15.69502280561496 2
    endloop
  endfacet
  facet normal -0.24298017990326332 -0.9700312531945442 0
    outer loop
      vertex 27.714161732329224 -16.052607860903848 2
      vertex 27.714161732329224 -16.052607860903848 7
      vertex 26.8240945108508 -15.829657628229796 2
    endloop
  endfacet
  facet normal -0.5141027441932228 -0.8577286100002715 0
    outer loop
      vertex 30.19458167873328 -17.2257591249712 2
      vertex 30.19458167873328 -17.2257591249712 7
      vertex 29.407559489323077 -16.75403617834288 2
    endloop
  endfacet
  facet normal -0.5956993044924316 -0.8032075314806463 0
    outer loop
      vertex 30.931577206930086 -17.77235226105841 2
      vertex 30.931577206930086 -17.77235226105841 7
      vertex 30.19458167873328 -17.2257591249712 2
    endloop
  endfacet
  facet normal -0.9039892931234451 -0.42755509343027853 0
    outer loop
      vertex 33.24596382165712 -20.592440510676923 2
      vertex 33.63827362898053 -21.42190990738641 2
      vertex 33.63827362898053 -21.42190990738641 7
    endloop
  endfacet
  facet normal -0.8577286100002698 -0.5141027441932255 0
    outer loop
      vertex 32.774240875028795 -19.80541832126672 2
      vertex 33.24596382165712 -20.592440510676923 2
      vertex 33.24596382165712 -20.592440510676923 7
    endloop
  endfacet
  facet normal -0.7409511253549576 -0.6715589548470202 0
    outer loop
      vertex 31.61144840409422 -18.38855159590578 2
      vertex 32.22764773894159 -19.068422793069914 2
      vertex 32.22764773894159 -19.068422793069914 7
    endloop
  endfacet
  facet normal -0.6715589548470202 -0.7409511253549576 0
    outer loop
      vertex 31.61144840409422 -18.38855159590578 2
      vertex 31.61144840409422 -18.38855159590578 7
      vertex 30.931577206930086 -17.77235226105841 2
    endloop
  endfacet
  facet normal -0.8032075314806482 -0.595699304492429 0
    outer loop
      vertex 32.22764773894159 -19.068422793069914 2
      vertex 32.774240875028795 -19.80541832126672 2
      vertex 32.774240875028795 -19.80541832126672 7
    endloop
  endfacet
  facet normal -0.3368898533922192 -0.941544065183021 0
    outer loop
      vertex 28.57809009261359 -16.36172637101947 2
      vertex 28.57809009261359 -16.36172637101947 7
      vertex 27.714161732329224 -16.052607860903848 2
    endloop
  endfacet
  facet normal -0.42755509343028164 -0.9039892931234436 0
    outer loop
      vertex 29.407559489323077 -16.75403617834288 2
      vertex 29.407559489323077 -16.75403617834288 7
      vertex 28.57809009261359 -16.36172637101947 2
    endloop
  endfacet
  facet normal -0.9415440651830197 -0.33688985339222266 0
    outer loop
      vertex 33.63827362898053 -21.42190990738641 2
      vertex 33.94739213909615 -22.285838267670776 2
      vertex 33.94739213909615 -22.285838267670776 7
    endloop
  endfacet
  facet normal 1 0 0
    outer loop
      vertex 45 -45 2
      vertex 45 45 2
      vertex 45 -45 7
    endloop
  endfacet
  facet normal 0.33688985339222266 0.9415440651830197 0
    outer loop
      vertex 22.285838267670776 -33.94739213909615 7
      vertex 22.285838267670776 -33.94739213909615 2
      vertex 21.42190990738641 -33.63827362898053 7
    endloop
  endfacet
  facet normal 0.9039892931234436 0.42755509343028164 0
    outer loop
      vertex 16.36172637101947 -28.57809009261359 7
      vertex 16.75403617834288 -29.407559489323077 7
      vertex 16.75403617834288 -29.407559489323077 2
    endloop
  endfacet
  facet normal 0.941544065183021 0.3368898533922192 0
    outer loop
      vertex 16.052607860903848 -27.714161732329224 7
      vertex 16.36172637101947 -28.57809009261359 7
      vertex 16.36172637101947 -28.57809009261359 2
    endloop
  endfacet
  facet normal 0.9700312531945442 0.24298017990326332 0
    outer loop
      vertex 15.829657628229796 -26.8240945108508 7
      vertex 16.052607860903848 -27.714161732329224 7
      vertex 16.052607860903848 -27.714161732329224 2
    endloop
  endfacet
  facet normal 0.9891765099647808 0.1467304744553623 0
    outer loop
      vertex 15.69502280561496 -25.91646026208139 7
      vertex 15.829657628229796 -26.8240945108508 7
      vertex 15.829657628229796 -26.8240945108508 2
    endloop
  endfacet
  facet normal 0.9987954562051723 0.04906767432741805 0
    outer loop
      vertex 15.65 -25 7
      vertex 15.69502280561496 -25.91646026208139 7
      vertex 15.69502280561496 -25.91646026208139 2
    endloop
  endfacet
  facet normal 0.9987954562051723 -0.04906767432741805 0
    outer loop
      vertex 15.69502280561496 -24.08353973791861 7
      vertex 15.65 -25 7
      vertex 15.65 -25 2
    endloop
  endfacet
  facet normal 0.9891765099647808 -0.1467304744553623 0
    outer loop
      vertex 15.829657628229796 -23.1759054891492 7
      vertex 15.69502280561496 -24.08353973791861 7
      vertex 15.69502280561496 -24.08353973791861 2
    endloop
  endfacet
  facet normal 0.9700312531945442 -0.24298017990326332 0
    outer loop
      vertex 16.052607860903848 -22.285838267670776 7
      vertex 15.829657628229796 -23.1759054891492 7
      vertex 15.829657628229796 -23.1759054891492 2
    endloop
  endfacet
  facet normal 0.7409511253549576 0.6715589548470202 0
    outer loop
      vertex 17.77235226105841 -30.931577206930086 7
      vertex 18.38855159590578 -31.61144840409422 7
      vertex 18.38855159590578 -31.61144840409422 2
    endloop
  endfacet
  facet normal 0.595699304492429 0.8032075314806482 0
    outer loop
      vertex 19.80541832126672 -32.774240875028795 7
      vertex 19.80541832126672 -32.774240875028795 2
      vertex 19.068422793069914 -32.22764773894159 7
    endloop
  endfacet
  facet normal 0.6715589548470202 0.7409511253549576 0
    outer loop
      vertex 19.068422793069914 -32.22764773894159 7
      vertex 19.068422793069914 -32.22764773894159 2
      vertex 18.38855159590578 -31.61144840409422 7
    endloop
  endfacet
  facet normal 0.8577286100002715 0.5141027441932228 0
    outer loop
      vertex 16.75403617834288 -29.407559489323077 7
      vertex 17.2257591249712 -30.19458167873328 7
      vertex 17.2257591249712 -30.19458167873328 2
    endloop
  endfacet
  facet normal 0.8032075314806463 0.5956993044924316 0
    outer loop
      vertex 17.2257591249712 -30.19458167873328 7
      vertex 17.77235226105841 -30.931577206930086 7
      vertex 17.77235226105841 -30.931577206930086 2
    endloop
  endfacet
  facet normal 0.5141027441932255 0.8577286100002698 0
    outer loop
      vertex 20.592440510676923 -33.24596382165712 7
      vertex 20.592440510676923 -33.24596382165712 2
      vertex 19.80541832126672 -32.774240875028795 7
    endloop
  endfacet
  facet normal 0.42755509343027853 0.9039892931234451 0
    outer loop
      vertex 21.42190990738641 -33.63827362898053 7
      vertex 21.42190990738641 -33.63827362898053 2
      vertex 20.592440510676923 -33.24596382165712 7
    endloop
  endfacet
  facet normal 0 0 1
    outer loop
      vertex -45 -45 7
      vertex 23.1759054891492 -34.170342371770204 7
      vertex 22.285838267670776 -33.94739213909615 7
    endloop
  endfacet
  facet normal 0 0 1
    outer loop
      vertex -45 -45 7
      vertex 24.08353973791861 -34.30497719438504 7
      vertex 23.1759054891492 -34.170342371770204 7
    endloop
  endfacet
  facet normal 0 0 1
    outer loop
      vertex -45 -45 7
      vertex 25 -34.35 7
      vertex 24.08353973791861 -34.30497719438504 7
    endloop
  endfacet
  facet normal 0 0 1
    outer loop
      vertex -45 -45 7
      vertex 45 -45 7
      vertex 25 -34.35 7
    endloop
  endfacet
  facet normal 0 0 1
    outer loop
      vertex -17.2257591249712 -30.19458167873328 7
      vertex 17.2257591249712 -30.19458167873328 7
      vertex 16.75403617834288 -29.407559489323077 7
    endloop
  endfacet
  facet normal 0 0 1
    outer loop
      vertex -16.75403617834288 -29.407559489323077 7
      vertex 16.75403617834288 -29.407559489323077 7
      vertex 16.36172637101947 -28.57809009261359 7
    endloop
  endfacet
  facet normal 0 0 1
    outer loop
      vertex -16.36172637101947 -28.57809009261359 7
      vertex 16.36172637101947 -28.57809009261359 7
      vertex 16.052607860903848 -27.714161732329224 7
    endloop
  endfacet
  facet normal 0 0 1
    outer loop
      vertex -16.052607860903848 -27.714161732329224 7
      vertex 16.052607860903848 -27.714161732329224 7
      vertex 15.829657628229796 -26.8240945108508 7
    endloop
  endfacet
  facet normal 0 0 1
    outer loop
      vertex -15.829657628229796 -26.8240945108508 7
      vertex 15.829657628229796 -26.8240945108508 7
      vertex 15.69502280561496 -25.91646026208139 7
    endloop
  endfacet
  facet normal 0 0 1
    outer loop
      vertex -15.69502280561496 -25.91646026208139 7
      vertex 15.69502280561496 -25.91646026208139 7
      vertex 15.65 -25 7
    endloop
  endfacet
  facet normal 0 0 1
    outer loop
      vertex -15.65 -25 7
      vertex 15.65 -25 7
      vertex 15.69502280561496 -24.08353973791861 7
    endloop
  endfacet
  facet normal 0 0 1
    outer loop
      vertex -15.69502280561496 -24.08353973791861 7
      vertex 15.69502280561496 -24.08353973791861 7
      vertex 15.829657628229796 -23.1759054891492 7
    endloop
  endfacet
  facet normal 0 0 1
    outer loop
      vertex -15.829657628229796 -23.1759054891492 7
      vertex 15.829657628229796 -23.1759054891492 7
      vertex 16.052607860903848 -22.285838267670776 7
    endloop
  endfacet
  facet normal 0 0 1
    outer loop
      vertex -20.592440510676923 -33.24596382165712 7
      vertex 20.592440510676923 -33.24596382165712 7
      vertex 19.80541832126672 -32.774240875028795 7
    endloop
  endfacet
  facet normal 0 0 1
    outer loop
      vertex -19.80541832126672 -32.774240875028795 7
      vertex 19.80541832126672 -32.774240875028795 7
      vertex 19.068422793069914 -32.22764773894159 7
    endloop
  endfacet
  facet normal 0 0 1
    outer loop
      vertex -19.068422793069914 -32.22764773894159 7
      vertex 19.068422793069914 -32.22764773894159 7
      vertex 18.38855159590578 -31.61144840409422 7
    endloop
  endfacet
  facet normal 0 0 1
    outer loop
      vertex -18.38855159590578 -31.61144840409422 7
      vertex 18.38855159590578 -31.61144840409422 7
      vertex 17.77235226105841 -30.931577206930086 7
    endloop
  endfacet
  facet normal 0 0 1
    outer loop
      vertex -17.77235226105841 -30.931577206930086 7
      vertex 17.77235226105841 -30.931577206930086 7
      vertex 17.2257591249712 -30.19458167873328 7
    endloop
  endfacet
  facet normal -0.049067674327417134 0.9987954562051724 0
    outer loop
      vertex 0.2450428508239015 -2.4879618166804924 7
      vertex 0.2450428508239015 -2.4879618166804924 2
      vertex 0 -2.5 7
    endloop
  endfacet
  facet normal -0.14673047445536283 0.9891765099647808 0
    outer loop
      vertex 0.4877258050403206 -2.451963201008076 7
      vertex 0.4877258050403206 -2.451963201008076 2
      vertex 0.2450428508239015 -2.4879618166804924 7
    endloop
  endfacet
  facet normal -0.2429801799032646 0.9700312531945439 0
    outer loop
      vertex 0.7257116931361558 -2.392350839330522 7
      vertex 0.7257116931361558 -2.392350839330522 2
      vertex 0.4877258050403206 -2.451963201008076 7
    endloop
  endfacet
  facet normal -0.33688985339221883 0.9415440651830213 0
    outer loop
      vertex 0.9567085809127245 -2.309698831278217 7
      vertex 0.9567085809127245 -2.309698831278217 2
      vertex 0.7257116931361558 -2.392350839330522 7
    endloop
  endfacet
  facet normal -0.4275550934302817 0.9039892931234436 0
    outer loop
      vertex 1.1784918420649941 -2.204803160870888 7
      vertex 1.1784918420649941 -2.204803160870888 2
      vertex 0.9567085809127245 -2.309698831278217 7
    endloop
  endfacet
  facet normal -0.5141027441932224 0.8577286100002717 0
    outer loop
      vertex 1.3889255825490054 -2.078674030756363 7
      vertex 1.3889255825490054 -2.078674030756363 2
      vertex 1.1784918420649941 -2.204803160870888 7
    endloop
  endfacet
  facet normal -0.595699304492433 0.803207531480645 0
    outer loop
      vertex 1.5859832104091138 -1.9325261334068424 7
      vertex 1.5859832104091138 -1.9325261334068424 2
      vertex 1.3889255825490054 -2.078674030756363 7
    endloop
  endfacet
  facet normal -0.6715589548470183 0.7409511253549591 0
    outer loop
      vertex 1.7677669529663689 -1.7677669529663689 7
      vertex 1.7677669529663689 -1.7677669529663689 2
      vertex 1.5859832104091138 -1.9325261334068424 7
    endloop
  endfacet
  facet normal -0.7409511253549591 0.6715589548470183 0
    outer loop
      vertex 1.9325261334068424 -1.5859832104091138 2
      vertex 1.7677669529663689 -1.7677669529663689 7
      vertex 1.9325261334068424 -1.5859832104091138 7
    endloop
  endfacet
  facet normal -0.803207531480645 0.595699304492433 0
    outer loop
      vertex 2.078674030756363 -1.3889255825490054 2
      vertex 1.9325261334068424 -1.5859832104091138 7
      vertex 2.078674030756363 -1.3889255825490054 7
    endloop
  endfacet
  facet normal -0.8577286100002717 0.5141027441932224 0
    outer loop
      vertex 2.204803160870888 -1.1784918420649941 2
      vertex 2.078674030756363 -1.3889255825490054 7
      vertex 2.204803160870888 -1.1784918420649941 7
    endloop
  endfacet
  facet normal -0.9039892931234436 0.4275550934302817 0
    outer loop
      vertex 2.309698831278217 -0.9567085809127245 2
      vertex 2.204803160870888 -1.1784918420649941 7
      vertex 2.309698831278217 -0.9567085809127245 7
    endloop
  endfacet
  facet normal -0.9415440651830213 0.33688985339221883 0
    outer loop
      vertex 2.392350839330522 -0.7257116931361558 2
      vertex 2.309698831278217 -0.9567085809127245 7
      vertex 2.392350839330522 -0.7257116931361558 7
    endloop
  endfacet
  facet normal -0.9700312531945439 0.2429801799032646 0
    outer loop
      vertex 2.451963201008076 -0.4877258050403206 2
      vertex 2.392350839330522 -0.7257116931361558 7
      vertex 2.451963201008076 -0.4877258050403206 7
    endloop
  endfacet
  facet normal -0.9891765099647808 0.14673047445536283 0
    outer loop
      vertex 2.4879618166804924 -0.2450428508239015 2
      vertex 2.451963201008076 -0.4877258050403206 7
      vertex 2.4879618166804924 -0.2450428508239015 7
    endloop
  endfacet
  facet normal -0.9987954562051724 0.049067674327417134 0
    outer loop
      vertex 2.5 0 2
      vertex 2.4879618166804924 -0.2450428508239015 7
      vertex 2.5 0 7
    endloop
  endfacet
  facet normal 0.941544065183021 -0.3368898533922192 0
    outer loop
      vertex 16.36172637101947 -21.42190990738641 7
      vertex 16.052607860903848 -22.285838267670776 7
      vertex 16.052607860903848 -22.285838267670776 2
    endloop
  endfacet
  facet normal 0.9039892931234436 -0.42755509343028164 0
    outer loop
      vertex 16.75403617834288 -20.592440510676923 7
      vertex 16.36172637101947 -21.42190990738641 7
      vertex 16.36172637101947 -21.42190990738641 2
    endloop
  endfacet
  facet normal 0.8577286100002715 -0.5141027441932228 0
    outer loop
      vertex 17.2257591249712 -19.80541832126672 7
      vertex 16.75403617834288 -20.592440510676923 7
      vertex 16.75403617834288 -20.592440510676923 2
    endloop
  endfacet
  facet normal 0.8032075314806463 -0.5956993044924316 0
    outer loop
      vertex 17.77235226105841 -19.068422793069914 7
      vertex 17.2257591249712 -19.80541832126672 7
      vertex 17.2257591249712 -19.80541832126672 2
    endloop
  endfacet
  facet normal 0.7409511253549576 -0.6715589548470202 0
    outer loop
      vertex 18.38855159590578 -18.38855159590578 7
      vertex 17.77235226105841 -19.068422793069914 7
      vertex 17.77235226105841 -19.068422793069914 2
    endloop
  endfacet
  facet normal 0.6715589548470202 -0.7409511253549576 0
    outer loop
      vertex 18.38855159590578 -18.38855159590578 7
      vertex 18.38855159590578 -18.38855159590578 2
      vertex 19.068422793069914 -17.77235226105841 7
    endloop
  endfacet
  facet normal 0.5956993044924316 -0.8032075314806463 0
    outer loop
      vertex 19.068422793069914 -17.77235226105841 2
      vertex 19.80541832126672 -17.2257591249712 7
      vertex 19.068422793069914 -17.77235226105841 7
    endloop
  endfacet
  facet normal 0.5141027441932228 -0.8577286100002715 0
    outer loop
      vertex 19.80541832126672 -17.2257591249712 2
      vertex 20.592440510676923 -16.75403617834288 7
      vertex 19.80541832126672 -17.2257591249712 7
    endloop
  endfacet
  facet normal 0.42755509343028164 -0.9039892931234436 0
    outer loop
      vertex 20.592440510676923 -16.75403617834288 2
      vertex 21.42190990738641 -16.36172637101947 7
      vertex 20.592440510676923 -16.75403617834288 7
    endloop
  endfacet
  facet normal 0.3368898533922192 -0.941544065183021 0
    outer loop
      vertex 21.42190990738641 -16.36172637101947 2
      vertex 22.285838267670776 -16.052607860903848 7
      vertex 21.42190990738641 -16.36172637101947 7
    endloop
  endfacet
  facet normal 0 0 1
    outer loop
      vertex -16.052607860903848 -22.285838267670776 7
      vertex 16.052607860903848 -22.285838267670776 7
      vertex 16.36172637101947 -21.42190990738641 7
    endloop
  endfacet
  facet normal 0 0 1
    outer loop
      vertex -16.36172637101947 -21.42190990738641 7
      vertex 16.36172637101947 -21.42190990738641 7
      vertex 0.7257116931361558 -2.392350839330522 7
    endloop
  endfacet
  facet normal 0 0 1
    outer loop
      vertex 0.9567085809127245 -2.309698831278217 7
      vertex 0.7257116931361558 -2.392350839330522 7
      vertex 16.75403617834288 -20.592440510676923 7
    endloop
  endfacet
  facet normal 0 0 1
    outer loop
      vertex 17.2257591249712 -19.80541832126672 7
      vertex 1.1784918420649941 -2.204803160870888 7
      vertex 0.9567085809127245 -2.309698831278217 7
    endloop
  endfacet
  facet normal 0 0 1
    outer loop
      vertex 1.3889255825490054 -2.078674030756363 7
      vertex 1.1784918420649941 -2.204803160870888 7
      vertex 17.2257591249712 -19.80541832126672 7
    endloop
  endfacet
  facet normal 0 0 1
    outer loop
      vertex 1.5859832104091138 -1.9325261334068424 7
      vertex 1.3889255825490054 -2.078674030756363 7
      vertex 17.77235226105841 -19.068422793069914 7
    endloop
  endfacet
  facet normal 0 0 1
    outer loop
      vertex 1.7677669529663689 -1.7677669529663689 7
      vertex 1.5859832104091138 -1.9325261334068424 7
      vertex 18.38855159590578 -18.38855159590578 7
    endloop
  endfacet
  facet normal 0 0 1
    outer loop
      vertex 1.7677669529663689 -1.7677669529663689 7
      vertex 19.068422793069914 -17.77235226105841 7
      vertex 1.9325261334068424 -1.5859832104091138 7
    endloop
  endfacet
  facet normal 0 0 1
    outer loop
      vertex 1.9325261334068424 -1.5859832104091138 7
      vertex 19.068422793069914 -17.77235226105841 7
      vertex 2.078674030756363 -1.3889255825490054 7
    endloop
  endfacet
  facet normal 0 0 1
    outer loop
      vertex 2.078674030756363 -1.3889255825490054 7
      vertex 19.80541832126672 -17.2257591249712 7
      vertex 2.204803160870888 -1.1784918420649941 7
    endloop
  endfacet
  facet normal 0 0 1
    outer loop
      vertex 2.204803160870888 -1.1784918420649941 7
      vertex 20.592440510676923 -16.75403617834288 7
      vertex 2.309698831278217 -0.9567085809127245 7
    endloop
  endfacet
  facet normal 0 0 1
    outer loop
      vertex 2.309698831278217 -0.9567085809127245 7
      vertex 20.592440510676923 -16.75403617834288 7
      vertex 2.392350839330522 -0.7257116931361558 7
    endloop
  endfacet
  facet normal 0 0 1
    outer loop
      vertex 2.392350839330522 -0.7257116931361558 7
      vertex 21.42190990738641 -16.36172637101947 7
      vertex 2.451963201008076 -0.4877258050403206 7
    endloop
  endfacet
  facet normal 0 0 1
    outer loop
      vertex 2.451963201008076 -0.4877258050403206 7
      vertex 22.285838267670776 -16.052607860903848 7
      vertex 2.4879618166804924 -0.2450428508239015 7
    endloop
  endfacet
  facet normal 0 0 1
    outer loop
      vertex 22.285838267670776 -16.052607860903848 7
      vertex 2.5 0 7
      vertex 2.4879618166804924 -0.2450428508239015 7
    endloop
  endfacet
  facet normal 0 0 1
    outer loop
      vertex 23.1759054891492 -15.829657628229796 7
      vertex 2.4879618166804924 0.2450428508239015 7
      vertex 2.5 0 7
    endloop
  endfacet
  facet normal 0 0 1
    outer loop
      vertex 24.08353973791861 -15.69502280561496 7
      vertex 2.451963201008076 0.4877258050403206 7
      vertex 2.4879618166804924 0.2450428508239015 7
    endloop
  endfacet
  facet normal 0 0 1
    outer loop
      vertex 25 -15.65 7
      vertex 2.392350839330522 0.7257116931361558 7
      vertex 2.451963201008076 0.4877258050403206 7
    endloop
  endfacet
  facet normal 0 0 1
    outer loop
      vertex 25 -15.65 7
      vertex 2.309698831278217 0.9567085809127245 7
      vertex 2.392350839330522 0.7257116931361558 7
    endloop
  endfacet
  facet normal 0 0 1
    outer loop
      vertex 25.91646026208139 -15.69502280561496 7
      vertex 2.204803160870888 1.1784918420649941 7
      vertex 2.309698831278217 0.9567085809127245 7
    endloop
  endfacet
  facet normal 0 0 1
    outer loop
      vertex 16.75403617834288 -20.592440510676923 7
      vertex 0.7257116931361558 -2.392350839330522 7
      vertex 16.36172637101947 -21.42190990738641 7
    endloop
  endfacet
  facet normal 0 0 1
    outer loop
      vertex 17.2257591249712 -19.80541832126672 7
      vertex 0.9567085809127245 -2.309698831278217 7
      vertex 16.75403617834288 -20.592440510676923 7
    endloop
  endfacet
  facet normal 0 0 1
    outer loop
      vertex 1.3889255825490054 -2.078674030756363 7
      vertex 17.2257591249712 -19.80541832126672 7
      vertex 17.77235226105841 -19.068422793069914 7
    endloop
  endfacet
  facet normal 0 0 1
    outer loop
      vertex 1.5859832104091138 -1.9325261334068424 7
      vertex 17.77235226105841 -19.068422793069914 7
      vertex 18.38855159590578 -18.38855159590578 7
    endloop
  endfacet
  facet normal 0 0 1
    outer loop
      vertex 1.7677669529663689 -1.7677669529663689 7
      vertex 18.38855159590578 -18.38855159590578 7
      vertex 19.068422793069914 -17.77235226105841 7
    endloop
  endfacet
  facet normal 0 0 1
    outer loop
      vertex 19.068422793069914 -17.77235226105841 7
      vertex 19.80541832126672 -17.2257591249712 7
      vertex 2.078674030756363 -1.3889255825490054 7
    endloop
  endfacet
  facet normal 0 0 1
    outer loop
      vertex 19.80541832126672 -17.2257591249712 7
      vertex 20.592440510676923 -16.75403617834288 7
      vertex 2.204803160870888 -1.1784918420649941 7
    endloop
  endfacet
  facet normal 0 0 1
    outer loop
      vertex 20.592440510676923 -16.75403617834288 7
      vertex 21.42190990738641 -16.36172637101947 7
      vertex 2.392350839330522 -0.7257116931361558 7
    endloop
  endfacet
  facet normal 0 0 1
    outer loop
      vertex 21.42190990738641 -16.36172637101947 7
      vertex 22.285838267670776 -16.052607860903848 7
      vertex 2.451963201008076 -0.4877258050403206 7
    endloop
  endfacet
  facet normal 0 0 1
    outer loop
      vertex 22.285838267670776 -16.052607860903848 7
      vertex 23.1759054891492 -15.829657628229796 7
      vertex 2.5 0 7
    endloop
  endfacet
  facet normal 0 0 1
    outer loop
      vertex 23.1759054891492 -15.829657628229796 7
      vertex 24.08353973791861 -15.69502280561496 7
      vertex 2.4879618166804924 0.2450428508239015 7
    endloop
  endfacet
  facet normal 0 0 1
    outer loop
      vertex 24.08353973791861 -15.69502280561496 7
      vertex 25 -15.65 7
      vertex 2.451963201008076 0.4877258050403206 7
    endloop
  endfacet
  facet normal 0 0 1
    outer loop
      vertex 25 -15.65 7
      vertex 25.91646026208139 -15.69502280561496 7
      vertex 2.309698831278217 0.9567085809127245 7
    endloop
  endfacet
  facet normal 0 0 1
    outer loop
      vertex 25.91646026208139 -15.69502280561496 7
      vertex 26.8240945108508 -15.829657628229796 7
      vertex 2.204803160870888 1.1784918420649941 7
    endloop
  endfacet
  facet normal 0.24298017990326332 0.9700312531945442 0
    outer loop
      vertex 23.1759054891492 -34.170342371770204 7
      vertex 23.1759054891492 -34.170342371770204 2
      vertex 22.285838267670776 -33.94739213909615 7
    endloop
  endfacet
  facet normal 0.14673047445536042 0.9891765099647811 0
    outer loop
      vertex 24.08353973791861 -34.30497719438504 7
      vertex 24.08353973791861 -34.30497719438504 2
      vertex 23.1759054891492 -34.170342371770204 7
    endloop
  endfacet
  facet normal 0.049067674327421915 0.9987954562051721 0
    outer loop
      vertex 25 -34.35 7
      vertex 25 -34.35 2
      vertex 24.08353973791861 -34.30497719438504 7
    endloop
  endfacet
  facet normal -0.049067674327421915 0.9987954562051721 0
    outer loop
      vertex 25.91646026208139 -34.30497719438504 7
      vertex 25.91646026208139 -34.30497719438504 2
      vertex 25 -34.35 7
    endloop
  endfacet
  facet normal -0.14673047445536042 0.9891765099647811 0
    outer loop
      vertex 26.8240945108508 -34.170342371770204 7
      vertex 26.8240945108508 -34.170342371770204 2
      vertex 25.91646026208139 -34.30497719438504 7
    endloop
  endfacet
  facet normal -0.24298017990326332 0.9700312531945442 0
    outer loop
      vertex 27.714161732329224 -33.94739213909615 7
      vertex 27.714161732329224 -33.94739213909615 2
      vertex 26.8240945108508 -34.170342371770204 7
    endloop
  endfacet
  facet normal -0.33688985339222266 0.9415440651830197 0
    outer loop
      vertex 28.57809009261359 -33.63827362898053 7
      vertex 28.57809009261359 -33.63827362898053 2
      vertex 27.714161732329224 -33.94739213909615 7
    endloop
  endfacet
  facet normal -0.42755509343027853 0.9039892931234451 0
    outer loop
      vertex 29.407559489323077 -33.24596382165712 7
      vertex 29.407559489323077 -33.24596382165712 2
      vertex 28.57809009261359 -33.63827362898053 7
    endloop
  endfacet
  facet normal -0.5141027441932255 0.8577286100002698 0
    outer loop
      vertex 30.19458167873328 -32.774240875028795 7
      vertex 30.19458167873328 -32.774240875028795 2
      vertex 29.407559489323077 -33.24596382165712 7
    endloop
  endfacet
  facet normal -0.595699304492429 0.8032075314806482 0
    outer loop
      vertex 30.931577206930086 -32.22764773894159 7
      vertex 30.931577206930086 -32.22764773894159 2
      vertex 30.19458167873328 -32.774240875028795 7
    endloop
  endfacet
  facet normal -0.6715589548470202 0.7409511253549576 0
    outer loop
      vertex 31.61144840409422 -31.61144840409422 7
      vertex 31.61144840409422 -31.61144840409422 2
      vertex 30.931577206930086 -32.22764773894159 7
    endloop
  endfacet
  facet normal -0.7409511253549576 0.6715589548470202 0
    outer loop
      vertex 32.22764773894159 -30.931577206930086 2
      vertex 31.61144840409422 -31.61144840409422 7
      vertex 32.22764773894159 -30.931577206930086 7
    endloop
  endfacet
  facet normal -0.8032075314806482 0.595699304492429 0
    outer loop
      vertex 32.774240875028795 -30.19458167873328 2
      vertex 32.22764773894159 -30.931577206930086 7
      vertex 32.774240875028795 -30.19458167873328 7
    endloop
  endfacet
  facet normal -0.8577286100002698 0.5141027441932255 0
    outer loop
      vertex 33.24596382165712 -29.407559489323077 2
      vertex 32.774240875028795 -30.19458167873328 7
      vertex 33.24596382165712 -29.407559489323077 7
    endloop
  endfacet
  facet normal -0.9039892931234451 0.42755509343027853 0
    outer loop
      vertex 33.63827362898053 -28.57809009261359 2
      vertex 33.24596382165712 -29.407559489323077 7
      vertex 33.63827362898053 -28.57809009261359 7
    endloop
  endfacet
  facet normal -0.9415440651830197 0.33688985339222266 0
    outer loop
      vertex 33.94739213909615 -27.714161732329224 2
      vertex 33.63827362898053 -28.57809009261359 7
      vertex 33.94739213909615 -27.714161732329224 7
    endloop
  endfacet
  facet normal -0.9700312531945442 0.24298017990326332 0
    outer loop
      vertex 34.170342371770204 -26.8240945108508 2
      vertex 33.94739213909615 -27.714161732329224 7
      vertex 34.170342371770204 -26.8240945108508 7
    endloop
  endfacet
  facet normal -0.9891765099647811 0.14673047445536042 0
    outer loop
      vertex 34.30497719438504 -25.91646026208139 2
      vertex 34.170342371770204 -26.8240945108508 7
      vertex 34.30497719438504 -25.91646026208139 7
    endloop
  endfacet
  facet normal -0.9987954562051721 0.049067674327421915 0
    outer loop
      vertex 34.35 -25 2
      vertex 34.30497719438504 -25.91646026208139 7
      vertex 34.35 -25 7
    endloop
  endfacet
  facet normal -0.9987954562051721 -0.049067674327421915 0
    outer loop
      vertex 34.30497719438504 -24.08353973791861 2
      vertex 34.35 -25 7
      vertex 34.30497719438504 -24.08353973791861 7
    endloop
  endfacet
  facet normal -0.9891765099647811 -0.14673047445536042 0
    outer loop
      vertex 34.170342371770204 -23.1759054891492 2
      vertex 34.30497719438504 -24.08353973791861 7
      vertex 34.170342371770204 -23.1759054891492 7
    endloop
  endfacet
  facet normal -0.9700312531945442 -0.24298017990326332 0
    outer loop
      vertex 33.94739213909615 -22.285838267670776 2
      vertex 34.170342371770204 -23.1759054891492 7
      vertex 33.94739213909615 -22.285838267670776 7
    endloop
  endfacet
  facet normal 0 0 1
    outer loop
      vertex 45 -45 7
      vertex 25.91646026208139 -34.30497719438504 7
      vertex 25 -34.35 7
    endloop
  endfacet
  facet normal 0 0 1
    outer loop
      vertex 45 -45 7
      vertex 26.8240945108508 -34.170342371770204 7
      vertex 25.91646026208139 -34.30497719438504 7
    endloop
  endfacet
  facet normal 0 0 1
    outer loop
      vertex 45 -45 7
      vertex 27.714161732329224 -33.94739213909615 7
      vertex 26.8240945108508 -34.170342371770204 7
    endloop
  endfacet
  facet normal 0 0 1
    outer loop
      vertex 45 -45 7
      vertex 28.57809009261359 -33.63827362898053 7
      vertex 27.714161732329224 -33.94739213909615 7
    endloop
  endfacet
  facet normal 0 0 1
    outer loop
      vertex 45 -45 7
      vertex 29.407559489323077 -33.24596382165712 7
      vertex 28.57809009261359 -33.63827362898053 7
    endloop
  endfacet
  facet normal 0 0 1
    outer loop
      vertex 45 -45 7
      vertex 30.19458167873328 -32.774240875028795 7
      vertex 29.407559489323077 -33.24596382165712 7
    endloop
  endfacet
  facet normal 0 0 1
    outer loop
      vertex 45 -45 7
      vertex 30.931577206930086 -32.22764773894159 7
      vertex 30.19458167873328 -32.774240875028795 7
    endloop
  endfacet
  facet normal 0 0 1
    outer loop
      vertex 45 -45 7
      vertex 31.61144840409422 -31.61144840409422 7
      vertex 30.931577206930086 -32.22764773894159 7
    endloop
  endfacet
  facet normal 0 0 1
    outer loop
      vertex 45 -45 7
      vertex 32.22764773894159 -30.931577206930086 7
      vertex 31.61144840409422 -31.61144840409422 7
    endloop
  endfacet
  facet normal 0 0 1
    outer loop
      vertex 45 -45 7
      vertex 32.774240875028795 -30.19458167873328 7
      vertex 32.22764773894159 -30.931577206930086 7
    endloop
  endfacet
  facet normal 0 0 1
    outer loop
      vertex 45 -45 7
      vertex 33.24596382165712 -29.407559489323077 7
      vertex 32.774240875028795 -30.19458167873328 7
    endloop
  endfacet
  facet normal 0 0 1
    outer loop
      vertex 45 -45 7
      vertex 33.63827362898053 -28.57809009261359 7
      vertex 33.24596382165712 -29.407559489323077 7
    endloop
  endfacet
  facet normal 0 0 1
    outer loop
      vertex 45 -45 7
      vertex 33.94739213909615 -27.714161732329224 7
      vertex 33.63827362898053 -28.57809009261359 7
    endloop
  endfacet
  facet normal 0 0 1
    outer loop
      vertex 45 -45 7
      vertex 34.170342371770204 -26.8240945108508 7
      vertex 33.94739213909615 -27.714161732329224 7
    endloop
  endfacet
  facet normal 0 0 1
    outer loop
      vertex 45 -45 7
      vertex 34.30497719438504 -25.91646026208139 7
      vertex 34.170342371770204 -26.8240945108508 7
    endloop
  endfacet
  facet normal 0 0 1
    outer loop
      vertex 45 -45 7
      vertex 34.35 -25 7
      vertex 34.30497719438504 -25.91646026208139 7
    endloop
  endfacet
  facet normal 0.24298017990326332 -0.9700312531945442 0
    outer loop
      vertex 22.285838267670776 -16.052607860903848 2
      vertex 23.1759054891492 -15.829657628229796 7
      vertex 22.285838267670776 -16.052607860903848 7
    endloop
  endfacet
  facet normal 0.1467304744553623 -0.9891765099647808 0
    outer loop
      vertex 23.1759054891492 -15.829657628229796 2
      vertex 24.08353973791861 -15.69502280561496 7
      vertex 23.1759054891492 -15.829657628229796 7
    endloop
  endfacet
  facet normal 0.04906767432741805 -0.9987954562051723 0
    outer loop
      vertex 24.08353973791861 -15.69502280561496 2
      vertex 25 -15.65 7
      vertex 24.08353973791861 -15.69502280561496 7
    endloop
  endfacet
  facet normal -0.04906767432741805 -0.9987954562051723 0
    outer loop
      vertex 25 -15.65 2
      vertex 25.91646026208139 -15.69502280561496 7
      vertex 25 -15.65 7
    endloop
  endfacet
  facet normal -0.1467304744553623 -0.9891765099647808 0
    outer loop
      vertex 25.91646026208139 -15.69502280561496 2
      vertex 26.8240945108508 -15.829657628229796 7
      vertex 25.91646026208139 -15.69502280561496 7
    endloop
  endfacet
  facet normal -0.24298017990326332 -0.9700312531945442 0
    outer loop
      vertex 26.8240945108508 -15.829657628229796 2
      vertex 27.714161732329224 -16.052607860903848 7
      vertex 26.8240945108508 -15.829657628229796 7
    endloop
  endfacet
  facet normal -0.3368898533922192 -0.941544065183021 0
    outer loop
      vertex 27.714161732329224 -16.052607860903848 2
      vertex 28.57809009261359 -16.36172637101947 7
      vertex 27.714161732329224 -16.052607860903848 7
    endloop
  endfacet
  facet normal -0.5141027441932228 -0.8577286100002715 0
    outer loop
      vertex 29.407559489323077 -16.75403617834288 2
      vertex 30.19458167873328 -17.2257591249712 7
      vertex 29.407559489323077 -16.75403617834288 7
    endloop
  endfacet
  facet normal -0.5956993044924316 -0.8032075314806463 0
    outer loop
      vertex 30.19458167873328 -17.2257591249712 2
      vertex 30.931577206930086 -17.77235226105841 7
      vertex 30.19458167873328 -17.2257591249712 7
    endloop
  endfacet
  facet normal -0.9415440651830197 -0.33688985339222266 0
    outer loop
      vertex 33.63827362898053 -21.42190990738641 2
      vertex 33.94739213909615 -22.285838267670776 7
      vertex 33.63827362898053 -21.42190990738641 7
    endloop
  endfacet
  facet normal -0.8577286100002698 -0.5141027441932255 0
    outer loop
      vertex 32.774240875028795 -19.80541832126672 2
      vertex 33.24596382165712 -20.592440510676923 7
      vertex 32.774240875028795 -19.80541832126672 7
    endloop
  endfacet
  facet normal -0.9039892931234451 -0.42755509343027853 0
    outer loop
      vertex 33.24596382165712 -20.592440510676923 2
      vertex 33.63827362898053 -21.42190990738641 7
      vertex 33.24596382165712 -20.592440510676923 7
    endloop
  endfacet
  facet normal -0.7409511253549576 -0.6715589548470202 0
    outer loop
      vertex 31.61144840409422 -18.38855159590578 2
      vertex 32.22764773894159 -19.068422793069914 7
      vertex 31.61144840409422 -18.38855159590578 7
    endloop
  endfacet
  facet normal -0.6715589548470202 -0.7409511253549576 0
    outer loop
      vertex 30.931577206930086 -17.77235226105841 2
      vertex 31.61144840409422 -18.38855159590578 7
      vertex 30.931577206930086 -17.77235226105841 7
    endloop
  endfacet
  facet normal -0.8032075314806482 -0.595699304492429 0
    outer loop
      vertex 32.22764773894159 -19.068422793069914 2
      vertex 32.774240875028795 -19.80541832126672 7
      vertex 32.22764773894159 -19.068422793069914 7
    endloop
  endfacet
  facet normal -0.42755509343028164 -0.9039892931234436 0
    outer loop
      vertex 28.57809009261359 -16.36172637101947 2
      vertex 29.407559489323077 -16.75403617834288 7
      vertex 28.57809009261359 -16.36172637101947 7
    endloop
  endfacet
  facet normal 0 0 1
    outer loop
      vertex 26.8240945108508 -15.829657628229796 7
      vertex 27.714161732329224 -16.052607860903848 7
      vertex 26.8240945108508 15.829657628229796 7
    endloop
  endfacet
  facet normal 0 0 1
    outer loop
      vertex 27.714161732329224 -16.052607860903848 7
      vertex 28.57809009261359 -16.36172637101947 7
      vertex 27.714161732329224 16.052607860903848 7
    endloop
  endfacet
  facet normal 0 0 1
    outer loop
      vertex 29.407559489323077 -16.75403617834288 7
      vertex 30.19458167873328 -17.2257591249712 7
      vertex 29.407559489323077 16.75403617834288 7
    endloop
  endfacet
  facet normal 0 0 1
    outer loop
      vertex 30.19458167873328 -17.2257591249712 7
      vertex 30.931577206930086 -17.77235226105841 7
      vertex 30.19458167873328 17.2257591249712 7
    endloop
  endfacet
  facet normal 0 0 1
    outer loop
      vertex 30.931577206930086 -17.77235226105841 7
      vertex 31.61144840409422 -18.38855159590578 7
      vertex 30.931577206930086 17.77235226105841 7
    endloop
  endfacet
  facet normal 0 0 1
    outer loop
      vertex 32.22764773894159 -19.068422793069914 7
      vertex 31.61144840409422 18.38855159590578 7
      vertex 31.61144840409422 -18.38855159590578 7
    endloop
  endfacet
  facet normal 0 0 1
    outer loop
      vertex 33.63827362898053 -21.42190990738641 7
      vertex 33.24596382165712 20.592440510676923 7
      vertex 33.24596382165712 -20.592440510676923 7
    endloop
  endfacet
  facet normal 0 0 1
    outer loop
      vertex 33.94739213909615 -22.285838267670776 7
      vertex 33.63827362898053 21.42190990738641 7
      vertex 33.63827362898053 -21.42190990738641 7
    endloop
  endfacet
  facet normal 0 0 1
    outer loop
      vertex 32.774240875028795 -19.80541832126672 7
      vertex 32.22764773894159 19.068422793069914 7
      vertex 32.22764773894159 -19.068422793069914 7
    endloop
  endfacet
  facet normal 0 0 1
    outer loop
      vertex 33.24596382165712 -20.592440510676923 7
      vertex 32.774240875028795 19.80541832126672 7
      vertex 32.774240875028795 -19.80541832126672 7
    endloop
  endfacet
  facet normal 0 0 1
    outer loop
      vertex 28.57809009261359 -16.36172637101947 7
      vertex 29.407559489323077 -16.75403617834288 7
      vertex 28.57809009261359 16.36172637101947 7
    endloop
  endfacet
  facet normal 0 0 1
    outer loop
      vertex 45 -45 7
      vertex 34.35 25 7
      vertex 34.35 -25 7
    endloop
  endfacet
  facet normal 0 0 1
    outer loop
      vertex 34.35 -25 7
      vertex 34.30497719438504 24.08353973791861 7
      vertex 34.30497719438504 -24.08353973791861 7
    endloop
  endfacet
  facet normal 0 0 1
    outer loop
      vertex 34.30497719438504 -24.08353973791861 7
      vertex 34.170342371770204 23.1759054891492 7
      vertex 34.170342371770204 -23.1759054891492 7
    endloop
  endfacet
  facet normal 0 0 1
    outer loop
      vertex 34.170342371770204 -23.1759054891492 7
      vertex 33.94739213909615 22.285838267670776 7
      vertex 33.94739213909615 -22.285838267670776 7
    endloop
  endfacet
  facet normal 0 0 -1
    outer loop
      vertex -0.4877258050403206 2.451963201008076 2
      vertex -0.7257116931361558 2.392350839330522 2
      vertex 15.69502280561496 24.08353973791861 2
    endloop
  endfacet
  facet normal 0 0 -1
    outer loop
      vertex 0.2450428508239015 2.4879618166804924 2
      vertex 0 2.5 2
      vertex 16.052607860903848 22.285838267670776 2
    endloop
  endfacet
  facet normal 0 0 -1
    outer loop
      vertex -0.2450428508239015 2.4879618166804924 2
      vertex 15.829657628229796 23.1759054891492 2
      vertex 0 2.5 2
    endloop
  endfacet
  facet normal 0 0 -1
    outer loop
      vertex -0.2450428508239015 2.4879618166804924 2
      vertex -0.4877258050403206 2.451963201008076 2
      vertex 15.69502280561496 24.08353973791861 2
    endloop
  endfacet
  facet normal 0 0 -1
    outer loop
      vertex -0.9567085809127245 2.309698831278217 2
      vertex -1.1784918420649941 2.204803160870888 2
      vertex 15.69502280561496 25.91646026208139 2
    endloop
  endfacet
  facet normal 0 0 -1
    outer loop
      vertex -0.7257116931361558 2.392350839330522 2
      vertex -0.9567085809127245 2.309698831278217 2
      vertex 15.65 25 2
    endloop
  endfacet
  facet normal 0 0 -1
    outer loop
      vertex 2.5 0 2
      vertex 2.4879618166804924 0.2450428508239015 2
      vertex 22.285838267670776 16.052607860903848 2
    endloop
  endfacet
  facet normal 0 0 -1
    outer loop
      vertex 2.451963201008076 0.4877258050403206 2
      vertex 22.285838267670776 16.052607860903848 2
      vertex 2.4879618166804924 0.2450428508239015 2
    endloop
  endfacet
  facet normal 0 0 -1
    outer loop
      vertex 0.9567085809127245 2.309698831278217 2
      vertex 0.7257116931361558 2.392350839330522 2
      vertex 16.75403617834288 20.592440510676923 2
    endloop
  endfacet
  facet normal 0 0 -1
    outer loop
      vertex 1.5859832104091138 1.9325261334068424 2
      vertex 1.3889255825490054 2.078674030756363 2
      vertex 17.77235226105841 19.068422793069914 2
    endloop
  endfacet
  facet normal 0 0 -1
    outer loop
      vertex 1.3889255825490054 2.078674030756363 2
      vertex 1.1784918420649941 2.204803160870888 2
      vertex 17.2257591249712 19.80541832126672 2
    endloop
  endfacet
  facet normal 0 0 -1
    outer loop
      vertex 1.1784918420649941 2.204803160870888 2
      vertex 0.9567085809127245 2.309698831278217 2
      vertex 17.2257591249712 19.80541832126672 2
    endloop
  endfacet
  facet normal 0 0 -1
    outer loop
      vertex 1.9325261334068424 1.5859832104091138 2
      vertex 19.068422793069914 17.77235226105841 2
      vertex 2.078674030756363 1.3889255825490054 2
    endloop
  endfacet
  facet normal 0 0 -1
    outer loop
      vertex 2.309698831278217 0.9567085809127245 2
      vertex 20.592440510676923 16.75403617834288 2
      vertex 2.392350839330522 0.7257116931361558 2
    endloop
  endfacet
  facet normal 0 0 -1
    outer loop
      vertex 2.204803160870888 1.1784918420649941 2
      vertex 20.592440510676923 16.75403617834288 2
      vertex 2.309698831278217 0.9567085809127245 2
    endloop
  endfacet
  facet normal 0 0 -1
    outer loop
      vertex 2.078674030756363 1.3889255825490054 2
      vertex 19.80541832126672 17.2257591249712 2
      vertex 2.204803160870888 1.1784918420649941 2
    endloop
  endfacet
  facet normal 0 0 -1
    outer loop
      vertex 1.7677669529663689 1.7677669529663689 2
      vertex 1.5859832104091138 1.9325261334068424 2
      vertex 18.38855159590578 18.38855159590578 2
    endloop
  endfacet
  facet normal 0 0 -1
    outer loop
      vertex 1.7677669529663689 1.7677669529663689 2
      vertex 19.068422793069914 17.77235226105841 2
      vertex 1.9325261334068424 1.5859832104091138 2
    endloop
  endfacet
  facet normal 0 0 -1
    outer loop
      vertex 0.4877258050403206 2.451963201008076 2
      vertex 0.2450428508239015 2.4879618166804924 2
      vertex 16.36172637101947 21.42190990738641 2
    endloop
  endfacet
  facet normal 0 0 -1
    outer loop
      vertex 0.7257116931361558 2.392350839330522 2
      vertex 0.4877258050403206 2.451963201008076 2
      vertex 16.36172637101947 21.42190990738641 2
    endloop
  endfacet
  facet normal 0 0 -1
    outer loop
      vertex 2.392350839330522 0.7257116931361558 2
      vertex 21.42190990738641 16.36172637101947 2
      vertex 2.451963201008076 0.4877258050403206 2
    endloop
  endfacet
  facet normal 0 0 -1
    outer loop
      vertex 0.2450428508239015 2.4879618166804924 2
      vertex 16.052607860903848 22.285838267670776 2
      vertex 16.36172637101947 21.42190990738641 2
    endloop
  endfacet
  facet normal 0 0 -1
    outer loop
      vertex -0.2450428508239015 2.4879618166804924 2
      vertex 15.69502280561496 24.08353973791861 2
      vertex 15.829657628229796 23.1759054891492 2
    endloop
  endfacet
  facet normal 0 0 -1
    outer loop
      vertex 0 2.5 2
      vertex 15.829657628229796 23.1759054891492 2
      vertex 16.052607860903848 22.285838267670776 2
    endloop
  endfacet
  facet normal 0 0 -1
    outer loop
      vertex -0.7257116931361558 2.392350839330522 2
      vertex 15.65 25 2
      vertex 15.69502280561496 24.08353973791861 2
    endloop
  endfacet
  facet normal 0 0 -1
    outer loop
      vertex -0.9567085809127245 2.309698831278217 2
      vertex 15.69502280561496 25.91646026208139 2
      vertex 15.65 25 2
    endloop
  endfacet
  facet normal 0 0 -1
    outer loop
      vertex 22.285838267670776 -16.052607860903848 2
      vertex 2.5 0 2
      vertex 22.285838267670776 16.052607860903848 2
    endloop
  endfacet
  facet normal 0 0 -1
    outer loop
      vertex 21.42190990738641 16.36172637101947 2
      vertex 22.285838267670776 16.052607860903848 2
      vertex 2.451963201008076 0.4877258050403206 2
    endloop
  endfacet
  facet normal 0 0 -1
    outer loop
      vertex 1.5859832104091138 1.9325261334068424 2
      vertex 17.77235226105841 19.068422793069914 2
      vertex 18.38855159590578 18.38855159590578 2
    endloop
  endfacet
  facet normal 0 0 -1
    outer loop
      vertex 1.3889255825490054 2.078674030756363 2
      vertex 17.2257591249712 19.80541832126672 2
      vertex 17.77235226105841 19.068422793069914 2
    endloop
  endfacet
  facet normal 0 0 -1
    outer loop
      vertex 1.7677669529663689 1.7677669529663689 2
      vertex 18.38855159590578 18.38855159590578 2
      vertex 19.068422793069914 17.77235226105841 2
    endloop
  endfacet
  facet normal 0 0 -1
    outer loop
      vertex 19.068422793069914 17.77235226105841 2
      vertex 19.80541832126672 17.2257591249712 2
      vertex 2.078674030756363 1.3889255825490054 2
    endloop
  endfacet
  facet normal 0 0 -1
    outer loop
      vertex 0.9567085809127245 2.309698831278217 2
      vertex 16.75403617834288 20.592440510676923 2
      vertex 17.2257591249712 19.80541832126672 2
    endloop
  endfacet
  facet normal 0 0 -1
    outer loop
      vertex 0.7257116931361558 2.392350839330522 2
      vertex 16.36172637101947 21.42190990738641 2
      vertex 16.75403617834288 20.592440510676923 2
    endloop
  endfacet
  facet normal 0 0 -1
    outer loop
      vertex 19.80541832126672 17.2257591249712 2
      vertex 20.592440510676923 16.75403617834288 2
      vertex 2.204803160870888 1.1784918420649941 2
    endloop
  endfacet
  facet normal 0 0 -1
    outer loop
      vertex 20.592440510676923 16.75403617834288 2
      vertex 21.42190990738641 16.36172637101947 2
      vertex 2.392350839330522 0.7257116931361558 2
    endloop
  endfacet
  facet normal -0.049067674327417134 -0.9987954562051724 0
    outer loop
      vertex 0.2450428508239015 2.4879618166804924 2
      vertex 0.2450428508239015 2.4879618166804924 7
      vertex 0 2.5 2
    endloop
  endfacet
  facet normal -0.2429801799032646 -0.9700312531945439 0
    outer loop
      vertex 0.7257116931361558 2.392350839330522 2
      vertex 0.7257116931361558 2.392350839330522 7
      vertex 0.4877258050403206 2.451963201008076 2
    endloop
  endfacet
  facet normal -0.14673047445536283 -0.9891765099647808 0
    outer loop
      vertex 0.4877258050403206 2.451963201008076 2
      vertex 0.4877258050403206 2.451963201008076 7
      vertex 0.2450428508239015 2.4879618166804924 2
    endloop
  endfacet
  facet normal -0.33688985339221883 -0.9415440651830213 0
    outer loop
      vertex 0.9567085809127245 2.309698831278217 2
      vertex 0.9567085809127245 2.309698831278217 7
      vertex 0.7257116931361558 2.392350839330522 2
    endloop
  endfacet
  facet normal -0.4275550934302817 -0.9039892931234436 0
    outer loop
      vertex 1.1784918420649941 2.204803160870888 2
      vertex 1.1784918420649941 2.204803160870888 7
      vertex 0.9567085809127245 2.309698831278217 2
    endloop
  endfacet
  facet normal -0.5141027441932224 -0.8577286100002717 0
    outer loop
      vertex 1.3889255825490054 2.078674030756363 2
      vertex 1.3889255825490054 2.078674030756363 7
      vertex 1.1784918420649941 2.204803160870888 2
    endloop
  endfacet
  facet normal -0.9700312531945439 -0.2429801799032646 0
    outer loop
      vertex 2.392350839330522 0.7257116931361558 2
      vertex 2.451963201008076 0.4877258050403206 2
      vertex 2.451963201008076 0.4877258050403206 7
    endloop
  endfacet
  facet normal -0.9987954562051724 -0.049067674327417134 0
    outer loop
      vertex 2.5 0 2
      vertex 2.5 0 7
      vertex 2.4879618166804924 0.2450428508239015 2
    endloop
  endfacet
  facet normal -0.9891765099647808 -0.14673047445536283 0
    outer loop
      vertex 2.451963201008076 0.4877258050403206 2
      vertex 2.4879618166804924 0.2450428508239015 2
      vertex 2.4879618166804924 0.2450428508239015 7
    endloop
  endfacet
  facet normal -0.9039892931234436 -0.4275550934302817 0
    outer loop
      vertex 2.204803160870888 1.1784918420649941 2
      vertex 2.309698831278217 0.9567085809127245 2
      vertex 2.309698831278217 0.9567085809127245 7
    endloop
  endfacet
  facet normal -0.9415440651830213 -0.33688985339221883 0
    outer loop
      vertex 2.309698831278217 0.9567085809127245 2
      vertex 2.392350839330522 0.7257116931361558 2
      vertex 2.392350839330522 0.7257116931361558 7
    endloop
  endfacet
  facet normal -0.8577286100002717 -0.5141027441932224 0
    outer loop
      vertex 2.078674030756363 1.3889255825490054 2
      vertex 2.204803160870888 1.1784918420649941 2
      vertex 2.204803160870888 1.1784918420649941 7
    endloop
  endfacet
  facet normal -0.595699304492433 -0.803207531480645 0
    outer loop
      vertex 1.5859832104091138 1.9325261334068424 2
      vertex 1.5859832104091138 1.9325261334068424 7
      vertex 1.3889255825490054 2.078674030756363 2
    endloop
  endfacet
  facet normal -0.6715589548470183 -0.7409511253549591 0
    outer loop
      vertex 1.5859832104091138 1.9325261334068424 2
      vertex 1.7677669529663689 1.7677669529663689 2
      vertex 1.7677669529663689 1.7677669529663689 7
    endloop
  endfacet
  facet normal -0.7409511253549591 -0.6715589548470183 0
    outer loop
      vertex 1.7677669529663689 1.7677669529663689 2
      vertex 1.9325261334068424 1.5859832104091138 2
      vertex 1.9325261334068424 1.5859832104091138 7
    endloop
  endfacet
  facet normal -0.803207531480645 -0.595699304492433 0
    outer loop
      vertex 1.9325261334068424 1.5859832104091138 2
      vertex 2.078674030756363 1.3889255825490054 2
      vertex 2.078674030756363 1.3889255825490054 7
    endloop
  endfacet
  facet normal 0.941544065183021 0.3368898533922192 0
    outer loop
      vertex 16.36172637101947 21.42190990738641 2
      vertex 16.052607860903848 22.285838267670776 2
      vertex 16.052607860903848 22.285838267670776 7
    endloop
  endfacet
  facet normal 0.9039892931234436 0.42755509343028164 0
    outer loop
      vertex 16.75403617834288 20.592440510676923 2
      vertex 16.36172637101947 21.42190990738641 2
      vertex 16.36172637101947 21.42190990738641 7
    endloop
  endfacet
  facet normal 0.42755509343028164 0.9039892931234436 0
    outer loop
      vertex 20.592440510676923 16.75403617834288 2
      vertex 20.592440510676923 16.75403617834288 7
      vertex 21.42190990738641 16.36172637101947 2
    endloop
  endfacet
  facet normal 0.3368898533922192 0.941544065183021 0
    outer loop
      vertex 21.42190990738641 16.36172637101947 2
      vertex 21.42190990738641 16.36172637101947 7
      vertex 22.285838267670776 16.052607860903848 2
    endloop
  endfacet
  facet normal 0.8032075314806463 0.5956993044924316 0
    outer loop
      vertex 17.77235226105841 19.068422793069914 2
      vertex 17.2257591249712 19.80541832126672 2
      vertex 17.2257591249712 19.80541832126672 7
    endloop
  endfacet
  facet normal 0.7409511253549576 0.6715589548470202 0
    outer loop
      vertex 18.38855159590578 18.38855159590578 2
      vertex 17.77235226105841 19.068422793069914 2
      vertex 17.77235226105841 19.068422793069914 7
    endloop
  endfacet
  facet normal 0.6715589548470202 0.7409511253549576 0
    outer loop
      vertex 18.38855159590578 18.38855159590578 2
      vertex 18.38855159590578 18.38855159590578 7
      vertex 19.068422793069914 17.77235226105841 2
    endloop
  endfacet
  facet normal 0.5956993044924316 0.8032075314806463 0
    outer loop
      vertex 19.068422793069914 17.77235226105841 2
      vertex 19.068422793069914 17.77235226105841 7
      vertex 19.80541832126672 17.2257591249712 2
    endloop
  endfacet
  facet normal 0.8577286100002715 0.5141027441932228 0
    outer loop
      vertex 17.2257591249712 19.80541832126672 2
      vertex 16.75403617834288 20.592440510676923 2
      vertex 16.75403617834288 20.592440510676923 7
    endloop
  endfacet
  facet normal 0.5141027441932228 0.8577286100002715 0
    outer loop
      vertex 19.80541832126672 17.2257591249712 2
      vertex 19.80541832126672 17.2257591249712 7
      vertex 20.592440510676923 16.75403617834288 2
    endloop
  endfacet
  facet normal 0 0 -1
    outer loop
      vertex -15.829657628229796 26.8240945108508 2
      vertex 15.829657628229796 26.8240945108508 2
      vertex 15.69502280561496 25.91646026208139 2
    endloop
  endfacet
  facet normal 0 0 -1
    outer loop
      vertex -16.052607860903848 27.714161732329224 2
      vertex 16.052607860903848 27.714161732329224 2
      vertex 15.829657628229796 26.8240945108508 2
    endloop
  endfacet
  facet normal 0 0 -1
    outer loop
      vertex -16.36172637101947 28.57809009261359 2
      vertex 16.36172637101947 28.57809009261359 2
      vertex 16.052607860903848 27.714161732329224 2
    endloop
  endfacet
  facet normal 0 0 -1
    outer loop
      vertex -16.75403617834288 29.407559489323077 2
      vertex 16.75403617834288 29.407559489323077 2
      vertex 16.36172637101947 28.57809009261359 2
    endloop
  endfacet
  facet normal 0 0 -1
    outer loop
      vertex -17.2257591249712 30.19458167873328 2
      vertex 17.2257591249712 30.19458167873328 2
      vertex 16.75403617834288 29.407559489323077 2
    endloop
  endfacet
  facet normal 0 0 -1
    outer loop
      vertex -17.77235226105841 30.931577206930086 2
      vertex 17.77235226105841 30.931577206930086 2
      vertex 17.2257591249712 30.19458167873328 2
    endloop
  endfacet
  facet normal 0 0 -1
    outer loop
      vertex -18.38855159590578 31.61144840409422 2
      vertex 18.38855159590578 31.61144840409422 2
      vertex 17.77235226105841 30.931577206930086 2
    endloop
  endfacet
  facet normal 0 0 -1
    outer loop
      vertex -19.068422793069914 32.22764773894159 2
      vertex 19.068422793069914 32.22764773894159 2
      vertex 18.38855159590578 31.61144840409422 2
    endloop
  endfacet
  facet normal 0 0 -1
    outer loop
      vertex -19.80541832126672 32.774240875028795 2
      vertex 19.80541832126672 32.774240875028795 2
      vertex 19.068422793069914 32.22764773894159 2
    endloop
  endfacet
  facet normal 0 0 -1
    outer loop
      vertex -20.592440510676923 33.24596382165712 2
      vertex 20.592440510676923 33.24596382165712 2
      vertex 19.80541832126672 32.774240875028795 2
    endloop
  endfacet
  facet normal 0 0 -1
    outer loop
      vertex -21.42190990738641 33.63827362898053 2
      vertex 21.42190990738641 33.63827362898053 2
      vertex 20.592440510676923 33.24596382165712 2
    endloop
  endfacet
  facet normal 0 0 -1
    outer loop
      vertex -22.285838267670776 33.94739213909615 2
      vertex 22.285838267670776 33.94739213909615 2
      vertex 21.42190990738641 33.63827362898053 2
    endloop
  endfacet
  facet normal 0 0 -1
    outer loop
      vertex -23.1759054891492 34.170342371770204 2
      vertex 23.1759054891492 34.170342371770204 2
      vertex 22.285838267670776 33.94739213909615 2
    endloop
  endfacet
  facet normal 0 0 -1
    outer loop
      vertex -24.08353973791861 34.30497719438504 2
      vertex 24.08353973791861 34.30497719438504 2
      vertex 23.1759054891492 34.170342371770204 2
    endloop
  endfacet
  facet normal 0 0 -1
    outer loop
      vertex -25 34.35 2
      vertex 25 34.35 2
      vertex 24.08353973791861 34.30497719438504 2
    endloop
  endfacet
  facet normal 0 0 -1
    outer loop
      vertex -45 45 2
      vertex 45 45 2
      vertex 25 34.35 2
    endloop
  endfacet
  facet normal 0.9700312531945442 0.24298017990326332 0
    outer loop
      vertex 16.052607860903848 22.285838267670776 2
      vertex 15.829657628229796 23.1759054891492 2
      vertex 15.829657628229796 23.1759054891492 7
    endloop
  endfacet
  facet normal 0.9891765099647808 0.1467304744553623 0
    outer loop
      vertex 15.829657628229796 23.1759054891492 2
      vertex 15.69502280561496 24.08353973791861 2
      vertex 15.69502280561496 24.08353973791861 7
    endloop
  endfacet
  facet normal 0.9987954562051723 0.04906767432741805 0
    outer loop
      vertex 15.69502280561496 24.08353973791861 2
      vertex 15.65 25 2
      vertex 15.65 25 7
    endloop
  endfacet
  facet normal 0.9987954562051723 -0.04906767432741805 0
    outer loop
      vertex 15.65 25 2
      vertex 15.69502280561496 25.91646026208139 2
      vertex 15.69502280561496 25.91646026208139 7
    endloop
  endfacet
  facet normal 0.9891765099647808 -0.1467304744553623 0
    outer loop
      vertex 15.69502280561496 25.91646026208139 2
      vertex 15.829657628229796 26.8240945108508 2
      vertex 15.829657628229796 26.8240945108508 7
    endloop
  endfacet
  facet normal 0.9700312531945442 -0.24298017990326332 0
    outer loop
      vertex 15.829657628229796 26.8240945108508 2
      vertex 16.052607860903848 27.714161732329224 2
      vertex 16.052607860903848 27.714161732329224 7
    endloop
  endfacet
  facet normal 0.941544065183021 -0.3368898533922192 0
    outer loop
      vertex 16.052607860903848 27.714161732329224 2
      vertex 16.36172637101947 28.57809009261359 2
      vertex 16.36172637101947 28.57809009261359 7
    endloop
  endfacet
  facet normal 0.9039892931234436 -0.42755509343028164 0
    outer loop
      vertex 16.36172637101947 28.57809009261359 2
      vertex 16.75403617834288 29.407559489323077 2
      vertex 16.75403617834288 29.407559489323077 7
    endloop
  endfacet
  facet normal 0.8577286100002715 -0.5141027441932228 0
    outer loop
      vertex 16.75403617834288 29.407559489323077 2
      vertex 17.2257591249712 30.19458167873328 2
      vertex 17.2257591249712 30.19458167873328 7
    endloop
  endfacet
  facet normal 0.8032075314806463 -0.5956993044924316 0
    outer loop
      vertex 17.2257591249712 30.19458167873328 2
      vertex 17.77235226105841 30.931577206930086 2
      vertex 17.77235226105841 30.931577206930086 7
    endloop
  endfacet
  facet normal 0.7409511253549576 -0.6715589548470202 0
    outer loop
      vertex 17.77235226105841 30.931577206930086 2
      vertex 18.38855159590578 31.61144840409422 2
      vertex 18.38855159590578 31.61144840409422 7
    endloop
  endfacet
  facet normal 0.6715589548470202 -0.7409511253549576 0
    outer loop
      vertex 19.068422793069914 32.22764773894159 2
      vertex 19.068422793069914 32.22764773894159 7
      vertex 18.38855159590578 31.61144840409422 2
    endloop
  endfacet
  facet normal 0.595699304492429 -0.8032075314806482 0
    outer loop
      vertex 19.80541832126672 32.774240875028795 2
      vertex 19.80541832126672 32.774240875028795 7
      vertex 19.068422793069914 32.22764773894159 2
    endloop
  endfacet
  facet normal 0.5141027441932255 -0.8577286100002698 0
    outer loop
      vertex 20.592440510676923 33.24596382165712 2
      vertex 20.592440510676923 33.24596382165712 7
      vertex 19.80541832126672 32.774240875028795 2
    endloop
  endfacet
  facet normal 0.42755509343027853 -0.9039892931234451 0
    outer loop
      vertex 21.42190990738641 33.63827362898053 2
      vertex 21.42190990738641 33.63827362898053 7
      vertex 20.592440510676923 33.24596382165712 2
    endloop
  endfacet
  facet normal 0.33688985339222266 -0.9415440651830197 0
    outer loop
      vertex 22.285838267670776 33.94739213909615 2
      vertex 22.285838267670776 33.94739213909615 7
      vertex 21.42190990738641 33.63827362898053 2
    endloop
  endfacet
  facet normal 0 0 -1
    outer loop
      vertex 22.285838267670776 -16.052607860903848 2
      vertex 22.285838267670776 16.052607860903848 2
      vertex 23.1759054891492 15.829657628229796 2
    endloop
  endfacet
  facet normal 0 0 -1
    outer loop
      vertex 23.1759054891492 -15.829657628229796 2
      vertex 23.1759054891492 15.829657628229796 2
      vertex 24.08353973791861 15.69502280561496 2
    endloop
  endfacet
  facet normal 0 0 -1
    outer loop
      vertex 24.08353973791861 -15.69502280561496 2
      vertex 24.08353973791861 15.69502280561496 2
      vertex 25 15.65 2
    endloop
  endfacet
  facet normal 0 0 -1
    outer loop
      vertex 25 -15.65 2
      vertex 25 15.65 2
      vertex 25.91646026208139 15.69502280561496 2
    endloop
  endfacet
  facet normal 0 0 -1
    outer loop
      vertex 25.91646026208139 -15.69502280561496 2
      vertex 25.91646026208139 15.69502280561496 2
      vertex 26.8240945108508 15.829657628229796 2
    endloop
  endfacet
  facet normal 0 0 -1
    outer loop
      vertex 26.8240945108508 -15.829657628229796 2
      vertex 26.8240945108508 15.829657628229796 2
      vertex 27.714161732329224 16.052607860903848 2
    endloop
  endfacet
  facet normal 0 0 -1
    outer loop
      vertex 27.714161732329224 -16.052607860903848 2
      vertex 27.714161732329224 16.052607860903848 2
      vertex 28.57809009261359 16.36172637101947 2
    endloop
  endfacet
  facet normal 0 0 -1
    outer loop
      vertex 28.57809009261359 -16.36172637101947 2
      vertex 28.57809009261359 16.36172637101947 2
      vertex 29.407559489323077 16.75403617834288 2
    endloop
  endfacet
  facet normal 0 0 -1
    outer loop
      vertex 29.407559489323077 -16.75403617834288 2
      vertex 29.407559489323077 16.75403617834288 2
      vertex 30.19458167873328 17.2257591249712 2
    endloop
  endfacet
  facet normal 0 0 -1
    outer loop
      vertex 30.19458167873328 -17.2257591249712 2
      vertex 30.19458167873328 17.2257591249712 2
      vertex 30.931577206930086 17.77235226105841 2
    endloop
  endfacet
  facet normal 0 0 -1
    outer loop
      vertex 30.931577206930086 -17.77235226105841 2
      vertex 30.931577206930086 17.77235226105841 2
      vertex 31.61144840409422 18.38855159590578 2
    endloop
  endfacet
  facet normal 0 0 -1
    outer loop
      vertex 31.61144840409422 -18.38855159590578 2
      vertex 31.61144840409422 18.38855159590578 2
      vertex 32.22764773894159 19.068422793069914 2
    endloop
  endfacet
  facet normal 0 0 -1
    outer loop
      vertex 32.22764773894159 -19.068422793069914 2
      vertex 32.22764773894159 19.068422793069914 2
      vertex 32.774240875028795 19.80541832126672 2
    endloop
  endfacet
  facet normal 0 0 -1
    outer loop
      vertex 32.774240875028795 -19.80541832126672 2
      vertex 32.774240875028795 19.80541832126672 2
      vertex 33.24596382165712 20.592440510676923 2
    endloop
  endfacet
  facet normal 0 0 -1
    outer loop
      vertex 33.24596382165712 -20.592440510676923 2
      vertex 33.24596382165712 20.592440510676923 2
      vertex 33.63827362898053 21.42190990738641 2
    endloop
  endfacet
  facet normal 0 0 -1
    outer loop
      vertex 45 -45 2
      vertex 33.94739213909615 22.285838267670776 2
      vertex 34.170342371770204 23.1759054891492 2
    endloop
  endfacet
  facet normal 0 0 -1
    outer loop
      vertex 45 -45 2
      vertex 34.170342371770204 23.1759054891492 2
      vertex 34.30497719438504 24.08353973791861 2
    endloop
  endfacet
  facet normal 0 0 -1
    outer loop
      vertex 45 -45 2
      vertex 34.30497719438504 24.08353973791861 2
      vertex 34.35 25 2
    endloop
  endfacet
  facet normal 0 0 -1
    outer loop
      vertex 45 -45 2
      vertex 34.35 25 2
      vertex 45 45 2
    endloop
  endfacet
  facet normal 0.24298017990326332 0.9700312531945442 0
    outer loop
      vertex 22.285838267670776 16.052607860903848 2
      vertex 22.285838267670776 16.052607860903848 7
      vertex 23.1759054891492 15.829657628229796 2
    endloop
  endfacet
  facet normal 0.1467304744553623 0.9891765099647808 0
    outer loop
      vertex 23.1759054891492 15.829657628229796 2
      vertex 23.1759054891492 15.829657628229796 7
      vertex 24.08353973791861 15.69502280561496 2
    endloop
  endfacet
  facet normal 0.04906767432741805 0.9987954562051723 0
    outer loop
      vertex 24.08353973791861 15.69502280561496 2
      vertex 24.08353973791861 15.69502280561496 7
      vertex 25 15.65 2
    endloop
  endfacet
  facet normal -0.04906767432741805 0.9987954562051723 0
    outer loop
      vertex 25 15.65 2
      vertex 25 15.65 7
      vertex 25.91646026208139 15.69502280561496 2
    endloop
  endfacet
  facet normal -0.1467304744553623 0.9891765099647808 0
    outer loop
      vertex 25.91646026208139 15.69502280561496 2
      vertex 25.91646026208139 15.69502280561496 7
      vertex 26.8240945108508 15.829657628229796 2
    endloop
  endfacet
  facet normal -0.24298017990326332 0.9700312531945442 0
    outer loop
      vertex 26.8240945108508 15.829657628229796 2
      vertex 26.8240945108508 15.829657628229796 7
      vertex 27.714161732329224 16.052607860903848 2
    endloop
  endfacet
  facet normal -0.3368898533922192 0.941544065183021 0
    outer loop
      vertex 27.714161732329224 16.052607860903848 2
      vertex 27.714161732329224 16.052607860903848 7
      vertex 28.57809009261359 16.36172637101947 2
    endloop
  endfacet
  facet normal -0.42755509343028164 0.9039892931234436 0
    outer loop
      vertex 28.57809009261359 16.36172637101947 2
      vertex 28.57809009261359 16.36172637101947 7
      vertex 29.407559489323077 16.75403617834288 2
    endloop
  endfacet
  facet normal -0.5141027441932228 0.8577286100002715 0
    outer loop
      vertex 29.407559489323077 16.75403617834288 2
      vertex 29.407559489323077 16.75403617834288 7
      vertex 30.19458167873328 17.2257591249712 2
    endloop
  endfacet
  facet normal -0.5956993044924316 0.8032075314806463 0
    outer loop
      vertex 30.19458167873328 17.2257591249712 2
      vertex 30.19458167873328 17.2257591249712 7
      vertex 30.931577206930086 17.77235226105841 2
    endloop
  endfacet
  facet normal -0.6715589548470202 0.7409511253549576 0
    outer loop
      vertex 30.931577206930086 17.77235226105841 2
      vertex 30.931577206930086 17.77235226105841 7
      vertex 31.61144840409422 18.38855159590578 2
    endloop
  endfacet
  facet normal -0.7409511253549576 0.6715589548470202 0
    outer loop
      vertex 31.61144840409422 18.38855159590578 2
      vertex 31.61144840409422 18.38855159590578 7
      vertex 32.22764773894159 19.068422793069914 2
    endloop
  endfacet
  facet normal -0.8032075314806482 0.595699304492429 0
    outer loop
      vertex 32.774240875028795 19.80541832126672 2
      vertex 32.22764773894159 19.068422793069914 2
      vertex 32.22764773894159 19.068422793069914 7
    endloop
  endfacet
  facet normal -0.8577286100002698 0.5141027441932255 0
    outer loop
      vertex 33.24596382165712 20.592440510676923 2
      vertex 32.774240875028795 19.80541832126672 2
      vertex 32.774240875028795 19.80541832126672 7
    endloop
  endfacet
  facet normal -0.9039892931234451 0.42755509343027853 0
    outer loop
      vertex 33.63827362898053 21.42190990738641 2
      vertex 33.24596382165712 20.592440510676923 2
      vertex 33.24596382165712 20.592440510676923 7
    endloop
  endfacet
  facet normal -0.9415440651830197 0.33688985339222266 0
    outer loop
      vertex 33.94739213909615 22.285838267670776 2
      vertex 33.63827362898053 21.42190990738641 2
      vertex 33.63827362898053 21.42190990738641 7
    endloop
  endfacet
  facet normal 0 0 -1
    outer loop
      vertex 45 45 2
      vertex 25.91646026208139 34.30497719438504 2
      vertex 25 34.35 2
    endloop
  endfacet
  facet normal 0 0 -1
    outer loop
      vertex 45 45 2
      vertex 26.8240945108508 34.170342371770204 2
      vertex 25.91646026208139 34.30497719438504 2
    endloop
  endfacet
  facet normal 0 0 -1
    outer loop
      vertex 45 45 2
      vertex 27.714161732329224 33.94739213909615 2
      vertex 26.8240945108508 34.170342371770204 2
    endloop
  endfacet
  facet normal 0 0 -1
    outer loop
      vertex 45 45 2
      vertex 34.35 25 2
      vertex 34.30497719438504 25.91646026208139 2
    endloop
  endfacet
  facet normal 0 0 -1
    outer loop
      vertex 45 45 2
      vertex 34.30497719438504 25.91646026208139 2
      vertex 34.170342371770204 26.8240945108508 2
    endloop
  endfacet
  facet normal 0 0 -1
    outer loop
      vertex 45 45 2
      vertex 34.170342371770204 26.8240945108508 2
      vertex 33.94739213909615 27.714161732329224 2
    endloop
  endfacet
  facet normal 0 0 -1
    outer loop
      vertex 45 45 2
      vertex 31.61144840409422 31.61144840409422 2
      vertex 30.931577206930086 32.22764773894159 2
    endloop
  endfacet
  facet normal 0 0 -1
    outer loop
      vertex 45 45 2
      vertex 32.22764773894159 30.931577206930086 2
      vertex 31.61144840409422 31.61144840409422 2
    endloop
  endfacet
  facet normal 0 0 -1
    outer loop
      vertex 45 45 2
      vertex 28.57809009261359 33.63827362898053 2
      vertex 27.714161732329224 33.94739213909615 2
    endloop
  endfacet
  facet normal 0 0 -1
    outer loop
      vertex 45 45 2
      vertex 29.407559489323077 33.24596382165712 2
      vertex 28.57809009261359 33.63827362898053 2
    endloop
  endfacet
  facet normal 0 0 -1
    outer loop
      vertex 45 45 2
      vertex 30.19458167873328 32.774240875028795 2
      vertex 29.407559489323077 33.24596382165712 2
    endloop
  endfacet
  facet normal 0 0 -1
    outer loop
      vertex 45 45 2
      vertex 30.931577206930086 32.22764773894159 2
      vertex 30.19458167873328 32.774240875028795 2
    endloop
  endfacet
  facet normal 0 0 -1
    outer loop
      vertex 45 45 2
      vertex 33.24596382165712 29.407559489323077 2
      vertex 32.774240875028795 30.19458167873328 2
    endloop
  endfacet
  facet normal 0 0 -1
    outer loop
      vertex 45 45 2
      vertex 33.94739213909615 27.714161732329224 2
      vertex 33.63827362898053 28.57809009261359 2
    endloop
  endfacet
  facet normal 0 0 -1
    outer loop
      vertex 45 45 2
      vertex 33.63827362898053 28.57809009261359 2
      vertex 33.24596382165712 29.407559489323077 2
    endloop
  endfacet
  facet normal 0 0 -1
    outer loop
      vertex 45 45 2
      vertex 32.774240875028795 30.19458167873328 2
      vertex 32.22764773894159 30.931577206930086 2
    endloop
  endfacet
  facet normal -0.33688985339222266 -0.9415440651830197 0
    outer loop
      vertex 28.57809009261359 33.63827362898053 2
      vertex 28.57809009261359 33.63827362898053 7
      vertex 27.714161732329224 33.94739213909615 2
    endloop
  endfacet
  facet normal -0.42755509343027853 -0.9039892931234451 0
    outer loop
      vertex 29.407559489323077 33.24596382165712 2
      vertex 29.407559489323077 33.24596382165712 7
      vertex 28.57809009261359 33.63827362898053 2
    endloop
  endfacet
  facet normal -0.5141027441932255 -0.8577286100002698 0
    outer loop
      vertex 30.19458167873328 32.774240875028795 2
      vertex 30.19458167873328 32.774240875028795 7
      vertex 29.407559489323077 33.24596382165712 2
    endloop
  endfacet
  facet normal -0.595699304492429 -0.8032075314806482 0
    outer loop
      vertex 30.931577206930086 32.22764773894159 2
      vertex 30.931577206930086 32.22764773894159 7
      vertex 30.19458167873328 32.774240875028795 2
    endloop
  endfacet
  facet normal -0.9039892931234451 -0.42755509343027853 0
    outer loop
      vertex 33.24596382165712 29.407559489323077 2
      vertex 33.63827362898053 28.57809009261359 2
      vertex 33.63827362898053 28.57809009261359 7
    endloop
  endfacet
  facet normal -0.8032075314806482 -0.595699304492429 0
    outer loop
      vertex 32.22764773894159 30.931577206930086 2
      vertex 32.774240875028795 30.19458167873328 2
      vertex 32.774240875028795 30.19458167873328 7
    endloop
  endfacet
  facet normal -0.8577286100002698 -0.5141027441932255 0
    outer loop
      vertex 32.774240875028795 30.19458167873328 2
      vertex 33.24596382165712 29.407559489323077 2
      vertex 33.24596382165712 29.407559489323077 7
    endloop
  endfacet
  facet normal -0.6715589548470202 -0.7409511253549576 0
    outer loop
      vertex 30.931577206930086 32.22764773894159 2
      vertex 31.61144840409422 31.61144840409422 2
      vertex 31.61144840409422 31.61144840409422 7
    endloop
  endfacet
  facet normal -0.7409511253549576 -0.6715589548470202 0
    outer loop
      vertex 31.61144840409422 31.61144840409422 2
      vertex 32.22764773894159 30.931577206930086 2
      vertex 32.22764773894159 30.931577206930086 7
    endloop
  endfacet
  facet normal 0.24298017990326332 -0.9700312531945442 0
    outer loop
      vertex 23.1759054891492 34.170342371770204 2
      vertex 23.1759054891492 34.170342371770204 7
      vertex 22.285838267670776 33.94739213909615 2
    endloop
  endfacet
  facet normal 0.14673047445536042 -0.9891765099647811 0
    outer loop
      vertex 24.08353973791861 34.30497719438504 2
      vertex 24.08353973791861 34.30497719438504 7
      vertex 23.1759054891492 34.170342371770204 2
    endloop
  endfacet
  facet normal 0.049067674327421915 -0.9987954562051721 0
    outer loop
      vertex 25 34.35 2
      vertex 25 34.35 7
      vertex 24.08353973791861 34.30497719438504 2
    endloop
  endfacet
  facet normal -0.049067674327421915 -0.9987954562051721 0
    outer loop
      vertex 25.91646026208139 34.30497719438504 2
      vertex 25.91646026208139 34.30497719438504 7
      vertex 25 34.35 2
    endloop
  endfacet
  facet normal -0.14673047445536042 -0.9891765099647811 0
    outer loop
      vertex 26.8240945108508 34.170342371770204 2
      vertex 26.8240945108508 34.170342371770204 7
      vertex 25.91646026208139 34.30497719438504 2
    endloop
  endfacet
  facet normal -0.24298017990326332 -0.9700312531945442 0
    outer loop
      vertex 27.714161732329224 33.94739213909615 2
      vertex 27.714161732329224 33.94739213909615 7
      vertex 26.8240945108508 34.170342371770204 2
    endloop
  endfacet
  facet normal -0.9700312531945442 0.24298017990326332 0
    outer loop
      vertex 34.170342371770204 23.1759054891492 2
      vertex 33.94739213909615 22.285838267670776 2
      vertex 33.94739213909615 22.285838267670776 7
    endloop
  endfacet
  facet normal -0.9891765099647811 0.14673047445536042 0
    outer loop
      vertex 34.30497719438504 24.08353973791861 2
      vertex 34.170342371770204 23.1759054891492 2
      vertex 34.170342371770204 23.1759054891492 7
    endloop
  endfacet
  facet normal -0.9987954562051721 0.049067674327421915 0
    outer loop
      vertex 34.35 25 2
      vertex 34.30497719438504 24.08353973791861 2
      vertex 34.30497719438504 24.08353973791861 7
    endloop
  endfacet
  facet normal -0.9987954562051721 -0.049067674327421915 0
    outer loop
      vertex 34.30497719438504 25.91646026208139 2
      vertex 34.35 25 2
      vertex 34.35 25 7
    endloop
  endfacet
  facet normal -0.9891765099647811 -0.14673047445536042 0
    outer loop
      vertex 34.170342371770204 26.8240945108508 2
      vertex 34.30497719438504 25.91646026208139 2
      vertex 34.30497719438504 25.91646026208139 7
    endloop
  endfacet
  facet normal -0.9700312531945442 -0.24298017990326332 0
    outer loop
      vertex 33.94739213909615 27.714161732329224 2
      vertex 34.170342371770204 26.8240945108508 2
      vertex 34.170342371770204 26.8240945108508 7
    endloop
  endfacet
  facet normal -0.9415440651830197 -0.33688985339222266 0
    outer loop
      vertex 33.63827362898053 28.57809009261359 2
      vertex 33.94739213909615 27.714161732329224 2
      vertex 33.94739213909615 27.714161732329224 7
    endloop
  endfacet
  facet normal -0.049067674327417134 -0.9987954562051724 0
    outer loop
      vertex 0 2.5 2
      vertex 0.2450428508239015 2.4879618166804924 7
      vertex 0 2.5 7
    endloop
  endfacet
  facet normal -0.14673047445536283 -0.9891765099647808 0
    outer loop
      vertex 0.2450428508239015 2.4879618166804924 2
      vertex 0.4877258050403206 2.451963201008076 7
      vertex 0.2450428508239015 2.4879618166804924 7
    endloop
  endfacet
  facet normal -0.2429801799032646 -0.9700312531945439 0
    outer loop
      vertex 0.4877258050403206 2.451963201008076 2
      vertex 0.7257116931361558 2.392350839330522 7
      vertex 0.4877258050403206 2.451963201008076 7
    endloop
  endfacet
  facet normal -0.33688985339221883 -0.9415440651830213 0
    outer loop
      vertex 0.7257116931361558 2.392350839330522 2
      vertex 0.9567085809127245 2.309698831278217 7
      vertex 0.7257116931361558 2.392350839330522 7
    endloop
  endfacet
  facet normal -0.4275550934302817 -0.9039892931234436 0
    outer loop
      vertex 0.9567085809127245 2.309698831278217 2
      vertex 1.1784918420649941 2.204803160870888 7
      vertex 0.9567085809127245 2.309698831278217 7
    endloop
  endfacet
  facet normal -0.5141027441932224 -0.8577286100002717 0
    outer loop
      vertex 1.1784918420649941 2.204803160870888 2
      vertex 1.3889255825490054 2.078674030756363 7
      vertex 1.1784918420649941 2.204803160870888 7
    endloop
  endfacet
  facet normal -0.9700312531945439 -0.2429801799032646 0
    outer loop
      vertex 2.392350839330522 0.7257116931361558 2
      vertex 2.451963201008076 0.4877258050403206 7
      vertex 2.392350839330522 0.7257116931361558 7
    endloop
  endfacet
  facet normal -0.9987954562051724 -0.049067674327417134 0
    outer loop
      vertex 2.4879618166804924 0.2450428508239015 2
      vertex 2.5 0 7
      vertex 2.4879618166804924 0.2450428508239015 7
    endloop
  endfacet
  facet normal -0.9891765099647808 -0.14673047445536283 0
    outer loop
      vertex 2.451963201008076 0.4877258050403206 2
      vertex 2.4879618166804924 0.2450428508239015 7
      vertex 2.451963201008076 0.4877258050403206 7
    endloop
  endfacet
  facet normal -0.9415440651830213 -0.33688985339221883 0
    outer loop
      vertex 2.309698831278217 0.9567085809127245 2
      vertex 2.392350839330522 0.7257116931361558 7
      vertex 2.309698831278217 0.9567085809127245 7
    endloop
  endfacet
  facet normal -0.9039892931234436 -0.4275550934302817 0
    outer loop
      vertex 2.204803160870888 1.1784918420649941 2
      vertex 2.309698831278217 0.9567085809127245 7
      vertex 2.204803160870888 1.1784918420649941 7
    endloop
  endfacet
  facet normal -0.8577286100002717 -0.5141027441932224 0
    outer loop
      vertex 2.078674030756363 1.3889255825490054 2
      vertex 2.204803160870888 1.1784918420649941 7
      vertex 2.078674030756363 1.3889255825490054 7
    endloop
  endfacet
  facet normal -0.595699304492433 -0.803207531480645 0
    outer loop
      vertex 1.3889255825490054 2.078674030756363 2
      vertex 1.5859832104091138 1.9325261334068424 7
      vertex 1.3889255825490054 2.078674030756363 7
    endloop
  endfacet
  facet normal -0.6715589548470183 -0.7409511253549591 0
    outer loop
      vertex 1.5859832104091138 1.9325261334068424 2
      vertex 1.7677669529663689 1.7677669529663689 7
      vertex 1.5859832104091138 1.9325261334068424 7
    endloop
  endfacet
  facet normal -0.7409511253549591 -0.6715589548470183 0
    outer loop
      vertex 1.7677669529663689 1.7677669529663689 2
      vertex 1.9325261334068424 1.5859832104091138 7
      vertex 1.7677669529663689 1.7677669529663689 7
    endloop
  endfacet
  facet normal -0.803207531480645 -0.595699304492433 0
    outer loop
      vertex 1.9325261334068424 1.5859832104091138 2
      vertex 2.078674030756363 1.3889255825490054 7
      vertex 1.9325261334068424 1.5859832104091138 7
    endloop
  endfacet
  facet normal 0.9039892931234436 0.42755509343028164 0
    outer loop
      vertex 16.75403617834288 20.592440510676923 2
      vertex 16.36172637101947 21.42190990738641 7
      vertex 16.75403617834288 20.592440510676923 7
    endloop
  endfacet
  facet normal 0.941544065183021 0.3368898533922192 0
    outer loop
      vertex 16.36172637101947 21.42190990738641 2
      vertex 16.052607860903848 22.285838267670776 7
      vertex 16.36172637101947 21.42190990738641 7
    endloop
  endfacet
  facet normal 0.42755509343028164 0.9039892931234436 0
    outer loop
      vertex 21.42190990738641 16.36172637101947 2
      vertex 20.592440510676923 16.75403617834288 7
      vertex 21.42190990738641 16.36172637101947 7
    endloop
  endfacet
  facet normal 0.3368898533922192 0.941544065183021 0
    outer loop
      vertex 22.285838267670776 16.052607860903848 2
      vertex 21.42190990738641 16.36172637101947 7
      vertex 22.285838267670776 16.052607860903848 7
    endloop
  endfacet
  facet normal 0.7409511253549576 0.6715589548470202 0
    outer loop
      vertex 18.38855159590578 18.38855159590578 2
      vertex 17.77235226105841 19.068422793069914 7
      vertex 18.38855159590578 18.38855159590578 7
    endloop
  endfacet
  facet normal 0.8032075314806463 0.5956993044924316 0
    outer loop
      vertex 17.77235226105841 19.068422793069914 2
      vertex 17.2257591249712 19.80541832126672 7
      vertex 17.77235226105841 19.068422793069914 7
    endloop
  endfacet
  facet normal 0.6715589548470202 0.7409511253549576 0
    outer loop
      vertex 19.068422793069914 17.77235226105841 2
      vertex 18.38855159590578 18.38855159590578 7
      vertex 19.068422793069914 17.77235226105841 7
    endloop
  endfacet
  facet normal 0.5956993044924316 0.8032075314806463 0
    outer loop
      vertex 19.80541832126672 17.2257591249712 2
      vertex 19.068422793069914 17.77235226105841 7
      vertex 19.80541832126672 17.2257591249712 7
    endloop
  endfacet
  facet normal 0.8577286100002715 0.5141027441932228 0
    outer loop
      vertex 17.2257591249712 19.80541832126672 2
      vertex 16.75403617834288 20.592440510676923 7
      vertex 17.2257591249712 19.80541832126672 7
    endloop
  endfacet
  facet normal 0.5141027441932228 0.8577286100002715 0
    outer loop
      vertex 20.592440510676923 16.75403617834288 2
      vertex 19.80541832126672 17.2257591249712 7
      vertex 20.592440510676923 16.75403617834288 7
    endloop
  endfacet
  facet normal 0 0 1
    outer loop
      vertex 1.3889255825490054 2.078674030756363 7
      vertex 1.5859832104091138 1.9325261334068424 7
      vertex 17.77235226105841 19.068422793069914 7
    endloop
  endfacet
  facet normal 0 0 1
    outer loop
      vertex 1.1784918420649941 2.204803160870888 7
      vertex 1.3889255825490054 2.078674030756363 7
      vertex 17.2257591249712 19.80541832126672 7
    endloop
  endfacet
  facet normal 0 0 1
    outer loop
      vertex 2.204803160870888 1.1784918420649941 7
      vertex 19.068422793069914 17.77235226105841 7
      vertex 2.078674030756363 1.3889255825490054 7
    endloop
  endfacet
  facet normal 0 0 1
    outer loop
      vertex 1.9325261334068424 1.5859832104091138 7
      vertex 18.38855159590578 18.38855159590578 7
      vertex 1.7677669529663689 1.7677669529663689 7
    endloop
  endfacet
  facet normal 0 0 1
    outer loop
      vertex 1.5859832104091138 1.9325261334068424 7
      vertex 1.7677669529663689 1.7677669529663689 7
      vertex 17.77235226105841 19.068422793069914 7
    endloop
  endfacet
  facet normal 0 0 1
    outer loop
      vertex 2.078674030756363 1.3889255825490054 7
      vertex 18.38855159590578 18.38855159590578 7
      vertex 1.9325261334068424 1.5859832104091138 7
    endloop
  endfacet
  facet normal 0 0 1
    outer loop
      vertex -15.69502280561496 25.91646026208139 7
      vertex 1.1784918420649941 2.204803160870888 7
      vertex 17.2257591249712 19.80541832126672 7
    endloop
  endfacet
  facet normal 0 0 1
    outer loop
      vertex -15.69502280561496 25.91646026208139 7
      vertex 17.2257591249712 19.80541832126672 7
      vertex 16.75403617834288 20.592440510676923 7
    endloop
  endfacet
  facet normal 0 0 1
    outer loop
      vertex 22.285838267670776 16.052607860903848 7
      vertex 21.42190990738641 16.36172637101947 7
      vertex 2.204803160870888 1.1784918420649941 7
    endloop
  endfacet
  facet normal 0 0 1
    outer loop
      vertex 23.1759054891492 15.829657628229796 7
      vertex 22.285838267670776 16.052607860903848 7
      vertex 2.204803160870888 1.1784918420649941 7
    endloop
  endfacet
  facet normal 0 0 1
    outer loop
      vertex 26.8240945108508 -15.829657628229796 7
      vertex 23.1759054891492 15.829657628229796 7
      vertex 2.204803160870888 1.1784918420649941 7
    endloop
  endfacet
  facet normal 0 0 1
    outer loop
      vertex 17.77235226105841 19.068422793069914 7
      vertex 1.7677669529663689 1.7677669529663689 7
      vertex 18.38855159590578 18.38855159590578 7
    endloop
  endfacet
  facet normal 0 0 1
    outer loop
      vertex 1.3889255825490054 2.078674030756363 7
      vertex 17.77235226105841 19.068422793069914 7
      vertex 17.2257591249712 19.80541832126672 7
    endloop
  endfacet
  facet normal 0 0 1
    outer loop
      vertex 2.078674030756363 1.3889255825490054 7
      vertex 19.068422793069914 17.77235226105841 7
      vertex 18.38855159590578 18.38855159590578 7
    endloop
  endfacet
  facet normal 0 0 1
    outer loop
      vertex 19.80541832126672 17.2257591249712 7
      vertex 19.068422793069914 17.77235226105841 7
      vertex 2.204803160870888 1.1784918420649941 7
    endloop
  endfacet
  facet normal 0 0 1
    outer loop
      vertex 20.592440510676923 16.75403617834288 7
      vertex 19.80541832126672 17.2257591249712 7
      vertex 2.204803160870888 1.1784918420649941 7
    endloop
  endfacet
  facet normal 0 0 1
    outer loop
      vertex 21.42190990738641 16.36172637101947 7
      vertex 20.592440510676923 16.75403617834288 7
      vertex 2.204803160870888 1.1784918420649941 7
    endloop
  endfacet
  facet normal 0.9700312531945442 0.24298017990326332 0
    outer loop
      vertex 16.052607860903848 22.285838267670776 2
      vertex 15.829657628229796 23.1759054891492 7
      vertex 16.052607860903848 22.285838267670776 7
    endloop
  endfacet
  facet normal 0.9891765099647808 0.1467304744553623 0
    outer loop
      vertex 15.829657628229796 23.1759054891492 2
      vertex 15.69502280561496 24.08353973791861 7
      vertex 15.829657628229796 23.1759054891492 7
    endloop
  endfacet
  facet normal 0.9987954562051723 0.04906767432741805 0
    outer loop
      vertex 15.69502280561496 24.08353973791861 2
      vertex 15.65 25 7
      vertex 15.69502280561496 24.08353973791861 7
    endloop
  endfacet
  facet normal 0.9987954562051723 -0.04906767432741805 0
    outer loop
      vertex 15.65 25 2
      vertex 15.69502280561496 25.91646026208139 7
      vertex 15.65 25 7
    endloop
  endfacet
  facet normal 0.9891765099647808 -0.1467304744553623 0
    outer loop
      vertex 15.69502280561496 25.91646026208139 2
      vertex 15.829657628229796 26.8240945108508 7
      vertex 15.69502280561496 25.91646026208139 7
    endloop
  endfacet
  facet normal 0.9700312531945442 -0.24298017990326332 0
    outer loop
      vertex 15.829657628229796 26.8240945108508 2
      vertex 16.052607860903848 27.714161732329224 7
      vertex 15.829657628229796 26.8240945108508 7
    endloop
  endfacet
  facet normal 0.941544065183021 -0.3368898533922192 0
    outer loop
      vertex 16.052607860903848 27.714161732329224 2
      vertex 16.36172637101947 28.57809009261359 7
      vertex 16.052607860903848 27.714161732329224 7
    endloop
  endfacet
  facet normal 0.9039892931234436 -0.42755509343028164 0
    outer loop
      vertex 16.36172637101947 28.57809009261359 2
      vertex 16.75403617834288 29.407559489323077 7
      vertex 16.36172637101947 28.57809009261359 7
    endloop
  endfacet
  facet normal 0.8577286100002715 -0.5141027441932228 0
    outer loop
      vertex 16.75403617834288 29.407559489323077 2
      vertex 17.2257591249712 30.19458167873328 7
      vertex 16.75403617834288 29.407559489323077 7
    endloop
  endfacet
  facet normal 0.8032075314806463 -0.5956993044924316 0
    outer loop
      vertex 17.2257591249712 30.19458167873328 2
      vertex 17.77235226105841 30.931577206930086 7
      vertex 17.2257591249712 30.19458167873328 7
    endloop
  endfacet
  facet normal 0.7409511253549576 -0.6715589548470202 0
    outer loop
      vertex 17.77235226105841 30.931577206930086 2
      vertex 18.38855159590578 31.61144840409422 7
      vertex 17.77235226105841 30.931577206930086 7
    endloop
  endfacet
  facet normal 0.6715589548470202 -0.7409511253549576 0
    outer loop
      vertex 18.38855159590578 31.61144840409422 2
      vertex 19.068422793069914 32.22764773894159 7
      vertex 18.38855159590578 31.61144840409422 7
    endloop
  endfacet
  facet normal 0.595699304492429 -0.8032075314806482 0
    outer loop
      vertex 19.068422793069914 32.22764773894159 2
      vertex 19.80541832126672 32.774240875028795 7
      vertex 19.068422793069914 32.22764773894159 7
    endloop
  endfacet
  facet normal 0.5141027441932255 -0.8577286100002698 0
    outer loop
      vertex 19.80541832126672 32.774240875028795 2
      vertex 20.592440510676923 33.24596382165712 7
      vertex 19.80541832126672 32.774240875028795 7
    endloop
  endfacet
  facet normal 0.42755509343027853 -0.9039892931234451 0
    outer loop
      vertex 20.592440510676923 33.24596382165712 2
      vertex 21.42190990738641 33.63827362898053 7
      vertex 20.592440510676923 33.24596382165712 7
    endloop
  endfacet
  facet normal 0.33688985339222266 -0.9415440651830197 0
    outer loop
      vertex 21.42190990738641 33.63827362898053 2
      vertex 22.285838267670776 33.94739213909615 7
      vertex 21.42190990738641 33.63827362898053 7
    endloop
  endfacet
  facet normal 0 1 0
    outer loop
      vertex -45 45 7
      vertex 45 45 7
      vertex 45 45 2
    endloop
  endfacet
  facet normal 0 0 1
    outer loop
      vertex -15.69502280561496 25.91646026208139 7
      vertex 16.36172637101947 21.42190990738641 7
      vertex 16.052607860903848 22.285838267670776 7
    endloop
  endfacet
  facet normal 0 0 1
    outer loop
      vertex -15.69502280561496 25.91646026208139 7
      vertex 16.052607860903848 22.285838267670776 7
      vertex 15.829657628229796 23.1759054891492 7
    endloop
  endfacet
  facet normal 0 0 1
    outer loop
      vertex -15.69502280561496 25.91646026208139 7
      vertex 15.829657628229796 23.1759054891492 7
      vertex 15.69502280561496 24.08353973791861 7
    endloop
  endfacet
  facet normal 0 0 1
    outer loop
      vertex -15.69502280561496 25.91646026208139 7
      vertex 15.69502280561496 24.08353973791861 7
      vertex 15.65 25 7
    endloop
  endfacet
  facet normal 0 0 1
    outer loop
      vertex -15.69502280561496 25.91646026208139 7
      vertex 15.65 25 7
      vertex 15.69502280561496 25.91646026208139 7
    endloop
  endfacet
  facet normal 0 0 1
    outer loop
      vertex -15.69502280561496 25.91646026208139 7
      vertex 15.69502280561496 25.91646026208139 7
      vertex 15.829657628229796 26.8240945108508 7
    endloop
  endfacet
  facet normal 0 0 1
    outer loop
      vertex -15.829657628229796 26.8240945108508 7
      vertex 15.829657628229796 26.8240945108508 7
      vertex 16.052607860903848 27.714161732329224 7
    endloop
  endfacet
  facet normal 0 0 1
    outer loop
      vertex -16.052607860903848 27.714161732329224 7
      vertex 16.052607860903848 27.714161732329224 7
      vertex 16.36172637101947 28.57809009261359 7
    endloop
  endfacet
  facet normal 0 0 1
    outer loop
      vertex -16.36172637101947 28.57809009261359 7
      vertex 16.36172637101947 28.57809009261359 7
      vertex 16.75403617834288 29.407559489323077 7
    endloop
  endfacet
  facet normal 0 0 1
    outer loop
      vertex -15.69502280561496 25.91646026208139 7
      vertex 16.75403617834288 20.592440510676923 7
      vertex 16.36172637101947 21.42190990738641 7
    endloop
  endfacet
  facet normal 0 0 1
    outer loop
      vertex -16.75403617834288 29.407559489323077 7
      vertex 16.75403617834288 29.407559489323077 7
      vertex 17.2257591249712 30.19458167873328 7
    endloop
  endfacet
  facet normal 0 0 1
    outer loop
      vertex -17.2257591249712 30.19458167873328 7
      vertex 17.2257591249712 30.19458167873328 7
      vertex 17.77235226105841 30.931577206930086 7
    endloop
  endfacet
  facet normal 0 0 1
    outer loop
      vertex -17.77235226105841 30.931577206930086 7
      vertex 17.77235226105841 30.931577206930086 7
      vertex 18.38855159590578 31.61144840409422 7
    endloop
  endfacet
  facet normal 0 0 1
    outer loop
      vertex -18.38855159590578 31.61144840409422 7
      vertex 18.38855159590578 31.61144840409422 7
      vertex 19.068422793069914 32.22764773894159 7
    endloop
  endfacet
  facet normal 0 0 1
    outer loop
      vertex -19.068422793069914 32.22764773894159 7
      vertex 19.068422793069914 32.22764773894159 7
      vertex 19.80541832126672 32.774240875028795 7
    endloop
  endfacet
  facet normal 0 0 1
    outer loop
      vertex -19.80541832126672 32.774240875028795 7
      vertex 19.80541832126672 32.774240875028795 7
      vertex 20.592440510676923 33.24596382165712 7
    endloop
  endfacet
  facet normal 0 0 1
    outer loop
      vertex -20.592440510676923 33.24596382165712 7
      vertex 20.592440510676923 33.24596382165712 7
      vertex 21.42190990738641 33.63827362898053 7
    endloop
  endfacet
  facet normal 0 0 1
    outer loop
      vertex -21.42190990738641 33.63827362898053 7
      vertex 21.42190990738641 33.63827362898053 7
      vertex 22.285838267670776 33.94739213909615 7
    endloop
  endfacet
  facet normal 0 0 1
    outer loop
      vertex -22.285838267670776 33.94739213909615 7
      vertex 22.285838267670776 33.94739213909615 7
      vertex 23.1759054891492 34.170342371770204 7
    endloop
  endfacet
  facet normal 0 0 1
    outer loop
      vertex -23.1759054891492 34.170342371770204 7
      vertex 23.1759054891492 34.170342371770204 7
      vertex 24.08353973791861 34.30497719438504 7
    endloop
  endfacet
  facet normal 0 0 1
    outer loop
      vertex -24.08353973791861 34.30497719438504 7
      vertex 24.08353973791861 34.30497719438504 7
      vertex 25 34.35 7
    endloop
  endfacet
  facet normal 0 0 1
    outer loop
      vertex 45 45 7
      vertex -25 34.35 7
      vertex 25 34.35 7
    endloop
  endfacet
  facet normal 0.24298017990326332 0.9700312531945442 0
    outer loop
      vertex 23.1759054891492 15.829657628229796 2
      vertex 22.285838267670776 16.052607860903848 7
      vertex 23.1759054891492 15.829657628229796 7
    endloop
  endfacet
  facet normal 0.1467304744553623 0.9891765099647808 0
    outer loop
      vertex 24.08353973791861 15.69502280561496 2
      vertex 23.1759054891492 15.829657628229796 7
      vertex 24.08353973791861 15.69502280561496 7
    endloop
  endfacet
  facet normal 0.04906767432741805 0.9987954562051723 0
    outer loop
      vertex 25 15.65 2
      vertex 24.08353973791861 15.69502280561496 7
      vertex 25 15.65 7
    endloop
  endfacet
  facet normal -0.04906767432741805 0.9987954562051723 0
    outer loop
      vertex 25.91646026208139 15.69502280561496 2
      vertex 25 15.65 7
      vertex 25.91646026208139 15.69502280561496 7
    endloop
  endfacet
  facet normal -0.1467304744553623 0.9891765099647808 0
    outer loop
      vertex 26.8240945108508 15.829657628229796 2
      vertex 25.91646026208139 15.69502280561496 7
      vertex 26.8240945108508 15.829657628229796 7
    endloop
  endfacet
  facet normal -0.24298017990326332 0.9700312531945442 0
    outer loop
      vertex 27.714161732329224 16.052607860903848 2
      vertex 26.8240945108508 15.829657628229796 7
      vertex 27.714161732329224 16.052607860903848 7
    endloop
  endfacet
  facet normal -0.3368898533922192 0.941544065183021 0
    outer loop
      vertex 28.57809009261359 16.36172637101947 2
      vertex 27.714161732329224 16.052607860903848 7
      vertex 28.57809009261359 16.36172637101947 7
    endloop
  endfacet
  facet normal -0.42755509343028164 0.9039892931234436 0
    outer loop
      vertex 29.407559489323077 16.75403617834288 2
      vertex 28.57809009261359 16.36172637101947 7
      vertex 29.407559489323077 16.75403617834288 7
    endloop
  endfacet
  facet normal -0.5141027441932228 0.8577286100002715 0
    outer loop
      vertex 30.19458167873328 17.2257591249712 2
      vertex 29.407559489323077 16.75403617834288 7
      vertex 30.19458167873328 17.2257591249712 7
    endloop
  endfacet
  facet normal -0.5956993044924316 0.8032075314806463 0
    outer loop
      vertex 30.931577206930086 17.77235226105841 2
      vertex 30.19458167873328 17.2257591249712 7
      vertex 30.931577206930086 17.77235226105841 7
    endloop
  endfacet
  facet normal -0.6715589548470202 0.7409511253549576 0
    outer loop
      vertex 31.61144840409422 18.38855159590578 2
      vertex 30.931577206930086 17.77235226105841 7
      vertex 31.61144840409422 18.38855159590578 7
    endloop
  endfacet
  facet normal -0.7409511253549576 0.6715589548470202 0
    outer loop
      vertex 32.22764773894159 19.068422793069914 2
      vertex 31.61144840409422 18.38855159590578 7
      vertex 32.22764773894159 19.068422793069914 7
    endloop
  endfacet
  facet normal -0.8032075314806482 0.595699304492429 0
    outer loop
      vertex 32.774240875028795 19.80541832126672 2
      vertex 32.22764773894159 19.068422793069914 7
      vertex 32.774240875028795 19.80541832126672 7
    endloop
  endfacet
  facet normal -0.8577286100002698 0.5141027441932255 0
    outer loop
      vertex 33.24596382165712 20.592440510676923 2
      vertex 32.774240875028795 19.80541832126672 7
      vertex 33.24596382165712 20.592440510676923 7
    endloop
  endfacet
  facet normal -0.9039892931234451 0.42755509343027853 0
    outer loop
      vertex 33.63827362898053 21.42190990738641 2
      vertex 33.24596382165712 20.592440510676923 7
      vertex 33.63827362898053 21.42190990738641 7
    endloop
  endfacet
  facet normal -0.9415440651830197 0.33688985339222266 0
    outer loop
      vertex 33.94739213909615 22.285838267670776 2
      vertex 33.63827362898053 21.42190990738641 7
      vertex 33.94739213909615 22.285838267670776 7
    endloop
  endfacet
  facet normal 1 0 0
    outer loop
      vertex 45 -45 7
      vertex 45 45 2
      vertex 45 45 7
    endloop
  endfacet
  facet normal 0 0 1
    outer loop
      vertex 26.8240945108508 -15.829657628229796 7
      vertex 24.08353973791861 15.69502280561496 7
      vertex 23.1759054891492 15.829657628229796 7
    endloop
  endfacet
  facet normal 0 0 1
    outer loop
      vertex 26.8240945108508 -15.829657628229796 7
      vertex 25 15.65 7
      vertex 24.08353973791861 15.69502280561496 7
    endloop
  endfacet
  facet normal 0 0 1
    outer loop
      vertex 26.8240945108508 -15.829657628229796 7
      vertex 25.91646026208139 15.69502280561496 7
      vertex 25 15.65 7
    endloop
  endfacet
  facet normal 0 0 1
    outer loop
      vertex 26.8240945108508 -15.829657628229796 7
      vertex 26.8240945108508 15.829657628229796 7
      vertex 25.91646026208139 15.69502280561496 7
    endloop
  endfacet
  facet normal 0 0 1
    outer loop
      vertex 27.714161732329224 -16.052607860903848 7
      vertex 27.714161732329224 16.052607860903848 7
      vertex 26.8240945108508 15.829657628229796 7
    endloop
  endfacet
  facet normal 0 0 1
    outer loop
      vertex 28.57809009261359 -16.36172637101947 7
      vertex 28.57809009261359 16.36172637101947 7
      vertex 27.714161732329224 16.052607860903848 7
    endloop
  endfacet
  facet normal 0 0 1
    outer loop
      vertex 29.407559489323077 -16.75403617834288 7
      vertex 29.407559489323077 16.75403617834288 7
      vertex 28.57809009261359 16.36172637101947 7
    endloop
  endfacet
  facet normal 0 0 1
    outer loop
      vertex 30.19458167873328 -17.2257591249712 7
      vertex 30.19458167873328 17.2257591249712 7
      vertex 29.407559489323077 16.75403617834288 7
    endloop
  endfacet
  facet normal 0 0 1
    outer loop
      vertex 30.931577206930086 -17.77235226105841 7
      vertex 30.931577206930086 17.77235226105841 7
      vertex 30.19458167873328 17.2257591249712 7
    endloop
  endfacet
  facet normal 0 0 1
    outer loop
      vertex 31.61144840409422 -18.38855159590578 7
      vertex 31.61144840409422 18.38855159590578 7
      vertex 30.931577206930086 17.77235226105841 7
    endloop
  endfacet
  facet normal 0 0 1
    outer loop
      vertex 32.22764773894159 -19.068422793069914 7
      vertex 32.22764773894159 19.068422793069914 7
      vertex 31.61144840409422 18.38855159590578 7
    endloop
  endfacet
  facet normal 0 0 1
    outer loop
      vertex 32.774240875028795 -19.80541832126672 7
      vertex 32.774240875028795 19.80541832126672 7
      vertex 32.22764773894159 19.068422793069914 7
    endloop
  endfacet
  facet normal 0 0 1
    outer loop
      vertex 33.24596382165712 -20.592440510676923 7
      vertex 33.24596382165712 20.592440510676923 7
      vertex 32.774240875028795 19.80541832126672 7
    endloop
  endfacet
  facet normal 0 0 1
    outer loop
      vertex 33.63827362898053 -21.42190990738641 7
      vertex 33.63827362898053 21.42190990738641 7
      vertex 33.24596382165712 20.592440510676923 7
    endloop
  endfacet
  facet normal 0 0 1
    outer loop
      vertex 33.94739213909615 -22.285838267670776 7
      vertex 33.94739213909615 22.285838267670776 7
      vertex 33.63827362898053 21.42190990738641 7
    endloop
  endfacet
  facet normal 0 0 1
    outer loop
      vertex 34.170342371770204 -23.1759054891492 7
      vertex 34.170342371770204 23.1759054891492 7
      vertex 33.94739213909615 22.285838267670776 7
    endloop
  endfacet
  facet normal 0 0 1
    outer loop
      vertex 34.30497719438504 -24.08353973791861 7
      vertex 34.30497719438504 24.08353973791861 7
      vertex 34.170342371770204 23.1759054891492 7
    endloop
  endfacet
  facet normal 0 0 1
    outer loop
      vertex 34.35 -25 7
      vertex 34.35 25 7
      vertex 34.30497719438504 24.08353973791861 7
    endloop
  endfacet
  facet normal 0 0 1
    outer loop
      vertex 45 -45 7
      vertex 45 45 7
      vertex 34.35 25 7
    endloop
  endfacet
  facet normal -0.42755509343027853 -0.9039892931234451 0
    outer loop
      vertex 28.57809009261359 33.63827362898053 2
      vertex 29.407559489323077 33.24596382165712 7
      vertex 28.57809009261359 33.63827362898053 7
    endloop
  endfacet
  facet normal -0.5141027441932255 -0.8577286100002698 0
    outer loop
      vertex 29.407559489323077 33.24596382165712 2
      vertex 30.19458167873328 32.774240875028795 7
      vertex 29.407559489323077 33.24596382165712 7
    endloop
  endfacet
  facet normal -0.595699304492429 -0.8032075314806482 0
    outer loop
      vertex 30.19458167873328 32.774240875028795 2
      vertex 30.931577206930086 32.22764773894159 7
      vertex 30.19458167873328 32.774240875028795 7
    endloop
  endfacet
  facet normal -0.9415440651830197 -0.33688985339222266 0
    outer loop
      vertex 33.63827362898053 28.57809009261359 2
      vertex 33.94739213909615 27.714161732329224 7
      vertex 33.63827362898053 28.57809009261359 7
    endloop
  endfacet
  facet normal -0.9039892931234451 -0.42755509343027853 0
    outer loop
      vertex 33.24596382165712 29.407559489323077 2
      vertex 33.63827362898053 28.57809009261359 7
      vertex 33.24596382165712 29.407559489323077 7
    endloop
  endfacet
  facet normal -0.8577286100002698 -0.5141027441932255 0
    outer loop
      vertex 32.774240875028795 30.19458167873328 2
      vertex 33.24596382165712 29.407559489323077 7
      vertex 32.774240875028795 30.19458167873328 7
    endloop
  endfacet
  facet normal -0.8032075314806482 -0.595699304492429 0
    outer loop
      vertex 32.22764773894159 30.931577206930086 2
      vertex 32.774240875028795 30.19458167873328 7
      vertex 32.22764773894159 30.931577206930086 7
    endloop
  endfacet
  facet normal -0.6715589548470202 -0.7409511253549576 0
    outer loop
      vertex 30.931577206930086 32.22764773894159 2
      vertex 31.61144840409422 31.61144840409422 7
      vertex 30.931577206930086 32.22764773894159 7
    endloop
  endfacet
  facet normal -0.7409511253549576 -0.6715589548470202 0
    outer loop
      vertex 31.61144840409422 31.61144840409422 2
      vertex 32.22764773894159 30.931577206930086 7
      vertex 31.61144840409422 31.61144840409422 7
    endloop
  endfacet
  facet normal 0.24298017990326332 -0.9700312531945442 0
    outer loop
      vertex 22.285838267670776 33.94739213909615 2
      vertex 23.1759054891492 34.170342371770204 7
      vertex 22.285838267670776 33.94739213909615 7
    endloop
  endfacet
  facet normal 0.14673047445536042 -0.9891765099647811 0
    outer loop
      vertex 23.1759054891492 34.170342371770204 2
      vertex 24.08353973791861 34.30497719438504 7
      vertex 23.1759054891492 34.170342371770204 7
    endloop
  endfacet
  facet normal 0.049067674327421915 -0.9987954562051721 0
    outer loop
      vertex 24.08353973791861 34.30497719438504 2
      vertex 25 34.35 7
      vertex 24.08353973791861 34.30497719438504 7
    endloop
  endfacet
  facet normal -0.049067674327421915 -0.9987954562051721 0
    outer loop
      vertex 25 34.35 2
      vertex 25.91646026208139 34.30497719438504 7
      vertex 25 34.35 7
    endloop
  endfacet
  facet normal -0.14673047445536042 -0.9891765099647811 0
    outer loop
      vertex 25.91646026208139 34.30497719438504 2
      vertex 26.8240945108508 34.170342371770204 7
      vertex 25.91646026208139 34.30497719438504 7
    endloop
  endfacet
  facet normal -0.24298017990326332 -0.9700312531945442 0
    outer loop
      vertex 26.8240945108508 34.170342371770204 2
      vertex 27.714161732329224 33.94739213909615 7
      vertex 26.8240945108508 34.170342371770204 7
    endloop
  endfacet
  facet normal -0.33688985339222266 -0.9415440651830197 0
    outer loop
      vertex 27.714161732329224 33.94739213909615 2
      vertex 28.57809009261359 33.63827362898053 7
      vertex 27.714161732329224 33.94739213909615 7
    endloop
  endfacet
  facet normal -0.9700312531945442 0.24298017990326332 0
    outer loop
      vertex 34.170342371770204 23.1759054891492 2
      vertex 33.94739213909615 22.285838267670776 7
      vertex 34.170342371770204 23.1759054891492 7
    endloop
  endfacet
  facet normal -0.9891765099647811 0.14673047445536042 0
    outer loop
      vertex 34.30497719438504 24.08353973791861 2
      vertex 34.170342371770204 23.1759054891492 7
      vertex 34.30497719438504 24.08353973791861 7
    endloop
  endfacet
  facet normal -0.9987954562051721 0.049067674327421915 0
    outer loop
      vertex 34.35 25 2
      vertex 34.30497719438504 24.08353973791861 7
      vertex 34.35 25 7
    endloop
  endfacet
  facet normal -0.9987954562051721 -0.049067674327421915 0
    outer loop
      vertex 34.30497719438504 25.91646026208139 2
      vertex 34.35 25 7
      vertex 34.30497719438504 25.91646026208139 7
    endloop
  endfacet
  facet normal -0.9891765099647811 -0.14673047445536042 0
    outer loop
      vertex 34.170342371770204 26.8240945108508 2
      vertex 34.30497719438504 25.91646026208139 7
      vertex 34.170342371770204 26.8240945108508 7
    endloop
  endfacet
  facet normal -0.9700312531945442 -0.24298017990326332 0
    outer loop
      vertex 33.94739213909615 27.714161732329224 2
      vertex 34.170342371770204 26.8240945108508 7
      vertex 33.94739213909615 27.714161732329224 7
    endloop
  endfacet
  facet normal 0 0 1
    outer loop
      vertex 45 45 7
      vertex 25 34.35 7
      vertex 25.91646026208139 34.30497719438504 7
    endloop
  endfacet
  facet normal 0 0 1
    outer loop
      vertex 45 45 7
      vertex 25.91646026208139 34.30497719438504 7
      vertex 26.8240945108508 34.170342371770204 7
    endloop
  endfacet
  facet normal 0 0 1
    outer loop
      vertex 45 45 7
      vertex 26.8240945108508 34.170342371770204 7
      vertex 27.714161732329224 33.94739213909615 7
    endloop
  endfacet
  facet normal 0 0 1
    outer loop
      vertex 45 45 7
      vertex 34.30497719438504 25.91646026208139 7
      vertex 34.35 25 7
    endloop
  endfacet
  facet normal 0 0 1
    outer loop
      vertex 45 45 7
      vertex 34.170342371770204 26.8240945108508 7
      vertex 34.30497719438504 25.91646026208139 7
    endloop
  endfacet
  facet normal 0 0 1
    outer loop
      vertex 45 45 7
      vertex 33.94739213909615 27.714161732329224 7
      vertex 34.170342371770204 26.8240945108508 7
    endloop
  endfacet
  facet normal 0 0 1
    outer loop
      vertex 45 45 7
      vertex 30.931577206930086 32.22764773894159 7
      vertex 31.61144840409422 31.61144840409422 7
    endloop
  endfacet
  facet normal 0 0 1
    outer loop
      vertex 45 45 7
      vertex 31.61144840409422 31.61144840409422 7
      vertex 32.22764773894159 30.931577206930086 7
    endloop
  endfacet
  facet normal 0 0 1
    outer loop
      vertex 45 45 7
      vertex 27.714161732329224 33.94739213909615 7
      vertex 28.57809009261359 33.63827362898053 7
    endloop
  endfacet
  facet normal 0 0 1
    outer loop
      vertex 45 45 7
      vertex 28.57809009261359 33.63827362898053 7
      vertex 29.407559489323077 33.24596382165712 7
    endloop
  endfacet
  facet normal 0 0 1
    outer loop
      vertex 45 45 7
      vertex 29.407559489323077 33.24596382165712 7
      vertex 30.19458167873328 32.774240875028795 7
    endloop
  endfacet
  facet normal 0 0 1
    outer loop
      vertex 45 45 7
      vertex 30.19458167873328 32.774240875028795 7
      vertex 30.931577206930086 32.22764773894159 7
    endloop
  endfacet
  facet normal 0 0 1
    outer loop
      vertex 45 45 7
      vertex 32.774240875028795 30.19458167873328 7
      vertex 33.24596382165712 29.407559489323077 7
    endloop
  endfacet
  facet normal 0 0 1
    outer loop
      vertex 45 45 7
      vertex 33.63827362898053 28.57809009261359 7
      vertex 33.94739213909615 27.714161732329224 7
    endloop
  endfacet
  facet normal 0 0 1
    outer loop
      vertex 45 45 7
      vertex 33.24596382165712 29.407559489323077 7
      vertex 33.63827362898053 28.57809009261359 7
    endloop
  endfacet
  facet normal 0 0 1
    outer loop
      vertex 45 45 7
      vertex 32.22764773894159 30.931577206930086 7
      vertex 32.774240875028795 30.19458167873328 7
    endloop
  endfacet
endsolid OpenSCAD_Model
