solid OpenSCAD_Model
  facet normal 0 0 -1
    outer loop
      vertex -45 -45 2
      vertex -28.285294426791634 -27.696171457695492 2
      vertex -28.005203820042826 -28.005203820042826 2
    endloop
  endfacet
  facet normal 0 0 -1
    outer loop
      vertex -45 -45 2
      vertex -28.53374585228582 -27.361173490333307 2
      vertex -28.285294426791634 -27.696171457695492 2
    endloop
  endfacet
  facet normal 0 0 -1
    outer loop
      vertex -45 -45 2
      vertex -28.74816537348051 -27.00343613151049 2
      vertex -28.53374585228582 -27.361173490333307 2
    endloop
  endfacet
  facet normal 0 0 -1
    outer loop
      vertex -45 -45 2
      vertex -28.926488013172968 -26.626404587551633 2
      vertex -28.74816537348051 -27.00343613151049 2
    endloop
  endfacet
  facet normal 0 0 -1
    outer loop
      vertex -45 -45 2
      vertex -29.066996426861888 -26.233709878331464 2
      vertex -28.926488013172968 -26.626404587551633 2
    endloop
  endfacet
  facet normal 0 0 -1
    outer loop
      vertex -45 -45 2
      vertex -29.16833744171373 -25.829133868568544 2
      vertex -29.066996426861888 -26.233709878331464 2
    endloop
  endfacet
  facet normal 0 0 -1
    outer loop
      vertex -45 -45 2
      vertex -29.229535088356837 -25.416572846400634 2
      vertex -29.16833744171373 -25.829133868568544 2
    endloop
  endfacet
  facet normal 0 0 -1
    outer loop
      vertex -45 -45 2
      vertex -29.25 -25 2
      vertex -29.229535088356837 -25.416572846400634 2
    endloop
  endfacet
  facet normal 0 0 -1
    outer loop
      vertex -45 -45 2
      vertex -29.229535088356837 -24.583427153599366 2
      vertex -29.25 -25 2
    endloop
  endfacet
  facet normal 0 0 -1
    outer loop
      vertex -45 -45 2
      vertex -29.16833744171373 -24.170866131431456 2
      vertex -29.229535088356837 -24.583427153599366 2
    endloop
  endfacet
  facet normal 0 0 -1
    outer loop
      vertex -45 -45 2
      vertex -29.066996426861888 -23.766290121668536 2
      vertex -29.16833744171373 -24.170866131431456 2
    endloop
  endfacet
  facet normal 0 0 1
    outer loop
      vertex -45 -45 5
      vertex -28.005203820042826 -28.005203820042826 5
      vertex -28.285294426791634 -27.696171457695492 5
    endloop
  endfacet
  facet normal 0 0 1
    outer loop
      vertex -45 -45 5
      vertex -28.285294426791634 -27.696171457695492 5
      vertex -28.53374585228582 -27.361173490333307 5
    endloop
  endfacet
  facet normal 0 0 1
    outer loop
      vertex -45 -45 5
      vertex -28.53374585228582 -27.361173490333307 5
      vertex -28.74816537348051 -27.00343613151049 5
    endloop
  endfacet
  facet normal 0 0 1
    outer loop
      vertex -45 -45 5
      vertex -28.74816537348051 -27.00343613151049 5
      vertex -28.926488013172968 -26.626404587551633 5
    endloop
  endfacet
  facet normal 0 0 1
    outer loop
      vertex -45 -45 5
      vertex -28.926488013172968 -26.626404587551633 5
      vertex -29.066996426861888 -26.233709878331464 5
    endloop
  endfacet
  facet normal 0 0 1
    outer loop
      vertex -45 -45 5
      vertex -29.066996426861888 -26.233709878331464 5
      vertex -29.16833744171373 -25.829133868568544 5
    endloop
  endfacet
  facet normal 0 0 1
    outer loop
      vertex -45 -45 5
      vertex -29.16833744171373 -25.829133868568544 5
      vertex -29.229535088356837 -25.416572846400634 5
    endloop
  endfacet
  facet normal 0 0 1
    outer loop
      vertex -45 -45 5
      vertex -29.229535088356837 -25.416572846400634 5
      vertex -29.25 -25 5
    endloop
  endfacet
  facet normal 0 0 1
    outer loop
      vertex -45 -45 5
      vertex -29.25 -25 5
      vertex -29.229535088356837 -24.583427153599366 5
    endloop
  endfacet
  facet normal 0 0 1
    outer loop
      vertex -45 -45 5
      vertex -29.229535088356837 -24.583427153599366 5
      vertex -29.16833744171373 -24.170866131431456 5
    endloop
  endfacet
  facet normal 0 0 1
    outer loop
      vertex -45 -45 5
      vertex -29.16833744171373 -24.170866131431456 5
      vertex -29.066996426861888 -23.766290121668536 5
    endloop
  endfacet
  facet normal 0 0 1
    outer loop
      vertex -45 -45 5
      vertex -29.066996426861888 -23.766290121668536 5
      vertex -35.58297978751266 -19.8139231270351 5
    endloop
  endfacet
  facet normal 0 0 -1
    outer loop
      vertex -45 -45 2
      vertex -29.94370061159134 -8.023390397429466 2
      vertex -29.066996426861888 -23.766290121668536 2
    endloop
  endfacet
  facet normal 0 0 1
    outer loop
      vertex -45 -45 5
      vertex -35.58297978751266 -19.8139231270351 5
      vertex -36.9449512867313 -17.140903554469997 5
    endloop
  endfacet
  facet normal 0 0 -1
    outer loop
      vertex -45 -45 2
      vertex -28.005203820042826 -28.005203820042826 2
      vertex -27.696171457695492 -28.285294426791634 2
    endloop
  endfacet
  facet normal 0 0 -1
    outer loop
      vertex -45 -45 2
      vertex -27.696171457695492 -28.285294426791634 2
      vertex -27.361173490333307 -28.53374585228582 2
    endloop
  endfacet
  facet normal 0 0 -1
    outer loop
      vertex -45 -45 2
      vertex -27.361173490333307 -28.53374585228582 2
      vertex -27.00343613151049 -28.74816537348051 2
    endloop
  endfacet
  facet normal 0 0 -1
    outer loop
      vertex -45 -45 2
      vertex -27.00343613151049 -28.74816537348051 2
      vertex -26.626404587551633 -28.926488013172968 2
    endloop
  endfacet
  facet normal 0 0 -1
    outer loop
      vertex -45 -45 2
      vertex -26.626404587551633 -28.926488013172968 2
      vertex -26.233709878331464 -29.066996426861888 2
    endloop
  endfacet
  facet normal 0 0 -1
    outer loop
      vertex -45 -45 2
      vertex -26.233709878331464 -29.066996426861888 2
      vertex -25.829133868568544 -29.16833744171373 2
    endloop
  endfacet
  facet normal 0 0 -1
    outer loop
      vertex -45 -45 2
      vertex -25.829133868568544 -29.16833744171373 2
      vertex -25.416572846400634 -29.229535088356837 2
    endloop
  endfacet
  facet normal 0 0 -1
    outer loop
      vertex -45 -45 2
      vertex -25.416572846400634 -29.229535088356837 2
      vertex -25 -29.25 2
    endloop
  endfacet
  facet normal 0 0 -1
    outer loop
      vertex -45 -45 2
      vertex -25 -29.25 2
      vertex -24.583427153599366 -29.229535088356837 2
    endloop
  endfacet
  facet normal 0 0 -1
    outer loop
      vertex -45 -45 2
      vertex -24.583427153599366 -29.229535088356837 2
      vertex -24.170866131431456 -29.16833744171373 2
    endloop
  endfacet
  facet normal 0 0 -1
    outer loop
      vertex -45 -45 2
      vertex -24.170866131431456 -29.16833744171373 2
      vertex -23.766290121668536 -29.066996426861888 2
    endloop
  endfacet
  facet normal 0 0 1
    outer loop
      vertex -45 -45 5
      vertex -27.696171457695492 -28.285294426791634 5
      vertex -28.005203820042826 -28.005203820042826 5
    endloop
  endfacet
  facet normal 0 0 1
    outer loop
      vertex -45 -45 5
      vertex -27.361173490333307 -28.53374585228582 5
      vertex -27.696171457695492 -28.285294426791634 5
    endloop
  endfacet
  facet normal 0 0 1
    outer loop
      vertex -45 -45 5
      vertex -27.00343613151049 -28.74816537348051 5
      vertex -27.361173490333307 -28.53374585228582 5
    endloop
  endfacet
  facet normal 0 0 1
    outer loop
      vertex -45 -45 5
      vertex -26.626404587551633 -28.926488013172968 5
      vertex -27.00343613151049 -28.74816537348051 5
    endloop
  endfacet
  facet normal 0 0 1
    outer loop
      vertex -45 -45 5
      vertex -26.233709878331464 -29.066996426861888 5
      vertex -26.626404587551633 -28.926488013172968 5
    endloop
  endfacet
  facet normal 0 0 1
    outer loop
      vertex -45 -45 5
      vertex -25.829133868568544 -29.16833744171373 5
      vertex -26.233709878331464 -29.066996426861888 5
    endloop
  endfacet
  facet normal 0 0 1
    outer loop
      vertex -45 -45 5
      vertex -25.416572846400634 -29.229535088356837 5
      vertex -25.829133868568544 -29.16833744171373 5
    endloop
  endfacet
  facet normal 0 0 1
    outer loop
      vertex -45 -45 5
      vertex -25 -29.25 5
      vertex -25.416572846400634 -29.229535088356837 5
    endloop
  endfacet
  facet normal 0 0 1
    outer loop
      vertex -45 -45 5
      vertex -24.583427153599366 -29.229535088356837 5
      vertex -25 -29.25 5
    endloop
  endfacet
  facet normal 0 0 1
    outer loop
      vertex -45 -45 5
      vertex -24.170866131431456 -29.16833744171373 5
      vertex -24.583427153599366 -29.229535088356837 5
    endloop
  endfacet
  facet normal 0 0 1
    outer loop
      vertex -45 -45 5
      vertex -23.766290121668536 -29.066996426861888 5
      vertex -24.170866131431456 -29.16833744171373 5
    endloop
  endfacet
  facet normal 0 0 1
    outer loop
      vertex -45 -45 5
      vertex -15.68966655584791 -27.48867051350203 5
      vertex -23.766290121668536 -29.066996426861888 5
    endloop
  endfacet
  facet normal 0 0 -1
    outer loop
      vertex -45 -45 2
      vertex -23.766290121668536 -29.066996426861888 2
      vertex -10.60262444615364 -29.130471244454384 2
    endloop
  endfacet
  facet normal 0 0 1
    outer loop
      vertex -45 -45 5
      vertex -17.140903554469997 -36.9449512867313 5
      vertex -19.8139231270351 -35.58297978751266 5
    endloop
  endfacet
  facet normal 0 0 1
    outer loop
      vertex -45 -45 5
      vertex -19.8139231270351 -35.58297978751266 5
      vertex -15.68966655584791 -27.48867051350203 5
    endloop
  endfacet
  facet normal 0.9039892931234456 0.4275550934302775 0
    outer loop
      vertex -28.74816537348051 -27.00343613151049 2
      vertex -28.926488013172968 -26.626404587551633 2
      vertex -28.926488013172968 -26.626404587551633 5
    endloop
  endfacet
  facet normal 0.7409511253549577 0.67155895484702 0
    outer loop
      vertex -28.285294426791634 -27.696171457695492 2
      vertex -28.285294426791634 -27.696171457695492 5
      vertex -28.005203820042826 -28.005203820042826 2
    endloop
  endfacet
  facet normal 0.8032075314806457 0.5956993044924324 0
    outer loop
      vertex -28.285294426791634 -27.696171457695492 2
      vertex -28.53374585228582 -27.361173490333307 2
      vertex -28.53374585228582 -27.361173490333307 5
    endloop
  endfacet
  facet normal 0.8577286100002698 0.5141027441932253 0
    outer loop
      vertex -28.53374585228582 -27.361173490333307 2
      vertex -28.74816537348051 -27.00343613151049 2
      vertex -28.74816537348051 -27.00343613151049 5
    endloop
  endfacet
  facet normal 0.9415440651830208 0.3368898533922203 0
    outer loop
      vertex -28.926488013172968 -26.626404587551633 2
      vertex -29.066996426861888 -26.233709878331464 2
      vertex -29.066996426861888 -26.233709878331464 5
    endloop
  endfacet
  facet normal 0.9891765099647816 0.14673047445535753 0
    outer loop
      vertex -29.229535088356837 -25.416572846400634 2
      vertex -29.229535088356837 -25.416572846400634 5
      vertex -29.16833744171373 -25.829133868568544 2
    endloop
  endfacet
  facet normal 0.9700312531945428 0.24298017990326878 0
    outer loop
      vertex -29.066996426861888 -26.233709878331464 2
      vertex -29.16833744171373 -25.829133868568544 2
      vertex -29.16833744171373 -25.829133868568544 5
    endloop
  endfacet
  facet normal 0.8032075314806457 0.5956993044924324 0
    outer loop
      vertex -28.285294426791634 -27.696171457695492 2
      vertex -28.53374585228582 -27.361173490333307 5
      vertex -28.285294426791634 -27.696171457695492 5
    endloop
  endfacet
  facet normal 0.8577286100002698 0.5141027441932253 0
    outer loop
      vertex -28.53374585228582 -27.361173490333307 2
      vertex -28.74816537348051 -27.00343613151049 5
      vertex -28.53374585228582 -27.361173490333307 5
    endloop
  endfacet
  facet normal 0.9039892931234456 0.4275550934302775 0
    outer loop
      vertex -28.74816537348051 -27.00343613151049 2
      vertex -28.926488013172968 -26.626404587551633 5
      vertex -28.74816537348051 -27.00343613151049 5
    endloop
  endfacet
  facet normal 0.9415440651830208 0.3368898533922203 0
    outer loop
      vertex -28.926488013172968 -26.626404587551633 2
      vertex -29.066996426861888 -26.233709878331464 5
      vertex -28.926488013172968 -26.626404587551633 5
    endloop
  endfacet
  facet normal 0.9700312531945428 0.24298017990326878 0
    outer loop
      vertex -29.066996426861888 -26.233709878331464 2
      vertex -29.16833744171373 -25.829133868568544 5
      vertex -29.066996426861888 -26.233709878331464 5
    endloop
  endfacet
  facet normal 0.9891765099647816 0.14673047445535753 0
    outer loop
      vertex -29.16833744171373 -25.829133868568544 2
      vertex -29.229535088356837 -25.416572846400634 5
      vertex -29.16833744171373 -25.829133868568544 5
    endloop
  endfacet
  facet normal 0.9987954562051724 0.04906767432741787 0
    outer loop
      vertex -29.229535088356837 -25.416572846400634 2
      vertex -29.25 -25 2
      vertex -29.25 -25 5
    endloop
  endfacet
  facet normal 0.9987954562051724 -0.04906767432741787 0
    outer loop
      vertex -29.25 -25 2
      vertex -29.229535088356837 -24.583427153599366 2
      vertex -29.229535088356837 -24.583427153599366 5
    endloop
  endfacet
  facet normal 0.9891765099647816 -0.14673047445535753 0
    outer loop
      vertex -29.229535088356837 -24.583427153599366 2
      vertex -29.16833744171373 -24.170866131431456 2
      vertex -29.16833744171373 -24.170866131431456 5
    endloop
  endfacet
  facet normal 0.9700312531945428 -0.24298017990326878 0
    outer loop
      vertex -29.16833744171373 -24.170866131431456 2
      vertex -29.066996426861888 -23.766290121668536 2
      vertex -29.066996426861888 -23.766290121668536 5
    endloop
  endfacet
  facet normal 0.9415440651830208 -0.3368898533922203 0
    outer loop
      vertex -29.066996426861888 -23.766290121668536 2
      vertex -28.926488013172968 -23.373595412448367 2
      vertex -28.926488013172968 -23.373595412448367 5
    endloop
  endfacet
  facet normal 0.9039892931234456 -0.4275550934302775 0
    outer loop
      vertex -28.926488013172968 -23.373595412448367 2
      vertex -28.74816537348051 -22.99656386848951 2
      vertex -28.74816537348051 -22.99656386848951 5
    endloop
  endfacet
  facet normal 0.8577286100002698 -0.5141027441932253 0
    outer loop
      vertex -28.74816537348051 -22.99656386848951 2
      vertex -28.53374585228582 -22.638826509666693 2
      vertex -28.53374585228582 -22.638826509666693 5
    endloop
  endfacet
  facet normal 0.9987954562051724 0.04906767432741787 0
    outer loop
      vertex -29.229535088356837 -25.416572846400634 2
      vertex -29.25 -25 5
      vertex -29.229535088356837 -25.416572846400634 5
    endloop
  endfacet
  facet normal 0.9987954562051724 -0.04906767432741787 0
    outer loop
      vertex -29.25 -25 2
      vertex -29.229535088356837 -24.583427153599366 5
      vertex -29.25 -25 5
    endloop
  endfacet
  facet normal 0.9891765099647816 -0.14673047445535753 0
    outer loop
      vertex -29.229535088356837 -24.583427153599366 2
      vertex -29.16833744171373 -24.170866131431456 5
      vertex -29.229535088356837 -24.583427153599366 5
    endloop
  endfacet
  facet normal 0.9700312531945428 -0.24298017990326878 0
    outer loop
      vertex -29.16833744171373 -24.170866131431456 2
      vertex -29.066996426861888 -23.766290121668536 5
      vertex -29.16833744171373 -24.170866131431456 5
    endloop
  endfacet
  facet normal 0.9415440651830208 -0.3368898533922203 0
    outer loop
      vertex -29.066996426861888 -23.766290121668536 2
      vertex -28.926488013172968 -23.373595412448367 5
      vertex -29.066996426861888 -23.766290121668536 5
    endloop
  endfacet
  facet normal 0.9039892931234456 -0.4275550934302775 0
    outer loop
      vertex -28.926488013172968 -23.373595412448367 2
      vertex -28.74816537348051 -22.99656386848951 5
      vertex -28.926488013172968 -23.373595412448367 5
    endloop
  endfacet
  facet normal 0.8577286100002698 -0.5141027441932253 0
    outer loop
      vertex -28.74816537348051 -22.99656386848951 2
      vertex -28.53374585228582 -22.638826509666693 5
      vertex -28.74816537348051 -22.99656386848951 5
    endloop
  endfacet
  facet normal 0.8032075314806457 -0.5956993044924324 0
    outer loop
      vertex -28.53374585228582 -22.638826509666693 2
      vertex -28.285294426791634 -22.303828542304508 5
      vertex -28.53374585228582 -22.638826509666693 5
    endloop
  endfacet
  facet normal 0.5956993044924324 0.8032075314806457 0
    outer loop
      vertex -27.696171457695492 -28.285294426791634 2
      vertex -27.696171457695492 -28.285294426791634 5
      vertex -27.361173490333307 -28.53374585228582 2
    endloop
  endfacet
  facet normal 0.5141027441932253 0.8577286100002698 0
    outer loop
      vertex -27.361173490333307 -28.53374585228582 2
      vertex -27.361173490333307 -28.53374585228582 5
      vertex -27.00343613151049 -28.74816537348051 2
    endloop
  endfacet
  facet normal 0.4275550934302775 0.9039892931234456 0
    outer loop
      vertex -27.00343613151049 -28.74816537348051 2
      vertex -27.00343613151049 -28.74816537348051 5
      vertex -26.626404587551633 -28.926488013172968 2
    endloop
  endfacet
  facet normal 0.3368898533922203 0.9415440651830208 0
    outer loop
      vertex -26.626404587551633 -28.926488013172968 2
      vertex -26.626404587551633 -28.926488013172968 5
      vertex -26.233709878331464 -29.066996426861888 2
    endloop
  endfacet
  facet normal 0.24298017990326878 0.9700312531945428 0
    outer loop
      vertex -26.233709878331464 -29.066996426861888 2
      vertex -26.233709878331464 -29.066996426861888 5
      vertex -25.829133868568544 -29.16833744171373 2
    endloop
  endfacet
  facet normal 0.14673047445535753 0.9891765099647816 0
    outer loop
      vertex -25.829133868568544 -29.16833744171373 2
      vertex -25.829133868568544 -29.16833744171373 5
      vertex -25.416572846400634 -29.229535088356837 2
    endloop
  endfacet
  facet normal 0.67155895484702 0.7409511253549577 0
    outer loop
      vertex -27.696171457695492 -28.285294426791634 2
      vertex -28.005203820042826 -28.005203820042826 5
      vertex -27.696171457695492 -28.285294426791634 5
    endloop
  endfacet
  facet normal 0.5956993044924324 0.8032075314806457 0
    outer loop
      vertex -27.361173490333307 -28.53374585228582 2
      vertex -27.696171457695492 -28.285294426791634 5
      vertex -27.361173490333307 -28.53374585228582 5
    endloop
  endfacet
  facet normal 0.4275550934302775 0.9039892931234456 0
    outer loop
      vertex -26.626404587551633 -28.926488013172968 2
      vertex -27.00343613151049 -28.74816537348051 5
      vertex -26.626404587551633 -28.926488013172968 5
    endloop
  endfacet
  facet normal 0.5141027441932253 0.8577286100002698 0
    outer loop
      vertex -27.00343613151049 -28.74816537348051 2
      vertex -27.361173490333307 -28.53374585228582 5
      vertex -27.00343613151049 -28.74816537348051 5
    endloop
  endfacet
  facet normal 0.3368898533922203 0.9415440651830208 0
    outer loop
      vertex -26.233709878331464 -29.066996426861888 2
      vertex -26.626404587551633 -28.926488013172968 5
      vertex -26.233709878331464 -29.066996426861888 5
    endloop
  endfacet
  facet normal 0.24298017990326878 0.9700312531945428 0
    outer loop
      vertex -25.829133868568544 -29.16833744171373 2
      vertex -26.233709878331464 -29.066996426861888 5
      vertex -25.829133868568544 -29.16833744171373 5
    endloop
  endfacet
  facet normal 0.14673047445535753 0.9891765099647816 0
    outer loop
      vertex -25.416572846400634 -29.229535088356837 2
      vertex -25.829133868568544 -29.16833744171373 5
      vertex -25.416572846400634 -29.229535088356837 5
    endloop
  endfacet
  facet normal 0.04906767432741787 0.9987954562051724 0
    outer loop
      vertex -25.416572846400634 -29.229535088356837 2
      vertex -25.416572846400634 -29.229535088356837 5
      vertex -25 -29.25 2
    endloop
  endfacet
  facet normal -0.04906767432741787 0.9987954562051724 0
    outer loop
      vertex -25 -29.25 2
      vertex -25 -29.25 5
      vertex -24.583427153599366 -29.229535088356837 2
    endloop
  endfacet
  facet normal -0.14673047445535753 0.9891765099647816 0
    outer loop
      vertex -24.583427153599366 -29.229535088356837 2
      vertex -24.583427153599366 -29.229535088356837 5
      vertex -24.170866131431456 -29.16833744171373 2
    endloop
  endfacet
  facet normal -0.24298017990326878 0.9700312531945428 0
    outer loop
      vertex -24.170866131431456 -29.16833744171373 2
      vertex -24.170866131431456 -29.16833744171373 5
      vertex -23.766290121668536 -29.066996426861888 2
    endloop
  endfacet
  facet normal -0.3368898533922203 0.9415440651830208 0
    outer loop
      vertex -23.766290121668536 -29.066996426861888 2
      vertex -23.766290121668536 -29.066996426861888 5
      vertex -23.373595412448367 -28.926488013172968 2
    endloop
  endfacet
  facet normal -0.4275550934302775 0.9039892931234456 0
    outer loop
      vertex -23.373595412448367 -28.926488013172968 2
      vertex -23.373595412448367 -28.926488013172968 5
      vertex -22.99656386848951 -28.74816537348051 2
    endloop
  endfacet
  facet normal -0.5141027441932253 0.8577286100002698 0
    outer loop
      vertex -22.99656386848951 -28.74816537348051 2
      vertex -22.99656386848951 -28.74816537348051 5
      vertex -22.638826509666693 -28.53374585228582 2
    endloop
  endfacet
  facet normal -0.5956993044924324 0.8032075314806457 0
    outer loop
      vertex -22.638826509666693 -28.53374585228582 2
      vertex -22.638826509666693 -28.53374585228582 5
      vertex -22.303828542304508 -28.285294426791634 2
    endloop
  endfacet
  facet normal 0.04906767432741787 0.9987954562051724 0
    outer loop
      vertex -25 -29.25 2
      vertex -25.416572846400634 -29.229535088356837 5
      vertex -25 -29.25 5
    endloop
  endfacet
  facet normal -0.04906767432741787 0.9987954562051724 0
    outer loop
      vertex -24.583427153599366 -29.229535088356837 2
      vertex -25 -29.25 5
      vertex -24.583427153599366 -29.229535088356837 5
    endloop
  endfacet
  facet normal -0.14673047445535753 0.9891765099647816 0
    outer loop
      vertex -24.170866131431456 -29.16833744171373 2
      vertex -24.583427153599366 -29.229535088356837 5
      vertex -24.170866131431456 -29.16833744171373 5
    endloop
  endfacet
  facet normal -0.24298017990326878 0.9700312531945428 0
    outer loop
      vertex -23.766290121668536 -29.066996426861888 2
      vertex -24.170866131431456 -29.16833744171373 5
      vertex -23.766290121668536 -29.066996426861888 5
    endloop
  endfacet
  facet normal -0.3368898533922203 0.9415440651830208 0
    outer loop
      vertex -23.373595412448367 -28.926488013172968 2
      vertex -23.766290121668536 -29.066996426861888 5
      vertex -23.373595412448367 -28.926488013172968 5
    endloop
  endfacet
  facet normal -0.4275550934302775 0.9039892931234456 0
    outer loop
      vertex -22.99656386848951 -28.74816537348051 2
      vertex -23.373595412448367 -28.926488013172968 5
      vertex -22.99656386848951 -28.74816537348051 5
    endloop
  endfacet
  facet normal -0.5141027441932253 0.8577286100002698 0
    outer loop
      vertex -22.638826509666693 -28.53374585228582 2
      vertex -22.99656386848951 -28.74816537348051 5
      vertex -22.638826509666693 -28.53374585228582 5
    endloop
  endfacet
  facet normal 0.67155895484702 0.7409511253549577 0
    outer loop
      vertex -27.696171457695492 -28.285294426791634 2
      vertex -28.005203820042826 -28.005203820042826 2
      vertex -28.005203820042826 -28.005203820042826 5
    endloop
  endfacet
  facet normal 0.7409511253549577 0.67155895484702 0
    outer loop
      vertex -28.285294426791634 -27.696171457695492 5
      vertex -28.005203820042826 -28.005203820042826 5
      vertex -28.005203820042826 -28.005203820042826 2
    endloop
  endfacet
  facet normal -1 0 0
    outer loop
      vertex -45 -45 2
      vertex -45 -45 5
      vertex -45 45 5
    endloop
  endfacet
  facet normal 0 0 -1
    outer loop
      vertex -45 -45 2
      vertex -30.529040344059467 -5.383093506097794 2
      vertex -29.94370061159134 -8.023390397429466 2
    endloop
  endfacet
  facet normal 0 0 -1
    outer loop
      vertex -45 -45 2
      vertex -30.88203564286232 -2.7018280252814293 2
      vertex -30.529040344059467 -5.383093506097794 2
    endloop
  endfacet
  facet normal 0 0 -1
    outer loop
      vertex -45 -45 2
      vertex -31 0 2
      vertex -30.88203564286232 -2.7018280252814293 2
    endloop
  endfacet
  facet normal 0 0 -1
    outer loop
      vertex -45 -45 2
      vertex -30.88203564286232 2.7018280252814293 2
      vertex -31 0 2
    endloop
  endfacet
  facet normal 0 0 -1
    outer loop
      vertex -45 -45 2
      vertex -30.529040344059467 5.383093506097794 2
      vertex -30.88203564286232 2.7018280252814293 2
    endloop
  endfacet
  facet normal 0 0 1
    outer loop
      vertex -45 -45 5
      vertex -36.9449512867313 -17.140903554469997 5
      vertex -45 45 5
    endloop
  endfacet
  facet normal 0.8032075314806457 -0.5956993044924324 0
    outer loop
      vertex -28.53374585228582 -22.638826509666693 2
      vertex -28.285294426791634 -22.303828542304508 2
      vertex -28.285294426791634 -22.303828542304508 5
    endloop
  endfacet
  facet normal 0.7409511253549577 -0.67155895484702 0
    outer loop
      vertex -28.285294426791634 -22.303828542304508 2
      vertex -28.005203820042826 -21.994796179957174 5
      vertex -28.285294426791634 -22.303828542304508 5
    endloop
  endfacet
  facet normal 0 0 -1
    outer loop
      vertex -29.066996426861888 -23.766290121668536 2
      vertex -29.130471244454384 -10.60262444615364 2
      vertex -28.926488013172968 -23.373595412448367 2
    endloop
  endfacet
  facet normal 0 0 -1
    outer loop
      vertex -28.926488013172968 -23.373595412448367 2
      vertex -29.130471244454384 -10.60262444615364 2
      vertex -28.74816537348051 -22.99656386848951 2
    endloop
  endfacet
  facet normal 0 0 -1
    outer loop
      vertex -28.74816537348051 -22.99656386848951 2
      vertex -29.130471244454384 -10.60262444615364 2
      vertex -28.53374585228582 -22.638826509666693 2
    endloop
  endfacet
  facet normal 0 0 -1
    outer loop
      vertex -28.53374585228582 -22.638826509666693 2
      vertex -29.130471244454384 -10.60262444615364 2
      vertex -28.285294426791634 -22.303828542304508 2
    endloop
  endfacet
  facet normal 0 0 -1
    outer loop
      vertex -28.285294426791634 -22.303828542304508 2
      vertex -29.130471244454384 -10.60262444615364 2
      vertex -28.005203820042826 -21.994796179957174 2
    endloop
  endfacet
  facet normal 0 0 -1
    outer loop
      vertex -28.005203820042826 -21.994796179957174 2
      vertex -29.130471244454384 -10.60262444615364 2
      vertex -27.696171457695492 -21.714705573208366 2
    endloop
  endfacet
  facet normal 0 0 1
    outer loop
      vertex -29.066996426861888 -23.766290121668536 5
      vertex -28.926488013172968 -23.373595412448367 5
      vertex -35.58297978751266 -19.8139231270351 5
    endloop
  endfacet
  facet normal 0 0 1
    outer loop
      vertex -28.926488013172968 -23.373595412448367 5
      vertex -28.74816537348051 -22.99656386848951 5
      vertex -35.58297978751266 -19.8139231270351 5
    endloop
  endfacet
  facet normal 0 0 1
    outer loop
      vertex -28.74816537348051 -22.99656386848951 5
      vertex -28.53374585228582 -22.638826509666693 5
      vertex -35.58297978751266 -19.8139231270351 5
    endloop
  endfacet
  facet normal 0 0 1
    outer loop
      vertex -28.53374585228582 -22.638826509666693 5
      vertex -28.285294426791634 -22.303828542304508 5
      vertex -35.58297978751266 -19.8139231270351 5
    endloop
  endfacet
  facet normal 0 0 1
    outer loop
      vertex -28.285294426791634 -22.303828542304508 5
      vertex -28.005203820042826 -21.994796179957174 5
      vertex -35.58297978751266 -19.8139231270351 5
    endloop
  endfacet
  facet normal 0 0 1
    outer loop
      vertex -28.005203820042826 -21.994796179957174 5
      vertex -27.696171457695492 -21.714705573208366 5
      vertex -35.58297978751266 -19.8139231270351 5
    endloop
  endfacet
  facet normal 0 0 1
    outer loop
      vertex -27.696171457695492 -21.714705573208366 5
      vertex -27.361173490333307 -21.46625414771418 5
      vertex -35.58297978751266 -19.8139231270351 5
    endloop
  endfacet
  facet normal 0 0 1
    outer loop
      vertex -27.361173490333307 -21.46625414771418 5
      vertex -27.00343613151049 -21.25183462651949 5
      vertex -35.58297978751266 -19.8139231270351 5
    endloop
  endfacet
  facet normal 0 0 1
    outer loop
      vertex -27.00343613151049 -21.25183462651949 5
      vertex -26.626404587551633 -21.073511986827032 5
      vertex -35.58297978751266 -19.8139231270351 5
    endloop
  endfacet
  facet normal 0 0 1
    outer loop
      vertex -26.626404587551633 -21.073511986827032 5
      vertex -26.233709878331464 -20.933003573138112 5
      vertex -35.58297978751266 -19.8139231270351 5
    endloop
  endfacet
  facet normal 0 0 1
    outer loop
      vertex -26.233709878331464 -20.933003573138112 5
      vertex -25.829133868568544 -20.83166255828627 5
      vertex -35.58297978751266 -19.8139231270351 5
    endloop
  endfacet
  facet normal 0 0 1
    outer loop
      vertex -25.829133868568544 -20.83166255828627 5
      vertex -25.416572846400634 -20.770464911643163 5
      vertex -35.58297978751266 -19.8139231270351 5
    endloop
  endfacet
  facet normal 0 0 1
    outer loop
      vertex -25.416572846400634 -20.770464911643163 5
      vertex -25 -20.75 5
      vertex -35.58297978751266 -19.8139231270351 5
    endloop
  endfacet
  facet normal 0 0 1
    outer loop
      vertex -25 -20.75 5
      vertex -24.583427153599366 -20.770464911643163 5
      vertex -35.58297978751266 -19.8139231270351 5
    endloop
  endfacet
  facet normal 0 0 1
    outer loop
      vertex -24.583427153599366 -20.770464911643163 5
      vertex -24.616811107007806 -14.754748758345464 5
      vertex -35.58297978751266 -19.8139231270351 5
    endloop
  endfacet
  facet normal 0 0 -1
    outer loop
      vertex -29.066996426861888 -23.766290121668536 2
      vertex -29.94370061159134 -8.023390397429466 2
      vertex -29.130471244454384 -10.60262444615364 2
    endloop
  endfacet
  facet normal 0 0 1
    outer loop
      vertex -29.130471244454384 -10.60262444615364 5
      vertex -29.94370061159134 -8.023390397429466 5
      vertex -36.9449512867313 -17.140903554469997 5
    endloop
  endfacet
  facet normal 0 0 1
    outer loop
      vertex -24.616811107007806 -14.754748758345464 5
      vertex -24.84908387247379 -14.34472998609851 5
      vertex -35.58297978751266 -19.8139231270351 5
    endloop
  endfacet
  facet normal 0 0 1
    outer loop
      vertex -29.130471244454384 -10.60262444615364 5
      vertex -36.9449512867313 -17.140903554469997 5
      vertex -26.210247212654103 -11.67129863593614 5
    endloop
  endfacet
  facet normal 0.7409511253549577 -0.67155895484702 0
    outer loop
      vertex -28.285294426791634 -22.303828542304508 2
      vertex -28.005203820042826 -21.994796179957174 2
      vertex -28.005203820042826 -21.994796179957174 5
    endloop
  endfacet
  facet normal 0.67155895484702 -0.7409511253549577 0
    outer loop
      vertex -28.005203820042826 -21.994796179957174 2
      vertex -27.696171457695492 -21.714705573208366 2
      vertex -27.696171457695492 -21.714705573208366 5
    endloop
  endfacet
  facet normal 0.5956993044924324 -0.8032075314806457 0
    outer loop
      vertex -27.696171457695492 -21.714705573208366 2
      vertex -27.361173490333307 -21.46625414771418 2
      vertex -27.361173490333307 -21.46625414771418 5
    endloop
  endfacet
  facet normal 0.5141027441932253 -0.8577286100002698 0
    outer loop
      vertex -27.361173490333307 -21.46625414771418 2
      vertex -27.00343613151049 -21.25183462651949 2
      vertex -27.00343613151049 -21.25183462651949 5
    endloop
  endfacet
  facet normal 0.4275550934302775 -0.9039892931234456 0
    outer loop
      vertex -27.00343613151049 -21.25183462651949 2
      vertex -26.626404587551633 -21.073511986827032 2
      vertex -26.626404587551633 -21.073511986827032 5
    endloop
  endfacet
  facet normal 0.3368898533922203 -0.9415440651830208 0
    outer loop
      vertex -26.626404587551633 -21.073511986827032 2
      vertex -26.233709878331464 -20.933003573138112 2
      vertex -26.233709878331464 -20.933003573138112 5
    endloop
  endfacet
  facet normal 0.24298017990326878 -0.9700312531945428 0
    outer loop
      vertex -26.233709878331464 -20.933003573138112 2
      vertex -25.829133868568544 -20.83166255828627 2
      vertex -25.829133868568544 -20.83166255828627 5
    endloop
  endfacet
  facet normal 0.14673047445535753 -0.9891765099647816 0
    outer loop
      vertex -25.829133868568544 -20.83166255828627 2
      vertex -25.416572846400634 -20.770464911643163 2
      vertex -25.416572846400634 -20.770464911643163 5
    endloop
  endfacet
  facet normal 0.67155895484702 -0.7409511253549577 0
    outer loop
      vertex -28.005203820042826 -21.994796179957174 2
      vertex -27.696171457695492 -21.714705573208366 5
      vertex -28.005203820042826 -21.994796179957174 5
    endloop
  endfacet
  facet normal 0.5956993044924324 -0.8032075314806457 0
    outer loop
      vertex -27.696171457695492 -21.714705573208366 2
      vertex -27.361173490333307 -21.46625414771418 5
      vertex -27.696171457695492 -21.714705573208366 5
    endloop
  endfacet
  facet normal 0.5141027441932253 -0.8577286100002698 0
    outer loop
      vertex -27.361173490333307 -21.46625414771418 2
      vertex -27.00343613151049 -21.25183462651949 5
      vertex -27.361173490333307 -21.46625414771418 5
    endloop
  endfacet
  facet normal 0.4275550934302775 -0.9039892931234456 0
    outer loop
      vertex -27.00343613151049 -21.25183462651949 2
      vertex -26.626404587551633 -21.073511986827032 5
      vertex -27.00343613151049 -21.25183462651949 5
    endloop
  endfacet
  facet normal 0.3368898533922203 -0.9415440651830208 0
    outer loop
      vertex -26.626404587551633 -21.073511986827032 2
      vertex -26.233709878331464 -20.933003573138112 5
      vertex -26.626404587551633 -21.073511986827032 5
    endloop
  endfacet
  facet normal 0.24298017990326878 -0.9700312531945428 0
    outer loop
      vertex -26.233709878331464 -20.933003573138112 2
      vertex -25.829133868568544 -20.83166255828627 5
      vertex -26.233709878331464 -20.933003573138112 5
    endloop
  endfacet
  facet normal 0.14673047445535753 -0.9891765099647816 0
    outer loop
      vertex -25.829133868568544 -20.83166255828627 2
      vertex -25.416572846400634 -20.770464911643163 5
      vertex -25.829133868568544 -20.83166255828627 5
    endloop
  endfacet
  facet normal 0 0 -1
    outer loop
      vertex -27.696171457695492 -21.714705573208366 2
      vertex -29.130471244454384 -10.60262444615364 2
      vertex -27.361173490333307 -21.46625414771418 2
    endloop
  endfacet
  facet normal 0 0 -1
    outer loop
      vertex -27.361173490333307 -21.46625414771418 2
      vertex -29.130471244454384 -10.60262444615364 2
      vertex -27.00343613151049 -21.25183462651949 2
    endloop
  endfacet
  facet normal 0 0 -1
    outer loop
      vertex -27.00343613151049 -21.25183462651949 2
      vertex -29.130471244454384 -10.60262444615364 2
      vertex -26.626404587551633 -21.073511986827032 2
    endloop
  endfacet
  facet normal 0.04906767432741787 -0.9987954562051724 0
    outer loop
      vertex -25.416572846400634 -20.770464911643163 2
      vertex -25 -20.75 2
      vertex -25 -20.75 5
    endloop
  endfacet
  facet normal -0.04906767432741787 -0.9987954562051724 0
    outer loop
      vertex -25 -20.75 2
      vertex -24.583427153599366 -20.770464911643163 2
      vertex -24.583427153599366 -20.770464911643163 5
    endloop
  endfacet
  facet normal -0.14673047445535753 -0.9891765099647816 0
    outer loop
      vertex -24.583427153599366 -20.770464911643163 2
      vertex -24.170866131431456 -20.83166255828627 2
      vertex -24.170866131431456 -20.83166255828627 5
    endloop
  endfacet
  facet normal -0.4275550934302775 -0.9039892931234456 0
    outer loop
      vertex -22.99656386848951 -21.25183462651949 2
      vertex -22.99656386848951 -21.25183462651949 5
      vertex -23.373595412448367 -21.073511986827032 2
    endloop
  endfacet
  facet normal -0.5141027441932253 -0.8577286100002698 0
    outer loop
      vertex -22.99656386848951 -21.25183462651949 2
      vertex -22.638826509666693 -21.46625414771418 2
      vertex -22.638826509666693 -21.46625414771418 5
    endloop
  endfacet
  facet normal -0.24298017990326878 -0.9700312531945428 0
    outer loop
      vertex -24.170866131431456 -20.83166255828627 2
      vertex -23.766290121668536 -20.933003573138112 2
      vertex -23.766290121668536 -20.933003573138112 5
    endloop
  endfacet
  facet normal -0.3368898533922203 -0.9415440651830208 0
    outer loop
      vertex -23.766290121668536 -20.933003573138112 2
      vertex -23.373595412448367 -21.073511986827032 2
      vertex -23.373595412448367 -21.073511986827032 5
    endloop
  endfacet
  facet normal 0.04906767432741787 -0.9987954562051724 0
    outer loop
      vertex -25.416572846400634 -20.770464911643163 2
      vertex -25 -20.75 5
      vertex -25.416572846400634 -20.770464911643163 5
    endloop
  endfacet
  facet normal -0.04906767432741787 -0.9987954562051724 0
    outer loop
      vertex -25 -20.75 2
      vertex -24.583427153599366 -20.770464911643163 5
      vertex -25 -20.75 5
    endloop
  endfacet
  facet normal -0.14673047445535753 -0.9891765099647816 0
    outer loop
      vertex -24.583427153599366 -20.770464911643163 2
      vertex -24.170866131431456 -20.83166255828627 5
      vertex -24.583427153599366 -20.770464911643163 5
    endloop
  endfacet
  facet normal -0.24298017990326878 -0.9700312531945428 0
    outer loop
      vertex -24.170866131431456 -20.83166255828627 2
      vertex -23.766290121668536 -20.933003573138112 5
      vertex -24.170866131431456 -20.83166255828627 5
    endloop
  endfacet
  facet normal -0.4275550934302775 -0.9039892931234456 0
    outer loop
      vertex -23.373595412448367 -21.073511986827032 2
      vertex -22.99656386848951 -21.25183462651949 5
      vertex -23.373595412448367 -21.073511986827032 5
    endloop
  endfacet
  facet normal -0.5141027441932253 -0.8577286100002698 0
    outer loop
      vertex -22.99656386848951 -21.25183462651949 2
      vertex -22.638826509666693 -21.46625414771418 5
      vertex -22.99656386848951 -21.25183462651949 5
    endloop
  endfacet
  facet normal -0.5956993044924324 -0.8032075314806457 0
    outer loop
      vertex -22.638826509666693 -21.46625414771418 2
      vertex -22.303828542304508 -21.714705573208366 5
      vertex -22.638826509666693 -21.46625414771418 5
    endloop
  endfacet
  facet normal -0.3368898533922203 -0.9415440651830208 0
    outer loop
      vertex -23.766290121668536 -20.933003573138112 2
      vertex -23.373595412448367 -21.073511986827032 5
      vertex -23.766290121668536 -20.933003573138112 5
    endloop
  endfacet
  facet normal 0 0 -1
    outer loop
      vertex -26.233709878331464 -20.933003573138112 2
      vertex -21.783455229404368 -11.643499399602142 2
      vertex -25.829133868568544 -20.83166255828627 2
    endloop
  endfacet
  facet normal 0 0 -1
    outer loop
      vertex -26.626404587551633 -21.073511986827032 2
      vertex -22.32853554014905 -10.560610807727967 2
      vertex -26.233709878331464 -20.933003573138112 2
    endloop
  endfacet
  facet normal 0 0 -1
    outer loop
      vertex -25.829133868568544 -20.83166255828627 2
      vertex -21.783455229404368 -11.643499399602142 2
      vertex -25.416572846400634 -20.770464911643163 2
    endloop
  endfacet
  facet normal 0 0 -1
    outer loop
      vertex -25 -20.75 2
      vertex -20.537299423872867 -13.722584755584174 2
      vertex -24.583427153599366 -20.770464911643163 2
    endloop
  endfacet
  facet normal 0 0 -1
    outer loop
      vertex -24.583427153599366 -20.770464911643163 2
      vertex -20.537299423872867 -13.722584755584174 2
      vertex -24.170866131431456 -20.83166255828627 2
    endloop
  endfacet
  facet normal 0 0 -1
    outer loop
      vertex -24.170866131431456 -20.83166255828627 2
      vertex -19.83922602757193 -14.713772820963104 2
      vertex -23.766290121668536 -20.933003573138112 2
    endloop
  endfacet
  facet normal 0 0 -1
    outer loop
      vertex -25.416572846400634 -20.770464911643163 2
      vertex -21.18589666700672 -12.698337781572578 2
      vertex -25 -20.75 2
    endloop
  endfacet
  facet normal 0 0 1
    outer loop
      vertex -23.766290121668536 -20.933003573138112 5
      vertex -23.373595412448367 -21.073511986827032 5
      vertex -22.185400011510552 -18.207087255496624 5
    endloop
  endfacet
  facet normal 0 0 1
    outer loop
      vertex -22.99656386848951 -21.25183462651949 5
      vertex -22.185400011510552 -18.207087255496624 5
      vertex -23.373595412448367 -21.073511986827032 5
    endloop
  endfacet
  facet normal 0 0 1
    outer loop
      vertex -22.99656386848951 -21.25183462651949 5
      vertex -22.638826509666693 -21.46625414771418 5
      vertex -22.185400011510552 -18.207087255496624 5
    endloop
  endfacet
  facet normal 0 0 1
    outer loop
      vertex -24.583427153599366 -20.770464911643163 5
      vertex -24.170866131431456 -20.83166255828627 5
      vertex -23.052056153494508 -17.096570038932835 5
    endloop
  endfacet
  facet normal 0 0 1
    outer loop
      vertex -24.583427153599366 -20.770464911643163 5
      vertex -23.863177873083046 -15.944865687662583 5
      vertex -24.616811107007806 -14.754748758345464 5
    endloop
  endfacet
  facet normal 0 0 1
    outer loop
      vertex -24.170866131431456 -20.83166255828627 5
      vertex -23.766290121668536 -20.933003573138112 5
      vertex -23.052056153494508 -17.096570038932835 5
    endloop
  endfacet
  facet normal 0 0 1
    outer loop
      vertex -23.766290121668536 -20.933003573138112 5
      vertex -22.185400011510552 -18.207087255496624 5
      vertex -23.052056153494508 -17.096570038932835 5
    endloop
  endfacet
  facet normal 0 0 1
    outer loop
      vertex -24.583427153599366 -20.770464911643163 5
      vertex -23.052056153494508 -17.096570038932835 5
      vertex -23.863177873083046 -15.944865687662583 5
    endloop
  endfacet
  facet normal 0 0 -1
    outer loop
      vertex -26.626404587551633 -21.073511986827032 2
      vertex -29.130471244454384 -10.60262444615364 2
      vertex -27.905549589317708 -10.156789424248615 2
    endloop
  endfacet
  facet normal 0 0 -1
    outer loop
      vertex -26.626404587551633 -21.073511986827032 2
      vertex -27.905549589317708 -10.156789424248615 2
      vertex -22.32853554014905 -10.560610807727967 2
    endloop
  endfacet
  facet normal 0 0 -1
    outer loop
      vertex -26.233709878331464 -20.933003573138112 2
      vertex -22.32853554014905 -10.560610807727967 2
      vertex -21.783455229404368 -11.643499399602142 2
    endloop
  endfacet
  facet normal 0 0 -1
    outer loop
      vertex -25.416572846400634 -20.770464911643163 2
      vertex -21.783455229404368 -11.643499399602142 2
      vertex -21.18589666700672 -12.698337781572578 2
    endloop
  endfacet
  facet normal 0.9537169512425253 0.30070579793655927 0
    outer loop
      vertex -29.130471244454384 -10.60262444615364 2
      vertex -29.94370061159134 -8.023390397429466 2
      vertex -29.94370061159134 -8.023390397429466 5
    endloop
  endfacet
  facet normal -0.3420201434118252 0.93969262075455 0
    outer loop
      vertex -29.130471244454384 -10.60262444615364 2
      vertex -29.130471244454384 -10.60262444615364 5
      vertex -27.905549589317708 -10.156789424248615 2
    endloop
  endfacet
  facet normal -0.3420201434118252 0.93969262075455 0
    outer loop
      vertex -29.130471244454384 -10.60262444615364 5
      vertex -27.905549589317708 -10.156789424248615 5
      vertex -27.905549589317708 -10.156789424248615 2
    endloop
  endfacet
  facet normal 0.9537169512425253 0.30070579793655927 0
    outer loop
      vertex -29.130471244454384 -10.60262444615364 2
      vertex -29.94370061159134 -8.023390397429466 5
      vertex -29.130471244454384 -10.60262444615364 5
    endloop
  endfacet
  facet normal 0.9762960068177727 0.21643961530106193 0
    outer loop
      vertex -29.94370061159134 -8.023390397429466 2
      vertex -30.529040344059467 -5.383093506097794 2
      vertex -30.529040344059467 -5.383093506097794 5
    endloop
  endfacet
  facet normal 0.9762960068177727 0.21643961530106193 0
    outer loop
      vertex -29.94370061159134 -8.023390397429466 2
      vertex -30.529040344059467 -5.383093506097794 5
      vertex -29.94370061159134 -8.023390397429466 5
    endloop
  endfacet
  facet normal 0 0 1
    outer loop
      vertex -29.94370061159134 -8.023390397429466 5
      vertex -30.529040344059467 -5.383093506097794 5
      vertex -36.9449512867313 -17.140903554469997 5
    endloop
  endfacet
  facet normal 0.9990482216144516 0.043619386618811734 0
    outer loop
      vertex -30.88203564286232 -2.7018280252814293 2
      vertex -31 0 2
      vertex -31 0 5
    endloop
  endfacet
  facet normal 0.9914448612992336 0.13052619278651914 0
    outer loop
      vertex -30.529040344059467 -5.383093506097794 2
      vertex -30.88203564286232 -2.7018280252814293 2
      vertex -30.88203564286232 -2.7018280252814293 5
    endloop
  endfacet
  facet normal 0.9914448612992336 0.13052619278651914 0
    outer loop
      vertex -30.529040344059467 -5.383093506097794 2
      vertex -30.88203564286232 -2.7018280252814293 5
      vertex -30.529040344059467 -5.383093506097794 5
    endloop
  endfacet
  facet normal 0.9990482216144516 0.043619386618811734 0
    outer loop
      vertex -30.88203564286232 -2.7018280252814293 2
      vertex -31 0 5
      vertex -30.88203564286232 -2.7018280252814293 5
    endloop
  endfacet
  facet normal -0.34202014341182624 0.9396926207545495 0
    outer loop
      vertex -27.905549589317708 -10.156789424248615 2
      vertex -27.905549589317708 -10.156789424248615 5
      vertex -23.207645618052105 -8.446892214779153 2
    endloop
  endfacet
  facet normal -0.34202014341182607 0.9396926207545497 2.9609470947416345e-16
    outer loop
      vertex -23.207645618052105 -8.446892214779153 2
      vertex -27.905549589317708 -10.156789424248615 5
      vertex -26.965968795064587 -9.814809982354722 5
    endloop
  endfacet
  facet normal 0 0 -1
    outer loop
      vertex -27.905549589317708 -10.156789424248615 2
      vertex -22.819824453028783 -9.452280779417718 2
      vertex -22.32853554014905 -10.560610807727967 2
    endloop
  endfacet
  facet normal 0 0 -1
    outer loop
      vertex -27.905549589317708 -10.156789424248615 2
      vertex -23.207645618052105 -8.446892214779153 2
      vertex -22.819824453028783 -9.452280779417718 2
    endloop
  endfacet
  facet normal 0.9142097557035307 0.40524131400498975 0
    outer loop
      vertex -22.819824453028783 -9.452280779417718 2
      vertex -22.819824453028783 -9.452280779417718 5
      vertex -22.32853554014905 -10.560610807727967 2
    endloop
  endfacet
  facet normal 0.9329927988347381 0.35989503653499033 0
    outer loop
      vertex -23.207645618052105 -8.446892214779153 2
      vertex -23.207645618052105 -8.446892214779153 5
      vertex -22.819824453028783 -9.452280779417718 2
    endloop
  endfacet
  facet normal -0.34202014341182635 0.9396926207545495 0
    outer loop
      vertex -23.207645618052105 -8.446892214779153 2
      vertex -26.965968795064587 -9.814809982354722 5
      vertex -23.207645618052105 -8.446892214779153 5
    endloop
  endfacet
  facet normal 0.9329927988347381 0.35989503653499033 0
    outer loop
      vertex -22.819824453028783 -9.452280779417718 2
      vertex -23.207645618052105 -8.446892214779153 5
      vertex -22.819824453028783 -9.452280779417718 5
    endloop
  endfacet
  facet normal 0 0 1
    outer loop
      vertex -29.130471244454384 -10.60262444615364 5
      vertex -26.515342583073927 -10.983014508878076 5
      vertex -27.905549589317708 -10.156789424248615 5
    endloop
  endfacet
  facet normal 0 0 1
    outer loop
      vertex -29.130471244454384 -10.60262444615364 5
      vertex -26.210247212654103 -11.67129863593614 5
      vertex -26.515342583073927 -10.983014508878076 5
    endloop
  endfacet
  facet normal 0 0 1
    outer loop
      vertex -27.905549589317708 -10.156789424248615 5
      vertex -26.515342583073927 -10.983014508878076 5
      vertex -26.965968795064587 -9.814809982354722 5
    endloop
  endfacet
  facet normal 0 0 -1
    outer loop
      vertex -26.9659687962858 -9.814809979188848 5
      vertex -23.207645618052105 -8.446892214779153 5
      vertex -26.965968795064587 -9.814809982354722 5
    endloop
  endfacet
  facet normal 0 0 -1
    outer loop
      vertex -26.9659687962858 -9.814809979188848 5
      vertex -23.20764561910311 -8.446892212054514 5
      vertex -23.207645618052105 -8.446892214779153 5
    endloop
  endfacet
  facet normal -0.7905159582695586 -0.40278799896981604 0.46135273664198956
    outer loop
      vertex -36.9449512867313 -17.140903554469997 5
      vertex -35.58297978751266 -19.8139231270351 5
      vertex -24.84908387247379 -14.34472998609851 28.167178879777705
    endloop
  endfacet
  facet normal 0.45399049973954647 -0.8910065241883681 0
    outer loop
      vertex -24.84908387247379 -14.34472998609851 5
      vertex -24.84908387247379 -14.34472998609851 28.167178879777705
      vertex -35.58297978751266 -19.8139231270351 5
    endloop
  endfacet
  facet normal -0.45399049973954647 0.8910065241883679 0
    outer loop
      vertex -36.9449512867313 -17.140903554469997 5
      vertex -26.210247212654103 -11.67129863593614 28.168923145340973
      vertex -26.210247212654103 -11.67129863593614 5
    endloop
  endfacet
  facet normal -0.9142097557035314 -0.40524131400498853 0
    outer loop
      vertex -26.515342583073927 -10.983014508878076 5
      vertex -26.210247212654103 -11.67129863593614 5
      vertex -26.210247212654103 -11.67129863593614 28.168923145340973
    endloop
  endfacet
  facet normal -0.8700869911087115 -0.4928981922297841 0
    outer loop
      vertex -24.616811107007806 -14.754748758345464 5
      vertex -24.84908387247379 -14.34472998609851 28.167178879777705
      vertex -24.84908387247379 -14.34472998609851 5
    endloop
  endfacet
  facet normal -0.7905159582695586 -0.4027879989698162 0.46135273664198945
    outer loop
      vertex -25.31114028679779 -13.529086346906132 28.08756192527879
      vertex -25.944492712642823 -12.270831181449095 28.10085951725428
      vertex -36.9449512867313 -17.140903554469997 5
    endloop
  endfacet
  facet normal -0.7905159582695579 -0.4027879989698175 0.4613527366419894
    outer loop
      vertex -24.84908387247379 -14.34472998609851 28.167178879777705
      vertex -25.31114028679779 -13.529086346906132 28.08756192527879
      vertex -36.9449512867313 -17.140903554469997 5
    endloop
  endfacet
  facet normal -0.790515958269559 -0.4027879989698156 0.46135273664198956
    outer loop
      vertex -25.944492712642823 -12.270831181449095 28.10085951725428
      vertex -26.210247212654103 -11.67129863593614 28.168923145340973
      vertex -36.9449512867313 -17.140903554469997 5
    endloop
  endfacet
  facet normal -0.7883464276266069 -0.6152315905806259 0
    outer loop
      vertex -23.052056153494508 -17.096570038932835 5
      vertex -22.185400011510552 -18.207087255496624 5
      vertex -23.052056153494508 -17.096570038932835 40
    endloop
  endfacet
  facet normal -0.8448535652497071 -0.5349976198870973 0
    outer loop
      vertex -24.616811107007806 -14.754748758345464 5
      vertex -23.863177873083046 -15.944865687662583 5
      vertex -24.616811107007806 -14.754748758345464 40
    endloop
  endfacet
  facet normal -0.8175848131515839 -0.5758081914178449 0
    outer loop
      vertex -23.052056153494508 -17.096570038932835 5
      vertex -23.863177873083046 -15.944865687662583 40
      vertex -23.863177873083046 -15.944865687662583 5
    endloop
  endfacet
  facet normal 0.9329930948150054 0.3598942692340606 0
    outer loop
      vertex -23.20764561910311 -8.446892212054514 5
      vertex -23.20764561910311 -8.446892212054514 38.5
      vertex -23.207645618052105 -8.446892214779153 5
    endloop
  endfacet
  facet normal 0.9142097557035307 0.40524131400498975 0
    outer loop
      vertex -22.819824453028783 -9.452280779417718 5
      vertex -22.819824453028783 -9.452280779417718 38.5
      vertex -22.32853554014905 -10.560610807727967 5
    endloop
  endfacet
  facet normal 0.932992798834738 0.3598950365349903 -7.169237755877145e-17
    outer loop
      vertex -23.207645618052105 -8.446892214779153 5
      vertex -23.20764561910311 -8.446892212054514 38.5
      vertex -22.819824453028783 -9.452280779417718 5
    endloop
  endfacet
  facet normal -0.9329927264385571 -0.35989522421497583 -7.1963493592545985e-9
    outer loop
      vertex -26.9659687962858 -9.814809979188848 5
      vertex -26.965968795064587 -9.814809982354722 5
      vertex -26.515342583073927 -10.983014508878076 40
    endloop
  endfacet
  facet normal -0.9329927988347387 -0.35989503653498867 0
    outer loop
      vertex -26.965968795064587 -9.814809982354722 5
      vertex -26.515342583073927 -10.983014508878076 5
      vertex -26.515342583073927 -10.983014508878076 40
    endloop
  endfacet
  facet normal -0.34202014330073194 0.9396926207949847 0
    outer loop
      vertex -26.9659687962858 -9.814809979188848 5
      vertex -26.9659687962858 -9.814809979188848 40
      vertex -23.20764561910311 -8.446892212054514 5
    endloop
  endfacet
  facet normal 0 0 -1
    outer loop
      vertex -45 -45 2
      vertex -10.60262444615364 -29.130471244454384 2
      vertex -8.023390397429466 -29.94370061159134 2
    endloop
  endfacet
  facet normal 0 0 -1
    outer loop
      vertex -45 -45 2
      vertex -8.023390397429466 -29.94370061159134 2
      vertex -5.383093506097794 -30.529040344059467 2
    endloop
  endfacet
  facet normal 0 0 1
    outer loop
      vertex -45 -45 5
      vertex 5.383093506097794 -30.529040344059467 5
      vertex -17.140903554469997 -36.9449512867313 5
    endloop
  endfacet
  facet normal 0 -1 0
    outer loop
      vertex -45 -45 2
      vertex 45 -45 5
      vertex -45 -45 5
    endloop
  endfacet
  facet normal -0.67155895484702 0.7409511253549577 0
    outer loop
      vertex -22.303828542304508 -28.285294426791634 2
      vertex -22.303828542304508 -28.285294426791634 5
      vertex -21.994796179957174 -28.005203820042826 2
    endloop
  endfacet
  facet normal -0.5956993044924324 0.8032075314806457 0
    outer loop
      vertex -22.638826509666693 -28.53374585228582 5
      vertex -22.303828542304508 -28.285294426791634 5
      vertex -22.303828542304508 -28.285294426791634 2
    endloop
  endfacet
  facet normal 0 0 -1
    outer loop
      vertex -23.766290121668536 -29.066996426861888 2
      vertex -23.373595412448367 -28.926488013172968 2
      vertex -10.60262444615364 -29.130471244454384 2
    endloop
  endfacet
  facet normal 0 0 -1
    outer loop
      vertex -23.373595412448367 -28.926488013172968 2
      vertex -22.99656386848951 -28.74816537348051 2
      vertex -10.60262444615364 -29.130471244454384 2
    endloop
  endfacet
  facet normal 0 0 -1
    outer loop
      vertex -22.99656386848951 -28.74816537348051 2
      vertex -22.638826509666693 -28.53374585228582 2
      vertex -10.60262444615364 -29.130471244454384 2
    endloop
  endfacet
  facet normal 0 0 -1
    outer loop
      vertex -22.638826509666693 -28.53374585228582 2
      vertex -22.303828542304508 -28.285294426791634 2
      vertex -10.60262444615364 -29.130471244454384 2
    endloop
  endfacet
  facet normal 0 0 -1
    outer loop
      vertex -22.303828542304508 -28.285294426791634 2
      vertex -21.994796179957174 -28.005203820042826 2
      vertex -10.60262444615364 -29.130471244454384 2
    endloop
  endfacet
  facet normal 0 0 -1
    outer loop
      vertex -21.994796179957174 -28.005203820042826 2
      vertex -21.714705573208366 -27.696171457695492 2
      vertex -10.60262444615364 -29.130471244454384 2
    endloop
  endfacet
  facet normal 0 0 1
    outer loop
      vertex -23.766290121668536 -29.066996426861888 5
      vertex -15.68966655584791 -27.48867051350203 5
      vertex -23.373595412448367 -28.926488013172968 5
    endloop
  endfacet
  facet normal 0 0 1
    outer loop
      vertex -23.373595412448367 -28.926488013172968 5
      vertex -15.68966655584791 -27.48867051350203 5
      vertex -22.99656386848951 -28.74816537348051 5
    endloop
  endfacet
  facet normal 0 0 1
    outer loop
      vertex -22.99656386848951 -28.74816537348051 5
      vertex -15.68966655584791 -27.48867051350203 5
      vertex -22.638826509666693 -28.53374585228582 5
    endloop
  endfacet
  facet normal -0.7409511253549577 0.67155895484702 0
    outer loop
      vertex -21.994796179957174 -28.005203820042826 2
      vertex -21.994796179957174 -28.005203820042826 5
      vertex -21.714705573208366 -27.696171457695492 2
    endloop
  endfacet
  facet normal -0.8032075314806457 0.5956993044924324 0
    outer loop
      vertex -21.714705573208366 -27.696171457695492 2
      vertex -21.714705573208366 -27.696171457695492 5
      vertex -21.46625414771418 -27.361173490333307 2
    endloop
  endfacet
  facet normal -0.8577286100002698 0.5141027441932253 0
    outer loop
      vertex -21.46625414771418 -27.361173490333307 2
      vertex -21.46625414771418 -27.361173490333307 5
      vertex -21.25183462651949 -27.00343613151049 2
    endloop
  endfacet
  facet normal -0.9039892931234456 0.4275550934302775 0
    outer loop
      vertex -21.25183462651949 -27.00343613151049 2
      vertex -21.25183462651949 -27.00343613151049 5
      vertex -21.073511986827032 -26.626404587551633 2
    endloop
  endfacet
  facet normal -0.9415440651830208 0.3368898533922203 0
    outer loop
      vertex -21.073511986827032 -26.626404587551633 2
      vertex -21.073511986827032 -26.626404587551633 5
      vertex -20.933003573138112 -26.233709878331464 2
    endloop
  endfacet
  facet normal -0.9700312531945428 0.24298017990326878 0
    outer loop
      vertex -20.933003573138112 -26.233709878331464 2
      vertex -20.933003573138112 -26.233709878331464 5
      vertex -20.83166255828627 -25.829133868568544 2
    endloop
  endfacet
  facet normal -0.9891765099647816 0.14673047445535753 0
    outer loop
      vertex -20.83166255828627 -25.829133868568544 2
      vertex -20.83166255828627 -25.829133868568544 5
      vertex -20.770464911643163 -25.416572846400634 2
    endloop
  endfacet
  facet normal -0.67155895484702 0.7409511253549577 0
    outer loop
      vertex -22.303828542304508 -28.285294426791634 5
      vertex -21.994796179957174 -28.005203820042826 5
      vertex -21.994796179957174 -28.005203820042826 2
    endloop
  endfacet
  facet normal -0.7409511253549577 0.67155895484702 0
    outer loop
      vertex -21.714705573208366 -27.696171457695492 2
      vertex -21.994796179957174 -28.005203820042826 5
      vertex -21.714705573208366 -27.696171457695492 5
    endloop
  endfacet
  facet normal -0.8032075314806457 0.5956993044924324 0
    outer loop
      vertex -21.46625414771418 -27.361173490333307 2
      vertex -21.714705573208366 -27.696171457695492 5
      vertex -21.46625414771418 -27.361173490333307 5
    endloop
  endfacet
  facet normal -0.8577286100002698 0.5141027441932253 0
    outer loop
      vertex -21.25183462651949 -27.00343613151049 2
      vertex -21.46625414771418 -27.361173490333307 5
      vertex -21.25183462651949 -27.00343613151049 5
    endloop
  endfacet
  facet normal -0.9039892931234456 0.4275550934302775 0
    outer loop
      vertex -21.073511986827032 -26.626404587551633 2
      vertex -21.25183462651949 -27.00343613151049 5
      vertex -21.073511986827032 -26.626404587551633 5
    endloop
  endfacet
  facet normal -0.9415440651830208 0.3368898533922203 0
    outer loop
      vertex -20.933003573138112 -26.233709878331464 2
      vertex -21.073511986827032 -26.626404587551633 5
      vertex -20.933003573138112 -26.233709878331464 5
    endloop
  endfacet
  facet normal -0.9700312531945428 0.24298017990326878 0
    outer loop
      vertex -20.83166255828627 -25.829133868568544 2
      vertex -20.933003573138112 -26.233709878331464 5
      vertex -20.83166255828627 -25.829133868568544 5
    endloop
  endfacet
  facet normal -0.9891765099647816 0.14673047445535753 0
    outer loop
      vertex -20.770464911643163 -25.416572846400634 2
      vertex -20.83166255828627 -25.829133868568544 5
      vertex -20.770464911643163 -25.416572846400634 5
    endloop
  endfacet
  facet normal -0.9039892931234456 -0.4275550934302775 0
    outer loop
      vertex -21.25183462651949 -22.99656386848951 2
      vertex -21.073511986827032 -23.373595412448367 2
      vertex -21.073511986827032 -23.373595412448367 5
    endloop
  endfacet
  facet normal -0.8032075314806457 -0.5956993044924324 0
    outer loop
      vertex -21.46625414771418 -22.638826509666693 2
      vertex -21.46625414771418 -22.638826509666693 5
      vertex -21.714705573208366 -22.303828542304508 2
    endloop
  endfacet
  facet normal -0.8577286100002698 -0.5141027441932253 0
    outer loop
      vertex -21.46625414771418 -22.638826509666693 2
      vertex -21.25183462651949 -22.99656386848951 2
      vertex -21.25183462651949 -22.99656386848951 5
    endloop
  endfacet
  facet normal -0.9987954562051724 0.04906767432741787 0
    outer loop
      vertex -20.770464911643163 -25.416572846400634 2
      vertex -20.770464911643163 -25.416572846400634 5
      vertex -20.75 -25 2
    endloop
  endfacet
  facet normal -0.9987954562051724 -0.04906767432741787 0
    outer loop
      vertex -20.75 -25 2
      vertex -20.75 -25 5
      vertex -20.770464911643163 -24.583427153599366 2
    endloop
  endfacet
  facet normal -0.9891765099647816 -0.14673047445535753 0
    outer loop
      vertex -20.770464911643163 -24.583427153599366 2
      vertex -20.770464911643163 -24.583427153599366 5
      vertex -20.83166255828627 -24.170866131431456 2
    endloop
  endfacet
  facet normal -0.9700312531945428 -0.24298017990326878 0
    outer loop
      vertex -20.83166255828627 -24.170866131431456 2
      vertex -20.83166255828627 -24.170866131431456 5
      vertex -20.933003573138112 -23.766290121668536 2
    endloop
  endfacet
  facet normal -0.9415440651830208 -0.3368898533922203 0
    outer loop
      vertex -20.933003573138112 -23.766290121668536 2
      vertex -20.933003573138112 -23.766290121668536 5
      vertex -21.073511986827032 -23.373595412448367 2
    endloop
  endfacet
  facet normal -0.9039892931234456 -0.4275550934302775 0
    outer loop
      vertex -21.25183462651949 -22.99656386848951 2
      vertex -21.073511986827032 -23.373595412448367 5
      vertex -21.25183462651949 -22.99656386848951 5
    endloop
  endfacet
  facet normal -0.8577286100002698 -0.5141027441932253 0
    outer loop
      vertex -21.46625414771418 -22.638826509666693 2
      vertex -21.25183462651949 -22.99656386848951 5
      vertex -21.46625414771418 -22.638826509666693 5
    endloop
  endfacet
  facet normal -0.9987954562051724 0.04906767432741787 0
    outer loop
      vertex -20.75 -25 2
      vertex -20.770464911643163 -25.416572846400634 5
      vertex -20.75 -25 5
    endloop
  endfacet
  facet normal -0.9987954562051724 -0.04906767432741787 0
    outer loop
      vertex -20.770464911643163 -24.583427153599366 2
      vertex -20.75 -25 5
      vertex -20.770464911643163 -24.583427153599366 5
    endloop
  endfacet
  facet normal -0.9891765099647816 -0.14673047445535753 0
    outer loop
      vertex -20.83166255828627 -24.170866131431456 2
      vertex -20.770464911643163 -24.583427153599366 5
      vertex -20.83166255828627 -24.170866131431456 5
    endloop
  endfacet
  facet normal -0.9700312531945428 -0.24298017990326878 0
    outer loop
      vertex -20.933003573138112 -23.766290121668536 2
      vertex -20.83166255828627 -24.170866131431456 5
      vertex -20.933003573138112 -23.766290121668536 5
    endloop
  endfacet
  facet normal -0.9415440651830208 -0.3368898533922203 0
    outer loop
      vertex -21.073511986827032 -23.373595412448367 2
      vertex -20.933003573138112 -23.766290121668536 5
      vertex -21.073511986827032 -23.373595412448367 5
    endloop
  endfacet
  facet normal 0 0 -1
    outer loop
      vertex -21.714705573208366 -27.696171457695492 2
      vertex -21.46625414771418 -27.361173490333307 2
      vertex -10.60262444615364 -29.130471244454384 2
    endloop
  endfacet
  facet normal 0 0 -1
    outer loop
      vertex -21.46625414771418 -27.361173490333307 2
      vertex -21.25183462651949 -27.00343613151049 2
      vertex -10.60262444615364 -29.130471244454384 2
    endloop
  endfacet
  facet normal 0 0 -1
    outer loop
      vertex -21.25183462651949 -27.00343613151049 2
      vertex -21.073511986827032 -26.626404587551633 2
      vertex -10.60262444615364 -29.130471244454384 2
    endloop
  endfacet
  facet normal 0 0 -1
    outer loop
      vertex -21.073511986827032 -26.626404587551633 2
      vertex -20.933003573138112 -26.233709878331464 2
      vertex -10.60262444615364 -29.130471244454384 2
    endloop
  endfacet
  facet normal 0 0 -1
    outer loop
      vertex -20.933003573138112 -26.233709878331464 2
      vertex -20.83166255828627 -25.829133868568544 2
      vertex -10.60262444615364 -29.130471244454384 2
    endloop
  endfacet
  facet normal 0 0 -1
    outer loop
      vertex -20.83166255828627 -24.170866131431456 2
      vertex -20.933003573138112 -23.766290121668536 2
      vertex -14.713772820963104 -19.83922602757193 2
    endloop
  endfacet
  facet normal 0 0 -1
    outer loop
      vertex -20.770464911643163 -24.583427153599366 2
      vertex -20.83166255828627 -24.170866131431456 2
      vertex -13.722584755584174 -20.537299423872867 2
    endloop
  endfacet
  facet normal 0 0 -1
    outer loop
      vertex -20.83166255828627 -25.829133868568544 2
      vertex -20.770464911643163 -25.416572846400634 2
      vertex -11.643499399602142 -21.783455229404368 2
    endloop
  endfacet
  facet normal 0 0 -1
    outer loop
      vertex -20.770464911643163 -25.416572846400634 2
      vertex -20.75 -25 2
      vertex -12.698337781572578 -21.18589666700672 2
    endloop
  endfacet
  facet normal 0 0 -1
    outer loop
      vertex -20.75 -25 2
      vertex -20.770464911643163 -24.583427153599366 2
      vertex -12.698337781572578 -21.18589666700672 2
    endloop
  endfacet
  facet normal 0 0 1
    outer loop
      vertex -22.638826509666693 -28.53374585228582 5
      vertex -15.68966655584791 -27.48867051350203 5
      vertex -22.303828542304508 -28.285294426791634 5
    endloop
  endfacet
  facet normal 0 0 1
    outer loop
      vertex -22.303828542304508 -28.285294426791634 5
      vertex -15.68966655584791 -27.48867051350203 5
      vertex -21.994796179957174 -28.005203820042826 5
    endloop
  endfacet
  facet normal 0 0 1
    outer loop
      vertex -21.994796179957174 -28.005203820042826 5
      vertex -15.68966655584791 -27.48867051350203 5
      vertex -21.714705573208366 -27.696171457695492 5
    endloop
  endfacet
  facet normal 0 0 1
    outer loop
      vertex -21.994796179957174 -21.994796179957174 5
      vertex -21.714705573208366 -22.303828542304508 5
      vertex -15.68966655584791 -27.48867051350203 5
    endloop
  endfacet
  facet normal 0 0 1
    outer loop
      vertex -21.714705573208366 -27.696171457695492 5
      vertex -15.68966655584791 -27.48867051350203 5
      vertex -21.46625414771418 -27.361173490333307 5
    endloop
  endfacet
  facet normal 0 0 1
    outer loop
      vertex -21.46625414771418 -27.361173490333307 5
      vertex -15.68966655584791 -27.48867051350203 5
      vertex -21.25183462651949 -27.00343613151049 5
    endloop
  endfacet
  facet normal 0 0 1
    outer loop
      vertex -21.25183462651949 -27.00343613151049 5
      vertex -15.68966655584791 -27.48867051350203 5
      vertex -21.073511986827032 -26.626404587551633 5
    endloop
  endfacet
  facet normal 0 0 1
    outer loop
      vertex -21.073511986827032 -26.626404587551633 5
      vertex -15.68966655584791 -27.48867051350203 5
      vertex -20.933003573138112 -26.233709878331464 5
    endloop
  endfacet
  facet normal 0 0 1
    outer loop
      vertex -20.933003573138112 -26.233709878331464 5
      vertex -15.68966655584791 -27.48867051350203 5
      vertex -20.83166255828627 -25.829133868568544 5
    endloop
  endfacet
  facet normal 0 0 1
    outer loop
      vertex -20.83166255828627 -25.829133868568544 5
      vertex -15.68966655584791 -27.48867051350203 5
      vertex -20.770464911643163 -25.416572846400634 5
    endloop
  endfacet
  facet normal 0 0 1
    outer loop
      vertex -20.770464911643163 -25.416572846400634 5
      vertex -15.68966655584791 -27.48867051350203 5
      vertex -20.75 -25 5
    endloop
  endfacet
  facet normal 0 0 1
    outer loop
      vertex -20.75 -25 5
      vertex -15.68966655584791 -27.48867051350203 5
      vertex -20.770464911643163 -24.583427153599366 5
    endloop
  endfacet
  facet normal 0 0 1
    outer loop
      vertex -20.770464911643163 -24.583427153599366 5
      vertex -15.68966655584791 -27.48867051350203 5
      vertex -20.83166255828627 -24.170866131431456 5
    endloop
  endfacet
  facet normal 0 0 1
    outer loop
      vertex -21.25183462651949 -22.99656386848951 5
      vertex -21.073511986827032 -23.373595412448367 5
      vertex -15.68966655584791 -27.48867051350203 5
    endloop
  endfacet
  facet normal 0 0 1
    outer loop
      vertex -20.83166255828627 -24.170866131431456 5
      vertex -15.68966655584791 -27.48867051350203 5
      vertex -20.933003573138112 -23.766290121668536 5
    endloop
  endfacet
  facet normal 0 0 1
    outer loop
      vertex -20.933003573138112 -23.766290121668536 5
      vertex -15.68966655584791 -27.48867051350203 5
      vertex -21.073511986827032 -23.373595412448367 5
    endloop
  endfacet
  facet normal 0 0 1
    outer loop
      vertex -21.46625414771418 -22.638826509666693 5
      vertex -21.25183462651949 -22.99656386848951 5
      vertex -15.68966655584791 -27.48867051350203 5
    endloop
  endfacet
  facet normal 0 0 1
    outer loop
      vertex -21.46625414771418 -22.638826509666693 5
      vertex -15.68966655584791 -27.48867051350203 5
      vertex -21.714705573208366 -22.303828542304508 5
    endloop
  endfacet
  facet normal 0 0 1
    outer loop
      vertex -17.096570038932835 -23.052056153494508 5
      vertex -21.994796179957174 -21.994796179957174 5
      vertex -15.944865687662583 -23.863177873083046 5
    endloop
  endfacet
  facet normal 0 0 1
    outer loop
      vertex -15.944865687662583 -23.863177873083046 5
      vertex -21.994796179957174 -21.994796179957174 5
      vertex -15.68966655584791 -27.48867051350203 5
    endloop
  endfacet
  facet normal 0 0 1
    outer loop
      vertex -10.60262444615364 -29.130471244454384 5
      vertex -10.156789424248613 -27.905549589317708 5
      vertex -17.140903554469997 -36.9449512867313 5
    endloop
  endfacet
  facet normal 0 0 1
    outer loop
      vertex -10.60262444615364 -29.130471244454384 5
      vertex -17.140903554469997 -36.9449512867313 5
      vertex -8.023390397429466 -29.94370061159134 5
    endloop
  endfacet
  facet normal 0 0 1
    outer loop
      vertex -10.156789424248613 -27.905549589317708 5
      vertex -10.983014508878076 -26.515342583073927 5
      vertex -17.140903554469997 -36.9449512867313 5
    endloop
  endfacet
  facet normal 0 0 1
    outer loop
      vertex -10.983014508878076 -26.515342583073927 5
      vertex -11.67129863593614 -26.210247212654103 5
      vertex -17.140903554469997 -36.9449512867313 5
    endloop
  endfacet
  facet normal 0 0 -1
    outer loop
      vertex -20.770464911643163 -25.416572846400634 2
      vertex -12.698337781572578 -21.18589666700672 2
      vertex -11.643499399602142 -21.783455229404368 2
    endloop
  endfacet
  facet normal 0 0 -1
    outer loop
      vertex -20.83166255828627 -25.829133868568544 2
      vertex -11.643499399602142 -21.783455229404368 2
      vertex -10.560610807727967 -22.32853554014905 2
    endloop
  endfacet
  facet normal 0 0 -1
    outer loop
      vertex -20.83166255828627 -25.829133868568544 2
      vertex -10.156789424248613 -27.905549589317708 2
      vertex -10.60262444615364 -29.130471244454384 2
    endloop
  endfacet
  facet normal 0 0 -1
    outer loop
      vertex -20.83166255828627 -25.829133868568544 2
      vertex -10.560610807727967 -22.32853554014905 2
      vertex -10.156789424248613 -27.905549589317708 2
    endloop
  endfacet
  facet normal 0 0 1
    outer loop
      vertex -15.944865687662583 -23.863177873083046 5
      vertex -15.68966655584791 -27.48867051350203 5
      vertex -14.754748758345464 -24.616811107007806 5
    endloop
  endfacet
  facet normal 0 0 1
    outer loop
      vertex -14.754748758345464 -24.616811107007806 5
      vertex -15.68966655584791 -27.48867051350203 5
      vertex -14.34472998609851 -24.84908387247379 5
    endloop
  endfacet
  facet normal 0 0 1
    outer loop
      vertex -45 -45 5
      vertex 17.140903554469997 -36.9449512867313 5
      vertex 5.383093506097794 -30.529040344059467 5
    endloop
  endfacet
  facet normal 0 0 -1
    outer loop
      vertex -45 -45 2
      vertex -5.383093506097794 -30.529040344059467 2
      vertex 45 -45 2
    endloop
  endfacet
  facet normal 0.9396926207545496 -0.3420201434118264 0
    outer loop
      vertex -10.60262444615364 -29.130471244454384 2
      vertex -10.156789424248613 -27.905549589317708 2
      vertex -10.156789424248613 -27.905549589317708 5
    endloop
  endfacet
  facet normal 0.30070579793655927 0.9537169512425253 0
    outer loop
      vertex -10.60262444615364 -29.130471244454384 2
      vertex -10.60262444615364 -29.130471244454384 5
      vertex -8.023390397429466 -29.94370061159134 2
    endloop
  endfacet
  facet normal 0.9396926207545496 -0.3420201434118264 0
    outer loop
      vertex -10.60262444615364 -29.130471244454384 2
      vertex -10.156789424248613 -27.905549589317708 5
      vertex -10.60262444615364 -29.130471244454384 5
    endloop
  endfacet
  facet normal 0.30070579793655927 0.9537169512425253 0
    outer loop
      vertex -8.023390397429466 -29.94370061159134 2
      vertex -10.60262444615364 -29.130471244454384 5
      vertex -8.023390397429466 -29.94370061159134 5
    endloop
  endfacet
  facet normal 0.21643961530106193 0.9762960068177727 0
    outer loop
      vertex -8.023390397429466 -29.94370061159134 2
      vertex -8.023390397429466 -29.94370061159134 5
      vertex -5.383093506097794 -30.529040344059467 2
    endloop
  endfacet
  facet normal 0.21643961530106193 0.9762960068177727 0
    outer loop
      vertex -8.023390397429466 -29.94370061159134 5
      vertex -5.383093506097794 -30.529040344059467 5
      vertex -5.383093506097794 -30.529040344059467 2
    endloop
  endfacet
  facet normal 0 0 1
    outer loop
      vertex -8.023390397429466 -29.94370061159134 5
      vertex -17.140903554469997 -36.9449512867313 5
      vertex -5.383093506097794 -30.529040344059467 5
    endloop
  endfacet
  facet normal 0 0 1
    outer loop
      vertex -5.383093506097794 -30.529040344059467 5
      vertex -17.140903554469997 -36.9449512867313 5
      vertex -2.7018280252814293 -30.88203564286232 5
    endloop
  endfacet
  facet normal 0 0 1
    outer loop
      vertex -2.7018280252814293 -30.88203564286232 5
      vertex -17.140903554469997 -36.9449512867313 5
      vertex 0 -31 5
    endloop
  endfacet
  facet normal 0.9396926207545495 -0.34202014341182624 0
    outer loop
      vertex -10.156789424248613 -27.905549589317708 2
      vertex -8.446892214779151 -23.207645618052105 2
      vertex -10.156789424248613 -27.905549589317708 5
    endloop
  endfacet
  facet normal 0.9396926207545497 -0.34202014341182607 2.9609470947416345e-16
    outer loop
      vertex -8.446892214779151 -23.207645618052105 2
      vertex -9.81480998235472 -26.965968795064587 5
      vertex -10.156789424248613 -27.905549589317708 5
    endloop
  endfacet
  facet normal 0 0 -1
    outer loop
      vertex -10.156789424248613 -27.905549589317708 2
      vertex -10.560610807727967 -22.32853554014905 2
      vertex -9.452280779417718 -22.819824453028783 2
    endloop
  endfacet
  facet normal 0 0 -1
    outer loop
      vertex -10.156789424248613 -27.905549589317708 2
      vertex -9.452280779417718 -22.819824453028783 2
      vertex -8.446892214779151 -23.207645618052105 2
    endloop
  endfacet
  facet normal 0.3598950365349897 0.9329927988347382 0
    outer loop
      vertex -9.452280779417718 -22.819824453028783 2
      vertex -9.452280779417718 -22.819824453028783 5
      vertex -8.446892214779151 -23.207645618052105 2
    endloop
  endfacet
  facet normal 0.9396926207545495 -0.34202014341182635 0
    outer loop
      vertex -8.446892214779151 -23.207645618052105 2
      vertex -8.446892214779151 -23.207645618052105 5
      vertex -9.81480998235472 -26.965968795064587 5
    endloop
  endfacet
  facet normal 0.40524131400498975 0.9142097557035307 0
    outer loop
      vertex -9.452280779417718 -22.819824453028783 2
      vertex -10.560610807727967 -22.32853554014905 5
      vertex -9.452280779417718 -22.819824453028783 5
    endloop
  endfacet
  facet normal 0.3598950365349897 0.9329927988347382 0
    outer loop
      vertex -8.446892214779151 -23.207645618052105 2
      vertex -9.452280779417718 -22.819824453028783 5
      vertex -8.446892214779151 -23.207645618052105 5
    endloop
  endfacet
  facet normal 0 0 1
    outer loop
      vertex -10.156789424248613 -27.905549589317708 5
      vertex -9.81480998235472 -26.965968795064587 5
      vertex -10.983014508878076 -26.515342583073927 5
    endloop
  endfacet
  facet normal 0 0 -1
    outer loop
      vertex -9.814809979188848 -26.9659687962858 5
      vertex -9.81480998235472 -26.965968795064587 5
      vertex -8.446892212054513 -23.20764561910311 5
    endloop
  endfacet
  facet normal 0 0 -1
    outer loop
      vertex -9.81480998235472 -26.965968795064587 5
      vertex -8.446892214779151 -23.207645618052105 5
      vertex -8.446892212054513 -23.20764561910311 5
    endloop
  endfacet
  facet normal 0.13052619278651914 0.9914448612992336 0
    outer loop
      vertex -5.383093506097794 -30.529040344059467 2
      vertex -5.383093506097794 -30.529040344059467 5
      vertex -2.7018280252814293 -30.88203564286232 2
    endloop
  endfacet
  facet normal 0.13052619278651914 0.9914448612992336 0
    outer loop
      vertex -2.7018280252814293 -30.88203564286232 2
      vertex -5.383093506097794 -30.529040344059467 5
      vertex -2.7018280252814293 -30.88203564286232 5
    endloop
  endfacet
  facet normal 0.043619386618811734 0.9990482216144516 0
    outer loop
      vertex -2.7018280252814293 -30.88203564286232 5
      vertex 0 -31 5
      vertex 0 -31 2
    endloop
  endfacet
  facet normal 0.043619386618811734 0.9990482216144516 0
    outer loop
      vertex -2.7018280252814293 -30.88203564286232 2
      vertex -2.7018280252814293 -30.88203564286232 5
      vertex 0 -31 2
    endloop
  endfacet
  facet normal 0 0 1
    outer loop
      vertex 0 -31 5
      vertex -17.140903554469997 -36.9449512867313 5
      vertex 2.7018280252814293 -30.88203564286232 5
    endloop
  endfacet
  facet normal 0 0 1
    outer loop
      vertex 2.7018280252814293 -30.88203564286232 5
      vertex -17.140903554469997 -36.9449512867313 5
      vertex 5.383093506097794 -30.529040344059467 5
    endloop
  endfacet
  facet normal -0.40278799896981604 -0.7905159582695586 0.4613527366419895
    outer loop
      vertex -19.8139231270351 -35.58297978751266 5
      vertex -17.140903554469997 -36.9449512867313 5
      vertex -11.67129863593614 -26.210247212654103 28.168923145340973
    endloop
  endfacet
  facet normal -0.891006524188368 0.4539904997395466 -5.0641831127398244e-17
    outer loop
      vertex -15.68966655584791 -27.48867051350203 5
      vertex -19.8139231270351 -35.58297978751266 5
      vertex -14.34472998609851 -24.84908387247379 28.167178879777705
    endloop
  endfacet
  facet normal 0.8910065241883679 -0.45399049973954647 0
    outer loop
      vertex -11.67129863593614 -26.210247212654103 5
      vertex -11.67129863593614 -26.210247212654103 28.168923145340973
      vertex -17.140903554469997 -36.9449512867313 5
    endloop
  endfacet
  facet normal -0.8910065241883681 0.45399049973954614 0
    outer loop
      vertex -15.68966655584791 -27.48867051350203 5
      vertex -14.34472998609851 -24.84908387247379 28.167178879777705
      vertex -14.34472998609851 -24.84908387247379 5
    endloop
  endfacet
  facet normal -0.4928981922297841 -0.8700869911087115 0
    outer loop
      vertex -14.754748758345464 -24.616811107007806 5
      vertex -14.34472998609851 -24.84908387247379 5
      vertex -14.34472998609851 -24.84908387247379 28.167178879777705
    endloop
  endfacet
  facet normal -0.6152315905806259 -0.7883464276266069 0
    outer loop
      vertex -17.096570038932835 -23.052056153494508 5
      vertex -17.096570038932835 -23.052056153494508 40
      vertex -18.207087255496624 -22.185400011510552 5
    endloop
  endfacet
  facet normal -0.40278799896981743 -0.7905159582695579 0.46135273664198956
    outer loop
      vertex -13.529086346906132 -25.31114028679779 28.08756192527879
      vertex -14.34472998609851 -24.84908387247379 28.167178879777705
      vertex -19.8139231270351 -35.58297978751266 5
    endloop
  endfacet
  facet normal -0.4027879989698162 -0.7905159582695584 0.46135273664198945
    outer loop
      vertex -13.529086346906132 -25.31114028679779 28.08756192527879
      vertex -19.8139231270351 -35.58297978751266 5
      vertex -12.270831181449095 -25.944492712642823 28.10085951725428
    endloop
  endfacet
  facet normal -0.4027879989698156 -0.7905159582695589 0.4613527366419895
    outer loop
      vertex -12.270831181449095 -25.944492712642823 28.10085951725428
      vertex -19.8139231270351 -35.58297978751266 5
      vertex -11.67129863593614 -26.210247212654103 28.168923145340973
    endloop
  endfacet
  facet normal -0.5758081914178449 -0.8175848131515839 0
    outer loop
      vertex -17.096570038932835 -23.052056153494508 5
      vertex -15.944865687662583 -23.863177873083046 5
      vertex -15.944865687662583 -23.863177873083046 40
    endloop
  endfacet
  facet normal -0.5349976198870973 -0.8448535652497071 0
    outer loop
      vertex -15.944865687662583 -23.863177873083046 5
      vertex -14.754748758345464 -24.616811107007806 5
      vertex -14.754748758345464 -24.616811107007806 40
    endloop
  endfacet
  facet normal 0.3598950365349898 0.9329927988347382 0
    outer loop
      vertex -9.452280779417718 -22.819824453028783 5
      vertex -9.452280779417718 -22.819824453028783 38.5
      vertex -8.446892214779151 -23.207645618052105 5
    endloop
  endfacet
  facet normal 0.3598942692340605 0.932993094815005 -2.6454417667408524e-8
    outer loop
      vertex -8.446892212054513 -23.20764561910311 5
      vertex -8.446892214779151 -23.207645618052105 5
      vertex -9.452280779417718 -22.819824453028783 38.5
    endloop
  endfacet
  facet normal -0.35989503653498817 -0.9329927988347388 -3.5467422478099245e-17
    outer loop
      vertex -10.983014508878076 -26.515342583073927 5
      vertex -9.81480998235472 -26.965968795064587 5
      vertex -9.814809979188848 -26.9659687962858 40
    endloop
  endfacet
  facet normal -0.4052413140049884 -0.9142097557035312 0
    outer loop
      vertex -10.983014508878076 -26.515342583073927 5
      vertex -10.983014508878076 -26.515342583073927 40
      vertex -11.67129863593614 -26.210247212654103 5
    endloop
  endfacet
  facet normal -0.35989539999490694 -0.9329926586326958 0
    outer loop
      vertex -9.814809979188848 -26.9659687962858 5
      vertex -9.814809979188848 -26.9659687962858 40
      vertex -9.81480998235472 -26.965968795064587 5
    endloop
  endfacet
  facet normal 0.9396926207949845 -0.34202014330073227 0
    outer loop
      vertex -9.814809979188848 -26.9659687962858 5
      vertex -8.446892212054513 -23.20764561910311 5
      vertex -9.814809979188848 -26.9659687962858 40
    endloop
  endfacet
  facet normal -0.7409511253549577 -0.67155895484702 0
    outer loop
      vertex -21.994796179957174 -21.994796179957174 2
      vertex -21.714705573208366 -22.303828542304508 2
      vertex -21.714705573208366 -22.303828542304508 5
    endloop
  endfacet
  facet normal -0.67155895484702 -0.7409511253549577 0
    outer loop
      vertex -21.994796179957174 -21.994796179957174 2
      vertex -21.994796179957174 -21.994796179957174 5
      vertex -22.303828542304508 -21.714705573208366 2
    endloop
  endfacet
  facet normal -0.5956993044924324 -0.8032075314806457 0
    outer loop
      vertex -22.638826509666693 -21.46625414771418 2
      vertex -22.303828542304508 -21.714705573208366 2
      vertex -22.303828542304508 -21.714705573208366 5
    endloop
  endfacet
  facet normal 0 0 -1
    outer loop
      vertex -22.99656386848951 -21.25183462651949 2
      vertex -18.30149279626749 -16.587506184721356 2
      vertex -22.638826509666693 -21.46625414771418 2
    endloop
  endfacet
  facet normal 0 0 -1
    outer loop
      vertex -21.994796179957174 -21.994796179957174 2
      vertex -22.303828542304508 -21.714705573208366 2
      vertex -17.465537495307725 -17.465537495307725 2
    endloop
  endfacet
  facet normal 0 0 -1
    outer loop
      vertex -22.638826509666693 -21.46625414771418 2
      vertex -18.30149279626749 -16.587506184721356 2
      vertex -22.303828542304508 -21.714705573208366 2
    endloop
  endfacet
  facet normal 0 0 -1
    outer loop
      vertex -21.994796179957174 -21.994796179957174 2
      vertex -16.587506184721356 -18.30149279626749 2
      vertex -21.714705573208366 -22.303828542304508 2
    endloop
  endfacet
  facet normal 0 0 -1
    outer loop
      vertex -21.46625414771418 -22.638826509666693 2
      vertex -21.714705573208366 -22.303828542304508 2
      vertex -16.587506184721356 -18.30149279626749 2
    endloop
  endfacet
  facet normal -0.67155895484702 -0.7409511253549577 0
    outer loop
      vertex -22.303828542304508 -21.714705573208366 2
      vertex -21.994796179957174 -21.994796179957174 5
      vertex -22.303828542304508 -21.714705573208366 5
    endloop
  endfacet
  facet normal -0.7409511253549577 -0.67155895484702 0
    outer loop
      vertex -21.994796179957174 -21.994796179957174 2
      vertex -21.714705573208366 -22.303828542304508 5
      vertex -21.994796179957174 -21.994796179957174 5
    endloop
  endfacet
  facet normal -0.8032075314806457 -0.5956993044924324 0
    outer loop
      vertex -21.46625414771418 -22.638826509666693 5
      vertex -21.714705573208366 -22.303828542304508 5
      vertex -21.714705573208366 -22.303828542304508 2
    endloop
  endfacet
  facet normal 0 0 -1
    outer loop
      vertex -22.99656386848951 -21.25183462651949 2
      vertex -23.373595412448367 -21.073511986827032 2
      vertex -19.093358198059605 -15.669514118842043 2
    endloop
  endfacet
  facet normal 0 0 -1
    outer loop
      vertex -23.766290121668536 -20.933003573138112 2
      vertex -19.83922602757193 -14.713772820963104 2
      vertex -23.373595412448367 -21.073511986827032 2
    endloop
  endfacet
  facet normal 0 0 -1
    outer loop
      vertex -23.373595412448367 -21.073511986827032 2
      vertex -19.83922602757193 -14.713772820963104 2
      vertex -19.093358198059605 -15.669514118842043 2
    endloop
  endfacet
  facet normal 0 0 -1
    outer loop
      vertex -22.99656386848951 -21.25183462651949 2
      vertex -19.093358198059605 -15.669514118842043 2
      vertex -18.30149279626749 -16.587506184721356 2
    endloop
  endfacet
  facet normal 0 0 -1
    outer loop
      vertex -21.25183462651949 -22.99656386848951 2
      vertex -15.669514118842043 -19.093358198059605 2
      vertex -21.073511986827032 -23.373595412448367 2
    endloop
  endfacet
  facet normal 0 0 -1
    outer loop
      vertex -21.46625414771418 -22.638826509666693 2
      vertex -15.669514118842043 -19.093358198059605 2
      vertex -21.25183462651949 -22.99656386848951 2
    endloop
  endfacet
  facet normal 0 0 -1
    outer loop
      vertex -20.933003573138112 -23.766290121668536 2
      vertex -21.073511986827032 -23.373595412448367 2
      vertex -14.713772820963104 -19.83922602757193 2
    endloop
  endfacet
  facet normal 0 0 -1
    outer loop
      vertex -21.46625414771418 -22.638826509666693 2
      vertex -16.587506184721356 -18.30149279626749 2
      vertex -15.669514118842043 -19.093358198059605 2
    endloop
  endfacet
  facet normal 0 0 -1
    outer loop
      vertex -21.073511986827032 -23.373595412448367 2
      vertex -15.669514118842043 -19.093358198059605 2
      vertex -14.713772820963104 -19.83922602757193 2
    endloop
  endfacet
  facet normal 0 0 -1
    outer loop
      vertex -22.303828542304508 -21.714705573208366 2
      vertex -18.30149279626749 -16.587506184721356 2
      vertex -17.465537495307725 -17.465537495307725 2
    endloop
  endfacet
  facet normal 0 0 -1
    outer loop
      vertex -21.994796179957174 -21.994796179957174 2
      vertex -17.465537495307725 -17.465537495307725 2
      vertex -16.587506184721356 -18.30149279626749 2
    endloop
  endfacet
  facet normal 0.7242470829514676 0.6895405447370664 0
    outer loop
      vertex -17.465537495307725 -17.465537495307725 2
      vertex -18.30149279626749 -16.587506184721356 2
      vertex -18.30149279626749 -16.587506184721356 5
    endloop
  endfacet
  facet normal 0.6895405447370664 0.7242470829514676 0
    outer loop
      vertex -17.465537495307725 -17.465537495307725 2
      vertex -17.465537495307725 -17.465537495307725 5
      vertex -16.587506184721356 -18.30149279626749 2
    endloop
  endfacet
  facet normal 0.7242470829514676 0.6895405447370664 0
    outer loop
      vertex -17.465537495307725 -17.465537495307725 2
      vertex -18.30149279626749 -16.587506184721356 5
      vertex -17.465537495307725 -17.465537495307725 5
    endloop
  endfacet
  facet normal 0.6895405447370664 0.7242470829514676 0
    outer loop
      vertex -17.465537495307725 -17.465537495307725 5
      vertex -16.587506184721356 -18.30149279626749 5
      vertex -16.587506184721356 -18.30149279626749 2
    endloop
  endfacet
  facet normal 0 0 1
    outer loop
      vertex -22.638826509666693 -21.46625414771418 5
      vertex -22.303828542304508 -21.714705573208366 5
      vertex -21.265297297687326 -19.27374200410943 5
    endloop
  endfacet
  facet normal 0 0 1
    outer loop
      vertex -21.994796179957174 -21.994796179957174 5
      vertex -21.265297297687326 -19.27374200410943 5
      vertex -22.303828542304508 -21.714705573208366 5
    endloop
  endfacet
  facet normal 0 0 1
    outer loop
      vertex -21.994796179957174 -21.994796179957174 5
      vertex -20.293964620053917 -20.293964620053917 5
      vertex -21.265297297687326 -19.27374200410943 5
    endloop
  endfacet
  facet normal 0 0 1
    outer loop
      vertex -21.994796179957174 -21.994796179957174 5
      vertex -19.27374200410943 -21.265297297687326 5
      vertex -20.293964620053917 -20.293964620053917 5
    endloop
  endfacet
  facet normal 0 0 1
    outer loop
      vertex -21.994796179957174 -21.994796179957174 5
      vertex -18.207087255496624 -22.185400011510552 5
      vertex -19.27374200410943 -21.265297297687326 5
    endloop
  endfacet
  facet normal 0 0 1
    outer loop
      vertex -22.638826509666693 -21.46625414771418 5
      vertex -21.265297297687326 -19.27374200410943 5
      vertex -22.185400011510552 -18.207087255496624 5
    endloop
  endfacet
  facet normal 0 0 1
    outer loop
      vertex -17.096570038932835 -23.052056153494508 5
      vertex -18.207087255496624 -22.185400011510552 5
      vertex -21.994796179957174 -21.994796179957174 5
    endloop
  endfacet
  facet normal 0 0 -1
    outer loop
      vertex -25 -20.75 2
      vertex -21.18589666700672 -12.698337781572578 2
      vertex -20.537299423872867 -13.722584755584174 2
    endloop
  endfacet
  facet normal 0 0 -1
    outer loop
      vertex -24.170866131431456 -20.83166255828627 2
      vertex -20.537299423872867 -13.722584755584174 2
      vertex -19.83922602757193 -14.713772820963104 2
    endloop
  endfacet
  facet normal 0.8175848131515843 0.5758081914178447 0
    outer loop
      vertex -19.83922602757193 -14.713772820963104 2
      vertex -20.537299423872867 -13.722584755584174 5
      vertex -19.83922602757193 -14.713772820963104 5
    endloop
  endfacet
  facet normal 0.8700869911087121 0.49289819222978287 0
    outer loop
      vertex -21.18589666700672 -12.698337781572578 2
      vertex -21.783455229404368 -11.643499399602142 2
      vertex -21.783455229404368 -11.643499399602142 5
    endloop
  endfacet
  facet normal 0.8448535652497065 0.534997619887098 0
    outer loop
      vertex -21.18589666700672 -12.698337781572578 2
      vertex -21.18589666700672 -12.698337781572578 5
      vertex -20.537299423872867 -13.722584755584174 2
    endloop
  endfacet
  facet normal 0.8175848131515843 0.5758081914178447 0
    outer loop
      vertex -19.83922602757193 -14.713772820963104 2
      vertex -20.537299423872867 -13.722584755584174 2
      vertex -20.537299423872867 -13.722584755584174 5
    endloop
  endfacet
  facet normal 0.8932243011955147 0.4496113296546081 0
    outer loop
      vertex -21.783455229404368 -11.643499399602142 2
      vertex -22.32853554014905 -10.560610807727967 5
      vertex -21.783455229404368 -11.643499399602142 5
    endloop
  endfacet
  facet normal 0.8700869911087121 0.49289819222978287 0
    outer loop
      vertex -21.18589666700672 -12.698337781572578 2
      vertex -21.783455229404368 -11.643499399602142 5
      vertex -21.18589666700672 -12.698337781572578 5
    endloop
  endfacet
  facet normal 0.8448535652497065 0.534997619887098 0
    outer loop
      vertex -20.537299423872867 -13.722584755584174 2
      vertex -21.18589666700672 -12.698337781572578 5
      vertex -20.537299423872867 -13.722584755584174 5
    endloop
  endfacet
  facet normal 0.7572088465064842 0.653172842953777 0
    outer loop
      vertex -19.093358198059605 -15.669514118842043 2
      vertex -19.093358198059605 -15.669514118842043 5
      vertex -18.30149279626749 -16.587506184721356 2
    endloop
  endfacet
  facet normal 0.7883464276266067 0.6152315905806263 0
    outer loop
      vertex -19.83922602757193 -14.713772820963104 2
      vertex -19.83922602757193 -14.713772820963104 5
      vertex -19.093358198059605 -15.669514118842043 2
    endloop
  endfacet
  facet normal 0.7572088465064842 0.653172842953777 0
    outer loop
      vertex -18.30149279626749 -16.587506184721356 2
      vertex -19.093358198059605 -15.669514118842043 5
      vertex -18.30149279626749 -16.587506184721356 5
    endloop
  endfacet
  facet normal 0.7883464276266067 0.6152315905806263 0
    outer loop
      vertex -19.093358198059605 -15.669514118842043 2
      vertex -19.83922602757193 -14.713772820963104 5
      vertex -19.093358198059605 -15.669514118842043 5
    endloop
  endfacet
  facet normal 0 0 -1
    outer loop
      vertex -20.83166255828627 -24.170866131431456 2
      vertex -14.713772820963104 -19.83922602757193 2
      vertex -13.722584755584174 -20.537299423872867 2
    endloop
  endfacet
  facet normal 0 0 -1
    outer loop
      vertex -20.770464911643163 -24.583427153599366 2
      vertex -13.722584755584174 -20.537299423872867 2
      vertex -12.698337781572578 -21.18589666700672 2
    endloop
  endfacet
  facet normal 0.5758081914178447 0.8175848131515843 0
    outer loop
      vertex -14.713772820963104 -19.83922602757193 2
      vertex -14.713772820963104 -19.83922602757193 5
      vertex -13.722584755584174 -20.537299423872867 2
    endloop
  endfacet
  facet normal 0.653172842953777 0.7572088465064842 0
    outer loop
      vertex -16.587506184721356 -18.30149279626749 2
      vertex -16.587506184721356 -18.30149279626749 5
      vertex -15.669514118842043 -19.093358198059605 2
    endloop
  endfacet
  facet normal 0.6152315905806263 0.7883464276266067 0
    outer loop
      vertex -14.713772820963104 -19.83922602757193 2
      vertex -15.669514118842043 -19.093358198059605 2
      vertex -15.669514118842043 -19.093358198059605 5
    endloop
  endfacet
  facet normal 0.653172842953777 0.7572088465064842 0
    outer loop
      vertex -15.669514118842043 -19.093358198059605 2
      vertex -16.587506184721356 -18.30149279626749 5
      vertex -15.669514118842043 -19.093358198059605 5
    endloop
  endfacet
  facet normal 0.6152315905806263 0.7883464276266067 0
    outer loop
      vertex -14.713772820963104 -19.83922602757193 2
      vertex -15.669514118842043 -19.093358198059605 5
      vertex -14.713772820963104 -19.83922602757193 5
    endloop
  endfacet
  facet normal 0.534997619887098 0.8448535652497065 0
    outer loop
      vertex -12.698337781572578 -21.18589666700672 2
      vertex -13.722584755584174 -20.537299423872867 2
      vertex -13.722584755584174 -20.537299423872867 5
    endloop
  endfacet
  facet normal 0.49289819222978287 0.8700869911087121 0
    outer loop
      vertex -12.698337781572578 -21.18589666700672 2
      vertex -12.698337781572578 -21.18589666700672 5
      vertex -11.643499399602142 -21.783455229404368 2
    endloop
  endfacet
  facet normal 0.4496113296546081 0.8932243011955147 0
    outer loop
      vertex -11.643499399602142 -21.783455229404368 2
      vertex -11.643499399602142 -21.783455229404368 5
      vertex -10.560610807727967 -22.32853554014905 2
    endloop
  endfacet
  facet normal 0.5758081914178447 0.8175848131515843 0
    outer loop
      vertex -13.722584755584174 -20.537299423872867 2
      vertex -14.713772820963104 -19.83922602757193 5
      vertex -13.722584755584174 -20.537299423872867 5
    endloop
  endfacet
  facet normal 0.534997619887098 0.8448535652497065 0
    outer loop
      vertex -12.698337781572578 -21.18589666700672 2
      vertex -13.722584755584174 -20.537299423872867 5
      vertex -12.698337781572578 -21.18589666700672 5
    endloop
  endfacet
  facet normal 0.49289819222978287 0.8700869911087121 0
    outer loop
      vertex -11.643499399602142 -21.783455229404368 2
      vertex -12.698337781572578 -21.18589666700672 5
      vertex -11.643499399602142 -21.783455229404368 5
    endloop
  endfacet
  facet normal 0.8932243011955147 0.4496113296546081 0
    outer loop
      vertex -21.783455229404368 -11.643499399602142 2
      vertex -22.32853554014905 -10.560610807727967 2
      vertex -22.32853554014905 -10.560610807727967 5
    endloop
  endfacet
  facet normal 0.9142097557035307 0.40524131400498975 0
    outer loop
      vertex -22.819824453028783 -9.452280779417718 5
      vertex -22.32853554014905 -10.560610807727967 5
      vertex -22.32853554014905 -10.560610807727967 2
    endloop
  endfacet
  facet normal 0.40524131400498975 0.9142097557035307 0
    outer loop
      vertex -9.452280779417718 -22.819824453028783 2
      vertex -10.560610807727967 -22.32853554014905 2
      vertex -10.560610807727967 -22.32853554014905 5
    endloop
  endfacet
  facet normal 0.4496113296546081 0.8932243011955147 0
    outer loop
      vertex -11.643499399602142 -21.783455229404368 5
      vertex -10.560610807727967 -22.32853554014905 5
      vertex -10.560610807727967 -22.32853554014905 2
    endloop
  endfacet
  facet normal 0.7242470829514676 0.6895405447370663 0
    outer loop
      vertex -17.465537495307725 -17.465537495307725 5
      vertex -18.30149279626749 -16.587506184721356 5
      vertex -18.30149279626749 -16.587506184721356 38.5
    endloop
  endfacet
  facet normal 0.6895405447370663 0.7242470829514676 0
    outer loop
      vertex -17.465537495307725 -17.465537495307725 5
      vertex -17.465537495307725 -17.465537495307725 38.5
      vertex -16.587506184721356 -18.30149279626749 5
    endloop
  endfacet
  facet normal 0.8700869911087121 0.49289819222978276 0
    outer loop
      vertex -21.18589666700672 -12.698337781572578 5
      vertex -21.783455229404368 -11.643499399602142 5
      vertex -21.783455229404368 -11.643499399602142 38.5
    endloop
  endfacet
  facet normal 0.8448535652497066 0.5349976198870982 0
    outer loop
      vertex -21.18589666700672 -12.698337781572578 5
      vertex -21.18589666700672 -12.698337781572578 38.5
      vertex -20.537299423872867 -13.722584755584174 5
    endloop
  endfacet
  facet normal 0.8175848131515842 0.5758081914178446 0
    outer loop
      vertex -19.83922602757193 -14.713772820963104 5
      vertex -20.537299423872867 -13.722584755584174 5
      vertex -20.537299423872867 -13.722584755584174 38.5
    endloop
  endfacet
  facet normal 0.7572088465064843 0.653172842953777 0
    outer loop
      vertex -19.093358198059605 -15.669514118842043 5
      vertex -19.093358198059605 -15.669514118842043 38.5
      vertex -18.30149279626749 -16.587506184721356 5
    endloop
  endfacet
  facet normal 0.7883464276266067 0.6152315905806263 0
    outer loop
      vertex -19.83922602757193 -14.713772820963104 5
      vertex -19.83922602757193 -14.713772820963104 38.5
      vertex -19.093358198059605 -15.669514118842043 5
    endloop
  endfacet
  facet normal 0.5758081914178446 0.8175848131515842 0
    outer loop
      vertex -14.713772820963104 -19.83922602757193 5
      vertex -14.713772820963104 -19.83922602757193 38.5
      vertex -13.722584755584174 -20.537299423872867 5
    endloop
  endfacet
  facet normal 0.653172842953777 0.7572088465064843 0
    outer loop
      vertex -16.587506184721356 -18.30149279626749 5
      vertex -16.587506184721356 -18.30149279626749 38.5
      vertex -15.669514118842043 -19.093358198059605 5
    endloop
  endfacet
  facet normal 0.6152315905806263 0.7883464276266067 0
    outer loop
      vertex -14.713772820963104 -19.83922602757193 5
      vertex -15.669514118842043 -19.093358198059605 5
      vertex -15.669514118842043 -19.093358198059605 38.5
    endloop
  endfacet
  facet normal 0.5349976198870982 0.8448535652497066 0
    outer loop
      vertex -12.698337781572578 -21.18589666700672 5
      vertex -13.722584755584174 -20.537299423872867 5
      vertex -13.722584755584174 -20.537299423872867 38.5
    endloop
  endfacet
  facet normal 0.49289819222978276 0.8700869911087121 0
    outer loop
      vertex -12.698337781572578 -21.18589666700672 5
      vertex -12.698337781572578 -21.18589666700672 38.5
      vertex -11.643499399602142 -21.783455229404368 5
    endloop
  endfacet
  facet normal 0.4496113296546081 0.8932243011955145 0
    outer loop
      vertex -11.643499399602142 -21.783455229404368 5
      vertex -11.643499399602142 -21.783455229404368 38.5
      vertex -10.560610807727967 -22.32853554014905 5
    endloop
  endfacet
  facet normal -0.757208846506485 -0.6531728429537763 0
    outer loop
      vertex -21.265297297687326 -19.27374200410943 5
      vertex -22.185400011510552 -18.207087255496624 40
      vertex -22.185400011510552 -18.207087255496624 5
    endloop
  endfacet
  facet normal -0.7242470829514682 -0.6895405447370655 0
    outer loop
      vertex -20.293964620053917 -20.293964620053917 5
      vertex -21.265297297687326 -19.27374200410943 40
      vertex -21.265297297687326 -19.27374200410943 5
    endloop
  endfacet
  facet normal -0.6531728429537763 -0.757208846506485 0
    outer loop
      vertex -19.27374200410943 -21.265297297687326 5
      vertex -18.207087255496624 -22.185400011510552 5
      vertex -18.207087255496624 -22.185400011510552 40
    endloop
  endfacet
  facet normal -0.6895405447370655 -0.7242470829514682 0
    outer loop
      vertex -20.293964620053917 -20.293964620053917 5
      vertex -19.27374200410943 -21.265297297687326 5
      vertex -19.27374200410943 -21.265297297687326 40
    endloop
  endfacet
  facet normal 0.8932243011955145 0.4496113296546081 0
    outer loop
      vertex -21.783455229404368 -11.643499399602142 5
      vertex -22.32853554014905 -10.560610807727967 5
      vertex -22.32853554014905 -10.560610807727967 38.5
    endloop
  endfacet
  facet normal 0.40524131400498975 0.9142097557035307 0
    outer loop
      vertex -9.452280779417718 -22.819824453028783 5
      vertex -10.560610807727967 -22.32853554014905 5
      vertex -10.560610807727967 -22.32853554014905 38.5
    endloop
  endfacet
  facet normal -0.8700869911087113 -0.49289819222978404 0
    outer loop
      vertex -24.616811107007806 -14.754748758345464 5
      vertex -24.616811107007806 -14.754748758345464 40
      vertex -24.84908387247379 -14.34472998609851 28.167178879777705
    endloop
  endfacet
  facet normal -0.8448535652497071 -0.5349976198870973 0
    outer loop
      vertex -23.863177873083046 -15.944865687662583 5
      vertex -23.863177873083046 -15.944865687662583 40
      vertex -24.616811107007806 -14.754748758345464 40
    endloop
  endfacet
  facet normal -0.8175848131515839 -0.5758081914178449 0
    outer loop
      vertex -23.052056153494508 -17.096570038932835 5
      vertex -23.052056153494508 -17.096570038932835 40
      vertex -23.863177873083046 -15.944865687662583 40
    endloop
  endfacet
  facet normal -0.9142097557035312 -0.4052413140049884 0
    outer loop
      vertex -26.515342583073927 -10.983014508878076 5
      vertex -26.210247212654103 -11.67129863593614 28.168923145340973
      vertex -26.515342583073927 -10.983014508878076 40
    endloop
  endfacet
  facet normal -0.3420201433007319 0.9396926207949847 0
    outer loop
      vertex -23.20764561910311 -8.446892212054514 5
      vertex -26.9659687962858 -9.814809979188848 40
      vertex -23.20764561910311 -8.446892212054514 38.5
    endloop
  endfacet
  facet normal 0.9329927988347387 0.3598950365349882 0
    outer loop
      vertex -22.819824453028783 -9.452280779417718 5
      vertex -23.20764561910311 -8.446892212054514 38.5
      vertex -22.819824453028783 -9.452280779417718 38.5
    endloop
  endfacet
  facet normal -0.9329927988347385 -0.35989503653498917 0
    outer loop
      vertex -26.9659687962858 -9.814809979188848 5
      vertex -26.515342583073927 -10.983014508878076 40
      vertex -26.9659687962858 -9.814809979188848 40
    endloop
  endfacet
  facet normal -0.8932243011955159 -0.44961132965460554 0
    outer loop
      vertex -25.944492712642823 -12.270831181449095 40
      vertex -25.944492712642823 -12.270831181449095 28.10085951725428
      vertex -25.31114028679779 -13.529086346906132 28.08756192527879
    endloop
  endfacet
  facet normal -0.914209755703531 -0.4052413140049892 0
    outer loop
      vertex -25.944492712642823 -12.270831181449095 40
      vertex -26.210247212654103 -11.67129863593614 28.168923145340973
      vertex -25.944492712642823 -12.270831181449095 28.10085951725428
    endloop
  endfacet
  facet normal -0.8700869911087098 -0.4928981922297871 0
    outer loop
      vertex -25.31114028679779 -13.529086346906132 40
      vertex -25.31114028679779 -13.529086346906132 28.08756192527879
      vertex -24.84908387247379 -14.34472998609851 28.167178879777705
    endloop
  endfacet
  facet normal -0.8932243011955159 -0.4496113296546055 0
    outer loop
      vertex -25.944492712642823 -12.270831181449095 40
      vertex -25.31114028679779 -13.529086346906132 28.08756192527879
      vertex -25.31114028679779 -13.529086346906132 40
    endloop
  endfacet
  facet normal -0.9142097557035311 -0.40524131400498875 1.998476367872908e-17
    outer loop
      vertex -25.944492712642823 -12.270831181449095 40
      vertex -26.515342583073927 -10.983014508878076 40
      vertex -26.210247212654103 -11.67129863593614 28.168923145340973
    endloop
  endfacet
  facet normal -0.8700869911087102 -0.4928981922297861 -8.991817984176515e-17
    outer loop
      vertex -24.616811107007806 -14.754748758345464 40
      vertex -25.31114028679779 -13.529086346906132 40
      vertex -24.84908387247379 -14.34472998609851 28.167178879777705
    endloop
  endfacet
  facet normal 0 0 1
    outer loop
      vertex -24.616811107007806 -14.754748758345464 40
      vertex -26.9659687962858 -9.814809979188848 40
      vertex -25.31114028679779 -13.529086346906132 40
    endloop
  endfacet
  facet normal 0 0 1
    outer loop
      vertex -25.944492712642823 -12.270831181449095 40
      vertex -25.31114028679779 -13.529086346906132 40
      vertex -26.9659687962858 -9.814809979188848 40
    endloop
  endfacet
  facet normal 0 0 1
    outer loop
      vertex -23.052056153494508 -17.096570038932835 40
      vertex -22.185400011510552 -18.207087255496624 40
      vertex -22.46396909912633 -13.46438491695983 40
    endloop
  endfacet
  facet normal 0 0 1
    outer loop
      vertex -23.052056153494508 -17.096570038932835 40
      vertex -23.675539453743585 -11.197696211845937 40
      vertex -23.863177873083046 -15.944865687662583 40
    endloop
  endfacet
  facet normal 0 0 1
    outer loop
      vertex -23.052056153494508 -17.096570038932835 40
      vertex -22.46396909912633 -13.46438491695983 40
      vertex -23.097576318665165 -12.345911755799822 40
    endloop
  endfacet
  facet normal 0 0 1
    outer loop
      vertex -24.616811107007806 -14.754748758345464 40
      vertex -23.863177873083046 -15.944865687662583 40
      vertex -24.196466140545603 -10.022504436915368 40
    endloop
  endfacet
  facet normal 0 0 1
    outer loop
      vertex -23.863177873083046 -15.944865687662583 40
      vertex -23.675539453743585 -11.197696211845937 40
      vertex -24.196466140545603 -10.022504436915368 40
    endloop
  endfacet
  facet normal 0 0 1
    outer loop
      vertex -23.052056153494508 -17.096570038932835 40
      vertex -23.097576318665165 -12.345911755799822 40
      vertex -23.675539453743585 -11.197696211845937 40
    endloop
  endfacet
  facet normal 0.6337946208436135 0.3190254024930054 0.7046468414417794
    outer loop
      vertex -23.097576318665165 -12.345911755799822 40
      vertex -21.783455229404368 -11.643499399602142 38.5
      vertex -23.675539453743585 -11.197696211845937 40
    endloop
  endfacet
  facet normal 0 0 1
    outer loop
      vertex -25.944492712642823 -12.270831181449095 40
      vertex -26.9659687962858 -9.814809979188848 40
      vertex -26.515342583073927 -10.983014508878076 40
    endloop
  endfacet
  facet normal 0 0 1
    outer loop
      vertex -24.616811107007806 -14.754748758345464 40
      vertex -24.607683226497326 -8.956464227957204 40
      vertex -26.9659687962858 -9.814809979188848 40
    endloop
  endfacet
  facet normal 0 0 1
    outer loop
      vertex -24.616811107007806 -14.754748758345464 40
      vertex -24.196466140545603 -10.022504436915368 40
      vertex -24.607683226497326 -8.956464227957204 40
    endloop
  endfacet
  facet normal -0.3420201433007323 0.9396926207949845 -1.2976604549748692e-15
    outer loop
      vertex -26.9659687962858 -9.814809979188848 40
      vertex -24.607683226497326 -8.956464227957204 40
      vertex -23.20764561910311 -8.446892212054514 38.5
    endloop
  endfacet
  facet normal 0.6337946208436133 0.31902540249300837 0.7046468414417782
    outer loop
      vertex -23.675539453743585 -11.197696211845937 40
      vertex -21.783455229404368 -11.643499399602142 38.5
      vertex -22.32853554014905 -10.560610807727967 38.5
    endloop
  endfacet
  facet normal 0.6486850220175815 0.28754229437801787 0.7046468414417786
    outer loop
      vertex -22.819824453028783 -9.452280779417718 38.5
      vertex -24.196466140545603 -10.022504436915368 40
      vertex -22.32853554014905 -10.560610807727967 38.5
    endloop
  endfacet
  facet normal 0.6486850220175815 0.2875422943780189 0.7046468414417782
    outer loop
      vertex -24.196466140545603 -10.022504436915368 40
      vertex -23.675539453743585 -11.197696211845937 40
      vertex -22.32853554014905 -10.560610807727967 38.5
    endloop
  endfacet
  facet normal 0.662012684155412 0.2553664716901419 0.7046468414417782
    outer loop
      vertex -23.20764561910311 -8.446892212054514 38.5
      vertex -24.607683226497326 -8.956464227957204 40
      vertex -22.819824453028783 -9.452280779417718 38.5
    endloop
  endfacet
  facet normal 0.662012684155412 0.2553664716901409 0.7046468414417786
    outer loop
      vertex -22.819824453028783 -9.452280779417718 38.5
      vertex -24.607683226497326 -8.956464227957204 40
      vertex -24.196466140545603 -10.022504436915368 40
    endloop
  endfacet
  facet normal -0.49289819222978404 -0.8700869911087113 0
    outer loop
      vertex -14.754748758345464 -24.616811107007806 5
      vertex -14.34472998609851 -24.84908387247379 28.167178879777705
      vertex -14.754748758345464 -24.616811107007806 40
    endloop
  endfacet
  facet normal -0.4052413140049884 -0.9142097557035312 0
    outer loop
      vertex -10.983014508878076 -26.515342583073927 40
      vertex -11.67129863593614 -26.210247212654103 28.168923145340973
      vertex -11.67129863593614 -26.210247212654103 5
    endloop
  endfacet
  facet normal -0.5349976198870973 -0.8448535652497071 0
    outer loop
      vertex -15.944865687662583 -23.863177873083046 5
      vertex -14.754748758345464 -24.616811107007806 40
      vertex -15.944865687662583 -23.863177873083046 40
    endloop
  endfacet
  facet normal -0.5758081914178449 -0.8175848131515839 0
    outer loop
      vertex -17.096570038932835 -23.052056153494508 5
      vertex -15.944865687662583 -23.863177873083046 40
      vertex -17.096570038932835 -23.052056153494508 40
    endloop
  endfacet
  facet normal 0.9396926207949845 -0.34202014330073227 0
    outer loop
      vertex -8.446892212054513 -23.20764561910311 5
      vertex -8.446892212054513 -23.20764561910311 38.5
      vertex -9.814809979188848 -26.9659687962858 40
    endloop
  endfacet
  facet normal 0.40524131400498975 0.9142097557035307 0
    outer loop
      vertex -9.452280779417718 -22.819824453028783 5
      vertex -10.560610807727967 -22.32853554014905 38.5
      vertex -9.452280779417718 -22.819824453028783 38.5
    endloop
  endfacet
  facet normal 0.3598950365349877 0.9329927988347391 0
    outer loop
      vertex -8.446892212054513 -23.20764561910311 5
      vertex -9.452280779417718 -22.819824453028783 38.5
      vertex -8.446892212054513 -23.20764561910311 38.5
    endloop
  endfacet
  facet normal -0.35989503653498917 -0.9329927988347385 0
    outer loop
      vertex -10.983014508878076 -26.515342583073927 5
      vertex -9.814809979188848 -26.9659687962858 40
      vertex -10.983014508878076 -26.515342583073927 40
    endloop
  endfacet
  facet normal -0.4496113296546055 -0.8932243011955159 0
    outer loop
      vertex -13.529086346906132 -25.31114028679779 40
      vertex -13.529086346906132 -25.31114028679779 28.08756192527879
      vertex -12.270831181449095 -25.944492712642823 28.10085951725428
    endloop
  endfacet
  facet normal -0.4052413140049892 -0.914209755703531 0
    outer loop
      vertex -12.270831181449095 -25.944492712642823 40
      vertex -12.270831181449095 -25.944492712642823 28.10085951725428
      vertex -11.67129863593614 -26.210247212654103 28.168923145340973
    endloop
  endfacet
  facet normal -0.4928981922297871 -0.8700869911087098 0
    outer loop
      vertex -13.529086346906132 -25.31114028679779 40
      vertex -14.34472998609851 -24.84908387247379 28.167178879777705
      vertex -13.529086346906132 -25.31114028679779 28.08756192527879
    endloop
  endfacet
  facet normal -0.4928981922297861 -0.8700869911087102 -8.991817984176515e-17
    outer loop
      vertex -14.754748758345464 -24.616811107007806 40
      vertex -14.34472998609851 -24.84908387247379 28.167178879777705
      vertex -13.529086346906132 -25.31114028679779 40
    endloop
  endfacet
  facet normal -0.44961132965460554 -0.8932243011955159 0
    outer loop
      vertex -12.270831181449095 -25.944492712642823 40
      vertex -13.529086346906132 -25.31114028679779 40
      vertex -12.270831181449095 -25.944492712642823 28.10085951725428
    endloop
  endfacet
  facet normal -0.40524131400498875 -0.9142097557035311 1.998476367872908e-17
    outer loop
      vertex -12.270831181449095 -25.944492712642823 40
      vertex -11.67129863593614 -26.210247212654103 28.168923145340973
      vertex -10.983014508878076 -26.515342583073927 40
    endloop
  endfacet
  facet normal 0 0 1
    outer loop
      vertex -15.944865687662583 -23.863177873083046 40
      vertex -14.754748758345464 -24.616811107007806 40
      vertex -15.601404234941898 -21.036058442029844 40
    endloop
  endfacet
  facet normal 0 0 1
    outer loop
      vertex -14.754748758345464 -24.616811107007806 40
      vertex -13.529086346906132 -25.31114028679779 40
      vertex -14.550421195514044 -21.776244210416397 40
    endloop
  endfacet
  facet normal 0 0 1
    outer loop
      vertex -12.270831181449095 -25.944492712642823 40
      vertex -10.983014508878076 -26.515342583073927 40
      vertex -11.197696211845937 -23.675539453743585 40
    endloop
  endfacet
  facet normal 0 0 1
    outer loop
      vertex -12.270831181449095 -25.944492712642823 40
      vertex -12.345911755799822 -23.097576318665165 40
      vertex -13.529086346906132 -25.31114028679779 40
    endloop
  endfacet
  facet normal 0 0 1
    outer loop
      vertex -13.529086346906132 -25.31114028679779 40
      vertex -13.46438491695983 -22.463969099126327 40
      vertex -14.550421195514044 -21.776244210416397 40
    endloop
  endfacet
  facet normal 0 0 1
    outer loop
      vertex -13.529086346906132 -25.31114028679779 40
      vertex -12.345911755799822 -23.097576318665165 40
      vertex -13.46438491695983 -22.463969099126327 40
    endloop
  endfacet
  facet normal 0 0 1
    outer loop
      vertex -12.270831181449095 -25.944492712642823 40
      vertex -11.197696211845937 -23.675539453743585 40
      vertex -12.345911755799822 -23.097576318665165 40
    endloop
  endfacet
  facet normal 0.319025402493006 0.6337946208436145 0.7046468414417782
    outer loop
      vertex -12.345911755799822 -23.097576318665165 40
      vertex -11.197696211845937 -23.675539453743585 40
      vertex -10.560610807727967 -22.32853554014905 38.5
    endloop
  endfacet
  facet normal 0 0 1
    outer loop
      vertex -10.983014508878076 -26.515342583073927 40
      vertex -9.814809979188848 -26.9659687962858 40
      vertex -8.956464227957204 -24.607683226497326 40
    endloop
  endfacet
  facet normal 0 0 1
    outer loop
      vertex -10.983014508878076 -26.515342583073927 40
      vertex -10.022504436915368 -24.196466140545603 40
      vertex -11.197696211845937 -23.675539453743585 40
    endloop
  endfacet
  facet normal 0 0 1
    outer loop
      vertex -10.983014508878076 -26.515342583073927 40
      vertex -8.956464227957204 -24.607683226497326 40
      vertex -10.022504436915368 -24.196466140545603 40
    endloop
  endfacet
  facet normal 0.2875422943780181 0.6486850220175819 0.7046468414417782
    outer loop
      vertex -9.452280779417718 -22.819824453028783 38.5
      vertex -10.560610807727967 -22.32853554014905 38.5
      vertex -11.197696211845937 -23.675539453743585 40
    endloop
  endfacet
  facet normal 0.28754229437801876 0.648685022017581 0.7046468414417786
    outer loop
      vertex -9.452280779417718 -22.819824453028783 38.5
      vertex -11.197696211845937 -23.675539453743585 40
      vertex -10.022504436915368 -24.196466140545603 40
    endloop
  endfacet
  facet normal 0.255366471690141 0.6620126841554123 0.7046468414417784
    outer loop
      vertex -8.446892212054513 -23.20764561910311 38.5
      vertex -10.022504436915368 -24.196466140545603 40
      vertex -8.956464227957204 -24.607683226497326 40
    endloop
  endfacet
  facet normal 0.9396926207949845 -0.3420201433007323 -1.1796913227044264e-16
    outer loop
      vertex -9.814809979188848 -26.9659687962858 40
      vertex -8.446892212054513 -23.20764561910311 38.5
      vertex -8.956464227957204 -24.607683226497326 40
    endloop
  endfacet
  facet normal 0.2553664716901414 0.6620126841554118 0.7046468414417786
    outer loop
      vertex -9.452280779417718 -22.819824453028783 38.5
      vertex -10.022504436915368 -24.196466140545603 40
      vertex -8.446892212054513 -23.20764561910311 38.5
    endloop
  endfacet
  facet normal 0.7242470829514676 0.6895405447370663 0
    outer loop
      vertex -17.465537495307725 -17.465537495307725 5
      vertex -18.30149279626749 -16.587506184721356 38.5
      vertex -17.465537495307725 -17.465537495307725 38.5
    endloop
  endfacet
  facet normal 0.6895405447370663 0.7242470829514676 0
    outer loop
      vertex -16.587506184721356 -18.30149279626749 5
      vertex -17.465537495307725 -17.465537495307725 38.5
      vertex -16.587506184721356 -18.30149279626749 38.5
    endloop
  endfacet
  facet normal -0.7242470829514682 -0.6895405447370655 0
    outer loop
      vertex -20.293964620053917 -20.293964620053917 5
      vertex -20.293964620053917 -20.293964620053917 40
      vertex -21.265297297687326 -19.27374200410943 40
    endloop
  endfacet
  facet normal -0.6895405447370655 -0.7242470829514682 0
    outer loop
      vertex -20.293964620053917 -20.293964620053917 5
      vertex -19.27374200410943 -21.265297297687326 40
      vertex -20.293964620053917 -20.293964620053917 40
    endloop
  endfacet
  facet normal -0.757208846506485 -0.6531728429537763 0
    outer loop
      vertex -21.265297297687326 -19.27374200410943 5
      vertex -21.265297297687326 -19.27374200410943 40
      vertex -22.185400011510552 -18.207087255496624 40
    endloop
  endfacet
  facet normal -0.7883464276266069 -0.6152315905806259 0
    outer loop
      vertex -22.185400011510552 -18.207087255496624 5
      vertex -22.185400011510552 -18.207087255496624 40
      vertex -23.052056153494508 -17.096570038932835 40
    endloop
  endfacet
  facet normal -0.6531728429537763 -0.757208846506485 0
    outer loop
      vertex -19.27374200410943 -21.265297297687326 5
      vertex -18.207087255496624 -22.185400011510552 40
      vertex -19.27374200410943 -21.265297297687326 40
    endloop
  endfacet
  facet normal -0.6152315905806259 -0.7883464276266069 0
    outer loop
      vertex -18.207087255496624 -22.185400011510552 5
      vertex -17.096570038932835 -23.052056153494508 40
      vertex -18.207087255496624 -22.185400011510552 40
    endloop
  endfacet
  facet normal 0.8175848131515842 0.5758081914178446 0
    outer loop
      vertex -19.83922602757193 -14.713772820963104 5
      vertex -20.537299423872867 -13.722584755584174 38.5
      vertex -19.83922602757193 -14.713772820963104 38.5
    endloop
  endfacet
  facet normal 0.8932243011955145 0.4496113296546081 0
    outer loop
      vertex -21.783455229404368 -11.643499399602142 5
      vertex -22.32853554014905 -10.560610807727967 38.5
      vertex -21.783455229404368 -11.643499399602142 38.5
    endloop
  endfacet
  facet normal 0.8700869911087121 0.49289819222978276 0
    outer loop
      vertex -21.18589666700672 -12.698337781572578 5
      vertex -21.783455229404368 -11.643499399602142 38.5
      vertex -21.18589666700672 -12.698337781572578 38.5
    endloop
  endfacet
  facet normal 0.8448535652497066 0.5349976198870982 0
    outer loop
      vertex -20.537299423872867 -13.722584755584174 5
      vertex -21.18589666700672 -12.698337781572578 38.5
      vertex -20.537299423872867 -13.722584755584174 38.5
    endloop
  endfacet
  facet normal 0.7572088465064843 0.653172842953777 0
    outer loop
      vertex -18.30149279626749 -16.587506184721356 5
      vertex -19.093358198059605 -15.669514118842043 38.5
      vertex -18.30149279626749 -16.587506184721356 38.5
    endloop
  endfacet
  facet normal 0.7883464276266067 0.6152315905806263 0
    outer loop
      vertex -19.093358198059605 -15.669514118842043 5
      vertex -19.83922602757193 -14.713772820963104 38.5
      vertex -19.093358198059605 -15.669514118842043 38.5
    endloop
  endfacet
  facet normal 0.653172842953777 0.7572088465064843 0
    outer loop
      vertex -15.669514118842043 -19.093358198059605 5
      vertex -16.587506184721356 -18.30149279626749 38.5
      vertex -15.669514118842043 -19.093358198059605 38.5
    endloop
  endfacet
  facet normal 0.6152315905806263 0.7883464276266067 0
    outer loop
      vertex -14.713772820963104 -19.83922602757193 5
      vertex -15.669514118842043 -19.093358198059605 38.5
      vertex -14.713772820963104 -19.83922602757193 38.5
    endloop
  endfacet
  facet normal 0.5758081914178446 0.8175848131515842 0
    outer loop
      vertex -13.722584755584174 -20.537299423872867 5
      vertex -14.713772820963104 -19.83922602757193 38.5
      vertex -13.722584755584174 -20.537299423872867 38.5
    endloop
  endfacet
  facet normal 0.5349976198870982 0.8448535652497066 0
    outer loop
      vertex -12.698337781572578 -21.18589666700672 5
      vertex -13.722584755584174 -20.537299423872867 38.5
      vertex -12.698337781572578 -21.18589666700672 38.5
    endloop
  endfacet
  facet normal 0.49289819222978276 0.8700869911087121 0
    outer loop
      vertex -11.643499399602142 -21.783455229404368 5
      vertex -12.698337781572578 -21.18589666700672 38.5
      vertex -11.643499399602142 -21.783455229404368 38.5
    endloop
  endfacet
  facet normal 0.9142097557035307 0.40524131400498975 0
    outer loop
      vertex -22.32853554014905 -10.560610807727967 5
      vertex -22.819824453028783 -9.452280779417718 38.5
      vertex -22.32853554014905 -10.560610807727967 38.5
    endloop
  endfacet
  facet normal 0.4496113296546081 0.8932243011955145 0
    outer loop
      vertex -10.560610807727967 -22.32853554014905 5
      vertex -11.643499399602142 -21.783455229404368 38.5
      vertex -10.560610807727967 -22.32853554014905 38.5
    endloop
  endfacet
  facet normal 0 0 1
    outer loop
      vertex -21.265297297687326 -19.27374200410943 40
      vertex -21.776244210416397 -14.550421195514044 40
      vertex -22.185400011510552 -18.207087255496624 40
    endloop
  endfacet
  facet normal 0 0 1
    outer loop
      vertex -20.293964620053917 -20.293964620053917 40
      vertex -21.036058442029844 -15.601404234941898 40
      vertex -21.265297297687326 -19.27374200410943 40
    endloop
  endfacet
  facet normal 0 0 1
    outer loop
      vertex -20.293964620053917 -20.293964620053917 40
      vertex -20.24519496631534 -16.61480212504615 40
      vertex -21.036058442029844 -15.601404234941898 40
    endloop
  endfacet
  facet normal 0 0 1
    outer loop
      vertex -20.293964620053917 -20.293964620053917 40
      vertex -19.40555904265733 -17.588173501546382 40
      vertex -20.24519496631534 -16.61480212504615 40
    endloop
  endfacet
  facet normal 0 0 1
    outer loop
      vertex -20.293964620053917 -20.293964620053917 40
      vertex -19.27374200410943 -21.265297297687326 40
      vertex -19.40555904265733 -17.588173501546382 40
    endloop
  endfacet
  facet normal 0 0 1
    outer loop
      vertex -19.27374200410943 -21.265297297687326 40
      vertex -18.207087255496624 -22.185400011510552 40
      vertex -18.51917342753934 -18.51917342753934 40
    endloop
  endfacet
  facet normal 0 0 1
    outer loop
      vertex -17.096570038932835 -23.052056153494508 40
      vertex -17.588173501546382 -19.40555904265733 40
      vertex -18.207087255496624 -22.185400011510552 40
    endloop
  endfacet
  facet normal 0 0 1
    outer loop
      vertex -18.207087255496624 -22.185400011510552 40
      vertex -17.588173501546382 -19.40555904265733 40
      vertex -18.51917342753934 -18.51917342753934 40
    endloop
  endfacet
  facet normal 0 0 1
    outer loop
      vertex -17.096570038932835 -23.052056153494508 40
      vertex -16.61480212504615 -20.24519496631534 40
      vertex -17.588173501546382 -19.40555904265733 40
    endloop
  endfacet
  facet normal 0 0 1
    outer loop
      vertex -19.27374200410943 -21.265297297687326 40
      vertex -18.51917342753934 -18.51917342753934 40
      vertex -19.40555904265733 -17.588173501546382 40
    endloop
  endfacet
  facet normal 0.5138954512566984 0.48926914272596367 0.7046468414417785
    outer loop
      vertex -17.465537495307725 -17.465537495307725 38.5
      vertex -18.30149279626749 -16.587506184721356 38.5
      vertex -19.40555904265733 -17.588173501546382 40
    endloop
  endfacet
  facet normal 0.5372837406334294 0.4634641419754874 0.7046468414417785
    outer loop
      vertex -19.40555904265733 -17.588173501546382 40
      vertex -18.30149279626749 -16.587506184721356 38.5
      vertex -20.24519496631534 -16.61480212504615 40
    endloop
  endfacet
  facet normal 0.5138954512566994 0.48926914272596095 0.7046468414417796
    outer loop
      vertex -17.465537495307725 -17.465537495307725 38.5
      vertex -19.40555904265733 -17.588173501546382 40
      vertex -18.51917342753934 -18.51917342753934 40
    endloop
  endfacet
  facet normal 0.48926914272596167 0.5138954512567002 0.7046468414417785
    outer loop
      vertex -18.51917342753934 -18.51917342753934 40
      vertex -17.588173501546382 -19.40555904265733 40
      vertex -16.587506184721356 -18.30149279626749 38.5
    endloop
  endfacet
  facet normal 0.4892691427259628 0.5138954512566976 0.7046468414417797
    outer loop
      vertex -17.465537495307725 -17.465537495307725 38.5
      vertex -18.51917342753934 -18.51917342753934 40
      vertex -16.587506184721356 -18.30149279626749 38.5
    endloop
  endfacet
  facet normal 0 0 1
    outer loop
      vertex -21.265297297687326 -19.27374200410943 40
      vertex -21.036058442029844 -15.601404234941898 40
      vertex -21.776244210416397 -14.550421195514044 40
    endloop
  endfacet
  facet normal 0 0 1
    outer loop
      vertex -22.185400011510552 -18.207087255496624 40
      vertex -21.776244210416397 -14.550421195514044 40
      vertex -22.46396909912633 -13.46438491695983 40
    endloop
  endfacet
  facet normal 0.5593776664184766 0.4365426155123286 0.7046468414417782
    outer loop
      vertex -21.036058442029844 -15.601404234941898 40
      vertex -20.24519496631534 -16.61480212504615 40
      vertex -19.093358198059605 -15.669514118842043 38.5
    endloop
  endfacet
  facet normal 0.5801240024094257 0.40856941965178123 0.7046468414417788
    outer loop
      vertex -19.83922602757193 -14.713772820963104 38.5
      vertex -20.537299423872867 -13.722584755584174 38.5
      vertex -21.776244210416397 -14.550421195514044 40
    endloop
  endfacet
  facet normal 0.559377666418477 0.4365426155123273 0.7046468414417788
    outer loop
      vertex -19.83922602757193 -14.713772820963104 38.5
      vertex -21.036058442029844 -15.601404234941898 40
      vertex -19.093358198059605 -15.669514118842043 38.5
    endloop
  endfacet
  facet normal 0.5801240024094256 0.40856941965178123 0.7046468414417788
    outer loop
      vertex -19.83922602757193 -14.713772820963104 38.5
      vertex -21.776244210416397 -14.550421195514044 40
      vertex -21.036058442029844 -15.601404234941898 40
    endloop
  endfacet
  facet normal 0.5994727688657081 0.3796119442728407 0.7046468414417785
    outer loop
      vertex -21.18589666700672 -12.698337781572578 38.5
      vertex -22.46396909912633 -13.46438491695983 40
      vertex -20.537299423872867 -13.722584755584174 38.5
    endloop
  endfacet
  facet normal 0.6173773529141805 0.34973995047006645 0.7046468414417786
    outer loop
      vertex -23.097576318665165 -12.345911755799822 40
      vertex -22.46396909912633 -13.46438491695983 40
      vertex -21.18589666700672 -12.698337781572578 38.5
    endloop
  endfacet
  facet normal 0.5994727688657082 0.37961194427283984 0.7046468414417788
    outer loop
      vertex -21.776244210416397 -14.550421195514044 40
      vertex -20.537299423872867 -13.722584755584174 38.5
      vertex -22.46396909912633 -13.46438491695983 40
    endloop
  endfacet
  facet normal 0.6173773529141806 0.34973995047006434 0.7046468414417794
    outer loop
      vertex -23.097576318665165 -12.345911755799822 40
      vertex -21.18589666700672 -12.698337781572578 38.5
      vertex -21.783455229404368 -11.643499399602142 38.5
    endloop
  endfacet
  facet normal 0.5372837406334292 0.463464141975488 0.7046468414417782
    outer loop
      vertex -20.24519496631534 -16.61480212504615 40
      vertex -18.30149279626749 -16.587506184721356 38.5
      vertex -19.093358198059605 -15.669514118842043 38.5
    endloop
  endfacet
  facet normal 0 0 1
    outer loop
      vertex -17.096570038932835 -23.052056153494508 40
      vertex -15.944865687662583 -23.863177873083046 40
      vertex -16.61480212504615 -20.24519496631534 40
    endloop
  endfacet
  facet normal 0 0 1
    outer loop
      vertex -15.944865687662583 -23.863177873083046 40
      vertex -15.601404234941898 -21.036058442029844 40
      vertex -16.61480212504615 -20.24519496631534 40
    endloop
  endfacet
  facet normal 0.4365426155123277 0.5593776664184775 0.7046468414417784
    outer loop
      vertex -14.713772820963104 -19.83922602757193 38.5
      vertex -15.669514118842043 -19.093358198059605 38.5
      vertex -16.61480212504615 -20.24519496631534 40
    endloop
  endfacet
  facet normal 0.4365426155123283 0.5593776664184763 0.7046468414417788
    outer loop
      vertex -14.713772820963104 -19.83922602757193 38.5
      vertex -16.61480212504615 -20.24519496631534 40
      vertex -15.601404234941898 -21.036058442029844 40
    endloop
  endfacet
  facet normal 0 0 1
    outer loop
      vertex -14.754748758345464 -24.616811107007806 40
      vertex -14.550421195514044 -21.776244210416397 40
      vertex -15.601404234941898 -21.036058442029844 40
    endloop
  endfacet
  facet normal 0.40856941965178123 0.5801240024094256 0.7046468414417789
    outer loop
      vertex -15.601404234941898 -21.036058442029844 40
      vertex -14.550421195514044 -21.776244210416397 40
      vertex -13.722584755584174 -20.537299423872867 38.5
    endloop
  endfacet
  facet normal 0.40856941965178123 0.5801240024094257 0.7046468414417788
    outer loop
      vertex -14.713772820963104 -19.83922602757193 38.5
      vertex -15.601404234941898 -21.036058442029844 40
      vertex -13.722584755584174 -20.537299423872867 38.5
    endloop
  endfacet
  facet normal 0.46346414197548785 0.5372837406334291 0.7046468414417786
    outer loop
      vertex -17.588173501546382 -19.40555904265733 40
      vertex -15.669514118842043 -19.093358198059605 38.5
      vertex -16.587506184721356 -18.30149279626749 38.5
    endloop
  endfacet
  facet normal 0.4634641419754876 0.5372837406334295 0.7046468414417782
    outer loop
      vertex -17.588173501546382 -19.40555904265733 40
      vertex -16.61480212504615 -20.24519496631534 40
      vertex -15.669514118842043 -19.093358198059605 38.5
    endloop
  endfacet
  facet normal 0.37961194427284056 0.5994727688657079 0.7046468414417789
    outer loop
      vertex -14.550421195514044 -21.776244210416397 40
      vertex -12.698337781572578 -21.18589666700672 38.5
      vertex -13.722584755584174 -20.537299423872867 38.5
    endloop
  endfacet
  facet normal 0.379611944272839 0.59947276886571 0.7046468414417778
    outer loop
      vertex -14.550421195514044 -21.776244210416397 40
      vertex -13.46438491695983 -22.463969099126327 40
      vertex -12.698337781572578 -21.18589666700672 38.5
    endloop
  endfacet
  facet normal 0.3497399504700651 0.617377352914182 0.7046468414417778
    outer loop
      vertex -12.698337781572578 -21.18589666700672 38.5
      vertex -13.46438491695983 -22.463969099126327 40
      vertex -11.643499399602142 -21.783455229404368 38.5
    endloop
  endfacet
  facet normal 0.3190254024930078 0.6337946208436122 0.7046468414417794
    outer loop
      vertex -12.345911755799822 -23.097576318665165 40
      vertex -10.560610807727967 -22.32853554014905 38.5
      vertex -11.643499399602142 -21.783455229404368 38.5
    endloop
  endfacet
  facet normal 0.34973995047006756 0.617377352914179 0.7046468414417792
    outer loop
      vertex -12.345911755799822 -23.097576318665165 40
      vertex -11.643499399602142 -21.783455229404368 38.5
      vertex -13.46438491695983 -22.463969099126327 40
    endloop
  endfacet
  facet normal 0 0 -1
    outer loop
      vertex -45 -45 2
      vertex -45 45 2
      vertex -30.529040344059467 5.383093506097794 2
    endloop
  endfacet
  facet normal 0 0 1
    outer loop
      vertex -30.529040344059467 -5.383093506097794 5
      vertex -45 45 5
      vertex -36.9449512867313 -17.140903554469997 5
    endloop
  endfacet
  facet normal -1 0 0
    outer loop
      vertex -45 -45 2
      vertex -45 45 5
      vertex -45 45 2
    endloop
  endfacet
  facet normal 0 0 -1
    outer loop
      vertex -30.529040344059467 5.383093506097794 2
      vertex -45 45 2
      vertex -29.94370061159134 8.023390397429466 2
    endloop
  endfacet
  facet normal 0 0 -1
    outer loop
      vertex -29.94370061159134 8.023390397429466 2
      vertex -45 45 2
      vertex -29.130471244454384 10.60262444615364 2
    endloop
  endfacet
  facet normal 0 0 1
    outer loop
      vertex -30.529040344059467 -5.383093506097794 5
      vertex -36.9449512867313 17.140903554469997 5
      vertex -45 45 5
    endloop
  endfacet
  facet normal 0.9990482216144516 -0.043619386618811734 0
    outer loop
      vertex -31 0 2
      vertex -30.88203564286232 2.7018280252814293 5
      vertex -31 0 5
    endloop
  endfacet
  facet normal 0.9990482216144516 -0.043619386618811734 0
    outer loop
      vertex -31 0 2
      vertex -30.88203564286232 2.7018280252814293 2
      vertex -30.88203564286232 2.7018280252814293 5
    endloop
  endfacet
  facet normal 0.9914448612992336 -0.13052619278651914 0
    outer loop
      vertex -30.88203564286232 2.7018280252814293 2
      vertex -30.529040344059467 5.383093506097794 2
      vertex -30.529040344059467 5.383093506097794 5
    endloop
  endfacet
  facet normal 0.9914448612992336 -0.13052619278651914 0
    outer loop
      vertex -30.88203564286232 2.7018280252814293 2
      vertex -30.529040344059467 5.383093506097794 5
      vertex -30.88203564286232 2.7018280252814293 5
    endloop
  endfacet
  facet normal 0 0 1
    outer loop
      vertex -30.529040344059467 -5.383093506097794 5
      vertex -30.88203564286232 -2.7018280252814293 5
      vertex -36.9449512867313 17.140903554469997 5
    endloop
  endfacet
  facet normal 0 0 1
    outer loop
      vertex -30.88203564286232 -2.7018280252814293 5
      vertex -31 0 5
      vertex -36.9449512867313 17.140903554469997 5
    endloop
  endfacet
  facet normal 0.9762960068177727 -0.21643961530106193 0
    outer loop
      vertex -30.529040344059467 5.383093506097794 2
      vertex -29.94370061159134 8.023390397429466 2
      vertex -29.94370061159134 8.023390397429466 5
    endloop
  endfacet
  facet normal 0.9762960068177727 -0.21643961530106193 0
    outer loop
      vertex -30.529040344059467 5.383093506097794 2
      vertex -29.94370061159134 8.023390397429466 5
      vertex -30.529040344059467 5.383093506097794 5
    endloop
  endfacet
  facet normal 0.9537169512425253 -0.30070579793655927 0
    outer loop
      vertex -29.94370061159134 8.023390397429466 2
      vertex -29.130471244454384 10.60262444615364 2
      vertex -29.130471244454384 10.60262444615364 5
    endloop
  endfacet
  facet normal -0.3420201434118264 -0.9396926207545496 0
    outer loop
      vertex -29.130471244454384 10.60262444615364 2
      vertex -27.905549589317708 10.156789424248613 2
      vertex -27.905549589317708 10.156789424248613 5
    endloop
  endfacet
  facet normal 0.9537169512425253 -0.30070579793655927 0
    outer loop
      vertex -29.94370061159134 8.023390397429466 2
      vertex -29.130471244454384 10.60262444615364 5
      vertex -29.94370061159134 8.023390397429466 5
    endloop
  endfacet
  facet normal -0.3420201434118264 -0.9396926207545496 0
    outer loop
      vertex -29.130471244454384 10.60262444615364 2
      vertex -27.905549589317708 10.156789424248613 5
      vertex -29.130471244454384 10.60262444615364 5
    endloop
  endfacet
  facet normal 0 0 1
    outer loop
      vertex -31 0 5
      vertex -30.88203564286232 2.7018280252814293 5
      vertex -36.9449512867313 17.140903554469997 5
    endloop
  endfacet
  facet normal 0 0 1
    outer loop
      vertex -30.88203564286232 2.7018280252814293 5
      vertex -30.529040344059467 5.383093506097794 5
      vertex -36.9449512867313 17.140903554469997 5
    endloop
  endfacet
  facet normal 0 0 1
    outer loop
      vertex -30.529040344059467 5.383093506097794 5
      vertex -29.94370061159134 8.023390397429466 5
      vertex -36.9449512867313 17.140903554469997 5
    endloop
  endfacet
  facet normal 0 0 -1
    outer loop
      vertex -29.130471244454384 10.60262444615364 2
      vertex -21.18589666700672 12.698337781572578 2
      vertex -27.905549589317708 10.156789424248613 2
    endloop
  endfacet
  facet normal -0.34202014341182607 -0.9396926207545497 0
    outer loop
      vertex -27.905549589317708 10.156789424248613 2
      vertex -26.965968795064587 9.81480998235472 5
      vertex -27.905549589317708 10.156789424248613 5
    endloop
  endfacet
  facet normal -0.34202014341182635 -0.9396926207545495 1.1103551605281137e-16
    outer loop
      vertex -27.905549589317708 10.156789424248613 2
      vertex -23.207645618052105 8.446892214779151 5
      vertex -26.965968795064587 9.81480998235472 5
    endloop
  endfacet
  facet normal 0 0 -1
    outer loop
      vertex -27.905549589317708 10.156789424248613 2
      vertex -22.819824453028783 9.452280779417718 2
      vertex -23.207645618052105 8.446892214779151 2
    endloop
  endfacet
  facet normal -0.34202014341182624 -0.9396926207545495 0
    outer loop
      vertex -27.905549589317708 10.156789424248613 2
      vertex -23.207645618052105 8.446892214779151 2
      vertex -23.207645618052105 8.446892214779151 5
    endloop
  endfacet
  facet normal 0 0 -1
    outer loop
      vertex -27.905549589317708 10.156789424248613 2
      vertex -22.32853554014905 10.560610807727967 2
      vertex -22.819824453028783 9.452280779417718 2
    endloop
  endfacet
  facet normal 0 0 -1
    outer loop
      vertex -27.905549589317708 10.156789424248613 2
      vertex -21.783455229404368 11.643499399602142 2
      vertex -22.32853554014905 10.560610807727967 2
    endloop
  endfacet
  facet normal 0.9329927988347382 -0.3598950365349897 0
    outer loop
      vertex -23.207645618052105 8.446892214779151 2
      vertex -22.819824453028783 9.452280779417718 2
      vertex -22.819824453028783 9.452280779417718 5
    endloop
  endfacet
  facet normal 0.9329927988347382 -0.3598950365349897 0
    outer loop
      vertex -23.207645618052105 8.446892214779151 2
      vertex -22.819824453028783 9.452280779417718 5
      vertex -23.207645618052105 8.446892214779151 5
    endloop
  endfacet
  facet normal 0.9142097557035307 -0.40524131400498975 0
    outer loop
      vertex -22.819824453028783 9.452280779417718 2
      vertex -22.32853554014905 10.560610807727967 5
      vertex -22.819824453028783 9.452280779417718 5
    endloop
  endfacet
  facet normal 0 0 1
    outer loop
      vertex -26.965968795064587 9.81480998235472 5
      vertex -26.515342583073927 10.983014508878076 5
      vertex -27.905549589317708 10.156789424248613 5
    endloop
  endfacet
  facet normal 0 0 -1
    outer loop
      vertex -26.9659687962858 9.814809979188848 5
      vertex -26.965968795064587 9.81480998235472 5
      vertex -23.20764561910311 8.446892212054514 5
    endloop
  endfacet
  facet normal 0 0 -1
    outer loop
      vertex -26.965968795064587 9.81480998235472 5
      vertex -23.207645618052105 8.446892214779151 5
      vertex -23.20764561910311 8.446892212054514 5
    endloop
  endfacet
  facet normal 0 0 1
    outer loop
      vertex -29.94370061159134 8.023390397429466 5
      vertex -29.130471244454384 10.60262444615364 5
      vertex -36.9449512867313 17.140903554469997 5
    endloop
  endfacet
  facet normal 0 0 1
    outer loop
      vertex -29.130471244454384 10.60262444615364 5
      vertex -27.905549589317708 10.156789424248613 5
      vertex -36.9449512867313 17.140903554469997 5
    endloop
  endfacet
  facet normal 0 0 1
    outer loop
      vertex -27.905549589317708 10.156789424248613 5
      vertex -26.515342583073927 10.983014508878076 5
      vertex -36.9449512867313 17.140903554469997 5
    endloop
  endfacet
  facet normal 0 0 1
    outer loop
      vertex -26.515342583073927 10.983014508878076 5
      vertex -26.210247212654103 11.67129863593614 5
      vertex -36.9449512867313 17.140903554469997 5
    endloop
  endfacet
  facet normal 0 0 -1
    outer loop
      vertex -29.130471244454384 10.60262444615364 2
      vertex -28.005203820042826 21.994796179957174 2
      vertex -27.696171457695492 21.714705573208366 2
    endloop
  endfacet
  facet normal 0 0 -1
    outer loop
      vertex -29.130471244454384 10.60262444615364 2
      vertex -29.066996426861888 23.766290121668536 2
      vertex -28.926488013172968 23.373595412448367 2
    endloop
  endfacet
  facet normal 0 0 -1
    outer loop
      vertex -29.130471244454384 10.60262444615364 2
      vertex -28.926488013172968 23.373595412448367 2
      vertex -28.74816537348051 22.99656386848951 2
    endloop
  endfacet
  facet normal 0 0 -1
    outer loop
      vertex -29.130471244454384 10.60262444615364 2
      vertex -28.53374585228582 22.638826509666693 2
      vertex -28.285294426791634 22.303828542304508 2
    endloop
  endfacet
  facet normal 0 0 -1
    outer loop
      vertex -29.130471244454384 10.60262444615364 2
      vertex -28.74816537348051 22.99656386848951 2
      vertex -28.53374585228582 22.638826509666693 2
    endloop
  endfacet
  facet normal 0 0 -1
    outer loop
      vertex -29.130471244454384 10.60262444615364 2
      vertex -28.285294426791634 22.303828542304508 2
      vertex -28.005203820042826 21.994796179957174 2
    endloop
  endfacet
  facet normal 0.7409511253549577 0.67155895484702 0
    outer loop
      vertex -28.285294426791634 22.303828542304508 2
      vertex -28.285294426791634 22.303828542304508 5
      vertex -28.005203820042826 21.994796179957174 2
    endloop
  endfacet
  facet normal 0.8032075314806457 0.5956993044924324 0
    outer loop
      vertex -28.285294426791634 22.303828542304508 2
      vertex -28.53374585228582 22.638826509666693 5
      vertex -28.285294426791634 22.303828542304508 5
    endloop
  endfacet
  facet normal 0 0 1
    outer loop
      vertex -28.53374585228582 22.638826509666693 5
      vertex -28.74816537348051 22.99656386848951 5
      vertex -35.58297978751266 19.8139231270351 5
    endloop
  endfacet
  facet normal 0 0 1
    outer loop
      vertex -28.926488013172968 23.373595412448367 5
      vertex -35.58297978751266 19.8139231270351 5
      vertex -28.74816537348051 22.99656386848951 5
    endloop
  endfacet
  facet normal 0 0 1
    outer loop
      vertex -28.926488013172968 23.373595412448367 5
      vertex -29.066996426861888 23.766290121668536 5
      vertex -35.58297978751266 19.8139231270351 5
    endloop
  endfacet
  facet normal 0 0 1
    outer loop
      vertex -26.626404587551633 21.073511986827032 5
      vertex -35.58297978751266 19.8139231270351 5
      vertex -24.84908387247379 14.34472998609851 5
    endloop
  endfacet
  facet normal 0 0 1
    outer loop
      vertex -27.696171457695492 21.714705573208366 5
      vertex -35.58297978751266 19.8139231270351 5
      vertex -27.361173490333307 21.46625414771418 5
    endloop
  endfacet
  facet normal 0 0 1
    outer loop
      vertex -27.361173490333307 21.46625414771418 5
      vertex -35.58297978751266 19.8139231270351 5
      vertex -27.00343613151049 21.25183462651949 5
    endloop
  endfacet
  facet normal 0 0 1
    outer loop
      vertex -27.00343613151049 21.25183462651949 5
      vertex -35.58297978751266 19.8139231270351 5
      vertex -26.626404587551633 21.073511986827032 5
    endloop
  endfacet
  facet normal 0 0 1
    outer loop
      vertex -28.285294426791634 22.303828542304508 5
      vertex -35.58297978751266 19.8139231270351 5
      vertex -28.005203820042826 21.994796179957174 5
    endloop
  endfacet
  facet normal 0 0 1
    outer loop
      vertex -28.285294426791634 22.303828542304508 5
      vertex -28.53374585228582 22.638826509666693 5
      vertex -35.58297978751266 19.8139231270351 5
    endloop
  endfacet
  facet normal 0 0 1
    outer loop
      vertex -27.696171457695492 21.714705573208366 5
      vertex -28.005203820042826 21.994796179957174 5
      vertex -35.58297978751266 19.8139231270351 5
    endloop
  endfacet
  facet normal 0 0 -1
    outer loop
      vertex -27.905549589317708 10.156789424248613 2
      vertex -21.18589666700672 12.698337781572578 2
      vertex -21.783455229404368 11.643499399602142 2
    endloop
  endfacet
  facet normal 0 0 -1
    outer loop
      vertex -29.130471244454384 10.60262444615364 2
      vertex -20.537299423872867 13.722584755584174 2
      vertex -21.18589666700672 12.698337781572578 2
    endloop
  endfacet
  facet normal 0 0 -1
    outer loop
      vertex -29.130471244454384 10.60262444615364 2
      vertex -19.83922602757193 14.713772820963104 2
      vertex -20.537299423872867 13.722584755584174 2
    endloop
  endfacet
  facet normal 0 0 -1
    outer loop
      vertex -29.130471244454384 10.60262444615364 2
      vertex -19.093358198059605 15.669514118842043 2
      vertex -19.83922602757193 14.713772820963104 2
    endloop
  endfacet
  facet normal 0 0 -1
    outer loop
      vertex -29.130471244454384 10.60262444615364 2
      vertex -22.99656386848951 21.25183462651949 2
      vertex -18.30149279626749 16.587506184721356 2
    endloop
  endfacet
  facet normal 0 0 1
    outer loop
      vertex -24.616811107007806 14.754748758345464 5
      vertex -26.626404587551633 21.073511986827032 5
      vertex -24.84908387247379 14.34472998609851 5
    endloop
  endfacet
  facet normal 0 0 -1
    outer loop
      vertex -29.130471244454384 10.60262444615364 2
      vertex -27.696171457695492 21.714705573208366 2
      vertex -27.361173490333307 21.46625414771418 2
    endloop
  endfacet
  facet normal 0 0 -1
    outer loop
      vertex -29.130471244454384 10.60262444615364 2
      vertex -27.361173490333307 21.46625414771418 2
      vertex -27.00343613151049 21.25183462651949 2
    endloop
  endfacet
  facet normal 0 0 -1
    outer loop
      vertex -29.130471244454384 10.60262444615364 2
      vertex -27.00343613151049 21.25183462651949 2
      vertex -26.626404587551633 21.073511986827032 2
    endloop
  endfacet
  facet normal 0 0 -1
    outer loop
      vertex -29.130471244454384 10.60262444615364 2
      vertex -26.626404587551633 21.073511986827032 2
      vertex -26.233709878331464 20.933003573138112 2
    endloop
  endfacet
  facet normal 0 0 -1
    outer loop
      vertex -29.130471244454384 10.60262444615364 2
      vertex -26.233709878331464 20.933003573138112 2
      vertex -25.829133868568544 20.83166255828627 2
    endloop
  endfacet
  facet normal 0 0 -1
    outer loop
      vertex -29.130471244454384 10.60262444615364 2
      vertex -25.829133868568544 20.83166255828627 2
      vertex -25.416572846400634 20.770464911643163 2
    endloop
  endfacet
  facet normal 0 0 -1
    outer loop
      vertex -29.130471244454384 10.60262444615364 2
      vertex -25.416572846400634 20.770464911643163 2
      vertex -25 20.75 2
    endloop
  endfacet
  facet normal 0 0 -1
    outer loop
      vertex -29.130471244454384 10.60262444615364 2
      vertex -25 20.75 2
      vertex -24.583427153599366 20.770464911643163 2
    endloop
  endfacet
  facet normal 0 0 -1
    outer loop
      vertex -29.130471244454384 10.60262444615364 2
      vertex -24.583427153599366 20.770464911643163 2
      vertex -24.170866131431456 20.83166255828627 2
    endloop
  endfacet
  facet normal 0 0 -1
    outer loop
      vertex -29.130471244454384 10.60262444615364 2
      vertex -24.170866131431456 20.83166255828627 2
      vertex -23.766290121668536 20.933003573138112 2
    endloop
  endfacet
  facet normal 0 0 -1
    outer loop
      vertex -29.130471244454384 10.60262444615364 2
      vertex -23.766290121668536 20.933003573138112 2
      vertex -23.373595412448367 21.073511986827032 2
    endloop
  endfacet
  facet normal 0.5956993044924324 0.8032075314806457 0
    outer loop
      vertex -27.696171457695492 21.714705573208366 2
      vertex -27.696171457695492 21.714705573208366 5
      vertex -27.361173490333307 21.46625414771418 2
    endloop
  endfacet
  facet normal 0.67155895484702 0.7409511253549577 0
    outer loop
      vertex -27.696171457695492 21.714705573208366 2
      vertex -28.005203820042826 21.994796179957174 2
      vertex -28.005203820042826 21.994796179957174 5
    endloop
  endfacet
  facet normal 0.5141027441932253 0.8577286100002698 0
    outer loop
      vertex -27.361173490333307 21.46625414771418 2
      vertex -27.361173490333307 21.46625414771418 5
      vertex -27.00343613151049 21.25183462651949 2
    endloop
  endfacet
  facet normal 0.4275550934302775 0.9039892931234456 0
    outer loop
      vertex -27.00343613151049 21.25183462651949 2
      vertex -27.00343613151049 21.25183462651949 5
      vertex -26.626404587551633 21.073511986827032 2
    endloop
  endfacet
  facet normal 0.3368898533922203 0.9415440651830208 0
    outer loop
      vertex -26.626404587551633 21.073511986827032 2
      vertex -26.626404587551633 21.073511986827032 5
      vertex -26.233709878331464 20.933003573138112 2
    endloop
  endfacet
  facet normal 0.24298017990326878 0.9700312531945428 0
    outer loop
      vertex -26.233709878331464 20.933003573138112 2
      vertex -26.233709878331464 20.933003573138112 5
      vertex -25.829133868568544 20.83166255828627 2
    endloop
  endfacet
  facet normal 0.14673047445535753 0.9891765099647816 0
    outer loop
      vertex -25.829133868568544 20.83166255828627 2
      vertex -25.829133868568544 20.83166255828627 5
      vertex -25.416572846400634 20.770464911643163 2
    endloop
  endfacet
  facet normal 0.5956993044924324 0.8032075314806457 0
    outer loop
      vertex -27.361173490333307 21.46625414771418 2
      vertex -27.696171457695492 21.714705573208366 5
      vertex -27.361173490333307 21.46625414771418 5
    endloop
  endfacet
  facet normal 0.7409511253549577 0.67155895484702 0
    outer loop
      vertex -28.285294426791634 22.303828542304508 5
      vertex -28.005203820042826 21.994796179957174 5
      vertex -28.005203820042826 21.994796179957174 2
    endloop
  endfacet
  facet normal 0.67155895484702 0.7409511253549577 0
    outer loop
      vertex -27.696171457695492 21.714705573208366 2
      vertex -28.005203820042826 21.994796179957174 5
      vertex -27.696171457695492 21.714705573208366 5
    endloop
  endfacet
  facet normal 0.5141027441932253 0.8577286100002698 0
    outer loop
      vertex -27.00343613151049 21.25183462651949 2
      vertex -27.361173490333307 21.46625414771418 5
      vertex -27.00343613151049 21.25183462651949 5
    endloop
  endfacet
  facet normal 0.4275550934302775 0.9039892931234456 0
    outer loop
      vertex -26.626404587551633 21.073511986827032 2
      vertex -27.00343613151049 21.25183462651949 5
      vertex -26.626404587551633 21.073511986827032 5
    endloop
  endfacet
  facet normal 0.3368898533922203 0.9415440651830208 0
    outer loop
      vertex -26.233709878331464 20.933003573138112 2
      vertex -26.626404587551633 21.073511986827032 5
      vertex -26.233709878331464 20.933003573138112 5
    endloop
  endfacet
  facet normal 0.24298017990326878 0.9700312531945428 0
    outer loop
      vertex -25.829133868568544 20.83166255828627 2
      vertex -26.233709878331464 20.933003573138112 5
      vertex -25.829133868568544 20.83166255828627 5
    endloop
  endfacet
  facet normal 0.14673047445535753 0.9891765099647816 0
    outer loop
      vertex -25.416572846400634 20.770464911643163 2
      vertex -25.829133868568544 20.83166255828627 5
      vertex -25.416572846400634 20.770464911643163 5
    endloop
  endfacet
  facet normal 0 0 -1
    outer loop
      vertex -29.130471244454384 10.60262444615364 2
      vertex -23.373595412448367 21.073511986827032 2
      vertex -22.99656386848951 21.25183462651949 2
    endloop
  endfacet
  facet normal 0.04906767432741787 0.9987954562051724 0
    outer loop
      vertex -25.416572846400634 20.770464911643163 2
      vertex -25.416572846400634 20.770464911643163 5
      vertex -25 20.75 2
    endloop
  endfacet
  facet normal -0.04906767432741787 0.9987954562051724 0
    outer loop
      vertex -25 20.75 2
      vertex -25 20.75 5
      vertex -24.583427153599366 20.770464911643163 2
    endloop
  endfacet
  facet normal -0.14673047445535753 0.9891765099647816 0
    outer loop
      vertex -24.583427153599366 20.770464911643163 2
      vertex -24.583427153599366 20.770464911643163 5
      vertex -24.170866131431456 20.83166255828627 2
    endloop
  endfacet
  facet normal -0.24298017990326878 0.9700312531945428 0
    outer loop
      vertex -24.170866131431456 20.83166255828627 2
      vertex -24.170866131431456 20.83166255828627 5
      vertex -23.766290121668536 20.933003573138112 2
    endloop
  endfacet
  facet normal -0.3368898533922203 0.9415440651830208 0
    outer loop
      vertex -23.766290121668536 20.933003573138112 2
      vertex -23.766290121668536 20.933003573138112 5
      vertex -23.373595412448367 21.073511986827032 2
    endloop
  endfacet
  facet normal -0.4275550934302775 0.9039892931234456 0
    outer loop
      vertex -23.373595412448367 21.073511986827032 2
      vertex -23.373595412448367 21.073511986827032 5
      vertex -22.99656386848951 21.25183462651949 2
    endloop
  endfacet
  facet normal -0.5141027441932253 0.8577286100002698 0
    outer loop
      vertex -22.99656386848951 21.25183462651949 2
      vertex -22.99656386848951 21.25183462651949 5
      vertex -22.638826509666693 21.46625414771418 2
    endloop
  endfacet
  facet normal -0.5956993044924324 0.8032075314806457 0
    outer loop
      vertex -22.638826509666693 21.46625414771418 2
      vertex -22.638826509666693 21.46625414771418 5
      vertex -22.303828542304508 21.714705573208366 2
    endloop
  endfacet
  facet normal 0.04906767432741787 0.9987954562051724 0
    outer loop
      vertex -25 20.75 2
      vertex -25.416572846400634 20.770464911643163 5
      vertex -25 20.75 5
    endloop
  endfacet
  facet normal -0.04906767432741787 0.9987954562051724 0
    outer loop
      vertex -24.583427153599366 20.770464911643163 2
      vertex -25 20.75 5
      vertex -24.583427153599366 20.770464911643163 5
    endloop
  endfacet
  facet normal -0.14673047445535753 0.9891765099647816 0
    outer loop
      vertex -24.170866131431456 20.83166255828627 2
      vertex -24.583427153599366 20.770464911643163 5
      vertex -24.170866131431456 20.83166255828627 5
    endloop
  endfacet
  facet normal -0.24298017990326878 0.9700312531945428 0
    outer loop
      vertex -23.766290121668536 20.933003573138112 2
      vertex -24.170866131431456 20.83166255828627 5
      vertex -23.766290121668536 20.933003573138112 5
    endloop
  endfacet
  facet normal -0.3368898533922203 0.9415440651830208 0
    outer loop
      vertex -23.373595412448367 21.073511986827032 2
      vertex -23.766290121668536 20.933003573138112 5
      vertex -23.373595412448367 21.073511986827032 5
    endloop
  endfacet
  facet normal -0.4275550934302775 0.9039892931234456 0
    outer loop
      vertex -22.99656386848951 21.25183462651949 2
      vertex -23.373595412448367 21.073511986827032 5
      vertex -22.99656386848951 21.25183462651949 5
    endloop
  endfacet
  facet normal -0.5141027441932253 0.8577286100002698 0
    outer loop
      vertex -22.638826509666693 21.46625414771418 2
      vertex -22.99656386848951 21.25183462651949 5
      vertex -22.638826509666693 21.46625414771418 5
    endloop
  endfacet
  facet normal 0 0 1
    outer loop
      vertex -23.863177873083046 15.944865687662583 5
      vertex -26.233709878331464 20.933003573138112 5
      vertex -26.626404587551633 21.073511986827032 5
    endloop
  endfacet
  facet normal 0 0 1
    outer loop
      vertex -24.616811107007806 14.754748758345464 5
      vertex -23.863177873083046 15.944865687662583 5
      vertex -26.626404587551633 21.073511986827032 5
    endloop
  endfacet
  facet normal 0 0 1
    outer loop
      vertex -23.863177873083046 15.944865687662583 5
      vertex -23.052056153494508 17.096570038932835 5
      vertex -26.233709878331464 20.933003573138112 5
    endloop
  endfacet
  facet normal 0 0 1
    outer loop
      vertex -26.233709878331464 20.933003573138112 5
      vertex -23.052056153494508 17.096570038932835 5
      vertex -25.829133868568544 20.83166255828627 5
    endloop
  endfacet
  facet normal 0 0 1
    outer loop
      vertex -25.829133868568544 20.83166255828627 5
      vertex -23.052056153494508 17.096570038932835 5
      vertex -25.416572846400634 20.770464911643163 5
    endloop
  endfacet
  facet normal 0 0 1
    outer loop
      vertex -25.416572846400634 20.770464911643163 5
      vertex -23.052056153494508 17.096570038932835 5
      vertex -25 20.75 5
    endloop
  endfacet
  facet normal 0 0 1
    outer loop
      vertex -23.052056153494508 17.096570038932835 5
      vertex -22.185400011510552 18.207087255496624 5
      vertex -25 20.75 5
    endloop
  endfacet
  facet normal 0 0 1
    outer loop
      vertex -25 20.75 5
      vertex -22.185400011510552 18.207087255496624 5
      vertex -24.583427153599366 20.770464911643163 5
    endloop
  endfacet
  facet normal 0 0 1
    outer loop
      vertex -24.583427153599366 20.770464911643163 5
      vertex -22.185400011510552 18.207087255496624 5
      vertex -24.170866131431456 20.83166255828627 5
    endloop
  endfacet
  facet normal 0 0 1
    outer loop
      vertex -24.170866131431456 20.83166255828627 5
      vertex -22.185400011510552 18.207087255496624 5
      vertex -23.766290121668536 20.933003573138112 5
    endloop
  endfacet
  facet normal 0 0 1
    outer loop
      vertex -23.766290121668536 20.933003573138112 5
      vertex -21.265297297687326 19.27374200410943 5
      vertex -23.373595412448367 21.073511986827032 5
    endloop
  endfacet
  facet normal 0 0 1
    outer loop
      vertex -23.373595412448367 21.073511986827032 5
      vertex -21.265297297687326 19.27374200410943 5
      vertex -22.99656386848951 21.25183462651949 5
    endloop
  endfacet
  facet normal -0.3420201433007319 -0.9396926207949847 0
    outer loop
      vertex -26.9659687962858 9.814809979188848 5
      vertex -23.20764561910311 8.446892212054514 5
      vertex -23.20764561910311 8.446892212054514 38.5
    endloop
  endfacet
  facet normal 0.9329930160288299 -0.35989447347997344 -1.941258329339547e-8
    outer loop
      vertex -23.20764561910311 8.446892212054514 5
      vertex -23.207645618052105 8.446892214779151 5
      vertex -22.819824453028783 9.452280779417718 38.5
    endloop
  endfacet
  facet normal 0.9329927988347382 -0.3598950365349898 0
    outer loop
      vertex -23.207645618052105 8.446892214779151 5
      vertex -22.819824453028783 9.452280779417718 5
      vertex -22.819824453028783 9.452280779417718 38.5
    endloop
  endfacet
  facet normal -0.9329926586326958 0.35989539999490694 0
    outer loop
      vertex -26.9659687962858 9.814809979188848 5
      vertex -26.9659687962858 9.814809979188848 40
      vertex -26.965968795064587 9.81480998235472 5
    endloop
  endfacet
  facet normal -0.9329927988347388 0.35989503653498817 -3.776812894220007e-17
    outer loop
      vertex -26.965968795064587 9.81480998235472 5
      vertex -26.9659687962858 9.814809979188848 40
      vertex -26.515342583073927 10.983014508878076 5
    endloop
  endfacet
  facet normal -0.7905159582695586 0.40278799896981604 0.4613527366419895
    outer loop
      vertex -35.58297978751266 19.8139231270351 5
      vertex -36.9449512867313 17.140903554469997 5
      vertex -26.210247212654103 11.67129863593614 28.168923145340973
    endloop
  endfacet
  facet normal -0.45399049973954647 -0.8910065241883679 0
    outer loop
      vertex -26.210247212654103 11.67129863593614 5
      vertex -26.210247212654103 11.67129863593614 28.168923145340973
      vertex -36.9449512867313 17.140903554469997 5
    endloop
  endfacet
  facet normal 0.45399049973954647 0.8910065241883681 0
    outer loop
      vertex -35.58297978751266 19.8139231270351 5
      vertex -24.84908387247379 14.34472998609851 28.167178879777705
      vertex -24.84908387247379 14.34472998609851 5
    endloop
  endfacet
  facet normal -0.9142097557035314 0.40524131400498853 0
    outer loop
      vertex -26.515342583073927 10.983014508878076 5
      vertex -26.210247212654103 11.67129863593614 28.168923145340973
      vertex -26.210247212654103 11.67129863593614 5
    endloop
  endfacet
  facet normal -0.8700869911087115 0.4928981922297841 0
    outer loop
      vertex -24.616811107007806 14.754748758345464 5
      vertex -24.84908387247379 14.34472998609851 5
      vertex -24.84908387247379 14.34472998609851 28.167178879777705
    endloop
  endfacet
  facet normal -0.7905159582695586 0.40278799896981626 0.46135273664198956
    outer loop
      vertex -25.944492712642823 12.270831181449095 28.10085951725428
      vertex -25.31114028679779 13.529086346906132 28.08756192527879
      vertex -35.58297978751266 19.8139231270351 5
    endloop
  endfacet
  facet normal -0.7905159582695589 0.4027879989698156 0.4613527366419895
    outer loop
      vertex -25.944492712642823 12.270831181449095 28.10085951725428
      vertex -35.58297978751266 19.8139231270351 5
      vertex -26.210247212654103 11.67129863593614 28.168923145340973
    endloop
  endfacet
  facet normal -0.7905159582695579 0.40278799896981743 0.46135273664198956
    outer loop
      vertex -25.31114028679779 13.529086346906132 28.08756192527879
      vertex -24.84908387247379 14.34472998609851 28.167178879777705
      vertex -35.58297978751266 19.8139231270351 5
    endloop
  endfacet
  facet normal -0.8448535652497071 0.5349976198870973 0
    outer loop
      vertex -24.616811107007806 14.754748758345464 5
      vertex -23.863177873083046 15.944865687662583 40
      vertex -23.863177873083046 15.944865687662583 5
    endloop
  endfacet
  facet normal -0.8175848131515839 0.5758081914178449 0
    outer loop
      vertex -23.863177873083046 15.944865687662583 5
      vertex -23.052056153494508 17.096570038932835 40
      vertex -23.052056153494508 17.096570038932835 5
    endloop
  endfacet
  facet normal 0 0 -1
    outer loop
      vertex -29.130471244454384 10.60262444615364 2
      vertex -45 45 2
      vertex -29.066996426861888 23.766290121668536 2
    endloop
  endfacet
  facet normal 0 0 1
    outer loop
      vertex -45 45 5
      vertex -36.9449512867313 17.140903554469997 5
      vertex -35.58297978751266 19.8139231270351 5
    endloop
  endfacet
  facet normal 0 0 -1
    outer loop
      vertex -45 45 2
      vertex -29.229535088356837 24.583427153599366 2
      vertex -29.16833744171373 24.170866131431456 2
    endloop
  endfacet
  facet normal 0 0 -1
    outer loop
      vertex -45 45 2
      vertex -29.25 25 2
      vertex -29.229535088356837 24.583427153599366 2
    endloop
  endfacet
  facet normal 0 0 -1
    outer loop
      vertex -45 45 2
      vertex -29.229535088356837 25.416572846400634 2
      vertex -29.25 25 2
    endloop
  endfacet
  facet normal 0 0 -1
    outer loop
      vertex -45 45 2
      vertex -29.16833744171373 25.829133868568544 2
      vertex -29.229535088356837 25.416572846400634 2
    endloop
  endfacet
  facet normal 0 0 -1
    outer loop
      vertex -45 45 2
      vertex -29.16833744171373 24.170866131431456 2
      vertex -29.066996426861888 23.766290121668536 2
    endloop
  endfacet
  facet normal 0 0 -1
    outer loop
      vertex -45 45 2
      vertex -29.066996426861888 26.233709878331464 2
      vertex -29.16833744171373 25.829133868568544 2
    endloop
  endfacet
  facet normal 0 0 -1
    outer loop
      vertex -45 45 2
      vertex -28.926488013172968 26.626404587551633 2
      vertex -29.066996426861888 26.233709878331464 2
    endloop
  endfacet
  facet normal 0 0 -1
    outer loop
      vertex -45 45 2
      vertex -28.74816537348051 27.00343613151049 2
      vertex -28.926488013172968 26.626404587551633 2
    endloop
  endfacet
  facet normal 0 0 -1
    outer loop
      vertex -45 45 2
      vertex -28.53374585228582 27.361173490333307 2
      vertex -28.74816537348051 27.00343613151049 2
    endloop
  endfacet
  facet normal 0 0 -1
    outer loop
      vertex -45 45 2
      vertex -28.285294426791634 27.696171457695492 2
      vertex -28.53374585228582 27.361173490333307 2
    endloop
  endfacet
  facet normal 0 0 -1
    outer loop
      vertex -45 45 2
      vertex -28.005203820042826 28.005203820042826 2
      vertex -28.285294426791634 27.696171457695492 2
    endloop
  endfacet
  facet normal 0 0 1
    outer loop
      vertex -45 45 5
      vertex -35.58297978751266 19.8139231270351 5
      vertex -29.066996426861888 23.766290121668536 5
    endloop
  endfacet
  facet normal 0 0 1
    outer loop
      vertex -45 45 5
      vertex -29.16833744171373 24.170866131431456 5
      vertex -29.229535088356837 24.583427153599366 5
    endloop
  endfacet
  facet normal 0 0 1
    outer loop
      vertex -45 45 5
      vertex -29.229535088356837 24.583427153599366 5
      vertex -29.25 25 5
    endloop
  endfacet
  facet normal 0 0 1
    outer loop
      vertex -45 45 5
      vertex -29.25 25 5
      vertex -29.229535088356837 25.416572846400634 5
    endloop
  endfacet
  facet normal 0 0 1
    outer loop
      vertex -45 45 5
      vertex -29.229535088356837 25.416572846400634 5
      vertex -29.16833744171373 25.829133868568544 5
    endloop
  endfacet
  facet normal 0 0 1
    outer loop
      vertex -45 45 5
      vertex -29.066996426861888 23.766290121668536 5
      vertex -29.16833744171373 24.170866131431456 5
    endloop
  endfacet
  facet normal 0 0 1
    outer loop
      vertex -45 45 5
      vertex -29.16833744171373 25.829133868568544 5
      vertex -29.066996426861888 26.233709878331464 5
    endloop
  endfacet
  facet normal 0 0 1
    outer loop
      vertex -45 45 5
      vertex -29.066996426861888 26.233709878331464 5
      vertex -28.926488013172968 26.626404587551633 5
    endloop
  endfacet
  facet normal 0 0 1
    outer loop
      vertex -45 45 5
      vertex -28.926488013172968 26.626404587551633 5
      vertex -28.74816537348051 27.00343613151049 5
    endloop
  endfacet
  facet normal 0 0 1
    outer loop
      vertex -45 45 5
      vertex -28.74816537348051 27.00343613151049 5
      vertex -28.53374585228582 27.361173490333307 5
    endloop
  endfacet
  facet normal 0 0 1
    outer loop
      vertex -45 45 5
      vertex -28.53374585228582 27.361173490333307 5
      vertex -28.285294426791634 27.696171457695492 5
    endloop
  endfacet
  facet normal 0 0 1
    outer loop
      vertex -45 45 5
      vertex -28.285294426791634 27.696171457695492 5
      vertex -28.005203820042826 28.005203820042826 5
    endloop
  endfacet
  facet normal 0.9039892931234456 0.4275550934302775 0
    outer loop
      vertex -28.926488013172968 23.373595412448367 2
      vertex -28.926488013172968 23.373595412448367 5
      vertex -28.74816537348051 22.99656386848951 2
    endloop
  endfacet
  facet normal 0.9415440651830208 0.3368898533922203 0
    outer loop
      vertex -28.926488013172968 23.373595412448367 2
      vertex -29.066996426861888 23.766290121668536 2
      vertex -29.066996426861888 23.766290121668536 5
    endloop
  endfacet
  facet normal 0.8577286100002698 0.5141027441932253 0
    outer loop
      vertex -28.53374585228582 22.638826509666693 2
      vertex -28.74816537348051 22.99656386848951 2
      vertex -28.74816537348051 22.99656386848951 5
    endloop
  endfacet
  facet normal 0.8032075314806457 0.5956993044924324 0
    outer loop
      vertex -28.285294426791634 22.303828542304508 2
      vertex -28.53374585228582 22.638826509666693 2
      vertex -28.53374585228582 22.638826509666693 5
    endloop
  endfacet
  facet normal 0.9891765099647816 0.14673047445535753 0
    outer loop
      vertex -29.229535088356837 24.583427153599366 2
      vertex -29.229535088356837 24.583427153599366 5
      vertex -29.16833744171373 24.170866131431456 2
    endloop
  endfacet
  facet normal 0.9700312531945428 0.24298017990326878 0
    outer loop
      vertex -29.066996426861888 23.766290121668536 2
      vertex -29.16833744171373 24.170866131431456 2
      vertex -29.16833744171373 24.170866131431456 5
    endloop
  endfacet
  facet normal 0.9987954562051724 0.04906767432741787 0
    outer loop
      vertex -29.229535088356837 24.583427153599366 2
      vertex -29.25 25 2
      vertex -29.25 25 5
    endloop
  endfacet
  facet normal 0.9987954562051724 -0.04906767432741787 0
    outer loop
      vertex -29.25 25 2
      vertex -29.229535088356837 25.416572846400634 2
      vertex -29.229535088356837 25.416572846400634 5
    endloop
  endfacet
  facet normal 0.9415440651830208 0.3368898533922203 0
    outer loop
      vertex -28.926488013172968 23.373595412448367 2
      vertex -29.066996426861888 23.766290121668536 5
      vertex -28.926488013172968 23.373595412448367 5
    endloop
  endfacet
  facet normal 0.9700312531945428 0.24298017990326878 0
    outer loop
      vertex -29.066996426861888 23.766290121668536 2
      vertex -29.16833744171373 24.170866131431456 5
      vertex -29.066996426861888 23.766290121668536 5
    endloop
  endfacet
  facet normal 0.8577286100002698 0.5141027441932253 0
    outer loop
      vertex -28.53374585228582 22.638826509666693 2
      vertex -28.74816537348051 22.99656386848951 5
      vertex -28.53374585228582 22.638826509666693 5
    endloop
  endfacet
  facet normal 0.9039892931234456 0.4275550934302775 0
    outer loop
      vertex -28.74816537348051 22.99656386848951 2
      vertex -28.926488013172968 23.373595412448367 5
      vertex -28.74816537348051 22.99656386848951 5
    endloop
  endfacet
  facet normal 0.9891765099647816 0.14673047445535753 0
    outer loop
      vertex -29.16833744171373 24.170866131431456 2
      vertex -29.229535088356837 24.583427153599366 5
      vertex -29.16833744171373 24.170866131431456 5
    endloop
  endfacet
  facet normal 0.9987954562051724 0.04906767432741787 0
    outer loop
      vertex -29.229535088356837 24.583427153599366 2
      vertex -29.25 25 5
      vertex -29.229535088356837 24.583427153599366 5
    endloop
  endfacet
  facet normal 0.9987954562051724 -0.04906767432741787 0
    outer loop
      vertex -29.25 25 2
      vertex -29.229535088356837 25.416572846400634 5
      vertex -29.25 25 5
    endloop
  endfacet
  facet normal 0.9891765099647816 -0.14673047445535753 0
    outer loop
      vertex -29.229535088356837 25.416572846400634 2
      vertex -29.16833744171373 25.829133868568544 2
      vertex -29.16833744171373 25.829133868568544 5
    endloop
  endfacet
  facet normal 0.9700312531945428 -0.24298017990326878 0
    outer loop
      vertex -29.16833744171373 25.829133868568544 2
      vertex -29.066996426861888 26.233709878331464 2
      vertex -29.066996426861888 26.233709878331464 5
    endloop
  endfacet
  facet normal 0.9415440651830208 -0.3368898533922203 0
    outer loop
      vertex -29.066996426861888 26.233709878331464 2
      vertex -28.926488013172968 26.626404587551633 2
      vertex -28.926488013172968 26.626404587551633 5
    endloop
  endfacet
  facet normal 0.9039892931234456 -0.4275550934302775 0
    outer loop
      vertex -28.926488013172968 26.626404587551633 2
      vertex -28.74816537348051 27.00343613151049 2
      vertex -28.74816537348051 27.00343613151049 5
    endloop
  endfacet
  facet normal 0.8577286100002698 -0.5141027441932253 0
    outer loop
      vertex -28.74816537348051 27.00343613151049 2
      vertex -28.53374585228582 27.361173490333307 2
      vertex -28.53374585228582 27.361173490333307 5
    endloop
  endfacet
  facet normal 0.8032075314806457 -0.5956993044924324 0
    outer loop
      vertex -28.53374585228582 27.361173490333307 2
      vertex -28.285294426791634 27.696171457695492 2
      vertex -28.285294426791634 27.696171457695492 5
    endloop
  endfacet
  facet normal 0.9891765099647816 -0.14673047445535753 0
    outer loop
      vertex -29.229535088356837 25.416572846400634 2
      vertex -29.16833744171373 25.829133868568544 5
      vertex -29.229535088356837 25.416572846400634 5
    endloop
  endfacet
  facet normal 0.9700312531945428 -0.24298017990326878 0
    outer loop
      vertex -29.16833744171373 25.829133868568544 2
      vertex -29.066996426861888 26.233709878331464 5
      vertex -29.16833744171373 25.829133868568544 5
    endloop
  endfacet
  facet normal 0.9415440651830208 -0.3368898533922203 0
    outer loop
      vertex -29.066996426861888 26.233709878331464 2
      vertex -28.926488013172968 26.626404587551633 5
      vertex -29.066996426861888 26.233709878331464 5
    endloop
  endfacet
  facet normal 0.9039892931234456 -0.4275550934302775 0
    outer loop
      vertex -28.926488013172968 26.626404587551633 2
      vertex -28.74816537348051 27.00343613151049 5
      vertex -28.926488013172968 26.626404587551633 5
    endloop
  endfacet
  facet normal 0.8577286100002698 -0.5141027441932253 0
    outer loop
      vertex -28.74816537348051 27.00343613151049 2
      vertex -28.53374585228582 27.361173490333307 5
      vertex -28.74816537348051 27.00343613151049 5
    endloop
  endfacet
  facet normal 0.8032075314806457 -0.5956993044924324 0
    outer loop
      vertex -28.53374585228582 27.361173490333307 2
      vertex -28.285294426791634 27.696171457695492 5
      vertex -28.53374585228582 27.361173490333307 5
    endloop
  endfacet
  facet normal 0.7409511253549577 -0.67155895484702 0
    outer loop
      vertex -28.285294426791634 27.696171457695492 2
      vertex -28.005203820042826 28.005203820042826 5
      vertex -28.285294426791634 27.696171457695492 5
    endloop
  endfacet
  facet normal 0.7409511253549577 -0.67155895484702 0
    outer loop
      vertex -28.285294426791634 27.696171457695492 2
      vertex -28.005203820042826 28.005203820042826 2
      vertex -28.005203820042826 28.005203820042826 5
    endloop
  endfacet
  facet normal 0.67155895484702 -0.7409511253549577 0
    outer loop
      vertex -28.005203820042826 28.005203820042826 2
      vertex -27.696171457695492 28.285294426791634 5
      vertex -28.005203820042826 28.005203820042826 5
    endloop
  endfacet
  facet normal 0.67155895484702 -0.7409511253549577 0
    outer loop
      vertex -28.005203820042826 28.005203820042826 2
      vertex -27.696171457695492 28.285294426791634 2
      vertex -27.696171457695492 28.285294426791634 5
    endloop
  endfacet
  facet normal 0.5956993044924324 -0.8032075314806457 0
    outer loop
      vertex -27.696171457695492 28.285294426791634 2
      vertex -27.361173490333307 28.53374585228582 2
      vertex -27.361173490333307 28.53374585228582 5
    endloop
  endfacet
  facet normal 0.5141027441932253 -0.8577286100002698 0
    outer loop
      vertex -27.361173490333307 28.53374585228582 2
      vertex -27.00343613151049 28.74816537348051 2
      vertex -27.00343613151049 28.74816537348051 5
    endloop
  endfacet
  facet normal 0.4275550934302775 -0.9039892931234456 0
    outer loop
      vertex -27.00343613151049 28.74816537348051 2
      vertex -26.626404587551633 28.926488013172968 2
      vertex -26.626404587551633 28.926488013172968 5
    endloop
  endfacet
  facet normal 0.3368898533922203 -0.9415440651830208 0
    outer loop
      vertex -26.626404587551633 28.926488013172968 2
      vertex -26.233709878331464 29.066996426861888 2
      vertex -26.233709878331464 29.066996426861888 5
    endloop
  endfacet
  facet normal 0.24298017990326878 -0.9700312531945428 0
    outer loop
      vertex -26.233709878331464 29.066996426861888 2
      vertex -25.829133868568544 29.16833744171373 2
      vertex -25.829133868568544 29.16833744171373 5
    endloop
  endfacet
  facet normal 0.14673047445535753 -0.9891765099647816 0
    outer loop
      vertex -25.829133868568544 29.16833744171373 2
      vertex -25.416572846400634 29.229535088356837 2
      vertex -25.416572846400634 29.229535088356837 5
    endloop
  endfacet
  facet normal 0.5956993044924324 -0.8032075314806457 0
    outer loop
      vertex -27.696171457695492 28.285294426791634 2
      vertex -27.361173490333307 28.53374585228582 5
      vertex -27.696171457695492 28.285294426791634 5
    endloop
  endfacet
  facet normal 0.5141027441932253 -0.8577286100002698 0
    outer loop
      vertex -27.361173490333307 28.53374585228582 2
      vertex -27.00343613151049 28.74816537348051 5
      vertex -27.361173490333307 28.53374585228582 5
    endloop
  endfacet
  facet normal 0.4275550934302775 -0.9039892931234456 0
    outer loop
      vertex -27.00343613151049 28.74816537348051 2
      vertex -26.626404587551633 28.926488013172968 5
      vertex -27.00343613151049 28.74816537348051 5
    endloop
  endfacet
  facet normal 0.3368898533922203 -0.9415440651830208 0
    outer loop
      vertex -26.626404587551633 28.926488013172968 2
      vertex -26.233709878331464 29.066996426861888 5
      vertex -26.626404587551633 28.926488013172968 5
    endloop
  endfacet
  facet normal 0.24298017990326878 -0.9700312531945428 0
    outer loop
      vertex -26.233709878331464 29.066996426861888 2
      vertex -25.829133868568544 29.16833744171373 5
      vertex -26.233709878331464 29.066996426861888 5
    endloop
  endfacet
  facet normal 0.14673047445535753 -0.9891765099647816 0
    outer loop
      vertex -25.829133868568544 29.16833744171373 2
      vertex -25.416572846400634 29.229535088356837 5
      vertex -25.829133868568544 29.16833744171373 5
    endloop
  endfacet
  facet normal 0.04906767432741787 -0.9987954562051724 0
    outer loop
      vertex -25.416572846400634 29.229535088356837 2
      vertex -25 29.25 2
      vertex -25 29.25 5
    endloop
  endfacet
  facet normal -0.04906767432741787 -0.9987954562051724 0
    outer loop
      vertex -25 29.25 2
      vertex -24.583427153599366 29.229535088356837 2
      vertex -24.583427153599366 29.229535088356837 5
    endloop
  endfacet
  facet normal -0.14673047445535753 -0.9891765099647816 0
    outer loop
      vertex -24.583427153599366 29.229535088356837 2
      vertex -24.170866131431456 29.16833744171373 2
      vertex -24.170866131431456 29.16833744171373 5
    endloop
  endfacet
  facet normal -0.24298017990326878 -0.9700312531945428 0
    outer loop
      vertex -24.170866131431456 29.16833744171373 2
      vertex -23.766290121668536 29.066996426861888 2
      vertex -23.766290121668536 29.066996426861888 5
    endloop
  endfacet
  facet normal -0.3368898533922203 -0.9415440651830208 0
    outer loop
      vertex -23.766290121668536 29.066996426861888 2
      vertex -23.373595412448367 28.926488013172968 2
      vertex -23.373595412448367 28.926488013172968 5
    endloop
  endfacet
  facet normal -0.4275550934302775 -0.9039892931234456 0
    outer loop
      vertex -23.373595412448367 28.926488013172968 2
      vertex -22.99656386848951 28.74816537348051 2
      vertex -22.99656386848951 28.74816537348051 5
    endloop
  endfacet
  facet normal -0.5141027441932253 -0.8577286100002698 0
    outer loop
      vertex -22.99656386848951 28.74816537348051 2
      vertex -22.638826509666693 28.53374585228582 2
      vertex -22.638826509666693 28.53374585228582 5
    endloop
  endfacet
  facet normal 0.04906767432741787 -0.9987954562051724 0
    outer loop
      vertex -25.416572846400634 29.229535088356837 2
      vertex -25 29.25 5
      vertex -25.416572846400634 29.229535088356837 5
    endloop
  endfacet
  facet normal -0.04906767432741787 -0.9987954562051724 0
    outer loop
      vertex -25 29.25 2
      vertex -24.583427153599366 29.229535088356837 5
      vertex -25 29.25 5
    endloop
  endfacet
  facet normal -0.14673047445535753 -0.9891765099647816 0
    outer loop
      vertex -24.583427153599366 29.229535088356837 2
      vertex -24.170866131431456 29.16833744171373 5
      vertex -24.583427153599366 29.229535088356837 5
    endloop
  endfacet
  facet normal -0.24298017990326878 -0.9700312531945428 0
    outer loop
      vertex -24.170866131431456 29.16833744171373 2
      vertex -23.766290121668536 29.066996426861888 5
      vertex -24.170866131431456 29.16833744171373 5
    endloop
  endfacet
  facet normal -0.3368898533922203 -0.9415440651830208 0
    outer loop
      vertex -23.766290121668536 29.066996426861888 2
      vertex -23.373595412448367 28.926488013172968 5
      vertex -23.766290121668536 29.066996426861888 5
    endloop
  endfacet
  facet normal -0.4275550934302775 -0.9039892931234456 0
    outer loop
      vertex -23.373595412448367 28.926488013172968 2
      vertex -22.99656386848951 28.74816537348051 5
      vertex -23.373595412448367 28.926488013172968 5
    endloop
  endfacet
  facet normal -0.5141027441932253 -0.8577286100002698 0
    outer loop
      vertex -22.99656386848951 28.74816537348051 2
      vertex -22.638826509666693 28.53374585228582 5
      vertex -22.99656386848951 28.74816537348051 5
    endloop
  endfacet
  facet normal -0.5956993044924324 -0.8032075314806457 0
    outer loop
      vertex -22.638826509666693 28.53374585228582 2
      vertex -22.303828542304508 28.285294426791634 5
      vertex -22.638826509666693 28.53374585228582 5
    endloop
  endfacet
  facet normal 0 0 -1
    outer loop
      vertex -45 45 2
      vertex -27.696171457695492 28.285294426791634 2
      vertex -28.005203820042826 28.005203820042826 2
    endloop
  endfacet
  facet normal 0 0 -1
    outer loop
      vertex -45 45 2
      vertex -27.361173490333307 28.53374585228582 2
      vertex -27.696171457695492 28.285294426791634 2
    endloop
  endfacet
  facet normal 0 0 -1
    outer loop
      vertex -45 45 2
      vertex -27.00343613151049 28.74816537348051 2
      vertex -27.361173490333307 28.53374585228582 2
    endloop
  endfacet
  facet normal 0 0 -1
    outer loop
      vertex -45 45 2
      vertex -26.626404587551633 28.926488013172968 2
      vertex -27.00343613151049 28.74816537348051 2
    endloop
  endfacet
  facet normal 0 0 -1
    outer loop
      vertex -45 45 2
      vertex -26.233709878331464 29.066996426861888 2
      vertex -26.626404587551633 28.926488013172968 2
    endloop
  endfacet
  facet normal 0 0 -1
    outer loop
      vertex -45 45 2
      vertex -25.829133868568544 29.16833744171373 2
      vertex -26.233709878331464 29.066996426861888 2
    endloop
  endfacet
  facet normal 0 0 -1
    outer loop
      vertex -45 45 2
      vertex -25.416572846400634 29.229535088356837 2
      vertex -25.829133868568544 29.16833744171373 2
    endloop
  endfacet
  facet normal 0 0 -1
    outer loop
      vertex -45 45 2
      vertex -25 29.25 2
      vertex -25.416572846400634 29.229535088356837 2
    endloop
  endfacet
  facet normal 0 0 -1
    outer loop
      vertex -45 45 2
      vertex -23.766290121668536 29.066996426861888 2
      vertex -24.170866131431456 29.16833744171373 2
    endloop
  endfacet
  facet normal 0 0 -1
    outer loop
      vertex -45 45 2
      vertex -24.583427153599366 29.229535088356837 2
      vertex -25 29.25 2
    endloop
  endfacet
  facet normal 0 0 -1
    outer loop
      vertex -45 45 2
      vertex -24.170866131431456 29.16833744171373 2
      vertex -24.583427153599366 29.229535088356837 2
    endloop
  endfacet
  facet normal 0 0 1
    outer loop
      vertex -45 45 5
      vertex -28.005203820042826 28.005203820042826 5
      vertex -27.696171457695492 28.285294426791634 5
    endloop
  endfacet
  facet normal 0 0 1
    outer loop
      vertex -45 45 5
      vertex -27.696171457695492 28.285294426791634 5
      vertex -27.361173490333307 28.53374585228582 5
    endloop
  endfacet
  facet normal 0 0 1
    outer loop
      vertex -45 45 5
      vertex -27.361173490333307 28.53374585228582 5
      vertex -27.00343613151049 28.74816537348051 5
    endloop
  endfacet
  facet normal 0 0 1
    outer loop
      vertex -45 45 5
      vertex -27.00343613151049 28.74816537348051 5
      vertex -26.626404587551633 28.926488013172968 5
    endloop
  endfacet
  facet normal 0 0 1
    outer loop
      vertex -45 45 5
      vertex -26.626404587551633 28.926488013172968 5
      vertex -26.233709878331464 29.066996426861888 5
    endloop
  endfacet
  facet normal 0 0 1
    outer loop
      vertex -45 45 5
      vertex -26.233709878331464 29.066996426861888 5
      vertex -25.829133868568544 29.16833744171373 5
    endloop
  endfacet
  facet normal 0 0 1
    outer loop
      vertex -45 45 5
      vertex -25.829133868568544 29.16833744171373 5
      vertex -25.416572846400634 29.229535088356837 5
    endloop
  endfacet
  facet normal 0 0 1
    outer loop
      vertex -45 45 5
      vertex -25.416572846400634 29.229535088356837 5
      vertex -25 29.25 5
    endloop
  endfacet
  facet normal 0 0 1
    outer loop
      vertex -45 45 5
      vertex -24.170866131431456 29.16833744171373 5
      vertex -23.766290121668536 29.066996426861888 5
    endloop
  endfacet
  facet normal 0 0 1
    outer loop
      vertex -45 45 5
      vertex -25 29.25 5
      vertex -24.583427153599366 29.229535088356837 5
    endloop
  endfacet
  facet normal 0 0 1
    outer loop
      vertex -45 45 5
      vertex -24.583427153599366 29.229535088356837 5
      vertex -24.170866131431456 29.16833744171373 5
    endloop
  endfacet
  facet normal 0 0 1
    outer loop
      vertex -45 45 5
      vertex -23.766290121668536 29.066996426861888 5
      vertex -19.8139231270351 35.58297978751266 5
    endloop
  endfacet
  facet normal 0 0 -1
    outer loop
      vertex -45 45 2
      vertex -8.023390397429466 29.94370061159134 2
      vertex -23.766290121668536 29.066996426861888 2
    endloop
  endfacet
  facet normal 0 0 1
    outer loop
      vertex -45 45 5
      vertex -19.8139231270351 35.58297978751266 5
      vertex -17.140903554469997 36.9449512867313 5
    endloop
  endfacet
  facet normal 0.9142097557035307 -0.40524131400498975 0
    outer loop
      vertex -22.819824453028783 9.452280779417718 2
      vertex -22.32853554014905 10.560610807727967 2
      vertex -22.32853554014905 10.560610807727967 5
    endloop
  endfacet
  facet normal 0.8932243011955147 -0.4496113296546081 0
    outer loop
      vertex -22.32853554014905 10.560610807727967 2
      vertex -21.783455229404368 11.643499399602142 5
      vertex -22.32853554014905 10.560610807727967 5
    endloop
  endfacet
  facet normal 0.8932243011955147 -0.4496113296546081 0
    outer loop
      vertex -22.32853554014905 10.560610807727967 2
      vertex -21.783455229404368 11.643499399602142 2
      vertex -21.783455229404368 11.643499399602142 5
    endloop
  endfacet
  facet normal 0.8700869911087121 -0.49289819222978287 0
    outer loop
      vertex -21.783455229404368 11.643499399602142 2
      vertex -21.18589666700672 12.698337781572578 2
      vertex -21.18589666700672 12.698337781572578 5
    endloop
  endfacet
  facet normal 0.8448535652497065 -0.534997619887098 0
    outer loop
      vertex -21.18589666700672 12.698337781572578 2
      vertex -20.537299423872867 13.722584755584174 2
      vertex -20.537299423872867 13.722584755584174 5
    endloop
  endfacet
  facet normal 0.8700869911087121 -0.49289819222978287 0
    outer loop
      vertex -21.783455229404368 11.643499399602142 2
      vertex -21.18589666700672 12.698337781572578 5
      vertex -21.783455229404368 11.643499399602142 5
    endloop
  endfacet
  facet normal 0.8448535652497065 -0.534997619887098 0
    outer loop
      vertex -21.18589666700672 12.698337781572578 2
      vertex -20.537299423872867 13.722584755584174 5
      vertex -21.18589666700672 12.698337781572578 5
    endloop
  endfacet
  facet normal 0.8175848131515843 -0.5758081914178447 0
    outer loop
      vertex -20.537299423872867 13.722584755584174 2
      vertex -19.83922602757193 14.713772820963104 5
      vertex -20.537299423872867 13.722584755584174 5
    endloop
  endfacet
  facet normal 0 0 -1
    outer loop
      vertex -29.130471244454384 10.60262444615364 2
      vertex -18.30149279626749 16.587506184721356 2
      vertex -19.093358198059605 15.669514118842043 2
    endloop
  endfacet
  facet normal 0.8175848131515843 -0.5758081914178447 0
    outer loop
      vertex -20.537299423872867 13.722584755584174 2
      vertex -19.83922602757193 14.713772820963104 2
      vertex -19.83922602757193 14.713772820963104 5
    endloop
  endfacet
  facet normal 0.7883464276266067 -0.6152315905806263 0
    outer loop
      vertex -19.83922602757193 14.713772820963104 2
      vertex -19.093358198059605 15.669514118842043 2
      vertex -19.093358198059605 15.669514118842043 5
    endloop
  endfacet
  facet normal 0.7572088465064842 -0.653172842953777 0
    outer loop
      vertex -19.093358198059605 15.669514118842043 2
      vertex -18.30149279626749 16.587506184721356 2
      vertex -18.30149279626749 16.587506184721356 5
    endloop
  endfacet
  facet normal 0.7883464276266067 -0.6152315905806263 0
    outer loop
      vertex -19.83922602757193 14.713772820963104 2
      vertex -19.093358198059605 15.669514118842043 5
      vertex -19.83922602757193 14.713772820963104 5
    endloop
  endfacet
  facet normal 0.7572088465064842 -0.653172842953777 0
    outer loop
      vertex -19.093358198059605 15.669514118842043 2
      vertex -18.30149279626749 16.587506184721356 5
      vertex -19.093358198059605 15.669514118842043 5
    endloop
  endfacet
  facet normal 0 0 -1
    outer loop
      vertex -22.99656386848951 21.25183462651949 2
      vertex -22.638826509666693 21.46625414771418 2
      vertex -18.30149279626749 16.587506184721356 2
    endloop
  endfacet
  facet normal -0.67155895484702 0.7409511253549577 0
    outer loop
      vertex -22.303828542304508 21.714705573208366 2
      vertex -22.303828542304508 21.714705573208366 5
      vertex -21.994796179957174 21.994796179957174 2
    endloop
  endfacet
  facet normal -0.7409511253549577 0.67155895484702 0
    outer loop
      vertex -21.994796179957174 21.994796179957174 2
      vertex -21.994796179957174 21.994796179957174 5
      vertex -21.714705573208366 22.303828542304508 2
    endloop
  endfacet
  facet normal -0.8032075314806457 0.5956993044924324 0
    outer loop
      vertex -21.714705573208366 22.303828542304508 2
      vertex -21.714705573208366 22.303828542304508 5
      vertex -21.46625414771418 22.638826509666693 2
    endloop
  endfacet
  facet normal 0 0 -1
    outer loop
      vertex -22.638826509666693 21.46625414771418 2
      vertex -22.303828542304508 21.714705573208366 2
      vertex -18.30149279626749 16.587506184721356 2
    endloop
  endfacet
  facet normal 0 0 -1
    outer loop
      vertex -18.30149279626749 16.587506184721356 2
      vertex -22.303828542304508 21.714705573208366 2
      vertex -21.994796179957174 21.994796179957174 2
    endloop
  endfacet
  facet normal 0 0 -1
    outer loop
      vertex -21.994796179957174 21.994796179957174 2
      vertex -21.714705573208366 22.303828542304508 2
      vertex -17.465537495307725 17.465537495307725 2
    endloop
  endfacet
  facet normal 0 0 -1
    outer loop
      vertex -21.714705573208366 22.303828542304508 2
      vertex -21.46625414771418 22.638826509666693 2
      vertex -17.465537495307725 17.465537495307725 2
    endloop
  endfacet
  facet normal 0 0 -1
    outer loop
      vertex -16.587506184721356 18.30149279626749 2
      vertex -21.46625414771418 22.638826509666693 2
      vertex -21.25183462651949 22.99656386848951 2
    endloop
  endfacet
  facet normal -0.5956993044924324 0.8032075314806457 0
    outer loop
      vertex -22.638826509666693 21.46625414771418 5
      vertex -22.303828542304508 21.714705573208366 5
      vertex -22.303828542304508 21.714705573208366 2
    endloop
  endfacet
  facet normal -0.67155895484702 0.7409511253549577 0
    outer loop
      vertex -21.994796179957174 21.994796179957174 2
      vertex -22.303828542304508 21.714705573208366 5
      vertex -21.994796179957174 21.994796179957174 5
    endloop
  endfacet
  facet normal -0.7409511253549577 0.67155895484702 0
    outer loop
      vertex -21.714705573208366 22.303828542304508 2
      vertex -21.994796179957174 21.994796179957174 5
      vertex -21.714705573208366 22.303828542304508 5
    endloop
  endfacet
  facet normal 0 0 -1
    outer loop
      vertex -18.30149279626749 16.587506184721356 2
      vertex -21.994796179957174 21.994796179957174 2
      vertex -17.465537495307725 17.465537495307725 2
    endloop
  endfacet
  facet normal 0 0 -1
    outer loop
      vertex -17.465537495307725 17.465537495307725 2
      vertex -21.46625414771418 22.638826509666693 2
      vertex -16.587506184721356 18.30149279626749 2
    endloop
  endfacet
  facet normal 0.7242470829514676 -0.6895405447370664 0
    outer loop
      vertex -18.30149279626749 16.587506184721356 2
      vertex -17.465537495307725 17.465537495307725 2
      vertex -17.465537495307725 17.465537495307725 5
    endloop
  endfacet
  facet normal 0.6895405447370664 -0.7242470829514676 0
    outer loop
      vertex -17.465537495307725 17.465537495307725 2
      vertex -16.587506184721356 18.30149279626749 2
      vertex -16.587506184721356 18.30149279626749 5
    endloop
  endfacet
  facet normal 0.7242470829514676 -0.6895405447370664 0
    outer loop
      vertex -18.30149279626749 16.587506184721356 2
      vertex -17.465537495307725 17.465537495307725 5
      vertex -18.30149279626749 16.587506184721356 5
    endloop
  endfacet
  facet normal 0.6895405447370664 -0.7242470829514676 0
    outer loop
      vertex -17.465537495307725 17.465537495307725 2
      vertex -16.587506184721356 18.30149279626749 5
      vertex -17.465537495307725 17.465537495307725 5
    endloop
  endfacet
  facet normal 0 0 -1
    outer loop
      vertex -16.587506184721356 18.30149279626749 2
      vertex -21.25183462651949 22.99656386848951 2
      vertex -21.073511986827032 23.373595412448367 2
    endloop
  endfacet
  facet normal 0 0 -1
    outer loop
      vertex -16.587506184721356 18.30149279626749 2
      vertex -21.073511986827032 23.373595412448367 2
      vertex -20.933003573138112 23.766290121668536 2
    endloop
  endfacet
  facet normal 0 0 -1
    outer loop
      vertex -16.587506184721356 18.30149279626749 2
      vertex -20.933003573138112 23.766290121668536 2
      vertex -20.83166255828627 24.170866131431456 2
    endloop
  endfacet
  facet normal 0 0 -1
    outer loop
      vertex -16.587506184721356 18.30149279626749 2
      vertex -20.83166255828627 24.170866131431456 2
      vertex -20.770464911643163 24.583427153599366 2
    endloop
  endfacet
  facet normal 0 0 1
    outer loop
      vertex -23.766290121668536 20.933003573138112 5
      vertex -22.185400011510552 18.207087255496624 5
      vertex -21.265297297687326 19.27374200410943 5
    endloop
  endfacet
  facet normal 0 0 1
    outer loop
      vertex -22.99656386848951 21.25183462651949 5
      vertex -20.293964620053917 20.293964620053917 5
      vertex -22.638826509666693 21.46625414771418 5
    endloop
  endfacet
  facet normal 0 0 1
    outer loop
      vertex -22.99656386848951 21.25183462651949 5
      vertex -21.265297297687326 19.27374200410943 5
      vertex -20.293964620053917 20.293964620053917 5
    endloop
  endfacet
  facet normal 0 0 1
    outer loop
      vertex -22.638826509666693 21.46625414771418 5
      vertex -20.293964620053917 20.293964620053917 5
      vertex -22.303828542304508 21.714705573208366 5
    endloop
  endfacet
  facet normal 0 0 1
    outer loop
      vertex -22.303828542304508 21.714705573208366 5
      vertex -20.293964620053917 20.293964620053917 5
      vertex -21.994796179957174 21.994796179957174 5
    endloop
  endfacet
  facet normal 0 0 1
    outer loop
      vertex -21.994796179957174 21.994796179957174 5
      vertex -20.293964620053917 20.293964620053917 5
      vertex -19.27374200410943 21.265297297687326 5
    endloop
  endfacet
  facet normal 0 0 1
    outer loop
      vertex -21.994796179957174 21.994796179957174 5
      vertex -19.27374200410943 21.265297297687326 5
      vertex -21.714705573208366 22.303828542304508 5
    endloop
  endfacet
  facet normal 0 0 1
    outer loop
      vertex -21.714705573208366 22.303828542304508 5
      vertex -19.27374200410943 21.265297297687326 5
      vertex -21.46625414771418 22.638826509666693 5
    endloop
  endfacet
  facet normal 0 0 1
    outer loop
      vertex -19.27374200410943 21.265297297687326 5
      vertex -18.207087255496624 22.185400011510552 5
      vertex -21.46625414771418 22.638826509666693 5
    endloop
  endfacet
  facet normal 0.653172842953777 -0.7572088465064842 0
    outer loop
      vertex -16.587506184721356 18.30149279626749 2
      vertex -15.669514118842043 19.093358198059605 2
      vertex -15.669514118842043 19.093358198059605 5
    endloop
  endfacet
  facet normal 0.6152315905806263 -0.7883464276266067 0
    outer loop
      vertex -15.669514118842043 19.093358198059605 2
      vertex -14.713772820963104 19.83922602757193 2
      vertex -14.713772820963104 19.83922602757193 5
    endloop
  endfacet
  facet normal 0.653172842953777 -0.7572088465064842 0
    outer loop
      vertex -16.587506184721356 18.30149279626749 2
      vertex -15.669514118842043 19.093358198059605 5
      vertex -16.587506184721356 18.30149279626749 5
    endloop
  endfacet
  facet normal 0.6152315905806263 -0.7883464276266067 0
    outer loop
      vertex -15.669514118842043 19.093358198059605 2
      vertex -14.713772820963104 19.83922602757193 5
      vertex -15.669514118842043 19.093358198059605 5
    endloop
  endfacet
  facet normal 0 0 -1
    outer loop
      vertex -16.587506184721356 18.30149279626749 2
      vertex -10.60262444615364 29.130471244454384 2
      vertex -15.669514118842043 19.093358198059605 2
    endloop
  endfacet
  facet normal 0.5758081914178447 -0.8175848131515843 0
    outer loop
      vertex -14.713772820963104 19.83922602757193 2
      vertex -13.722584755584174 20.537299423872867 5
      vertex -14.713772820963104 19.83922602757193 5
    endloop
  endfacet
  facet normal 0.5758081914178447 -0.8175848131515843 0
    outer loop
      vertex -14.713772820963104 19.83922602757193 2
      vertex -13.722584755584174 20.537299423872867 2
      vertex -13.722584755584174 20.537299423872867 5
    endloop
  endfacet
  facet normal 0.534997619887098 -0.8448535652497065 0
    outer loop
      vertex -13.722584755584174 20.537299423872867 2
      vertex -12.698337781572578 21.18589666700672 2
      vertex -12.698337781572578 21.18589666700672 5
    endloop
  endfacet
  facet normal 0.49289819222978287 -0.8700869911087121 0
    outer loop
      vertex -12.698337781572578 21.18589666700672 2
      vertex -11.643499399602142 21.783455229404368 2
      vertex -11.643499399602142 21.783455229404368 5
    endloop
  endfacet
  facet normal 0.534997619887098 -0.8448535652497065 0
    outer loop
      vertex -13.722584755584174 20.537299423872867 2
      vertex -12.698337781572578 21.18589666700672 5
      vertex -13.722584755584174 20.537299423872867 5
    endloop
  endfacet
  facet normal 0.49289819222978287 -0.8700869911087121 0
    outer loop
      vertex -12.698337781572578 21.18589666700672 2
      vertex -11.643499399602142 21.783455229404368 5
      vertex -12.698337781572578 21.18589666700672 5
    endloop
  endfacet
  facet normal 0.4496113296546081 -0.8932243011955147 0
    outer loop
      vertex -11.643499399602142 21.783455229404368 2
      vertex -10.560610807727967 22.32853554014905 5
      vertex -11.643499399602142 21.783455229404368 5
    endloop
  endfacet
  facet normal 0.4496113296546081 -0.8932243011955147 0
    outer loop
      vertex -11.643499399602142 21.783455229404368 2
      vertex -10.560610807727967 22.32853554014905 2
      vertex -10.560610807727967 22.32853554014905 5
    endloop
  endfacet
  facet normal 0.40524131400498975 -0.9142097557035307 0
    outer loop
      vertex -10.560610807727967 22.32853554014905 2
      vertex -9.452280779417718 22.819824453028783 5
      vertex -10.560610807727967 22.32853554014905 5
    endloop
  endfacet
  facet normal 0.9142097557035307 -0.40524131400498975 0
    outer loop
      vertex -22.819824453028783 9.452280779417718 5
      vertex -22.32853554014905 10.560610807727967 5
      vertex -22.32853554014905 10.560610807727967 38.5
    endloop
  endfacet
  facet normal 0.8932243011955145 -0.4496113296546081 0
    outer loop
      vertex -22.32853554014905 10.560610807727967 5
      vertex -21.783455229404368 11.643499399602142 5
      vertex -21.783455229404368 11.643499399602142 38.5
    endloop
  endfacet
  facet normal 0.8700869911087121 -0.49289819222978276 0
    outer loop
      vertex -21.783455229404368 11.643499399602142 5
      vertex -21.18589666700672 12.698337781572578 5
      vertex -21.18589666700672 12.698337781572578 38.5
    endloop
  endfacet
  facet normal 0.8448535652497066 -0.5349976198870982 0
    outer loop
      vertex -21.18589666700672 12.698337781572578 5
      vertex -20.537299423872867 13.722584755584174 5
      vertex -20.537299423872867 13.722584755584174 38.5
    endloop
  endfacet
  facet normal 0.8175848131515842 -0.5758081914178446 0
    outer loop
      vertex -20.537299423872867 13.722584755584174 5
      vertex -19.83922602757193 14.713772820963104 5
      vertex -19.83922602757193 14.713772820963104 38.5
    endloop
  endfacet
  facet normal 0.7883464276266067 -0.6152315905806263 0
    outer loop
      vertex -19.83922602757193 14.713772820963104 5
      vertex -19.093358198059605 15.669514118842043 5
      vertex -19.093358198059605 15.669514118842043 38.5
    endloop
  endfacet
  facet normal 0.7572088465064843 -0.653172842953777 0
    outer loop
      vertex -19.093358198059605 15.669514118842043 5
      vertex -18.30149279626749 16.587506184721356 5
      vertex -18.30149279626749 16.587506184721356 38.5
    endloop
  endfacet
  facet normal 0.7242470829514676 -0.6895405447370663 0
    outer loop
      vertex -18.30149279626749 16.587506184721356 5
      vertex -17.465537495307725 17.465537495307725 5
      vertex -17.465537495307725 17.465537495307725 38.5
    endloop
  endfacet
  facet normal 0.6895405447370663 -0.7242470829514676 0
    outer loop
      vertex -17.465537495307725 17.465537495307725 5
      vertex -16.587506184721356 18.30149279626749 5
      vertex -16.587506184721356 18.30149279626749 38.5
    endloop
  endfacet
  facet normal 0.653172842953777 -0.7572088465064843 0
    outer loop
      vertex -16.587506184721356 18.30149279626749 5
      vertex -15.669514118842043 19.093358198059605 5
      vertex -15.669514118842043 19.093358198059605 38.5
    endloop
  endfacet
  facet normal 0.6152315905806263 -0.7883464276266067 0
    outer loop
      vertex -15.669514118842043 19.093358198059605 5
      vertex -14.713772820963104 19.83922602757193 5
      vertex -14.713772820963104 19.83922602757193 38.5
    endloop
  endfacet
  facet normal 0.5758081914178446 -0.8175848131515842 0
    outer loop
      vertex -14.713772820963104 19.83922602757193 5
      vertex -13.722584755584174 20.537299423872867 5
      vertex -13.722584755584174 20.537299423872867 38.5
    endloop
  endfacet
  facet normal 0.5349976198870982 -0.8448535652497066 0
    outer loop
      vertex -13.722584755584174 20.537299423872867 5
      vertex -12.698337781572578 21.18589666700672 5
      vertex -12.698337781572578 21.18589666700672 38.5
    endloop
  endfacet
  facet normal 0.49289819222978276 -0.8700869911087121 0
    outer loop
      vertex -12.698337781572578 21.18589666700672 5
      vertex -11.643499399602142 21.783455229404368 5
      vertex -11.643499399602142 21.783455229404368 38.5
    endloop
  endfacet
  facet normal -0.7883464276266069 0.6152315905806259 0
    outer loop
      vertex -23.052056153494508 17.096570038932835 5
      vertex -22.185400011510552 18.207087255496624 40
      vertex -22.185400011510552 18.207087255496624 5
    endloop
  endfacet
  facet normal -0.757208846506485 0.6531728429537763 0
    outer loop
      vertex -22.185400011510552 18.207087255496624 5
      vertex -21.265297297687326 19.27374200410943 40
      vertex -21.265297297687326 19.27374200410943 5
    endloop
  endfacet
  facet normal -0.7242470829514682 0.6895405447370655 0
    outer loop
      vertex -21.265297297687326 19.27374200410943 5
      vertex -20.293964620053917 20.293964620053917 40
      vertex -20.293964620053917 20.293964620053917 5
    endloop
  endfacet
  facet normal -0.6895405447370655 0.7242470829514682 0
    outer loop
      vertex -20.293964620053917 20.293964620053917 5
      vertex -20.293964620053917 20.293964620053917 40
      vertex -19.27374200410943 21.265297297687326 5
    endloop
  endfacet
  facet normal -0.6531728429537763 0.757208846506485 0
    outer loop
      vertex -19.27374200410943 21.265297297687326 5
      vertex -19.27374200410943 21.265297297687326 40
      vertex -18.207087255496624 22.185400011510552 5
    endloop
  endfacet
  facet normal -0.6152315905806259 0.7883464276266069 0
    outer loop
      vertex -18.207087255496624 22.185400011510552 5
      vertex -18.207087255496624 22.185400011510552 40
      vertex -17.096570038932835 23.052056153494508 5
    endloop
  endfacet
  facet normal 0.4496113296546081 -0.8932243011955145 0
    outer loop
      vertex -11.643499399602142 21.783455229404368 5
      vertex -10.560610807727967 22.32853554014905 5
      vertex -10.560610807727967 22.32853554014905 38.5
    endloop
  endfacet
  facet normal -0.8577286100002698 0.5141027441932253 0
    outer loop
      vertex -21.46625414771418 22.638826509666693 2
      vertex -21.46625414771418 22.638826509666693 5
      vertex -21.25183462651949 22.99656386848951 2
    endloop
  endfacet
  facet normal -0.9039892931234456 0.4275550934302775 0
    outer loop
      vertex -21.25183462651949 22.99656386848951 2
      vertex -21.25183462651949 22.99656386848951 5
      vertex -21.073511986827032 23.373595412448367 2
    endloop
  endfacet
  facet normal -0.9415440651830208 0.3368898533922203 0
    outer loop
      vertex -21.073511986827032 23.373595412448367 2
      vertex -21.073511986827032 23.373595412448367 5
      vertex -20.933003573138112 23.766290121668536 2
    endloop
  endfacet
  facet normal -0.9700312531945428 0.24298017990326878 0
    outer loop
      vertex -20.933003573138112 23.766290121668536 2
      vertex -20.933003573138112 23.766290121668536 5
      vertex -20.83166255828627 24.170866131431456 2
    endloop
  endfacet
  facet normal -0.9891765099647816 0.14673047445535753 0
    outer loop
      vertex -20.83166255828627 24.170866131431456 2
      vertex -20.83166255828627 24.170866131431456 5
      vertex -20.770464911643163 24.583427153599366 2
    endloop
  endfacet
  facet normal -0.9987954562051724 0.04906767432741787 0
    outer loop
      vertex -20.770464911643163 24.583427153599366 2
      vertex -20.770464911643163 24.583427153599366 5
      vertex -20.75 25 2
    endloop
  endfacet
  facet normal -0.9987954562051724 -0.04906767432741787 0
    outer loop
      vertex -20.75 25 2
      vertex -20.75 25 5
      vertex -20.770464911643163 25.416572846400634 2
    endloop
  endfacet
  facet normal -0.8032075314806457 0.5956993044924324 0
    outer loop
      vertex -21.714705573208366 22.303828542304508 5
      vertex -21.46625414771418 22.638826509666693 5
      vertex -21.46625414771418 22.638826509666693 2
    endloop
  endfacet
  facet normal -0.8577286100002698 0.5141027441932253 0
    outer loop
      vertex -21.25183462651949 22.99656386848951 2
      vertex -21.46625414771418 22.638826509666693 5
      vertex -21.25183462651949 22.99656386848951 5
    endloop
  endfacet
  facet normal -0.9039892931234456 0.4275550934302775 0
    outer loop
      vertex -21.073511986827032 23.373595412448367 2
      vertex -21.25183462651949 22.99656386848951 5
      vertex -21.073511986827032 23.373595412448367 5
    endloop
  endfacet
  facet normal -0.9415440651830208 0.3368898533922203 0
    outer loop
      vertex -20.933003573138112 23.766290121668536 2
      vertex -21.073511986827032 23.373595412448367 5
      vertex -20.933003573138112 23.766290121668536 5
    endloop
  endfacet
  facet normal -0.9700312531945428 0.24298017990326878 0
    outer loop
      vertex -20.83166255828627 24.170866131431456 2
      vertex -20.933003573138112 23.766290121668536 5
      vertex -20.83166255828627 24.170866131431456 5
    endloop
  endfacet
  facet normal -0.9891765099647816 0.14673047445535753 0
    outer loop
      vertex -20.770464911643163 24.583427153599366 2
      vertex -20.83166255828627 24.170866131431456 5
      vertex -20.770464911643163 24.583427153599366 5
    endloop
  endfacet
  facet normal -0.9987954562051724 0.04906767432741787 0
    outer loop
      vertex -20.75 25 2
      vertex -20.770464911643163 24.583427153599366 5
      vertex -20.75 25 5
    endloop
  endfacet
  facet normal -0.9987954562051724 -0.04906767432741787 0
    outer loop
      vertex -20.770464911643163 25.416572846400634 2
      vertex -20.75 25 5
      vertex -20.770464911643163 25.416572846400634 5
    endloop
  endfacet
  facet normal -0.67155895484702 -0.7409511253549577 0
    outer loop
      vertex -21.994796179957174 28.005203820042826 2
      vertex -21.994796179957174 28.005203820042826 5
      vertex -22.303828542304508 28.285294426791634 2
    endloop
  endfacet
  facet normal -0.7409511253549577 -0.67155895484702 0
    outer loop
      vertex -21.994796179957174 28.005203820042826 2
      vertex -21.714705573208366 27.696171457695492 2
      vertex -21.714705573208366 27.696171457695492 5
    endloop
  endfacet
  facet normal -0.9039892931234456 -0.4275550934302775 0
    outer loop
      vertex -21.25183462651949 27.00343613151049 2
      vertex -21.073511986827032 26.626404587551633 2
      vertex -21.073511986827032 26.626404587551633 5
    endloop
  endfacet
  facet normal -0.8577286100002698 -0.5141027441932253 0
    outer loop
      vertex -21.46625414771418 27.361173490333307 2
      vertex -21.25183462651949 27.00343613151049 2
      vertex -21.25183462651949 27.00343613151049 5
    endloop
  endfacet
  facet normal -0.8032075314806457 -0.5956993044924324 0
    outer loop
      vertex -21.46625414771418 27.361173490333307 2
      vertex -21.46625414771418 27.361173490333307 5
      vertex -21.714705573208366 27.696171457695492 2
    endloop
  endfacet
  facet normal -0.9891765099647816 -0.14673047445535753 0
    outer loop
      vertex -20.770464911643163 25.416572846400634 2
      vertex -20.770464911643163 25.416572846400634 5
      vertex -20.83166255828627 25.829133868568544 2
    endloop
  endfacet
  facet normal -0.9700312531945428 -0.24298017990326878 0
    outer loop
      vertex -20.83166255828627 25.829133868568544 2
      vertex -20.83166255828627 25.829133868568544 5
      vertex -20.933003573138112 26.233709878331464 2
    endloop
  endfacet
  facet normal -0.9415440651830208 -0.3368898533922203 0
    outer loop
      vertex -20.933003573138112 26.233709878331464 2
      vertex -20.933003573138112 26.233709878331464 5
      vertex -21.073511986827032 26.626404587551633 2
    endloop
  endfacet
  facet normal -0.7409511253549577 -0.67155895484702 0
    outer loop
      vertex -21.994796179957174 28.005203820042826 2
      vertex -21.714705573208366 27.696171457695492 5
      vertex -21.994796179957174 28.005203820042826 5
    endloop
  endfacet
  facet normal -0.9039892931234456 -0.4275550934302775 0
    outer loop
      vertex -21.25183462651949 27.00343613151049 2
      vertex -21.073511986827032 26.626404587551633 5
      vertex -21.25183462651949 27.00343613151049 5
    endloop
  endfacet
  facet normal -0.8577286100002698 -0.5141027441932253 0
    outer loop
      vertex -21.46625414771418 27.361173490333307 2
      vertex -21.25183462651949 27.00343613151049 5
      vertex -21.46625414771418 27.361173490333307 5
    endloop
  endfacet
  facet normal -0.8032075314806457 -0.5956993044924324 0
    outer loop
      vertex -21.714705573208366 27.696171457695492 2
      vertex -21.46625414771418 27.361173490333307 5
      vertex -21.714705573208366 27.696171457695492 5
    endloop
  endfacet
  facet normal -0.9891765099647816 -0.14673047445535753 0
    outer loop
      vertex -20.83166255828627 25.829133868568544 2
      vertex -20.770464911643163 25.416572846400634 5
      vertex -20.83166255828627 25.829133868568544 5
    endloop
  endfacet
  facet normal -0.9700312531945428 -0.24298017990326878 0
    outer loop
      vertex -20.933003573138112 26.233709878331464 2
      vertex -20.83166255828627 25.829133868568544 5
      vertex -20.933003573138112 26.233709878331464 5
    endloop
  endfacet
  facet normal -0.9415440651830208 -0.3368898533922203 0
    outer loop
      vertex -21.073511986827032 26.626404587551633 2
      vertex -20.933003573138112 26.233709878331464 5
      vertex -21.073511986827032 26.626404587551633 5
    endloop
  endfacet
  facet normal 0 0 -1
    outer loop
      vertex -16.587506184721356 18.30149279626749 2
      vertex -20.770464911643163 24.583427153599366 2
      vertex -20.75 25 2
    endloop
  endfacet
  facet normal 0 0 -1
    outer loop
      vertex -20.75 25 2
      vertex -20.770464911643163 25.416572846400634 2
      vertex -10.60262444615364 29.130471244454384 2
    endloop
  endfacet
  facet normal 0 0 -1
    outer loop
      vertex -21.25183462651949 27.00343613151049 2
      vertex -10.60262444615364 29.130471244454384 2
      vertex -21.073511986827032 26.626404587551633 2
    endloop
  endfacet
  facet normal 0 0 -1
    outer loop
      vertex -21.46625414771418 27.361173490333307 2
      vertex -10.60262444615364 29.130471244454384 2
      vertex -21.25183462651949 27.00343613151049 2
    endloop
  endfacet
  facet normal 0 0 -1
    outer loop
      vertex -21.46625414771418 27.361173490333307 2
      vertex -21.714705573208366 27.696171457695492 2
      vertex -10.60262444615364 29.130471244454384 2
    endloop
  endfacet
  facet normal 0 0 -1
    outer loop
      vertex -20.83166255828627 25.829133868568544 2
      vertex -20.933003573138112 26.233709878331464 2
      vertex -10.60262444615364 29.130471244454384 2
    endloop
  endfacet
  facet normal 0 0 -1
    outer loop
      vertex -20.770464911643163 25.416572846400634 2
      vertex -20.83166255828627 25.829133868568544 2
      vertex -10.60262444615364 29.130471244454384 2
    endloop
  endfacet
  facet normal 0 0 -1
    outer loop
      vertex -20.933003573138112 26.233709878331464 2
      vertex -21.073511986827032 26.626404587551633 2
      vertex -10.60262444615364 29.130471244454384 2
    endloop
  endfacet
  facet normal 0 0 1
    outer loop
      vertex -18.207087255496624 22.185400011510552 5
      vertex -21.25183462651949 22.99656386848951 5
      vertex -21.46625414771418 22.638826509666693 5
    endloop
  endfacet
  facet normal 0 0 1
    outer loop
      vertex -18.207087255496624 22.185400011510552 5
      vertex -21.073511986827032 23.373595412448367 5
      vertex -21.25183462651949 22.99656386848951 5
    endloop
  endfacet
  facet normal 0 0 1
    outer loop
      vertex -18.207087255496624 22.185400011510552 5
      vertex -20.933003573138112 23.766290121668536 5
      vertex -21.073511986827032 23.373595412448367 5
    endloop
  endfacet
  facet normal 0 0 1
    outer loop
      vertex -20.933003573138112 23.766290121668536 5
      vertex -17.096570038932835 23.052056153494508 5
      vertex -20.83166255828627 24.170866131431456 5
    endloop
  endfacet
  facet normal 0 0 1
    outer loop
      vertex -18.207087255496624 22.185400011510552 5
      vertex -17.096570038932835 23.052056153494508 5
      vertex -20.933003573138112 23.766290121668536 5
    endloop
  endfacet
  facet normal 0 0 1
    outer loop
      vertex -20.83166255828627 24.170866131431456 5
      vertex -17.096570038932835 23.052056153494508 5
      vertex -20.770464911643163 24.583427153599366 5
    endloop
  endfacet
  facet normal 0 0 1
    outer loop
      vertex -20.770464911643163 24.583427153599366 5
      vertex -15.944865687662583 23.863177873083046 5
      vertex -20.75 25 5
    endloop
  endfacet
  facet normal 0 0 1
    outer loop
      vertex -20.75 25 5
      vertex -15.944865687662583 23.863177873083046 5
      vertex -20.770464911643163 25.416572846400634 5
    endloop
  endfacet
  facet normal 0 0 1
    outer loop
      vertex -20.770464911643163 25.416572846400634 5
      vertex -15.944865687662583 23.863177873083046 5
      vertex -20.83166255828627 25.829133868568544 5
    endloop
  endfacet
  facet normal 0 0 1
    outer loop
      vertex -20.770464911643163 24.583427153599366 5
      vertex -17.096570038932835 23.052056153494508 5
      vertex -15.944865687662583 23.863177873083046 5
    endloop
  endfacet
  facet normal 0 0 1
    outer loop
      vertex -20.83166255828627 25.829133868568544 5
      vertex -15.944865687662583 23.863177873083046 5
      vertex -14.754748758345464 24.616811107007806 5
    endloop
  endfacet
  facet normal -0.5956993044924324 -0.8032075314806457 0
    outer loop
      vertex -22.638826509666693 28.53374585228582 2
      vertex -22.303828542304508 28.285294426791634 2
      vertex -22.303828542304508 28.285294426791634 5
    endloop
  endfacet
  facet normal -0.67155895484702 -0.7409511253549577 0
    outer loop
      vertex -21.994796179957174 28.005203820042826 5
      vertex -22.303828542304508 28.285294426791634 5
      vertex -22.303828542304508 28.285294426791634 2
    endloop
  endfacet
  facet normal 0 0 -1
    outer loop
      vertex -23.766290121668536 29.066996426861888 2
      vertex -10.60262444615364 29.130471244454384 2
      vertex -23.373595412448367 28.926488013172968 2
    endloop
  endfacet
  facet normal 0 0 -1
    outer loop
      vertex -23.373595412448367 28.926488013172968 2
      vertex -10.60262444615364 29.130471244454384 2
      vertex -22.99656386848951 28.74816537348051 2
    endloop
  endfacet
  facet normal 0 0 -1
    outer loop
      vertex -22.99656386848951 28.74816537348051 2
      vertex -10.60262444615364 29.130471244454384 2
      vertex -22.638826509666693 28.53374585228582 2
    endloop
  endfacet
  facet normal 0 0 -1
    outer loop
      vertex -21.994796179957174 28.005203820042826 2
      vertex -22.303828542304508 28.285294426791634 2
      vertex -10.60262444615364 29.130471244454384 2
    endloop
  endfacet
  facet normal 0 0 -1
    outer loop
      vertex -22.638826509666693 28.53374585228582 2
      vertex -10.60262444615364 29.130471244454384 2
      vertex -22.303828542304508 28.285294426791634 2
    endloop
  endfacet
  facet normal 0 0 -1
    outer loop
      vertex -21.994796179957174 28.005203820042826 2
      vertex -10.60262444615364 29.130471244454384 2
      vertex -21.714705573208366 27.696171457695492 2
    endloop
  endfacet
  facet normal 0 0 1
    outer loop
      vertex -22.638826509666693 28.53374585228582 5
      vertex -22.303828542304508 28.285294426791634 5
      vertex -19.8139231270351 35.58297978751266 5
    endloop
  endfacet
  facet normal 0 0 1
    outer loop
      vertex -21.994796179957174 28.005203820042826 5
      vertex -21.714705573208366 27.696171457695492 5
      vertex -19.8139231270351 35.58297978751266 5
    endloop
  endfacet
  facet normal 0 0 1
    outer loop
      vertex -21.994796179957174 28.005203820042826 5
      vertex -19.8139231270351 35.58297978751266 5
      vertex -22.303828542304508 28.285294426791634 5
    endloop
  endfacet
  facet normal 0 0 1
    outer loop
      vertex -20.933003573138112 26.233709878331464 5
      vertex -19.8139231270351 35.58297978751266 5
      vertex -21.073511986827032 26.626404587551633 5
    endloop
  endfacet
  facet normal 0 0 1
    outer loop
      vertex -20.83166255828627 25.829133868568544 5
      vertex -19.8139231270351 35.58297978751266 5
      vertex -20.933003573138112 26.233709878331464 5
    endloop
  endfacet
  facet normal 0 0 1
    outer loop
      vertex -21.46625414771418 27.361173490333307 5
      vertex -19.8139231270351 35.58297978751266 5
      vertex -21.714705573208366 27.696171457695492 5
    endloop
  endfacet
  facet normal 0 0 1
    outer loop
      vertex -21.46625414771418 27.361173490333307 5
      vertex -21.25183462651949 27.00343613151049 5
      vertex -19.8139231270351 35.58297978751266 5
    endloop
  endfacet
  facet normal 0 0 1
    outer loop
      vertex -21.25183462651949 27.00343613151049 5
      vertex -21.073511986827032 26.626404587551633 5
      vertex -19.8139231270351 35.58297978751266 5
    endloop
  endfacet
  facet normal 0 0 1
    outer loop
      vertex -23.766290121668536 29.066996426861888 5
      vertex -23.373595412448367 28.926488013172968 5
      vertex -19.8139231270351 35.58297978751266 5
    endloop
  endfacet
  facet normal 0 0 1
    outer loop
      vertex -23.373595412448367 28.926488013172968 5
      vertex -22.99656386848951 28.74816537348051 5
      vertex -19.8139231270351 35.58297978751266 5
    endloop
  endfacet
  facet normal 0 0 1
    outer loop
      vertex -22.99656386848951 28.74816537348051 5
      vertex -22.638826509666693 28.53374585228582 5
      vertex -19.8139231270351 35.58297978751266 5
    endloop
  endfacet
  facet normal 0 0 1
    outer loop
      vertex -20.83166255828627 25.829133868568544 5
      vertex -14.754748758345464 24.616811107007806 5
      vertex -19.8139231270351 35.58297978751266 5
    endloop
  endfacet
  facet normal 0 0 -1
    outer loop
      vertex -16.587506184721356 18.30149279626749 2
      vertex -20.75 25 2
      vertex -10.60262444615364 29.130471244454384 2
    endloop
  endfacet
  facet normal 0 0 -1
    outer loop
      vertex -15.669514118842043 19.093358198059605 2
      vertex -10.60262444615364 29.130471244454384 2
      vertex -14.713772820963104 19.83922602757193 2
    endloop
  endfacet
  facet normal 0 0 -1
    outer loop
      vertex -14.713772820963104 19.83922602757193 2
      vertex -10.60262444615364 29.130471244454384 2
      vertex -13.722584755584174 20.537299423872867 2
    endloop
  endfacet
  facet normal 0 0 -1
    outer loop
      vertex -13.722584755584174 20.537299423872867 2
      vertex -10.156789424248615 27.905549589317708 2
      vertex -12.698337781572578 21.18589666700672 2
    endloop
  endfacet
  facet normal 0 0 -1
    outer loop
      vertex -12.698337781572578 21.18589666700672 2
      vertex -10.156789424248615 27.905549589317708 2
      vertex -11.643499399602142 21.783455229404368 2
    endloop
  endfacet
  facet normal 0 0 -1
    outer loop
      vertex -13.722584755584174 20.537299423872867 2
      vertex -10.60262444615364 29.130471244454384 2
      vertex -10.156789424248615 27.905549589317708 2
    endloop
  endfacet
  facet normal 0 0 -1
    outer loop
      vertex -23.766290121668536 29.066996426861888 2
      vertex -8.023390397429466 29.94370061159134 2
      vertex -10.60262444615364 29.130471244454384 2
    endloop
  endfacet
  facet normal 0 0 1
    outer loop
      vertex -14.754748758345464 24.616811107007806 5
      vertex -14.34472998609851 24.84908387247379 5
      vertex -19.8139231270351 35.58297978751266 5
    endloop
  endfacet
  facet normal 0 0 1
    outer loop
      vertex -10.60262444615364 29.130471244454384 5
      vertex -17.140903554469997 36.9449512867313 5
      vertex -11.67129863593614 26.210247212654103 5
    endloop
  endfacet
  facet normal 0 0 1
    outer loop
      vertex -10.60262444615364 29.130471244454384 5
      vertex -8.023390397429466 29.94370061159134 5
      vertex -17.140903554469997 36.9449512867313 5
    endloop
  endfacet
  facet normal 0 0 -1
    outer loop
      vertex -45 45 2
      vertex -5.383093506097794 30.529040344059467 2
      vertex -8.023390397429466 29.94370061159134 2
    endloop
  endfacet
  facet normal 0 0 -1
    outer loop
      vertex -45 45 2
      vertex -2.7018280252814293 30.88203564286232 2
      vertex -5.383093506097794 30.529040344059467 2
    endloop
  endfacet
  facet normal 0 0 -1
    outer loop
      vertex -45 45 2
      vertex 0 31 2
      vertex -2.7018280252814293 30.88203564286232 2
    endloop
  endfacet
  facet normal 0 0 -1
    outer loop
      vertex -45 45 2
      vertex 2.7018280252814293 30.88203564286232 2
      vertex 0 31 2
    endloop
  endfacet
  facet normal 0 0 -1
    outer loop
      vertex -45 45 2
      vertex 5.383093506097794 30.529040344059467 2
      vertex 2.7018280252814293 30.88203564286232 2
    endloop
  endfacet
  facet normal 0 1 0
    outer loop
      vertex -45 45 2
      vertex -45 45 5
      vertex 45 45 2
    endloop
  endfacet
  facet normal 0 0 -1
    outer loop
      vertex -11.643499399602142 21.783455229404368 2
      vertex -10.156789424248615 27.905549589317708 2
      vertex -10.560610807727967 22.32853554014905 2
    endloop
  endfacet
  facet normal 0 0 -1
    outer loop
      vertex -10.560610807727967 22.32853554014905 2
      vertex -10.156789424248615 27.905549589317708 2
      vertex -9.452280779417718 22.819824453028783 2
    endloop
  endfacet
  facet normal 0.40524131400498975 -0.9142097557035307 0
    outer loop
      vertex -10.560610807727967 22.32853554014905 2
      vertex -9.452280779417718 22.819824453028783 2
      vertex -9.452280779417718 22.819824453028783 5
    endloop
  endfacet
  facet normal 0.3598950365349897 -0.9329927988347382 0
    outer loop
      vertex -9.452280779417718 22.819824453028783 2
      vertex -8.446892214779151 23.207645618052105 2
      vertex -8.446892214779151 23.207645618052105 5
    endloop
  endfacet
  facet normal 0 0 -1
    outer loop
      vertex -9.452280779417718 22.819824453028783 2
      vertex -10.156789424248615 27.905549589317708 2
      vertex -8.446892214779151 23.207645618052105 2
    endloop
  endfacet
  facet normal 0.3598950365349897 -0.9329927988347382 0
    outer loop
      vertex -9.452280779417718 22.819824453028783 2
      vertex -8.446892214779151 23.207645618052105 5
      vertex -9.452280779417718 22.819824453028783 5
    endloop
  endfacet
  facet normal 0.9396926207545494 0.34202014341182674 0
    outer loop
      vertex -8.446892214779151 23.207645618052105 2
      vertex -9.814809982354722 26.965968795064587 5
      vertex -8.446892214779151 23.207645618052105 5
    endloop
  endfacet
  facet normal 0.9396926207545494 0.34202014341182657 0
    outer loop
      vertex -8.446892214779151 23.207645618052105 2
      vertex -10.156789424248615 27.905549589317708 2
      vertex -10.156789424248615 27.905549589317708 5
    endloop
  endfacet
  facet normal 0.9396926207545497 0.34202014341182607 1.1843788378966538e-15
    outer loop
      vertex -8.446892214779151 23.207645618052105 2
      vertex -10.156789424248615 27.905549589317708 5
      vertex -9.814809982354722 26.965968795064587 5
    endloop
  endfacet
  facet normal 0 0 -1
    outer loop
      vertex -8.446892212054513 23.20764561910311 5
      vertex -8.446892214779151 23.207645618052105 5
      vertex -9.814809979188848 26.9659687962858 5
    endloop
  endfacet
  facet normal 0 0 1
    outer loop
      vertex -10.983014508878076 26.515342583073927 5
      vertex -10.156789424248615 27.905549589317708 5
      vertex -11.67129863593614 26.210247212654103 5
    endloop
  endfacet
  facet normal 0 0 1
    outer loop
      vertex -10.156789424248615 27.905549589317708 5
      vertex -10.60262444615364 29.130471244454384 5
      vertex -11.67129863593614 26.210247212654103 5
    endloop
  endfacet
  facet normal 0 0 1
    outer loop
      vertex -10.983014508878076 26.515342583073927 5
      vertex -9.814809982354722 26.965968795064587 5
      vertex -10.156789424248615 27.905549589317708 5
    endloop
  endfacet
  facet normal 0 0 -1
    outer loop
      vertex -8.446892214779151 23.207645618052105 5
      vertex -9.814809982354722 26.965968795064587 5
      vertex -9.814809979188848 26.9659687962858 5
    endloop
  endfacet
  facet normal 0.93969262075455 0.3420201434118252 0
    outer loop
      vertex -10.156789424248615 27.905549589317708 2
      vertex -10.60262444615364 29.130471244454384 2
      vertex -10.60262444615364 29.130471244454384 5
    endloop
  endfacet
  facet normal 0.30070579793655927 -0.9537169512425253 0
    outer loop
      vertex -10.60262444615364 29.130471244454384 2
      vertex -8.023390397429466 29.94370061159134 2
      vertex -8.023390397429466 29.94370061159134 5
    endloop
  endfacet
  facet normal 0.93969262075455 0.3420201434118252 0
    outer loop
      vertex -10.156789424248615 27.905549589317708 2
      vertex -10.60262444615364 29.130471244454384 5
      vertex -10.156789424248615 27.905549589317708 5
    endloop
  endfacet
  facet normal 0.30070579793655927 -0.9537169512425253 0
    outer loop
      vertex -10.60262444615364 29.130471244454384 2
      vertex -8.023390397429466 29.94370061159134 5
      vertex -10.60262444615364 29.130471244454384 5
    endloop
  endfacet
  facet normal 0.21643961530106193 -0.9762960068177727 0
    outer loop
      vertex -8.023390397429466 29.94370061159134 2
      vertex -5.383093506097794 30.529040344059467 2
      vertex -5.383093506097794 30.529040344059467 5
    endloop
  endfacet
  facet normal 0.21643961530106193 -0.9762960068177727 0
    outer loop
      vertex -8.023390397429466 29.94370061159134 2
      vertex -5.383093506097794 30.529040344059467 5
      vertex -8.023390397429466 29.94370061159134 5
    endloop
  endfacet
  facet normal 0 0 1
    outer loop
      vertex -8.023390397429466 29.94370061159134 5
      vertex -5.383093506097794 30.529040344059467 5
      vertex -17.140903554469997 36.9449512867313 5
    endloop
  endfacet
  facet normal 0.13052619278651914 -0.9914448612992336 0
    outer loop
      vertex -5.383093506097794 30.529040344059467 2
      vertex -2.7018280252814293 30.88203564286232 2
      vertex -2.7018280252814293 30.88203564286232 5
    endloop
  endfacet
  facet normal 0.13052619278651914 -0.9914448612992336 0
    outer loop
      vertex -5.383093506097794 30.529040344059467 2
      vertex -2.7018280252814293 30.88203564286232 5
      vertex -5.383093506097794 30.529040344059467 5
    endloop
  endfacet
  facet normal 0.043619386618811734 -0.9990482216144516 0
    outer loop
      vertex -2.7018280252814293 30.88203564286232 2
      vertex 0 31 5
      vertex -2.7018280252814293 30.88203564286232 5
    endloop
  endfacet
  facet normal 0.043619386618811734 -0.9990482216144516 0
    outer loop
      vertex -2.7018280252814293 30.88203564286232 2
      vertex 0 31 2
      vertex 0 31 5
    endloop
  endfacet
  facet normal 0 0 1
    outer loop
      vertex -45 45 5
      vertex -17.140903554469997 36.9449512867313 5
      vertex 45 45 5
    endloop
  endfacet
  facet normal -0.40278799896981604 0.7905159582695586 0.46135273664198956
    outer loop
      vertex -17.140903554469997 36.9449512867313 5
      vertex -19.8139231270351 35.58297978751266 5
      vertex -14.34472998609851 24.84908387247379 28.167178879777705
    endloop
  endfacet
  facet normal -0.4928981922297841 0.8700869911087115 0
    outer loop
      vertex -14.754748758345464 24.616811107007806 5
      vertex -14.34472998609851 24.84908387247379 28.167178879777705
      vertex -14.34472998609851 24.84908387247379 5
    endloop
  endfacet
  facet normal -0.40524131400498853 0.9142097557035314 0
    outer loop
      vertex -10.983014508878076 26.515342583073927 5
      vertex -11.67129863593614 26.210247212654103 5
      vertex -11.67129863593614 26.210247212654103 28.168923145340973
    endloop
  endfacet
  facet normal -0.8910065241883681 -0.45399049973954647 0
    outer loop
      vertex -14.34472998609851 24.84908387247379 5
      vertex -14.34472998609851 24.84908387247379 28.167178879777705
      vertex -19.8139231270351 35.58297978751266 5
    endloop
  endfacet
  facet normal 0.8910065241883679 0.45399049973954647 0
    outer loop
      vertex -17.140903554469997 36.9449512867313 5
      vertex -11.67129863593614 26.210247212654103 28.168923145340973
      vertex -11.67129863593614 26.210247212654103 5
    endloop
  endfacet
  facet normal -0.5758081914178449 0.8175848131515839 0
    outer loop
      vertex -17.096570038932835 23.052056153494508 5
      vertex -17.096570038932835 23.052056153494508 40
      vertex -15.944865687662583 23.863177873083046 5
    endloop
  endfacet
  facet normal -0.5349976198870973 0.8448535652497071 0
    outer loop
      vertex -15.944865687662583 23.863177873083046 5
      vertex -15.944865687662583 23.863177873083046 40
      vertex -14.754748758345464 24.616811107007806 5
    endloop
  endfacet
  facet normal -0.4027879989698162 0.7905159582695584 0.46135273664198956
    outer loop
      vertex -12.270831181449095 25.944492712642823 28.10085951725428
      vertex -17.140903554469997 36.9449512867313 5
      vertex -13.529086346906132 25.31114028679779 28.08756192527879
    endloop
  endfacet
  facet normal -0.40278799896981743 0.7905159582695579 0.4613527366419894
    outer loop
      vertex -13.529086346906132 25.31114028679779 28.08756192527879
      vertex -17.140903554469997 36.9449512867313 5
      vertex -14.34472998609851 24.84908387247379 28.167178879777705
    endloop
  endfacet
  facet normal -0.4027879989698156 0.790515958269559 0.46135273664198956
    outer loop
      vertex -12.270831181449095 25.944492712642823 28.10085951725428
      vertex -11.67129863593614 26.210247212654103 28.168923145340973
      vertex -17.140903554469997 36.9449512867313 5
    endloop
  endfacet
  facet normal 0.40524131400498975 -0.9142097557035307 0
    outer loop
      vertex -10.560610807727967 22.32853554014905 5
      vertex -9.452280779417718 22.819824453028783 5
      vertex -9.452280779417718 22.819824453028783 38.5
    endloop
  endfacet
  facet normal 0.3598950365349898 -0.9329927988347382 -7.227325847590198e-17
    outer loop
      vertex -9.452280779417718 22.819824453028783 5
      vertex -8.446892214779151 23.207645618052105 5
      vertex -8.446892212054513 23.20764561910311 38.5
    endloop
  endfacet
  facet normal 0.3598942692340606 -0.9329930948150054 0
    outer loop
      vertex -8.446892212054513 23.20764561910311 5
      vertex -8.446892212054513 23.20764561910311 38.5
      vertex -8.446892214779151 23.207645618052105 5
    endloop
  endfacet
  facet normal 0.9396926207949845 0.34202014330073227 0
    outer loop
      vertex -8.446892212054513 23.20764561910311 5
      vertex -9.814809979188848 26.9659687962858 5
      vertex -8.446892212054513 23.20764561910311 38.5
    endloop
  endfacet
  facet normal -0.35989503653498867 0.9329927988347387 0
    outer loop
      vertex -10.983014508878076 26.515342583073927 5
      vertex -10.983014508878076 26.515342583073927 40
      vertex -9.814809982354722 26.965968795064587 5
    endloop
  endfacet
  facet normal -0.35989522421497583 0.9329927264385571 -7.1963493592545985e-9
    outer loop
      vertex -9.814809979188848 26.9659687962858 5
      vertex -9.814809982354722 26.965968795064587 5
      vertex -10.983014508878076 26.515342583073927 40
    endloop
  endfacet
  facet normal -0.9142097557035312 0.4052413140049884 0
    outer loop
      vertex -26.515342583073927 10.983014508878076 5
      vertex -26.515342583073927 10.983014508878076 40
      vertex -26.210247212654103 11.67129863593614 28.168923145340973
    endloop
  endfacet
  facet normal -0.34202014330073194 -0.9396926207949847 0
    outer loop
      vertex -26.9659687962858 9.814809979188848 5
      vertex -23.20764561910311 8.446892212054514 38.5
      vertex -26.9659687962858 9.814809979188848 40
    endloop
  endfacet
  facet normal 0.9329927988347387 -0.3598950365349882 0
    outer loop
      vertex -23.20764561910311 8.446892212054514 5
      vertex -22.819824453028783 9.452280779417718 38.5
      vertex -23.20764561910311 8.446892212054514 38.5
    endloop
  endfacet
  facet normal 0.9142097557035307 -0.40524131400498975 0
    outer loop
      vertex -22.819824453028783 9.452280779417718 5
      vertex -22.32853554014905 10.560610807727967 38.5
      vertex -22.819824453028783 9.452280779417718 38.5
    endloop
  endfacet
  facet normal -0.9329927988347385 0.35989503653498917 0
    outer loop
      vertex -26.515342583073927 10.983014508878076 5
      vertex -26.9659687962858 9.814809979188848 40
      vertex -26.515342583073927 10.983014508878076 40
    endloop
  endfacet
  facet normal -0.8700869911087113 0.49289819222978404 0
    outer loop
      vertex -24.616811107007806 14.754748758345464 5
      vertex -24.84908387247379 14.34472998609851 28.167178879777705
      vertex -24.616811107007806 14.754748758345464 40
    endloop
  endfacet
  facet normal -0.8448535652497071 0.5349976198870973 0
    outer loop
      vertex -24.616811107007806 14.754748758345464 5
      vertex -24.616811107007806 14.754748758345464 40
      vertex -23.863177873083046 15.944865687662583 40
    endloop
  endfacet
  facet normal -0.8175848131515839 0.5758081914178449 0
    outer loop
      vertex -23.863177873083046 15.944865687662583 5
      vertex -23.863177873083046 15.944865687662583 40
      vertex -23.052056153494508 17.096570038932835 40
    endloop
  endfacet
  facet normal -0.7883464276266069 0.6152315905806259 0
    outer loop
      vertex -23.052056153494508 17.096570038932835 5
      vertex -23.052056153494508 17.096570038932835 40
      vertex -22.185400011510552 18.207087255496624 40
    endloop
  endfacet
  facet normal 0 0 1
    outer loop
      vertex -26.9659687962858 9.814809979188848 40
      vertex -24.60768322649733 8.956464227957204 40
      vertex -26.515342583073927 10.983014508878076 40
    endloop
  endfacet
  facet normal 0 0 1
    outer loop
      vertex -26.515342583073927 10.983014508878076 40
      vertex -24.60768322649733 8.956464227957204 40
      vertex -25.944492712642823 12.270831181449095 40
    endloop
  endfacet
  facet normal -0.34202014330073277 -0.9396926207949844 -2.595320909949742e-15
    outer loop
      vertex -26.9659687962858 9.814809979188848 40
      vertex -23.20764561910311 8.446892212054514 38.5
      vertex -24.60768322649733 8.956464227957204 40
    endloop
  endfacet
  facet normal 0.6620126841554109 -0.25536647169014265 0.704646841441779
    outer loop
      vertex -23.20764561910311 8.446892212054514 38.5
      vertex -24.196466140545603 10.022504436915368 40
      vertex -24.60768322649733 8.956464227957204 40
    endloop
  endfacet
  facet normal 0 0 1
    outer loop
      vertex -24.60768322649733 8.956464227957204 40
      vertex -24.196466140545603 10.022504436915368 40
      vertex -24.616811107007806 14.754748758345464 40
    endloop
  endfacet
  facet normal 0.6620126841554116 -0.2553664716901418 0.7046468414417786
    outer loop
      vertex -23.20764561910311 8.446892212054514 38.5
      vertex -22.819824453028783 9.452280779417718 38.5
      vertex -24.196466140545603 10.022504436915368 40
    endloop
  endfacet
  facet normal 0.6486850220175819 -0.2875422943780181 0.7046468414417782
    outer loop
      vertex -22.819824453028783 9.452280779417718 38.5
      vertex -22.32853554014905 10.560610807727967 38.5
      vertex -23.675539453743585 11.197696211845937 40
    endloop
  endfacet
  facet normal 0.648685022017581 -0.28754229437801876 0.7046468414417786
    outer loop
      vertex -22.819824453028783 9.452280779417718 38.5
      vertex -23.675539453743585 11.197696211845937 40
      vertex -24.196466140545603 10.022504436915368 40
    endloop
  endfacet
  facet normal -0.914209755703531 0.4052413140049892 0
    outer loop
      vertex -25.944492712642823 12.270831181449095 40
      vertex -25.944492712642823 12.270831181449095 28.10085951725428
      vertex -26.210247212654103 11.67129863593614 28.168923145340973
    endloop
  endfacet
  facet normal -0.8932243011955159 0.4496113296546055 0
    outer loop
      vertex -25.31114028679779 13.529086346906132 40
      vertex -25.31114028679779 13.529086346906132 28.08756192527879
      vertex -25.944492712642823 12.270831181449095 28.10085951725428
    endloop
  endfacet
  facet normal -0.8700869911087097 0.49289819222978715 -1.355780407012029e-16
    outer loop
      vertex -24.616811107007806 14.754748758345464 40
      vertex -24.84908387247379 14.34472998609851 28.167178879777705
      vertex -25.31114028679779 13.529086346906132 28.08756192527879
    endloop
  endfacet
  facet normal -0.9142097557035311 0.40524131400498875 2.3315557625183925e-17
    outer loop
      vertex -26.515342583073927 10.983014508878076 40
      vertex -25.944492712642823 12.270831181449095 40
      vertex -26.210247212654103 11.67129863593614 28.168923145340973
    endloop
  endfacet
  facet normal -0.8932243011955159 0.44961132965460554 0
    outer loop
      vertex -25.944492712642823 12.270831181449095 40
      vertex -25.31114028679779 13.529086346906132 40
      vertex -25.944492712642823 12.270831181449095 28.10085951725428
    endloop
  endfacet
  facet normal -0.8700869911087104 0.49289819222978604 0
    outer loop
      vertex -25.31114028679779 13.529086346906132 40
      vertex -24.616811107007806 14.754748758345464 40
      vertex -25.31114028679779 13.529086346906132 28.08756192527879
    endloop
  endfacet
  facet normal 0 0 1
    outer loop
      vertex -24.60768322649733 8.956464227957204 40
      vertex -25.31114028679779 13.529086346906132 40
      vertex -25.944492712642823 12.270831181449095 40
    endloop
  endfacet
  facet normal 0 0 1
    outer loop
      vertex -24.60768322649733 8.956464227957204 40
      vertex -24.616811107007806 14.754748758345464 40
      vertex -25.31114028679779 13.529086346906132 40
    endloop
  endfacet
  facet normal 0 0 1
    outer loop
      vertex -24.196466140545603 10.022504436915368 40
      vertex -23.675539453743585 11.197696211845937 40
      vertex -24.616811107007806 14.754748758345464 40
    endloop
  endfacet
  facet normal 0 0 1
    outer loop
      vertex -23.675539453743585 11.197696211845937 40
      vertex -23.863177873083046 15.944865687662583 40
      vertex -24.616811107007806 14.754748758345464 40
    endloop
  endfacet
  facet normal 0.6337946208436145 -0.319025402493006 0.7046468414417781
    outer loop
      vertex -23.675539453743585 11.197696211845937 40
      vertex -22.32853554014905 10.560610807727967 38.5
      vertex -23.097576318665165 12.345911755799822 40
    endloop
  endfacet
  facet normal 0 0 1
    outer loop
      vertex -23.675539453743585 11.197696211845937 40
      vertex -23.097576318665165 12.345911755799822 40
      vertex -23.863177873083046 15.944865687662583 40
    endloop
  endfacet
  facet normal 0 0 1
    outer loop
      vertex -23.097576318665165 12.345911755799822 40
      vertex -22.46396909912633 13.46438491695983 40
      vertex -23.863177873083046 15.944865687662583 40
    endloop
  endfacet
  facet normal 0 0 1
    outer loop
      vertex -23.863177873083046 15.944865687662583 40
      vertex -22.46396909912633 13.46438491695983 40
      vertex -23.052056153494508 17.096570038932835 40
    endloop
  endfacet
  facet normal 0.8932243011955145 -0.4496113296546081 0
    outer loop
      vertex -22.32853554014905 10.560610807727967 5
      vertex -21.783455229404368 11.643499399602142 38.5
      vertex -22.32853554014905 10.560610807727967 38.5
    endloop
  endfacet
  facet normal 0.8700869911087121 -0.49289819222978276 0
    outer loop
      vertex -21.783455229404368 11.643499399602142 5
      vertex -21.18589666700672 12.698337781572578 38.5
      vertex -21.783455229404368 11.643499399602142 38.5
    endloop
  endfacet
  facet normal 0.8448535652497066 -0.5349976198870982 0
    outer loop
      vertex -21.18589666700672 12.698337781572578 5
      vertex -20.537299423872867 13.722584755584174 38.5
      vertex -21.18589666700672 12.698337781572578 38.5
    endloop
  endfacet
  facet normal 0.8175848131515842 -0.5758081914178446 0
    outer loop
      vertex -20.537299423872867 13.722584755584174 5
      vertex -19.83922602757193 14.713772820963104 38.5
      vertex -20.537299423872867 13.722584755584174 38.5
    endloop
  endfacet
  facet normal 0.7883464276266067 -0.6152315905806263 0
    outer loop
      vertex -19.83922602757193 14.713772820963104 5
      vertex -19.093358198059605 15.669514118842043 38.5
      vertex -19.83922602757193 14.713772820963104 38.5
    endloop
  endfacet
  facet normal 0.7572088465064843 -0.653172842953777 0
    outer loop
      vertex -19.093358198059605 15.669514118842043 5
      vertex -18.30149279626749 16.587506184721356 38.5
      vertex -19.093358198059605 15.669514118842043 38.5
    endloop
  endfacet
  facet normal 0.7242470829514676 -0.6895405447370663 0
    outer loop
      vertex -18.30149279626749 16.587506184721356 5
      vertex -17.465537495307725 17.465537495307725 38.5
      vertex -18.30149279626749 16.587506184721356 38.5
    endloop
  endfacet
  facet normal 0.6895405447370663 -0.7242470829514676 0
    outer loop
      vertex -17.465537495307725 17.465537495307725 5
      vertex -16.587506184721356 18.30149279626749 38.5
      vertex -17.465537495307725 17.465537495307725 38.5
    endloop
  endfacet
  facet normal -0.757208846506485 0.6531728429537763 0
    outer loop
      vertex -22.185400011510552 18.207087255496624 5
      vertex -22.185400011510552 18.207087255496624 40
      vertex -21.265297297687326 19.27374200410943 40
    endloop
  endfacet
  facet normal -0.7242470829514682 0.6895405447370655 0
    outer loop
      vertex -21.265297297687326 19.27374200410943 5
      vertex -21.265297297687326 19.27374200410943 40
      vertex -20.293964620053917 20.293964620053917 40
    endloop
  endfacet
  facet normal -0.6895405447370655 0.7242470829514682 0
    outer loop
      vertex -19.27374200410943 21.265297297687326 5
      vertex -20.293964620053917 20.293964620053917 40
      vertex -19.27374200410943 21.265297297687326 40
    endloop
  endfacet
  facet normal -0.6531728429537763 0.757208846506485 0
    outer loop
      vertex -18.207087255496624 22.185400011510552 5
      vertex -19.27374200410943 21.265297297687326 40
      vertex -18.207087255496624 22.185400011510552 40
    endloop
  endfacet
  facet normal 0.653172842953777 -0.7572088465064843 0
    outer loop
      vertex -16.587506184721356 18.30149279626749 5
      vertex -15.669514118842043 19.093358198059605 38.5
      vertex -16.587506184721356 18.30149279626749 38.5
    endloop
  endfacet
  facet normal 0.6152315905806263 -0.7883464276266067 0
    outer loop
      vertex -15.669514118842043 19.093358198059605 5
      vertex -14.713772820963104 19.83922602757193 38.5
      vertex -15.669514118842043 19.093358198059605 38.5
    endloop
  endfacet
  facet normal 0.5758081914178446 -0.8175848131515842 0
    outer loop
      vertex -14.713772820963104 19.83922602757193 5
      vertex -13.722584755584174 20.537299423872867 38.5
      vertex -14.713772820963104 19.83922602757193 38.5
    endloop
  endfacet
  facet normal 0.5349976198870982 -0.8448535652497066 0
    outer loop
      vertex -13.722584755584174 20.537299423872867 5
      vertex -12.698337781572578 21.18589666700672 38.5
      vertex -13.722584755584174 20.537299423872867 38.5
    endloop
  endfacet
  facet normal 0.49289819222978276 -0.8700869911087121 0
    outer loop
      vertex -12.698337781572578 21.18589666700672 5
      vertex -11.643499399602142 21.783455229404368 38.5
      vertex -12.698337781572578 21.18589666700672 38.5
    endloop
  endfacet
  facet normal 0.4496113296546081 -0.8932243011955145 0
    outer loop
      vertex -11.643499399602142 21.783455229404368 5
      vertex -10.560610807727967 22.32853554014905 38.5
      vertex -11.643499399602142 21.783455229404368 38.5
    endloop
  endfacet
  facet normal 0.40524131400498975 -0.9142097557035307 0
    outer loop
      vertex -10.560610807727967 22.32853554014905 5
      vertex -9.452280779417718 22.819824453028783 38.5
      vertex -10.560610807727967 22.32853554014905 38.5
    endloop
  endfacet
  facet normal 0.6337946208436122 -0.3190254024930078 0.7046468414417794
    outer loop
      vertex -23.097576318665165 12.345911755799822 40
      vertex -22.32853554014905 10.560610807727967 38.5
      vertex -21.783455229404368 11.643499399602142 38.5
    endloop
  endfacet
  facet normal 0.6173773529141814 -0.3497399504700648 0.7046468414417786
    outer loop
      vertex -21.783455229404368 11.643499399602142 38.5
      vertex -21.18589666700672 12.698337781572578 38.5
      vertex -22.46396909912633 13.46438491695983 40
    endloop
  endfacet
  facet normal 0.6173773529141797 -0.349739950470066 0.7046468414417792
    outer loop
      vertex -23.097576318665165 12.345911755799822 40
      vertex -21.783455229404368 11.643499399602142 38.5
      vertex -22.46396909912633 13.46438491695983 40
    endloop
  endfacet
  facet normal 0.5994727688657079 -0.37961194427284056 0.7046468414417788
    outer loop
      vertex -21.18589666700672 12.698337781572578 38.5
      vertex -20.537299423872867 13.722584755584174 38.5
      vertex -21.776244210416397 14.550421195514044 40
    endloop
  endfacet
  facet normal 0.5994727688657084 -0.37961194427284006 0.7046468414417785
    outer loop
      vertex -21.18589666700672 12.698337781572578 38.5
      vertex -21.776244210416397 14.550421195514044 40
      vertex -22.46396909912633 13.46438491695983 40
    endloop
  endfacet
  facet normal 0 0 1
    outer loop
      vertex -23.052056153494508 17.096570038932835 40
      vertex -22.46396909912633 13.46438491695983 40
      vertex -21.776244210416397 14.550421195514044 40
    endloop
  endfacet
  facet normal 0.5801240024094256 -0.40856941965178123 0.7046468414417788
    outer loop
      vertex -20.537299423872867 13.722584755584174 38.5
      vertex -21.036058442029844 15.601404234941898 40
      vertex -21.776244210416397 14.550421195514044 40
    endloop
  endfacet
  facet normal 0 0 1
    outer loop
      vertex -23.052056153494508 17.096570038932835 40
      vertex -21.776244210416397 14.550421195514044 40
      vertex -22.185400011510552 18.207087255496624 40
    endloop
  endfacet
  facet normal 0 0 1
    outer loop
      vertex -21.776244210416397 14.550421195514044 40
      vertex -21.036058442029844 15.601404234941898 40
      vertex -22.185400011510552 18.207087255496624 40
    endloop
  endfacet
  facet normal 0.5801240024094257 -0.40856941965178123 0.7046468414417788
    outer loop
      vertex -20.537299423872867 13.722584755584174 38.5
      vertex -19.83922602757193 14.713772820963104 38.5
      vertex -21.036058442029844 15.601404234941898 40
    endloop
  endfacet
  facet normal 0.5593776664184775 -0.4365426155123277 0.7046468414417784
    outer loop
      vertex -19.83922602757193 14.713772820963104 38.5
      vertex -19.093358198059605 15.669514118842043 38.5
      vertex -20.24519496631534 16.61480212504615 40
    endloop
  endfacet
  facet normal 0.5593776664184763 -0.4365426155123283 0.7046468414417788
    outer loop
      vertex -19.83922602757193 14.713772820963104 38.5
      vertex -20.24519496631534 16.61480212504615 40
      vertex -21.036058442029844 15.601404234941898 40
    endloop
  endfacet
  facet normal 0.5372837406334291 -0.46346414197548785 0.7046468414417785
    outer loop
      vertex -19.093358198059605 15.669514118842043 38.5
      vertex -18.30149279626749 16.587506184721356 38.5
      vertex -19.40555904265733 17.588173501546382 40
    endloop
  endfacet
  facet normal 0.5372837406334295 -0.4634641419754876 0.7046468414417784
    outer loop
      vertex -20.24519496631534 16.61480212504615 40
      vertex -19.093358198059605 15.669514118842043 38.5
      vertex -19.40555904265733 17.588173501546382 40
    endloop
  endfacet
  facet normal 0 0 1
    outer loop
      vertex -21.036058442029844 15.601404234941898 40
      vertex -21.265297297687326 19.27374200410943 40
      vertex -22.185400011510552 18.207087255496624 40
    endloop
  endfacet
  facet normal 0 0 1
    outer loop
      vertex -21.036058442029844 15.601404234941898 40
      vertex -20.24519496631534 16.61480212504615 40
      vertex -21.265297297687326 19.27374200410943 40
    endloop
  endfacet
  facet normal 0 0 1
    outer loop
      vertex -20.24519496631534 16.61480212504615 40
      vertex -19.40555904265733 17.588173501546382 40
      vertex -20.293964620053917 20.293964620053917 40
    endloop
  endfacet
  facet normal 0 0 1
    outer loop
      vertex -20.24519496631534 16.61480212504615 40
      vertex -20.293964620053917 20.293964620053917 40
      vertex -21.265297297687326 19.27374200410943 40
    endloop
  endfacet
  facet normal 0.5138954512567002 -0.48926914272596167 0.7046468414417785
    outer loop
      vertex -18.30149279626749 16.587506184721356 38.5
      vertex -18.51917342753934 18.51917342753934 40
      vertex -19.40555904265733 17.588173501546382 40
    endloop
  endfacet
  facet normal 0 0 1
    outer loop
      vertex -20.293964620053917 20.293964620053917 40
      vertex -19.40555904265733 17.588173501546382 40
      vertex -18.51917342753934 18.51917342753934 40
    endloop
  endfacet
  facet normal 0.5138954512566976 -0.4892691427259628 0.7046468414417796
    outer loop
      vertex -18.30149279626749 16.587506184721356 38.5
      vertex -17.465537495307725 17.465537495307725 38.5
      vertex -18.51917342753934 18.51917342753934 40
    endloop
  endfacet
  facet normal 0.48926914272596367 -0.5138954512566984 0.7046468414417785
    outer loop
      vertex -17.465537495307725 17.465537495307725 38.5
      vertex -16.587506184721356 18.30149279626749 38.5
      vertex -17.588173501546382 19.40555904265733 40
    endloop
  endfacet
  facet normal 0.48926914272596095 -0.5138954512566994 0.7046468414417796
    outer loop
      vertex -17.465537495307725 17.465537495307725 38.5
      vertex -17.588173501546382 19.40555904265733 40
      vertex -18.51917342753934 18.51917342753934 40
    endloop
  endfacet
  facet normal 0.4634641419754874 -0.5372837406334294 0.7046468414417785
    outer loop
      vertex -17.588173501546382 19.40555904265733 40
      vertex -16.587506184721356 18.30149279626749 38.5
      vertex -16.61480212504615 20.24519496631534 40
    endloop
  endfacet
  facet normal 0 0 1
    outer loop
      vertex -20.293964620053917 20.293964620053917 40
      vertex -18.51917342753934 18.51917342753934 40
      vertex -19.27374200410943 21.265297297687326 40
    endloop
  endfacet
  facet normal 0 0 1
    outer loop
      vertex -18.51917342753934 18.51917342753934 40
      vertex -17.588173501546382 19.40555904265733 40
      vertex -19.27374200410943 21.265297297687326 40
    endloop
  endfacet
  facet normal 0 0 1
    outer loop
      vertex -17.588173501546382 19.40555904265733 40
      vertex -18.207087255496624 22.185400011510552 40
      vertex -19.27374200410943 21.265297297687326 40
    endloop
  endfacet
  facet normal 0 0 1
    outer loop
      vertex -17.588173501546382 19.40555904265733 40
      vertex -16.61480212504615 20.24519496631534 40
      vertex -18.207087255496624 22.185400011510552 40
    endloop
  endfacet
  facet normal 0 0 1
    outer loop
      vertex -18.207087255496624 22.185400011510552 40
      vertex -16.61480212504615 20.24519496631534 40
      vertex -17.096570038932835 23.052056153494508 40
    endloop
  endfacet
  facet normal 0.463464141975488 -0.5372837406334292 0.7046468414417782
    outer loop
      vertex -16.587506184721356 18.30149279626749 38.5
      vertex -15.669514118842043 19.093358198059605 38.5
      vertex -16.61480212504615 20.24519496631534 40
    endloop
  endfacet
  facet normal 0.4365426155123286 -0.5593776664184766 0.7046468414417782
    outer loop
      vertex -15.669514118842043 19.093358198059605 38.5
      vertex -15.601404234941898 21.036058442029844 40
      vertex -16.61480212504615 20.24519496631534 40
    endloop
  endfacet
  facet normal 0 0 1
    outer loop
      vertex -16.61480212504615 20.24519496631534 40
      vertex -15.601404234941898 21.036058442029844 40
      vertex -17.096570038932835 23.052056153494508 40
    endloop
  endfacet
  facet normal 0.4365426155123273 -0.559377666418477 0.7046468414417788
    outer loop
      vertex -15.669514118842043 19.093358198059605 38.5
      vertex -14.713772820963104 19.83922602757193 38.5
      vertex -15.601404234941898 21.036058442029844 40
    endloop
  endfacet
  facet normal 0.40856941965178123 -0.5801240024094257 0.7046468414417788
    outer loop
      vertex -14.713772820963104 19.83922602757193 38.5
      vertex -13.722584755584174 20.537299423872867 38.5
      vertex -14.550421195514044 21.776244210416397 40
    endloop
  endfacet
  facet normal 0.40856941965178123 -0.5801240024094256 0.7046468414417788
    outer loop
      vertex -14.713772820963104 19.83922602757193 38.5
      vertex -14.550421195514044 21.776244210416397 40
      vertex -15.601404234941898 21.036058442029844 40
    endloop
  endfacet
  facet normal 0 0 1
    outer loop
      vertex -15.601404234941898 21.036058442029844 40
      vertex -14.550421195514044 21.776244210416397 40
      vertex -15.944865687662583 23.863177873083046 40
    endloop
  endfacet
  facet normal 0.3796119442728412 -0.599472768865709 0.7046468414417777
    outer loop
      vertex -13.722584755584174 20.537299423872867 38.5
      vertex -12.698337781572578 21.18589666700672 38.5
      vertex -13.464384916959828 22.463969099126327 40
    endloop
  endfacet
  facet normal 0.37961194427283806 -0.5994727688657094 0.7046468414417788
    outer loop
      vertex -14.550421195514044 21.776244210416397 40
      vertex -13.722584755584174 20.537299423872867 38.5
      vertex -13.464384916959828 22.463969099126327 40
    endloop
  endfacet
  facet normal 0.3497399504700688 -0.6173773529141802 0.7046468414417776
    outer loop
      vertex -12.698337781572578 21.18589666700672 38.5
      vertex -12.345911755799822 23.097576318665165 40
      vertex -13.464384916959828 22.463969099126327 40
    endloop
  endfacet
  facet normal 0.34973995047006434 -0.6173773529141806 0.7046468414417794
    outer loop
      vertex -12.698337781572578 21.18589666700672 38.5
      vertex -11.643499399602142 21.783455229404368 38.5
      vertex -12.345911755799822 23.097576318665165 40
    endloop
  endfacet
  facet normal -0.49289819222978404 0.8700869911087113 0
    outer loop
      vertex -14.754748758345464 24.616811107007806 5
      vertex -14.754748758345464 24.616811107007806 40
      vertex -14.34472998609851 24.84908387247379 28.167178879777705
    endloop
  endfacet
  facet normal -0.6152315905806259 0.7883464276266069 0
    outer loop
      vertex -17.096570038932835 23.052056153494508 5
      vertex -18.207087255496624 22.185400011510552 40
      vertex -17.096570038932835 23.052056153494508 40
    endloop
  endfacet
  facet normal -0.5758081914178449 0.8175848131515839 0
    outer loop
      vertex -15.944865687662583 23.863177873083046 5
      vertex -17.096570038932835 23.052056153494508 40
      vertex -15.944865687662583 23.863177873083046 40
    endloop
  endfacet
  facet normal -0.5349976198870973 0.8448535652497071 0
    outer loop
      vertex -14.754748758345464 24.616811107007806 5
      vertex -15.944865687662583 23.863177873083046 40
      vertex -14.754748758345464 24.616811107007806 40
    endloop
  endfacet
  facet normal -0.4052413140049884 0.9142097557035312 0
    outer loop
      vertex -10.983014508878076 26.515342583073927 5
      vertex -11.67129863593614 26.210247212654103 28.168923145340973
      vertex -10.983014508878076 26.515342583073927 40
    endloop
  endfacet
  facet normal 0.3598950365349877 -0.9329927988347391 0
    outer loop
      vertex -9.452280779417718 22.819824453028783 5
      vertex -8.446892212054513 23.20764561910311 38.5
      vertex -9.452280779417718 22.819824453028783 38.5
    endloop
  endfacet
  facet normal 0.9396926207949845 0.34202014330073227 0
    outer loop
      vertex -9.814809979188848 26.9659687962858 5
      vertex -9.814809979188848 26.9659687962858 40
      vertex -8.446892212054513 23.20764561910311 38.5
    endloop
  endfacet
  facet normal -0.35989503653498917 0.9329927988347385 0
    outer loop
      vertex -9.814809979188848 26.9659687962858 5
      vertex -10.983014508878076 26.515342583073927 40
      vertex -9.814809979188848 26.9659687962858 40
    endloop
  endfacet
  facet normal -0.4928981922297871 0.8700869911087098 0
    outer loop
      vertex -13.529086346906132 25.31114028679779 40
      vertex -13.529086346906132 25.31114028679779 28.08756192527879
      vertex -14.34472998609851 24.84908387247379 28.167178879777705
    endloop
  endfacet
  facet normal -0.44961132965460554 0.8932243011955159 0
    outer loop
      vertex -12.270831181449095 25.944492712642823 40
      vertex -12.270831181449095 25.944492712642823 28.10085951725428
      vertex -13.529086346906132 25.31114028679779 28.08756192527879
    endloop
  endfacet
  facet normal -0.4052413140049892 0.914209755703531 0
    outer loop
      vertex -12.270831181449095 25.944492712642823 40
      vertex -11.67129863593614 26.210247212654103 28.168923145340973
      vertex -12.270831181449095 25.944492712642823 28.10085951725428
    endloop
  endfacet
  facet normal -0.4928981922297861 0.8700869911087102 -8.991817984176515e-17
    outer loop
      vertex -14.754748758345464 24.616811107007806 40
      vertex -13.529086346906132 25.31114028679779 40
      vertex -14.34472998609851 24.84908387247379 28.167178879777705
    endloop
  endfacet
  facet normal -0.4496113296546055 0.8932243011955159 0
    outer loop
      vertex -13.529086346906132 25.31114028679779 40
      vertex -12.270831181449095 25.944492712642823 40
      vertex -13.529086346906132 25.31114028679779 28.08756192527879
    endloop
  endfacet
  facet normal -0.40524131400498875 0.9142097557035311 1.998476367872908e-17
    outer loop
      vertex -12.270831181449095 25.944492712642823 40
      vertex -10.983014508878076 26.515342583073927 40
      vertex -11.67129863593614 26.210247212654103 28.168923145340973
    endloop
  endfacet
  facet normal 0 0 1
    outer loop
      vertex -15.601404234941898 21.036058442029844 40
      vertex -15.944865687662583 23.863177873083046 40
      vertex -17.096570038932835 23.052056153494508 40
    endloop
  endfacet
  facet normal 0 0 1
    outer loop
      vertex -14.550421195514044 21.776244210416397 40
      vertex -14.754748758345464 24.616811107007806 40
      vertex -15.944865687662583 23.863177873083046 40
    endloop
  endfacet
  facet normal 0 0 1
    outer loop
      vertex -14.550421195514044 21.776244210416397 40
      vertex -13.464384916959828 22.463969099126327 40
      vertex -14.754748758345464 24.616811107007806 40
    endloop
  endfacet
  facet normal 0 0 1
    outer loop
      vertex -13.464384916959828 22.463969099126327 40
      vertex -12.345911755799822 23.097576318665165 40
      vertex -13.529086346906132 25.31114028679779 40
    endloop
  endfacet
  facet normal 0 0 1
    outer loop
      vertex -13.464384916959828 22.463969099126327 40
      vertex -13.529086346906132 25.31114028679779 40
      vertex -14.754748758345464 24.616811107007806 40
    endloop
  endfacet
  facet normal 0.3190254024930054 -0.6337946208436135 0.7046468414417794
    outer loop
      vertex -11.643499399602142 21.783455229404368 38.5
      vertex -11.197696211845937 23.675539453743585 40
      vertex -12.345911755799822 23.097576318665165 40
    endloop
  endfacet
  facet normal 0 0 1
    outer loop
      vertex -13.529086346906132 25.31114028679779 40
      vertex -12.345911755799822 23.097576318665165 40
      vertex -11.197696211845937 23.675539453743585 40
    endloop
  endfacet
  facet normal 0 0 1
    outer loop
      vertex -13.529086346906132 25.31114028679779 40
      vertex -11.197696211845937 23.675539453743585 40
      vertex -12.270831181449095 25.944492712642823 40
    endloop
  endfacet
  facet normal 0.31902540249300837 -0.6337946208436133 0.7046468414417782
    outer loop
      vertex -11.643499399602142 21.783455229404368 38.5
      vertex -10.560610807727967 22.32853554014905 38.5
      vertex -11.197696211845937 23.675539453743585 40
    endloop
  endfacet
  facet normal 0.28754229437801787 -0.6486850220175815 0.7046468414417786
    outer loop
      vertex -10.560610807727967 22.32853554014905 38.5
      vertex -9.452280779417718 22.819824453028783 38.5
      vertex -10.022504436915368 24.196466140545603 40
    endloop
  endfacet
  facet normal 0.2875422943780189 -0.6486850220175815 0.7046468414417782
    outer loop
      vertex -10.560610807727967 22.32853554014905 38.5
      vertex -10.022504436915368 24.196466140545603 40
      vertex -11.197696211845937 23.675539453743585 40
    endloop
  endfacet
  facet normal 0 0 1
    outer loop
      vertex -12.270831181449095 25.944492712642823 40
      vertex -11.197696211845937 23.675539453743585 40
      vertex -10.022504436915368 24.196466140545603 40
    endloop
  endfacet
  facet normal 0 0 1
    outer loop
      vertex -10.022504436915368 24.196466140545603 40
      vertex -8.956464227957204 24.607683226497326 40
      vertex -10.983014508878076 26.515342583073927 40
    endloop
  endfacet
  facet normal 0.2553664716901415 -0.662012684155412 0.7046468414417785
    outer loop
      vertex -9.452280779417718 22.819824453028783 38.5
      vertex -8.446892212054513 23.20764561910311 38.5
      vertex -8.956464227957204 24.607683226497326 40
    endloop
  endfacet
  facet normal 0.2553664716901409 -0.662012684155412 0.7046468414417786
    outer loop
      vertex -9.452280779417718 22.819824453028783 38.5
      vertex -8.956464227957204 24.607683226497326 40
      vertex -10.022504436915368 24.196466140545603 40
    endloop
  endfacet
  facet normal 0.9396926207949845 0.3420201433007323 -1.7695369840566399e-16
    outer loop
      vertex -8.446892212054513 23.20764561910311 38.5
      vertex -9.814809979188848 26.9659687962858 40
      vertex -8.956464227957204 24.607683226497326 40
    endloop
  endfacet
  facet normal 0 0 1
    outer loop
      vertex -12.270831181449095 25.944492712642823 40
      vertex -10.022504436915368 24.196466140545603 40
      vertex -10.983014508878076 26.515342583073927 40
    endloop
  endfacet
  facet normal 0 0 1
    outer loop
      vertex -8.956464227957204 24.607683226497326 40
      vertex -9.814809979188848 26.9659687962858 40
      vertex -10.983014508878076 26.515342583073927 40
    endloop
  endfacet
  facet normal 0 0 1
    outer loop
      vertex -45 -45 5
      vertex 45 -45 5
      vertex 17.140903554469997 -36.9449512867313 5
    endloop
  endfacet
  facet normal -0.043619386618811734 0.9990482216144516 0
    outer loop
      vertex 0 -31 2
      vertex 0 -31 5
      vertex 2.7018280252814293 -30.88203564286232 2
    endloop
  endfacet
  facet normal -0.043619386618811734 0.9990482216144516 0
    outer loop
      vertex 2.7018280252814293 -30.88203564286232 2
      vertex 0 -31 5
      vertex 2.7018280252814293 -30.88203564286232 5
    endloop
  endfacet
  facet normal -0.13052619278651914 0.9914448612992336 0
    outer loop
      vertex 2.7018280252814293 -30.88203564286232 2
      vertex 2.7018280252814293 -30.88203564286232 5
      vertex 5.383093506097794 -30.529040344059467 2
    endloop
  endfacet
  facet normal -0.13052619278651914 0.9914448612992336 0
    outer loop
      vertex 5.383093506097794 -30.529040344059467 2
      vertex 2.7018280252814293 -30.88203564286232 5
      vertex 5.383093506097794 -30.529040344059467 5
    endloop
  endfacet
  facet normal -0.21643961530106193 0.9762960068177727 0
    outer loop
      vertex 5.383093506097794 -30.529040344059467 2
      vertex 5.383093506097794 -30.529040344059467 5
      vertex 8.023390397429466 -29.94370061159134 2
    endloop
  endfacet
  facet normal -0.21643961530106193 0.9762960068177727 0
    outer loop
      vertex 5.383093506097794 -30.529040344059467 5
      vertex 8.023390397429466 -29.94370061159134 5
      vertex 8.023390397429466 -29.94370061159134 2
    endloop
  endfacet
  facet normal -0.30070579793655927 0.9537169512425253 0
    outer loop
      vertex 8.023390397429466 -29.94370061159134 2
      vertex 8.023390397429466 -29.94370061159134 5
      vertex 10.60262444615364 -29.130471244454384 2
    endloop
  endfacet
  facet normal -0.93969262075455 -0.3420201434118252 0
    outer loop
      vertex 10.60262444615364 -29.130471244454384 2
      vertex 10.60262444615364 -29.130471244454384 5
      vertex 10.156789424248615 -27.905549589317708 2
    endloop
  endfacet
  facet normal -0.30070579793655927 0.9537169512425253 0
    outer loop
      vertex 10.60262444615364 -29.130471244454384 2
      vertex 8.023390397429466 -29.94370061159134 5
      vertex 10.60262444615364 -29.130471244454384 5
    endloop
  endfacet
  facet normal -0.93969262075455 -0.3420201434118252 0
    outer loop
      vertex 10.60262444615364 -29.130471244454384 5
      vertex 10.156789424248615 -27.905549589317708 5
      vertex 10.156789424248615 -27.905549589317708 2
    endloop
  endfacet
  facet normal 0 0 1
    outer loop
      vertex 5.383093506097794 -30.529040344059467 5
      vertex 17.140903554469997 -36.9449512867313 5
      vertex 8.023390397429466 -29.94370061159134 5
    endloop
  endfacet
  facet normal -0.9396926207545494 -0.34202014341182674 2.4057695144775793e-16
    outer loop
      vertex 10.156789424248615 -27.905549589317708 2
      vertex 9.814809982354722 -26.965968795064587 5
      vertex 8.446892214779151 -23.207645618052105 5
    endloop
  endfacet
  facet normal -0.9396926207545497 -0.34202014341182607 0
    outer loop
      vertex 10.156789424248615 -27.905549589317708 2
      vertex 10.156789424248615 -27.905549589317708 5
      vertex 9.814809982354722 -26.965968795064587 5
    endloop
  endfacet
  facet normal 0 0 -1
    outer loop
      vertex 10.156789424248615 -27.905549589317708 2
      vertex 8.446892214779151 -23.207645618052105 2
      vertex 9.452280779417718 -22.819824453028783 2
    endloop
  endfacet
  facet normal -0.9396926207545494 -0.34202014341182657 0
    outer loop
      vertex 10.156789424248615 -27.905549589317708 2
      vertex 8.446892214779151 -23.207645618052105 5
      vertex 8.446892214779151 -23.207645618052105 2
    endloop
  endfacet
  facet normal -0.3598950365349897 0.9329927988347382 0
    outer loop
      vertex 8.446892214779151 -23.207645618052105 2
      vertex 8.446892214779151 -23.207645618052105 5
      vertex 9.452280779417718 -22.819824453028783 2
    endloop
  endfacet
  facet normal -0.40524131400498975 0.9142097557035307 0
    outer loop
      vertex 9.452280779417718 -22.819824453028783 2
      vertex 9.452280779417718 -22.819824453028783 5
      vertex 10.560610807727967 -22.32853554014905 2
    endloop
  endfacet
  facet normal 0 0 -1
    outer loop
      vertex 10.156789424248615 -27.905549589317708 2
      vertex 9.452280779417718 -22.819824453028783 2
      vertex 10.560610807727967 -22.32853554014905 2
    endloop
  endfacet
  facet normal -0.3598950365349897 0.9329927988347382 0
    outer loop
      vertex 9.452280779417718 -22.819824453028783 2
      vertex 8.446892214779151 -23.207645618052105 5
      vertex 9.452280779417718 -22.819824453028783 5
    endloop
  endfacet
  facet normal 0 0 -1
    outer loop
      vertex 9.814809979188848 -26.9659687962858 5
      vertex 8.446892214779151 -23.207645618052105 5
      vertex 9.814809982354722 -26.965968795064587 5
    endloop
  endfacet
  facet normal 0 0 1
    outer loop
      vertex 9.814809982354722 -26.965968795064587 5
      vertex 10.156789424248615 -27.905549589317708 5
      vertex 10.983014508878076 -26.515342583073927 5
    endloop
  endfacet
  facet normal 0 0 1
    outer loop
      vertex 10.60262444615364 -29.130471244454384 5
      vertex 11.67129863593614 -26.210247212654103 5
      vertex 10.156789424248615 -27.905549589317708 5
    endloop
  endfacet
  facet normal 0 0 1
    outer loop
      vertex 10.156789424248615 -27.905549589317708 5
      vertex 11.67129863593614 -26.210247212654103 5
      vertex 10.983014508878076 -26.515342583073927 5
    endloop
  endfacet
  facet normal 0 0 -1
    outer loop
      vertex 9.814809979188848 -26.9659687962858 5
      vertex 8.446892212054513 -23.20764561910311 5
      vertex 8.446892214779151 -23.207645618052105 5
    endloop
  endfacet
  facet normal 0 -1 0
    outer loop
      vertex -45 -45 2
      vertex 45 -45 2
      vertex 45 -45 5
    endloop
  endfacet
  facet normal 0 0 -1
    outer loop
      vertex -5.383093506097794 -30.529040344059467 2
      vertex -2.7018280252814293 -30.88203564286232 2
      vertex 45 -45 2
    endloop
  endfacet
  facet normal 0 0 -1
    outer loop
      vertex -2.7018280252814293 -30.88203564286232 2
      vertex 0 -31 2
      vertex 45 -45 2
    endloop
  endfacet
  facet normal 0 0 -1
    outer loop
      vertex 0 -31 2
      vertex 2.7018280252814293 -30.88203564286232 2
      vertex 45 -45 2
    endloop
  endfacet
  facet normal 0 0 -1
    outer loop
      vertex 2.7018280252814293 -30.88203564286232 2
      vertex 5.383093506097794 -30.529040344059467 2
      vertex 45 -45 2
    endloop
  endfacet
  facet normal 0 0 -1
    outer loop
      vertex 5.383093506097794 -30.529040344059467 2
      vertex 8.023390397429466 -29.94370061159134 2
      vertex 45 -45 2
    endloop
  endfacet
  facet normal 0 0 -1
    outer loop
      vertex 8.023390397429466 -29.94370061159134 2
      vertex 10.60262444615364 -29.130471244454384 2
      vertex 45 -45 2
    endloop
  endfacet
  facet normal 0 0 1
    outer loop
      vertex 8.023390397429466 -29.94370061159134 5
      vertex 17.140903554469997 -36.9449512867313 5
      vertex 10.60262444615364 -29.130471244454384 5
    endloop
  endfacet
  facet normal 0 0 1
    outer loop
      vertex 10.60262444615364 -29.130471244454384 5
      vertex 17.140903554469997 -36.9449512867313 5
      vertex 11.67129863593614 -26.210247212654103 5
    endloop
  endfacet
  facet normal 0 0 1
    outer loop
      vertex 14.754748758345464 -24.616811107007806 5
      vertex 14.34472998609851 -24.84908387247379 5
      vertex 19.8139231270351 -35.58297978751266 5
    endloop
  endfacet
  facet normal 0 0 -1
    outer loop
      vertex 10.60262444615364 -29.130471244454384 2
      vertex 10.156789424248615 -27.905549589317708 2
      vertex 20.83166255828627 -25.829133868568544 2
    endloop
  endfacet
  facet normal 0 0 -1
    outer loop
      vertex 10.156789424248615 -27.905549589317708 2
      vertex 10.560610807727967 -22.32853554014905 2
      vertex 21.994796179957174 -21.994796179957174 2
    endloop
  endfacet
  facet normal 0 0 -1
    outer loop
      vertex 10.60262444615364 -29.130471244454384 2
      vertex 21.714705573208366 -27.696171457695492 2
      vertex 21.994796179957174 -28.005203820042826 2
    endloop
  endfacet
  facet normal 0 0 -1
    outer loop
      vertex 10.60262444615364 -29.130471244454384 2
      vertex 22.303828542304508 -28.285294426791634 2
      vertex 22.638826509666693 -28.53374585228582 2
    endloop
  endfacet
  facet normal 0 0 -1
    outer loop
      vertex 10.60262444615364 -29.130471244454384 2
      vertex 21.994796179957174 -28.005203820042826 2
      vertex 22.303828542304508 -28.285294426791634 2
    endloop
  endfacet
  facet normal 0 0 -1
    outer loop
      vertex 10.60262444615364 -29.130471244454384 2
      vertex 22.638826509666693 -28.53374585228582 2
      vertex 22.99656386848951 -28.74816537348051 2
    endloop
  endfacet
  facet normal 0 0 -1
    outer loop
      vertex 10.60262444615364 -29.130471244454384 2
      vertex 22.99656386848951 -28.74816537348051 2
      vertex 23.373595412448367 -28.926488013172968 2
    endloop
  endfacet
  facet normal 0 0 -1
    outer loop
      vertex 10.60262444615364 -29.130471244454384 2
      vertex 23.373595412448367 -28.926488013172968 2
      vertex 23.766290121668536 -29.066996426861888 2
    endloop
  endfacet
  facet normal 0.5956993044924324 0.8032075314806457 0
    outer loop
      vertex 22.303828542304508 -28.285294426791634 2
      vertex 22.303828542304508 -28.285294426791634 5
      vertex 22.638826509666693 -28.53374585228582 2
    endloop
  endfacet
  facet normal 0.67155895484702 0.7409511253549577 0
    outer loop
      vertex 22.303828542304508 -28.285294426791634 2
      vertex 21.994796179957174 -28.005203820042826 5
      vertex 22.303828542304508 -28.285294426791634 5
    endloop
  endfacet
  facet normal 0 0 1
    outer loop
      vertex 14.754748758345464 -24.616811107007806 5
      vertex 19.8139231270351 -35.58297978751266 5
      vertex 20.83166255828627 -25.829133868568544 5
    endloop
  endfacet
  facet normal 0 0 1
    outer loop
      vertex 22.638826509666693 -28.53374585228582 5
      vertex 19.8139231270351 -35.58297978751266 5
      vertex 22.99656386848951 -28.74816537348051 5
    endloop
  endfacet
  facet normal 0 0 1
    outer loop
      vertex 22.99656386848951 -28.74816537348051 5
      vertex 19.8139231270351 -35.58297978751266 5
      vertex 23.373595412448367 -28.926488013172968 5
    endloop
  endfacet
  facet normal 0 0 1
    outer loop
      vertex 23.373595412448367 -28.926488013172968 5
      vertex 19.8139231270351 -35.58297978751266 5
      vertex 23.766290121668536 -29.066996426861888 5
    endloop
  endfacet
  facet normal 0 0 1
    outer loop
      vertex 21.073511986827032 -26.626404587551633 5
      vertex 19.8139231270351 -35.58297978751266 5
      vertex 21.25183462651949 -27.00343613151049 5
    endloop
  endfacet
  facet normal 0 0 1
    outer loop
      vertex 21.25183462651949 -27.00343613151049 5
      vertex 19.8139231270351 -35.58297978751266 5
      vertex 21.46625414771418 -27.361173490333307 5
    endloop
  endfacet
  facet normal 0 0 1
    outer loop
      vertex 21.714705573208366 -27.696171457695492 5
      vertex 21.46625414771418 -27.361173490333307 5
      vertex 19.8139231270351 -35.58297978751266 5
    endloop
  endfacet
  facet normal 0 0 1
    outer loop
      vertex 20.933003573138112 -26.233709878331464 5
      vertex 20.83166255828627 -25.829133868568544 5
      vertex 19.8139231270351 -35.58297978751266 5
    endloop
  endfacet
  facet normal 0 0 1
    outer loop
      vertex 21.073511986827032 -26.626404587551633 5
      vertex 20.933003573138112 -26.233709878331464 5
      vertex 19.8139231270351 -35.58297978751266 5
    endloop
  endfacet
  facet normal 0 0 1
    outer loop
      vertex 22.303828542304508 -28.285294426791634 5
      vertex 21.994796179957174 -28.005203820042826 5
      vertex 19.8139231270351 -35.58297978751266 5
    endloop
  endfacet
  facet normal 0 0 1
    outer loop
      vertex 21.714705573208366 -27.696171457695492 5
      vertex 19.8139231270351 -35.58297978751266 5
      vertex 21.994796179957174 -28.005203820042826 5
    endloop
  endfacet
  facet normal 0 0 1
    outer loop
      vertex 22.303828542304508 -28.285294426791634 5
      vertex 19.8139231270351 -35.58297978751266 5
      vertex 22.638826509666693 -28.53374585228582 5
    endloop
  endfacet
  facet normal 0 0 -1
    outer loop
      vertex 10.60262444615364 -29.130471244454384 2
      vertex 20.933003573138112 -26.233709878331464 2
      vertex 21.073511986827032 -26.626404587551633 2
    endloop
  endfacet
  facet normal 0 0 -1
    outer loop
      vertex 10.60262444615364 -29.130471244454384 2
      vertex 20.83166255828627 -25.829133868568544 2
      vertex 20.933003573138112 -26.233709878331464 2
    endloop
  endfacet
  facet normal 0 0 -1
    outer loop
      vertex 10.60262444615364 -29.130471244454384 2
      vertex 21.46625414771418 -27.361173490333307 2
      vertex 21.714705573208366 -27.696171457695492 2
    endloop
  endfacet
  facet normal 0 0 -1
    outer loop
      vertex 10.60262444615364 -29.130471244454384 2
      vertex 21.25183462651949 -27.00343613151049 2
      vertex 21.46625414771418 -27.361173490333307 2
    endloop
  endfacet
  facet normal 0 0 -1
    outer loop
      vertex 10.60262444615364 -29.130471244454384 2
      vertex 21.073511986827032 -26.626404587551633 2
      vertex 21.25183462651949 -27.00343613151049 2
    endloop
  endfacet
  facet normal 0 0 -1
    outer loop
      vertex 10.156789424248615 -27.905549589317708 2
      vertex 20.75 -25 2
      vertex 20.770464911643163 -25.416572846400634 2
    endloop
  endfacet
  facet normal 0 0 -1
    outer loop
      vertex 10.156789424248615 -27.905549589317708 2
      vertex 20.770464911643163 -25.416572846400634 2
      vertex 20.83166255828627 -25.829133868568544 2
    endloop
  endfacet
  facet normal 0 0 -1
    outer loop
      vertex 10.156789424248615 -27.905549589317708 2
      vertex 20.770464911643163 -24.583427153599366 2
      vertex 20.75 -25 2
    endloop
  endfacet
  facet normal 0 0 -1
    outer loop
      vertex 10.156789424248615 -27.905549589317708 2
      vertex 20.83166255828627 -24.170866131431456 2
      vertex 20.770464911643163 -24.583427153599366 2
    endloop
  endfacet
  facet normal 0 0 -1
    outer loop
      vertex 10.156789424248615 -27.905549589317708 2
      vertex 20.933003573138112 -23.766290121668536 2
      vertex 20.83166255828627 -24.170866131431456 2
    endloop
  endfacet
  facet normal 0 0 -1
    outer loop
      vertex 10.156789424248615 -27.905549589317708 2
      vertex 21.073511986827032 -23.373595412448367 2
      vertex 20.933003573138112 -23.766290121668536 2
    endloop
  endfacet
  facet normal 0 0 -1
    outer loop
      vertex 10.156789424248615 -27.905549589317708 2
      vertex 21.25183462651949 -22.99656386848951 2
      vertex 21.073511986827032 -23.373595412448367 2
    endloop
  endfacet
  facet normal 0 0 -1
    outer loop
      vertex 10.156789424248615 -27.905549589317708 2
      vertex 21.46625414771418 -22.638826509666693 2
      vertex 21.25183462651949 -22.99656386848951 2
    endloop
  endfacet
  facet normal 0 0 -1
    outer loop
      vertex 10.156789424248615 -27.905549589317708 2
      vertex 21.714705573208366 -22.303828542304508 2
      vertex 21.46625414771418 -22.638826509666693 2
    endloop
  endfacet
  facet normal 0 0 -1
    outer loop
      vertex 10.156789424248615 -27.905549589317708 2
      vertex 21.994796179957174 -21.994796179957174 2
      vertex 21.714705573208366 -22.303828542304508 2
    endloop
  endfacet
  facet normal 0.9415440651830208 0.3368898533922203 0
    outer loop
      vertex 21.073511986827032 -26.626404587551633 2
      vertex 20.933003573138112 -26.233709878331464 2
      vertex 20.933003573138112 -26.233709878331464 5
    endloop
  endfacet
  facet normal 0.9700312531945428 0.24298017990326878 0
    outer loop
      vertex 20.933003573138112 -26.233709878331464 2
      vertex 20.83166255828627 -25.829133868568544 2
      vertex 20.83166255828627 -25.829133868568544 5
    endloop
  endfacet
  facet normal 0.9891765099647816 0.14673047445535753 0
    outer loop
      vertex 20.83166255828627 -25.829133868568544 2
      vertex 20.770464911643163 -25.416572846400634 2
      vertex 20.770464911643163 -25.416572846400634 5
    endloop
  endfacet
  facet normal 0.8032075314806457 0.5956993044924324 0
    outer loop
      vertex 21.714705573208366 -27.696171457695492 2
      vertex 21.46625414771418 -27.361173490333307 2
      vertex 21.46625414771418 -27.361173490333307 5
    endloop
  endfacet
  facet normal 0.8577286100002698 0.5141027441932253 0
    outer loop
      vertex 21.25183462651949 -27.00343613151049 2
      vertex 21.25183462651949 -27.00343613151049 5
      vertex 21.46625414771418 -27.361173490333307 2
    endloop
  endfacet
  facet normal 0.9039892931234456 0.4275550934302775 0
    outer loop
      vertex 21.073511986827032 -26.626404587551633 2
      vertex 21.073511986827032 -26.626404587551633 5
      vertex 21.25183462651949 -27.00343613151049 2
    endloop
  endfacet
  facet normal 0.7409511253549577 0.67155895484702 0
    outer loop
      vertex 21.714705573208366 -27.696171457695492 2
      vertex 21.714705573208366 -27.696171457695492 5
      vertex 21.994796179957174 -28.005203820042826 2
    endloop
  endfacet
  facet normal 0.67155895484702 0.7409511253549577 0
    outer loop
      vertex 22.303828542304508 -28.285294426791634 2
      vertex 21.994796179957174 -28.005203820042826 2
      vertex 21.994796179957174 -28.005203820042826 5
    endloop
  endfacet
  facet normal 0.9415440651830208 0.3368898533922203 0
    outer loop
      vertex 21.073511986827032 -26.626404587551633 2
      vertex 20.933003573138112 -26.233709878331464 5
      vertex 21.073511986827032 -26.626404587551633 5
    endloop
  endfacet
  facet normal 0.9700312531945428 0.24298017990326878 0
    outer loop
      vertex 20.933003573138112 -26.233709878331464 2
      vertex 20.83166255828627 -25.829133868568544 5
      vertex 20.933003573138112 -26.233709878331464 5
    endloop
  endfacet
  facet normal 0.9891765099647816 0.14673047445535753 0
    outer loop
      vertex 20.83166255828627 -25.829133868568544 2
      vertex 20.770464911643163 -25.416572846400634 5
      vertex 20.83166255828627 -25.829133868568544 5
    endloop
  endfacet
  facet normal 0.8032075314806457 0.5956993044924324 0
    outer loop
      vertex 21.714705573208366 -27.696171457695492 2
      vertex 21.46625414771418 -27.361173490333307 5
      vertex 21.714705573208366 -27.696171457695492 5
    endloop
  endfacet
  facet normal 0.8577286100002698 0.5141027441932253 0
    outer loop
      vertex 21.46625414771418 -27.361173490333307 2
      vertex 21.25183462651949 -27.00343613151049 5
      vertex 21.46625414771418 -27.361173490333307 5
    endloop
  endfacet
  facet normal 0.9039892931234456 0.4275550934302775 0
    outer loop
      vertex 21.25183462651949 -27.00343613151049 2
      vertex 21.073511986827032 -26.626404587551633 5
      vertex 21.25183462651949 -27.00343613151049 5
    endloop
  endfacet
  facet normal 0.7409511253549577 0.67155895484702 0
    outer loop
      vertex 21.994796179957174 -28.005203820042826 2
      vertex 21.714705573208366 -27.696171457695492 5
      vertex 21.994796179957174 -28.005203820042826 5
    endloop
  endfacet
  facet normal 0.9987954562051724 0.04906767432741787 0
    outer loop
      vertex 20.770464911643163 -25.416572846400634 2
      vertex 20.75 -25 2
      vertex 20.75 -25 5
    endloop
  endfacet
  facet normal 0.9987954562051724 -0.04906767432741787 0
    outer loop
      vertex 20.75 -25 2
      vertex 20.770464911643163 -24.583427153599366 2
      vertex 20.770464911643163 -24.583427153599366 5
    endloop
  endfacet
  facet normal 0.9891765099647816 -0.14673047445535753 0
    outer loop
      vertex 20.770464911643163 -24.583427153599366 2
      vertex 20.83166255828627 -24.170866131431456 2
      vertex 20.83166255828627 -24.170866131431456 5
    endloop
  endfacet
  facet normal 0.9700312531945428 -0.24298017990326878 0
    outer loop
      vertex 20.83166255828627 -24.170866131431456 2
      vertex 20.933003573138112 -23.766290121668536 2
      vertex 20.933003573138112 -23.766290121668536 5
    endloop
  endfacet
  facet normal 0.9415440651830208 -0.3368898533922203 0
    outer loop
      vertex 20.933003573138112 -23.766290121668536 2
      vertex 21.073511986827032 -23.373595412448367 2
      vertex 21.073511986827032 -23.373595412448367 5
    endloop
  endfacet
  facet normal 0.9039892931234456 -0.4275550934302775 0
    outer loop
      vertex 21.073511986827032 -23.373595412448367 2
      vertex 21.25183462651949 -22.99656386848951 2
      vertex 21.25183462651949 -22.99656386848951 5
    endloop
  endfacet
  facet normal 0.8577286100002698 -0.5141027441932253 0
    outer loop
      vertex 21.25183462651949 -22.99656386848951 2
      vertex 21.46625414771418 -22.638826509666693 2
      vertex 21.46625414771418 -22.638826509666693 5
    endloop
  endfacet
  facet normal 0.9987954562051724 0.04906767432741787 0
    outer loop
      vertex 20.770464911643163 -25.416572846400634 2
      vertex 20.75 -25 5
      vertex 20.770464911643163 -25.416572846400634 5
    endloop
  endfacet
  facet normal 0.9987954562051724 -0.04906767432741787 0
    outer loop
      vertex 20.75 -25 2
      vertex 20.770464911643163 -24.583427153599366 5
      vertex 20.75 -25 5
    endloop
  endfacet
  facet normal 0.9891765099647816 -0.14673047445535753 0
    outer loop
      vertex 20.770464911643163 -24.583427153599366 2
      vertex 20.83166255828627 -24.170866131431456 5
      vertex 20.770464911643163 -24.583427153599366 5
    endloop
  endfacet
  facet normal 0.9700312531945428 -0.24298017990326878 0
    outer loop
      vertex 20.83166255828627 -24.170866131431456 2
      vertex 20.933003573138112 -23.766290121668536 5
      vertex 20.83166255828627 -24.170866131431456 5
    endloop
  endfacet
  facet normal 0.9415440651830208 -0.3368898533922203 0
    outer loop
      vertex 20.933003573138112 -23.766290121668536 2
      vertex 21.073511986827032 -23.373595412448367 5
      vertex 20.933003573138112 -23.766290121668536 5
    endloop
  endfacet
  facet normal 0.9039892931234456 -0.4275550934302775 0
    outer loop
      vertex 21.073511986827032 -23.373595412448367 2
      vertex 21.25183462651949 -22.99656386848951 5
      vertex 21.073511986827032 -23.373595412448367 5
    endloop
  endfacet
  facet normal 0.8577286100002698 -0.5141027441932253 0
    outer loop
      vertex 21.25183462651949 -22.99656386848951 2
      vertex 21.46625414771418 -22.638826509666693 5
      vertex 21.25183462651949 -22.99656386848951 5
    endloop
  endfacet
  facet normal 0.8032075314806457 -0.5956993044924324 0
    outer loop
      vertex 21.46625414771418 -22.638826509666693 2
      vertex 21.714705573208366 -22.303828542304508 5
      vertex 21.46625414771418 -22.638826509666693 5
    endloop
  endfacet
  facet normal 0 0 1
    outer loop
      vertex 14.754748758345464 -24.616811107007806 5
      vertex 20.83166255828627 -25.829133868568544 5
      vertex 15.944865687662583 -23.863177873083046 5
    endloop
  endfacet
  facet normal 0 0 1
    outer loop
      vertex 15.944865687662583 -23.863177873083046 5
      vertex 20.770464911643163 -24.583427153599366 5
      vertex 17.096570038932835 -23.052056153494508 5
    endloop
  endfacet
  facet normal 0 0 1
    outer loop
      vertex 15.944865687662583 -23.863177873083046 5
      vertex 20.83166255828627 -25.829133868568544 5
      vertex 20.770464911643163 -25.416572846400634 5
    endloop
  endfacet
  facet normal 0 0 1
    outer loop
      vertex 15.944865687662583 -23.863177873083046 5
      vertex 20.770464911643163 -25.416572846400634 5
      vertex 20.75 -25 5
    endloop
  endfacet
  facet normal 0 0 1
    outer loop
      vertex 15.944865687662583 -23.863177873083046 5
      vertex 20.75 -25 5
      vertex 20.770464911643163 -24.583427153599366 5
    endloop
  endfacet
  facet normal 0 0 1
    outer loop
      vertex 17.096570038932835 -23.052056153494508 5
      vertex 20.770464911643163 -24.583427153599366 5
      vertex 20.83166255828627 -24.170866131431456 5
    endloop
  endfacet
  facet normal 0 0 1
    outer loop
      vertex 17.096570038932835 -23.052056153494508 5
      vertex 20.933003573138112 -23.766290121668536 5
      vertex 18.207087255496624 -22.185400011510552 5
    endloop
  endfacet
  facet normal 0 0 1
    outer loop
      vertex 17.096570038932835 -23.052056153494508 5
      vertex 20.83166255828627 -24.170866131431456 5
      vertex 20.933003573138112 -23.766290121668536 5
    endloop
  endfacet
  facet normal 0 0 1
    outer loop
      vertex 20.933003573138112 -23.766290121668536 5
      vertex 21.073511986827032 -23.373595412448367 5
      vertex 18.207087255496624 -22.185400011510552 5
    endloop
  endfacet
  facet normal 0 0 1
    outer loop
      vertex 21.073511986827032 -23.373595412448367 5
      vertex 21.25183462651949 -22.99656386848951 5
      vertex 18.207087255496624 -22.185400011510552 5
    endloop
  endfacet
  facet normal 0 0 1
    outer loop
      vertex 21.25183462651949 -22.99656386848951 5
      vertex 21.46625414771418 -22.638826509666693 5
      vertex 18.207087255496624 -22.185400011510552 5
    endloop
  endfacet
  facet normal -0.9396926207949845 -0.34202014330073227 0
    outer loop
      vertex 9.814809979188848 -26.9659687962858 5
      vertex 8.446892212054513 -23.20764561910311 38.5
      vertex 8.446892212054513 -23.20764561910311 5
    endloop
  endfacet
  facet normal -0.3598942692340606 0.9329930948150054 0
    outer loop
      vertex 8.446892212054513 -23.20764561910311 5
      vertex 8.446892212054513 -23.20764561910311 38.5
      vertex 8.446892214779151 -23.207645618052105 5
    endloop
  endfacet
  facet normal -0.3598950365349898 0.9329927988347382 -7.169237750721496e-17
    outer loop
      vertex 8.446892214779151 -23.207645618052105 5
      vertex 8.446892212054513 -23.20764561910311 38.5
      vertex 9.452280779417718 -22.819824453028783 5
    endloop
  endfacet
  facet normal -0.40524131400498975 0.9142097557035307 0
    outer loop
      vertex 9.452280779417718 -22.819824453028783 5
      vertex 9.452280779417718 -22.819824453028783 38.5
      vertex 10.560610807727967 -22.32853554014905 5
    endloop
  endfacet
  facet normal 0.35989522421497583 -0.9329927264385571 -7.1963493592545985e-9
    outer loop
      vertex 9.814809979188848 -26.9659687962858 5
      vertex 9.814809982354722 -26.965968795064587 5
      vertex 10.983014508878076 -26.515342583073927 40
    endloop
  endfacet
  facet normal 0.35989503653498867 -0.9329927988347387 0
    outer loop
      vertex 9.814809982354722 -26.965968795064587 5
      vertex 10.983014508878076 -26.515342583073927 5
      vertex 10.983014508878076 -26.515342583073927 40
    endloop
  endfacet
  facet normal -0.8910065241883679 -0.45399049973954647 0
    outer loop
      vertex 11.67129863593614 -26.210247212654103 5
      vertex 17.140903554469997 -36.9449512867313 5
      vertex 11.67129863593614 -26.210247212654103 28.168923145340973
    endloop
  endfacet
  facet normal 0.8910065241883681 0.45399049973954647 0
    outer loop
      vertex 19.8139231270351 -35.58297978751266 5
      vertex 14.34472998609851 -24.84908387247379 5
      vertex 14.34472998609851 -24.84908387247379 28.167178879777705
    endloop
  endfacet
  facet normal 0.40524131400498853 -0.9142097557035314 0
    outer loop
      vertex 10.983014508878076 -26.515342583073927 5
      vertex 11.67129863593614 -26.210247212654103 5
      vertex 11.67129863593614 -26.210247212654103 28.168923145340973
    endloop
  endfacet
  facet normal 0.4928981922297841 -0.8700869911087115 0
    outer loop
      vertex 14.754748758345464 -24.616811107007806 5
      vertex 14.34472998609851 -24.84908387247379 28.167178879777705
      vertex 14.34472998609851 -24.84908387247379 5
    endloop
  endfacet
  facet normal 0.40278799896981604 -0.7905159582695586 0.46135273664198956
    outer loop
      vertex 17.140903554469997 -36.9449512867313 5
      vertex 19.8139231270351 -35.58297978751266 5
      vertex 14.34472998609851 -24.84908387247379 28.167178879777705
    endloop
  endfacet
  facet normal 0.4027879989698156 -0.790515958269559 0.46135273664198956
    outer loop
      vertex 12.270831181449095 -25.944492712642823 28.10085951725428
      vertex 11.67129863593614 -26.210247212654103 28.168923145340973
      vertex 17.140903554469997 -36.9449512867313 5
    endloop
  endfacet
  facet normal 0.4027879989698162 -0.7905159582695584 0.46135273664198956
    outer loop
      vertex 12.270831181449095 -25.944492712642823 28.10085951725428
      vertex 17.140903554469997 -36.9449512867313 5
      vertex 13.529086346906132 -25.31114028679779 28.08756192527879
    endloop
  endfacet
  facet normal 0.40278799896981743 -0.7905159582695579 0.4613527366419894
    outer loop
      vertex 13.529086346906132 -25.31114028679779 28.08756192527879
      vertex 17.140903554469997 -36.9449512867313 5
      vertex 14.34472998609851 -24.84908387247379 28.167178879777705
    endloop
  endfacet
  facet normal 0.5349976198870973 -0.8448535652497071 0
    outer loop
      vertex 14.754748758345464 -24.616811107007806 5
      vertex 15.944865687662583 -23.863177873083046 5
      vertex 15.944865687662583 -23.863177873083046 40
    endloop
  endfacet
  facet normal 0.5758081914178449 -0.8175848131515839 0
    outer loop
      vertex 15.944865687662583 -23.863177873083046 5
      vertex 17.096570038932835 -23.052056153494508 5
      vertex 17.096570038932835 -23.052056153494508 40
    endloop
  endfacet
  facet normal -0.4496113296546081 0.8932243011955147 0
    outer loop
      vertex 10.560610807727967 -22.32853554014905 2
      vertex 10.560610807727967 -22.32853554014905 5
      vertex 11.643499399602142 -21.783455229404368 2
    endloop
  endfacet
  facet normal -0.40524131400498975 0.9142097557035307 0
    outer loop
      vertex 9.452280779417718 -22.819824453028783 5
      vertex 10.560610807727967 -22.32853554014905 5
      vertex 10.560610807727967 -22.32853554014905 2
    endloop
  endfacet
  facet normal -0.49289819222978287 0.8700869911087121 0
    outer loop
      vertex 11.643499399602142 -21.783455229404368 2
      vertex 11.643499399602142 -21.783455229404368 5
      vertex 12.698337781572578 -21.18589666700672 2
    endloop
  endfacet
  facet normal -0.534997619887098 0.8448535652497065 0
    outer loop
      vertex 12.698337781572578 -21.18589666700672 2
      vertex 12.698337781572578 -21.18589666700672 5
      vertex 13.722584755584174 -20.537299423872867 2
    endloop
  endfacet
  facet normal -0.5758081914178447 0.8175848131515843 0
    outer loop
      vertex 13.722584755584174 -20.537299423872867 2
      vertex 13.722584755584174 -20.537299423872867 5
      vertex 14.713772820963104 -19.83922602757193 2
    endloop
  endfacet
  facet normal -0.4496113296546081 0.8932243011955147 0
    outer loop
      vertex 10.560610807727967 -22.32853554014905 5
      vertex 11.643499399602142 -21.783455229404368 5
      vertex 11.643499399602142 -21.783455229404368 2
    endloop
  endfacet
  facet normal -0.49289819222978287 0.8700869911087121 0
    outer loop
      vertex 12.698337781572578 -21.18589666700672 2
      vertex 11.643499399602142 -21.783455229404368 5
      vertex 12.698337781572578 -21.18589666700672 5
    endloop
  endfacet
  facet normal -0.534997619887098 0.8448535652497065 0
    outer loop
      vertex 13.722584755584174 -20.537299423872867 2
      vertex 12.698337781572578 -21.18589666700672 5
      vertex 13.722584755584174 -20.537299423872867 5
    endloop
  endfacet
  facet normal 0 0 -1
    outer loop
      vertex 10.560610807727967 -22.32853554014905 2
      vertex 11.643499399602142 -21.783455229404368 2
      vertex 21.994796179957174 -21.994796179957174 2
    endloop
  endfacet
  facet normal 0 0 -1
    outer loop
      vertex 11.643499399602142 -21.783455229404368 2
      vertex 12.698337781572578 -21.18589666700672 2
      vertex 21.994796179957174 -21.994796179957174 2
    endloop
  endfacet
  facet normal 0 0 -1
    outer loop
      vertex 12.698337781572578 -21.18589666700672 2
      vertex 13.722584755584174 -20.537299423872867 2
      vertex 21.994796179957174 -21.994796179957174 2
    endloop
  endfacet
  facet normal 0 0 -1
    outer loop
      vertex 13.722584755584174 -20.537299423872867 2
      vertex 14.713772820963104 -19.83922602757193 2
      vertex 21.994796179957174 -21.994796179957174 2
    endloop
  endfacet
  facet normal -0.5758081914178447 0.8175848131515843 0
    outer loop
      vertex 14.713772820963104 -19.83922602757193 2
      vertex 13.722584755584174 -20.537299423872867 5
      vertex 14.713772820963104 -19.83922602757193 5
    endloop
  endfacet
  facet normal -0.6152315905806263 0.7883464276266067 0
    outer loop
      vertex 14.713772820963104 -19.83922602757193 2
      vertex 14.713772820963104 -19.83922602757193 5
      vertex 15.669514118842043 -19.093358198059605 2
    endloop
  endfacet
  facet normal -0.653172842953777 0.7572088465064842 0
    outer loop
      vertex 15.669514118842043 -19.093358198059605 2
      vertex 15.669514118842043 -19.093358198059605 5
      vertex 16.587506184721356 -18.30149279626749 2
    endloop
  endfacet
  facet normal -0.6152315905806263 0.7883464276266067 0
    outer loop
      vertex 15.669514118842043 -19.093358198059605 2
      vertex 14.713772820963104 -19.83922602757193 5
      vertex 15.669514118842043 -19.093358198059605 5
    endloop
  endfacet
  facet normal -0.653172842953777 0.7572088465064842 0
    outer loop
      vertex 16.587506184721356 -18.30149279626749 2
      vertex 15.669514118842043 -19.093358198059605 5
      vertex 16.587506184721356 -18.30149279626749 5
    endloop
  endfacet
  facet normal 0 0 -1
    outer loop
      vertex 14.713772820963104 -19.83922602757193 2
      vertex 15.669514118842043 -19.093358198059605 2
      vertex 21.994796179957174 -21.994796179957174 2
    endloop
  endfacet
  facet normal 0 0 -1
    outer loop
      vertex 15.669514118842043 -19.093358198059605 2
      vertex 16.587506184721356 -18.30149279626749 2
      vertex 21.994796179957174 -21.994796179957174 2
    endloop
  endfacet
  facet normal -0.6895405447370664 0.7242470829514676 0
    outer loop
      vertex 16.587506184721356 -18.30149279626749 2
      vertex 16.587506184721356 -18.30149279626749 5
      vertex 17.465537495307725 -17.465537495307725 2
    endloop
  endfacet
  facet normal -0.7242470829514676 0.6895405447370664 0
    outer loop
      vertex 17.465537495307725 -17.465537495307725 2
      vertex 17.465537495307725 -17.465537495307725 5
      vertex 18.30149279626749 -16.587506184721356 2
    endloop
  endfacet
  facet normal 0 0 -1
    outer loop
      vertex 16.587506184721356 -18.30149279626749 2
      vertex 17.465537495307725 -17.465537495307725 2
      vertex 21.994796179957174 -21.994796179957174 2
    endloop
  endfacet
  facet normal 0 0 -1
    outer loop
      vertex 17.465537495307725 -17.465537495307725 2
      vertex 18.30149279626749 -16.587506184721356 2
      vertex 21.994796179957174 -21.994796179957174 2
    endloop
  endfacet
  facet normal -0.6895405447370664 0.7242470829514676 0
    outer loop
      vertex 16.587506184721356 -18.30149279626749 5
      vertex 17.465537495307725 -17.465537495307725 5
      vertex 17.465537495307725 -17.465537495307725 2
    endloop
  endfacet
  facet normal -0.7242470829514676 0.6895405447370664 0
    outer loop
      vertex 17.465537495307725 -17.465537495307725 5
      vertex 18.30149279626749 -16.587506184721356 5
      vertex 18.30149279626749 -16.587506184721356 2
    endloop
  endfacet
  facet normal 0 0 -1
    outer loop
      vertex 21.994796179957174 -21.994796179957174 2
      vertex 18.30149279626749 -16.587506184721356 2
      vertex 22.303828542304508 -21.714705573208366 2
    endloop
  endfacet
  facet normal 0 0 -1
    outer loop
      vertex 22.303828542304508 -21.714705573208366 2
      vertex 18.30149279626749 -16.587506184721356 2
      vertex 22.638826509666693 -21.46625414771418 2
    endloop
  endfacet
  facet normal 0.8032075314806457 -0.5956993044924324 0
    outer loop
      vertex 21.46625414771418 -22.638826509666693 2
      vertex 21.714705573208366 -22.303828542304508 2
      vertex 21.714705573208366 -22.303828542304508 5
    endloop
  endfacet
  facet normal 0.7409511253549577 -0.67155895484702 0
    outer loop
      vertex 21.714705573208366 -22.303828542304508 2
      vertex 21.994796179957174 -21.994796179957174 2
      vertex 21.994796179957174 -21.994796179957174 5
    endloop
  endfacet
  facet normal 0.67155895484702 -0.7409511253549577 0
    outer loop
      vertex 21.994796179957174 -21.994796179957174 2
      vertex 22.303828542304508 -21.714705573208366 2
      vertex 22.303828542304508 -21.714705573208366 5
    endloop
  endfacet
  facet normal 0.7409511253549577 -0.67155895484702 0
    outer loop
      vertex 21.714705573208366 -22.303828542304508 2
      vertex 21.994796179957174 -21.994796179957174 5
      vertex 21.714705573208366 -22.303828542304508 5
    endloop
  endfacet
  facet normal 0.67155895484702 -0.7409511253549577 0
    outer loop
      vertex 21.994796179957174 -21.994796179957174 2
      vertex 22.303828542304508 -21.714705573208366 5
      vertex 21.994796179957174 -21.994796179957174 5
    endloop
  endfacet
  facet normal 0.5956993044924324 -0.8032075314806457 0
    outer loop
      vertex 22.303828542304508 -21.714705573208366 2
      vertex 22.638826509666693 -21.46625414771418 5
      vertex 22.303828542304508 -21.714705573208366 5
    endloop
  endfacet
  facet normal 0 0 -1
    outer loop
      vertex 18.30149279626749 -16.587506184721356 2
      vertex 19.093358198059605 -15.669514118842043 2
      vertex 22.638826509666693 -21.46625414771418 2
    endloop
  endfacet
  facet normal 0 0 -1
    outer loop
      vertex 19.093358198059605 -15.669514118842043 2
      vertex 19.83922602757193 -14.713772820963104 2
      vertex 23.373595412448367 -21.073511986827032 2
    endloop
  endfacet
  facet normal 0 0 -1
    outer loop
      vertex 19.093358198059605 -15.669514118842043 2
      vertex 22.99656386848951 -21.25183462651949 2
      vertex 22.638826509666693 -21.46625414771418 2
    endloop
  endfacet
  facet normal 0 0 -1
    outer loop
      vertex 19.093358198059605 -15.669514118842043 2
      vertex 23.373595412448367 -21.073511986827032 2
      vertex 22.99656386848951 -21.25183462651949 2
    endloop
  endfacet
  facet normal 0 0 -1
    outer loop
      vertex 19.83922602757193 -14.713772820963104 2
      vertex 23.766290121668536 -20.933003573138112 2
      vertex 23.373595412448367 -21.073511986827032 2
    endloop
  endfacet
  facet normal 0 0 1
    outer loop
      vertex 21.46625414771418 -22.638826509666693 5
      vertex 19.27374200410943 -21.265297297687326 5
      vertex 18.207087255496624 -22.185400011510552 5
    endloop
  endfacet
  facet normal 0 0 1
    outer loop
      vertex 21.46625414771418 -22.638826509666693 5
      vertex 21.714705573208366 -22.303828542304508 5
      vertex 19.27374200410943 -21.265297297687326 5
    endloop
  endfacet
  facet normal 0 0 1
    outer loop
      vertex 19.27374200410943 -21.265297297687326 5
      vertex 21.714705573208366 -22.303828542304508 5
      vertex 21.994796179957174 -21.994796179957174 5
    endloop
  endfacet
  facet normal 0 0 1
    outer loop
      vertex 19.27374200410943 -21.265297297687326 5
      vertex 21.994796179957174 -21.994796179957174 5
      vertex 20.293964620053917 -20.293964620053917 5
    endloop
  endfacet
  facet normal 0 0 1
    outer loop
      vertex 20.293964620053917 -20.293964620053917 5
      vertex 21.994796179957174 -21.994796179957174 5
      vertex 22.303828542304508 -21.714705573208366 5
    endloop
  endfacet
  facet normal 0 0 1
    outer loop
      vertex 20.293964620053917 -20.293964620053917 5
      vertex 22.303828542304508 -21.714705573208366 5
      vertex 22.638826509666693 -21.46625414771418 5
    endloop
  endfacet
  facet normal 0 0 1
    outer loop
      vertex 20.293964620053917 -20.293964620053917 5
      vertex 22.99656386848951 -21.25183462651949 5
      vertex 21.265297297687326 -19.27374200410943 5
    endloop
  endfacet
  facet normal 0 0 1
    outer loop
      vertex 20.293964620053917 -20.293964620053917 5
      vertex 22.638826509666693 -21.46625414771418 5
      vertex 22.99656386848951 -21.25183462651949 5
    endloop
  endfacet
  facet normal 0 0 1
    outer loop
      vertex 21.265297297687326 -19.27374200410943 5
      vertex 23.766290121668536 -20.933003573138112 5
      vertex 22.185400011510552 -18.207087255496624 5
    endloop
  endfacet
  facet normal -0.7572088465064842 0.653172842953777 0
    outer loop
      vertex 18.30149279626749 -16.587506184721356 2
      vertex 18.30149279626749 -16.587506184721356 5
      vertex 19.093358198059605 -15.669514118842043 2
    endloop
  endfacet
  facet normal -0.7883464276266067 0.6152315905806263 0
    outer loop
      vertex 19.093358198059605 -15.669514118842043 2
      vertex 19.093358198059605 -15.669514118842043 5
      vertex 19.83922602757193 -14.713772820963104 2
    endloop
  endfacet
  facet normal -0.7572088465064842 0.653172842953777 0
    outer loop
      vertex 19.093358198059605 -15.669514118842043 2
      vertex 18.30149279626749 -16.587506184721356 5
      vertex 19.093358198059605 -15.669514118842043 5
    endloop
  endfacet
  facet normal -0.7883464276266067 0.6152315905806263 0
    outer loop
      vertex 19.83922602757193 -14.713772820963104 2
      vertex 19.093358198059605 -15.669514118842043 5
      vertex 19.83922602757193 -14.713772820963104 5
    endloop
  endfacet
  facet normal -0.8175848131515843 0.5758081914178447 0
    outer loop
      vertex 19.83922602757193 -14.713772820963104 2
      vertex 19.83922602757193 -14.713772820963104 5
      vertex 20.537299423872867 -13.722584755584174 2
    endloop
  endfacet
  facet normal 0 0 -1
    outer loop
      vertex 19.83922602757193 -14.713772820963104 2
      vertex 20.537299423872867 -13.722584755584174 2
      vertex 24.170866131431456 -20.83166255828627 2
    endloop
  endfacet
  facet normal -0.8448535652497065 0.534997619887098 0
    outer loop
      vertex 20.537299423872867 -13.722584755584174 2
      vertex 20.537299423872867 -13.722584755584174 5
      vertex 21.18589666700672 -12.698337781572578 2
    endloop
  endfacet
  facet normal -0.8700869911087121 0.49289819222978287 0
    outer loop
      vertex 21.18589666700672 -12.698337781572578 2
      vertex 21.18589666700672 -12.698337781572578 5
      vertex 21.783455229404368 -11.643499399602142 2
    endloop
  endfacet
  facet normal -0.8932243011955147 0.4496113296546081 0
    outer loop
      vertex 21.783455229404368 -11.643499399602142 2
      vertex 21.783455229404368 -11.643499399602142 5
      vertex 22.32853554014905 -10.560610807727967 2
    endloop
  endfacet
  facet normal -0.8175848131515843 0.5758081914178447 0
    outer loop
      vertex 20.537299423872867 -13.722584755584174 2
      vertex 19.83922602757193 -14.713772820963104 5
      vertex 20.537299423872867 -13.722584755584174 5
    endloop
  endfacet
  facet normal -0.8448535652497065 0.534997619887098 0
    outer loop
      vertex 21.18589666700672 -12.698337781572578 2
      vertex 20.537299423872867 -13.722584755584174 5
      vertex 21.18589666700672 -12.698337781572578 5
    endloop
  endfacet
  facet normal -0.8700869911087121 0.49289819222978287 0
    outer loop
      vertex 21.783455229404368 -11.643499399602142 2
      vertex 21.18589666700672 -12.698337781572578 5
      vertex 21.783455229404368 -11.643499399602142 5
    endloop
  endfacet
  facet normal -0.9142097557035307 0.40524131400498975 0
    outer loop
      vertex 22.32853554014905 -10.560610807727967 2
      vertex 22.32853554014905 -10.560610807727967 5
      vertex 22.819824453028783 -9.452280779417718 2
    endloop
  endfacet
  facet normal -0.8932243011955147 0.4496113296546081 0
    outer loop
      vertex 21.783455229404368 -11.643499399602142 5
      vertex 22.32853554014905 -10.560610807727967 5
      vertex 22.32853554014905 -10.560610807727967 2
    endloop
  endfacet
  facet normal -0.4496113296546081 0.8932243011955145 0
    outer loop
      vertex 10.560610807727967 -22.32853554014905 5
      vertex 10.560610807727967 -22.32853554014905 38.5
      vertex 11.643499399602142 -21.783455229404368 5
    endloop
  endfacet
  facet normal -0.49289819222978276 0.8700869911087121 0
    outer loop
      vertex 11.643499399602142 -21.783455229404368 5
      vertex 11.643499399602142 -21.783455229404368 38.5
      vertex 12.698337781572578 -21.18589666700672 5
    endloop
  endfacet
  facet normal -0.5349976198870982 0.8448535652497066 0
    outer loop
      vertex 12.698337781572578 -21.18589666700672 5
      vertex 12.698337781572578 -21.18589666700672 38.5
      vertex 13.722584755584174 -20.537299423872867 5
    endloop
  endfacet
  facet normal -0.5758081914178446 0.8175848131515842 0
    outer loop
      vertex 13.722584755584174 -20.537299423872867 5
      vertex 13.722584755584174 -20.537299423872867 38.5
      vertex 14.713772820963104 -19.83922602757193 5
    endloop
  endfacet
  facet normal -0.6152315905806263 0.7883464276266067 0
    outer loop
      vertex 14.713772820963104 -19.83922602757193 5
      vertex 14.713772820963104 -19.83922602757193 38.5
      vertex 15.669514118842043 -19.093358198059605 5
    endloop
  endfacet
  facet normal -0.653172842953777 0.7572088465064843 0
    outer loop
      vertex 15.669514118842043 -19.093358198059605 5
      vertex 15.669514118842043 -19.093358198059605 38.5
      vertex 16.587506184721356 -18.30149279626749 5
    endloop
  endfacet
  facet normal -0.6895405447370663 0.7242470829514676 0
    outer loop
      vertex 16.587506184721356 -18.30149279626749 5
      vertex 16.587506184721356 -18.30149279626749 38.5
      vertex 17.465537495307725 -17.465537495307725 5
    endloop
  endfacet
  facet normal -0.7242470829514676 0.6895405447370663 0
    outer loop
      vertex 17.465537495307725 -17.465537495307725 5
      vertex 17.465537495307725 -17.465537495307725 38.5
      vertex 18.30149279626749 -16.587506184721356 5
    endloop
  endfacet
  facet normal -0.7572088465064843 0.653172842953777 0
    outer loop
      vertex 18.30149279626749 -16.587506184721356 5
      vertex 18.30149279626749 -16.587506184721356 38.5
      vertex 19.093358198059605 -15.669514118842043 5
    endloop
  endfacet
  facet normal -0.7883464276266067 0.6152315905806263 0
    outer loop
      vertex 19.093358198059605 -15.669514118842043 5
      vertex 19.093358198059605 -15.669514118842043 38.5
      vertex 19.83922602757193 -14.713772820963104 5
    endloop
  endfacet
  facet normal -0.8175848131515842 0.5758081914178446 0
    outer loop
      vertex 19.83922602757193 -14.713772820963104 5
      vertex 19.83922602757193 -14.713772820963104 38.5
      vertex 20.537299423872867 -13.722584755584174 5
    endloop
  endfacet
  facet normal -0.8448535652497066 0.5349976198870982 0
    outer loop
      vertex 20.537299423872867 -13.722584755584174 5
      vertex 20.537299423872867 -13.722584755584174 38.5
      vertex 21.18589666700672 -12.698337781572578 5
    endloop
  endfacet
  facet normal -0.8700869911087121 0.49289819222978276 0
    outer loop
      vertex 21.18589666700672 -12.698337781572578 5
      vertex 21.18589666700672 -12.698337781572578 38.5
      vertex 21.783455229404368 -11.643499399602142 5
    endloop
  endfacet
  facet normal -0.8932243011955145 0.4496113296546081 0
    outer loop
      vertex 21.783455229404368 -11.643499399602142 5
      vertex 21.783455229404368 -11.643499399602142 38.5
      vertex 22.32853554014905 -10.560610807727967 5
    endloop
  endfacet
  facet normal 0.6152315905806259 -0.7883464276266069 0
    outer loop
      vertex 17.096570038932835 -23.052056153494508 5
      vertex 18.207087255496624 -22.185400011510552 5
      vertex 18.207087255496624 -22.185400011510552 40
    endloop
  endfacet
  facet normal 0.6531728429537763 -0.757208846506485 0
    outer loop
      vertex 18.207087255496624 -22.185400011510552 5
      vertex 19.27374200410943 -21.265297297687326 5
      vertex 19.27374200410943 -21.265297297687326 40
    endloop
  endfacet
  facet normal 0.6895405447370655 -0.7242470829514682 0
    outer loop
      vertex 19.27374200410943 -21.265297297687326 5
      vertex 20.293964620053917 -20.293964620053917 5
      vertex 20.293964620053917 -20.293964620053917 40
    endloop
  endfacet
  facet normal 0.7242470829514682 -0.6895405447370655 0
    outer loop
      vertex 20.293964620053917 -20.293964620053917 5
      vertex 21.265297297687326 -19.27374200410943 5
      vertex 20.293964620053917 -20.293964620053917 40
    endloop
  endfacet
  facet normal 0.757208846506485 -0.6531728429537763 0
    outer loop
      vertex 21.265297297687326 -19.27374200410943 5
      vertex 22.185400011510552 -18.207087255496624 5
      vertex 21.265297297687326 -19.27374200410943 40
    endloop
  endfacet
  facet normal 0.7883464276266069 -0.6152315905806259 0
    outer loop
      vertex 22.185400011510552 -18.207087255496624 5
      vertex 23.052056153494508 -17.096570038932835 5
      vertex 22.185400011510552 -18.207087255496624 40
    endloop
  endfacet
  facet normal -0.9142097557035307 0.40524131400498975 0
    outer loop
      vertex 22.32853554014905 -10.560610807727967 5
      vertex 22.32853554014905 -10.560610807727967 38.5
      vertex 22.819824453028783 -9.452280779417718 5
    endloop
  endfacet
  facet normal 0 0 -1
    outer loop
      vertex 10.60262444615364 -29.130471244454384 2
      vertex 23.766290121668536 -29.066996426861888 2
      vertex 45 -45 2
    endloop
  endfacet
  facet normal 0 0 1
    outer loop
      vertex 45 -45 5
      vertex 19.8139231270351 -35.58297978751266 5
      vertex 17.140903554469997 -36.9449512867313 5
    endloop
  endfacet
  facet normal 0 0 -1
    outer loop
      vertex 24.170866131431456 -29.16833744171373 2
      vertex 24.583427153599366 -29.229535088356837 2
      vertex 45 -45 2
    endloop
  endfacet
  facet normal 0 0 -1
    outer loop
      vertex 24.583427153599366 -29.229535088356837 2
      vertex 25 -29.25 2
      vertex 45 -45 2
    endloop
  endfacet
  facet normal 0 0 -1
    outer loop
      vertex 23.766290121668536 -29.066996426861888 2
      vertex 24.170866131431456 -29.16833744171373 2
      vertex 45 -45 2
    endloop
  endfacet
  facet normal 0 0 -1
    outer loop
      vertex 25 -29.25 2
      vertex 25.416572846400634 -29.229535088356837 2
      vertex 45 -45 2
    endloop
  endfacet
  facet normal 0 0 -1
    outer loop
      vertex 25.416572846400634 -29.229535088356837 2
      vertex 25.829133868568544 -29.16833744171373 2
      vertex 45 -45 2
    endloop
  endfacet
  facet normal 0 0 -1
    outer loop
      vertex 25.829133868568544 -29.16833744171373 2
      vertex 26.233709878331464 -29.066996426861888 2
      vertex 45 -45 2
    endloop
  endfacet
  facet normal 0 0 -1
    outer loop
      vertex 26.233709878331464 -29.066996426861888 2
      vertex 26.626404587551633 -28.926488013172968 2
      vertex 45 -45 2
    endloop
  endfacet
  facet normal 0 0 -1
    outer loop
      vertex 26.626404587551633 -28.926488013172968 2
      vertex 27.00343613151049 -28.74816537348051 2
      vertex 45 -45 2
    endloop
  endfacet
  facet normal 0 0 -1
    outer loop
      vertex 27.00343613151049 -28.74816537348051 2
      vertex 27.361173490333307 -28.53374585228582 2
      vertex 45 -45 2
    endloop
  endfacet
  facet normal 0 0 -1
    outer loop
      vertex 27.361173490333307 -28.53374585228582 2
      vertex 27.696171457695492 -28.285294426791634 2
      vertex 45 -45 2
    endloop
  endfacet
  facet normal 0 0 -1
    outer loop
      vertex 27.696171457695492 -28.285294426791634 2
      vertex 28.005203820042826 -28.005203820042826 2
      vertex 45 -45 2
    endloop
  endfacet
  facet normal 0 0 1
    outer loop
      vertex 23.766290121668536 -29.066996426861888 5
      vertex 19.8139231270351 -35.58297978751266 5
      vertex 45 -45 5
    endloop
  endfacet
  facet normal 0 0 1
    outer loop
      vertex 24.170866131431456 -29.16833744171373 5
      vertex 45 -45 5
      vertex 24.583427153599366 -29.229535088356837 5
    endloop
  endfacet
  facet normal 0 0 1
    outer loop
      vertex 24.583427153599366 -29.229535088356837 5
      vertex 45 -45 5
      vertex 25 -29.25 5
    endloop
  endfacet
  facet normal 0 0 1
    outer loop
      vertex 23.766290121668536 -29.066996426861888 5
      vertex 45 -45 5
      vertex 24.170866131431456 -29.16833744171373 5
    endloop
  endfacet
  facet normal 0 0 1
    outer loop
      vertex 25 -29.25 5
      vertex 45 -45 5
      vertex 25.416572846400634 -29.229535088356837 5
    endloop
  endfacet
  facet normal 0 0 1
    outer loop
      vertex 25.416572846400634 -29.229535088356837 5
      vertex 45 -45 5
      vertex 25.829133868568544 -29.16833744171373 5
    endloop
  endfacet
  facet normal 0 0 1
    outer loop
      vertex 25.829133868568544 -29.16833744171373 5
      vertex 45 -45 5
      vertex 26.233709878331464 -29.066996426861888 5
    endloop
  endfacet
  facet normal 0 0 1
    outer loop
      vertex 26.233709878331464 -29.066996426861888 5
      vertex 45 -45 5
      vertex 26.626404587551633 -28.926488013172968 5
    endloop
  endfacet
  facet normal 0 0 1
    outer loop
      vertex 26.626404587551633 -28.926488013172968 5
      vertex 45 -45 5
      vertex 27.00343613151049 -28.74816537348051 5
    endloop
  endfacet
  facet normal 0 0 1
    outer loop
      vertex 27.00343613151049 -28.74816537348051 5
      vertex 45 -45 5
      vertex 27.361173490333307 -28.53374585228582 5
    endloop
  endfacet
  facet normal 0 0 1
    outer loop
      vertex 27.361173490333307 -28.53374585228582 5
      vertex 45 -45 5
      vertex 27.696171457695492 -28.285294426791634 5
    endloop
  endfacet
  facet normal 0 0 1
    outer loop
      vertex 27.696171457695492 -28.285294426791634 5
      vertex 45 -45 5
      vertex 28.005203820042826 -28.005203820042826 5
    endloop
  endfacet
  facet normal 0.5141027441932253 0.8577286100002698 0
    outer loop
      vertex 22.638826509666693 -28.53374585228582 2
      vertex 22.638826509666693 -28.53374585228582 5
      vertex 22.99656386848951 -28.74816537348051 2
    endloop
  endfacet
  facet normal 0.4275550934302775 0.9039892931234456 0
    outer loop
      vertex 22.99656386848951 -28.74816537348051 2
      vertex 22.99656386848951 -28.74816537348051 5
      vertex 23.373595412448367 -28.926488013172968 2
    endloop
  endfacet
  facet normal 0.3368898533922203 0.9415440651830208 0
    outer loop
      vertex 23.373595412448367 -28.926488013172968 2
      vertex 23.373595412448367 -28.926488013172968 5
      vertex 23.766290121668536 -29.066996426861888 2
    endloop
  endfacet
  facet normal 0.24298017990326878 0.9700312531945428 0
    outer loop
      vertex 23.766290121668536 -29.066996426861888 2
      vertex 23.766290121668536 -29.066996426861888 5
      vertex 24.170866131431456 -29.16833744171373 2
    endloop
  endfacet
  facet normal 0.14673047445535753 0.9891765099647816 0
    outer loop
      vertex 24.170866131431456 -29.16833744171373 2
      vertex 24.170866131431456 -29.16833744171373 5
      vertex 24.583427153599366 -29.229535088356837 2
    endloop
  endfacet
  facet normal 0.04906767432741787 0.9987954562051724 0
    outer loop
      vertex 24.583427153599366 -29.229535088356837 2
      vertex 24.583427153599366 -29.229535088356837 5
      vertex 25 -29.25 2
    endloop
  endfacet
  facet normal -0.04906767432741787 0.9987954562051724 0
    outer loop
      vertex 25 -29.25 2
      vertex 25 -29.25 5
      vertex 25.416572846400634 -29.229535088356837 2
    endloop
  endfacet
  facet normal 0.5956993044924324 0.8032075314806457 0
    outer loop
      vertex 22.303828542304508 -28.285294426791634 5
      vertex 22.638826509666693 -28.53374585228582 5
      vertex 22.638826509666693 -28.53374585228582 2
    endloop
  endfacet
  facet normal 0.5141027441932253 0.8577286100002698 0
    outer loop
      vertex 22.99656386848951 -28.74816537348051 2
      vertex 22.638826509666693 -28.53374585228582 5
      vertex 22.99656386848951 -28.74816537348051 5
    endloop
  endfacet
  facet normal 0.4275550934302775 0.9039892931234456 0
    outer loop
      vertex 23.373595412448367 -28.926488013172968 2
      vertex 22.99656386848951 -28.74816537348051 5
      vertex 23.373595412448367 -28.926488013172968 5
    endloop
  endfacet
  facet normal 0.3368898533922203 0.9415440651830208 0
    outer loop
      vertex 23.766290121668536 -29.066996426861888 2
      vertex 23.373595412448367 -28.926488013172968 5
      vertex 23.766290121668536 -29.066996426861888 5
    endloop
  endfacet
  facet normal 0.24298017990326878 0.9700312531945428 0
    outer loop
      vertex 24.170866131431456 -29.16833744171373 2
      vertex 23.766290121668536 -29.066996426861888 5
      vertex 24.170866131431456 -29.16833744171373 5
    endloop
  endfacet
  facet normal 0.14673047445535753 0.9891765099647816 0
    outer loop
      vertex 24.583427153599366 -29.229535088356837 2
      vertex 24.170866131431456 -29.16833744171373 5
      vertex 24.583427153599366 -29.229535088356837 5
    endloop
  endfacet
  facet normal 0.04906767432741787 0.9987954562051724 0
    outer loop
      vertex 25 -29.25 2
      vertex 24.583427153599366 -29.229535088356837 5
      vertex 25 -29.25 5
    endloop
  endfacet
  facet normal -0.04906767432741787 0.9987954562051724 0
    outer loop
      vertex 25.416572846400634 -29.229535088356837 2
      vertex 25 -29.25 5
      vertex 25.416572846400634 -29.229535088356837 5
    endloop
  endfacet
  facet normal -0.14673047445535753 0.9891765099647816 0
    outer loop
      vertex 25.416572846400634 -29.229535088356837 2
      vertex 25.416572846400634 -29.229535088356837 5
      vertex 25.829133868568544 -29.16833744171373 2
    endloop
  endfacet
  facet normal -0.24298017990326878 0.9700312531945428 0
    outer loop
      vertex 25.829133868568544 -29.16833744171373 2
      vertex 25.829133868568544 -29.16833744171373 5
      vertex 26.233709878331464 -29.066996426861888 2
    endloop
  endfacet
  facet normal -0.3368898533922203 0.9415440651830208 0
    outer loop
      vertex 26.233709878331464 -29.066996426861888 2
      vertex 26.233709878331464 -29.066996426861888 5
      vertex 26.626404587551633 -28.926488013172968 2
    endloop
  endfacet
  facet normal -0.4275550934302775 0.9039892931234456 0
    outer loop
      vertex 26.626404587551633 -28.926488013172968 2
      vertex 26.626404587551633 -28.926488013172968 5
      vertex 27.00343613151049 -28.74816537348051 2
    endloop
  endfacet
  facet normal -0.5141027441932253 0.8577286100002698 0
    outer loop
      vertex 27.00343613151049 -28.74816537348051 2
      vertex 27.00343613151049 -28.74816537348051 5
      vertex 27.361173490333307 -28.53374585228582 2
    endloop
  endfacet
  facet normal -0.5956993044924324 0.8032075314806457 0
    outer loop
      vertex 27.361173490333307 -28.53374585228582 2
      vertex 27.361173490333307 -28.53374585228582 5
      vertex 27.696171457695492 -28.285294426791634 2
    endloop
  endfacet
  facet normal -0.67155895484702 0.7409511253549577 0
    outer loop
      vertex 27.696171457695492 -28.285294426791634 2
      vertex 27.696171457695492 -28.285294426791634 5
      vertex 28.005203820042826 -28.005203820042826 2
    endloop
  endfacet
  facet normal -0.14673047445535753 0.9891765099647816 0
    outer loop
      vertex 25.829133868568544 -29.16833744171373 2
      vertex 25.416572846400634 -29.229535088356837 5
      vertex 25.829133868568544 -29.16833744171373 5
    endloop
  endfacet
  facet normal -0.24298017990326878 0.9700312531945428 0
    outer loop
      vertex 26.233709878331464 -29.066996426861888 2
      vertex 25.829133868568544 -29.16833744171373 5
      vertex 26.233709878331464 -29.066996426861888 5
    endloop
  endfacet
  facet normal -0.3368898533922203 0.9415440651830208 0
    outer loop
      vertex 26.626404587551633 -28.926488013172968 2
      vertex 26.233709878331464 -29.066996426861888 5
      vertex 26.626404587551633 -28.926488013172968 5
    endloop
  endfacet
  facet normal -0.4275550934302775 0.9039892931234456 0
    outer loop
      vertex 27.00343613151049 -28.74816537348051 2
      vertex 26.626404587551633 -28.926488013172968 5
      vertex 27.00343613151049 -28.74816537348051 5
    endloop
  endfacet
  facet normal -0.5141027441932253 0.8577286100002698 0
    outer loop
      vertex 27.361173490333307 -28.53374585228582 2
      vertex 27.00343613151049 -28.74816537348051 5
      vertex 27.361173490333307 -28.53374585228582 5
    endloop
  endfacet
  facet normal -0.5956993044924324 0.8032075314806457 0
    outer loop
      vertex 27.696171457695492 -28.285294426791634 2
      vertex 27.361173490333307 -28.53374585228582 5
      vertex 27.696171457695492 -28.285294426791634 5
    endloop
  endfacet
  facet normal -0.7409511253549577 0.67155895484702 0
    outer loop
      vertex 28.005203820042826 -28.005203820042826 2
      vertex 28.005203820042826 -28.005203820042826 5
      vertex 28.285294426791634 -27.696171457695492 2
    endloop
  endfacet
  facet normal -0.67155895484702 0.7409511253549577 0
    outer loop
      vertex 27.696171457695492 -28.285294426791634 5
      vertex 28.005203820042826 -28.005203820042826 5
      vertex 28.005203820042826 -28.005203820042826 2
    endloop
  endfacet
  facet normal -0.8032075314806457 0.5956993044924324 0
    outer loop
      vertex 28.285294426791634 -27.696171457695492 2
      vertex 28.285294426791634 -27.696171457695492 5
      vertex 28.53374585228582 -27.361173490333307 2
    endloop
  endfacet
  facet normal -0.8577286100002698 0.5141027441932253 0
    outer loop
      vertex 28.53374585228582 -27.361173490333307 2
      vertex 28.53374585228582 -27.361173490333307 5
      vertex 28.74816537348051 -27.00343613151049 2
    endloop
  endfacet
  facet normal -0.9039892931234456 0.4275550934302775 0
    outer loop
      vertex 28.74816537348051 -27.00343613151049 2
      vertex 28.74816537348051 -27.00343613151049 5
      vertex 28.926488013172968 -26.626404587551633 2
    endloop
  endfacet
  facet normal -0.9415440651830208 0.3368898533922203 0
    outer loop
      vertex 28.926488013172968 -26.626404587551633 2
      vertex 28.926488013172968 -26.626404587551633 5
      vertex 29.066996426861888 -26.233709878331464 2
    endloop
  endfacet
  facet normal -0.9700312531945428 0.24298017990326878 0
    outer loop
      vertex 29.066996426861888 -26.233709878331464 2
      vertex 29.066996426861888 -26.233709878331464 5
      vertex 29.16833744171373 -25.829133868568544 2
    endloop
  endfacet
  facet normal -0.9891765099647816 0.14673047445535753 0
    outer loop
      vertex 29.16833744171373 -25.829133868568544 2
      vertex 29.16833744171373 -25.829133868568544 5
      vertex 29.229535088356837 -25.416572846400634 2
    endloop
  endfacet
  facet normal -0.7409511253549577 0.67155895484702 0
    outer loop
      vertex 28.005203820042826 -28.005203820042826 5
      vertex 28.285294426791634 -27.696171457695492 5
      vertex 28.285294426791634 -27.696171457695492 2
    endloop
  endfacet
  facet normal -0.8032075314806457 0.5956993044924324 0
    outer loop
      vertex 28.53374585228582 -27.361173490333307 2
      vertex 28.285294426791634 -27.696171457695492 5
      vertex 28.53374585228582 -27.361173490333307 5
    endloop
  endfacet
  facet normal -0.8577286100002698 0.5141027441932253 0
    outer loop
      vertex 28.74816537348051 -27.00343613151049 2
      vertex 28.53374585228582 -27.361173490333307 5
      vertex 28.74816537348051 -27.00343613151049 5
    endloop
  endfacet
  facet normal -0.9039892931234456 0.4275550934302775 0
    outer loop
      vertex 28.926488013172968 -26.626404587551633 2
      vertex 28.74816537348051 -27.00343613151049 5
      vertex 28.926488013172968 -26.626404587551633 5
    endloop
  endfacet
  facet normal -0.9415440651830208 0.3368898533922203 0
    outer loop
      vertex 29.066996426861888 -26.233709878331464 2
      vertex 28.926488013172968 -26.626404587551633 5
      vertex 29.066996426861888 -26.233709878331464 5
    endloop
  endfacet
  facet normal -0.9700312531945428 0.24298017990326878 0
    outer loop
      vertex 29.16833744171373 -25.829133868568544 2
      vertex 29.066996426861888 -26.233709878331464 5
      vertex 29.16833744171373 -25.829133868568544 5
    endloop
  endfacet
  facet normal -0.9891765099647816 0.14673047445535753 0
    outer loop
      vertex 29.229535088356837 -25.416572846400634 2
      vertex 29.16833744171373 -25.829133868568544 5
      vertex 29.229535088356837 -25.416572846400634 5
    endloop
  endfacet
  facet normal -0.9987954562051724 0.04906767432741787 0
    outer loop
      vertex 29.229535088356837 -25.416572846400634 2
      vertex 29.229535088356837 -25.416572846400634 5
      vertex 29.25 -25 2
    endloop
  endfacet
  facet normal -0.9987954562051724 -0.04906767432741787 0
    outer loop
      vertex 29.25 -25 2
      vertex 29.25 -25 5
      vertex 29.229535088356837 -24.583427153599366 2
    endloop
  endfacet
  facet normal -0.9700312531945428 -0.24298017990326878 0
    outer loop
      vertex 29.16833744171373 -24.170866131431456 2
      vertex 29.16833744171373 -24.170866131431456 5
      vertex 29.066996426861888 -23.766290121668536 2
    endloop
  endfacet
  facet normal -0.9891765099647816 -0.14673047445535753 0
    outer loop
      vertex 29.16833744171373 -24.170866131431456 2
      vertex 29.229535088356837 -24.583427153599366 2
      vertex 29.229535088356837 -24.583427153599366 5
    endloop
  endfacet
  facet normal -0.8032075314806457 -0.5956993044924324 0
    outer loop
      vertex 28.53374585228582 -22.638826509666693 2
      vertex 28.53374585228582 -22.638826509666693 5
      vertex 28.285294426791634 -22.303828542304508 2
    endloop
  endfacet
  facet normal -0.8577286100002698 -0.5141027441932253 0
    outer loop
      vertex 28.74816537348051 -22.99656386848951 2
      vertex 28.74816537348051 -22.99656386848951 5
      vertex 28.53374585228582 -22.638826509666693 2
    endloop
  endfacet
  facet normal -0.9415440651830208 -0.3368898533922203 0
    outer loop
      vertex 29.066996426861888 -23.766290121668536 2
      vertex 29.066996426861888 -23.766290121668536 5
      vertex 28.926488013172968 -23.373595412448367 2
    endloop
  endfacet
  facet normal -0.9039892931234456 -0.4275550934302775 0
    outer loop
      vertex 28.74816537348051 -22.99656386848951 2
      vertex 28.926488013172968 -23.373595412448367 2
      vertex 28.926488013172968 -23.373595412448367 5
    endloop
  endfacet
  facet normal -0.9987954562051724 0.04906767432741787 0
    outer loop
      vertex 29.25 -25 2
      vertex 29.229535088356837 -25.416572846400634 5
      vertex 29.25 -25 5
    endloop
  endfacet
  facet normal -0.9987954562051724 -0.04906767432741787 0
    outer loop
      vertex 29.229535088356837 -24.583427153599366 2
      vertex 29.25 -25 5
      vertex 29.229535088356837 -24.583427153599366 5
    endloop
  endfacet
  facet normal -0.9891765099647816 -0.14673047445535753 0
    outer loop
      vertex 29.16833744171373 -24.170866131431456 2
      vertex 29.229535088356837 -24.583427153599366 5
      vertex 29.16833744171373 -24.170866131431456 5
    endloop
  endfacet
  facet normal -0.9039892931234456 -0.4275550934302775 0
    outer loop
      vertex 28.74816537348051 -22.99656386848951 2
      vertex 28.926488013172968 -23.373595412448367 5
      vertex 28.74816537348051 -22.99656386848951 5
    endloop
  endfacet
  facet normal -0.8577286100002698 -0.5141027441932253 0
    outer loop
      vertex 28.53374585228582 -22.638826509666693 2
      vertex 28.74816537348051 -22.99656386848951 5
      vertex 28.53374585228582 -22.638826509666693 5
    endloop
  endfacet
  facet normal -0.9700312531945428 -0.24298017990326878 0
    outer loop
      vertex 29.066996426861888 -23.766290121668536 2
      vertex 29.16833744171373 -24.170866131431456 5
      vertex 29.066996426861888 -23.766290121668536 5
    endloop
  endfacet
  facet normal -0.9415440651830208 -0.3368898533922203 0
    outer loop
      vertex 28.926488013172968 -23.373595412448367 2
      vertex 29.066996426861888 -23.766290121668536 5
      vertex 28.926488013172968 -23.373595412448367 5
    endloop
  endfacet
  facet normal 0 0 -1
    outer loop
      vertex 28.005203820042826 -28.005203820042826 2
      vertex 28.285294426791634 -27.696171457695492 2
      vertex 45 -45 2
    endloop
  endfacet
  facet normal 0 0 -1
    outer loop
      vertex 28.285294426791634 -27.696171457695492 2
      vertex 28.53374585228582 -27.361173490333307 2
      vertex 45 -45 2
    endloop
  endfacet
  facet normal 0 0 -1
    outer loop
      vertex 28.53374585228582 -27.361173490333307 2
      vertex 28.74816537348051 -27.00343613151049 2
      vertex 45 -45 2
    endloop
  endfacet
  facet normal 0 0 -1
    outer loop
      vertex 28.74816537348051 -27.00343613151049 2
      vertex 28.926488013172968 -26.626404587551633 2
      vertex 45 -45 2
    endloop
  endfacet
  facet normal 0 0 -1
    outer loop
      vertex 28.926488013172968 -26.626404587551633 2
      vertex 29.066996426861888 -26.233709878331464 2
      vertex 45 -45 2
    endloop
  endfacet
  facet normal 0 0 -1
    outer loop
      vertex 29.066996426861888 -26.233709878331464 2
      vertex 29.16833744171373 -25.829133868568544 2
      vertex 45 -45 2
    endloop
  endfacet
  facet normal 0 0 -1
    outer loop
      vertex 29.16833744171373 -24.170866131431456 2
      vertex 29.066996426861888 -23.766290121668536 2
      vertex 45 -45 2
    endloop
  endfacet
  facet normal 0 0 -1
    outer loop
      vertex 29.16833744171373 -25.829133868568544 2
      vertex 29.229535088356837 -25.416572846400634 2
      vertex 45 -45 2
    endloop
  endfacet
  facet normal 0 0 -1
    outer loop
      vertex 29.229535088356837 -25.416572846400634 2
      vertex 29.25 -25 2
      vertex 45 -45 2
    endloop
  endfacet
  facet normal 0 0 -1
    outer loop
      vertex 29.25 -25 2
      vertex 29.229535088356837 -24.583427153599366 2
      vertex 45 -45 2
    endloop
  endfacet
  facet normal 0 0 -1
    outer loop
      vertex 29.16833744171373 -24.170866131431456 2
      vertex 45 -45 2
      vertex 29.229535088356837 -24.583427153599366 2
    endloop
  endfacet
  facet normal 0 0 1
    outer loop
      vertex 28.005203820042826 -28.005203820042826 5
      vertex 45 -45 5
      vertex 28.285294426791634 -27.696171457695492 5
    endloop
  endfacet
  facet normal 0 0 1
    outer loop
      vertex 28.285294426791634 -27.696171457695492 5
      vertex 45 -45 5
      vertex 28.53374585228582 -27.361173490333307 5
    endloop
  endfacet
  facet normal 0 0 1
    outer loop
      vertex 28.53374585228582 -27.361173490333307 5
      vertex 45 -45 5
      vertex 28.74816537348051 -27.00343613151049 5
    endloop
  endfacet
  facet normal 0 0 1
    outer loop
      vertex 28.74816537348051 -27.00343613151049 5
      vertex 45 -45 5
      vertex 28.926488013172968 -26.626404587551633 5
    endloop
  endfacet
  facet normal 0 0 1
    outer loop
      vertex 28.926488013172968 -26.626404587551633 5
      vertex 45 -45 5
      vertex 29.066996426861888 -26.233709878331464 5
    endloop
  endfacet
  facet normal 0 0 1
    outer loop
      vertex 29.066996426861888 -26.233709878331464 5
      vertex 45 -45 5
      vertex 29.16833744171373 -25.829133868568544 5
    endloop
  endfacet
  facet normal 0 0 1
    outer loop
      vertex 29.16833744171373 -24.170866131431456 5
      vertex 45 -45 5
      vertex 29.066996426861888 -23.766290121668536 5
    endloop
  endfacet
  facet normal 0 0 1
    outer loop
      vertex 29.16833744171373 -25.829133868568544 5
      vertex 45 -45 5
      vertex 29.229535088356837 -25.416572846400634 5
    endloop
  endfacet
  facet normal 0 0 1
    outer loop
      vertex 29.229535088356837 -25.416572846400634 5
      vertex 45 -45 5
      vertex 29.25 -25 5
    endloop
  endfacet
  facet normal 0 0 1
    outer loop
      vertex 29.25 -25 5
      vertex 45 -45 5
      vertex 29.229535088356837 -24.583427153599366 5
    endloop
  endfacet
  facet normal 0 0 1
    outer loop
      vertex 29.16833744171373 -24.170866131431456 5
      vertex 29.229535088356837 -24.583427153599366 5
      vertex 45 -45 5
    endloop
  endfacet
  facet normal 0 0 1
    outer loop
      vertex 29.066996426861888 -23.766290121668536 5
      vertex 45 -45 5
      vertex 35.58297978751266 -19.8139231270351 5
    endloop
  endfacet
  facet normal 0 0 -1
    outer loop
      vertex 29.066996426861888 -23.766290121668536 2
      vertex 29.130471244454384 -10.60262444615364 2
      vertex 45 -45 2
    endloop
  endfacet
  facet normal 0 0 1
    outer loop
      vertex 45 -45 5
      vertex 36.9449512867313 -17.140903554469997 5
      vertex 35.58297978751266 -19.8139231270351 5
    endloop
  endfacet
  facet normal 0.5956993044924324 -0.8032075314806457 0
    outer loop
      vertex 22.303828542304508 -21.714705573208366 2
      vertex 22.638826509666693 -21.46625414771418 2
      vertex 22.638826509666693 -21.46625414771418 5
    endloop
  endfacet
  facet normal 0.5141027441932253 -0.8577286100002698 0
    outer loop
      vertex 22.638826509666693 -21.46625414771418 2
      vertex 22.99656386848951 -21.25183462651949 2
      vertex 22.99656386848951 -21.25183462651949 5
    endloop
  endfacet
  facet normal 0.4275550934302775 -0.9039892931234456 0
    outer loop
      vertex 22.99656386848951 -21.25183462651949 2
      vertex 23.373595412448367 -21.073511986827032 2
      vertex 23.373595412448367 -21.073511986827032 5
    endloop
  endfacet
  facet normal 0.3368898533922203 -0.9415440651830208 0
    outer loop
      vertex 23.373595412448367 -21.073511986827032 2
      vertex 23.766290121668536 -20.933003573138112 2
      vertex 23.766290121668536 -20.933003573138112 5
    endloop
  endfacet
  facet normal 0.24298017990326878 -0.9700312531945428 0
    outer loop
      vertex 23.766290121668536 -20.933003573138112 2
      vertex 24.170866131431456 -20.83166255828627 2
      vertex 24.170866131431456 -20.83166255828627 5
    endloop
  endfacet
  facet normal 0.14673047445535753 -0.9891765099647816 0
    outer loop
      vertex 24.170866131431456 -20.83166255828627 2
      vertex 24.583427153599366 -20.770464911643163 2
      vertex 24.583427153599366 -20.770464911643163 5
    endloop
  endfacet
  facet normal 0.04906767432741787 -0.9987954562051724 0
    outer loop
      vertex 24.583427153599366 -20.770464911643163 2
      vertex 25 -20.75 2
      vertex 25 -20.75 5
    endloop
  endfacet
  facet normal -0.04906767432741787 -0.9987954562051724 0
    outer loop
      vertex 25 -20.75 2
      vertex 25.416572846400634 -20.770464911643163 2
      vertex 25.416572846400634 -20.770464911643163 5
    endloop
  endfacet
  facet normal 0.5141027441932253 -0.8577286100002698 0
    outer loop
      vertex 22.638826509666693 -21.46625414771418 2
      vertex 22.99656386848951 -21.25183462651949 5
      vertex 22.638826509666693 -21.46625414771418 5
    endloop
  endfacet
  facet normal 0.4275550934302775 -0.9039892931234456 0
    outer loop
      vertex 22.99656386848951 -21.25183462651949 2
      vertex 23.373595412448367 -21.073511986827032 5
      vertex 22.99656386848951 -21.25183462651949 5
    endloop
  endfacet
  facet normal 0.3368898533922203 -0.9415440651830208 0
    outer loop
      vertex 23.373595412448367 -21.073511986827032 2
      vertex 23.766290121668536 -20.933003573138112 5
      vertex 23.373595412448367 -21.073511986827032 5
    endloop
  endfacet
  facet normal 0.24298017990326878 -0.9700312531945428 0
    outer loop
      vertex 23.766290121668536 -20.933003573138112 2
      vertex 24.170866131431456 -20.83166255828627 5
      vertex 23.766290121668536 -20.933003573138112 5
    endloop
  endfacet
  facet normal 0.14673047445535753 -0.9891765099647816 0
    outer loop
      vertex 24.170866131431456 -20.83166255828627 2
      vertex 24.583427153599366 -20.770464911643163 5
      vertex 24.170866131431456 -20.83166255828627 5
    endloop
  endfacet
  facet normal 0.04906767432741787 -0.9987954562051724 0
    outer loop
      vertex 24.583427153599366 -20.770464911643163 2
      vertex 25 -20.75 5
      vertex 24.583427153599366 -20.770464911643163 5
    endloop
  endfacet
  facet normal -0.04906767432741787 -0.9987954562051724 0
    outer loop
      vertex 25 -20.75 2
      vertex 25.416572846400634 -20.770464911643163 5
      vertex 25 -20.75 5
    endloop
  endfacet
  facet normal 0 0 -1
    outer loop
      vertex 19.83922602757193 -14.713772820963104 2
      vertex 24.170866131431456 -20.83166255828627 2
      vertex 23.766290121668536 -20.933003573138112 2
    endloop
  endfacet
  facet normal 0 0 -1
    outer loop
      vertex 20.537299423872867 -13.722584755584174 2
      vertex 24.583427153599366 -20.770464911643163 2
      vertex 24.170866131431456 -20.83166255828627 2
    endloop
  endfacet
  facet normal -0.14673047445535753 -0.9891765099647816 0
    outer loop
      vertex 25.416572846400634 -20.770464911643163 2
      vertex 25.829133868568544 -20.83166255828627 2
      vertex 25.829133868568544 -20.83166255828627 5
    endloop
  endfacet
  facet normal -0.24298017990326878 -0.9700312531945428 0
    outer loop
      vertex 25.829133868568544 -20.83166255828627 2
      vertex 26.233709878331464 -20.933003573138112 2
      vertex 26.233709878331464 -20.933003573138112 5
    endloop
  endfacet
  facet normal -0.3368898533922203 -0.9415440651830208 0
    outer loop
      vertex 26.233709878331464 -20.933003573138112 2
      vertex 26.626404587551633 -21.073511986827032 2
      vertex 26.626404587551633 -21.073511986827032 5
    endloop
  endfacet
  facet normal -0.4275550934302775 -0.9039892931234456 0
    outer loop
      vertex 26.626404587551633 -21.073511986827032 2
      vertex 27.00343613151049 -21.25183462651949 2
      vertex 27.00343613151049 -21.25183462651949 5
    endloop
  endfacet
  facet normal -0.5141027441932253 -0.8577286100002698 0
    outer loop
      vertex 27.00343613151049 -21.25183462651949 2
      vertex 27.361173490333307 -21.46625414771418 2
      vertex 27.361173490333307 -21.46625414771418 5
    endloop
  endfacet
  facet normal -0.67155895484702 -0.7409511253549577 0
    outer loop
      vertex 28.005203820042826 -21.994796179957174 2
      vertex 28.005203820042826 -21.994796179957174 5
      vertex 27.696171457695492 -21.714705573208366 2
    endloop
  endfacet
  facet normal -0.5956993044924324 -0.8032075314806457 0
    outer loop
      vertex 27.361173490333307 -21.46625414771418 2
      vertex 27.696171457695492 -21.714705573208366 2
      vertex 27.696171457695492 -21.714705573208366 5
    endloop
  endfacet
  facet normal -0.14673047445535753 -0.9891765099647816 0
    outer loop
      vertex 25.416572846400634 -20.770464911643163 2
      vertex 25.829133868568544 -20.83166255828627 5
      vertex 25.416572846400634 -20.770464911643163 5
    endloop
  endfacet
  facet normal -0.24298017990326878 -0.9700312531945428 0
    outer loop
      vertex 25.829133868568544 -20.83166255828627 2
      vertex 26.233709878331464 -20.933003573138112 5
      vertex 25.829133868568544 -20.83166255828627 5
    endloop
  endfacet
  facet normal -0.3368898533922203 -0.9415440651830208 0
    outer loop
      vertex 26.233709878331464 -20.933003573138112 2
      vertex 26.626404587551633 -21.073511986827032 5
      vertex 26.233709878331464 -20.933003573138112 5
    endloop
  endfacet
  facet normal -0.4275550934302775 -0.9039892931234456 0
    outer loop
      vertex 26.626404587551633 -21.073511986827032 2
      vertex 27.00343613151049 -21.25183462651949 5
      vertex 26.626404587551633 -21.073511986827032 5
    endloop
  endfacet
  facet normal -0.5141027441932253 -0.8577286100002698 0
    outer loop
      vertex 27.00343613151049 -21.25183462651949 2
      vertex 27.361173490333307 -21.46625414771418 5
      vertex 27.00343613151049 -21.25183462651949 5
    endloop
  endfacet
  facet normal -0.67155895484702 -0.7409511253549577 0
    outer loop
      vertex 27.696171457695492 -21.714705573208366 2
      vertex 28.005203820042826 -21.994796179957174 5
      vertex 27.696171457695492 -21.714705573208366 5
    endloop
  endfacet
  facet normal -0.7409511253549577 -0.67155895484702 0
    outer loop
      vertex 28.005203820042826 -21.994796179957174 2
      vertex 28.285294426791634 -22.303828542304508 5
      vertex 28.005203820042826 -21.994796179957174 5
    endloop
  endfacet
  facet normal -0.5956993044924324 -0.8032075314806457 0
    outer loop
      vertex 27.361173490333307 -21.46625414771418 2
      vertex 27.696171457695492 -21.714705573208366 5
      vertex 27.361173490333307 -21.46625414771418 5
    endloop
  endfacet
  facet normal 0 0 -1
    outer loop
      vertex 24.583427153599366 -20.770464911643163 2
      vertex 29.130471244454384 -10.60262444615364 2
      vertex 25 -20.75 2
    endloop
  endfacet
  facet normal 0 0 -1
    outer loop
      vertex 25 -20.75 2
      vertex 29.130471244454384 -10.60262444615364 2
      vertex 25.416572846400634 -20.770464911643163 2
    endloop
  endfacet
  facet normal 0 0 -1
    outer loop
      vertex 25.416572846400634 -20.770464911643163 2
      vertex 29.130471244454384 -10.60262444615364 2
      vertex 25.829133868568544 -20.83166255828627 2
    endloop
  endfacet
  facet normal 0 0 -1
    outer loop
      vertex 25.829133868568544 -20.83166255828627 2
      vertex 29.130471244454384 -10.60262444615364 2
      vertex 26.233709878331464 -20.933003573138112 2
    endloop
  endfacet
  facet normal 0 0 -1
    outer loop
      vertex 26.233709878331464 -20.933003573138112 2
      vertex 29.130471244454384 -10.60262444615364 2
      vertex 26.626404587551633 -21.073511986827032 2
    endloop
  endfacet
  facet normal 0 0 -1
    outer loop
      vertex 26.626404587551633 -21.073511986827032 2
      vertex 29.130471244454384 -10.60262444615364 2
      vertex 27.00343613151049 -21.25183462651949 2
    endloop
  endfacet
  facet normal 0 0 -1
    outer loop
      vertex 27.00343613151049 -21.25183462651949 2
      vertex 29.130471244454384 -10.60262444615364 2
      vertex 27.361173490333307 -21.46625414771418 2
    endloop
  endfacet
  facet normal 0 0 -1
    outer loop
      vertex 27.361173490333307 -21.46625414771418 2
      vertex 29.130471244454384 -10.60262444615364 2
      vertex 27.696171457695492 -21.714705573208366 2
    endloop
  endfacet
  facet normal 0 0 1
    outer loop
      vertex 21.265297297687326 -19.27374200410943 5
      vertex 22.99656386848951 -21.25183462651949 5
      vertex 23.373595412448367 -21.073511986827032 5
    endloop
  endfacet
  facet normal 0 0 1
    outer loop
      vertex 21.265297297687326 -19.27374200410943 5
      vertex 23.373595412448367 -21.073511986827032 5
      vertex 23.766290121668536 -20.933003573138112 5
    endloop
  endfacet
  facet normal 0 0 1
    outer loop
      vertex 22.185400011510552 -18.207087255496624 5
      vertex 23.766290121668536 -20.933003573138112 5
      vertex 24.170866131431456 -20.83166255828627 5
    endloop
  endfacet
  facet normal 0 0 1
    outer loop
      vertex 22.185400011510552 -18.207087255496624 5
      vertex 24.170866131431456 -20.83166255828627 5
      vertex 24.583427153599366 -20.770464911643163 5
    endloop
  endfacet
  facet normal 0 0 1
    outer loop
      vertex 22.185400011510552 -18.207087255496624 5
      vertex 24.583427153599366 -20.770464911643163 5
      vertex 25 -20.75 5
    endloop
  endfacet
  facet normal 0 0 1
    outer loop
      vertex 22.185400011510552 -18.207087255496624 5
      vertex 25 -20.75 5
      vertex 23.052056153494508 -17.096570038932835 5
    endloop
  endfacet
  facet normal 0 0 1
    outer loop
      vertex 25 -20.75 5
      vertex 25.416572846400634 -20.770464911643163 5
      vertex 23.052056153494508 -17.096570038932835 5
    endloop
  endfacet
  facet normal 0 0 1
    outer loop
      vertex 23.052056153494508 -17.096570038932835 5
      vertex 25.416572846400634 -20.770464911643163 5
      vertex 25.829133868568544 -20.83166255828627 5
    endloop
  endfacet
  facet normal 0 0 1
    outer loop
      vertex 23.052056153494508 -17.096570038932835 5
      vertex 25.829133868568544 -20.83166255828627 5
      vertex 26.233709878331464 -20.933003573138112 5
    endloop
  endfacet
  facet normal 0 0 1
    outer loop
      vertex 23.052056153494508 -17.096570038932835 5
      vertex 26.233709878331464 -20.933003573138112 5
      vertex 23.863177873083046 -15.944865687662583 5
    endloop
  endfacet
  facet normal 0 0 1
    outer loop
      vertex 26.626404587551633 -21.073511986827032 5
      vertex 24.616811107007806 -14.754748758345464 5
      vertex 23.863177873083046 -15.944865687662583 5
    endloop
  endfacet
  facet normal 0 0 1
    outer loop
      vertex 26.233709878331464 -20.933003573138112 5
      vertex 26.626404587551633 -21.073511986827032 5
      vertex 23.863177873083046 -15.944865687662583 5
    endloop
  endfacet
  facet normal 0 0 1
    outer loop
      vertex 27.00343613151049 -21.25183462651949 5
      vertex 27.361173490333307 -21.46625414771418 5
      vertex 24.84908387247379 -14.34472998609851 5
    endloop
  endfacet
  facet normal 0 0 1
    outer loop
      vertex 27.361173490333307 -21.46625414771418 5
      vertex 27.696171457695492 -21.714705573208366 5
      vertex 24.84908387247379 -14.34472998609851 5
    endloop
  endfacet
  facet normal 0 0 1
    outer loop
      vertex 26.626404587551633 -21.073511986827032 5
      vertex 27.00343613151049 -21.25183462651949 5
      vertex 24.84908387247379 -14.34472998609851 5
    endloop
  endfacet
  facet normal 0 0 -1
    outer loop
      vertex 20.537299423872867 -13.722584755584174 2
      vertex 29.130471244454384 -10.60262444615364 2
      vertex 24.583427153599366 -20.770464911643163 2
    endloop
  endfacet
  facet normal 0 0 -1
    outer loop
      vertex 20.537299423872867 -13.722584755584174 2
      vertex 21.18589666700672 -12.698337781572578 2
      vertex 29.130471244454384 -10.60262444615364 2
    endloop
  endfacet
  facet normal 0 0 -1
    outer loop
      vertex 21.18589666700672 -12.698337781572578 2
      vertex 21.783455229404368 -11.643499399602142 2
      vertex 27.905549589317708 -10.156789424248613 2
    endloop
  endfacet
  facet normal 0 0 1
    outer loop
      vertex 26.626404587551633 -21.073511986827032 5
      vertex 24.84908387247379 -14.34472998609851 5
      vertex 24.616811107007806 -14.754748758345464 5
    endloop
  endfacet
  facet normal -0.7409511253549577 -0.67155895484702 0
    outer loop
      vertex 28.005203820042826 -21.994796179957174 2
      vertex 28.285294426791634 -22.303828542304508 2
      vertex 28.285294426791634 -22.303828542304508 5
    endloop
  endfacet
  facet normal -0.8032075314806457 -0.5956993044924324 0
    outer loop
      vertex 28.53374585228582 -22.638826509666693 5
      vertex 28.285294426791634 -22.303828542304508 5
      vertex 28.285294426791634 -22.303828542304508 2
    endloop
  endfacet
  facet normal 0 0 -1
    outer loop
      vertex 28.005203820042826 -21.994796179957174 2
      vertex 29.130471244454384 -10.60262444615364 2
      vertex 28.285294426791634 -22.303828542304508 2
    endloop
  endfacet
  facet normal 0 0 -1
    outer loop
      vertex 28.74816537348051 -22.99656386848951 2
      vertex 28.53374585228582 -22.638826509666693 2
      vertex 29.130471244454384 -10.60262444615364 2
    endloop
  endfacet
  facet normal 0 0 -1
    outer loop
      vertex 28.53374585228582 -22.638826509666693 2
      vertex 28.285294426791634 -22.303828542304508 2
      vertex 29.130471244454384 -10.60262444615364 2
    endloop
  endfacet
  facet normal 0 0 -1
    outer loop
      vertex 28.74816537348051 -22.99656386848951 2
      vertex 29.130471244454384 -10.60262444615364 2
      vertex 28.926488013172968 -23.373595412448367 2
    endloop
  endfacet
  facet normal 0 0 -1
    outer loop
      vertex 29.066996426861888 -23.766290121668536 2
      vertex 28.926488013172968 -23.373595412448367 2
      vertex 29.130471244454384 -10.60262444615364 2
    endloop
  endfacet
  facet normal 0 0 -1
    outer loop
      vertex 28.005203820042826 -21.994796179957174 2
      vertex 27.696171457695492 -21.714705573208366 2
      vertex 29.130471244454384 -10.60262444615364 2
    endloop
  endfacet
  facet normal 0 0 1
    outer loop
      vertex 28.005203820042826 -21.994796179957174 5
      vertex 35.58297978751266 -19.8139231270351 5
      vertex 27.696171457695492 -21.714705573208366 5
    endloop
  endfacet
  facet normal 0 0 1
    outer loop
      vertex 28.53374585228582 -22.638826509666693 5
      vertex 35.58297978751266 -19.8139231270351 5
      vertex 28.285294426791634 -22.303828542304508 5
    endloop
  endfacet
  facet normal 0 0 1
    outer loop
      vertex 28.005203820042826 -21.994796179957174 5
      vertex 28.285294426791634 -22.303828542304508 5
      vertex 35.58297978751266 -19.8139231270351 5
    endloop
  endfacet
  facet normal 0 0 1
    outer loop
      vertex 27.696171457695492 -21.714705573208366 5
      vertex 35.58297978751266 -19.8139231270351 5
      vertex 24.84908387247379 -14.34472998609851 5
    endloop
  endfacet
  facet normal 0 0 1
    outer loop
      vertex 29.066996426861888 -23.766290121668536 5
      vertex 35.58297978751266 -19.8139231270351 5
      vertex 28.926488013172968 -23.373595412448367 5
    endloop
  endfacet
  facet normal 0 0 1
    outer loop
      vertex 28.74816537348051 -22.99656386848951 5
      vertex 28.926488013172968 -23.373595412448367 5
      vertex 35.58297978751266 -19.8139231270351 5
    endloop
  endfacet
  facet normal 0 0 1
    outer loop
      vertex 28.74816537348051 -22.99656386848951 5
      vertex 35.58297978751266 -19.8139231270351 5
      vertex 28.53374585228582 -22.638826509666693 5
    endloop
  endfacet
  facet normal 0 0 1
    outer loop
      vertex 26.515342583073927 -10.983014508878076 5
      vertex 26.210247212654103 -11.67129863593614 5
      vertex 36.9449512867313 -17.140903554469997 5
    endloop
  endfacet
  facet normal 0 0 1
    outer loop
      vertex 26.515342583073927 -10.983014508878076 5
      vertex 36.9449512867313 -17.140903554469997 5
      vertex 27.905549589317708 -10.156789424248613 5
    endloop
  endfacet
  facet normal 0 0 1
    outer loop
      vertex 27.905549589317708 -10.156789424248613 5
      vertex 36.9449512867313 -17.140903554469997 5
      vertex 29.130471244454384 -10.60262444615364 5
    endloop
  endfacet
  facet normal 0 0 1
    outer loop
      vertex 29.130471244454384 -10.60262444615364 5
      vertex 36.9449512867313 -17.140903554469997 5
      vertex 29.94370061159134 -8.023390397429466 5
    endloop
  endfacet
  facet normal -0.9329927988347382 0.3598950365349897 0
    outer loop
      vertex 22.819824453028783 -9.452280779417718 2
      vertex 22.819824453028783 -9.452280779417718 5
      vertex 23.207645618052105 -8.446892214779151 2
    endloop
  endfacet
  facet normal 0 0 -1
    outer loop
      vertex 21.783455229404368 -11.643499399602142 2
      vertex 22.32853554014905 -10.560610807727967 2
      vertex 27.905549589317708 -10.156789424248613 2
    endloop
  endfacet
  facet normal 0 0 -1
    outer loop
      vertex 22.32853554014905 -10.560610807727967 2
      vertex 22.819824453028783 -9.452280779417718 2
      vertex 27.905549589317708 -10.156789424248613 2
    endloop
  endfacet
  facet normal 0 0 -1
    outer loop
      vertex 22.819824453028783 -9.452280779417718 2
      vertex 23.207645618052105 -8.446892214779151 2
      vertex 27.905549589317708 -10.156789424248613 2
    endloop
  endfacet
  facet normal 0.34202014341182624 0.9396926207545495 0
    outer loop
      vertex 23.207645618052105 -8.446892214779151 2
      vertex 23.207645618052105 -8.446892214779151 5
      vertex 27.905549589317708 -10.156789424248613 2
    endloop
  endfacet
  facet normal -0.9142097557035307 0.40524131400498975 0
    outer loop
      vertex 22.32853554014905 -10.560610807727967 5
      vertex 22.819824453028783 -9.452280779417718 5
      vertex 22.819824453028783 -9.452280779417718 2
    endloop
  endfacet
  facet normal -0.9329927988347382 0.3598950365349897 0
    outer loop
      vertex 23.207645618052105 -8.446892214779151 2
      vertex 22.819824453028783 -9.452280779417718 5
      vertex 23.207645618052105 -8.446892214779151 5
    endloop
  endfacet
  facet normal 0 0 -1
    outer loop
      vertex 21.18589666700672 -12.698337781572578 2
      vertex 27.905549589317708 -10.156789424248613 2
      vertex 29.130471244454384 -10.60262444615364 2
    endloop
  endfacet
  facet normal 0.34202014341182635 0.9396926207545495 1.1103551605281137e-16
    outer loop
      vertex 27.905549589317708 -10.156789424248613 2
      vertex 23.207645618052105 -8.446892214779151 5
      vertex 26.965968795064587 -9.81480998235472 5
    endloop
  endfacet
  facet normal 0.34202014341182607 0.9396926207545497 0
    outer loop
      vertex 27.905549589317708 -10.156789424248613 2
      vertex 26.965968795064587 -9.81480998235472 5
      vertex 27.905549589317708 -10.156789424248613 5
    endloop
  endfacet
  facet normal 0 0 -1
    outer loop
      vertex 23.20764561910311 -8.446892212054514 5
      vertex 26.965968795064587 -9.81480998235472 5
      vertex 23.207645618052105 -8.446892214779151 5
    endloop
  endfacet
  facet normal 0 0 -1
    outer loop
      vertex 23.20764561910311 -8.446892212054514 5
      vertex 26.9659687962858 -9.814809979188848 5
      vertex 26.965968795064587 -9.81480998235472 5
    endloop
  endfacet
  facet normal 0 0 1
    outer loop
      vertex 26.515342583073927 -10.983014508878076 5
      vertex 27.905549589317708 -10.156789424248613 5
      vertex 26.965968795064587 -9.81480998235472 5
    endloop
  endfacet
  facet normal 0.3420201434118264 0.9396926207545496 0
    outer loop
      vertex 27.905549589317708 -10.156789424248613 2
      vertex 27.905549589317708 -10.156789424248613 5
      vertex 29.130471244454384 -10.60262444615364 2
    endloop
  endfacet
  facet normal -0.9537169512425253 0.30070579793655927 0
    outer loop
      vertex 29.130471244454384 -10.60262444615364 2
      vertex 29.130471244454384 -10.60262444615364 5
      vertex 29.94370061159134 -8.023390397429466 2
    endloop
  endfacet
  facet normal 0.3420201434118264 0.9396926207545496 0
    outer loop
      vertex 27.905549589317708 -10.156789424248613 5
      vertex 29.130471244454384 -10.60262444615364 5
      vertex 29.130471244454384 -10.60262444615364 2
    endloop
  endfacet
  facet normal -0.9537169512425253 0.30070579793655927 0
    outer loop
      vertex 29.94370061159134 -8.023390397429466 2
      vertex 29.130471244454384 -10.60262444615364 5
      vertex 29.94370061159134 -8.023390397429466 5
    endloop
  endfacet
  facet normal -0.9762960068177727 0.21643961530106193 0
    outer loop
      vertex 29.94370061159134 -8.023390397429466 2
      vertex 29.94370061159134 -8.023390397429466 5
      vertex 30.529040344059467 -5.383093506097794 2
    endloop
  endfacet
  facet normal -0.9762960068177727 0.21643961530106193 0
    outer loop
      vertex 29.94370061159134 -8.023390397429466 5
      vertex 30.529040344059467 -5.383093506097794 5
      vertex 30.529040344059467 -5.383093506097794 2
    endloop
  endfacet
  facet normal 0 0 1
    outer loop
      vertex 29.94370061159134 -8.023390397429466 5
      vertex 36.9449512867313 -17.140903554469997 5
      vertex 30.529040344059467 -5.383093506097794 5
    endloop
  endfacet
  facet normal 0 0 1
    outer loop
      vertex 30.529040344059467 -5.383093506097794 5
      vertex 36.9449512867313 -17.140903554469997 5
      vertex 30.88203564286232 -2.7018280252814293 5
    endloop
  endfacet
  facet normal 0 0 1
    outer loop
      vertex 30.88203564286232 -2.7018280252814293 5
      vertex 36.9449512867313 -17.140903554469997 5
      vertex 31 0 5
    endloop
  endfacet
  facet normal -0.9914448612992336 0.13052619278651914 0
    outer loop
      vertex 30.529040344059467 -5.383093506097794 2
      vertex 30.529040344059467 -5.383093506097794 5
      vertex 30.88203564286232 -2.7018280252814293 2
    endloop
  endfacet
  facet normal -0.9914448612992336 0.13052619278651914 0
    outer loop
      vertex 30.88203564286232 -2.7018280252814293 2
      vertex 30.529040344059467 -5.383093506097794 5
      vertex 30.88203564286232 -2.7018280252814293 5
    endloop
  endfacet
  facet normal -0.9990482216144516 0.043619386618811734 0
    outer loop
      vertex 30.88203564286232 -2.7018280252814293 2
      vertex 30.88203564286232 -2.7018280252814293 5
      vertex 31 0 2
    endloop
  endfacet
  facet normal -0.9990482216144516 0.043619386618811734 0
    outer loop
      vertex 30.88203564286232 -2.7018280252814293 5
      vertex 31 0 5
      vertex 31 0 2
    endloop
  endfacet
  facet normal 0 0 1
    outer loop
      vertex 30.88203564286232 2.7018280252814293 5
      vertex 31 0 5
      vertex 36.9449512867313 -17.140903554469997 5
    endloop
  endfacet
  facet normal 0 0 1
    outer loop
      vertex 30.88203564286232 2.7018280252814293 5
      vertex 36.9449512867313 -17.140903554469997 5
      vertex 30.529040344059467 5.383093506097794 5
    endloop
  endfacet
  facet normal 0 0 -1
    outer loop
      vertex 45 -45 2
      vertex 29.130471244454384 -10.60262444615364 2
      vertex 29.94370061159134 -8.023390397429466 2
    endloop
  endfacet
  facet normal 0 0 -1
    outer loop
      vertex 45 -45 2
      vertex 29.94370061159134 -8.023390397429466 2
      vertex 30.529040344059467 -5.383093506097794 2
    endloop
  endfacet
  facet normal 0 0 1
    outer loop
      vertex 45 -45 5
      vertex 30.529040344059467 5.383093506097794 5
      vertex 36.9449512867313 -17.140903554469997 5
    endloop
  endfacet
  facet normal 1 0 0
    outer loop
      vertex 45 -45 2
      vertex 45 45 2
      vertex 45 -45 5
    endloop
  endfacet
  facet normal 0 0 1
    outer loop
      vertex 45 -45 5
      vertex 36.9449512867313 17.140903554469997 5
      vertex 30.529040344059467 5.383093506097794 5
    endloop
  endfacet
  facet normal 0 0 -1
    outer loop
      vertex 45 -45 2
      vertex 30.529040344059467 -5.383093506097794 2
      vertex 45 45 2
    endloop
  endfacet
  facet normal 0.8700869911087115 -0.4928981922297841 0
    outer loop
      vertex 24.616811107007806 -14.754748758345464 5
      vertex 24.84908387247379 -14.34472998609851 5
      vertex 24.84908387247379 -14.34472998609851 28.167178879777705
    endloop
  endfacet
  facet normal 0.9142097557035314 -0.40524131400498853 0
    outer loop
      vertex 26.515342583073927 -10.983014508878076 5
      vertex 26.210247212654103 -11.67129863593614 28.168923145340973
      vertex 26.210247212654103 -11.67129863593614 5
    endloop
  endfacet
  facet normal -0.45399049973954647 -0.8910065241883681 0
    outer loop
      vertex 24.84908387247379 -14.34472998609851 5
      vertex 35.58297978751266 -19.8139231270351 5
      vertex 24.84908387247379 -14.34472998609851 28.167178879777705
    endloop
  endfacet
  facet normal 0.45399049973954647 0.8910065241883679 0
    outer loop
      vertex 26.210247212654103 -11.67129863593614 5
      vertex 26.210247212654103 -11.67129863593614 28.168923145340973
      vertex 36.9449512867313 -17.140903554469997 5
    endloop
  endfacet
  facet normal 0.7905159582695586 -0.40278799896981604 0.4613527366419895
    outer loop
      vertex 35.58297978751266 -19.8139231270351 5
      vertex 36.9449512867313 -17.140903554469997 5
      vertex 26.210247212654103 -11.67129863593614 28.168923145340973
    endloop
  endfacet
  facet normal 0.8175848131515839 -0.5758081914178449 0
    outer loop
      vertex 23.052056153494508 -17.096570038932835 5
      vertex 23.863177873083046 -15.944865687662583 5
      vertex 23.052056153494508 -17.096570038932835 40
    endloop
  endfacet
  facet normal 0.8448535652497071 -0.5349976198870973 0
    outer loop
      vertex 23.863177873083046 -15.944865687662583 5
      vertex 24.616811107007806 -14.754748758345464 5
      vertex 23.863177873083046 -15.944865687662583 40
    endloop
  endfacet
  facet normal 0.7905159582695579 -0.40278799896981743 0.46135273664198956
    outer loop
      vertex 25.31114028679779 -13.529086346906132 28.08756192527879
      vertex 24.84908387247379 -14.34472998609851 28.167178879777705
      vertex 35.58297978751266 -19.8139231270351 5
    endloop
  endfacet
  facet normal 0.7905159582695586 -0.40278799896981626 0.46135273664198956
    outer loop
      vertex 25.944492712642823 -12.270831181449095 28.10085951725428
      vertex 25.31114028679779 -13.529086346906132 28.08756192527879
      vertex 35.58297978751266 -19.8139231270351 5
    endloop
  endfacet
  facet normal 0.7905159582695589 -0.4027879989698156 0.4613527366419895
    outer loop
      vertex 25.944492712642823 -12.270831181449095 28.10085951725428
      vertex 35.58297978751266 -19.8139231270351 5
      vertex 26.210247212654103 -11.67129863593614 28.168923145340973
    endloop
  endfacet
  facet normal -0.9329927988347382 0.3598950365349898 0
    outer loop
      vertex 22.819824453028783 -9.452280779417718 5
      vertex 22.819824453028783 -9.452280779417718 38.5
      vertex 23.207645618052105 -8.446892214779151 5
    endloop
  endfacet
  facet normal -0.9329930160288299 0.35989447347997344 -1.941258329339547e-8
    outer loop
      vertex 23.20764561910311 -8.446892212054514 5
      vertex 23.207645618052105 -8.446892214779151 5
      vertex 22.819824453028783 -9.452280779417718 38.5
    endloop
  endfacet
  facet normal 0.3420201433007319 0.9396926207949847 0
    outer loop
      vertex 23.20764561910311 -8.446892212054514 5
      vertex 23.20764561910311 -8.446892212054514 38.5
      vertex 26.9659687962858 -9.814809979188848 5
    endloop
  endfacet
  facet normal 0.9329927988347388 -0.35989503653498817 -3.5467422478099245e-17
    outer loop
      vertex 26.515342583073927 -10.983014508878076 5
      vertex 26.965968795064587 -9.81480998235472 5
      vertex 26.9659687962858 -9.814809979188848 40
    endloop
  endfacet
  facet normal 0.9329926586326958 -0.35989539999490694 0
    outer loop
      vertex 26.9659687962858 -9.814809979188848 5
      vertex 26.9659687962858 -9.814809979188848 40
      vertex 26.965968795064587 -9.81480998235472 5
    endloop
  endfacet
  facet normal 0.4052413140049884 -0.9142097557035312 0
    outer loop
      vertex 10.983014508878076 -26.515342583073927 5
      vertex 11.67129863593614 -26.210247212654103 28.168923145340973
      vertex 10.983014508878076 -26.515342583073927 40
    endloop
  endfacet
  facet normal -0.9396926207949845 -0.34202014330073227 0
    outer loop
      vertex 9.814809979188848 -26.9659687962858 5
      vertex 9.814809979188848 -26.9659687962858 40
      vertex 8.446892212054513 -23.20764561910311 38.5
    endloop
  endfacet
  facet normal -0.3598950365349877 0.9329927988347391 0
    outer loop
      vertex 9.452280779417718 -22.819824453028783 5
      vertex 8.446892212054513 -23.20764561910311 38.5
      vertex 9.452280779417718 -22.819824453028783 38.5
    endloop
  endfacet
  facet normal 0.35989503653498917 -0.9329927988347385 0
    outer loop
      vertex 9.814809979188848 -26.9659687962858 5
      vertex 10.983014508878076 -26.515342583073927 40
      vertex 9.814809979188848 -26.9659687962858 40
    endloop
  endfacet
  facet normal 0.49289819222978404 -0.8700869911087113 0
    outer loop
      vertex 14.754748758345464 -24.616811107007806 5
      vertex 14.754748758345464 -24.616811107007806 40
      vertex 14.34472998609851 -24.84908387247379 28.167178879777705
    endloop
  endfacet
  facet normal 0.5349976198870973 -0.8448535652497071 0
    outer loop
      vertex 14.754748758345464 -24.616811107007806 5
      vertex 15.944865687662583 -23.863177873083046 40
      vertex 14.754748758345464 -24.616811107007806 40
    endloop
  endfacet
  facet normal 0.5758081914178449 -0.8175848131515839 0
    outer loop
      vertex 15.944865687662583 -23.863177873083046 5
      vertex 17.096570038932835 -23.052056153494508 40
      vertex 15.944865687662583 -23.863177873083046 40
    endloop
  endfacet
  facet normal 0.6152315905806259 -0.7883464276266069 0
    outer loop
      vertex 17.096570038932835 -23.052056153494508 5
      vertex 18.207087255496624 -22.185400011510552 40
      vertex 17.096570038932835 -23.052056153494508 40
    endloop
  endfacet
  facet normal 0 0 1
    outer loop
      vertex 9.814809979188848 -26.9659687962858 40
      vertex 10.983014508878076 -26.515342583073927 40
      vertex 8.956464227957204 -24.607683226497326 40
    endloop
  endfacet
  facet normal 0 0 1
    outer loop
      vertex 10.983014508878076 -26.515342583073927 40
      vertex 12.270831181449095 -25.944492712642823 40
      vertex 10.022504436915368 -24.196466140545603 40
    endloop
  endfacet
  facet normal -0.9396926207949845 -0.3420201433007323 -1.1796913227044264e-16
    outer loop
      vertex 9.814809979188848 -26.9659687962858 40
      vertex 8.956464227957204 -24.607683226497326 40
      vertex 8.446892212054513 -23.20764561910311 38.5
    endloop
  endfacet
  facet normal -0.2553664716901415 0.662012684155412 0.7046468414417785
    outer loop
      vertex 8.446892212054513 -23.20764561910311 38.5
      vertex 8.956464227957204 -24.607683226497326 40
      vertex 9.452280779417718 -22.819824453028783 38.5
    endloop
  endfacet
  facet normal -0.2553664716901409 0.662012684155412 0.7046468414417786
    outer loop
      vertex 9.452280779417718 -22.819824453028783 38.5
      vertex 8.956464227957204 -24.607683226497326 40
      vertex 10.022504436915368 -24.196466140545603 40
    endloop
  endfacet
  facet normal 0 0 1
    outer loop
      vertex 10.983014508878076 -26.515342583073927 40
      vertex 10.022504436915368 -24.196466140545603 40
      vertex 8.956464227957204 -24.607683226497326 40
    endloop
  endfacet
  facet normal 0 0 1
    outer loop
      vertex 10.022504436915368 -24.196466140545603 40
      vertex 12.270831181449095 -25.944492712642823 40
      vertex 11.197696211845937 -23.675539453743585 40
    endloop
  endfacet
  facet normal -0.28754229437801787 0.6486850220175815 0.7046468414417786
    outer loop
      vertex 9.452280779417718 -22.819824453028783 38.5
      vertex 10.022504436915368 -24.196466140545603 40
      vertex 10.560610807727967 -22.32853554014905 38.5
    endloop
  endfacet
  facet normal -0.31902540249300837 0.6337946208436133 0.7046468414417782
    outer loop
      vertex 11.197696211845937 -23.675539453743585 40
      vertex 11.643499399602142 -21.783455229404368 38.5
      vertex 10.560610807727967 -22.32853554014905 38.5
    endloop
  endfacet
  facet normal -0.2875422943780189 0.6486850220175815 0.7046468414417782
    outer loop
      vertex 10.022504436915368 -24.196466140545603 40
      vertex 11.197696211845937 -23.675539453743585 40
      vertex 10.560610807727967 -22.32853554014905 38.5
    endloop
  endfacet
  facet normal 0.4052413140049892 -0.914209755703531 0
    outer loop
      vertex 12.270831181449095 -25.944492712642823 40
      vertex 11.67129863593614 -26.210247212654103 28.168923145340973
      vertex 12.270831181449095 -25.944492712642823 28.10085951725428
    endloop
  endfacet
  facet normal 0.44961132965460554 -0.8932243011955159 0
    outer loop
      vertex 12.270831181449095 -25.944492712642823 40
      vertex 12.270831181449095 -25.944492712642823 28.10085951725428
      vertex 13.529086346906132 -25.31114028679779 28.08756192527879
    endloop
  endfacet
  facet normal 0.4928981922297871 -0.8700869911087098 0
    outer loop
      vertex 13.529086346906132 -25.31114028679779 40
      vertex 13.529086346906132 -25.31114028679779 28.08756192527879
      vertex 14.34472998609851 -24.84908387247379 28.167178879777705
    endloop
  endfacet
  facet normal 0.40524131400498875 -0.9142097557035311 2.3315557625183925e-17
    outer loop
      vertex 10.983014508878076 -26.515342583073927 40
      vertex 11.67129863593614 -26.210247212654103 28.168923145340973
      vertex 12.270831181449095 -25.944492712642823 40
    endloop
  endfacet
  facet normal 0.4496113296546055 -0.8932243011955159 0
    outer loop
      vertex 12.270831181449095 -25.944492712642823 40
      vertex 13.529086346906132 -25.31114028679779 28.08756192527879
      vertex 13.529086346906132 -25.31114028679779 40
    endloop
  endfacet
  facet normal 0.4928981922297861 -0.8700869911087102 -8.658787688466274e-17
    outer loop
      vertex 13.529086346906132 -25.31114028679779 40
      vertex 14.34472998609851 -24.84908387247379 28.167178879777705
      vertex 14.754748758345464 -24.616811107007806 40
    endloop
  endfacet
  facet normal 0 0 1
    outer loop
      vertex 11.197696211845937 -23.675539453743585 40
      vertex 12.270831181449095 -25.944492712642823 40
      vertex 13.529086346906132 -25.31114028679779 40
    endloop
  endfacet
  facet normal 0 0 1
    outer loop
      vertex 11.197696211845937 -23.675539453743585 40
      vertex 13.529086346906132 -25.31114028679779 40
      vertex 12.345911755799822 -23.097576318665165 40
    endloop
  endfacet
  facet normal -0.3190254024930054 0.6337946208436135 0.7046468414417792
    outer loop
      vertex 11.197696211845937 -23.675539453743585 40
      vertex 12.345911755799822 -23.097576318665165 40
      vertex 11.643499399602142 -21.783455229404368 38.5
    endloop
  endfacet
  facet normal 0 0 1
    outer loop
      vertex 13.529086346906132 -25.31114028679779 40
      vertex 14.754748758345464 -24.616811107007806 40
      vertex 13.464384916959828 -22.463969099126327 40
    endloop
  endfacet
  facet normal 0 0 1
    outer loop
      vertex 12.345911755799822 -23.097576318665165 40
      vertex 13.529086346906132 -25.31114028679779 40
      vertex 13.464384916959828 -22.463969099126327 40
    endloop
  endfacet
  facet normal 0 0 1
    outer loop
      vertex 14.754748758345464 -24.616811107007806 40
      vertex 14.550421195514044 -21.776244210416397 40
      vertex 13.464384916959828 -22.463969099126327 40
    endloop
  endfacet
  facet normal 0 0 1
    outer loop
      vertex 14.754748758345464 -24.616811107007806 40
      vertex 15.944865687662583 -23.863177873083046 40
      vertex 14.550421195514044 -21.776244210416397 40
    endloop
  endfacet
  facet normal 0 0 1
    outer loop
      vertex 15.944865687662583 -23.863177873083046 40
      vertex 17.096570038932835 -23.052056153494508 40
      vertex 15.601404234941898 -21.036058442029844 40
    endloop
  endfacet
  facet normal -0.40524131400498975 0.9142097557035307 0
    outer loop
      vertex 10.560610807727967 -22.32853554014905 5
      vertex 9.452280779417718 -22.819824453028783 38.5
      vertex 10.560610807727967 -22.32853554014905 38.5
    endloop
  endfacet
  facet normal -0.4496113296546081 0.8932243011955145 0
    outer loop
      vertex 11.643499399602142 -21.783455229404368 5
      vertex 10.560610807727967 -22.32853554014905 38.5
      vertex 11.643499399602142 -21.783455229404368 38.5
    endloop
  endfacet
  facet normal -0.49289819222978276 0.8700869911087121 0
    outer loop
      vertex 12.698337781572578 -21.18589666700672 5
      vertex 11.643499399602142 -21.783455229404368 38.5
      vertex 12.698337781572578 -21.18589666700672 38.5
    endloop
  endfacet
  facet normal -0.5349976198870982 0.8448535652497066 0
    outer loop
      vertex 13.722584755584174 -20.537299423872867 5
      vertex 12.698337781572578 -21.18589666700672 38.5
      vertex 13.722584755584174 -20.537299423872867 38.5
    endloop
  endfacet
  facet normal -0.5758081914178446 0.8175848131515842 0
    outer loop
      vertex 14.713772820963104 -19.83922602757193 5
      vertex 13.722584755584174 -20.537299423872867 38.5
      vertex 14.713772820963104 -19.83922602757193 38.5
    endloop
  endfacet
  facet normal -0.6152315905806263 0.7883464276266067 0
    outer loop
      vertex 15.669514118842043 -19.093358198059605 5
      vertex 14.713772820963104 -19.83922602757193 38.5
      vertex 15.669514118842043 -19.093358198059605 38.5
    endloop
  endfacet
  facet normal -0.653172842953777 0.7572088465064843 0
    outer loop
      vertex 16.587506184721356 -18.30149279626749 5
      vertex 15.669514118842043 -19.093358198059605 38.5
      vertex 16.587506184721356 -18.30149279626749 38.5
    endloop
  endfacet
  facet normal -0.6895405447370663 0.7242470829514676 0
    outer loop
      vertex 17.465537495307725 -17.465537495307725 5
      vertex 16.587506184721356 -18.30149279626749 38.5
      vertex 17.465537495307725 -17.465537495307725 38.5
    endloop
  endfacet
  facet normal -0.7242470829514676 0.6895405447370663 0
    outer loop
      vertex 18.30149279626749 -16.587506184721356 5
      vertex 17.465537495307725 -17.465537495307725 38.5
      vertex 18.30149279626749 -16.587506184721356 38.5
    endloop
  endfacet
  facet normal 0.6531728429537763 -0.757208846506485 0
    outer loop
      vertex 18.207087255496624 -22.185400011510552 5
      vertex 19.27374200410943 -21.265297297687326 40
      vertex 18.207087255496624 -22.185400011510552 40
    endloop
  endfacet
  facet normal 0.6895405447370655 -0.7242470829514682 0
    outer loop
      vertex 19.27374200410943 -21.265297297687326 5
      vertex 20.293964620053917 -20.293964620053917 40
      vertex 19.27374200410943 -21.265297297687326 40
    endloop
  endfacet
  facet normal 0.7242470829514682 -0.6895405447370655 0
    outer loop
      vertex 21.265297297687326 -19.27374200410943 5
      vertex 21.265297297687326 -19.27374200410943 40
      vertex 20.293964620053917 -20.293964620053917 40
    endloop
  endfacet
  facet normal 0.757208846506485 -0.6531728429537763 0
    outer loop
      vertex 22.185400011510552 -18.207087255496624 5
      vertex 22.185400011510552 -18.207087255496624 40
      vertex 21.265297297687326 -19.27374200410943 40
    endloop
  endfacet
  facet normal -0.7572088465064843 0.653172842953777 0
    outer loop
      vertex 19.093358198059605 -15.669514118842043 5
      vertex 18.30149279626749 -16.587506184721356 38.5
      vertex 19.093358198059605 -15.669514118842043 38.5
    endloop
  endfacet
  facet normal -0.7883464276266067 0.6152315905806263 0
    outer loop
      vertex 19.83922602757193 -14.713772820963104 5
      vertex 19.093358198059605 -15.669514118842043 38.5
      vertex 19.83922602757193 -14.713772820963104 38.5
    endloop
  endfacet
  facet normal -0.8175848131515842 0.5758081914178446 0
    outer loop
      vertex 20.537299423872867 -13.722584755584174 5
      vertex 19.83922602757193 -14.713772820963104 38.5
      vertex 20.537299423872867 -13.722584755584174 38.5
    endloop
  endfacet
  facet normal -0.8448535652497066 0.5349976198870982 0
    outer loop
      vertex 21.18589666700672 -12.698337781572578 5
      vertex 20.537299423872867 -13.722584755584174 38.5
      vertex 21.18589666700672 -12.698337781572578 38.5
    endloop
  endfacet
  facet normal -0.8700869911087121 0.49289819222978276 0
    outer loop
      vertex 21.783455229404368 -11.643499399602142 5
      vertex 21.18589666700672 -12.698337781572578 38.5
      vertex 21.783455229404368 -11.643499399602142 38.5
    endloop
  endfacet
  facet normal -0.8932243011955145 0.4496113296546081 0
    outer loop
      vertex 22.32853554014905 -10.560610807727967 5
      vertex 21.783455229404368 -11.643499399602142 38.5
      vertex 22.32853554014905 -10.560610807727967 38.5
    endloop
  endfacet
  facet normal -0.34973995047006434 0.6173773529141806 0.7046468414417794
    outer loop
      vertex 12.345911755799822 -23.097576318665165 40
      vertex 12.698337781572578 -21.18589666700672 38.5
      vertex 11.643499399602142 -21.783455229404368 38.5
    endloop
  endfacet
  facet normal -0.3796119442728412 0.599472768865709 0.7046468414417777
    outer loop
      vertex 12.698337781572578 -21.18589666700672 38.5
      vertex 13.464384916959828 -22.463969099126327 40
      vertex 13.722584755584174 -20.537299423872867 38.5
    endloop
  endfacet
  facet normal -0.3497399504700688 0.6173773529141802 0.7046468414417776
    outer loop
      vertex 12.345911755799822 -23.097576318665165 40
      vertex 13.464384916959828 -22.463969099126327 40
      vertex 12.698337781572578 -21.18589666700672 38.5
    endloop
  endfacet
  facet normal -0.37961194427283806 0.5994727688657094 0.7046468414417788
    outer loop
      vertex 13.722584755584174 -20.537299423872867 38.5
      vertex 13.464384916959828 -22.463969099126327 40
      vertex 14.550421195514044 -21.776244210416397 40
    endloop
  endfacet
  facet normal 0 0 1
    outer loop
      vertex 15.944865687662583 -23.863177873083046 40
      vertex 15.601404234941898 -21.036058442029844 40
      vertex 14.550421195514044 -21.776244210416397 40
    endloop
  endfacet
  facet normal -0.40856941965178123 0.5801240024094257 0.7046468414417788
    outer loop
      vertex 13.722584755584174 -20.537299423872867 38.5
      vertex 14.550421195514044 -21.776244210416397 40
      vertex 14.713772820963104 -19.83922602757193 38.5
    endloop
  endfacet
  facet normal -0.4365426155123273 0.559377666418477 0.7046468414417788
    outer loop
      vertex 14.713772820963104 -19.83922602757193 38.5
      vertex 15.601404234941898 -21.036058442029844 40
      vertex 15.669514118842043 -19.093358198059605 38.5
    endloop
  endfacet
  facet normal -0.40856941965178123 0.5801240024094256 0.7046468414417788
    outer loop
      vertex 14.713772820963104 -19.83922602757193 38.5
      vertex 14.550421195514044 -21.776244210416397 40
      vertex 15.601404234941898 -21.036058442029844 40
    endloop
  endfacet
  facet normal 0 0 1
    outer loop
      vertex 17.096570038932835 -23.052056153494508 40
      vertex 16.61480212504615 -20.24519496631534 40
      vertex 15.601404234941898 -21.036058442029844 40
    endloop
  endfacet
  facet normal -0.4365426155123286 0.5593776664184766 0.7046468414417782
    outer loop
      vertex 15.601404234941898 -21.036058442029844 40
      vertex 16.61480212504615 -20.24519496631534 40
      vertex 15.669514118842043 -19.093358198059605 38.5
    endloop
  endfacet
  facet normal -0.463464141975488 0.5372837406334292 0.7046468414417782
    outer loop
      vertex 16.61480212504615 -20.24519496631534 40
      vertex 16.587506184721356 -18.30149279626749 38.5
      vertex 15.669514118842043 -19.093358198059605 38.5
    endloop
  endfacet
  facet normal 0 0 1
    outer loop
      vertex 17.096570038932835 -23.052056153494508 40
      vertex 18.207087255496624 -22.185400011510552 40
      vertex 16.61480212504615 -20.24519496631534 40
    endloop
  endfacet
  facet normal 0 0 1
    outer loop
      vertex 16.61480212504615 -20.24519496631534 40
      vertex 18.207087255496624 -22.185400011510552 40
      vertex 17.588173501546382 -19.40555904265733 40
    endloop
  endfacet
  facet normal 0 0 1
    outer loop
      vertex 18.207087255496624 -22.185400011510552 40
      vertex 19.27374200410943 -21.265297297687326 40
      vertex 17.588173501546382 -19.40555904265733 40
    endloop
  endfacet
  facet normal 0 0 1
    outer loop
      vertex 19.27374200410943 -21.265297297687326 40
      vertex 18.51917342753934 -18.51917342753934 40
      vertex 17.588173501546382 -19.40555904265733 40
    endloop
  endfacet
  facet normal 0 0 1
    outer loop
      vertex 19.27374200410943 -21.265297297687326 40
      vertex 20.293964620053917 -20.293964620053917 40
      vertex 18.51917342753934 -18.51917342753934 40
    endloop
  endfacet
  facet normal -0.48926914272596356 0.5138954512566984 0.7046468414417785
    outer loop
      vertex 16.587506184721356 -18.30149279626749 38.5
      vertex 17.588173501546382 -19.40555904265733 40
      vertex 17.465537495307725 -17.465537495307725 38.5
    endloop
  endfacet
  facet normal -0.4634641419754874 0.5372837406334294 0.7046468414417785
    outer loop
      vertex 16.61480212504615 -20.24519496631534 40
      vertex 17.588173501546382 -19.40555904265733 40
      vertex 16.587506184721356 -18.30149279626749 38.5
    endloop
  endfacet
  facet normal -0.48926914272596095 0.5138954512566994 0.7046468414417796
    outer loop
      vertex 17.465537495307725 -17.465537495307725 38.5
      vertex 17.588173501546382 -19.40555904265733 40
      vertex 18.51917342753934 -18.51917342753934 40
    endloop
  endfacet
  facet normal -0.5138954512566976 0.4892691427259628 0.7046468414417797
    outer loop
      vertex 17.465537495307725 -17.465537495307725 38.5
      vertex 18.51917342753934 -18.51917342753934 40
      vertex 18.30149279626749 -16.587506184721356 38.5
    endloop
  endfacet
  facet normal 0 0 1
    outer loop
      vertex 18.51917342753934 -18.51917342753934 40
      vertex 20.293964620053917 -20.293964620053917 40
      vertex 19.40555904265733 -17.588173501546382 40
    endloop
  endfacet
  facet normal -0.5138954512567002 0.48926914272596167 0.7046468414417785
    outer loop
      vertex 18.51917342753934 -18.51917342753934 40
      vertex 19.40555904265733 -17.588173501546382 40
      vertex 18.30149279626749 -16.587506184721356 38.5
    endloop
  endfacet
  facet normal 0 0 1
    outer loop
      vertex 20.293964620053917 -20.293964620053917 40
      vertex 21.265297297687326 -19.27374200410943 40
      vertex 20.24519496631534 -16.61480212504615 40
    endloop
  endfacet
  facet normal 0 0 1
    outer loop
      vertex 19.40555904265733 -17.588173501546382 40
      vertex 20.293964620053917 -20.293964620053917 40
      vertex 20.24519496631534 -16.61480212504615 40
    endloop
  endfacet
  facet normal 0 0 1
    outer loop
      vertex 21.265297297687326 -19.27374200410943 40
      vertex 21.036058442029844 -15.601404234941898 40
      vertex 20.24519496631534 -16.61480212504615 40
    endloop
  endfacet
  facet normal 0 0 1
    outer loop
      vertex 21.265297297687326 -19.27374200410943 40
      vertex 22.185400011510552 -18.207087255496624 40
      vertex 21.036058442029844 -15.601404234941898 40
    endloop
  endfacet
  facet normal -0.5372837406334291 0.46346414197548785 0.7046468414417786
    outer loop
      vertex 19.40555904265733 -17.588173501546382 40
      vertex 19.093358198059605 -15.669514118842043 38.5
      vertex 18.30149279626749 -16.587506184721356 38.5
    endloop
  endfacet
  facet normal -0.5372837406334295 0.4634641419754876 0.7046468414417782
    outer loop
      vertex 19.40555904265733 -17.588173501546382 40
      vertex 20.24519496631534 -16.61480212504615 40
      vertex 19.093358198059605 -15.669514118842043 38.5
    endloop
  endfacet
  facet normal -0.5593776664184774 0.43654261551232765 0.7046468414417782
    outer loop
      vertex 19.093358198059605 -15.669514118842043 38.5
      vertex 20.24519496631534 -16.61480212504615 40
      vertex 19.83922602757193 -14.713772820963104 38.5
    endloop
  endfacet
  facet normal -0.5593776664184763 0.4365426155123283 0.7046468414417788
    outer loop
      vertex 19.83922602757193 -14.713772820963104 38.5
      vertex 20.24519496631534 -16.61480212504615 40
      vertex 21.036058442029844 -15.601404234941898 40
    endloop
  endfacet
  facet normal -0.5801240024094257 0.40856941965178123 0.7046468414417788
    outer loop
      vertex 19.83922602757193 -14.713772820963104 38.5
      vertex 21.036058442029844 -15.601404234941898 40
      vertex 20.537299423872867 -13.722584755584174 38.5
    endloop
  endfacet
  facet normal 0 0 1
    outer loop
      vertex 22.185400011510552 -18.207087255496624 40
      vertex 21.776244210416397 -14.550421195514044 40
      vertex 21.036058442029844 -15.601404234941898 40
    endloop
  endfacet
  facet normal 0 0 1
    outer loop
      vertex 22.185400011510552 -18.207087255496624 40
      vertex 23.052056153494508 -17.096570038932835 40
      vertex 21.776244210416397 -14.550421195514044 40
    endloop
  endfacet
  facet normal -0.5801240024094256 0.40856941965178123 0.7046468414417789
    outer loop
      vertex 21.036058442029844 -15.601404234941898 40
      vertex 21.776244210416397 -14.550421195514044 40
      vertex 20.537299423872867 -13.722584755584174 38.5
    endloop
  endfacet
  facet normal 0 0 1
    outer loop
      vertex 21.776244210416397 -14.550421195514044 40
      vertex 23.052056153494508 -17.096570038932835 40
      vertex 22.46396909912633 -13.46438491695983 40
    endloop
  endfacet
  facet normal -0.5994727688657079 0.37961194427284056 0.7046468414417789
    outer loop
      vertex 21.776244210416397 -14.550421195514044 40
      vertex 21.18589666700672 -12.698337781572578 38.5
      vertex 20.537299423872867 -13.722584755584174 38.5
    endloop
  endfacet
  facet normal -0.5994727688657084 0.37961194427284006 0.7046468414417785
    outer loop
      vertex 21.776244210416397 -14.550421195514044 40
      vertex 22.46396909912633 -13.46438491695983 40
      vertex 21.18589666700672 -12.698337781572578 38.5
    endloop
  endfacet
  facet normal -0.6173773529141814 0.3497399504700648 0.7046468414417786
    outer loop
      vertex 21.18589666700672 -12.698337781572578 38.5
      vertex 22.46396909912633 -13.46438491695983 40
      vertex 21.783455229404368 -11.643499399602142 38.5
    endloop
  endfacet
  facet normal -0.6337946208436122 0.3190254024930078 0.7046468414417794
    outer loop
      vertex 21.783455229404368 -11.643499399602142 38.5
      vertex 23.097576318665165 -12.345911755799822 40
      vertex 22.32853554014905 -10.560610807727967 38.5
    endloop
  endfacet
  facet normal -0.6173773529141797 0.349739950470066 0.7046468414417792
    outer loop
      vertex 21.783455229404368 -11.643499399602142 38.5
      vertex 22.46396909912633 -13.46438491695983 40
      vertex 23.097576318665165 -12.345911755799822 40
    endloop
  endfacet
  facet normal 0.8700869911087113 -0.49289819222978404 0
    outer loop
      vertex 24.616811107007806 -14.754748758345464 5
      vertex 24.84908387247379 -14.34472998609851 28.167178879777705
      vertex 24.616811107007806 -14.754748758345464 40
    endloop
  endfacet
  facet normal 0.7883464276266069 -0.6152315905806259 0
    outer loop
      vertex 23.052056153494508 -17.096570038932835 5
      vertex 23.052056153494508 -17.096570038932835 40
      vertex 22.185400011510552 -18.207087255496624 40
    endloop
  endfacet
  facet normal 0.8175848131515839 -0.5758081914178449 0
    outer loop
      vertex 23.863177873083046 -15.944865687662583 5
      vertex 23.863177873083046 -15.944865687662583 40
      vertex 23.052056153494508 -17.096570038932835 40
    endloop
  endfacet
  facet normal 0.8448535652497071 -0.5349976198870973 0
    outer loop
      vertex 24.616811107007806 -14.754748758345464 5
      vertex 24.616811107007806 -14.754748758345464 40
      vertex 23.863177873083046 -15.944865687662583 40
    endloop
  endfacet
  facet normal 0.9142097557035312 -0.4052413140049884 0
    outer loop
      vertex 26.515342583073927 -10.983014508878076 5
      vertex 26.515342583073927 -10.983014508878076 40
      vertex 26.210247212654103 -11.67129863593614 28.168923145340973
    endloop
  endfacet
  facet normal -0.9142097557035307 0.40524131400498975 0
    outer loop
      vertex 22.819824453028783 -9.452280779417718 5
      vertex 22.32853554014905 -10.560610807727967 38.5
      vertex 22.819824453028783 -9.452280779417718 38.5
    endloop
  endfacet
  facet normal -0.9329927988347387 0.3598950365349882 0
    outer loop
      vertex 23.20764561910311 -8.446892212054514 5
      vertex 22.819824453028783 -9.452280779417718 38.5
      vertex 23.20764561910311 -8.446892212054514 38.5
    endloop
  endfacet
  facet normal 0.34202014330073194 0.9396926207949847 0
    outer loop
      vertex 26.9659687962858 -9.814809979188848 5
      vertex 23.20764561910311 -8.446892212054514 38.5
      vertex 26.9659687962858 -9.814809979188848 40
    endloop
  endfacet
  facet normal 0.9329927988347385 -0.35989503653498917 0
    outer loop
      vertex 26.515342583073927 -10.983014508878076 5
      vertex 26.9659687962858 -9.814809979188848 40
      vertex 26.515342583073927 -10.983014508878076 40
    endloop
  endfacet
  facet normal 0.8700869911087097 -0.49289819222978715 -1.355780407012029e-16
    outer loop
      vertex 24.616811107007806 -14.754748758345464 40
      vertex 24.84908387247379 -14.34472998609851 28.167178879777705
      vertex 25.31114028679779 -13.529086346906132 28.08756192527879
    endloop
  endfacet
  facet normal 0.8932243011955159 -0.4496113296546055 0
    outer loop
      vertex 25.31114028679779 -13.529086346906132 40
      vertex 25.31114028679779 -13.529086346906132 28.08756192527879
      vertex 25.944492712642823 -12.270831181449095 28.10085951725428
    endloop
  endfacet
  facet normal 0.914209755703531 -0.4052413140049892 0
    outer loop
      vertex 25.944492712642823 -12.270831181449095 40
      vertex 25.944492712642823 -12.270831181449095 28.10085951725428
      vertex 26.210247212654103 -11.67129863593614 28.168923145340973
    endloop
  endfacet
  facet normal 0.8700869911087104 -0.49289819222978604 0
    outer loop
      vertex 24.616811107007806 -14.754748758345464 40
      vertex 25.31114028679779 -13.529086346906132 28.08756192527879
      vertex 25.31114028679779 -13.529086346906132 40
    endloop
  endfacet
  facet normal 0.8932243011955159 -0.44961132965460554 0
    outer loop
      vertex 25.31114028679779 -13.529086346906132 40
      vertex 25.944492712642823 -12.270831181449095 28.10085951725428
      vertex 25.944492712642823 -12.270831181449095 40
    endloop
  endfacet
  facet normal 0.9142097557035311 -0.40524131400498875 1.998476367872908e-17
    outer loop
      vertex 25.944492712642823 -12.270831181449095 40
      vertex 26.210247212654103 -11.67129863593614 28.168923145340973
      vertex 26.515342583073927 -10.983014508878076 40
    endloop
  endfacet
  facet normal 0 0 1
    outer loop
      vertex 22.46396909912633 -13.46438491695983 40
      vertex 23.052056153494508 -17.096570038932835 40
      vertex 23.863177873083046 -15.944865687662583 40
    endloop
  endfacet
  facet normal 0 0 1
    outer loop
      vertex 22.46396909912633 -13.46438491695983 40
      vertex 23.863177873083046 -15.944865687662583 40
      vertex 23.097576318665165 -12.345911755799822 40
    endloop
  endfacet
  facet normal 0 0 1
    outer loop
      vertex 23.863177873083046 -15.944865687662583 40
      vertex 23.675539453743585 -11.197696211845937 40
      vertex 23.097576318665165 -12.345911755799822 40
    endloop
  endfacet
  facet normal -0.6337946208436145 0.319025402493006 0.7046468414417782
    outer loop
      vertex 22.32853554014905 -10.560610807727967 38.5
      vertex 23.097576318665165 -12.345911755799822 40
      vertex 23.675539453743585 -11.197696211845937 40
    endloop
  endfacet
  facet normal 0 0 1
    outer loop
      vertex 23.863177873083046 -15.944865687662583 40
      vertex 24.616811107007806 -14.754748758345464 40
      vertex 23.675539453743585 -11.197696211845937 40
    endloop
  endfacet
  facet normal 0 0 1
    outer loop
      vertex 24.616811107007806 -14.754748758345464 40
      vertex 24.196466140545603 -10.022504436915368 40
      vertex 23.675539453743585 -11.197696211845937 40
    endloop
  endfacet
  facet normal 0 0 1
    outer loop
      vertex 24.616811107007806 -14.754748758345464 40
      vertex 25.31114028679779 -13.529086346906132 40
      vertex 24.60768322649733 -8.956464227957204 40
    endloop
  endfacet
  facet normal 0 0 1
    outer loop
      vertex 25.31114028679779 -13.529086346906132 40
      vertex 25.944492712642823 -12.270831181449095 40
      vertex 24.60768322649733 -8.956464227957204 40
    endloop
  endfacet
  facet normal -0.6486850220175819 0.2875422943780181 0.7046468414417782
    outer loop
      vertex 22.32853554014905 -10.560610807727967 38.5
      vertex 23.675539453743585 -11.197696211845937 40
      vertex 22.819824453028783 -9.452280779417718 38.5
    endloop
  endfacet
  facet normal -0.648685022017581 0.28754229437801876 0.7046468414417786
    outer loop
      vertex 22.819824453028783 -9.452280779417718 38.5
      vertex 23.675539453743585 -11.197696211845937 40
      vertex 24.196466140545603 -10.022504436915368 40
    endloop
  endfacet
  facet normal -0.6620126841554116 0.2553664716901418 0.7046468414417786
    outer loop
      vertex 22.819824453028783 -9.452280779417718 38.5
      vertex 24.196466140545603 -10.022504436915368 40
      vertex 23.20764561910311 -8.446892212054514 38.5
    endloop
  endfacet
  facet normal 0 0 1
    outer loop
      vertex 24.616811107007806 -14.754748758345464 40
      vertex 24.60768322649733 -8.956464227957204 40
      vertex 24.196466140545603 -10.022504436915368 40
    endloop
  endfacet
  facet normal -0.6620126841554109 0.25536647169014265 0.704646841441779
    outer loop
      vertex 23.20764561910311 -8.446892212054514 38.5
      vertex 24.196466140545603 -10.022504436915368 40
      vertex 24.60768322649733 -8.956464227957204 40
    endloop
  endfacet
  facet normal 0.34202014330073277 0.9396926207949844 -2.595320909949742e-15
    outer loop
      vertex 23.20764561910311 -8.446892212054514 38.5
      vertex 24.60768322649733 -8.956464227957204 40
      vertex 26.9659687962858 -9.814809979188848 40
    endloop
  endfacet
  facet normal 0 0 1
    outer loop
      vertex 25.944492712642823 -12.270831181449095 40
      vertex 26.515342583073927 -10.983014508878076 40
      vertex 24.60768322649733 -8.956464227957204 40
    endloop
  endfacet
  facet normal 0 0 1
    outer loop
      vertex 24.60768322649733 -8.956464227957204 40
      vertex 26.515342583073927 -10.983014508878076 40
      vertex 26.9659687962858 -9.814809979188848 40
    endloop
  endfacet
  facet normal -0.40524131400498975 -0.9142097557035307 0
    outer loop
      vertex 10.560610807727967 22.32853554014905 2
      vertex 10.560610807727967 22.32853554014905 5
      vertex 9.452280779417718 22.819824453028783 2
    endloop
  endfacet
  facet normal -0.4496113296546081 -0.8932243011955147 0
    outer loop
      vertex 10.560610807727967 22.32853554014905 2
      vertex 11.643499399602142 21.783455229404368 5
      vertex 10.560610807727967 22.32853554014905 5
    endloop
  endfacet
  facet normal -0.8932243011955147 -0.4496113296546081 0
    outer loop
      vertex 22.32853554014905 10.560610807727967 2
      vertex 22.32853554014905 10.560610807727967 5
      vertex 21.783455229404368 11.643499399602142 2
    endloop
  endfacet
  facet normal -0.9142097557035307 -0.40524131400498975 0
    outer loop
      vertex 22.32853554014905 10.560610807727967 2
      vertex 22.819824453028783 9.452280779417718 5
      vertex 22.32853554014905 10.560610807727967 5
    endloop
  endfacet
  facet normal -0.4496113296546081 -0.8932243011955147 0
    outer loop
      vertex 10.560610807727967 22.32853554014905 2
      vertex 11.643499399602142 21.783455229404368 2
      vertex 11.643499399602142 21.783455229404368 5
    endloop
  endfacet
  facet normal -0.49289819222978287 -0.8700869911087121 0
    outer loop
      vertex 11.643499399602142 21.783455229404368 2
      vertex 12.698337781572578 21.18589666700672 2
      vertex 12.698337781572578 21.18589666700672 5
    endloop
  endfacet
  facet normal -0.534997619887098 -0.8448535652497065 0
    outer loop
      vertex 13.722584755584174 20.537299423872867 2
      vertex 13.722584755584174 20.537299423872867 5
      vertex 12.698337781572578 21.18589666700672 2
    endloop
  endfacet
  facet normal -0.49289819222978287 -0.8700869911087121 0
    outer loop
      vertex 11.643499399602142 21.783455229404368 2
      vertex 12.698337781572578 21.18589666700672 5
      vertex 11.643499399602142 21.783455229404368 5
    endloop
  endfacet
  facet normal -0.534997619887098 -0.8448535652497065 0
    outer loop
      vertex 12.698337781572578 21.18589666700672 2
      vertex 13.722584755584174 20.537299423872867 5
      vertex 12.698337781572578 21.18589666700672 5
    endloop
  endfacet
  facet normal -0.5758081914178447 -0.8175848131515843 0
    outer loop
      vertex 13.722584755584174 20.537299423872867 2
      vertex 14.713772820963104 19.83922602757193 5
      vertex 13.722584755584174 20.537299423872867 5
    endloop
  endfacet
  facet normal -0.6152315905806263 -0.7883464276266067 0
    outer loop
      vertex 15.669514118842043 19.093358198059605 2
      vertex 15.669514118842043 19.093358198059605 5
      vertex 14.713772820963104 19.83922602757193 2
    endloop
  endfacet
  facet normal -0.653172842953777 -0.7572088465064842 0
    outer loop
      vertex 15.669514118842043 19.093358198059605 2
      vertex 16.587506184721356 18.30149279626749 2
      vertex 16.587506184721356 18.30149279626749 5
    endloop
  endfacet
  facet normal -0.6152315905806263 -0.7883464276266067 0
    outer loop
      vertex 14.713772820963104 19.83922602757193 2
      vertex 15.669514118842043 19.093358198059605 5
      vertex 14.713772820963104 19.83922602757193 5
    endloop
  endfacet
  facet normal -0.653172842953777 -0.7572088465064842 0
    outer loop
      vertex 15.669514118842043 19.093358198059605 2
      vertex 16.587506184721356 18.30149279626749 5
      vertex 15.669514118842043 19.093358198059605 5
    endloop
  endfacet
  facet normal -0.5758081914178447 -0.8175848131515843 0
    outer loop
      vertex 13.722584755584174 20.537299423872867 2
      vertex 14.713772820963104 19.83922602757193 2
      vertex 14.713772820963104 19.83922602757193 5
    endloop
  endfacet
  facet normal 0 0 -1
    outer loop
      vertex 13.722584755584174 20.537299423872867 2
      vertex 12.698337781572578 21.18589666700672 2
      vertex 20.770464911643163 24.583427153599366 2
    endloop
  endfacet
  facet normal 0 0 -1
    outer loop
      vertex 13.722584755584174 20.537299423872867 2
      vertex 20.83166255828627 24.170866131431456 2
      vertex 14.713772820963104 19.83922602757193 2
    endloop
  endfacet
  facet normal -0.7883464276266067 -0.6152315905806263 0
    outer loop
      vertex 19.093358198059605 15.669514118842043 2
      vertex 19.83922602757193 14.713772820963104 2
      vertex 19.83922602757193 14.713772820963104 5
    endloop
  endfacet
  facet normal -0.7572088465064842 -0.653172842953777 0
    outer loop
      vertex 18.30149279626749 16.587506184721356 2
      vertex 19.093358198059605 15.669514118842043 2
      vertex 19.093358198059605 15.669514118842043 5
    endloop
  endfacet
  facet normal -0.7883464276266067 -0.6152315905806263 0
    outer loop
      vertex 19.093358198059605 15.669514118842043 2
      vertex 19.83922602757193 14.713772820963104 5
      vertex 19.093358198059605 15.669514118842043 5
    endloop
  endfacet
  facet normal -0.7572088465064842 -0.653172842953777 0
    outer loop
      vertex 18.30149279626749 16.587506184721356 2
      vertex 19.093358198059605 15.669514118842043 5
      vertex 18.30149279626749 16.587506184721356 5
    endloop
  endfacet
  facet normal -0.8175848131515843 -0.5758081914178447 0
    outer loop
      vertex 20.537299423872867 13.722584755584174 2
      vertex 20.537299423872867 13.722584755584174 5
      vertex 19.83922602757193 14.713772820963104 2
    endloop
  endfacet
  facet normal -0.8448535652497065 -0.534997619887098 0
    outer loop
      vertex 20.537299423872867 13.722584755584174 2
      vertex 21.18589666700672 12.698337781572578 2
      vertex 21.18589666700672 12.698337781572578 5
    endloop
  endfacet
  facet normal -0.8700869911087121 -0.49289819222978287 0
    outer loop
      vertex 21.783455229404368 11.643499399602142 2
      vertex 21.783455229404368 11.643499399602142 5
      vertex 21.18589666700672 12.698337781572578 2
    endloop
  endfacet
  facet normal -0.8448535652497065 -0.534997619887098 0
    outer loop
      vertex 20.537299423872867 13.722584755584174 2
      vertex 21.18589666700672 12.698337781572578 5
      vertex 20.537299423872867 13.722584755584174 5
    endloop
  endfacet
  facet normal -0.8700869911087121 -0.49289819222978287 0
    outer loop
      vertex 21.18589666700672 12.698337781572578 2
      vertex 21.783455229404368 11.643499399602142 5
      vertex 21.18589666700672 12.698337781572578 5
    endloop
  endfacet
  facet normal -0.8932243011955147 -0.4496113296546081 0
    outer loop
      vertex 22.32853554014905 10.560610807727967 5
      vertex 21.783455229404368 11.643499399602142 5
      vertex 21.783455229404368 11.643499399602142 2
    endloop
  endfacet
  facet normal 0 0 -1
    outer loop
      vertex 20.537299423872867 13.722584755584174 2
      vertex 19.83922602757193 14.713772820963104 2
      vertex 24.170866131431456 20.83166255828627 2
    endloop
  endfacet
  facet normal 0 0 -1
    outer loop
      vertex 20.537299423872867 13.722584755584174 2
      vertex 25 20.75 2
      vertex 21.18589666700672 12.698337781572578 2
    endloop
  endfacet
  facet normal -0.8175848131515843 -0.5758081914178447 0
    outer loop
      vertex 19.83922602757193 14.713772820963104 2
      vertex 20.537299423872867 13.722584755584174 5
      vertex 19.83922602757193 14.713772820963104 5
    endloop
  endfacet
  facet normal -0.6895405447370664 -0.7242470829514676 0
    outer loop
      vertex 16.587506184721356 18.30149279626749 2
      vertex 17.465537495307725 17.465537495307725 2
      vertex 17.465537495307725 17.465537495307725 5
    endloop
  endfacet
  facet normal -0.7242470829514676 -0.6895405447370664 0
    outer loop
      vertex 18.30149279626749 16.587506184721356 2
      vertex 18.30149279626749 16.587506184721356 5
      vertex 17.465537495307725 17.465537495307725 2
    endloop
  endfacet
  facet normal 0 0 -1
    outer loop
      vertex 16.587506184721356 18.30149279626749 2
      vertex 21.994796179957174 21.994796179957174 2
      vertex 17.465537495307725 17.465537495307725 2
    endloop
  endfacet
  facet normal 0 0 -1
    outer loop
      vertex 18.30149279626749 16.587506184721356 2
      vertex 17.465537495307725 17.465537495307725 2
      vertex 22.303828542304508 21.714705573208366 2
    endloop
  endfacet
  facet normal -0.6895405447370664 -0.7242470829514676 0
    outer loop
      vertex 16.587506184721356 18.30149279626749 2
      vertex 17.465537495307725 17.465537495307725 5
      vertex 16.587506184721356 18.30149279626749 5
    endloop
  endfacet
  facet normal -0.7242470829514676 -0.6895405447370664 0
    outer loop
      vertex 18.30149279626749 16.587506184721356 5
      vertex 17.465537495307725 17.465537495307725 5
      vertex 17.465537495307725 17.465537495307725 2
    endloop
  endfacet
  facet normal 0 0 -1
    outer loop
      vertex 15.669514118842043 19.093358198059605 2
      vertex 14.713772820963104 19.83922602757193 2
      vertex 21.073511986827032 23.373595412448367 2
    endloop
  endfacet
  facet normal 0 0 -1
    outer loop
      vertex 15.669514118842043 19.093358198059605 2
      vertex 21.46625414771418 22.638826509666693 2
      vertex 16.587506184721356 18.30149279626749 2
    endloop
  endfacet
  facet normal 0 0 -1
    outer loop
      vertex 14.713772820963104 19.83922602757193 2
      vertex 20.933003573138112 23.766290121668536 2
      vertex 21.073511986827032 23.373595412448367 2
    endloop
  endfacet
  facet normal 0 0 -1
    outer loop
      vertex 15.669514118842043 19.093358198059605 2
      vertex 21.25183462651949 22.99656386848951 2
      vertex 21.46625414771418 22.638826509666693 2
    endloop
  endfacet
  facet normal 0 0 -1
    outer loop
      vertex 15.669514118842043 19.093358198059605 2
      vertex 21.073511986827032 23.373595412448367 2
      vertex 21.25183462651949 22.99656386848951 2
    endloop
  endfacet
  facet normal 0 0 -1
    outer loop
      vertex 18.30149279626749 16.587506184721356 2
      vertex 22.99656386848951 21.25183462651949 2
      vertex 19.093358198059605 15.669514118842043 2
    endloop
  endfacet
  facet normal 0 0 -1
    outer loop
      vertex 19.093358198059605 15.669514118842043 2
      vertex 23.373595412448367 21.073511986827032 2
      vertex 19.83922602757193 14.713772820963104 2
    endloop
  endfacet
  facet normal 0 0 -1
    outer loop
      vertex 19.83922602757193 14.713772820963104 2
      vertex 23.373595412448367 21.073511986827032 2
      vertex 23.766290121668536 20.933003573138112 2
    endloop
  endfacet
  facet normal 0 0 -1
    outer loop
      vertex 19.093358198059605 15.669514118842043 2
      vertex 22.99656386848951 21.25183462651949 2
      vertex 23.373595412448367 21.073511986827032 2
    endloop
  endfacet
  facet normal 0 0 -1
    outer loop
      vertex 16.587506184721356 18.30149279626749 2
      vertex 21.46625414771418 22.638826509666693 2
      vertex 21.714705573208366 22.303828542304508 2
    endloop
  endfacet
  facet normal 0 0 -1
    outer loop
      vertex 16.587506184721356 18.30149279626749 2
      vertex 21.714705573208366 22.303828542304508 2
      vertex 21.994796179957174 21.994796179957174 2
    endloop
  endfacet
  facet normal 0 0 -1
    outer loop
      vertex 18.30149279626749 16.587506184721356 2
      vertex 22.303828542304508 21.714705573208366 2
      vertex 22.638826509666693 21.46625414771418 2
    endloop
  endfacet
  facet normal 0 0 -1
    outer loop
      vertex 17.465537495307725 17.465537495307725 2
      vertex 21.994796179957174 21.994796179957174 2
      vertex 22.303828542304508 21.714705573208366 2
    endloop
  endfacet
  facet normal 0 0 -1
    outer loop
      vertex 18.30149279626749 16.587506184721356 2
      vertex 22.638826509666693 21.46625414771418 2
      vertex 22.99656386848951 21.25183462651949 2
    endloop
  endfacet
  facet normal 0.5956993044924324 0.8032075314806457 0
    outer loop
      vertex 22.303828542304508 21.714705573208366 2
      vertex 22.303828542304508 21.714705573208366 5
      vertex 22.638826509666693 21.46625414771418 2
    endloop
  endfacet
  facet normal 0.67155895484702 0.7409511253549577 0
    outer loop
      vertex 22.303828542304508 21.714705573208366 2
      vertex 21.994796179957174 21.994796179957174 2
      vertex 21.994796179957174 21.994796179957174 5
    endloop
  endfacet
  facet normal 0.7409511253549577 0.67155895484702 0
    outer loop
      vertex 21.714705573208366 22.303828542304508 2
      vertex 21.714705573208366 22.303828542304508 5
      vertex 21.994796179957174 21.994796179957174 2
    endloop
  endfacet
  facet normal 0.8032075314806457 0.5956993044924324 0
    outer loop
      vertex 21.714705573208366 22.303828542304508 2
      vertex 21.46625414771418 22.638826509666693 5
      vertex 21.714705573208366 22.303828542304508 5
    endloop
  endfacet
  facet normal 0.7409511253549577 0.67155895484702 0
    outer loop
      vertex 21.994796179957174 21.994796179957174 2
      vertex 21.714705573208366 22.303828542304508 5
      vertex 21.994796179957174 21.994796179957174 5
    endloop
  endfacet
  facet normal 0.67155895484702 0.7409511253549577 0
    outer loop
      vertex 22.303828542304508 21.714705573208366 2
      vertex 21.994796179957174 21.994796179957174 5
      vertex 22.303828542304508 21.714705573208366 5
    endloop
  endfacet
  facet normal 0 0 1
    outer loop
      vertex 22.185400011510552 18.207087255496624 5
      vertex 22.99656386848951 21.25183462651949 5
      vertex 21.265297297687326 19.27374200410943 5
    endloop
  endfacet
  facet normal 0 0 1
    outer loop
      vertex 19.27374200410943 21.265297297687326 5
      vertex 20.293964620053917 20.293964620053917 5
      vertex 21.25183462651949 22.99656386848951 5
    endloop
  endfacet
  facet normal 0 0 1
    outer loop
      vertex 20.293964620053917 20.293964620053917 5
      vertex 21.46625414771418 22.638826509666693 5
      vertex 21.25183462651949 22.99656386848951 5
    endloop
  endfacet
  facet normal 0 0 1
    outer loop
      vertex 21.265297297687326 19.27374200410943 5
      vertex 21.994796179957174 21.994796179957174 5
      vertex 20.293964620053917 20.293964620053917 5
    endloop
  endfacet
  facet normal 0 0 1
    outer loop
      vertex 21.265297297687326 19.27374200410943 5
      vertex 22.303828542304508 21.714705573208366 5
      vertex 21.994796179957174 21.994796179957174 5
    endloop
  endfacet
  facet normal 0 0 1
    outer loop
      vertex 21.265297297687326 19.27374200410943 5
      vertex 22.638826509666693 21.46625414771418 5
      vertex 22.303828542304508 21.714705573208366 5
    endloop
  endfacet
  facet normal 0 0 1
    outer loop
      vertex 21.265297297687326 19.27374200410943 5
      vertex 22.99656386848951 21.25183462651949 5
      vertex 22.638826509666693 21.46625414771418 5
    endloop
  endfacet
  facet normal 0 0 1
    outer loop
      vertex 20.293964620053917 20.293964620053917 5
      vertex 21.714705573208366 22.303828542304508 5
      vertex 21.46625414771418 22.638826509666693 5
    endloop
  endfacet
  facet normal 0 0 1
    outer loop
      vertex 20.293964620053917 20.293964620053917 5
      vertex 21.994796179957174 21.994796179957174 5
      vertex 21.714705573208366 22.303828542304508 5
    endloop
  endfacet
  facet normal -0.40524131400498975 -0.9142097557035307 0
    outer loop
      vertex 10.560610807727967 22.32853554014905 5
      vertex 10.560610807727967 22.32853554014905 38.5
      vertex 9.452280779417718 22.819824453028783 5
    endloop
  endfacet
  facet normal -0.8932243011955145 -0.4496113296546081 0
    outer loop
      vertex 22.32853554014905 10.560610807727967 5
      vertex 22.32853554014905 10.560610807727967 38.5
      vertex 21.783455229404368 11.643499399602142 5
    endloop
  endfacet
  facet normal -0.4496113296546081 -0.8932243011955145 0
    outer loop
      vertex 10.560610807727967 22.32853554014905 5
      vertex 11.643499399602142 21.783455229404368 5
      vertex 11.643499399602142 21.783455229404368 38.5
    endloop
  endfacet
  facet normal -0.49289819222978276 -0.8700869911087121 0
    outer loop
      vertex 11.643499399602142 21.783455229404368 5
      vertex 12.698337781572578 21.18589666700672 5
      vertex 12.698337781572578 21.18589666700672 38.5
    endloop
  endfacet
  facet normal -0.5349976198870982 -0.8448535652497066 0
    outer loop
      vertex 13.722584755584174 20.537299423872867 5
      vertex 13.722584755584174 20.537299423872867 38.5
      vertex 12.698337781572578 21.18589666700672 5
    endloop
  endfacet
  facet normal -0.6152315905806263 -0.7883464276266067 0
    outer loop
      vertex 15.669514118842043 19.093358198059605 5
      vertex 15.669514118842043 19.093358198059605 38.5
      vertex 14.713772820963104 19.83922602757193 5
    endloop
  endfacet
  facet normal -0.653172842953777 -0.7572088465064843 0
    outer loop
      vertex 15.669514118842043 19.093358198059605 5
      vertex 16.587506184721356 18.30149279626749 5
      vertex 16.587506184721356 18.30149279626749 38.5
    endloop
  endfacet
  facet normal -0.5758081914178446 -0.8175848131515842 0
    outer loop
      vertex 13.722584755584174 20.537299423872867 5
      vertex 14.713772820963104 19.83922602757193 5
      vertex 14.713772820963104 19.83922602757193 38.5
    endloop
  endfacet
  facet normal -0.7883464276266067 -0.6152315905806263 0
    outer loop
      vertex 19.093358198059605 15.669514118842043 5
      vertex 19.83922602757193 14.713772820963104 5
      vertex 19.83922602757193 14.713772820963104 38.5
    endloop
  endfacet
  facet normal -0.7572088465064843 -0.653172842953777 0
    outer loop
      vertex 18.30149279626749 16.587506184721356 5
      vertex 19.093358198059605 15.669514118842043 5
      vertex 19.093358198059605 15.669514118842043 38.5
    endloop
  endfacet
  facet normal -0.8175848131515842 -0.5758081914178446 0
    outer loop
      vertex 20.537299423872867 13.722584755584174 5
      vertex 20.537299423872867 13.722584755584174 38.5
      vertex 19.83922602757193 14.713772820963104 5
    endloop
  endfacet
  facet normal -0.8448535652497066 -0.5349976198870982 0
    outer loop
      vertex 20.537299423872867 13.722584755584174 5
      vertex 21.18589666700672 12.698337781572578 5
      vertex 21.18589666700672 12.698337781572578 38.5
    endloop
  endfacet
  facet normal -0.8700869911087121 -0.49289819222978276 0
    outer loop
      vertex 21.783455229404368 11.643499399602142 5
      vertex 21.783455229404368 11.643499399602142 38.5
      vertex 21.18589666700672 12.698337781572578 5
    endloop
  endfacet
  facet normal -0.6895405447370663 -0.7242470829514676 0
    outer loop
      vertex 16.587506184721356 18.30149279626749 5
      vertex 17.465537495307725 17.465537495307725 5
      vertex 17.465537495307725 17.465537495307725 38.5
    endloop
  endfacet
  facet normal -0.7242470829514676 -0.6895405447370663 0
    outer loop
      vertex 18.30149279626749 16.587506184721356 5
      vertex 18.30149279626749 16.587506184721356 38.5
      vertex 17.465537495307725 17.465537495307725 5
    endloop
  endfacet
  facet normal 0.6895405447370655 0.7242470829514682 0
    outer loop
      vertex 19.27374200410943 21.265297297687326 5
      vertex 19.27374200410943 21.265297297687326 40
      vertex 20.293964620053917 20.293964620053917 5
    endloop
  endfacet
  facet normal 0.6531728429537763 0.757208846506485 0
    outer loop
      vertex 18.207087255496624 22.185400011510552 5
      vertex 18.207087255496624 22.185400011510552 40
      vertex 19.27374200410943 21.265297297687326 5
    endloop
  endfacet
  facet normal 0.7242470829514682 0.6895405447370655 0
    outer loop
      vertex 21.265297297687326 19.27374200410943 5
      vertex 20.293964620053917 20.293964620053917 5
      vertex 21.265297297687326 19.27374200410943 40
    endloop
  endfacet
  facet normal 0.757208846506485 0.6531728429537763 0
    outer loop
      vertex 22.185400011510552 18.207087255496624 5
      vertex 21.265297297687326 19.27374200410943 5
      vertex 22.185400011510552 18.207087255496624 40
    endloop
  endfacet
  facet normal -0.043619386618811734 -0.9990482216144516 0
    outer loop
      vertex 2.7018280252814293 30.88203564286232 2
      vertex 2.7018280252814293 30.88203564286232 5
      vertex 0 31 2
    endloop
  endfacet
  facet normal -0.043619386618811734 -0.9990482216144516 0
    outer loop
      vertex 0 31 2
      vertex 2.7018280252814293 30.88203564286232 5
      vertex 0 31 5
    endloop
  endfacet
  facet normal -0.13052619278651914 -0.9914448612992336 0
    outer loop
      vertex 2.7018280252814293 30.88203564286232 2
      vertex 5.383093506097794 30.529040344059467 2
      vertex 5.383093506097794 30.529040344059467 5
    endloop
  endfacet
  facet normal -0.13052619278651914 -0.9914448612992336 0
    outer loop
      vertex 2.7018280252814293 30.88203564286232 2
      vertex 5.383093506097794 30.529040344059467 5
      vertex 2.7018280252814293 30.88203564286232 5
    endloop
  endfacet
  facet normal 0 0 1
    outer loop
      vertex -5.383093506097794 30.529040344059467 5
      vertex -2.7018280252814293 30.88203564286232 5
      vertex 17.140903554469997 36.9449512867313 5
    endloop
  endfacet
  facet normal 0 0 1
    outer loop
      vertex -2.7018280252814293 30.88203564286232 5
      vertex 0 31 5
      vertex 17.140903554469997 36.9449512867313 5
    endloop
  endfacet
  facet normal -0.3598950365349897 -0.9329927988347382 0
    outer loop
      vertex 8.446892214779151 23.207645618052105 2
      vertex 9.452280779417718 22.819824453028783 2
      vertex 9.452280779417718 22.819824453028783 5
    endloop
  endfacet
  facet normal 0 0 -1
    outer loop
      vertex 8.446892214779151 23.207645618052105 2
      vertex 10.156789424248613 27.905549589317708 2
      vertex 9.452280779417718 22.819824453028783 2
    endloop
  endfacet
  facet normal -0.9396926207545495 0.34202014341182624 0
    outer loop
      vertex 8.446892214779151 23.207645618052105 2
      vertex 8.446892214779151 23.207645618052105 5
      vertex 10.156789424248613 27.905549589317708 2
    endloop
  endfacet
  facet normal 0 0 -1
    outer loop
      vertex 10.560610807727967 22.32853554014905 2
      vertex 9.452280779417718 22.819824453028783 2
      vertex 10.156789424248613 27.905549589317708 2
    endloop
  endfacet
  facet normal -0.3598950365349897 -0.9329927988347382 0
    outer loop
      vertex 8.446892214779151 23.207645618052105 2
      vertex 9.452280779417718 22.819824453028783 5
      vertex 8.446892214779151 23.207645618052105 5
    endloop
  endfacet
  facet normal -0.40524131400498975 -0.9142097557035307 0
    outer loop
      vertex 10.560610807727967 22.32853554014905 5
      vertex 9.452280779417718 22.819824453028783 5
      vertex 9.452280779417718 22.819824453028783 2
    endloop
  endfacet
  facet normal -0.9396926207545495 0.34202014341182635 1.1103551605281137e-16
    outer loop
      vertex 10.156789424248613 27.905549589317708 2
      vertex 8.446892214779151 23.207645618052105 5
      vertex 9.81480998235472 26.965968795064587 5
    endloop
  endfacet
  facet normal -0.9396926207545497 0.34202014341182607 0
    outer loop
      vertex 10.156789424248613 27.905549589317708 2
      vertex 9.81480998235472 26.965968795064587 5
      vertex 10.156789424248613 27.905549589317708 5
    endloop
  endfacet
  facet normal 0 0 -1
    outer loop
      vertex 8.446892212054513 23.20764561910311 5
      vertex 9.81480998235472 26.965968795064587 5
      vertex 8.446892214779151 23.207645618052105 5
    endloop
  endfacet
  facet normal 0 0 -1
    outer loop
      vertex 8.446892212054513 23.20764561910311 5
      vertex 9.814809979188848 26.9659687962858 5
      vertex 9.81480998235472 26.965968795064587 5
    endloop
  endfacet
  facet normal 0 0 1
    outer loop
      vertex 9.81480998235472 26.965968795064587 5
      vertex 10.983014508878076 26.515342583073927 5
      vertex 10.156789424248613 27.905549589317708 5
    endloop
  endfacet
  facet normal 0 0 1
    outer loop
      vertex 10.983014508878076 26.515342583073927 5
      vertex 10.60262444615364 29.130471244454384 5
      vertex 10.156789424248613 27.905549589317708 5
    endloop
  endfacet
  facet normal -0.21643961530106193 -0.9762960068177727 0
    outer loop
      vertex 5.383093506097794 30.529040344059467 2
      vertex 8.023390397429466 29.94370061159134 2
      vertex 8.023390397429466 29.94370061159134 5
    endloop
  endfacet
  facet normal -0.21643961530106193 -0.9762960068177727 0
    outer loop
      vertex 5.383093506097794 30.529040344059467 2
      vertex 8.023390397429466 29.94370061159134 5
      vertex 5.383093506097794 30.529040344059467 5
    endloop
  endfacet
  facet normal -0.30070579793655927 -0.9537169512425253 0
    outer loop
      vertex 8.023390397429466 29.94370061159134 2
      vertex 10.60262444615364 29.130471244454384 2
      vertex 10.60262444615364 29.130471244454384 5
    endloop
  endfacet
  facet normal -0.9396926207545496 0.3420201434118264 0
    outer loop
      vertex 10.156789424248613 27.905549589317708 2
      vertex 10.156789424248613 27.905549589317708 5
      vertex 10.60262444615364 29.130471244454384 2
    endloop
  endfacet
  facet normal -0.30070579793655927 -0.9537169512425253 0
    outer loop
      vertex 8.023390397429466 29.94370061159134 2
      vertex 10.60262444615364 29.130471244454384 5
      vertex 8.023390397429466 29.94370061159134 5
    endloop
  endfacet
  facet normal -0.9396926207545496 0.3420201434118264 0
    outer loop
      vertex 10.156789424248613 27.905549589317708 5
      vertex 10.60262444615364 29.130471244454384 5
      vertex 10.60262444615364 29.130471244454384 2
    endloop
  endfacet
  facet normal 0 0 1
    outer loop
      vertex 2.7018280252814293 30.88203564286232 5
      vertex 17.140903554469997 36.9449512867313 5
      vertex 0 31 5
    endloop
  endfacet
  facet normal 0 0 1
    outer loop
      vertex 2.7018280252814293 30.88203564286232 5
      vertex 5.383093506097794 30.529040344059467 5
      vertex 17.140903554469997 36.9449512867313 5
    endloop
  endfacet
  facet normal 0 0 1
    outer loop
      vertex 5.383093506097794 30.529040344059467 5
      vertex 8.023390397429466 29.94370061159134 5
      vertex 17.140903554469997 36.9449512867313 5
    endloop
  endfacet
  facet normal 0 0 -1
    outer loop
      vertex -45 45 2
      vertex 45 45 2
      vertex 5.383093506097794 30.529040344059467 2
    endloop
  endfacet
  facet normal 0 0 1
    outer loop
      vertex -5.383093506097794 30.529040344059467 5
      vertex 45 45 5
      vertex -17.140903554469997 36.9449512867313 5
    endloop
  endfacet
  facet normal 0 0 -1
    outer loop
      vertex 10.560610807727967 22.32853554014905 2
      vertex 10.156789424248613 27.905549589317708 2
      vertex 20.83166255828627 25.829133868568544 2
    endloop
  endfacet
  facet normal 0 0 -1
    outer loop
      vertex 10.156789424248613 27.905549589317708 2
      vertex 10.60262444615364 29.130471244454384 2
      vertex 20.83166255828627 25.829133868568544 2
    endloop
  endfacet
  facet normal 0 0 -1
    outer loop
      vertex 10.560610807727967 22.32853554014905 2
      vertex 20.83166255828627 25.829133868568544 2
      vertex 11.643499399602142 21.783455229404368 2
    endloop
  endfacet
  facet normal 0 0 -1
    outer loop
      vertex 11.643499399602142 21.783455229404368 2
      vertex 20.770464911643163 25.416572846400634 2
      vertex 12.698337781572578 21.18589666700672 2
    endloop
  endfacet
  facet normal 0 0 1
    outer loop
      vertex 14.754748758345464 24.616811107007806 5
      vertex 20.75 25 5
      vertex 14.34472998609851 24.84908387247379 5
    endloop
  endfacet
  facet normal 0 0 1
    outer loop
      vertex 10.983014508878076 26.515342583073927 5
      vertex 11.67129863593614 26.210247212654103 5
      vertex 17.140903554469997 36.9449512867313 5
    endloop
  endfacet
  facet normal 0 0 1
    outer loop
      vertex 10.983014508878076 26.515342583073927 5
      vertex 17.140903554469997 36.9449512867313 5
      vertex 10.60262444615364 29.130471244454384 5
    endloop
  endfacet
  facet normal 0 0 1
    outer loop
      vertex 8.023390397429466 29.94370061159134 5
      vertex 10.60262444615364 29.130471244454384 5
      vertex 17.140903554469997 36.9449512867313 5
    endloop
  endfacet
  facet normal 0 0 -1
    outer loop
      vertex 12.698337781572578 21.18589666700672 2
      vertex 20.75 25 2
      vertex 20.770464911643163 24.583427153599366 2
    endloop
  endfacet
  facet normal 0 0 -1
    outer loop
      vertex 12.698337781572578 21.18589666700672 2
      vertex 20.770464911643163 25.416572846400634 2
      vertex 20.75 25 2
    endloop
  endfacet
  facet normal 0 0 -1
    outer loop
      vertex 11.643499399602142 21.783455229404368 2
      vertex 20.83166255828627 25.829133868568544 2
      vertex 20.770464911643163 25.416572846400634 2
    endloop
  endfacet
  facet normal 0 0 -1
    outer loop
      vertex 13.722584755584174 20.537299423872867 2
      vertex 20.770464911643163 24.583427153599366 2
      vertex 20.83166255828627 24.170866131431456 2
    endloop
  endfacet
  facet normal 0 0 -1
    outer loop
      vertex 14.713772820963104 19.83922602757193 2
      vertex 20.83166255828627 24.170866131431456 2
      vertex 20.933003573138112 23.766290121668536 2
    endloop
  endfacet
  facet normal 0 0 -1
    outer loop
      vertex 10.60262444615364 29.130471244454384 2
      vertex 20.933003573138112 26.233709878331464 2
      vertex 20.83166255828627 25.829133868568544 2
    endloop
  endfacet
  facet normal 0 0 -1
    outer loop
      vertex 10.60262444615364 29.130471244454384 2
      vertex 21.073511986827032 26.626404587551633 2
      vertex 20.933003573138112 26.233709878331464 2
    endloop
  endfacet
  facet normal 0 0 -1
    outer loop
      vertex 10.60262444615364 29.130471244454384 2
      vertex 21.25183462651949 27.00343613151049 2
      vertex 21.073511986827032 26.626404587551633 2
    endloop
  endfacet
  facet normal 0 0 -1
    outer loop
      vertex 10.60262444615364 29.130471244454384 2
      vertex 21.46625414771418 27.361173490333307 2
      vertex 21.25183462651949 27.00343613151049 2
    endloop
  endfacet
  facet normal 0 0 -1
    outer loop
      vertex 10.60262444615364 29.130471244454384 2
      vertex 21.714705573208366 27.696171457695492 2
      vertex 21.46625414771418 27.361173490333307 2
    endloop
  endfacet
  facet normal 0.9415440651830208 0.3368898533922203 0
    outer loop
      vertex 21.073511986827032 23.373595412448367 2
      vertex 20.933003573138112 23.766290121668536 2
      vertex 20.933003573138112 23.766290121668536 5
    endloop
  endfacet
  facet normal 0.9700312531945428 0.24298017990326878 0
    outer loop
      vertex 20.933003573138112 23.766290121668536 2
      vertex 20.83166255828627 24.170866131431456 2
      vertex 20.83166255828627 24.170866131431456 5
    endloop
  endfacet
  facet normal 0.9891765099647816 0.14673047445535753 0
    outer loop
      vertex 20.83166255828627 24.170866131431456 2
      vertex 20.770464911643163 24.583427153599366 2
      vertex 20.770464911643163 24.583427153599366 5
    endloop
  endfacet
  facet normal 0.9987954562051724 0.04906767432741787 0
    outer loop
      vertex 20.770464911643163 24.583427153599366 2
      vertex 20.75 25 2
      vertex 20.75 25 5
    endloop
  endfacet
  facet normal 0.9987954562051724 -0.04906767432741787 0
    outer loop
      vertex 20.75 25 2
      vertex 20.770464911643163 25.416572846400634 2
      vertex 20.770464911643163 25.416572846400634 5
    endloop
  endfacet
  facet normal 0.8577286100002698 0.5141027441932253 0
    outer loop
      vertex 21.25183462651949 22.99656386848951 2
      vertex 21.25183462651949 22.99656386848951 5
      vertex 21.46625414771418 22.638826509666693 2
    endloop
  endfacet
  facet normal 0.8032075314806457 0.5956993044924324 0
    outer loop
      vertex 21.714705573208366 22.303828542304508 2
      vertex 21.46625414771418 22.638826509666693 2
      vertex 21.46625414771418 22.638826509666693 5
    endloop
  endfacet
  facet normal 0.9039892931234456 0.4275550934302775 0
    outer loop
      vertex 21.073511986827032 23.373595412448367 2
      vertex 21.073511986827032 23.373595412448367 5
      vertex 21.25183462651949 22.99656386848951 2
    endloop
  endfacet
  facet normal 0.9415440651830208 0.3368898533922203 0
    outer loop
      vertex 21.073511986827032 23.373595412448367 2
      vertex 20.933003573138112 23.766290121668536 5
      vertex 21.073511986827032 23.373595412448367 5
    endloop
  endfacet
  facet normal 0.9700312531945428 0.24298017990326878 0
    outer loop
      vertex 20.933003573138112 23.766290121668536 2
      vertex 20.83166255828627 24.170866131431456 5
      vertex 20.933003573138112 23.766290121668536 5
    endloop
  endfacet
  facet normal 0.9891765099647816 0.14673047445535753 0
    outer loop
      vertex 20.83166255828627 24.170866131431456 2
      vertex 20.770464911643163 24.583427153599366 5
      vertex 20.83166255828627 24.170866131431456 5
    endloop
  endfacet
  facet normal 0.9987954562051724 0.04906767432741787 0
    outer loop
      vertex 20.770464911643163 24.583427153599366 2
      vertex 20.75 25 5
      vertex 20.770464911643163 24.583427153599366 5
    endloop
  endfacet
  facet normal 0.9987954562051724 -0.04906767432741787 0
    outer loop
      vertex 20.75 25 2
      vertex 20.770464911643163 25.416572846400634 5
      vertex 20.75 25 5
    endloop
  endfacet
  facet normal 0.8577286100002698 0.5141027441932253 0
    outer loop
      vertex 21.46625414771418 22.638826509666693 2
      vertex 21.25183462651949 22.99656386848951 5
      vertex 21.46625414771418 22.638826509666693 5
    endloop
  endfacet
  facet normal 0.9039892931234456 0.4275550934302775 0
    outer loop
      vertex 21.25183462651949 22.99656386848951 2
      vertex 21.073511986827032 23.373595412448367 5
      vertex 21.25183462651949 22.99656386848951 5
    endloop
  endfacet
  facet normal 0.9891765099647816 -0.14673047445535753 0
    outer loop
      vertex 20.770464911643163 25.416572846400634 2
      vertex 20.83166255828627 25.829133868568544 2
      vertex 20.83166255828627 25.829133868568544 5
    endloop
  endfacet
  facet normal 0.9700312531945428 -0.24298017990326878 0
    outer loop
      vertex 20.83166255828627 25.829133868568544 2
      vertex 20.933003573138112 26.233709878331464 2
      vertex 20.933003573138112 26.233709878331464 5
    endloop
  endfacet
  facet normal 0.9415440651830208 -0.3368898533922203 0
    outer loop
      vertex 20.933003573138112 26.233709878331464 2
      vertex 21.073511986827032 26.626404587551633 2
      vertex 21.073511986827032 26.626404587551633 5
    endloop
  endfacet
  facet normal 0.9039892931234456 -0.4275550934302775 0
    outer loop
      vertex 21.073511986827032 26.626404587551633 2
      vertex 21.25183462651949 27.00343613151049 2
      vertex 21.25183462651949 27.00343613151049 5
    endloop
  endfacet
  facet normal 0.8577286100002698 -0.5141027441932253 0
    outer loop
      vertex 21.25183462651949 27.00343613151049 2
      vertex 21.46625414771418 27.361173490333307 2
      vertex 21.46625414771418 27.361173490333307 5
    endloop
  endfacet
  facet normal 0.8032075314806457 -0.5956993044924324 0
    outer loop
      vertex 21.46625414771418 27.361173490333307 2
      vertex 21.714705573208366 27.696171457695492 2
      vertex 21.714705573208366 27.696171457695492 5
    endloop
  endfacet
  facet normal 0.7409511253549577 -0.67155895484702 0
    outer loop
      vertex 21.714705573208366 27.696171457695492 2
      vertex 21.994796179957174 28.005203820042826 2
      vertex 21.994796179957174 28.005203820042826 5
    endloop
  endfacet
  facet normal 0.9891765099647816 -0.14673047445535753 0
    outer loop
      vertex 20.770464911643163 25.416572846400634 2
      vertex 20.83166255828627 25.829133868568544 5
      vertex 20.770464911643163 25.416572846400634 5
    endloop
  endfacet
  facet normal 0.9700312531945428 -0.24298017990326878 0
    outer loop
      vertex 20.83166255828627 25.829133868568544 2
      vertex 20.933003573138112 26.233709878331464 5
      vertex 20.83166255828627 25.829133868568544 5
    endloop
  endfacet
  facet normal 0.9415440651830208 -0.3368898533922203 0
    outer loop
      vertex 20.933003573138112 26.233709878331464 2
      vertex 21.073511986827032 26.626404587551633 5
      vertex 20.933003573138112 26.233709878331464 5
    endloop
  endfacet
  facet normal 0.9039892931234456 -0.4275550934302775 0
    outer loop
      vertex 21.073511986827032 26.626404587551633 2
      vertex 21.25183462651949 27.00343613151049 5
      vertex 21.073511986827032 26.626404587551633 5
    endloop
  endfacet
  facet normal 0.8577286100002698 -0.5141027441932253 0
    outer loop
      vertex 21.25183462651949 27.00343613151049 2
      vertex 21.46625414771418 27.361173490333307 5
      vertex 21.25183462651949 27.00343613151049 5
    endloop
  endfacet
  facet normal 0.8032075314806457 -0.5956993044924324 0
    outer loop
      vertex 21.46625414771418 27.361173490333307 2
      vertex 21.714705573208366 27.696171457695492 5
      vertex 21.46625414771418 27.361173490333307 5
    endloop
  endfacet
  facet normal 0.7409511253549577 -0.67155895484702 0
    outer loop
      vertex 21.714705573208366 27.696171457695492 2
      vertex 21.994796179957174 28.005203820042826 5
      vertex 21.714705573208366 27.696171457695492 5
    endloop
  endfacet
  facet normal 0.67155895484702 -0.7409511253549577 0
    outer loop
      vertex 21.994796179957174 28.005203820042826 2
      vertex 22.303828542304508 28.285294426791634 5
      vertex 21.994796179957174 28.005203820042826 5
    endloop
  endfacet
  facet normal 0 0 1
    outer loop
      vertex 14.754748758345464 24.616811107007806 5
      vertex 15.944865687662583 23.863177873083046 5
      vertex 20.75 25 5
    endloop
  endfacet
  facet normal 0 0 1
    outer loop
      vertex 15.944865687662583 23.863177873083046 5
      vertex 17.096570038932835 23.052056153494508 5
      vertex 20.75 25 5
    endloop
  endfacet
  facet normal 0 0 1
    outer loop
      vertex 18.207087255496624 22.185400011510552 5
      vertex 20.75 25 5
      vertex 17.096570038932835 23.052056153494508 5
    endloop
  endfacet
  facet normal 0 0 1
    outer loop
      vertex 18.207087255496624 22.185400011510552 5
      vertex 19.27374200410943 21.265297297687326 5
      vertex 20.75 25 5
    endloop
  endfacet
  facet normal 0 0 1
    outer loop
      vertex 20.75 25 5
      vertex 20.770464911643163 25.416572846400634 5
      vertex 14.34472998609851 24.84908387247379 5
    endloop
  endfacet
  facet normal 0 0 1
    outer loop
      vertex 20.770464911643163 25.416572846400634 5
      vertex 20.83166255828627 25.829133868568544 5
      vertex 14.34472998609851 24.84908387247379 5
    endloop
  endfacet
  facet normal 0 0 1
    outer loop
      vertex 20.83166255828627 25.829133868568544 5
      vertex 20.933003573138112 26.233709878331464 5
      vertex 14.34472998609851 24.84908387247379 5
    endloop
  endfacet
  facet normal 0 0 1
    outer loop
      vertex 20.933003573138112 26.233709878331464 5
      vertex 21.073511986827032 26.626404587551633 5
      vertex 14.34472998609851 24.84908387247379 5
    endloop
  endfacet
  facet normal 0 0 1
    outer loop
      vertex 21.073511986827032 26.626404587551633 5
      vertex 21.25183462651949 27.00343613151049 5
      vertex 14.34472998609851 24.84908387247379 5
    endloop
  endfacet
  facet normal 0 0 1
    outer loop
      vertex 21.25183462651949 27.00343613151049 5
      vertex 21.46625414771418 27.361173490333307 5
      vertex 14.34472998609851 24.84908387247379 5
    endloop
  endfacet
  facet normal 0 0 1
    outer loop
      vertex 21.46625414771418 27.361173490333307 5
      vertex 21.714705573208366 27.696171457695492 5
      vertex 14.34472998609851 24.84908387247379 5
    endloop
  endfacet
  facet normal 0 0 1
    outer loop
      vertex 21.714705573208366 27.696171457695492 5
      vertex 21.994796179957174 28.005203820042826 5
      vertex 14.34472998609851 24.84908387247379 5
    endloop
  endfacet
  facet normal 0 0 1
    outer loop
      vertex 21.994796179957174 28.005203820042826 5
      vertex 22.303828542304508 28.285294426791634 5
      vertex 14.34472998609851 24.84908387247379 5
    endloop
  endfacet
  facet normal 0 0 1
    outer loop
      vertex 19.27374200410943 21.265297297687326 5
      vertex 20.933003573138112 23.766290121668536 5
      vertex 20.83166255828627 24.170866131431456 5
    endloop
  endfacet
  facet normal 0 0 1
    outer loop
      vertex 19.27374200410943 21.265297297687326 5
      vertex 20.83166255828627 24.170866131431456 5
      vertex 20.770464911643163 24.583427153599366 5
    endloop
  endfacet
  facet normal 0 0 1
    outer loop
      vertex 19.27374200410943 21.265297297687326 5
      vertex 20.770464911643163 24.583427153599366 5
      vertex 20.75 25 5
    endloop
  endfacet
  facet normal 0 0 1
    outer loop
      vertex 19.27374200410943 21.265297297687326 5
      vertex 21.25183462651949 22.99656386848951 5
      vertex 21.073511986827032 23.373595412448367 5
    endloop
  endfacet
  facet normal 0 0 1
    outer loop
      vertex 19.27374200410943 21.265297297687326 5
      vertex 21.073511986827032 23.373595412448367 5
      vertex 20.933003573138112 23.766290121668536 5
    endloop
  endfacet
  facet normal 0 0 1
    outer loop
      vertex 22.303828542304508 28.285294426791634 5
      vertex 22.638826509666693 28.53374585228582 5
      vertex 14.34472998609851 24.84908387247379 5
    endloop
  endfacet
  facet normal 0 0 1
    outer loop
      vertex 22.638826509666693 28.53374585228582 5
      vertex 22.99656386848951 28.74816537348051 5
      vertex 14.34472998609851 24.84908387247379 5
    endloop
  endfacet
  facet normal 0 0 1
    outer loop
      vertex 22.99656386848951 28.74816537348051 5
      vertex 23.373595412448367 28.926488013172968 5
      vertex 14.34472998609851 24.84908387247379 5
    endloop
  endfacet
  facet normal 0 0 -1
    outer loop
      vertex 10.60262444615364 29.130471244454384 2
      vertex 21.994796179957174 28.005203820042826 2
      vertex 21.714705573208366 27.696171457695492 2
    endloop
  endfacet
  facet normal 0 0 -1
    outer loop
      vertex 10.60262444615364 29.130471244454384 2
      vertex 22.303828542304508 28.285294426791634 2
      vertex 21.994796179957174 28.005203820042826 2
    endloop
  endfacet
  facet normal 0 0 -1
    outer loop
      vertex 10.60262444615364 29.130471244454384 2
      vertex 22.638826509666693 28.53374585228582 2
      vertex 22.303828542304508 28.285294426791634 2
    endloop
  endfacet
  facet normal 0 0 -1
    outer loop
      vertex 10.60262444615364 29.130471244454384 2
      vertex 22.99656386848951 28.74816537348051 2
      vertex 22.638826509666693 28.53374585228582 2
    endloop
  endfacet
  facet normal 0 0 -1
    outer loop
      vertex 10.60262444615364 29.130471244454384 2
      vertex 23.373595412448367 28.926488013172968 2
      vertex 22.99656386848951 28.74816537348051 2
    endloop
  endfacet
  facet normal 0 0 -1
    outer loop
      vertex 10.60262444615364 29.130471244454384 2
      vertex 23.766290121668536 29.066996426861888 2
      vertex 23.373595412448367 28.926488013172968 2
    endloop
  endfacet
  facet normal 0.67155895484702 -0.7409511253549577 0
    outer loop
      vertex 21.994796179957174 28.005203820042826 2
      vertex 22.303828542304508 28.285294426791634 2
      vertex 22.303828542304508 28.285294426791634 5
    endloop
  endfacet
  facet normal 0.5956993044924324 -0.8032075314806457 0
    outer loop
      vertex 22.303828542304508 28.285294426791634 2
      vertex 22.638826509666693 28.53374585228582 5
      vertex 22.303828542304508 28.285294426791634 5
    endloop
  endfacet
  facet normal 0 0 1
    outer loop
      vertex 23.373595412448367 28.926488013172968 5
      vertex 19.8139231270351 35.58297978751266 5
      vertex 14.34472998609851 24.84908387247379 5
    endloop
  endfacet
  facet normal 0 0 1
    outer loop
      vertex 23.373595412448367 28.926488013172968 5
      vertex 23.766290121668536 29.066996426861888 5
      vertex 19.8139231270351 35.58297978751266 5
    endloop
  endfacet
  facet normal 0 1 0
    outer loop
      vertex -45 45 5
      vertex 45 45 5
      vertex 45 45 2
    endloop
  endfacet
  facet normal 0 0 -1
    outer loop
      vertex 5.383093506097794 30.529040344059467 2
      vertex 45 45 2
      vertex 8.023390397429466 29.94370061159134 2
    endloop
  endfacet
  facet normal 0 0 -1
    outer loop
      vertex 8.023390397429466 29.94370061159134 2
      vertex 45 45 2
      vertex 10.60262444615364 29.130471244454384 2
    endloop
  endfacet
  facet normal 0 0 1
    outer loop
      vertex -5.383093506097794 30.529040344059467 5
      vertex 17.140903554469997 36.9449512867313 5
      vertex 45 45 5
    endloop
  endfacet
  facet normal -0.3598942692340605 -0.932993094815005 -2.6454417667408524e-8
    outer loop
      vertex 8.446892212054513 23.20764561910311 5
      vertex 8.446892214779151 23.207645618052105 5
      vertex 9.452280779417718 22.819824453028783 38.5
    endloop
  endfacet
  facet normal -0.3598950365349898 -0.9329927988347382 0
    outer loop
      vertex 8.446892214779151 23.207645618052105 5
      vertex 9.452280779417718 22.819824453028783 5
      vertex 9.452280779417718 22.819824453028783 38.5
    endloop
  endfacet
  facet normal -0.9396926207949845 0.34202014330073227 0
    outer loop
      vertex 8.446892212054513 23.20764561910311 5
      vertex 9.814809979188848 26.9659687962858 40
      vertex 9.814809979188848 26.9659687962858 5
    endloop
  endfacet
  facet normal 0.35989539999490694 0.9329926586326958 0
    outer loop
      vertex 9.814809979188848 26.9659687962858 5
      vertex 9.814809979188848 26.9659687962858 40
      vertex 9.81480998235472 26.965968795064587 5
    endloop
  endfacet
  facet normal 0.4052413140049884 0.9142097557035312 0
    outer loop
      vertex 10.983014508878076 26.515342583073927 5
      vertex 10.983014508878076 26.515342583073927 40
      vertex 11.67129863593614 26.210247212654103 5
    endloop
  endfacet
  facet normal 0.35989503653498817 0.9329927988347388 -3.776812894220007e-17
    outer loop
      vertex 9.81480998235472 26.965968795064587 5
      vertex 9.814809979188848 26.9659687962858 40
      vertex 10.983014508878076 26.515342583073927 5
    endloop
  endfacet
  facet normal 0.4928981922297841 0.8700869911087115 0
    outer loop
      vertex 14.754748758345464 24.616811107007806 5
      vertex 14.34472998609851 24.84908387247379 5
      vertex 14.34472998609851 24.84908387247379 28.167178879777705
    endloop
  endfacet
  facet normal -0.8910065241883679 0.45399049973954647 0
    outer loop
      vertex 11.67129863593614 26.210247212654103 5
      vertex 11.67129863593614 26.210247212654103 28.168923145340973
      vertex 17.140903554469997 36.9449512867313 5
    endloop
  endfacet
  facet normal 0.8910065241883681 -0.45399049973954647 0
    outer loop
      vertex 19.8139231270351 35.58297978751266 5
      vertex 14.34472998609851 24.84908387247379 28.167178879777705
      vertex 14.34472998609851 24.84908387247379 5
    endloop
  endfacet
  facet normal 0.40278799896981604 0.7905159582695586 0.4613527366419895
    outer loop
      vertex 19.8139231270351 35.58297978751266 5
      vertex 17.140903554469997 36.9449512867313 5
      vertex 11.67129863593614 26.210247212654103 28.168923145340973
    endloop
  endfacet
  facet normal 0.5349976198870973 0.8448535652497071 0
    outer loop
      vertex 14.754748758345464 24.616811107007806 5
      vertex 14.754748758345464 24.616811107007806 40
      vertex 15.944865687662583 23.863177873083046 5
    endloop
  endfacet
  facet normal 0.5758081914178449 0.8175848131515839 0
    outer loop
      vertex 15.944865687662583 23.863177873083046 5
      vertex 15.944865687662583 23.863177873083046 40
      vertex 17.096570038932835 23.052056153494508 5
    endloop
  endfacet
  facet normal 0.4027879989698162 0.7905159582695584 0.46135273664198945
    outer loop
      vertex 13.529086346906132 25.31114028679779 28.08756192527879
      vertex 19.8139231270351 35.58297978751266 5
      vertex 12.270831181449095 25.944492712642823 28.10085951725428
    endloop
  endfacet
  facet normal 0.4027879989698156 0.7905159582695589 0.4613527366419895
    outer loop
      vertex 12.270831181449095 25.944492712642823 28.10085951725428
      vertex 19.8139231270351 35.58297978751266 5
      vertex 11.67129863593614 26.210247212654103 28.168923145340973
    endloop
  endfacet
  facet normal 0.40278799896981743 0.7905159582695579 0.46135273664198956
    outer loop
      vertex 13.529086346906132 25.31114028679779 28.08756192527879
      vertex 14.34472998609851 24.84908387247379 28.167178879777705
      vertex 19.8139231270351 35.58297978751266 5
    endloop
  endfacet
  facet normal 0.6152315905806259 0.7883464276266069 0
    outer loop
      vertex 18.207087255496624 22.185400011510552 5
      vertex 17.096570038932835 23.052056153494508 5
      vertex 17.096570038932835 23.052056153494508 40
    endloop
  endfacet
  facet normal -0.9329927988347381 -0.35989503653499033 0
    outer loop
      vertex 22.819824453028783 9.452280779417718 2
      vertex 23.207645618052105 8.446892214779153 2
      vertex 23.207645618052105 8.446892214779153 5
    endloop
  endfacet
  facet normal -0.9142097557035307 -0.40524131400498975 0
    outer loop
      vertex 22.32853554014905 10.560610807727967 2
      vertex 22.819824453028783 9.452280779417718 2
      vertex 22.819824453028783 9.452280779417718 5
    endloop
  endfacet
  facet normal 0 0 -1
    outer loop
      vertex 22.819824453028783 9.452280779417718 2
      vertex 27.905549589317708 10.156789424248615 2
      vertex 23.207645618052105 8.446892214779153 2
    endloop
  endfacet
  facet normal 0 0 -1
    outer loop
      vertex 22.32853554014905 10.560610807727967 2
      vertex 27.905549589317708 10.156789424248615 2
      vertex 22.819824453028783 9.452280779417718 2
    endloop
  endfacet
  facet normal -0.9329927988347381 -0.35989503653499033 0
    outer loop
      vertex 22.819824453028783 9.452280779417718 2
      vertex 23.207645618052105 8.446892214779153 5
      vertex 22.819824453028783 9.452280779417718 5
    endloop
  endfacet
  facet normal 0.34202014341182635 -0.9396926207545495 0
    outer loop
      vertex 23.207645618052105 8.446892214779153 2
      vertex 26.965968795064587 9.814809982354722 5
      vertex 23.207645618052105 8.446892214779153 5
    endloop
  endfacet
  facet normal 0.34202014341182624 -0.9396926207545495 0
    outer loop
      vertex 23.207645618052105 8.446892214779153 2
      vertex 27.905549589317708 10.156789424248615 2
      vertex 27.905549589317708 10.156789424248615 5
    endloop
  endfacet
  facet normal 0.34202014341182607 -0.9396926207545497 2.9609470947416345e-16
    outer loop
      vertex 23.207645618052105 8.446892214779153 2
      vertex 27.905549589317708 10.156789424248615 5
      vertex 26.965968795064587 9.814809982354722 5
    endloop
  endfacet
  facet normal 0 0 -1
    outer loop
      vertex 23.20764561910311 8.446892212054514 5
      vertex 23.207645618052105 8.446892214779153 5
      vertex 26.9659687962858 9.814809979188848 5
    endloop
  endfacet
  facet normal 0 0 -1
    outer loop
      vertex 23.207645618052105 8.446892214779153 5
      vertex 26.965968795064587 9.814809982354722 5
      vertex 26.9659687962858 9.814809979188848 5
    endloop
  endfacet
  facet normal 0 0 1
    outer loop
      vertex 26.515342583073927 10.983014508878076 5
      vertex 26.965968795064587 9.814809982354722 5
      vertex 27.905549589317708 10.156789424248615 5
    endloop
  endfacet
  facet normal 0 0 1
    outer loop
      vertex 26.515342583073927 10.983014508878076 5
      vertex 29.130471244454384 10.60262444615364 5
      vertex 26.210247212654103 11.67129863593614 5
    endloop
  endfacet
  facet normal 0 0 1
    outer loop
      vertex 26.515342583073927 10.983014508878076 5
      vertex 27.905549589317708 10.156789424248615 5
      vertex 29.130471244454384 10.60262444615364 5
    endloop
  endfacet
  facet normal -0.9990482216144516 -0.043619386618811734 0
    outer loop
      vertex 30.88203564286232 2.7018280252814293 2
      vertex 31 0 5
      vertex 30.88203564286232 2.7018280252814293 5
    endloop
  endfacet
  facet normal -0.9914448612992336 -0.13052619278651914 0
    outer loop
      vertex 30.88203564286232 2.7018280252814293 2
      vertex 30.88203564286232 2.7018280252814293 5
      vertex 30.529040344059467 5.383093506097794 2
    endloop
  endfacet
  facet normal -0.9914448612992336 -0.13052619278651914 0
    outer loop
      vertex 30.529040344059467 5.383093506097794 2
      vertex 30.88203564286232 2.7018280252814293 5
      vertex 30.529040344059467 5.383093506097794 5
    endloop
  endfacet
  facet normal -0.9990482216144516 -0.043619386618811734 0
    outer loop
      vertex 30.88203564286232 2.7018280252814293 2
      vertex 31 0 2
      vertex 31 0 5
    endloop
  endfacet
  facet normal -0.9762960068177727 -0.21643961530106193 0
    outer loop
      vertex 30.529040344059467 5.383093506097794 2
      vertex 30.529040344059467 5.383093506097794 5
      vertex 29.94370061159134 8.023390397429466 2
    endloop
  endfacet
  facet normal -0.9762960068177727 -0.21643961530106193 0
    outer loop
      vertex 30.529040344059467 5.383093506097794 5
      vertex 29.94370061159134 8.023390397429466 5
      vertex 29.94370061159134 8.023390397429466 2
    endloop
  endfacet
  facet normal 0.3420201434118252 -0.93969262075455 0
    outer loop
      vertex 27.905549589317708 10.156789424248615 2
      vertex 29.130471244454384 10.60262444615364 2
      vertex 29.130471244454384 10.60262444615364 5
    endloop
  endfacet
  facet normal -0.9537169512425253 -0.30070579793655927 0
    outer loop
      vertex 29.94370061159134 8.023390397429466 2
      vertex 29.94370061159134 8.023390397429466 5
      vertex 29.130471244454384 10.60262444615364 2
    endloop
  endfacet
  facet normal -0.9537169512425253 -0.30070579793655927 0
    outer loop
      vertex 29.130471244454384 10.60262444615364 2
      vertex 29.94370061159134 8.023390397429466 5
      vertex 29.130471244454384 10.60262444615364 5
    endloop
  endfacet
  facet normal 0.3420201434118252 -0.93969262075455 0
    outer loop
      vertex 27.905549589317708 10.156789424248615 2
      vertex 29.130471244454384 10.60262444615364 5
      vertex 27.905549589317708 10.156789424248615 5
    endloop
  endfacet
  facet normal 0 0 1
    outer loop
      vertex 30.529040344059467 5.383093506097794 5
      vertex 36.9449512867313 17.140903554469997 5
      vertex 29.94370061159134 8.023390397429466 5
    endloop
  endfacet
  facet normal 0 0 -1
    outer loop
      vertex 21.783455229404368 11.643499399602142 2
      vertex 21.18589666700672 12.698337781572578 2
      vertex 25.416572846400634 20.770464911643163 2
    endloop
  endfacet
  facet normal 0 0 -1
    outer loop
      vertex 22.32853554014905 10.560610807727967 2
      vertex 21.783455229404368 11.643499399602142 2
      vertex 26.233709878331464 20.933003573138112 2
    endloop
  endfacet
  facet normal 0 0 -1
    outer loop
      vertex 22.32853554014905 10.560610807727967 2
      vertex 26.626404587551633 21.073511986827032 2
      vertex 27.905549589317708 10.156789424248615 2
    endloop
  endfacet
  facet normal 0 0 -1
    outer loop
      vertex 27.905549589317708 10.156789424248615 2
      vertex 26.626404587551633 21.073511986827032 2
      vertex 29.130471244454384 10.60262444615364 2
    endloop
  endfacet
  facet normal 0 0 1
    outer loop
      vertex 24.616811107007806 14.754748758345464 5
      vertex 24.84908387247379 14.34472998609851 5
      vertex 29.101977911099763 16.511687732781585 5
    endloop
  endfacet
  facet normal 0 0 -1
    outer loop
      vertex 21.18589666700672 12.698337781572578 2
      vertex 25 20.75 2
      vertex 25.416572846400634 20.770464911643163 2
    endloop
  endfacet
  facet normal 0 0 -1
    outer loop
      vertex 19.83922602757193 14.713772820963104 2
      vertex 23.766290121668536 20.933003573138112 2
      vertex 24.170866131431456 20.83166255828627 2
    endloop
  endfacet
  facet normal 0 0 -1
    outer loop
      vertex 20.537299423872867 13.722584755584174 2
      vertex 24.170866131431456 20.83166255828627 2
      vertex 24.583427153599366 20.770464911643163 2
    endloop
  endfacet
  facet normal 0 0 -1
    outer loop
      vertex 20.537299423872867 13.722584755584174 2
      vertex 24.583427153599366 20.770464911643163 2
      vertex 25 20.75 2
    endloop
  endfacet
  facet normal 0 0 -1
    outer loop
      vertex 21.783455229404368 11.643499399602142 2
      vertex 25.416572846400634 20.770464911643163 2
      vertex 25.829133868568544 20.83166255828627 2
    endloop
  endfacet
  facet normal 0 0 -1
    outer loop
      vertex 22.32853554014905 10.560610807727967 2
      vertex 26.233709878331464 20.933003573138112 2
      vertex 26.626404587551633 21.073511986827032 2
    endloop
  endfacet
  facet normal 0 0 -1
    outer loop
      vertex 21.783455229404368 11.643499399602142 2
      vertex 25.829133868568544 20.83166255828627 2
      vertex 26.233709878331464 20.933003573138112 2
    endloop
  endfacet
  facet normal 0.3368898533922203 0.9415440651830208 0
    outer loop
      vertex 23.373595412448367 21.073511986827032 2
      vertex 23.373595412448367 21.073511986827032 5
      vertex 23.766290121668536 20.933003573138112 2
    endloop
  endfacet
  facet normal 0.24298017990326878 0.9700312531945428 0
    outer loop
      vertex 23.766290121668536 20.933003573138112 2
      vertex 23.766290121668536 20.933003573138112 5
      vertex 24.170866131431456 20.83166255828627 2
    endloop
  endfacet
  facet normal 0.5141027441932253 0.8577286100002698 0
    outer loop
      vertex 22.638826509666693 21.46625414771418 2
      vertex 22.638826509666693 21.46625414771418 5
      vertex 22.99656386848951 21.25183462651949 2
    endloop
  endfacet
  facet normal 0.4275550934302775 0.9039892931234456 0
    outer loop
      vertex 23.373595412448367 21.073511986827032 2
      vertex 22.99656386848951 21.25183462651949 2
      vertex 22.99656386848951 21.25183462651949 5
    endloop
  endfacet
  facet normal 0.14673047445535753 0.9891765099647816 0
    outer loop
      vertex 24.170866131431456 20.83166255828627 2
      vertex 24.170866131431456 20.83166255828627 5
      vertex 24.583427153599366 20.770464911643163 2
    endloop
  endfacet
  facet normal 0.04906767432741787 0.9987954562051724 0
    outer loop
      vertex 24.583427153599366 20.770464911643163 2
      vertex 24.583427153599366 20.770464911643163 5
      vertex 25 20.75 2
    endloop
  endfacet
  facet normal -0.04906767432741787 0.9987954562051724 0
    outer loop
      vertex 25 20.75 2
      vertex 25 20.75 5
      vertex 25.416572846400634 20.770464911643163 2
    endloop
  endfacet
  facet normal 0.3368898533922203 0.9415440651830208 0
    outer loop
      vertex 23.766290121668536 20.933003573138112 2
      vertex 23.373595412448367 21.073511986827032 5
      vertex 23.766290121668536 20.933003573138112 5
    endloop
  endfacet
  facet normal 0.5956993044924324 0.8032075314806457 0
    outer loop
      vertex 22.303828542304508 21.714705573208366 5
      vertex 22.638826509666693 21.46625414771418 5
      vertex 22.638826509666693 21.46625414771418 2
    endloop
  endfacet
  facet normal 0.5141027441932253 0.8577286100002698 0
    outer loop
      vertex 22.99656386848951 21.25183462651949 2
      vertex 22.638826509666693 21.46625414771418 5
      vertex 22.99656386848951 21.25183462651949 5
    endloop
  endfacet
  facet normal 0.4275550934302775 0.9039892931234456 0
    outer loop
      vertex 23.373595412448367 21.073511986827032 2
      vertex 22.99656386848951 21.25183462651949 5
      vertex 23.373595412448367 21.073511986827032 5
    endloop
  endfacet
  facet normal 0.24298017990326878 0.9700312531945428 0
    outer loop
      vertex 24.170866131431456 20.83166255828627 2
      vertex 23.766290121668536 20.933003573138112 5
      vertex 24.170866131431456 20.83166255828627 5
    endloop
  endfacet
  facet normal 0.14673047445535753 0.9891765099647816 0
    outer loop
      vertex 24.583427153599366 20.770464911643163 2
      vertex 24.170866131431456 20.83166255828627 5
      vertex 24.583427153599366 20.770464911643163 5
    endloop
  endfacet
  facet normal 0.04906767432741787 0.9987954562051724 0
    outer loop
      vertex 25 20.75 2
      vertex 24.583427153599366 20.770464911643163 5
      vertex 25 20.75 5
    endloop
  endfacet
  facet normal -0.04906767432741787 0.9987954562051724 0
    outer loop
      vertex 25.416572846400634 20.770464911643163 2
      vertex 25 20.75 5
      vertex 25.416572846400634 20.770464911643163 5
    endloop
  endfacet
  facet normal 0 0 -1
    outer loop
      vertex 29.130471244454384 10.60262444615364 2
      vertex 26.626404587551633 21.073511986827032 2
      vertex 27.00343613151049 21.25183462651949 2
    endloop
  endfacet
  facet normal 0 0 -1
    outer loop
      vertex 29.130471244454384 10.60262444615364 2
      vertex 27.00343613151049 21.25183462651949 2
      vertex 27.361173490333307 21.46625414771418 2
    endloop
  endfacet
  facet normal 0 0 -1
    outer loop
      vertex 29.130471244454384 10.60262444615364 2
      vertex 27.361173490333307 21.46625414771418 2
      vertex 27.696171457695492 21.714705573208366 2
    endloop
  endfacet
  facet normal -0.14673047445535753 0.9891765099647816 0
    outer loop
      vertex 25.416572846400634 20.770464911643163 2
      vertex 25.416572846400634 20.770464911643163 5
      vertex 25.829133868568544 20.83166255828627 2
    endloop
  endfacet
  facet normal -0.24298017990326878 0.9700312531945428 0
    outer loop
      vertex 25.829133868568544 20.83166255828627 2
      vertex 25.829133868568544 20.83166255828627 5
      vertex 26.233709878331464 20.933003573138112 2
    endloop
  endfacet
  facet normal -0.3368898533922203 0.9415440651830208 0
    outer loop
      vertex 26.233709878331464 20.933003573138112 2
      vertex 26.233709878331464 20.933003573138112 5
      vertex 26.626404587551633 21.073511986827032 2
    endloop
  endfacet
  facet normal -0.4275550934302775 0.9039892931234456 0
    outer loop
      vertex 26.626404587551633 21.073511986827032 2
      vertex 26.626404587551633 21.073511986827032 5
      vertex 27.00343613151049 21.25183462651949 2
    endloop
  endfacet
  facet normal -0.5141027441932253 0.8577286100002698 0
    outer loop
      vertex 27.00343613151049 21.25183462651949 2
      vertex 27.00343613151049 21.25183462651949 5
      vertex 27.361173490333307 21.46625414771418 2
    endloop
  endfacet
  facet normal -0.5956993044924324 0.8032075314806457 0
    outer loop
      vertex 27.361173490333307 21.46625414771418 2
      vertex 27.361173490333307 21.46625414771418 5
      vertex 27.696171457695492 21.714705573208366 2
    endloop
  endfacet
  facet normal -0.67155895484702 0.7409511253549577 0
    outer loop
      vertex 27.696171457695492 21.714705573208366 2
      vertex 27.696171457695492 21.714705573208366 5
      vertex 28.005203820042826 21.994796179957174 2
    endloop
  endfacet
  facet normal -0.7409511253549577 0.67155895484702 0
    outer loop
      vertex 28.005203820042826 21.994796179957174 2
      vertex 28.005203820042826 21.994796179957174 5
      vertex 28.285294426791634 22.303828542304508 2
    endloop
  endfacet
  facet normal -0.14673047445535753 0.9891765099647816 0
    outer loop
      vertex 25.829133868568544 20.83166255828627 2
      vertex 25.416572846400634 20.770464911643163 5
      vertex 25.829133868568544 20.83166255828627 5
    endloop
  endfacet
  facet normal -0.24298017990326878 0.9700312531945428 0
    outer loop
      vertex 26.233709878331464 20.933003573138112 2
      vertex 25.829133868568544 20.83166255828627 5
      vertex 26.233709878331464 20.933003573138112 5
    endloop
  endfacet
  facet normal -0.3368898533922203 0.9415440651830208 0
    outer loop
      vertex 26.626404587551633 21.073511986827032 2
      vertex 26.233709878331464 20.933003573138112 5
      vertex 26.626404587551633 21.073511986827032 5
    endloop
  endfacet
  facet normal -0.4275550934302775 0.9039892931234456 0
    outer loop
      vertex 27.00343613151049 21.25183462651949 2
      vertex 26.626404587551633 21.073511986827032 5
      vertex 27.00343613151049 21.25183462651949 5
    endloop
  endfacet
  facet normal -0.5141027441932253 0.8577286100002698 0
    outer loop
      vertex 27.361173490333307 21.46625414771418 2
      vertex 27.00343613151049 21.25183462651949 5
      vertex 27.361173490333307 21.46625414771418 5
    endloop
  endfacet
  facet normal -0.5956993044924324 0.8032075314806457 0
    outer loop
      vertex 27.696171457695492 21.714705573208366 2
      vertex 27.361173490333307 21.46625414771418 5
      vertex 27.696171457695492 21.714705573208366 5
    endloop
  endfacet
  facet normal -0.67155895484702 0.7409511253549577 0
    outer loop
      vertex 28.005203820042826 21.994796179957174 2
      vertex 27.696171457695492 21.714705573208366 5
      vertex 28.005203820042826 21.994796179957174 5
    endloop
  endfacet
  facet normal 0 0 1
    outer loop
      vertex 23.863177873083046 15.944865687662583 5
      vertex 24.616811107007806 14.754748758345464 5
      vertex 22.99656386848951 21.25183462651949 5
    endloop
  endfacet
  facet normal 0 0 1
    outer loop
      vertex 23.863177873083046 15.944865687662583 5
      vertex 22.99656386848951 21.25183462651949 5
      vertex 23.052056153494508 17.096570038932835 5
    endloop
  endfacet
  facet normal 0 0 1
    outer loop
      vertex 22.185400011510552 18.207087255496624 5
      vertex 23.052056153494508 17.096570038932835 5
      vertex 22.99656386848951 21.25183462651949 5
    endloop
  endfacet
  facet normal 0 0 1
    outer loop
      vertex 23.373595412448367 21.073511986827032 5
      vertex 22.99656386848951 21.25183462651949 5
      vertex 29.101977911099763 16.511687732781585 5
    endloop
  endfacet
  facet normal 0 0 1
    outer loop
      vertex 24.616811107007806 14.754748758345464 5
      vertex 29.101977911099763 16.511687732781585 5
      vertex 22.99656386848951 21.25183462651949 5
    endloop
  endfacet
  facet normal 0 0 1
    outer loop
      vertex 23.373595412448367 21.073511986827032 5
      vertex 29.101977911099763 16.511687732781585 5
      vertex 23.766290121668536 20.933003573138112 5
    endloop
  endfacet
  facet normal 0 0 1
    outer loop
      vertex 23.766290121668536 20.933003573138112 5
      vertex 29.101977911099763 16.511687732781585 5
      vertex 24.170866131431456 20.83166255828627 5
    endloop
  endfacet
  facet normal 0 0 1
    outer loop
      vertex 24.170866131431456 20.83166255828627 5
      vertex 29.101977911099763 16.511687732781585 5
      vertex 24.583427153599366 20.770464911643163 5
    endloop
  endfacet
  facet normal 0 0 1
    outer loop
      vertex 24.583427153599366 20.770464911643163 5
      vertex 29.101977911099763 16.511687732781585 5
      vertex 25 20.75 5
    endloop
  endfacet
  facet normal 0 0 1
    outer loop
      vertex 25 20.75 5
      vertex 29.101977911099763 16.511687732781585 5
      vertex 25.416572846400634 20.770464911643163 5
    endloop
  endfacet
  facet normal 0 0 1
    outer loop
      vertex 25.416572846400634 20.770464911643163 5
      vertex 29.101977911099763 16.511687732781585 5
      vertex 25.829133868568544 20.83166255828627 5
    endloop
  endfacet
  facet normal 0 0 1
    outer loop
      vertex 25.829133868568544 20.83166255828627 5
      vertex 29.101977911099763 16.511687732781585 5
      vertex 26.233709878331464 20.933003573138112 5
    endloop
  endfacet
  facet normal 0 0 1
    outer loop
      vertex 26.233709878331464 20.933003573138112 5
      vertex 29.101977911099763 16.511687732781585 5
      vertex 26.626404587551633 21.073511986827032 5
    endloop
  endfacet
  facet normal 0 0 1
    outer loop
      vertex 26.626404587551633 21.073511986827032 5
      vertex 29.101977911099763 16.511687732781585 5
      vertex 27.00343613151049 21.25183462651949 5
    endloop
  endfacet
  facet normal 0 0 1
    outer loop
      vertex 27.00343613151049 21.25183462651949 5
      vertex 29.101977911099763 16.511687732781585 5
      vertex 27.361173490333307 21.46625414771418 5
    endloop
  endfacet
  facet normal 0 0 1
    outer loop
      vertex 27.361173490333307 21.46625414771418 5
      vertex 29.101977911099763 16.511687732781585 5
      vertex 27.696171457695492 21.714705573208366 5
    endloop
  endfacet
  facet normal 0 0 -1
    outer loop
      vertex 29.94370061159134 8.023390397429466 2
      vertex 29.130471244454384 10.60262444615364 2
      vertex 29.066996426861888 23.766290121668536 2
    endloop
  endfacet
  facet normal 0 0 1
    outer loop
      vertex 29.130471244454384 10.60262444615364 5
      vertex 36.9449512867313 17.140903554469997 5
      vertex 26.210247212654103 11.67129863593614 5
    endloop
  endfacet
  facet normal 0 0 1
    outer loop
      vertex 29.94370061159134 8.023390397429466 5
      vertex 36.9449512867313 17.140903554469997 5
      vertex 29.130471244454384 10.60262444615364 5
    endloop
  endfacet
  facet normal 0 0 -1
    outer loop
      vertex 29.130471244454384 10.60262444615364 2
      vertex 27.696171457695492 21.714705573208366 2
      vertex 28.005203820042826 21.994796179957174 2
    endloop
  endfacet
  facet normal 0 0 -1
    outer loop
      vertex 29.130471244454384 10.60262444615364 2
      vertex 28.005203820042826 21.994796179957174 2
      vertex 28.285294426791634 22.303828542304508 2
    endloop
  endfacet
  facet normal 0 0 -1
    outer loop
      vertex 29.130471244454384 10.60262444615364 2
      vertex 28.285294426791634 22.303828542304508 2
      vertex 28.53374585228582 22.638826509666693 2
    endloop
  endfacet
  facet normal 0 0 -1
    outer loop
      vertex 29.130471244454384 10.60262444615364 2
      vertex 28.53374585228582 22.638826509666693 2
      vertex 28.74816537348051 22.99656386848951 2
    endloop
  endfacet
  facet normal 0 0 -1
    outer loop
      vertex 29.130471244454384 10.60262444615364 2
      vertex 28.74816537348051 22.99656386848951 2
      vertex 28.926488013172968 23.373595412448367 2
    endloop
  endfacet
  facet normal 0 0 -1
    outer loop
      vertex 29.130471244454384 10.60262444615364 2
      vertex 28.926488013172968 23.373595412448367 2
      vertex 29.066996426861888 23.766290121668536 2
    endloop
  endfacet
  facet normal -0.8032075314806457 0.5956993044924324 0
    outer loop
      vertex 28.285294426791634 22.303828542304508 2
      vertex 28.285294426791634 22.303828542304508 5
      vertex 28.53374585228582 22.638826509666693 2
    endloop
  endfacet
  facet normal -0.7409511253549577 0.67155895484702 0
    outer loop
      vertex 28.005203820042826 21.994796179957174 5
      vertex 28.285294426791634 22.303828542304508 5
      vertex 28.285294426791634 22.303828542304508 2
    endloop
  endfacet
  facet normal 0 0 1
    outer loop
      vertex 27.696171457695492 21.714705573208366 5
      vertex 29.101977911099763 16.511687732781585 5
      vertex 28.005203820042826 21.994796179957174 5
    endloop
  endfacet
  facet normal 0 0 1
    outer loop
      vertex 28.005203820042826 21.994796179957174 5
      vertex 29.101977911099763 16.511687732781585 5
      vertex 28.285294426791634 22.303828542304508 5
    endloop
  endfacet
  facet normal 0 0 1
    outer loop
      vertex 28.285294426791634 22.303828542304508 5
      vertex 29.101977911099763 16.511687732781585 5
      vertex 28.53374585228582 22.638826509666693 5
    endloop
  endfacet
  facet normal 0 0 1
    outer loop
      vertex 28.53374585228582 22.638826509666693 5
      vertex 29.101977911099763 16.511687732781585 5
      vertex 28.74816537348051 22.99656386848951 5
    endloop
  endfacet
  facet normal 0 0 1
    outer loop
      vertex 28.74816537348051 22.99656386848951 5
      vertex 29.101977911099763 16.511687732781585 5
      vertex 28.926488013172968 23.373595412448367 5
    endloop
  endfacet
  facet normal 0 0 1
    outer loop
      vertex 28.926488013172968 23.373595412448367 5
      vertex 29.101977911099763 16.511687732781585 5
      vertex 29.066996426861888 23.766290121668536 5
    endloop
  endfacet
  facet normal 0 0 1
    outer loop
      vertex 29.066996426861888 23.766290121668536 5
      vertex 29.101977911099763 16.511687732781585 5
      vertex 35.58297978751266 19.8139231270351 5
    endloop
  endfacet
  facet normal 0 0 1
    outer loop
      vertex 45 -45 5
      vertex 45 45 5
      vertex 36.9449512867313 17.140903554469997 5
    endloop
  endfacet
  facet normal 0 0 -1
    outer loop
      vertex 30.529040344059467 -5.383093506097794 2
      vertex 30.88203564286232 -2.7018280252814293 2
      vertex 45 45 2
    endloop
  endfacet
  facet normal 0 0 -1
    outer loop
      vertex 30.88203564286232 -2.7018280252814293 2
      vertex 31 0 2
      vertex 45 45 2
    endloop
  endfacet
  facet normal 0 0 -1
    outer loop
      vertex 30.88203564286232 2.7018280252814293 2
      vertex 45 45 2
      vertex 31 0 2
    endloop
  endfacet
  facet normal 0 0 -1
    outer loop
      vertex 30.88203564286232 2.7018280252814293 2
      vertex 30.529040344059467 5.383093506097794 2
      vertex 45 45 2
    endloop
  endfacet
  facet normal 0 0 -1
    outer loop
      vertex 30.529040344059467 5.383093506097794 2
      vertex 29.94370061159134 8.023390397429466 2
      vertex 45 45 2
    endloop
  endfacet
  facet normal 1 0 0
    outer loop
      vertex 45 -45 5
      vertex 45 45 2
      vertex 45 45 5
    endloop
  endfacet
  facet normal -0.932992798834738 -0.3598950365349903 -7.073552957215948e-17
    outer loop
      vertex 22.819824453028783 9.452280779417718 5
      vertex 23.207645618052105 8.446892214779153 5
      vertex 23.20764561910311 8.446892212054514 38.5
    endloop
  endfacet
  facet normal -0.9142097557035307 -0.40524131400498975 0
    outer loop
      vertex 22.32853554014905 10.560610807727967 5
      vertex 22.819824453028783 9.452280779417718 5
      vertex 22.819824453028783 9.452280779417718 38.5
    endloop
  endfacet
  facet normal -0.9329930948150054 -0.3598942692340606 0
    outer loop
      vertex 23.20764561910311 8.446892212054514 5
      vertex 23.20764561910311 8.446892212054514 38.5
      vertex 23.207645618052105 8.446892214779153 5
    endloop
  endfacet
  facet normal 0.34202014330073194 -0.9396926207949847 0
    outer loop
      vertex 23.20764561910311 8.446892212054514 5
      vertex 26.9659687962858 9.814809979188848 5
      vertex 26.9659687962858 9.814809979188848 40
    endloop
  endfacet
  facet normal 0.9329927988347387 0.35989503653498867 0
    outer loop
      vertex 26.515342583073927 10.983014508878076 5
      vertex 26.515342583073927 10.983014508878076 40
      vertex 26.965968795064587 9.814809982354722 5
    endloop
  endfacet
  facet normal 0.9329927264385571 0.35989522421497583 -7.1963493592545985e-9
    outer loop
      vertex 26.9659687962858 9.814809979188848 5
      vertex 26.965968795064587 9.814809982354722 5
      vertex 26.515342583073927 10.983014508878076 40
    endloop
  endfacet
  facet normal 0.8700869911087115 0.4928981922297841 0
    outer loop
      vertex 24.616811107007806 14.754748758345464 5
      vertex 24.84908387247379 14.34472998609851 28.167178879777705
      vertex 24.84908387247379 14.34472998609851 5
    endloop
  endfacet
  facet normal 0.9142097557035314 0.40524131400498853 0
    outer loop
      vertex 26.515342583073927 10.983014508878076 5
      vertex 26.210247212654103 11.67129863593614 5
      vertex 26.210247212654103 11.67129863593614 28.168923145340973
    endloop
  endfacet
  facet normal -0.45399049973954675 0.8910065241883679 0
    outer loop
      vertex 24.84908387247379 14.34472998609851 5
      vertex 24.84908387247379 14.34472998609851 28.167178879777705
      vertex 29.101977911099763 16.511687732781585 5
    endloop
  endfacet
  facet normal 0.45399049973954647 -0.8910065241883679 0
    outer loop
      vertex 26.210247212654103 11.67129863593614 5
      vertex 36.9449512867313 17.140903554469997 5
      vertex 26.210247212654103 11.67129863593614 28.168923145340973
    endloop
  endfacet
  facet normal -0.4539904997395462 0.8910065241883681 1.1595473361485965e-16
    outer loop
      vertex 29.101977911099763 16.511687732781585 5
      vertex 24.84908387247379 14.34472998609851 28.167178879777705
      vertex 35.58297978751266 19.8139231270351 5
    endloop
  endfacet
  facet normal 0.7905159582695586 0.40278799896981604 0.46135273664198956
    outer loop
      vertex 36.9449512867313 17.140903554469997 5
      vertex 35.58297978751266 19.8139231270351 5
      vertex 24.84908387247379 14.34472998609851 28.167178879777705
    endloop
  endfacet
  facet normal 0.8175848131515839 0.5758081914178449 0
    outer loop
      vertex 23.863177873083046 15.944865687662583 5
      vertex 23.052056153494508 17.096570038932835 5
      vertex 23.863177873083046 15.944865687662583 40
    endloop
  endfacet
  facet normal 0.8448535652497071 0.5349976198870973 0
    outer loop
      vertex 23.863177873083046 15.944865687662583 5
      vertex 24.616811107007806 14.754748758345464 40
      vertex 24.616811107007806 14.754748758345464 5
    endloop
  endfacet
  facet normal 0.7883464276266069 0.6152315905806259 0
    outer loop
      vertex 22.185400011510552 18.207087255496624 5
      vertex 23.052056153494508 17.096570038932835 40
      vertex 23.052056153494508 17.096570038932835 5
    endloop
  endfacet
  facet normal 0.790515958269559 0.4027879989698156 0.46135273664198956
    outer loop
      vertex 25.944492712642823 12.270831181449095 28.10085951725428
      vertex 26.210247212654103 11.67129863593614 28.168923145340973
      vertex 36.9449512867313 17.140903554469997 5
    endloop
  endfacet
  facet normal 0.7905159582695586 0.4027879989698162 0.46135273664198945
    outer loop
      vertex 25.31114028679779 13.529086346906132 28.08756192527879
      vertex 25.944492712642823 12.270831181449095 28.10085951725428
      vertex 36.9449512867313 17.140903554469997 5
    endloop
  endfacet
  facet normal 0.7905159582695579 0.4027879989698175 0.4613527366419894
    outer loop
      vertex 24.84908387247379 14.34472998609851 28.167178879777705
      vertex 25.31114028679779 13.529086346906132 28.08756192527879
      vertex 36.9449512867313 17.140903554469997 5
    endloop
  endfacet
  facet normal -0.67155895484702 -0.7409511253549577 0
    outer loop
      vertex 28.005203820042826 28.005203820042826 2
      vertex 28.005203820042826 28.005203820042826 5
      vertex 27.696171457695492 28.285294426791634 2
    endloop
  endfacet
  facet normal -0.7409511253549577 -0.67155895484702 0
    outer loop
      vertex 28.005203820042826 28.005203820042826 2
      vertex 28.285294426791634 27.696171457695492 5
      vertex 28.005203820042826 28.005203820042826 5
    endloop
  endfacet
  facet normal 0.5956993044924324 -0.8032075314806457 0
    outer loop
      vertex 22.303828542304508 28.285294426791634 2
      vertex 22.638826509666693 28.53374585228582 2
      vertex 22.638826509666693 28.53374585228582 5
    endloop
  endfacet
  facet normal 0.5141027441932253 -0.8577286100002698 0
    outer loop
      vertex 22.638826509666693 28.53374585228582 2
      vertex 22.99656386848951 28.74816537348051 2
      vertex 22.99656386848951 28.74816537348051 5
    endloop
  endfacet
  facet normal 0.4275550934302775 -0.9039892931234456 0
    outer loop
      vertex 22.99656386848951 28.74816537348051 2
      vertex 23.373595412448367 28.926488013172968 2
      vertex 23.373595412448367 28.926488013172968 5
    endloop
  endfacet
  facet normal 0.3368898533922203 -0.9415440651830208 0
    outer loop
      vertex 23.373595412448367 28.926488013172968 2
      vertex 23.766290121668536 29.066996426861888 2
      vertex 23.766290121668536 29.066996426861888 5
    endloop
  endfacet
  facet normal 0.24298017990326878 -0.9700312531945428 0
    outer loop
      vertex 23.766290121668536 29.066996426861888 2
      vertex 24.170866131431456 29.16833744171373 2
      vertex 24.170866131431456 29.16833744171373 5
    endloop
  endfacet
  facet normal 0.14673047445535753 -0.9891765099647816 0
    outer loop
      vertex 24.170866131431456 29.16833744171373 2
      vertex 24.583427153599366 29.229535088356837 2
      vertex 24.583427153599366 29.229535088356837 5
    endloop
  endfacet
  facet normal 0.04906767432741787 -0.9987954562051724 0
    outer loop
      vertex 24.583427153599366 29.229535088356837 2
      vertex 25 29.25 2
      vertex 25 29.25 5
    endloop
  endfacet
  facet normal -0.04906767432741787 -0.9987954562051724 0
    outer loop
      vertex 25 29.25 2
      vertex 25.416572846400634 29.229535088356837 2
      vertex 25.416572846400634 29.229535088356837 5
    endloop
  endfacet
  facet normal 0.5141027441932253 -0.8577286100002698 0
    outer loop
      vertex 22.638826509666693 28.53374585228582 2
      vertex 22.99656386848951 28.74816537348051 5
      vertex 22.638826509666693 28.53374585228582 5
    endloop
  endfacet
  facet normal 0.4275550934302775 -0.9039892931234456 0
    outer loop
      vertex 22.99656386848951 28.74816537348051 2
      vertex 23.373595412448367 28.926488013172968 5
      vertex 22.99656386848951 28.74816537348051 5
    endloop
  endfacet
  facet normal 0.3368898533922203 -0.9415440651830208 0
    outer loop
      vertex 23.373595412448367 28.926488013172968 2
      vertex 23.766290121668536 29.066996426861888 5
      vertex 23.373595412448367 28.926488013172968 5
    endloop
  endfacet
  facet normal 0.24298017990326878 -0.9700312531945428 0
    outer loop
      vertex 23.766290121668536 29.066996426861888 2
      vertex 24.170866131431456 29.16833744171373 5
      vertex 23.766290121668536 29.066996426861888 5
    endloop
  endfacet
  facet normal 0.14673047445535753 -0.9891765099647816 0
    outer loop
      vertex 24.170866131431456 29.16833744171373 2
      vertex 24.583427153599366 29.229535088356837 5
      vertex 24.170866131431456 29.16833744171373 5
    endloop
  endfacet
  facet normal 0.04906767432741787 -0.9987954562051724 0
    outer loop
      vertex 24.583427153599366 29.229535088356837 2
      vertex 25 29.25 5
      vertex 24.583427153599366 29.229535088356837 5
    endloop
  endfacet
  facet normal -0.04906767432741787 -0.9987954562051724 0
    outer loop
      vertex 25 29.25 2
      vertex 25.416572846400634 29.229535088356837 5
      vertex 25 29.25 5
    endloop
  endfacet
  facet normal -0.14673047445535753 -0.9891765099647816 0
    outer loop
      vertex 25.416572846400634 29.229535088356837 2
      vertex 25.829133868568544 29.16833744171373 2
      vertex 25.829133868568544 29.16833744171373 5
    endloop
  endfacet
  facet normal -0.24298017990326878 -0.9700312531945428 0
    outer loop
      vertex 25.829133868568544 29.16833744171373 2
      vertex 26.233709878331464 29.066996426861888 2
      vertex 26.233709878331464 29.066996426861888 5
    endloop
  endfacet
  facet normal -0.3368898533922203 -0.9415440651830208 0
    outer loop
      vertex 26.233709878331464 29.066996426861888 2
      vertex 26.626404587551633 28.926488013172968 2
      vertex 26.626404587551633 28.926488013172968 5
    endloop
  endfacet
  facet normal -0.4275550934302775 -0.9039892931234456 0
    outer loop
      vertex 26.626404587551633 28.926488013172968 2
      vertex 27.00343613151049 28.74816537348051 2
      vertex 27.00343613151049 28.74816537348051 5
    endloop
  endfacet
  facet normal -0.5141027441932253 -0.8577286100002698 0
    outer loop
      vertex 27.00343613151049 28.74816537348051 2
      vertex 27.361173490333307 28.53374585228582 2
      vertex 27.361173490333307 28.53374585228582 5
    endloop
  endfacet
  facet normal -0.5956993044924324 -0.8032075314806457 0
    outer loop
      vertex 27.361173490333307 28.53374585228582 2
      vertex 27.696171457695492 28.285294426791634 2
      vertex 27.696171457695492 28.285294426791634 5
    endloop
  endfacet
  facet normal -0.14673047445535753 -0.9891765099647816 0
    outer loop
      vertex 25.416572846400634 29.229535088356837 2
      vertex 25.829133868568544 29.16833744171373 5
      vertex 25.416572846400634 29.229535088356837 5
    endloop
  endfacet
  facet normal -0.24298017990326878 -0.9700312531945428 0
    outer loop
      vertex 25.829133868568544 29.16833744171373 2
      vertex 26.233709878331464 29.066996426861888 5
      vertex 25.829133868568544 29.16833744171373 5
    endloop
  endfacet
  facet normal -0.3368898533922203 -0.9415440651830208 0
    outer loop
      vertex 26.233709878331464 29.066996426861888 2
      vertex 26.626404587551633 28.926488013172968 5
      vertex 26.233709878331464 29.066996426861888 5
    endloop
  endfacet
  facet normal -0.5141027441932253 -0.8577286100002698 0
    outer loop
      vertex 27.00343613151049 28.74816537348051 2
      vertex 27.361173490333307 28.53374585228582 5
      vertex 27.00343613151049 28.74816537348051 5
    endloop
  endfacet
  facet normal -0.4275550934302775 -0.9039892931234456 0
    outer loop
      vertex 26.626404587551633 28.926488013172968 2
      vertex 27.00343613151049 28.74816537348051 5
      vertex 26.626404587551633 28.926488013172968 5
    endloop
  endfacet
  facet normal -0.5956993044924324 -0.8032075314806457 0
    outer loop
      vertex 27.361173490333307 28.53374585228582 2
      vertex 27.696171457695492 28.285294426791634 5
      vertex 27.361173490333307 28.53374585228582 5
    endloop
  endfacet
  facet normal -0.67155895484702 -0.7409511253549577 0
    outer loop
      vertex 28.005203820042826 28.005203820042826 5
      vertex 27.696171457695492 28.285294426791634 5
      vertex 27.696171457695492 28.285294426791634 2
    endloop
  endfacet
  facet normal -0.8577286100002698 0.5141027441932253 0
    outer loop
      vertex 28.53374585228582 22.638826509666693 2
      vertex 28.53374585228582 22.638826509666693 5
      vertex 28.74816537348051 22.99656386848951 2
    endloop
  endfacet
  facet normal -0.9039892931234456 0.4275550934302775 0
    outer loop
      vertex 28.74816537348051 22.99656386848951 2
      vertex 28.74816537348051 22.99656386848951 5
      vertex 28.926488013172968 23.373595412448367 2
    endloop
  endfacet
  facet normal -0.9415440651830208 0.3368898533922203 0
    outer loop
      vertex 28.926488013172968 23.373595412448367 2
      vertex 28.926488013172968 23.373595412448367 5
      vertex 29.066996426861888 23.766290121668536 2
    endloop
  endfacet
  facet normal -0.9700312531945428 0.24298017990326878 0
    outer loop
      vertex 29.066996426861888 23.766290121668536 2
      vertex 29.066996426861888 23.766290121668536 5
      vertex 29.16833744171373 24.170866131431456 2
    endloop
  endfacet
  facet normal -0.9891765099647816 0.14673047445535753 0
    outer loop
      vertex 29.16833744171373 24.170866131431456 2
      vertex 29.16833744171373 24.170866131431456 5
      vertex 29.229535088356837 24.583427153599366 2
    endloop
  endfacet
  facet normal -0.9987954562051724 0.04906767432741787 0
    outer loop
      vertex 29.229535088356837 24.583427153599366 2
      vertex 29.229535088356837 24.583427153599366 5
      vertex 29.25 25 2
    endloop
  endfacet
  facet normal -0.9987954562051724 -0.04906767432741787 0
    outer loop
      vertex 29.25 25 2
      vertex 29.25 25 5
      vertex 29.229535088356837 25.416572846400634 2
    endloop
  endfacet
  facet normal -0.8032075314806457 0.5956993044924324 0
    outer loop
      vertex 28.285294426791634 22.303828542304508 5
      vertex 28.53374585228582 22.638826509666693 5
      vertex 28.53374585228582 22.638826509666693 2
    endloop
  endfacet
  facet normal -0.8577286100002698 0.5141027441932253 0
    outer loop
      vertex 28.74816537348051 22.99656386848951 2
      vertex 28.53374585228582 22.638826509666693 5
      vertex 28.74816537348051 22.99656386848951 5
    endloop
  endfacet
  facet normal -0.9039892931234456 0.4275550934302775 0
    outer loop
      vertex 28.926488013172968 23.373595412448367 2
      vertex 28.74816537348051 22.99656386848951 5
      vertex 28.926488013172968 23.373595412448367 5
    endloop
  endfacet
  facet normal -0.9415440651830208 0.3368898533922203 0
    outer loop
      vertex 29.066996426861888 23.766290121668536 2
      vertex 28.926488013172968 23.373595412448367 5
      vertex 29.066996426861888 23.766290121668536 5
    endloop
  endfacet
  facet normal -0.9700312531945428 0.24298017990326878 0
    outer loop
      vertex 29.16833744171373 24.170866131431456 2
      vertex 29.066996426861888 23.766290121668536 5
      vertex 29.16833744171373 24.170866131431456 5
    endloop
  endfacet
  facet normal -0.9891765099647816 0.14673047445535753 0
    outer loop
      vertex 29.229535088356837 24.583427153599366 2
      vertex 29.16833744171373 24.170866131431456 5
      vertex 29.229535088356837 24.583427153599366 5
    endloop
  endfacet
  facet normal -0.9987954562051724 0.04906767432741787 0
    outer loop
      vertex 29.25 25 2
      vertex 29.229535088356837 24.583427153599366 5
      vertex 29.25 25 5
    endloop
  endfacet
  facet normal -0.9987954562051724 -0.04906767432741787 0
    outer loop
      vertex 29.229535088356837 25.416572846400634 2
      vertex 29.25 25 5
      vertex 29.229535088356837 25.416572846400634 5
    endloop
  endfacet
  facet normal -0.9700312531945428 -0.24298017990326878 0
    outer loop
      vertex 29.16833744171373 25.829133868568544 2
      vertex 29.16833744171373 25.829133868568544 5
      vertex 29.066996426861888 26.233709878331464 2
    endloop
  endfacet
  facet normal -0.9891765099647816 -0.14673047445535753 0
    outer loop
      vertex 29.16833744171373 25.829133868568544 2
      vertex 29.229535088356837 25.416572846400634 2
      vertex 29.229535088356837 25.416572846400634 5
    endloop
  endfacet
  facet normal -0.9415440651830208 -0.3368898533922203 0
    outer loop
      vertex 29.066996426861888 26.233709878331464 2
      vertex 29.066996426861888 26.233709878331464 5
      vertex 28.926488013172968 26.626404587551633 2
    endloop
  endfacet
  facet normal -0.8577286100002698 -0.5141027441932253 0
    outer loop
      vertex 28.74816537348051 27.00343613151049 2
      vertex 28.74816537348051 27.00343613151049 5
      vertex 28.53374585228582 27.361173490333307 2
    endloop
  endfacet
  facet normal -0.8032075314806457 -0.5956993044924324 0
    outer loop
      vertex 28.53374585228582 27.361173490333307 2
      vertex 28.53374585228582 27.361173490333307 5
      vertex 28.285294426791634 27.696171457695492 2
    endloop
  endfacet
  facet normal -0.7409511253549577 -0.67155895484702 0
    outer loop
      vertex 28.005203820042826 28.005203820042826 2
      vertex 28.285294426791634 27.696171457695492 2
      vertex 28.285294426791634 27.696171457695492 5
    endloop
  endfacet
  facet normal -0.9039892931234456 -0.4275550934302775 0
    outer loop
      vertex 28.926488013172968 26.626404587551633 2
      vertex 28.926488013172968 26.626404587551633 5
      vertex 28.74816537348051 27.00343613151049 2
    endloop
  endfacet
  facet normal -0.9891765099647816 -0.14673047445535753 0
    outer loop
      vertex 29.16833744171373 25.829133868568544 2
      vertex 29.229535088356837 25.416572846400634 5
      vertex 29.16833744171373 25.829133868568544 5
    endloop
  endfacet
  facet normal -0.9700312531945428 -0.24298017990326878 0
    outer loop
      vertex 29.066996426861888 26.233709878331464 2
      vertex 29.16833744171373 25.829133868568544 5
      vertex 29.066996426861888 26.233709878331464 5
    endloop
  endfacet
  facet normal -0.9415440651830208 -0.3368898533922203 0
    outer loop
      vertex 28.926488013172968 26.626404587551633 2
      vertex 29.066996426861888 26.233709878331464 5
      vertex 28.926488013172968 26.626404587551633 5
    endloop
  endfacet
  facet normal -0.9039892931234456 -0.4275550934302775 0
    outer loop
      vertex 28.74816537348051 27.00343613151049 2
      vertex 28.926488013172968 26.626404587551633 5
      vertex 28.74816537348051 27.00343613151049 5
    endloop
  endfacet
  facet normal -0.8577286100002698 -0.5141027441932253 0
    outer loop
      vertex 28.53374585228582 27.361173490333307 2
      vertex 28.74816537348051 27.00343613151049 5
      vertex 28.53374585228582 27.361173490333307 5
    endloop
  endfacet
  facet normal -0.8032075314806457 -0.5956993044924324 0
    outer loop
      vertex 28.285294426791634 27.696171457695492 2
      vertex 28.53374585228582 27.361173490333307 5
      vertex 28.285294426791634 27.696171457695492 5
    endloop
  endfacet
  facet normal 0 0 -1
    outer loop
      vertex 10.60262444615364 29.130471244454384 2
      vertex 45 45 2
      vertex 23.766290121668536 29.066996426861888 2
    endloop
  endfacet
  facet normal 0 0 1
    outer loop
      vertex 45 45 5
      vertex 17.140903554469997 36.9449512867313 5
      vertex 19.8139231270351 35.58297978751266 5
    endloop
  endfacet
  facet normal 0 0 -1
    outer loop
      vertex 23.766290121668536 29.066996426861888 2
      vertex 45 45 2
      vertex 24.170866131431456 29.16833744171373 2
    endloop
  endfacet
  facet normal 0 0 -1
    outer loop
      vertex 24.170866131431456 29.16833744171373 2
      vertex 45 45 2
      vertex 24.583427153599366 29.229535088356837 2
    endloop
  endfacet
  facet normal 0 0 -1
    outer loop
      vertex 24.583427153599366 29.229535088356837 2
      vertex 45 45 2
      vertex 25 29.25 2
    endloop
  endfacet
  facet normal 0 0 -1
    outer loop
      vertex 25 29.25 2
      vertex 45 45 2
      vertex 25.416572846400634 29.229535088356837 2
    endloop
  endfacet
  facet normal 0 0 -1
    outer loop
      vertex 25.416572846400634 29.229535088356837 2
      vertex 45 45 2
      vertex 25.829133868568544 29.16833744171373 2
    endloop
  endfacet
  facet normal 0 0 -1
    outer loop
      vertex 25.829133868568544 29.16833744171373 2
      vertex 45 45 2
      vertex 26.233709878331464 29.066996426861888 2
    endloop
  endfacet
  facet normal 0 0 -1
    outer loop
      vertex 26.233709878331464 29.066996426861888 2
      vertex 45 45 2
      vertex 26.626404587551633 28.926488013172968 2
    endloop
  endfacet
  facet normal 0 0 -1
    outer loop
      vertex 26.626404587551633 28.926488013172968 2
      vertex 45 45 2
      vertex 27.00343613151049 28.74816537348051 2
    endloop
  endfacet
  facet normal 0 0 -1
    outer loop
      vertex 27.00343613151049 28.74816537348051 2
      vertex 45 45 2
      vertex 27.361173490333307 28.53374585228582 2
    endloop
  endfacet
  facet normal 0 0 -1
    outer loop
      vertex 27.361173490333307 28.53374585228582 2
      vertex 45 45 2
      vertex 27.696171457695492 28.285294426791634 2
    endloop
  endfacet
  facet normal 0 0 -1
    outer loop
      vertex 28.005203820042826 28.005203820042826 2
      vertex 27.696171457695492 28.285294426791634 2
      vertex 45 45 2
    endloop
  endfacet
  facet normal 0 0 1
    outer loop
      vertex 23.766290121668536 29.066996426861888 5
      vertex 45 45 5
      vertex 19.8139231270351 35.58297978751266 5
    endloop
  endfacet
  facet normal 0 0 1
    outer loop
      vertex 23.766290121668536 29.066996426861888 5
      vertex 24.170866131431456 29.16833744171373 5
      vertex 45 45 5
    endloop
  endfacet
  facet normal 0 0 1
    outer loop
      vertex 24.170866131431456 29.16833744171373 5
      vertex 24.583427153599366 29.229535088356837 5
      vertex 45 45 5
    endloop
  endfacet
  facet normal 0 0 1
    outer loop
      vertex 24.583427153599366 29.229535088356837 5
      vertex 25 29.25 5
      vertex 45 45 5
    endloop
  endfacet
  facet normal 0 0 1
    outer loop
      vertex 25 29.25 5
      vertex 25.416572846400634 29.229535088356837 5
      vertex 45 45 5
    endloop
  endfacet
  facet normal 0 0 1
    outer loop
      vertex 25.416572846400634 29.229535088356837 5
      vertex 25.829133868568544 29.16833744171373 5
      vertex 45 45 5
    endloop
  endfacet
  facet normal 0 0 1
    outer loop
      vertex 25.829133868568544 29.16833744171373 5
      vertex 26.233709878331464 29.066996426861888 5
      vertex 45 45 5
    endloop
  endfacet
  facet normal 0 0 1
    outer loop
      vertex 26.233709878331464 29.066996426861888 5
      vertex 26.626404587551633 28.926488013172968 5
      vertex 45 45 5
    endloop
  endfacet
  facet normal 0 0 1
    outer loop
      vertex 26.626404587551633 28.926488013172968 5
      vertex 27.00343613151049 28.74816537348051 5
      vertex 45 45 5
    endloop
  endfacet
  facet normal 0 0 1
    outer loop
      vertex 27.00343613151049 28.74816537348051 5
      vertex 27.361173490333307 28.53374585228582 5
      vertex 45 45 5
    endloop
  endfacet
  facet normal 0 0 1
    outer loop
      vertex 27.361173490333307 28.53374585228582 5
      vertex 27.696171457695492 28.285294426791634 5
      vertex 45 45 5
    endloop
  endfacet
  facet normal 0 0 1
    outer loop
      vertex 28.005203820042826 28.005203820042826 5
      vertex 45 45 5
      vertex 27.696171457695492 28.285294426791634 5
    endloop
  endfacet
  facet normal 0 0 -1
    outer loop
      vertex 29.94370061159134 8.023390397429466 2
      vertex 29.066996426861888 23.766290121668536 2
      vertex 45 45 2
    endloop
  endfacet
  facet normal 0 0 1
    outer loop
      vertex 45 45 5
      vertex 35.58297978751266 19.8139231270351 5
      vertex 36.9449512867313 17.140903554469997 5
    endloop
  endfacet
  facet normal 0 0 -1
    outer loop
      vertex 29.066996426861888 23.766290121668536 2
      vertex 29.16833744171373 24.170866131431456 2
      vertex 45 45 2
    endloop
  endfacet
  facet normal 0 0 -1
    outer loop
      vertex 29.16833744171373 24.170866131431456 2
      vertex 29.229535088356837 24.583427153599366 2
      vertex 45 45 2
    endloop
  endfacet
  facet normal 0 0 -1
    outer loop
      vertex 29.229535088356837 24.583427153599366 2
      vertex 29.25 25 2
      vertex 45 45 2
    endloop
  endfacet
  facet normal 0 0 -1
    outer loop
      vertex 29.25 25 2
      vertex 29.229535088356837 25.416572846400634 2
      vertex 45 45 2
    endloop
  endfacet
  facet normal 0 0 -1
    outer loop
      vertex 29.16833744171373 25.829133868568544 2
      vertex 45 45 2
      vertex 29.229535088356837 25.416572846400634 2
    endloop
  endfacet
  facet normal 0 0 -1
    outer loop
      vertex 29.16833744171373 25.829133868568544 2
      vertex 29.066996426861888 26.233709878331464 2
      vertex 45 45 2
    endloop
  endfacet
  facet normal 0 0 -1
    outer loop
      vertex 29.066996426861888 26.233709878331464 2
      vertex 28.926488013172968 26.626404587551633 2
      vertex 45 45 2
    endloop
  endfacet
  facet normal 0 0 -1
    outer loop
      vertex 28.926488013172968 26.626404587551633 2
      vertex 28.74816537348051 27.00343613151049 2
      vertex 45 45 2
    endloop
  endfacet
  facet normal 0 0 -1
    outer loop
      vertex 28.74816537348051 27.00343613151049 2
      vertex 28.53374585228582 27.361173490333307 2
      vertex 45 45 2
    endloop
  endfacet
  facet normal 0 0 -1
    outer loop
      vertex 28.53374585228582 27.361173490333307 2
      vertex 28.285294426791634 27.696171457695492 2
      vertex 45 45 2
    endloop
  endfacet
  facet normal 0 0 -1
    outer loop
      vertex 28.005203820042826 28.005203820042826 2
      vertex 45 45 2
      vertex 28.285294426791634 27.696171457695492 2
    endloop
  endfacet
  facet normal 0 0 1
    outer loop
      vertex 29.066996426861888 23.766290121668536 5
      vertex 35.58297978751266 19.8139231270351 5
      vertex 45 45 5
    endloop
  endfacet
  facet normal 0 0 1
    outer loop
      vertex 29.066996426861888 23.766290121668536 5
      vertex 45 45 5
      vertex 29.16833744171373 24.170866131431456 5
    endloop
  endfacet
  facet normal 0 0 1
    outer loop
      vertex 29.16833744171373 24.170866131431456 5
      vertex 45 45 5
      vertex 29.229535088356837 24.583427153599366 5
    endloop
  endfacet
  facet normal 0 0 1
    outer loop
      vertex 29.229535088356837 24.583427153599366 5
      vertex 45 45 5
      vertex 29.25 25 5
    endloop
  endfacet
  facet normal 0 0 1
    outer loop
      vertex 29.25 25 5
      vertex 45 45 5
      vertex 29.229535088356837 25.416572846400634 5
    endloop
  endfacet
  facet normal 0 0 1
    outer loop
      vertex 29.16833744171373 25.829133868568544 5
      vertex 29.229535088356837 25.416572846400634 5
      vertex 45 45 5
    endloop
  endfacet
  facet normal 0 0 1
    outer loop
      vertex 29.16833744171373 25.829133868568544 5
      vertex 45 45 5
      vertex 29.066996426861888 26.233709878331464 5
    endloop
  endfacet
  facet normal 0 0 1
    outer loop
      vertex 29.066996426861888 26.233709878331464 5
      vertex 45 45 5
      vertex 28.926488013172968 26.626404587551633 5
    endloop
  endfacet
  facet normal 0 0 1
    outer loop
      vertex 28.926488013172968 26.626404587551633 5
      vertex 45 45 5
      vertex 28.74816537348051 27.00343613151049 5
    endloop
  endfacet
  facet normal 0 0 1
    outer loop
      vertex 28.74816537348051 27.00343613151049 5
      vertex 45 45 5
      vertex 28.53374585228582 27.361173490333307 5
    endloop
  endfacet
  facet normal 0 0 1
    outer loop
      vertex 28.53374585228582 27.361173490333307 5
      vertex 45 45 5
      vertex 28.285294426791634 27.696171457695492 5
    endloop
  endfacet
  facet normal 0 0 1
    outer loop
      vertex 28.005203820042826 28.005203820042826 5
      vertex 28.285294426791634 27.696171457695492 5
      vertex 45 45 5
    endloop
  endfacet
  facet normal -0.4496113296546081 -0.8932243011955145 0
    outer loop
      vertex 10.560610807727967 22.32853554014905 5
      vertex 11.643499399602142 21.783455229404368 38.5
      vertex 10.560610807727967 22.32853554014905 38.5
    endloop
  endfacet
  facet normal -0.9142097557035307 -0.40524131400498975 0
    outer loop
      vertex 22.32853554014905 10.560610807727967 5
      vertex 22.819824453028783 9.452280779417718 38.5
      vertex 22.32853554014905 10.560610807727967 38.5
    endloop
  endfacet
  facet normal -0.49289819222978276 -0.8700869911087121 0
    outer loop
      vertex 11.643499399602142 21.783455229404368 5
      vertex 12.698337781572578 21.18589666700672 38.5
      vertex 11.643499399602142 21.783455229404368 38.5
    endloop
  endfacet
  facet normal -0.5349976198870982 -0.8448535652497066 0
    outer loop
      vertex 12.698337781572578 21.18589666700672 5
      vertex 13.722584755584174 20.537299423872867 38.5
      vertex 12.698337781572578 21.18589666700672 38.5
    endloop
  endfacet
  facet normal -0.5758081914178446 -0.8175848131515842 0
    outer loop
      vertex 13.722584755584174 20.537299423872867 5
      vertex 14.713772820963104 19.83922602757193 38.5
      vertex 13.722584755584174 20.537299423872867 38.5
    endloop
  endfacet
  facet normal -0.6152315905806263 -0.7883464276266067 0
    outer loop
      vertex 14.713772820963104 19.83922602757193 5
      vertex 15.669514118842043 19.093358198059605 38.5
      vertex 14.713772820963104 19.83922602757193 38.5
    endloop
  endfacet
  facet normal -0.653172842953777 -0.7572088465064843 0
    outer loop
      vertex 15.669514118842043 19.093358198059605 5
      vertex 16.587506184721356 18.30149279626749 38.5
      vertex 15.669514118842043 19.093358198059605 38.5
    endloop
  endfacet
  facet normal -0.7883464276266067 -0.6152315905806263 0
    outer loop
      vertex 19.093358198059605 15.669514118842043 5
      vertex 19.83922602757193 14.713772820963104 38.5
      vertex 19.093358198059605 15.669514118842043 38.5
    endloop
  endfacet
  facet normal -0.7572088465064843 -0.653172842953777 0
    outer loop
      vertex 18.30149279626749 16.587506184721356 5
      vertex 19.093358198059605 15.669514118842043 38.5
      vertex 18.30149279626749 16.587506184721356 38.5
    endloop
  endfacet
  facet normal -0.8448535652497066 -0.5349976198870982 0
    outer loop
      vertex 20.537299423872867 13.722584755584174 5
      vertex 21.18589666700672 12.698337781572578 38.5
      vertex 20.537299423872867 13.722584755584174 38.5
    endloop
  endfacet
  facet normal -0.8700869911087121 -0.49289819222978276 0
    outer loop
      vertex 21.18589666700672 12.698337781572578 5
      vertex 21.783455229404368 11.643499399602142 38.5
      vertex 21.18589666700672 12.698337781572578 38.5
    endloop
  endfacet
  facet normal -0.8932243011955145 -0.4496113296546081 0
    outer loop
      vertex 21.783455229404368 11.643499399602142 5
      vertex 22.32853554014905 10.560610807727967 38.5
      vertex 21.783455229404368 11.643499399602142 38.5
    endloop
  endfacet
  facet normal -0.8175848131515842 -0.5758081914178446 0
    outer loop
      vertex 19.83922602757193 14.713772820963104 5
      vertex 20.537299423872867 13.722584755584174 38.5
      vertex 19.83922602757193 14.713772820963104 38.5
    endloop
  endfacet
  facet normal -0.6895405447370663 -0.7242470829514676 0
    outer loop
      vertex 16.587506184721356 18.30149279626749 5
      vertex 17.465537495307725 17.465537495307725 38.5
      vertex 16.587506184721356 18.30149279626749 38.5
    endloop
  endfacet
  facet normal -0.7242470829514676 -0.6895405447370663 0
    outer loop
      vertex 17.465537495307725 17.465537495307725 5
      vertex 18.30149279626749 16.587506184721356 38.5
      vertex 17.465537495307725 17.465537495307725 38.5
    endloop
  endfacet
  facet normal 0.6152315905806259 0.7883464276266069 0
    outer loop
      vertex 18.207087255496624 22.185400011510552 5
      vertex 17.096570038932835 23.052056153494508 40
      vertex 18.207087255496624 22.185400011510552 40
    endloop
  endfacet
  facet normal 0.6531728429537763 0.757208846506485 0
    outer loop
      vertex 19.27374200410943 21.265297297687326 5
      vertex 18.207087255496624 22.185400011510552 40
      vertex 19.27374200410943 21.265297297687326 40
    endloop
  endfacet
  facet normal 0.7883464276266069 0.6152315905806259 0
    outer loop
      vertex 22.185400011510552 18.207087255496624 5
      vertex 22.185400011510552 18.207087255496624 40
      vertex 23.052056153494508 17.096570038932835 40
    endloop
  endfacet
  facet normal 0.757208846506485 0.6531728429537763 0
    outer loop
      vertex 21.265297297687326 19.27374200410943 5
      vertex 21.265297297687326 19.27374200410943 40
      vertex 22.185400011510552 18.207087255496624 40
    endloop
  endfacet
  facet normal 0.6895405447370655 0.7242470829514682 0
    outer loop
      vertex 20.293964620053917 20.293964620053917 5
      vertex 19.27374200410943 21.265297297687326 40
      vertex 20.293964620053917 20.293964620053917 40
    endloop
  endfacet
  facet normal 0.7242470829514682 0.6895405447370655 0
    outer loop
      vertex 20.293964620053917 20.293964620053917 5
      vertex 20.293964620053917 20.293964620053917 40
      vertex 21.265297297687326 19.27374200410943 40
    endloop
  endfacet
  facet normal -0.3190254024930078 -0.6337946208436122 0.7046468414417794
    outer loop
      vertex 10.560610807727967 22.32853554014905 38.5
      vertex 11.643499399602142 21.783455229404368 38.5
      vertex 12.345911755799822 23.097576318665165 40
    endloop
  endfacet
  facet normal -0.3497399504700651 -0.617377352914182 0.7046468414417777
    outer loop
      vertex 11.643499399602142 21.783455229404368 38.5
      vertex 12.698337781572578 21.18589666700672 38.5
      vertex 13.46438491695983 22.463969099126327 40
    endloop
  endfacet
  facet normal -0.34973995047006756 -0.617377352914179 0.7046468414417794
    outer loop
      vertex 11.643499399602142 21.783455229404368 38.5
      vertex 13.46438491695983 22.463969099126327 40
      vertex 12.345911755799822 23.097576318665165 40
    endloop
  endfacet
  facet normal -0.37961194427284056 -0.5994727688657079 0.7046468414417789
    outer loop
      vertex 13.722584755584174 20.537299423872867 38.5
      vertex 14.550421195514044 21.776244210416397 40
      vertex 12.698337781572578 21.18589666700672 38.5
    endloop
  endfacet
  facet normal -0.379611944272839 -0.59947276886571 0.7046468414417778
    outer loop
      vertex 12.698337781572578 21.18589666700672 38.5
      vertex 14.550421195514044 21.776244210416397 40
      vertex 13.46438491695983 22.463969099126327 40
    endloop
  endfacet
  facet normal -0.46346414197548785 -0.5372837406334291 0.7046468414417785
    outer loop
      vertex 15.669514118842043 19.093358198059605 38.5
      vertex 16.587506184721356 18.30149279626749 38.5
      vertex 17.588173501546382 19.40555904265733 40
    endloop
  endfacet
  facet normal -0.4634641419754876 -0.5372837406334295 0.7046468414417782
    outer loop
      vertex 15.669514118842043 19.093358198059605 38.5
      vertex 17.588173501546382 19.40555904265733 40
      vertex 16.61480212504615 20.24519496631534 40
    endloop
  endfacet
  facet normal -0.40856941965178123 -0.5801240024094257 0.7046468414417788
    outer loop
      vertex 13.722584755584174 20.537299423872867 38.5
      vertex 14.713772820963104 19.83922602757193 38.5
      vertex 15.601404234941898 21.036058442029844 40
    endloop
  endfacet
  facet normal -0.40856941965178123 -0.5801240024094256 0.7046468414417788
    outer loop
      vertex 13.722584755584174 20.537299423872867 38.5
      vertex 15.601404234941898 21.036058442029844 40
      vertex 14.550421195514044 21.776244210416397 40
    endloop
  endfacet
  facet normal 0 0 1
    outer loop
      vertex 14.550421195514044 21.776244210416397 40
      vertex 15.601404234941898 21.036058442029844 40
      vertex 14.754748758345464 24.616811107007806 40
    endloop
  endfacet
  facet normal -0.43654261551232765 -0.5593776664184774 0.7046468414417782
    outer loop
      vertex 15.669514118842043 19.093358198059605 38.5
      vertex 16.61480212504615 20.24519496631534 40
      vertex 14.713772820963104 19.83922602757193 38.5
    endloop
  endfacet
  facet normal -0.4365426155123283 -0.5593776664184763 0.7046468414417788
    outer loop
      vertex 14.713772820963104 19.83922602757193 38.5
      vertex 16.61480212504615 20.24519496631534 40
      vertex 15.601404234941898 21.036058442029844 40
    endloop
  endfacet
  facet normal 0 0 1
    outer loop
      vertex 15.601404234941898 21.036058442029844 40
      vertex 16.61480212504615 20.24519496631534 40
      vertex 15.944865687662583 23.863177873083046 40
    endloop
  endfacet
  facet normal 0 0 1
    outer loop
      vertex 16.61480212504615 20.24519496631534 40
      vertex 17.096570038932835 23.052056153494508 40
      vertex 15.944865687662583 23.863177873083046 40
    endloop
  endfacet
  facet normal -0.5372837406334292 -0.463464141975488 0.7046468414417782
    outer loop
      vertex 18.30149279626749 16.587506184721356 38.5
      vertex 19.093358198059605 15.669514118842043 38.5
      vertex 20.24519496631534 16.61480212504615 40
    endloop
  endfacet
  facet normal -0.6173773529141807 -0.3497399504700644 0.7046468414417794
    outer loop
      vertex 21.783455229404368 11.643499399602142 38.5
      vertex 23.097576318665165 12.345911755799822 40
      vertex 21.18589666700672 12.698337781572578 38.5
    endloop
  endfacet
  facet normal -0.5994727688657081 -0.3796119442728407 0.7046468414417785
    outer loop
      vertex 20.537299423872867 13.722584755584174 38.5
      vertex 21.18589666700672 12.698337781572578 38.5
      vertex 22.46396909912633 13.46438491695983 40
    endloop
  endfacet
  facet normal -0.5994727688657083 -0.3796119442728399 0.7046468414417788
    outer loop
      vertex 20.537299423872867 13.722584755584174 38.5
      vertex 22.46396909912633 13.46438491695983 40
      vertex 21.776244210416397 14.550421195514044 40
    endloop
  endfacet
  facet normal -0.6173773529141804 -0.3497399504700664 0.7046468414417785
    outer loop
      vertex 21.18589666700672 12.698337781572578 38.5
      vertex 23.097576318665165 12.345911755799822 40
      vertex 22.46396909912633 13.46438491695983 40
    endloop
  endfacet
  facet normal -0.559377666418477 -0.4365426155123273 0.7046468414417788
    outer loop
      vertex 19.093358198059605 15.669514118842043 38.5
      vertex 19.83922602757193 14.713772820963104 38.5
      vertex 21.036058442029844 15.601404234941898 40
    endloop
  endfacet
  facet normal -0.5801240024094257 -0.40856941965178123 0.7046468414417788
    outer loop
      vertex 20.537299423872867 13.722584755584174 38.5
      vertex 21.776244210416397 14.550421195514044 40
      vertex 19.83922602757193 14.713772820963104 38.5
    endloop
  endfacet
  facet normal -0.5801240024094256 -0.40856941965178123 0.7046468414417788
    outer loop
      vertex 19.83922602757193 14.713772820963104 38.5
      vertex 21.776244210416397 14.550421195514044 40
      vertex 21.036058442029844 15.601404234941898 40
    endloop
  endfacet
  facet normal -0.5593776664184766 -0.4365426155123286 0.7046468414417782
    outer loop
      vertex 19.093358198059605 15.669514118842043 38.5
      vertex 21.036058442029844 15.601404234941898 40
      vertex 20.24519496631534 16.61480212504615 40
    endloop
  endfacet
  facet normal 0 0 1
    outer loop
      vertex 22.46396909912633 13.46438491695983 40
      vertex 22.185400011510552 18.207087255496624 40
      vertex 21.776244210416397 14.550421195514044 40
    endloop
  endfacet
  facet normal 0 0 1
    outer loop
      vertex 21.036058442029844 15.601404234941898 40
      vertex 21.776244210416397 14.550421195514044 40
      vertex 21.265297297687326 19.27374200410943 40
    endloop
  endfacet
  facet normal -0.4892691427259628 -0.5138954512566976 0.7046468414417796
    outer loop
      vertex 16.587506184721356 18.30149279626749 38.5
      vertex 17.465537495307725 17.465537495307725 38.5
      vertex 18.51917342753934 18.51917342753934 40
    endloop
  endfacet
  facet normal -0.48926914272596167 -0.5138954512567002 0.7046468414417785
    outer loop
      vertex 16.587506184721356 18.30149279626749 38.5
      vertex 18.51917342753934 18.51917342753934 40
      vertex 17.588173501546382 19.40555904265733 40
    endloop
  endfacet
  facet normal -0.5138954512566984 -0.48926914272596356 0.7046468414417785
    outer loop
      vertex 18.30149279626749 16.587506184721356 38.5
      vertex 19.40555904265733 17.588173501546382 40
      vertex 17.465537495307725 17.465537495307725 38.5
    endloop
  endfacet
  facet normal -0.5138954512566994 -0.48926914272596095 0.7046468414417796
    outer loop
      vertex 17.465537495307725 17.465537495307725 38.5
      vertex 19.40555904265733 17.588173501546382 40
      vertex 18.51917342753934 18.51917342753934 40
    endloop
  endfacet
  facet normal -0.5372837406334294 -0.4634641419754875 0.7046468414417786
    outer loop
      vertex 18.30149279626749 16.587506184721356 38.5
      vertex 20.24519496631534 16.61480212504615 40
      vertex 19.40555904265733 17.588173501546382 40
    endloop
  endfacet
  facet normal 0 0 1
    outer loop
      vertex 19.40555904265733 17.588173501546382 40
      vertex 19.27374200410943 21.265297297687326 40
      vertex 18.51917342753934 18.51917342753934 40
    endloop
  endfacet
  facet normal 0 0 1
    outer loop
      vertex 16.61480212504615 20.24519496631534 40
      vertex 17.588173501546382 19.40555904265733 40
      vertex 17.096570038932835 23.052056153494508 40
    endloop
  endfacet
  facet normal 0 0 1
    outer loop
      vertex 17.588173501546382 19.40555904265733 40
      vertex 18.51917342753934 18.51917342753934 40
      vertex 18.207087255496624 22.185400011510552 40
    endloop
  endfacet
  facet normal 0 0 1
    outer loop
      vertex 17.588173501546382 19.40555904265733 40
      vertex 18.207087255496624 22.185400011510552 40
      vertex 17.096570038932835 23.052056153494508 40
    endloop
  endfacet
  facet normal 0 0 1
    outer loop
      vertex 18.51917342753934 18.51917342753934 40
      vertex 19.27374200410943 21.265297297687326 40
      vertex 18.207087255496624 22.185400011510552 40
    endloop
  endfacet
  facet normal 0 0 1
    outer loop
      vertex 19.40555904265733 17.588173501546382 40
      vertex 20.293964620053917 20.293964620053917 40
      vertex 19.27374200410943 21.265297297687326 40
    endloop
  endfacet
  facet normal 0 0 1
    outer loop
      vertex 20.24519496631534 16.61480212504615 40
      vertex 20.293964620053917 20.293964620053917 40
      vertex 19.40555904265733 17.588173501546382 40
    endloop
  endfacet
  facet normal 0 0 1
    outer loop
      vertex 20.24519496631534 16.61480212504615 40
      vertex 21.036058442029844 15.601404234941898 40
      vertex 20.293964620053917 20.293964620053917 40
    endloop
  endfacet
  facet normal 0 0 1
    outer loop
      vertex 21.036058442029844 15.601404234941898 40
      vertex 21.265297297687326 19.27374200410943 40
      vertex 20.293964620053917 20.293964620053917 40
    endloop
  endfacet
  facet normal 0 0 1
    outer loop
      vertex 21.776244210416397 14.550421195514044 40
      vertex 22.185400011510552 18.207087255496624 40
      vertex 21.265297297687326 19.27374200410943 40
    endloop
  endfacet
  facet normal -0.3598950365349877 -0.9329927988347391 0
    outer loop
      vertex 8.446892212054513 23.20764561910311 5
      vertex 9.452280779417718 22.819824453028783 38.5
      vertex 8.446892212054513 23.20764561910311 38.5
    endloop
  endfacet
  facet normal -0.40524131400498975 -0.9142097557035307 0
    outer loop
      vertex 9.452280779417718 22.819824453028783 5
      vertex 10.560610807727967 22.32853554014905 38.5
      vertex 9.452280779417718 22.819824453028783 38.5
    endloop
  endfacet
  facet normal -0.9396926207949845 0.34202014330073227 0
    outer loop
      vertex 8.446892212054513 23.20764561910311 5
      vertex 8.446892212054513 23.20764561910311 38.5
      vertex 9.814809979188848 26.9659687962858 40
    endloop
  endfacet
  facet normal 0.35989503653498917 0.9329927988347385 0
    outer loop
      vertex 10.983014508878076 26.515342583073927 5
      vertex 9.814809979188848 26.9659687962858 40
      vertex 10.983014508878076 26.515342583073927 40
    endloop
  endfacet
  facet normal 0.4052413140049884 0.9142097557035312 0
    outer loop
      vertex 10.983014508878076 26.515342583073927 40
      vertex 11.67129863593614 26.210247212654103 28.168923145340973
      vertex 11.67129863593614 26.210247212654103 5
    endloop
  endfacet
  facet normal 0.49289819222978404 0.8700869911087113 0
    outer loop
      vertex 14.754748758345464 24.616811107007806 5
      vertex 14.34472998609851 24.84908387247379 28.167178879777705
      vertex 14.754748758345464 24.616811107007806 40
    endloop
  endfacet
  facet normal 0.5758081914178449 0.8175848131515839 0
    outer loop
      vertex 17.096570038932835 23.052056153494508 5
      vertex 15.944865687662583 23.863177873083046 40
      vertex 17.096570038932835 23.052056153494508 40
    endloop
  endfacet
  facet normal 0.5349976198870973 0.8448535652497071 0
    outer loop
      vertex 15.944865687662583 23.863177873083046 5
      vertex 14.754748758345464 24.616811107007806 40
      vertex 15.944865687662583 23.863177873083046 40
    endloop
  endfacet
  facet normal -0.2553664716901414 -0.6620126841554118 0.7046468414417786
    outer loop
      vertex 8.446892212054513 23.20764561910311 38.5
      vertex 9.452280779417718 22.819824453028783 38.5
      vertex 10.022504436915368 24.196466140545603 40
    endloop
  endfacet
  facet normal -0.9396926207949845 0.3420201433007323 -1.7695369840566399e-16
    outer loop
      vertex 8.446892212054513 23.20764561910311 38.5
      vertex 8.956464227957204 24.607683226497326 40
      vertex 9.814809979188848 26.9659687962858 40
    endloop
  endfacet
  facet normal -0.255366471690141 -0.6620126841554123 0.7046468414417784
    outer loop
      vertex 8.446892212054513 23.20764561910311 38.5
      vertex 10.022504436915368 24.196466140545603 40
      vertex 8.956464227957204 24.607683226497326 40
    endloop
  endfacet
  facet normal -0.2875422943780181 -0.6486850220175819 0.7046468414417782
    outer loop
      vertex 10.560610807727967 22.32853554014905 38.5
      vertex 11.197696211845937 23.675539453743585 40
      vertex 9.452280779417718 22.819824453028783 38.5
    endloop
  endfacet
  facet normal -0.28754229437801876 -0.648685022017581 0.7046468414417786
    outer loop
      vertex 9.452280779417718 22.819824453028783 38.5
      vertex 11.197696211845937 23.675539453743585 40
      vertex 10.022504436915368 24.196466140545603 40
    endloop
  endfacet
  facet normal 0 0 1
    outer loop
      vertex 8.956464227957204 24.607683226497326 40
      vertex 10.022504436915368 24.196466140545603 40
      vertex 10.983014508878076 26.515342583073927 40
    endloop
  endfacet
  facet normal 0 0 1
    outer loop
      vertex 11.197696211845937 23.675539453743585 40
      vertex 10.983014508878076 26.515342583073927 40
      vertex 10.022504436915368 24.196466140545603 40
    endloop
  endfacet
  facet normal 0 0 1
    outer loop
      vertex 8.956464227957204 24.607683226497326 40
      vertex 10.983014508878076 26.515342583073927 40
      vertex 9.814809979188848 26.9659687962858 40
    endloop
  endfacet
  facet normal 0.4928981922297871 0.8700869911087098 0
    outer loop
      vertex 13.529086346906132 25.31114028679779 40
      vertex 14.34472998609851 24.84908387247379 28.167178879777705
      vertex 13.529086346906132 25.31114028679779 28.08756192527879
    endloop
  endfacet
  facet normal 0.4052413140049892 0.914209755703531 0
    outer loop
      vertex 12.270831181449095 25.944492712642823 40
      vertex 12.270831181449095 25.944492712642823 28.10085951725428
      vertex 11.67129863593614 26.210247212654103 28.168923145340973
    endloop
  endfacet
  facet normal 0.4496113296546055 0.8932243011955159 0
    outer loop
      vertex 13.529086346906132 25.31114028679779 40
      vertex 13.529086346906132 25.31114028679779 28.08756192527879
      vertex 12.270831181449095 25.944492712642823 28.10085951725428
    endloop
  endfacet
  facet normal 0.40524131400498875 0.9142097557035311 2.3315557625183925e-17
    outer loop
      vertex 10.983014508878076 26.515342583073927 40
      vertex 12.270831181449095 25.944492712642823 40
      vertex 11.67129863593614 26.210247212654103 28.168923145340973
    endloop
  endfacet
  facet normal 0.44961132965460554 0.8932243011955159 0
    outer loop
      vertex 13.529086346906132 25.31114028679779 40
      vertex 12.270831181449095 25.944492712642823 28.10085951725428
      vertex 12.270831181449095 25.944492712642823 40
    endloop
  endfacet
  facet normal 0.4928981922297861 0.8700869911087102 -8.658787688466274e-17
    outer loop
      vertex 13.529086346906132 25.31114028679779 40
      vertex 14.754748758345464 24.616811107007806 40
      vertex 14.34472998609851 24.84908387247379 28.167178879777705
    endloop
  endfacet
  facet normal -0.319025402493006 -0.6337946208436145 0.7046468414417782
    outer loop
      vertex 10.560610807727967 22.32853554014905 38.5
      vertex 12.345911755799822 23.097576318665165 40
      vertex 11.197696211845937 23.675539453743585 40
    endloop
  endfacet
  facet normal 0 0 1
    outer loop
      vertex 11.197696211845937 23.675539453743585 40
      vertex 12.345911755799822 23.097576318665165 40
      vertex 12.270831181449095 25.944492712642823 40
    endloop
  endfacet
  facet normal 0 0 1
    outer loop
      vertex 13.46438491695983 22.463969099126327 40
      vertex 13.529086346906132 25.31114028679779 40
      vertex 12.345911755799822 23.097576318665165 40
    endloop
  endfacet
  facet normal 0 0 1
    outer loop
      vertex 13.46438491695983 22.463969099126327 40
      vertex 14.550421195514044 21.776244210416397 40
      vertex 13.529086346906132 25.31114028679779 40
    endloop
  endfacet
  facet normal 0 0 1
    outer loop
      vertex 12.345911755799822 23.097576318665165 40
      vertex 13.529086346906132 25.31114028679779 40
      vertex 12.270831181449095 25.944492712642823 40
    endloop
  endfacet
  facet normal 0 0 1
    outer loop
      vertex 11.197696211845937 23.675539453743585 40
      vertex 12.270831181449095 25.944492712642823 40
      vertex 10.983014508878076 26.515342583073927 40
    endloop
  endfacet
  facet normal 0 0 1
    outer loop
      vertex 14.550421195514044 21.776244210416397 40
      vertex 14.754748758345464 24.616811107007806 40
      vertex 13.529086346906132 25.31114028679779 40
    endloop
  endfacet
  facet normal 0 0 1
    outer loop
      vertex 15.601404234941898 21.036058442029844 40
      vertex 15.944865687662583 23.863177873083046 40
      vertex 14.754748758345464 24.616811107007806 40
    endloop
  endfacet
  facet normal 0.9142097557035312 0.4052413140049884 0
    outer loop
      vertex 26.515342583073927 10.983014508878076 5
      vertex 26.210247212654103 11.67129863593614 28.168923145340973
      vertex 26.515342583073927 10.983014508878076 40
    endloop
  endfacet
  facet normal -0.9329927988347387 -0.3598950365349882 0
    outer loop
      vertex 22.819824453028783 9.452280779417718 5
      vertex 23.20764561910311 8.446892212054514 38.5
      vertex 22.819824453028783 9.452280779417718 38.5
    endloop
  endfacet
  facet normal 0.3420201433007319 -0.9396926207949847 0
    outer loop
      vertex 23.20764561910311 8.446892212054514 5
      vertex 26.9659687962858 9.814809979188848 40
      vertex 23.20764561910311 8.446892212054514 38.5
    endloop
  endfacet
  facet normal 0.9329927988347385 0.35989503653498917 0
    outer loop
      vertex 26.9659687962858 9.814809979188848 5
      vertex 26.515342583073927 10.983014508878076 40
      vertex 26.9659687962858 9.814809979188848 40
    endloop
  endfacet
  facet normal 0.8700869911087113 0.49289819222978404 0
    outer loop
      vertex 24.616811107007806 14.754748758345464 5
      vertex 24.616811107007806 14.754748758345464 40
      vertex 24.84908387247379 14.34472998609851 28.167178879777705
    endloop
  endfacet
  facet normal 0.8175848131515839 0.5758081914178449 0
    outer loop
      vertex 23.052056153494508 17.096570038932835 5
      vertex 23.052056153494508 17.096570038932835 40
      vertex 23.863177873083046 15.944865687662583 40
    endloop
  endfacet
  facet normal 0.8448535652497071 0.5349976198870973 0
    outer loop
      vertex 23.863177873083046 15.944865687662583 5
      vertex 23.863177873083046 15.944865687662583 40
      vertex 24.616811107007806 14.754748758345464 40
    endloop
  endfacet
  facet normal -0.6620126841554119 -0.25536647169014187 0.7046468414417781
    outer loop
      vertex 22.819824453028783 9.452280779417718 38.5
      vertex 23.20764561910311 8.446892212054514 38.5
      vertex 24.607683226497326 8.956464227957204 40
    endloop
  endfacet
  facet normal -0.662012684155412 -0.2553664716901409 0.7046468414417786
    outer loop
      vertex 22.819824453028783 9.452280779417718 38.5
      vertex 24.607683226497326 8.956464227957204 40
      vertex 24.196466140545603 10.022504436915368 40
    endloop
  endfacet
  facet normal -0.6486850220175815 -0.28754229437801787 0.7046468414417786
    outer loop
      vertex 22.32853554014905 10.560610807727967 38.5
      vertex 22.819824453028783 9.452280779417718 38.5
      vertex 24.196466140545603 10.022504436915368 40
    endloop
  endfacet
  facet normal -0.6337946208436133 -0.31902540249300837 0.7046468414417782
    outer loop
      vertex 22.32853554014905 10.560610807727967 38.5
      vertex 23.675539453743585 11.197696211845937 40
      vertex 21.783455229404368 11.643499399602142 38.5
    endloop
  endfacet
  facet normal -0.6486850220175815 -0.2875422943780189 0.7046468414417782
    outer loop
      vertex 22.32853554014905 10.560610807727967 38.5
      vertex 24.196466140545603 10.022504436915368 40
      vertex 23.675539453743585 11.197696211845937 40
    endloop
  endfacet
  facet normal 0.3420201433007323 -0.9396926207949845 -1.2976604549748692e-15
    outer loop
      vertex 23.20764561910311 8.446892212054514 38.5
      vertex 26.9659687962858 9.814809979188848 40
      vertex 24.607683226497326 8.956464227957204 40
    endloop
  endfacet
  facet normal 0 0 1
    outer loop
      vertex 24.607683226497326 8.956464227957204 40
      vertex 24.616811107007806 14.754748758345464 40
      vertex 24.196466140545603 10.022504436915368 40
    endloop
  endfacet
  facet normal 0 0 1
    outer loop
      vertex 24.607683226497326 8.956464227957204 40
      vertex 26.9659687962858 9.814809979188848 40
      vertex 24.616811107007806 14.754748758345464 40
    endloop
  endfacet
  facet normal 0 0 1
    outer loop
      vertex 26.515342583073927 10.983014508878076 40
      vertex 25.944492712642823 12.270831181449095 40
      vertex 26.9659687962858 9.814809979188848 40
    endloop
  endfacet
  facet normal 0.8700869911087098 0.4928981922297871 0
    outer loop
      vertex 25.31114028679779 13.529086346906132 40
      vertex 25.31114028679779 13.529086346906132 28.08756192527879
      vertex 24.84908387247379 14.34472998609851 28.167178879777705
    endloop
  endfacet
  facet normal 0.914209755703531 0.4052413140049892 0
    outer loop
      vertex 25.944492712642823 12.270831181449095 40
      vertex 26.210247212654103 11.67129863593614 28.168923145340973
      vertex 25.944492712642823 12.270831181449095 28.10085951725428
    endloop
  endfacet
  facet normal 0.8932243011955159 0.44961132965460554 0
    outer loop
      vertex 25.944492712642823 12.270831181449095 40
      vertex 25.944492712642823 12.270831181449095 28.10085951725428
      vertex 25.31114028679779 13.529086346906132 28.08756192527879
    endloop
  endfacet
  facet normal 0.8700869911087102 0.4928981922297861 -8.658787688466274e-17
    outer loop
      vertex 25.31114028679779 13.529086346906132 40
      vertex 24.84908387247379 14.34472998609851 28.167178879777705
      vertex 24.616811107007806 14.754748758345464 40
    endloop
  endfacet
  facet normal 0.9142097557035311 0.40524131400498875 2.3315557625183925e-17
    outer loop
      vertex 26.515342583073927 10.983014508878076 40
      vertex 26.210247212654103 11.67129863593614 28.168923145340973
      vertex 25.944492712642823 12.270831181449095 40
    endloop
  endfacet
  facet normal 0.8932243011955159 0.4496113296546055 0
    outer loop
      vertex 25.31114028679779 13.529086346906132 40
      vertex 25.944492712642823 12.270831181449095 40
      vertex 25.31114028679779 13.529086346906132 28.08756192527879
    endloop
  endfacet
  facet normal -0.6337946208436135 -0.3190254024930054 0.7046468414417794
    outer loop
      vertex 21.783455229404368 11.643499399602142 38.5
      vertex 23.675539453743585 11.197696211845937 40
      vertex 23.097576318665165 12.345911755799822 40
    endloop
  endfacet
  facet normal 0 0 1
    outer loop
      vertex 23.675539453743585 11.197696211845937 40
      vertex 23.052056153494508 17.096570038932835 40
      vertex 23.097576318665165 12.345911755799822 40
    endloop
  endfacet
  facet normal 0 0 1
    outer loop
      vertex 23.675539453743585 11.197696211845937 40
      vertex 24.196466140545603 10.022504436915368 40
      vertex 23.863177873083046 15.944865687662583 40
    endloop
  endfacet
  facet normal 0 0 1
    outer loop
      vertex 24.196466140545603 10.022504436915368 40
      vertex 24.616811107007806 14.754748758345464 40
      vertex 23.863177873083046 15.944865687662583 40
    endloop
  endfacet
  facet normal 0 0 1
    outer loop
      vertex 22.46396909912633 13.46438491695983 40
      vertex 23.097576318665165 12.345911755799822 40
      vertex 23.052056153494508 17.096570038932835 40
    endloop
  endfacet
  facet normal 0 0 1
    outer loop
      vertex 23.675539453743585 11.197696211845937 40
      vertex 23.863177873083046 15.944865687662583 40
      vertex 23.052056153494508 17.096570038932835 40
    endloop
  endfacet
  facet normal 0 0 1
    outer loop
      vertex 22.46396909912633 13.46438491695983 40
      vertex 23.052056153494508 17.096570038932835 40
      vertex 22.185400011510552 18.207087255496624 40
    endloop
  endfacet
  facet normal 0 0 1
    outer loop
      vertex 26.9659687962858 9.814809979188848 40
      vertex 25.944492712642823 12.270831181449095 40
      vertex 25.31114028679779 13.529086346906132 40
    endloop
  endfacet
  facet normal 0 0 1
    outer loop
      vertex 26.9659687962858 9.814809979188848 40
      vertex 25.31114028679779 13.529086346906132 40
      vertex 24.616811107007806 14.754748758345464 40
    endloop
  endfacet
endsolid OpenSCAD_Model
