solid OpenSCAD_Model
  facet normal -1 0 0
    outer loop
      vertex 300.25 -25.25 0.25
      vertex 300.25 -20.25 20.25
      vertex 300.25 -20.25 0.25
    endloop
  endfacet
  facet normal 0 0 -1
    outer loop
      vertex 300.25 -25.25 0.25
      vertex 300.25 -20.25 0.25
      vertex 500.25 -20.25 0.25
    endloop
  endfacet
  facet normal 0 -1 0
    outer loop
      vertex 300.25 -25.25 0.25
      vertex 500.25 -25.25 0.25
      vertex 300.25 -25.25 20.25
    endloop
  endfacet
  facet normal -1 0 0
    outer loop
      vertex 300.25 -25.25 0.25
      vertex 300.25 -25.25 20.25
      vertex 300.25 -20.25 20.25
    endloop
  endfacet
  facet normal -1 0 0
    outer loop
      vertex 300.25 -25.25 20.25
      vertex 300.25 -20.25 25.25
      vertex 300.25 -20.25 20.25
    endloop
  endfacet
  facet normal -1 0 0
    outer loop
      vertex 300.25 -25.25 20.25
      vertex 300.25 -25.25 25.25
      vertex 300.25 -20.25 25.25
    endloop
  endfacet
  facet normal 0 0 -1
    outer loop
      vertex 300.25 -20.25 20.25
      vertex 321.9955535904163 -9.904332474828362 20.25
      vertex 322.9808151671331 -10.151127652173434 20.25
    endloop
  endfacet
  facet normal 0 0 -1
    outer loop
      vertex 300.25 -20.25 20.25
      vertex 322.9808151671331 -10.151127652173434 20.25
      vertex 323.98552259758907 -10.300161921057239 20.25
    endloop
  endfacet
  facet normal 0 0 -1
    outer loop
      vertex 300.25 -20.25 20.25
      vertex 321.03922647502134 -9.562153161491818 20.25
      vertex 321.9955535904163 -9.904332474828362 20.25
    endloop
  endfacet
  facet normal 0 0 -1
    outer loop
      vertex 300.25 -20.25 20.25
      vertex 320.12104377385094 -9.127885086005474 20.25
      vertex 321.03922647502134 -9.562153161491818 20.25
    endloop
  endfacet
  facet normal 0 0 -1
    outer loop
      vertex 300.25 -20.25 20.25
      vertex 319.2498480882471 -8.605710487331343 20.25
      vertex 320.12104377385094 -9.127885086005474 20.25
    endloop
  endfacet
  facet normal 0 0 -1
    outer loop
      vertex 300.25 -20.25 20.25
      vertex 323.98552259758907 -10.300161921057239 20.25
      vertex 325 -10.35 20.25
    endloop
  endfacet
  facet normal 0 0 -1
    outer loop
      vertex 300.25 -20.25 20.25
      vertex 325 -10.35 20.25
      vertex 326.01447740241093 -10.300161921057239 20.25
    endloop
  endfacet
  facet normal 0 0 -1
    outer loop
      vertex 300.25 -20.25 20.25
      vertex 326.01447740241093 -10.300161921057239 20.25
      vertex 327.0191848328669 -10.151127652173434 20.25
    endloop
  endfacet
  facet normal 0 0 1
    outer loop
      vertex 300.25 -20.25 25.25
      vertex 322.9808151671331 -10.151127652173434 25.25
      vertex 321.9955535904163 -9.904332474828362 25.25
    endloop
  endfacet
  facet normal 0 0 1
    outer loop
      vertex 300.25 -20.25 25.25
      vertex 323.98552259758907 -10.300161921057239 25.25
      vertex 322.9808151671331 -10.151127652173434 25.25
    endloop
  endfacet
  facet normal 0 0 1
    outer loop
      vertex 300.25 -20.25 25.25
      vertex 321.9955535904163 -9.904332474828362 25.25
      vertex 321.03922647502134 -9.562153161491818 25.25
    endloop
  endfacet
  facet normal 0 0 1
    outer loop
      vertex 300.25 -20.25 25.25
      vertex 321.03922647502134 -9.562153161491818 25.25
      vertex 320.12104377385094 -9.127885086005474 25.25
    endloop
  endfacet
  facet normal 0 0 1
    outer loop
      vertex 300.25 -20.25 25.25
      vertex 320.12104377385094 -9.127885086005474 25.25
      vertex 319.2498480882471 -8.605710487331343 25.25
    endloop
  endfacet
  facet normal 0 0 1
    outer loop
      vertex 300.25 -20.25 25.25
      vertex 325 -10.35 25.25
      vertex 323.98552259758907 -10.300161921057239 25.25
    endloop
  endfacet
  facet normal 0 0 1
    outer loop
      vertex 300.25 -20.25 25.25
      vertex 326.01447740241093 -10.300161921057239 25.25
      vertex 325 -10.35 25.25
    endloop
  endfacet
  facet normal 0 0 1
    outer loop
      vertex 300.25 -20.25 25.25
      vertex 327.0191848328669 -10.151127652173434 25.25
      vertex 326.01447740241093 -10.300161921057239 25.25
    endloop
  endfacet
  facet normal 0 0 1
    outer loop
      vertex 300.25 -20.25 25.25
      vertex 328.0044464095837 -9.904332474828362 25.25
      vertex 327.0191848328669 -10.151127652173434 25.25
    endloop
  endfacet
  facet normal 0 0 1
    outer loop
      vertex 300.25 -20.25 25.25
      vertex 328.96077352497866 -9.562153161491818 25.25
      vertex 328.0044464095837 -9.904332474828362 25.25
    endloop
  endfacet
  facet normal 0 0 -1
    outer loop
      vertex 300.25 -20.25 20.25
      vertex 327.0191848328669 -10.151127652173434 20.25
      vertex 372.9808151671331 -10.151127652173434 20.25
    endloop
  endfacet
  facet normal 0 0 -1
    outer loop
      vertex 300.25 -20.25 20.25
      vertex 372.9808151671331 -10.151127652173434 20.25
      vertex 373.98552259758907 -10.300161921057239 20.25
    endloop
  endfacet
  facet normal 0 0 -1
    outer loop
      vertex 300.25 -20.25 20.25
      vertex 373.98552259758907 -10.300161921057239 20.25
      vertex 375 -10.35 20.25
    endloop
  endfacet
  facet normal 0 0 1
    outer loop
      vertex 300.25 -20.25 25.25
      vertex 370.12104377385094 -9.127885086005474 25.25
      vertex 369.2498480882471 -8.605710487331343 25.25
    endloop
  endfacet
  facet normal 0 0 1
    outer loop
      vertex 300.25 -20.25 25.25
      vertex 371.9955535904163 -9.904332474828362 25.25
      vertex 371.03922647502134 -9.562153161491818 25.25
    endloop
  endfacet
  facet normal 0 0 1
    outer loop
      vertex 300.25 -20.25 25.25
      vertex 371.03922647502134 -9.562153161491818 25.25
      vertex 370.12104377385094 -9.127885086005474 25.25
    endloop
  endfacet
  facet normal 0 0 1
    outer loop
      vertex 300.25 -20.25 25.25
      vertex 372.9808151671331 -10.151127652173434 25.25
      vertex 371.9955535904163 -9.904332474828362 25.25
    endloop
  endfacet
  facet normal 0 0 1
    outer loop
      vertex 300.25 -20.25 25.25
      vertex 373.98552259758907 -10.300161921057239 25.25
      vertex 372.9808151671331 -10.151127652173434 25.25
    endloop
  endfacet
  facet normal 0 0 -1
    outer loop
      vertex 300.25 -20.25 20.25
      vertex 318.4340295089063 -8.000658192304327 20.25
      vertex 319.2498480882471 -8.605710487331343 20.25
    endloop
  endfacet
  facet normal 0 0 -1
    outer loop
      vertex 300.25 -20.25 20.25
      vertex 317.6814448147192 -7.3185551852807675 20.25
      vertex 318.4340295089063 -8.000658192304327 20.25
    endloop
  endfacet
  facet normal 0 0 -1
    outer loop
      vertex 300.25 -20.25 20.25
      vertex 316.99934180769566 -6.56597049109373 20.25
      vertex 317.6814448147192 -7.3185551852807675 20.25
    endloop
  endfacet
  facet normal 0 0 -1
    outer loop
      vertex 300.25 -20.25 20.25
      vertex 316.39428951266865 -5.750151911752883 20.25
      vertex 316.99934180769566 -6.56597049109373 20.25
    endloop
  endfacet
  facet normal 0 0 -1
    outer loop
      vertex 300.25 -20.25 20.25
      vertex 315.87211491399455 -4.878956226149075 20.25
      vertex 316.39428951266865 -5.750151911752883 20.25
    endloop
  endfacet
  facet normal 0 0 -1
    outer loop
      vertex 300.25 -20.25 20.25
      vertex 315.43784683850816 -3.9607735249786793 20.25
      vertex 315.87211491399455 -4.878956226149075 20.25
    endloop
  endfacet
  facet normal 0 0 -1
    outer loop
      vertex 300.25 -20.25 20.25
      vertex 315.0956675251716 -3.004446409583685 20.25
      vertex 315.43784683850816 -3.9607735249786793 20.25
    endloop
  endfacet
  facet normal 0 0 -1
    outer loop
      vertex 300.25 -20.25 20.25
      vertex 314.84887234782656 -2.0191848328669275 20.25
      vertex 315.0956675251716 -3.004446409583685 20.25
    endloop
  endfacet
  facet normal 0 0 -1
    outer loop
      vertex 300.25 -20.25 20.25
      vertex 314.6998380789428 -1.0144774024109522 20.25
      vertex 314.84887234782656 -2.0191848328669275 20.25
    endloop
  endfacet
  facet normal 0 0 -1
    outer loop
      vertex 300.25 -20.25 20.25
      vertex 314.65 0 20.25
      vertex 314.6998380789428 -1.0144774024109522 20.25
    endloop
  endfacet
  facet normal 0.24298017990326115 0.9700312531945448 0
    outer loop
      vertex 321.9955535904163 -9.904332474828362 20.25
      vertex 321.9955535904163 -9.904332474828362 25.25
      vertex 322.9808151671331 -10.151127652173434 20.25
    endloop
  endfacet
  facet normal 0.33688985339222766 0.941544065183018 0
    outer loop
      vertex 321.03922647502134 -9.562153161491818 20.25
      vertex 321.03922647502134 -9.562153161491818 25.25
      vertex 321.9955535904163 -9.904332474828362 20.25
    endloop
  endfacet
  facet normal 0.049067674327417814 0.9987954562051725 0
    outer loop
      vertex 323.98552259758907 -10.300161921057239 20.25
      vertex 323.98552259758907 -10.300161921057239 25.25
      vertex 325 -10.35 20.25
    endloop
  endfacet
  facet normal -0.049067674327417814 0.9987954562051725 0
    outer loop
      vertex 325 -10.35 20.25
      vertex 325 -10.35 25.25
      vertex 326.01447740241093 -10.300161921057239 20.25
    endloop
  endfacet
  facet normal 0.1467304744553608 0.989176509964781 0
    outer loop
      vertex 322.9808151671331 -10.151127652173434 20.25
      vertex 322.9808151671331 -10.151127652173434 25.25
      vertex 323.98552259758907 -10.300161921057239 20.25
    endloop
  endfacet
  facet normal 0.5956993044924435 0.8032075314806375 0
    outer loop
      vertex 318.4340295089063 -8.000658192304327 20.25
      vertex 318.4340295089063 -8.000658192304327 25.25
      vertex 319.2498480882471 -8.605710487331343 20.25
    endloop
  endfacet
  facet normal 0.6715589548469969 0.7409511253549785 0
    outer loop
      vertex 318.4340295089063 -8.000658192304327 20.25
      vertex 317.6814448147192 -7.3185551852807675 20.25
      vertex 317.6814448147192 -7.3185551852807675 25.25
    endloop
  endfacet
  facet normal 0.7409511253549618 0.6715589548470156 0
    outer loop
      vertex 317.6814448147192 -7.3185551852807675 20.25
      vertex 316.99934180769566 -6.56597049109373 20.25
      vertex 316.99934180769566 -6.56597049109373 25.25
    endloop
  endfacet
  facet normal 0.4275550934302832 0.9039892931234429 0
    outer loop
      vertex 320.12104377385094 -9.127885086005474 20.25
      vertex 320.12104377385094 -9.127885086005474 25.25
      vertex 321.03922647502134 -9.562153161491818 20.25
    endloop
  endfacet
  facet normal 0.5141027441932143 0.8577286100002764 0
    outer loop
      vertex 319.2498480882471 -8.605710487331343 20.25
      vertex 319.2498480882471 -8.605710487331343 25.25
      vertex 320.12104377385094 -9.127885086005474 20.25
    endloop
  endfacet
  facet normal 0 0 1
    outer loop
      vertex 300.25 -20.25 25.25
      vertex 319.2498480882471 -8.605710487331343 25.25
      vertex 318.4340295089063 -8.000658192304327 25.25
    endloop
  endfacet
  facet normal 0 0 1
    outer loop
      vertex 300.25 -20.25 25.25
      vertex 318.4340295089063 -8.000658192304327 25.25
      vertex 317.6814448147192 -7.3185551852807675 25.25
    endloop
  endfacet
  facet normal 0 0 1
    outer loop
      vertex 300.25 -20.25 25.25
      vertex 317.6814448147192 -7.3185551852807675 25.25
      vertex 316.99934180769566 -6.56597049109373 25.25
    endloop
  endfacet
  facet normal 0 0 1
    outer loop
      vertex 300.25 -20.25 25.25
      vertex 316.99934180769566 -6.56597049109373 25.25
      vertex 316.39428951266865 -5.750151911752883 25.25
    endloop
  endfacet
  facet normal 0 0 1
    outer loop
      vertex 300.25 -20.25 25.25
      vertex 316.39428951266865 -5.750151911752883 25.25
      vertex 315.87211491399455 -4.878956226149075 25.25
    endloop
  endfacet
  facet normal 0 0 1
    outer loop
      vertex 300.25 -20.25 25.25
      vertex 315.87211491399455 -4.878956226149075 25.25
      vertex 315.43784683850816 -3.9607735249786793 25.25
    endloop
  endfacet
  facet normal -1 0 0
    outer loop
      vertex 300.25 -20.25 20.25
      vertex 300.25 -20.25 25.25
      vertex 300.25 20.25 25.25
    endloop
  endfacet
  facet normal 0 0 1
    outer loop
      vertex 300.25 -20.25 25.25
      vertex 315.43784683850816 -3.9607735249786793 25.25
      vertex 315.0956675251716 -3.004446409583685 25.25
    endloop
  endfacet
  facet normal 0 0 1
    outer loop
      vertex 300.25 -20.25 25.25
      vertex 315.0956675251716 -3.004446409583685 25.25
      vertex 314.84887234782656 -2.0191848328669275 25.25
    endloop
  endfacet
  facet normal 0 0 1
    outer loop
      vertex 300.25 -20.25 25.25
      vertex 314.84887234782656 -2.0191848328669275 25.25
      vertex 314.6998380789428 -1.0144774024109522 25.25
    endloop
  endfacet
  facet normal 0 0 1
    outer loop
      vertex 300.25 -20.25 25.25
      vertex 314.6998380789428 -1.0144774024109522 25.25
      vertex 314.65 0 25.25
    endloop
  endfacet
  facet normal 0 0 1
    outer loop
      vertex 300.25 -20.25 25.25
      vertex 314.65 0 25.25
      vertex 314.6998380789428 1.0144774024109522 25.25
    endloop
  endfacet
  facet normal 0.24298017990326115 0.9700312531945448 0
    outer loop
      vertex 322.9808151671331 -10.151127652173434 20.25
      vertex 321.9955535904163 -9.904332474828362 25.25
      vertex 322.9808151671331 -10.151127652173434 25.25
    endloop
  endfacet
  facet normal 0.33688985339222766 0.941544065183018 0
    outer loop
      vertex 321.9955535904163 -9.904332474828362 20.25
      vertex 321.03922647502134 -9.562153161491818 25.25
      vertex 321.9955535904163 -9.904332474828362 25.25
    endloop
  endfacet
  facet normal 0.049067674327417814 0.9987954562051725 0
    outer loop
      vertex 325 -10.35 20.25
      vertex 323.98552259758907 -10.300161921057239 25.25
      vertex 325 -10.35 25.25
    endloop
  endfacet
  facet normal -0.049067674327417814 0.9987954562051725 0
    outer loop
      vertex 326.01447740241093 -10.300161921057239 20.25
      vertex 325 -10.35 25.25
      vertex 326.01447740241093 -10.300161921057239 25.25
    endloop
  endfacet
  facet normal 0.1467304744553608 0.989176509964781 0
    outer loop
      vertex 323.98552259758907 -10.300161921057239 20.25
      vertex 322.9808151671331 -10.151127652173434 25.25
      vertex 323.98552259758907 -10.300161921057239 25.25
    endloop
  endfacet
  facet normal 0.5956993044924435 0.8032075314806375 0
    outer loop
      vertex 319.2498480882471 -8.605710487331343 20.25
      vertex 318.4340295089063 -8.000658192304327 25.25
      vertex 319.2498480882471 -8.605710487331343 25.25
    endloop
  endfacet
  facet normal 0.6715589548469969 0.7409511253549785 0
    outer loop
      vertex 318.4340295089063 -8.000658192304327 20.25
      vertex 317.6814448147192 -7.3185551852807675 25.25
      vertex 318.4340295089063 -8.000658192304327 25.25
    endloop
  endfacet
  facet normal 0.7409511253549618 0.6715589548470156 0
    outer loop
      vertex 317.6814448147192 -7.3185551852807675 20.25
      vertex 316.99934180769566 -6.56597049109373 25.25
      vertex 317.6814448147192 -7.3185551852807675 25.25
    endloop
  endfacet
  facet normal 0.4275550934302832 0.9039892931234429 0
    outer loop
      vertex 321.03922647502134 -9.562153161491818 20.25
      vertex 320.12104377385094 -9.127885086005474 25.25
      vertex 321.03922647502134 -9.562153161491818 25.25
    endloop
  endfacet
  facet normal 0.5141027441932143 0.8577286100002764 0
    outer loop
      vertex 320.12104377385094 -9.127885086005474 20.25
      vertex 319.2498480882471 -8.605710487331343 25.25
      vertex 320.12104377385094 -9.127885086005474 25.25
    endloop
  endfacet
  facet normal 0.8577286100002864 0.5141027441931978 0
    outer loop
      vertex 316.39428951266865 -5.750151911752883 20.25
      vertex 315.87211491399455 -4.878956226149075 20.25
      vertex 315.87211491399455 -4.878956226149075 25.25
    endloop
  endfacet
  facet normal 0.8032075314806484 0.5956993044924286 0
    outer loop
      vertex 316.99934180769566 -6.56597049109373 20.25
      vertex 316.39428951266865 -5.750151911752883 20.25
      vertex 316.39428951266865 -5.750151911752883 25.25
    endloop
  endfacet
  facet normal 0.9039892931234268 0.4275550934303169 0
    outer loop
      vertex 315.87211491399455 -4.878956226149075 20.25
      vertex 315.43784683850816 -3.9607735249786793 20.25
      vertex 315.43784683850816 -3.9607735249786793 25.25
    endloop
  endfacet
  facet normal 0.9415440651830208 0.33688985339222 0
    outer loop
      vertex 315.43784683850816 -3.9607735249786793 20.25
      vertex 315.0956675251716 -3.004446409583685 20.25
      vertex 315.0956675251716 -3.004446409583685 25.25
    endloop
  endfacet
  facet normal 0.9700312531945462 0.24298017990325496 0
    outer loop
      vertex 315.0956675251716 -3.004446409583685 20.25
      vertex 314.84887234782656 -2.0191848328669275 20.25
      vertex 314.84887234782656 -2.0191848328669275 25.25
    endloop
  endfacet
  facet normal 0.989176509964784 0.14673047445534124 0
    outer loop
      vertex 314.84887234782656 -2.0191848328669275 20.25
      vertex 314.6998380789428 -1.0144774024109522 20.25
      vertex 314.6998380789428 -1.0144774024109522 25.25
    endloop
  endfacet
  facet normal 0.9987954562051706 0.049067674327453493 0
    outer loop
      vertex 314.6998380789428 -1.0144774024109522 20.25
      vertex 314.65 0 20.25
      vertex 314.65 0 25.25
    endloop
  endfacet
  facet normal 0 0 1
    outer loop
      vertex 300.25 -20.25 25.25
      vertex 314.6998380789428 1.0144774024109522 25.25
      vertex 314.84887234782656 2.0191848328669275 25.25
    endloop
  endfacet
  facet normal 0 0 1
    outer loop
      vertex 300.25 -20.25 25.25
      vertex 314.84887234782656 2.0191848328669275 25.25
      vertex 315.0956675251716 3.004446409583685 25.25
    endloop
  endfacet
  facet normal 0.8577286100002864 0.5141027441931978 0
    outer loop
      vertex 316.39428951266865 -5.750151911752883 20.25
      vertex 315.87211491399455 -4.878956226149075 25.25
      vertex 316.39428951266865 -5.750151911752883 25.25
    endloop
  endfacet
  facet normal 0.8032075314806484 0.5956993044924286 0
    outer loop
      vertex 316.99934180769566 -6.56597049109373 20.25
      vertex 316.39428951266865 -5.750151911752883 25.25
      vertex 316.99934180769566 -6.56597049109373 25.25
    endloop
  endfacet
  facet normal 0.9039892931234268 0.4275550934303169 0
    outer loop
      vertex 315.87211491399455 -4.878956226149075 20.25
      vertex 315.43784683850816 -3.9607735249786793 25.25
      vertex 315.87211491399455 -4.878956226149075 25.25
    endloop
  endfacet
  facet normal 0.9415440651830208 0.33688985339222 0
    outer loop
      vertex 315.43784683850816 -3.9607735249786793 20.25
      vertex 315.0956675251716 -3.004446409583685 25.25
      vertex 315.43784683850816 -3.9607735249786793 25.25
    endloop
  endfacet
  facet normal 0.9700312531945462 0.24298017990325496 0
    outer loop
      vertex 315.0956675251716 -3.004446409583685 20.25
      vertex 314.84887234782656 -2.0191848328669275 25.25
      vertex 315.0956675251716 -3.004446409583685 25.25
    endloop
  endfacet
  facet normal 0.989176509964784 0.14673047445534124 0
    outer loop
      vertex 314.84887234782656 -2.0191848328669275 20.25
      vertex 314.6998380789428 -1.0144774024109522 25.25
      vertex 314.84887234782656 -2.0191848328669275 25.25
    endloop
  endfacet
  facet normal 0.9987954562051706 0.049067674327453493 0
    outer loop
      vertex 314.6998380789428 -1.0144774024109522 20.25
      vertex 314.65 0 25.25
      vertex 314.6998380789428 -1.0144774024109522 25.25
    endloop
  endfacet
  facet normal -0.1467304744553608 0.989176509964781 0
    outer loop
      vertex 326.01447740241093 -10.300161921057239 20.25
      vertex 326.01447740241093 -10.300161921057239 25.25
      vertex 327.0191848328669 -10.151127652173434 20.25
    endloop
  endfacet
  facet normal -0.24298017990326115 0.9700312531945448 0
    outer loop
      vertex 327.0191848328669 -10.151127652173434 20.25
      vertex 327.0191848328669 -10.151127652173434 25.25
      vertex 328.0044464095837 -9.904332474828362 20.25
    endloop
  endfacet
  facet normal -0.33688985339222766 0.941544065183018 0
    outer loop
      vertex 328.0044464095837 -9.904332474828362 20.25
      vertex 328.0044464095837 -9.904332474828362 25.25
      vertex 328.96077352497866 -9.562153161491818 20.25
    endloop
  endfacet
  facet normal -0.4275550934302832 0.9039892931234429 0
    outer loop
      vertex 328.96077352497866 -9.562153161491818 20.25
      vertex 328.96077352497866 -9.562153161491818 25.25
      vertex 329.87895622614906 -9.127885086005474 20.25
    endloop
  endfacet
  facet normal -0.5141027441932143 0.8577286100002764 0
    outer loop
      vertex 329.87895622614906 -9.127885086005474 20.25
      vertex 329.87895622614906 -9.127885086005474 25.25
      vertex 330.7501519117529 -8.605710487331343 20.25
    endloop
  endfacet
  facet normal -0.5956993044924435 0.8032075314806375 0
    outer loop
      vertex 330.7501519117529 -8.605710487331343 20.25
      vertex 330.7501519117529 -8.605710487331343 25.25
      vertex 331.5659704910937 -8.000658192304327 20.25
    endloop
  endfacet
  facet normal -0.6715589548469969 0.7409511253549785 0
    outer loop
      vertex 331.5659704910937 -8.000658192304327 20.25
      vertex 331.5659704910937 -8.000658192304327 25.25
      vertex 332.3185551852808 -7.3185551852807675 20.25
    endloop
  endfacet
  facet normal -0.7409511253549618 0.6715589548470156 0
    outer loop
      vertex 332.3185551852808 -7.3185551852807675 20.25
      vertex 332.3185551852808 -7.3185551852807675 25.25
      vertex 333.00065819230434 -6.56597049109373 20.25
    endloop
  endfacet
  facet normal 0 0 -1
    outer loop
      vertex 327.0191848328669 -10.151127652173434 20.25
      vertex 328.0044464095837 -9.904332474828362 20.25
      vertex 372.9808151671331 -10.151127652173434 20.25
    endloop
  endfacet
  facet normal 0 0 -1
    outer loop
      vertex 328.0044464095837 -9.904332474828362 20.25
      vertex 328.96077352497866 -9.562153161491818 20.25
      vertex 371.9955535904163 -9.904332474828362 20.25
    endloop
  endfacet
  facet normal 0 0 -1
    outer loop
      vertex 328.96077352497866 -9.562153161491818 20.25
      vertex 329.87895622614906 -9.127885086005474 20.25
      vertex 371.03922647502134 -9.562153161491818 20.25
    endloop
  endfacet
  facet normal 0 0 -1
    outer loop
      vertex 329.87895622614906 -9.127885086005474 20.25
      vertex 330.7501519117529 -8.605710487331343 20.25
      vertex 370.12104377385094 -9.127885086005474 20.25
    endloop
  endfacet
  facet normal 0 0 -1
    outer loop
      vertex 330.7501519117529 -8.605710487331343 20.25
      vertex 331.5659704910937 -8.000658192304327 20.25
      vertex 369.2498480882471 -8.605710487331343 20.25
    endloop
  endfacet
  facet normal 0 0 -1
    outer loop
      vertex 331.5659704910937 -8.000658192304327 20.25
      vertex 332.3185551852808 -7.3185551852807675 20.25
      vertex 368.4340295089063 -8.000658192304327 20.25
    endloop
  endfacet
  facet normal 0 0 -1
    outer loop
      vertex 332.3185551852808 -7.3185551852807675 20.25
      vertex 333.00065819230434 -6.56597049109373 20.25
      vertex 367.6814448147192 -7.3185551852807675 20.25
    endloop
  endfacet
  facet normal -0.1467304744553608 0.989176509964781 0
    outer loop
      vertex 327.0191848328669 -10.151127652173434 20.25
      vertex 326.01447740241093 -10.300161921057239 25.25
      vertex 327.0191848328669 -10.151127652173434 25.25
    endloop
  endfacet
  facet normal -0.24298017990326115 0.9700312531945448 0
    outer loop
      vertex 328.0044464095837 -9.904332474828362 20.25
      vertex 327.0191848328669 -10.151127652173434 25.25
      vertex 328.0044464095837 -9.904332474828362 25.25
    endloop
  endfacet
  facet normal -0.33688985339222766 0.941544065183018 0
    outer loop
      vertex 328.96077352497866 -9.562153161491818 20.25
      vertex 328.0044464095837 -9.904332474828362 25.25
      vertex 328.96077352497866 -9.562153161491818 25.25
    endloop
  endfacet
  facet normal 0 0 1
    outer loop
      vertex 300.25 -20.25 25.25
      vertex 366.99934180769566 -6.56597049109373 25.25
      vertex 328.96077352497866 -9.562153161491818 25.25
    endloop
  endfacet
  facet normal -0.4275550934302832 0.9039892931234429 0
    outer loop
      vertex 329.87895622614906 -9.127885086005474 20.25
      vertex 328.96077352497866 -9.562153161491818 25.25
      vertex 329.87895622614906 -9.127885086005474 25.25
    endloop
  endfacet
  facet normal -0.5141027441932143 0.8577286100002764 0
    outer loop
      vertex 330.7501519117529 -8.605710487331343 20.25
      vertex 329.87895622614906 -9.127885086005474 25.25
      vertex 330.7501519117529 -8.605710487331343 25.25
    endloop
  endfacet
  facet normal -0.5956993044924435 0.8032075314806375 0
    outer loop
      vertex 331.5659704910937 -8.000658192304327 20.25
      vertex 330.7501519117529 -8.605710487331343 25.25
      vertex 331.5659704910937 -8.000658192304327 25.25
    endloop
  endfacet
  facet normal -0.6715589548469969 0.7409511253549785 0
    outer loop
      vertex 332.3185551852808 -7.3185551852807675 20.25
      vertex 331.5659704910937 -8.000658192304327 25.25
      vertex 332.3185551852808 -7.3185551852807675 25.25
    endloop
  endfacet
  facet normal -0.7409511253549618 0.6715589548470156 0
    outer loop
      vertex 333.00065819230434 -6.56597049109373 20.25
      vertex 332.3185551852808 -7.3185551852807675 25.25
      vertex 333.00065819230434 -6.56597049109373 25.25
    endloop
  endfacet
  facet normal 0 0 1
    outer loop
      vertex 300.25 -20.25 25.25
      vertex 367.6814448147192 -7.3185551852807675 25.25
      vertex 366.99934180769566 -6.56597049109373 25.25
    endloop
  endfacet
  facet normal 0 0 1
    outer loop
      vertex 300.25 -20.25 25.25
      vertex 369.2498480882471 -8.605710487331343 25.25
      vertex 368.4340295089063 -8.000658192304327 25.25
    endloop
  endfacet
  facet normal 0 0 1
    outer loop
      vertex 300.25 -20.25 25.25
      vertex 368.4340295089063 -8.000658192304327 25.25
      vertex 367.6814448147192 -7.3185551852807675 25.25
    endloop
  endfacet
  facet normal 0 0 1
    outer loop
      vertex 366.99934180769566 -6.56597049109373 25.25
      vertex 329.87895622614906 -9.127885086005474 25.25
      vertex 328.96077352497866 -9.562153161491818 25.25
    endloop
  endfacet
  facet normal 0 0 1
    outer loop
      vertex 366.99934180769566 -6.56597049109373 25.25
      vertex 330.7501519117529 -8.605710487331343 25.25
      vertex 329.87895622614906 -9.127885086005474 25.25
    endloop
  endfacet
  facet normal 0 0 1
    outer loop
      vertex 366.99934180769566 -6.56597049109373 25.25
      vertex 331.5659704910937 -8.000658192304327 25.25
      vertex 330.7501519117529 -8.605710487331343 25.25
    endloop
  endfacet
  facet normal 0 0 1
    outer loop
      vertex 366.99934180769566 -6.56597049109373 25.25
      vertex 332.3185551852808 -7.3185551852807675 25.25
      vertex 331.5659704910937 -8.000658192304327 25.25
    endloop
  endfacet
  facet normal 0 0 1
    outer loop
      vertex 332.3185551852808 -7.3185551852807675 25.25
      vertex 366.99934180769566 -6.56597049109373 25.25
      vertex 333.00065819230434 -6.56597049109373 25.25
    endloop
  endfacet
  facet normal -0.8032075314806484 0.5956993044924286 0
    outer loop
      vertex 333.60571048733135 -5.750151911752883 20.25
      vertex 333.00065819230434 -6.56597049109373 20.25
      vertex 333.00065819230434 -6.56597049109373 25.25
    endloop
  endfacet
  facet normal -0.8577286100002864 0.5141027441931978 0
    outer loop
      vertex 334.12788508600545 -4.878956226149075 20.25
      vertex 333.60571048733135 -5.750151911752883 20.25
      vertex 333.60571048733135 -5.750151911752883 25.25
    endloop
  endfacet
  facet normal -0.9039892931234268 0.4275550934303169 0
    outer loop
      vertex 334.56215316149184 -3.9607735249786793 20.25
      vertex 334.12788508600545 -4.878956226149075 20.25
      vertex 334.12788508600545 -4.878956226149075 25.25
    endloop
  endfacet
  facet normal -0.9415440651830208 0.33688985339222 0
    outer loop
      vertex 334.9043324748284 -3.004446409583685 20.25
      vertex 334.56215316149184 -3.9607735249786793 20.25
      vertex 334.56215316149184 -3.9607735249786793 25.25
    endloop
  endfacet
  facet normal -0.9700312531945462 0.24298017990325496 0
    outer loop
      vertex 335.15112765217344 -2.0191848328669275 20.25
      vertex 334.9043324748284 -3.004446409583685 20.25
      vertex 334.9043324748284 -3.004446409583685 25.25
    endloop
  endfacet
  facet normal -0.989176509964784 0.14673047445534124 0
    outer loop
      vertex 335.3001619210572 -1.0144774024109522 20.25
      vertex 335.15112765217344 -2.0191848328669275 20.25
      vertex 335.15112765217344 -2.0191848328669275 25.25
    endloop
  endfacet
  facet normal -0.9987954562051706 0.049067674327453493 0
    outer loop
      vertex 335.3001619210572 -1.0144774024109522 20.25
      vertex 335.3001619210572 -1.0144774024109522 25.25
      vertex 335.35 0 20.25
    endloop
  endfacet
  facet normal 0 0 -1
    outer loop
      vertex 333.60571048733135 -5.750151911752883 20.25
      vertex 366.99934180769566 -6.56597049109373 20.25
      vertex 333.00065819230434 -6.56597049109373 20.25
    endloop
  endfacet
  facet normal 0 0 -1
    outer loop
      vertex 334.12788508600545 -4.878956226149075 20.25
      vertex 366.39428951266865 -5.750151911752883 20.25
      vertex 333.60571048733135 -5.750151911752883 20.25
    endloop
  endfacet
  facet normal 0 0 -1
    outer loop
      vertex 334.56215316149184 -3.9607735249786793 20.25
      vertex 365.87211491399455 -4.878956226149075 20.25
      vertex 334.12788508600545 -4.878956226149075 20.25
    endloop
  endfacet
  facet normal 0 0 -1
    outer loop
      vertex 334.9043324748284 -3.004446409583685 20.25
      vertex 365.43784683850816 -3.9607735249786793 20.25
      vertex 334.56215316149184 -3.9607735249786793 20.25
    endloop
  endfacet
  facet normal 0 0 -1
    outer loop
      vertex 335.15112765217344 -2.0191848328669275 20.25
      vertex 365.0956675251716 -3.004446409583685 20.25
      vertex 334.9043324748284 -3.004446409583685 20.25
    endloop
  endfacet
  facet normal 0 0 -1
    outer loop
      vertex 335.3001619210572 -1.0144774024109522 20.25
      vertex 364.84887234782656 -2.0191848328669275 20.25
      vertex 335.15112765217344 -2.0191848328669275 20.25
    endloop
  endfacet
  facet normal 0 0 -1
    outer loop
      vertex 364.6998380789428 -1.0144774024109522 20.25
      vertex 335.3001619210572 -1.0144774024109522 20.25
      vertex 335.35 0 20.25
    endloop
  endfacet
  facet normal -0.8032075314806484 0.5956993044924286 0
    outer loop
      vertex 333.60571048733135 -5.750151911752883 20.25
      vertex 333.00065819230434 -6.56597049109373 25.25
      vertex 333.60571048733135 -5.750151911752883 25.25
    endloop
  endfacet
  facet normal -0.8577286100002864 0.5141027441931978 0
    outer loop
      vertex 334.12788508600545 -4.878956226149075 20.25
      vertex 333.60571048733135 -5.750151911752883 25.25
      vertex 334.12788508600545 -4.878956226149075 25.25
    endloop
  endfacet
  facet normal -0.9039892931234268 0.4275550934303169 0
    outer loop
      vertex 334.56215316149184 -3.9607735249786793 20.25
      vertex 334.12788508600545 -4.878956226149075 25.25
      vertex 334.56215316149184 -3.9607735249786793 25.25
    endloop
  endfacet
  facet normal -0.9415440651830208 0.33688985339222 0
    outer loop
      vertex 334.9043324748284 -3.004446409583685 20.25
      vertex 334.56215316149184 -3.9607735249786793 25.25
      vertex 334.9043324748284 -3.004446409583685 25.25
    endloop
  endfacet
  facet normal -0.9700312531945462 0.24298017990325496 0
    outer loop
      vertex 335.15112765217344 -2.0191848328669275 20.25
      vertex 334.9043324748284 -3.004446409583685 25.25
      vertex 335.15112765217344 -2.0191848328669275 25.25
    endloop
  endfacet
  facet normal -0.989176509964784 0.14673047445534124 0
    outer loop
      vertex 335.3001619210572 -1.0144774024109522 20.25
      vertex 335.15112765217344 -2.0191848328669275 25.25
      vertex 335.3001619210572 -1.0144774024109522 25.25
    endloop
  endfacet
  facet normal -0.9987954562051706 0.049067674327453493 0
    outer loop
      vertex 335.35 0 20.25
      vertex 335.3001619210572 -1.0144774024109522 25.25
      vertex 335.35 0 25.25
    endloop
  endfacet
  facet normal 0 0 1
    outer loop
      vertex 333.00065819230434 -6.56597049109373 25.25
      vertex 366.39428951266865 -5.750151911752883 25.25
      vertex 333.60571048733135 -5.750151911752883 25.25
    endloop
  endfacet
  facet normal 0 0 1
    outer loop
      vertex 333.60571048733135 -5.750151911752883 25.25
      vertex 365.87211491399455 -4.878956226149075 25.25
      vertex 334.12788508600545 -4.878956226149075 25.25
    endloop
  endfacet
  facet normal 0 0 1
    outer loop
      vertex 334.12788508600545 -4.878956226149075 25.25
      vertex 365.43784683850816 -3.9607735249786793 25.25
      vertex 334.56215316149184 -3.9607735249786793 25.25
    endloop
  endfacet
  facet normal 0 0 1
    outer loop
      vertex 334.56215316149184 -3.9607735249786793 25.25
      vertex 365.0956675251716 -3.004446409583685 25.25
      vertex 334.9043324748284 -3.004446409583685 25.25
    endloop
  endfacet
  facet normal 0 0 1
    outer loop
      vertex 334.9043324748284 -3.004446409583685 25.25
      vertex 364.84887234782656 -2.0191848328669275 25.25
      vertex 335.15112765217344 -2.0191848328669275 25.25
    endloop
  endfacet
  facet normal 0 0 1
    outer loop
      vertex 335.15112765217344 -2.0191848328669275 25.25
      vertex 364.6998380789428 -1.0144774024109522 25.25
      vertex 335.3001619210572 -1.0144774024109522 25.25
    endloop
  endfacet
  facet normal 0 0 1
    outer loop
      vertex 364.65 0 25.25
      vertex 335.35 0 25.25
      vertex 335.3001619210572 -1.0144774024109522 25.25
    endloop
  endfacet
  facet normal 0 1 0
    outer loop
      vertex 300.25 -20.25 0.25
      vertex 300.25 -20.25 20.25
      vertex 500.25 -20.25 20.25
    endloop
  endfacet
  facet normal 0 -1 0
    outer loop
      vertex 300.25 -25.25 20.25
      vertex 500.25 -25.25 25.25
      vertex 300.25 -25.25 25.25
    endloop
  endfacet
  facet normal 0 0 1
    outer loop
      vertex 300.25 -25.25 25.25
      vertex 500.25 -25.25 25.25
      vertex 300.25 -20.25 25.25
    endloop
  endfacet
  facet normal 0 0 -1
    outer loop
      vertex 300.25 -20.25 20.25
      vertex 375 -10.35 20.25
      vertex 422.9808151671331 -10.151127652173434 20.25
    endloop
  endfacet
  facet normal 0 0 -1
    outer loop
      vertex 300.25 -20.25 20.25
      vertex 422.9808151671331 -10.151127652173434 20.25
      vertex 423.98552259758907 -10.300161921057239 20.25
    endloop
  endfacet
  facet normal 0 0 -1
    outer loop
      vertex 300.25 -20.25 20.25
      vertex 423.98552259758907 -10.300161921057239 20.25
      vertex 425 -10.35 20.25
    endloop
  endfacet
  facet normal 0 0 -1
    outer loop
      vertex 300.25 -20.25 20.25
      vertex 425 -10.35 20.25
      vertex 426.01447740241093 -10.300161921057239 20.25
    endloop
  endfacet
  facet normal 0 0 1
    outer loop
      vertex 300.25 -20.25 25.25
      vertex 500.25 -20.25 25.25
      vertex 373.98552259758907 -10.300161921057239 25.25
    endloop
  endfacet
  facet normal 0 0 -1
    outer loop
      vertex 371.9955535904163 -9.904332474828362 20.25
      vertex 372.9808151671331 -10.151127652173434 20.25
      vertex 328.0044464095837 -9.904332474828362 20.25
    endloop
  endfacet
  facet normal 0 0 -1
    outer loop
      vertex 371.03922647502134 -9.562153161491818 20.25
      vertex 371.9955535904163 -9.904332474828362 20.25
      vertex 328.96077352497866 -9.562153161491818 20.25
    endloop
  endfacet
  facet normal 0 0 -1
    outer loop
      vertex 370.12104377385094 -9.127885086005474 20.25
      vertex 371.03922647502134 -9.562153161491818 20.25
      vertex 329.87895622614906 -9.127885086005474 20.25
    endloop
  endfacet
  facet normal 0 0 -1
    outer loop
      vertex 369.2498480882471 -8.605710487331343 20.25
      vertex 370.12104377385094 -9.127885086005474 20.25
      vertex 330.7501519117529 -8.605710487331343 20.25
    endloop
  endfacet
  facet normal 0 0 -1
    outer loop
      vertex 368.4340295089063 -8.000658192304327 20.25
      vertex 369.2498480882471 -8.605710487331343 20.25
      vertex 331.5659704910937 -8.000658192304327 20.25
    endloop
  endfacet
  facet normal 0 0 -1
    outer loop
      vertex 332.3185551852808 -7.3185551852807675 20.25
      vertex 367.6814448147192 -7.3185551852807675 20.25
      vertex 368.4340295089063 -8.000658192304327 20.25
    endloop
  endfacet
  facet normal 0 0 -1
    outer loop
      vertex 333.00065819230434 -6.56597049109373 20.25
      vertex 366.99934180769566 -6.56597049109373 20.25
      vertex 367.6814448147192 -7.3185551852807675 20.25
    endloop
  endfacet
  facet normal 0.33688985339222766 0.941544065183018 0
    outer loop
      vertex 371.03922647502134 -9.562153161491818 20.25
      vertex 371.03922647502134 -9.562153161491818 25.25
      vertex 371.9955535904163 -9.904332474828362 20.25
    endloop
  endfacet
  facet normal 0.24298017990326115 0.9700312531945448 0
    outer loop
      vertex 371.9955535904163 -9.904332474828362 20.25
      vertex 371.9955535904163 -9.904332474828362 25.25
      vertex 372.9808151671331 -10.151127652173434 20.25
    endloop
  endfacet
  facet normal 0.1467304744553608 0.989176509964781 0
    outer loop
      vertex 372.9808151671331 -10.151127652173434 20.25
      vertex 372.9808151671331 -10.151127652173434 25.25
      vertex 373.98552259758907 -10.300161921057239 20.25
    endloop
  endfacet
  facet normal 0.049067674327417814 0.9987954562051725 0
    outer loop
      vertex 373.98552259758907 -10.300161921057239 20.25
      vertex 373.98552259758907 -10.300161921057239 25.25
      vertex 375 -10.35 20.25
    endloop
  endfacet
  facet normal -0.049067674327417814 0.9987954562051725 0
    outer loop
      vertex 375 -10.35 20.25
      vertex 375 -10.35 25.25
      vertex 376.01447740241093 -10.300161921057239 20.25
    endloop
  endfacet
  facet normal -0.1467304744553608 0.989176509964781 0
    outer loop
      vertex 376.01447740241093 -10.300161921057239 20.25
      vertex 376.01447740241093 -10.300161921057239 25.25
      vertex 377.0191848328669 -10.151127652173434 20.25
    endloop
  endfacet
  facet normal 0.4275550934302832 0.9039892931234429 0
    outer loop
      vertex 370.12104377385094 -9.127885086005474 20.25
      vertex 370.12104377385094 -9.127885086005474 25.25
      vertex 371.03922647502134 -9.562153161491818 20.25
    endloop
  endfacet
  facet normal 0.5141027441932143 0.8577286100002764 0
    outer loop
      vertex 369.2498480882471 -8.605710487331343 20.25
      vertex 369.2498480882471 -8.605710487331343 25.25
      vertex 370.12104377385094 -9.127885086005474 20.25
    endloop
  endfacet
  facet normal 0.5956993044924435 0.8032075314806375 0
    outer loop
      vertex 368.4340295089063 -8.000658192304327 20.25
      vertex 368.4340295089063 -8.000658192304327 25.25
      vertex 369.2498480882471 -8.605710487331343 20.25
    endloop
  endfacet
  facet normal 0.7409511253549618 0.6715589548470156 0
    outer loop
      vertex 367.6814448147192 -7.3185551852807675 20.25
      vertex 366.99934180769566 -6.56597049109373 20.25
      vertex 366.99934180769566 -6.56597049109373 25.25
    endloop
  endfacet
  facet normal 0.6715589548469969 0.7409511253549785 0
    outer loop
      vertex 368.4340295089063 -8.000658192304327 20.25
      vertex 367.6814448147192 -7.3185551852807675 20.25
      vertex 367.6814448147192 -7.3185551852807675 25.25
    endloop
  endfacet
  facet normal 0.33688985339222766 0.941544065183018 0
    outer loop
      vertex 371.9955535904163 -9.904332474828362 20.25
      vertex 371.03922647502134 -9.562153161491818 25.25
      vertex 371.9955535904163 -9.904332474828362 25.25
    endloop
  endfacet
  facet normal 0.24298017990326115 0.9700312531945448 0
    outer loop
      vertex 372.9808151671331 -10.151127652173434 20.25
      vertex 371.9955535904163 -9.904332474828362 25.25
      vertex 372.9808151671331 -10.151127652173434 25.25
    endloop
  endfacet
  facet normal 0.1467304744553608 0.989176509964781 0
    outer loop
      vertex 373.98552259758907 -10.300161921057239 20.25
      vertex 372.9808151671331 -10.151127652173434 25.25
      vertex 373.98552259758907 -10.300161921057239 25.25
    endloop
  endfacet
  facet normal 0.049067674327417814 0.9987954562051725 0
    outer loop
      vertex 375 -10.35 20.25
      vertex 373.98552259758907 -10.300161921057239 25.25
      vertex 375 -10.35 25.25
    endloop
  endfacet
  facet normal -0.049067674327417814 0.9987954562051725 0
    outer loop
      vertex 376.01447740241093 -10.300161921057239 20.25
      vertex 375 -10.35 25.25
      vertex 376.01447740241093 -10.300161921057239 25.25
    endloop
  endfacet
  facet normal -0.1467304744553608 0.989176509964781 0
    outer loop
      vertex 377.0191848328669 -10.151127652173434 20.25
      vertex 376.01447740241093 -10.300161921057239 25.25
      vertex 377.0191848328669 -10.151127652173434 25.25
    endloop
  endfacet
  facet normal 0.5141027441932143 0.8577286100002764 0
    outer loop
      vertex 370.12104377385094 -9.127885086005474 20.25
      vertex 369.2498480882471 -8.605710487331343 25.25
      vertex 370.12104377385094 -9.127885086005474 25.25
    endloop
  endfacet
  facet normal 0.5956993044924435 0.8032075314806375 0
    outer loop
      vertex 369.2498480882471 -8.605710487331343 20.25
      vertex 368.4340295089063 -8.000658192304327 25.25
      vertex 369.2498480882471 -8.605710487331343 25.25
    endloop
  endfacet
  facet normal 0.7409511253549618 0.6715589548470156 0
    outer loop
      vertex 367.6814448147192 -7.3185551852807675 20.25
      vertex 366.99934180769566 -6.56597049109373 25.25
      vertex 367.6814448147192 -7.3185551852807675 25.25
    endloop
  endfacet
  facet normal 0.6715589548469969 0.7409511253549785 0
    outer loop
      vertex 368.4340295089063 -8.000658192304327 20.25
      vertex 367.6814448147192 -7.3185551852807675 25.25
      vertex 368.4340295089063 -8.000658192304327 25.25
    endloop
  endfacet
  facet normal 0.4275550934302832 0.9039892931234429 0
    outer loop
      vertex 371.03922647502134 -9.562153161491818 20.25
      vertex 370.12104377385094 -9.127885086005474 25.25
      vertex 371.03922647502134 -9.562153161491818 25.25
    endloop
  endfacet
  facet normal 0 0 -1
    outer loop
      vertex 366.99934180769566 -6.56597049109373 20.25
      vertex 333.60571048733135 -5.750151911752883 20.25
      vertex 366.39428951266865 -5.750151911752883 20.25
    endloop
  endfacet
  facet normal 0 0 -1
    outer loop
      vertex 334.12788508600545 -4.878956226149075 20.25
      vertex 365.87211491399455 -4.878956226149075 20.25
      vertex 366.39428951266865 -5.750151911752883 20.25
    endloop
  endfacet
  facet normal 0 0 -1
    outer loop
      vertex 334.56215316149184 -3.9607735249786793 20.25
      vertex 365.43784683850816 -3.9607735249786793 20.25
      vertex 365.87211491399455 -4.878956226149075 20.25
    endloop
  endfacet
  facet normal 0 0 -1
    outer loop
      vertex 365.43784683850816 -3.9607735249786793 20.25
      vertex 334.9043324748284 -3.004446409583685 20.25
      vertex 365.0956675251716 -3.004446409583685 20.25
    endloop
  endfacet
  facet normal 0 0 -1
    outer loop
      vertex 335.15112765217344 -2.0191848328669275 20.25
      vertex 364.84887234782656 -2.0191848328669275 20.25
      vertex 365.0956675251716 -3.004446409583685 20.25
    endloop
  endfacet
  facet normal 0 0 -1
    outer loop
      vertex 364.84887234782656 -2.0191848328669275 20.25
      vertex 335.3001619210572 -1.0144774024109522 20.25
      vertex 364.6998380789428 -1.0144774024109522 20.25
    endloop
  endfacet
  facet normal 0 0 -1
    outer loop
      vertex 364.6998380789428 -1.0144774024109522 20.25
      vertex 335.35 0 20.25
      vertex 364.65 0 20.25
    endloop
  endfacet
  facet normal 0.8032075314806484 0.5956993044924286 0
    outer loop
      vertex 366.99934180769566 -6.56597049109373 20.25
      vertex 366.39428951266865 -5.750151911752883 20.25
      vertex 366.39428951266865 -5.750151911752883 25.25
    endloop
  endfacet
  facet normal 0.8577286100002864 0.5141027441931978 0
    outer loop
      vertex 366.39428951266865 -5.750151911752883 20.25
      vertex 365.87211491399455 -4.878956226149075 20.25
      vertex 365.87211491399455 -4.878956226149075 25.25
    endloop
  endfacet
  facet normal 0.9039892931234268 0.4275550934303169 0
    outer loop
      vertex 365.87211491399455 -4.878956226149075 20.25
      vertex 365.43784683850816 -3.9607735249786793 20.25
      vertex 365.43784683850816 -3.9607735249786793 25.25
    endloop
  endfacet
  facet normal 0.9415440651830208 0.33688985339222 0
    outer loop
      vertex 365.43784683850816 -3.9607735249786793 20.25
      vertex 365.0956675251716 -3.004446409583685 20.25
      vertex 365.0956675251716 -3.004446409583685 25.25
    endloop
  endfacet
  facet normal 0.9700312531945462 0.24298017990325496 0
    outer loop
      vertex 365.0956675251716 -3.004446409583685 20.25
      vertex 364.84887234782656 -2.0191848328669275 20.25
      vertex 364.84887234782656 -2.0191848328669275 25.25
    endloop
  endfacet
  facet normal 0.989176509964784 0.14673047445534124 0
    outer loop
      vertex 364.84887234782656 -2.0191848328669275 20.25
      vertex 364.6998380789428 -1.0144774024109522 20.25
      vertex 364.6998380789428 -1.0144774024109522 25.25
    endloop
  endfacet
  facet normal 0.9987954562051706 0.049067674327453493 0
    outer loop
      vertex 364.6998380789428 -1.0144774024109522 20.25
      vertex 364.65 0 20.25
      vertex 364.65 0 25.25
    endloop
  endfacet
  facet normal 0 0 1
    outer loop
      vertex 333.00065819230434 -6.56597049109373 25.25
      vertex 366.99934180769566 -6.56597049109373 25.25
      vertex 366.39428951266865 -5.750151911752883 25.25
    endloop
  endfacet
  facet normal 0 0 1
    outer loop
      vertex 333.60571048733135 -5.750151911752883 25.25
      vertex 366.39428951266865 -5.750151911752883 25.25
      vertex 365.87211491399455 -4.878956226149075 25.25
    endloop
  endfacet
  facet normal 0 0 1
    outer loop
      vertex 334.12788508600545 -4.878956226149075 25.25
      vertex 365.87211491399455 -4.878956226149075 25.25
      vertex 365.43784683850816 -3.9607735249786793 25.25
    endloop
  endfacet
  facet normal 0 0 1
    outer loop
      vertex 334.56215316149184 -3.9607735249786793 25.25
      vertex 365.43784683850816 -3.9607735249786793 25.25
      vertex 365.0956675251716 -3.004446409583685 25.25
    endloop
  endfacet
  facet normal 0 0 1
    outer loop
      vertex 334.9043324748284 -3.004446409583685 25.25
      vertex 365.0956675251716 -3.004446409583685 25.25
      vertex 364.84887234782656 -2.0191848328669275 25.25
    endloop
  endfacet
  facet normal 0 0 1
    outer loop
      vertex 335.15112765217344 -2.0191848328669275 25.25
      vertex 364.84887234782656 -2.0191848328669275 25.25
      vertex 364.6998380789428 -1.0144774024109522 25.25
    endloop
  endfacet
  facet normal 0 0 1
    outer loop
      vertex 364.65 0 25.25
      vertex 335.3001619210572 -1.0144774024109522 25.25
      vertex 364.6998380789428 -1.0144774024109522 25.25
    endloop
  endfacet
  facet normal 0.8032075314806484 0.5956993044924286 0
    outer loop
      vertex 366.99934180769566 -6.56597049109373 20.25
      vertex 366.39428951266865 -5.750151911752883 25.25
      vertex 366.99934180769566 -6.56597049109373 25.25
    endloop
  endfacet
  facet normal 0.8577286100002864 0.5141027441931978 0
    outer loop
      vertex 366.39428951266865 -5.750151911752883 20.25
      vertex 365.87211491399455 -4.878956226149075 25.25
      vertex 366.39428951266865 -5.750151911752883 25.25
    endloop
  endfacet
  facet normal 0.9039892931234268 0.4275550934303169 0
    outer loop
      vertex 365.87211491399455 -4.878956226149075 20.25
      vertex 365.43784683850816 -3.9607735249786793 25.25
      vertex 365.87211491399455 -4.878956226149075 25.25
    endloop
  endfacet
  facet normal 0.9415440651830208 0.33688985339222 0
    outer loop
      vertex 365.43784683850816 -3.9607735249786793 20.25
      vertex 365.0956675251716 -3.004446409583685 25.25
      vertex 365.43784683850816 -3.9607735249786793 25.25
    endloop
  endfacet
  facet normal 0.9700312531945462 0.24298017990325496 0
    outer loop
      vertex 365.0956675251716 -3.004446409583685 20.25
      vertex 364.84887234782656 -2.0191848328669275 25.25
      vertex 365.0956675251716 -3.004446409583685 25.25
    endloop
  endfacet
  facet normal 0.989176509964784 0.14673047445534124 0
    outer loop
      vertex 364.84887234782656 -2.0191848328669275 20.25
      vertex 364.6998380789428 -1.0144774024109522 25.25
      vertex 364.84887234782656 -2.0191848328669275 25.25
    endloop
  endfacet
  facet normal 0.9987954562051706 0.049067674327453493 0
    outer loop
      vertex 364.6998380789428 -1.0144774024109522 20.25
      vertex 364.65 0 25.25
      vertex 364.6998380789428 -1.0144774024109522 25.25
    endloop
  endfacet
  facet normal -0.24298017990326115 0.9700312531945448 0
    outer loop
      vertex 377.0191848328669 -10.151127652173434 20.25
      vertex 377.0191848328669 -10.151127652173434 25.25
      vertex 378.0044464095837 -9.904332474828362 20.25
    endloop
  endfacet
  facet normal -0.33688985339222766 0.941544065183018 0
    outer loop
      vertex 378.0044464095837 -9.904332474828362 20.25
      vertex 378.0044464095837 -9.904332474828362 25.25
      vertex 378.96077352497866 -9.562153161491818 20.25
    endloop
  endfacet
  facet normal -0.4275550934302832 0.9039892931234429 0
    outer loop
      vertex 378.96077352497866 -9.562153161491818 20.25
      vertex 378.96077352497866 -9.562153161491818 25.25
      vertex 379.87895622614906 -9.127885086005474 20.25
    endloop
  endfacet
  facet normal -0.5141027441932143 0.8577286100002764 0
    outer loop
      vertex 379.87895622614906 -9.127885086005474 20.25
      vertex 379.87895622614906 -9.127885086005474 25.25
      vertex 380.7501519117529 -8.605710487331343 20.25
    endloop
  endfacet
  facet normal -0.5956993044924435 0.8032075314806375 0
    outer loop
      vertex 380.7501519117529 -8.605710487331343 20.25
      vertex 380.7501519117529 -8.605710487331343 25.25
      vertex 381.5659704910937 -8.000658192304327 20.25
    endloop
  endfacet
  facet normal -0.6715589548469969 0.7409511253549785 0
    outer loop
      vertex 381.5659704910937 -8.000658192304327 20.25
      vertex 381.5659704910937 -8.000658192304327 25.25
      vertex 382.3185551852808 -7.3185551852807675 20.25
    endloop
  endfacet
  facet normal -0.7409511253549618 0.6715589548470156 0
    outer loop
      vertex 382.3185551852808 -7.3185551852807675 20.25
      vertex 382.3185551852808 -7.3185551852807675 25.25
      vertex 383.00065819230434 -6.56597049109373 20.25
    endloop
  endfacet
  facet normal 0 0 -1
    outer loop
      vertex 375 -10.35 20.25
      vertex 376.01447740241093 -10.300161921057239 20.25
      vertex 422.9808151671331 -10.151127652173434 20.25
    endloop
  endfacet
  facet normal 0 0 -1
    outer loop
      vertex 376.01447740241093 -10.300161921057239 20.25
      vertex 377.0191848328669 -10.151127652173434 20.25
      vertex 422.9808151671331 -10.151127652173434 20.25
    endloop
  endfacet
  facet normal 0 0 -1
    outer loop
      vertex 377.0191848328669 -10.151127652173434 20.25
      vertex 378.0044464095837 -9.904332474828362 20.25
      vertex 422.9808151671331 -10.151127652173434 20.25
    endloop
  endfacet
  facet normal 0 0 -1
    outer loop
      vertex 378.0044464095837 -9.904332474828362 20.25
      vertex 378.96077352497866 -9.562153161491818 20.25
      vertex 421.9955535904163 -9.904332474828362 20.25
    endloop
  endfacet
  facet normal 0 0 -1
    outer loop
      vertex 378.96077352497866 -9.562153161491818 20.25
      vertex 379.87895622614906 -9.127885086005474 20.25
      vertex 421.03922647502134 -9.562153161491818 20.25
    endloop
  endfacet
  facet normal 0 0 -1
    outer loop
      vertex 379.87895622614906 -9.127885086005474 20.25
      vertex 380.7501519117529 -8.605710487331343 20.25
      vertex 420.12104377385094 -9.127885086005474 20.25
    endloop
  endfacet
  facet normal 0 0 -1
    outer loop
      vertex 380.7501519117529 -8.605710487331343 20.25
      vertex 381.5659704910937 -8.000658192304327 20.25
      vertex 419.2498480882471 -8.605710487331343 20.25
    endloop
  endfacet
  facet normal 0 0 -1
    outer loop
      vertex 381.5659704910937 -8.000658192304327 20.25
      vertex 382.3185551852808 -7.3185551852807675 20.25
      vertex 418.4340295089063 -8.000658192304327 20.25
    endloop
  endfacet
  facet normal 0 0 -1
    outer loop
      vertex 382.3185551852808 -7.3185551852807675 20.25
      vertex 383.00065819230434 -6.56597049109373 20.25
      vertex 417.6814448147192 -7.3185551852807675 20.25
    endloop
  endfacet
  facet normal -0.24298017990326115 0.9700312531945448 0
    outer loop
      vertex 378.0044464095837 -9.904332474828362 20.25
      vertex 377.0191848328669 -10.151127652173434 25.25
      vertex 378.0044464095837 -9.904332474828362 25.25
    endloop
  endfacet
  facet normal -0.33688985339222766 0.941544065183018 0
    outer loop
      vertex 378.96077352497866 -9.562153161491818 20.25
      vertex 378.0044464095837 -9.904332474828362 25.25
      vertex 378.96077352497866 -9.562153161491818 25.25
    endloop
  endfacet
  facet normal -0.4275550934302832 0.9039892931234429 0
    outer loop
      vertex 379.87895622614906 -9.127885086005474 20.25
      vertex 378.96077352497866 -9.562153161491818 25.25
      vertex 379.87895622614906 -9.127885086005474 25.25
    endloop
  endfacet
  facet normal -0.5141027441932143 0.8577286100002764 0
    outer loop
      vertex 380.7501519117529 -8.605710487331343 20.25
      vertex 379.87895622614906 -9.127885086005474 25.25
      vertex 380.7501519117529 -8.605710487331343 25.25
    endloop
  endfacet
  facet normal -0.5956993044924435 0.8032075314806375 0
    outer loop
      vertex 381.5659704910937 -8.000658192304327 20.25
      vertex 380.7501519117529 -8.605710487331343 25.25
      vertex 381.5659704910937 -8.000658192304327 25.25
    endloop
  endfacet
  facet normal -0.6715589548469969 0.7409511253549785 0
    outer loop
      vertex 382.3185551852808 -7.3185551852807675 20.25
      vertex 381.5659704910937 -8.000658192304327 25.25
      vertex 382.3185551852808 -7.3185551852807675 25.25
    endloop
  endfacet
  facet normal -0.7409511253549618 0.6715589548470156 0
    outer loop
      vertex 383.00065819230434 -6.56597049109373 20.25
      vertex 382.3185551852808 -7.3185551852807675 25.25
      vertex 383.00065819230434 -6.56597049109373 25.25
    endloop
  endfacet
  facet normal 0 0 1
    outer loop
      vertex 378.0044464095837 -9.904332474828362 25.25
      vertex 377.0191848328669 -10.151127652173434 25.25
      vertex 421.9955535904163 -9.904332474828362 25.25
    endloop
  endfacet
  facet normal 0 0 1
    outer loop
      vertex 378.96077352497866 -9.562153161491818 25.25
      vertex 378.0044464095837 -9.904332474828362 25.25
      vertex 421.03922647502134 -9.562153161491818 25.25
    endloop
  endfacet
  facet normal 0 0 1
    outer loop
      vertex 379.87895622614906 -9.127885086005474 25.25
      vertex 378.96077352497866 -9.562153161491818 25.25
      vertex 420.12104377385094 -9.127885086005474 25.25
    endloop
  endfacet
  facet normal 0 0 1
    outer loop
      vertex 380.7501519117529 -8.605710487331343 25.25
      vertex 379.87895622614906 -9.127885086005474 25.25
      vertex 419.2498480882471 -8.605710487331343 25.25
    endloop
  endfacet
  facet normal 0 0 1
    outer loop
      vertex 381.5659704910937 -8.000658192304327 25.25
      vertex 380.7501519117529 -8.605710487331343 25.25
      vertex 418.4340295089063 -8.000658192304327 25.25
    endloop
  endfacet
  facet normal 0 0 1
    outer loop
      vertex 382.3185551852808 -7.3185551852807675 25.25
      vertex 381.5659704910937 -8.000658192304327 25.25
      vertex 417.6814448147192 -7.3185551852807675 25.25
    endloop
  endfacet
  facet normal 0 0 1
    outer loop
      vertex 382.3185551852808 -7.3185551852807675 25.25
      vertex 416.99934180769566 -6.56597049109373 25.25
      vertex 383.00065819230434 -6.56597049109373 25.25
    endloop
  endfacet
  facet normal -0.8032075314806484 0.5956993044924286 0
    outer loop
      vertex 383.60571048733135 -5.750151911752883 20.25
      vertex 383.00065819230434 -6.56597049109373 20.25
      vertex 383.00065819230434 -6.56597049109373 25.25
    endloop
  endfacet
  facet normal -0.8577286100002864 0.5141027441931978 0
    outer loop
      vertex 384.12788508600545 -4.878956226149075 20.25
      vertex 383.60571048733135 -5.750151911752883 20.25
      vertex 383.60571048733135 -5.750151911752883 25.25
    endloop
  endfacet
  facet normal -0.9039892931234268 0.4275550934303169 0
    outer loop
      vertex 384.56215316149184 -3.9607735249786793 20.25
      vertex 384.12788508600545 -4.878956226149075 20.25
      vertex 384.12788508600545 -4.878956226149075 25.25
    endloop
  endfacet
  facet normal -0.9415440651830208 0.33688985339222 0
    outer loop
      vertex 384.9043324748284 -3.004446409583685 20.25
      vertex 384.56215316149184 -3.9607735249786793 20.25
      vertex 384.56215316149184 -3.9607735249786793 25.25
    endloop
  endfacet
  facet normal -0.9700312531945462 0.24298017990325496 0
    outer loop
      vertex 385.15112765217344 -2.0191848328669275 20.25
      vertex 384.9043324748284 -3.004446409583685 20.25
      vertex 384.9043324748284 -3.004446409583685 25.25
    endloop
  endfacet
  facet normal -0.989176509964784 0.14673047445534124 0
    outer loop
      vertex 385.3001619210572 -1.0144774024109522 20.25
      vertex 385.15112765217344 -2.0191848328669275 20.25
      vertex 385.15112765217344 -2.0191848328669275 25.25
    endloop
  endfacet
  facet normal -0.9987954562051706 0.049067674327453493 0
    outer loop
      vertex 385.3001619210572 -1.0144774024109522 20.25
      vertex 385.3001619210572 -1.0144774024109522 25.25
      vertex 385.35 0 20.25
    endloop
  endfacet
  facet normal 0 0 -1
    outer loop
      vertex 383.60571048733135 -5.750151911752883 20.25
      vertex 416.99934180769566 -6.56597049109373 20.25
      vertex 383.00065819230434 -6.56597049109373 20.25
    endloop
  endfacet
  facet normal 0 0 -1
    outer loop
      vertex 384.12788508600545 -4.878956226149075 20.25
      vertex 416.39428951266865 -5.750151911752883 20.25
      vertex 383.60571048733135 -5.750151911752883 20.25
    endloop
  endfacet
  facet normal 0 0 -1
    outer loop
      vertex 384.56215316149184 -3.9607735249786793 20.25
      vertex 415.87211491399455 -4.878956226149075 20.25
      vertex 384.12788508600545 -4.878956226149075 20.25
    endloop
  endfacet
  facet normal 0 0 -1
    outer loop
      vertex 384.9043324748284 -3.004446409583685 20.25
      vertex 415.43784683850816 -3.9607735249786793 20.25
      vertex 384.56215316149184 -3.9607735249786793 20.25
    endloop
  endfacet
  facet normal 0 0 -1
    outer loop
      vertex 415.43784683850816 -3.9607735249786793 20.25
      vertex 384.9043324748284 -3.004446409583685 20.25
      vertex 385.15112765217344 -2.0191848328669275 20.25
    endloop
  endfacet
  facet normal 0 0 -1
    outer loop
      vertex 415.43784683850816 -3.9607735249786793 20.25
      vertex 385.15112765217344 -2.0191848328669275 20.25
      vertex 385.3001619210572 -1.0144774024109522 20.25
    endloop
  endfacet
  facet normal 0 0 -1
    outer loop
      vertex 415.43784683850816 -3.9607735249786793 20.25
      vertex 385.3001619210572 -1.0144774024109522 20.25
      vertex 385.35 0 20.25
    endloop
  endfacet
  facet normal 0 0 -1
    outer loop
      vertex 415.43784683850816 -3.9607735249786793 20.25
      vertex 385.35 0 20.25
      vertex 385.3001619210572 1.0144774024109522 20.25
    endloop
  endfacet
  facet normal 0 0 -1
    outer loop
      vertex 415.43784683850816 -3.9607735249786793 20.25
      vertex 385.3001619210572 1.0144774024109522 20.25
      vertex 385.15112765217344 2.0191848328669275 20.25
    endloop
  endfacet
  facet normal -0.8032075314806484 0.5956993044924286 0
    outer loop
      vertex 383.60571048733135 -5.750151911752883 20.25
      vertex 383.00065819230434 -6.56597049109373 25.25
      vertex 383.60571048733135 -5.750151911752883 25.25
    endloop
  endfacet
  facet normal -0.8577286100002864 0.5141027441931978 0
    outer loop
      vertex 384.12788508600545 -4.878956226149075 20.25
      vertex 383.60571048733135 -5.750151911752883 25.25
      vertex 384.12788508600545 -4.878956226149075 25.25
    endloop
  endfacet
  facet normal -0.9039892931234268 0.4275550934303169 0
    outer loop
      vertex 384.56215316149184 -3.9607735249786793 20.25
      vertex 384.12788508600545 -4.878956226149075 25.25
      vertex 384.56215316149184 -3.9607735249786793 25.25
    endloop
  endfacet
  facet normal -0.9415440651830208 0.33688985339222 0
    outer loop
      vertex 384.56215316149184 -3.9607735249786793 25.25
      vertex 384.9043324748284 -3.004446409583685 25.25
      vertex 384.9043324748284 -3.004446409583685 20.25
    endloop
  endfacet
  facet normal -0.9700312531945462 0.24298017990325496 0
    outer loop
      vertex 385.15112765217344 -2.0191848328669275 20.25
      vertex 384.9043324748284 -3.004446409583685 25.25
      vertex 385.15112765217344 -2.0191848328669275 25.25
    endloop
  endfacet
  facet normal -0.989176509964784 0.14673047445534124 0
    outer loop
      vertex 385.3001619210572 -1.0144774024109522 20.25
      vertex 385.15112765217344 -2.0191848328669275 25.25
      vertex 385.3001619210572 -1.0144774024109522 25.25
    endloop
  endfacet
  facet normal -0.9987954562051706 0.049067674327453493 0
    outer loop
      vertex 385.35 0 20.25
      vertex 385.3001619210572 -1.0144774024109522 25.25
      vertex 385.35 0 25.25
    endloop
  endfacet
  facet normal 0 0 1
    outer loop
      vertex 383.00065819230434 -6.56597049109373 25.25
      vertex 416.39428951266865 -5.750151911752883 25.25
      vertex 383.60571048733135 -5.750151911752883 25.25
    endloop
  endfacet
  facet normal 0 0 1
    outer loop
      vertex 383.60571048733135 -5.750151911752883 25.25
      vertex 415.87211491399455 -4.878956226149075 25.25
      vertex 384.12788508600545 -4.878956226149075 25.25
    endloop
  endfacet
  facet normal 0 0 1
    outer loop
      vertex 384.12788508600545 -4.878956226149075 25.25
      vertex 415.43784683850816 -3.9607735249786793 25.25
      vertex 384.56215316149184 -3.9607735249786793 25.25
    endloop
  endfacet
  facet normal 0 0 1
    outer loop
      vertex 384.56215316149184 -3.9607735249786793 25.25
      vertex 415.43784683850816 3.9607735249786793 25.25
      vertex 384.9043324748284 -3.004446409583685 25.25
    endloop
  endfacet
  facet normal 0 0 1
    outer loop
      vertex 415.43784683850816 3.9607735249786793 25.25
      vertex 385.15112765217344 -2.0191848328669275 25.25
      vertex 384.9043324748284 -3.004446409583685 25.25
    endloop
  endfacet
  facet normal -1 0 0
    outer loop
      vertex 300.25 20.25 0.25
      vertex 300.25 25.25 20.25
      vertex 300.25 25.25 0.25
    endloop
  endfacet
  facet normal 0 0 -1
    outer loop
      vertex 300.25 20.25 0.25
      vertex 300.25 25.25 0.25
      vertex 500.25 25.25 0.25
    endloop
  endfacet
  facet normal 0 -1 0
    outer loop
      vertex 300.25 20.25 0.25
      vertex 500.25 20.25 0.25
      vertex 300.25 20.25 20.25
    endloop
  endfacet
  facet normal 0 0 -1
    outer loop
      vertex 300.25 -20.25 20.25
      vertex 300.25 20.25 20.25
      vertex 314.65 0 20.25
    endloop
  endfacet
  facet normal 0.9987954562051706 -0.049067674327453493 0
    outer loop
      vertex 314.65 0 20.25
      vertex 314.6998380789428 1.0144774024109522 20.25
      vertex 314.6998380789428 1.0144774024109522 25.25
    endloop
  endfacet
  facet normal 0.989176509964784 -0.14673047445534124 0
    outer loop
      vertex 314.6998380789428 1.0144774024109522 20.25
      vertex 314.84887234782656 2.0191848328669275 20.25
      vertex 314.84887234782656 2.0191848328669275 25.25
    endloop
  endfacet
  facet normal 0.9700312531945462 -0.24298017990325496 0
    outer loop
      vertex 314.84887234782656 2.0191848328669275 20.25
      vertex 315.0956675251716 3.004446409583685 20.25
      vertex 315.0956675251716 3.004446409583685 25.25
    endloop
  endfacet
  facet normal 0.9415440651830208 -0.33688985339222 0
    outer loop
      vertex 315.0956675251716 3.004446409583685 20.25
      vertex 315.43784683850816 3.9607735249786793 20.25
      vertex 315.43784683850816 3.9607735249786793 25.25
    endloop
  endfacet
  facet normal 0.9039892931234268 -0.4275550934303169 0
    outer loop
      vertex 315.43784683850816 3.9607735249786793 20.25
      vertex 315.87211491399455 4.878956226149075 20.25
      vertex 315.87211491399455 4.878956226149075 25.25
    endloop
  endfacet
  facet normal 0.8577286100002864 -0.5141027441931978 0
    outer loop
      vertex 315.87211491399455 4.878956226149075 20.25
      vertex 316.39428951266865 5.750151911752883 20.25
      vertex 316.39428951266865 5.750151911752883 25.25
    endloop
  endfacet
  facet normal 0.8032075314806484 -0.5956993044924286 0
    outer loop
      vertex 316.39428951266865 5.750151911752883 20.25
      vertex 316.99934180769566 6.56597049109373 20.25
      vertex 316.99934180769566 6.56597049109373 25.25
    endloop
  endfacet
  facet normal 0 0 1
    outer loop
      vertex 300.25 -20.25 25.25
      vertex 315.0956675251716 3.004446409583685 25.25
      vertex 320.0519801980198 20.25 25.25
    endloop
  endfacet
  facet normal 0.9987954562051706 -0.049067674327453493 0
    outer loop
      vertex 314.65 0 20.25
      vertex 314.6998380789428 1.0144774024109522 25.25
      vertex 314.65 0 25.25
    endloop
  endfacet
  facet normal 0.989176509964784 -0.14673047445534124 0
    outer loop
      vertex 314.6998380789428 1.0144774024109522 20.25
      vertex 314.84887234782656 2.0191848328669275 25.25
      vertex 314.6998380789428 1.0144774024109522 25.25
    endloop
  endfacet
  facet normal 0.9700312531945462 -0.24298017990325496 0
    outer loop
      vertex 314.84887234782656 2.0191848328669275 20.25
      vertex 315.0956675251716 3.004446409583685 25.25
      vertex 314.84887234782656 2.0191848328669275 25.25
    endloop
  endfacet
  facet normal 0.9415440651830208 -0.33688985339222 0
    outer loop
      vertex 315.0956675251716 3.004446409583685 20.25
      vertex 315.43784683850816 3.9607735249786793 25.25
      vertex 315.0956675251716 3.004446409583685 25.25
    endloop
  endfacet
  facet normal 0.9039892931234268 -0.4275550934303169 0
    outer loop
      vertex 315.43784683850816 3.9607735249786793 20.25
      vertex 315.87211491399455 4.878956226149075 25.25
      vertex 315.43784683850816 3.9607735249786793 25.25
    endloop
  endfacet
  facet normal 0.8577286100002864 -0.5141027441931978 0
    outer loop
      vertex 315.87211491399455 4.878956226149075 20.25
      vertex 316.39428951266865 5.750151911752883 25.25
      vertex 315.87211491399455 4.878956226149075 25.25
    endloop
  endfacet
  facet normal 0.8032075314806484 -0.5956993044924286 0
    outer loop
      vertex 316.39428951266865 5.750151911752883 20.25
      vertex 316.99934180769566 6.56597049109373 25.25
      vertex 316.39428951266865 5.750151911752883 25.25
    endloop
  endfacet
  facet normal 0 0 -1
    outer loop
      vertex 300.25 20.25 20.25
      vertex 314.6998380789428 1.0144774024109522 20.25
      vertex 314.65 0 20.25
    endloop
  endfacet
  facet normal 0 0 -1
    outer loop
      vertex 300.25 20.25 20.25
      vertex 314.84887234782656 2.0191848328669275 20.25
      vertex 314.6998380789428 1.0144774024109522 20.25
    endloop
  endfacet
  facet normal 0 0 -1
    outer loop
      vertex 300.25 20.25 20.25
      vertex 315.0956675251716 3.004446409583685 20.25
      vertex 314.84887234782656 2.0191848328669275 20.25
    endloop
  endfacet
  facet normal 0 0 -1
    outer loop
      vertex 300.25 20.25 20.25
      vertex 315.43784683850816 3.9607735249786793 20.25
      vertex 315.0956675251716 3.004446409583685 20.25
    endloop
  endfacet
  facet normal -1 0 0
    outer loop
      vertex 300.25 -20.25 20.25
      vertex 300.25 20.25 25.25
      vertex 300.25 20.25 20.25
    endloop
  endfacet
  facet normal 0 0 -1
    outer loop
      vertex 300.25 20.25 20.25
      vertex 315.87211491399455 4.878956226149075 20.25
      vertex 315.43784683850816 3.9607735249786793 20.25
    endloop
  endfacet
  facet normal 0 0 -1
    outer loop
      vertex 300.25 20.25 20.25
      vertex 316.39428951266865 5.750151911752883 20.25
      vertex 315.87211491399455 4.878956226149075 20.25
    endloop
  endfacet
  facet normal 0 0 -1
    outer loop
      vertex 300.25 20.25 20.25
      vertex 316.99934180769566 6.56597049109373 20.25
      vertex 316.39428951266865 5.750151911752883 20.25
    endloop
  endfacet
  facet normal 0 0 -1
    outer loop
      vertex 300.25 20.25 20.25
      vertex 317.6814448147192 7.3185551852807675 20.25
      vertex 316.99934180769566 6.56597049109373 20.25
    endloop
  endfacet
  facet normal 0 0 -1
    outer loop
      vertex 300.25 20.25 20.25
      vertex 318.4340295089063 8.000658192304327 20.25
      vertex 317.6814448147192 7.3185551852807675 20.25
    endloop
  endfacet
  facet normal 0 0 -1
    outer loop
      vertex 300.25 20.25 20.25
      vertex 319.2498480882471 8.605710487331343 20.25
      vertex 318.4340295089063 8.000658192304327 20.25
    endloop
  endfacet
  facet normal 0.7409511253549618 -0.6715589548470156 0
    outer loop
      vertex 316.99934180769566 6.56597049109373 20.25
      vertex 317.6814448147192 7.3185551852807675 20.25
      vertex 317.6814448147192 7.3185551852807675 25.25
    endloop
  endfacet
  facet normal 0.6715589548469969 -0.7409511253549785 0
    outer loop
      vertex 318.4340295089063 8.000658192304327 20.25
      vertex 318.4340295089063 8.000658192304327 25.25
      vertex 317.6814448147192 7.3185551852807675 20.25
    endloop
  endfacet
  facet normal 0.5956993044924435 -0.8032075314806375 0
    outer loop
      vertex 319.2498480882471 8.605710487331343 20.25
      vertex 319.2498480882471 8.605710487331343 25.25
      vertex 318.4340295089063 8.000658192304327 20.25
    endloop
  endfacet
  facet normal 0.5141027441932143 -0.8577286100002764 0
    outer loop
      vertex 320.12104377385094 9.127885086005474 20.25
      vertex 320.12104377385094 9.127885086005474 25.25
      vertex 319.2498480882471 8.605710487331343 20.25
    endloop
  endfacet
  facet normal 0.4275550934302832 -0.9039892931234429 0
    outer loop
      vertex 321.03922647502134 9.562153161491818 20.25
      vertex 321.03922647502134 9.562153161491818 25.25
      vertex 320.12104377385094 9.127885086005474 20.25
    endloop
  endfacet
  facet normal 0.33688985339222766 -0.941544065183018 0
    outer loop
      vertex 321.9955535904163 9.904332474828362 20.25
      vertex 321.9955535904163 9.904332474828362 25.25
      vertex 321.03922647502134 9.562153161491818 20.25
    endloop
  endfacet
  facet normal 0.24298017990326115 -0.9700312531945448 0
    outer loop
      vertex 322.9808151671331 10.151127652173434 20.25
      vertex 322.9808151671331 10.151127652173434 25.25
      vertex 321.9955535904163 9.904332474828362 20.25
    endloop
  endfacet
  facet normal 0.1467304744553608 -0.989176509964781 0
    outer loop
      vertex 323.98552259758907 10.300161921057239 20.25
      vertex 323.98552259758907 10.300161921057239 25.25
      vertex 322.9808151671331 10.151127652173434 20.25
    endloop
  endfacet
  facet normal 0.049067674327417814 -0.9987954562051725 0
    outer loop
      vertex 325 10.35 20.25
      vertex 325 10.35 25.25
      vertex 323.98552259758907 10.300161921057239 20.25
    endloop
  endfacet
  facet normal -0.049067674327417814 -0.9987954562051725 0
    outer loop
      vertex 326.01447740241093 10.300161921057239 20.25
      vertex 326.01447740241093 10.300161921057239 25.25
      vertex 325 10.35 20.25
    endloop
  endfacet
  facet normal 0 0 1
    outer loop
      vertex 300.25 -20.25 25.25
      vertex 320.0519801980198 20.25 25.25
      vertex 300.25 20.25 25.25
    endloop
  endfacet
  facet normal 0.7409511253549618 -0.6715589548470156 0
    outer loop
      vertex 316.99934180769566 6.56597049109373 20.25
      vertex 317.6814448147192 7.3185551852807675 25.25
      vertex 316.99934180769566 6.56597049109373 25.25
    endloop
  endfacet
  facet normal 0.6715589548469969 -0.7409511253549785 0
    outer loop
      vertex 317.6814448147192 7.3185551852807675 20.25
      vertex 318.4340295089063 8.000658192304327 25.25
      vertex 317.6814448147192 7.3185551852807675 25.25
    endloop
  endfacet
  facet normal 0.5956993044924435 -0.8032075314806375 0
    outer loop
      vertex 318.4340295089063 8.000658192304327 20.25
      vertex 319.2498480882471 8.605710487331343 25.25
      vertex 318.4340295089063 8.000658192304327 25.25
    endloop
  endfacet
  facet normal 0.5141027441932143 -0.8577286100002764 0
    outer loop
      vertex 319.2498480882471 8.605710487331343 20.25
      vertex 320.12104377385094 9.127885086005474 25.25
      vertex 319.2498480882471 8.605710487331343 25.25
    endloop
  endfacet
  facet normal 0.4275550934302832 -0.9039892931234429 0
    outer loop
      vertex 320.12104377385094 9.127885086005474 20.25
      vertex 321.03922647502134 9.562153161491818 25.25
      vertex 320.12104377385094 9.127885086005474 25.25
    endloop
  endfacet
  facet normal 0 0 1
    outer loop
      vertex 320.0519801980198 20.25 25.25
      vertex 315.0956675251716 3.004446409583685 25.25
      vertex 315.43784683850816 3.9607735249786793 25.25
    endloop
  endfacet
  facet normal 0.33688985339222766 -0.941544065183018 0
    outer loop
      vertex 321.03922647502134 9.562153161491818 20.25
      vertex 321.9955535904163 9.904332474828362 25.25
      vertex 321.03922647502134 9.562153161491818 25.25
    endloop
  endfacet
  facet normal 0.24298017990326115 -0.9700312531945448 0
    outer loop
      vertex 321.9955535904163 9.904332474828362 20.25
      vertex 322.9808151671331 10.151127652173434 25.25
      vertex 321.9955535904163 9.904332474828362 25.25
    endloop
  endfacet
  facet normal 0.1467304744553608 -0.989176509964781 0
    outer loop
      vertex 322.9808151671331 10.151127652173434 20.25
      vertex 323.98552259758907 10.300161921057239 25.25
      vertex 322.9808151671331 10.151127652173434 25.25
    endloop
  endfacet
  facet normal 0.049067674327417814 -0.9987954562051725 0
    outer loop
      vertex 323.98552259758907 10.300161921057239 20.25
      vertex 325 10.35 25.25
      vertex 323.98552259758907 10.300161921057239 25.25
    endloop
  endfacet
  facet normal -0.049067674327417814 -0.9987954562051725 0
    outer loop
      vertex 325 10.35 20.25
      vertex 326.01447740241093 10.300161921057239 25.25
      vertex 325 10.35 25.25
    endloop
  endfacet
  facet normal 0 0 1
    outer loop
      vertex 320.0519801980198 20.25 25.25
      vertex 315.43784683850816 3.9607735249786793 25.25
      vertex 315.87211491399455 4.878956226149075 25.25
    endloop
  endfacet
  facet normal 0 0 1
    outer loop
      vertex 320.0519801980198 20.25 25.25
      vertex 315.87211491399455 4.878956226149075 25.25
      vertex 316.39428951266865 5.750151911752883 25.25
    endloop
  endfacet
  facet normal 0 0 1
    outer loop
      vertex 320.0519801980198 20.25 25.25
      vertex 316.39428951266865 5.750151911752883 25.25
      vertex 316.99934180769566 6.56597049109373 25.25
    endloop
  endfacet
  facet normal 0 0 1
    outer loop
      vertex 320.0519801980198 20.25 25.25
      vertex 316.99934180769566 6.56597049109373 25.25
      vertex 317.6814448147192 7.3185551852807675 25.25
    endloop
  endfacet
  facet normal 0 0 1
    outer loop
      vertex 320.0519801980198 20.25 25.25
      vertex 317.6814448147192 7.3185551852807675 25.25
      vertex 318.4340295089063 8.000658192304327 25.25
    endloop
  endfacet
  facet normal 0 0 1
    outer loop
      vertex 320.0519801980198 20.25 25.25
      vertex 318.4340295089063 8.000658192304327 25.25
      vertex 319.2498480882471 8.605710487331343 25.25
    endloop
  endfacet
  facet normal -0.9987954562051706 -0.049067674327453493 0
    outer loop
      vertex 335.35 0 20.25
      vertex 335.35 0 25.25
      vertex 335.3001619210572 1.0144774024109522 20.25
    endloop
  endfacet
  facet normal -0.989176509964784 -0.14673047445534124 0
    outer loop
      vertex 335.15112765217344 2.0191848328669275 20.25
      vertex 335.3001619210572 1.0144774024109522 20.25
      vertex 335.3001619210572 1.0144774024109522 25.25
    endloop
  endfacet
  facet normal -0.9700312531945462 -0.24298017990325496 0
    outer loop
      vertex 334.9043324748284 3.004446409583685 20.25
      vertex 335.15112765217344 2.0191848328669275 20.25
      vertex 335.15112765217344 2.0191848328669275 25.25
    endloop
  endfacet
  facet normal -0.9415440651830208 -0.33688985339222 0
    outer loop
      vertex 334.56215316149184 3.9607735249786793 20.25
      vertex 334.9043324748284 3.004446409583685 20.25
      vertex 334.9043324748284 3.004446409583685 25.25
    endloop
  endfacet
  facet normal -0.9039892931234268 -0.4275550934303169 0
    outer loop
      vertex 334.12788508600545 4.878956226149075 20.25
      vertex 334.56215316149184 3.9607735249786793 20.25
      vertex 334.56215316149184 3.9607735249786793 25.25
    endloop
  endfacet
  facet normal -0.8577286100002864 -0.5141027441931978 0
    outer loop
      vertex 333.60571048733135 5.750151911752883 20.25
      vertex 334.12788508600545 4.878956226149075 20.25
      vertex 334.12788508600545 4.878956226149075 25.25
    endloop
  endfacet
  facet normal -0.8032075314806484 -0.5956993044924286 0
    outer loop
      vertex 333.00065819230434 6.56597049109373 20.25
      vertex 333.60571048733135 5.750151911752883 20.25
      vertex 333.60571048733135 5.750151911752883 25.25
    endloop
  endfacet
  facet normal 0 0 -1
    outer loop
      vertex 335.15112765217344 2.0191848328669275 20.25
      vertex 364.6998380789428 1.0144774024109522 20.25
      vertex 335.3001619210572 1.0144774024109522 20.25
    endloop
  endfacet
  facet normal 0 0 -1
    outer loop
      vertex 334.9043324748284 3.004446409583685 20.25
      vertex 364.84887234782656 2.0191848328669275 20.25
      vertex 335.15112765217344 2.0191848328669275 20.25
    endloop
  endfacet
  facet normal 0 0 -1
    outer loop
      vertex 335.35 0 20.25
      vertex 335.3001619210572 1.0144774024109522 20.25
      vertex 364.65 0 20.25
    endloop
  endfacet
  facet normal 0 0 -1
    outer loop
      vertex 334.56215316149184 3.9607735249786793 20.25
      vertex 365.0956675251716 3.004446409583685 20.25
      vertex 334.9043324748284 3.004446409583685 20.25
    endloop
  endfacet
  facet normal 0 0 -1
    outer loop
      vertex 334.12788508600545 4.878956226149075 20.25
      vertex 365.43784683850816 3.9607735249786793 20.25
      vertex 334.56215316149184 3.9607735249786793 20.25
    endloop
  endfacet
  facet normal 0 0 -1
    outer loop
      vertex 333.60571048733135 5.750151911752883 20.25
      vertex 365.87211491399455 4.878956226149075 20.25
      vertex 334.12788508600545 4.878956226149075 20.25
    endloop
  endfacet
  facet normal 0 0 -1
    outer loop
      vertex 333.00065819230434 6.56597049109373 20.25
      vertex 366.39428951266865 5.750151911752883 20.25
      vertex 333.60571048733135 5.750151911752883 20.25
    endloop
  endfacet
  facet normal -0.9987954562051706 -0.049067674327453493 0
    outer loop
      vertex 335.3001619210572 1.0144774024109522 20.25
      vertex 335.35 0 25.25
      vertex 335.3001619210572 1.0144774024109522 25.25
    endloop
  endfacet
  facet normal -0.989176509964784 -0.14673047445534124 0
    outer loop
      vertex 335.15112765217344 2.0191848328669275 20.25
      vertex 335.3001619210572 1.0144774024109522 25.25
      vertex 335.15112765217344 2.0191848328669275 25.25
    endloop
  endfacet
  facet normal -0.9700312531945462 -0.24298017990325496 0
    outer loop
      vertex 334.9043324748284 3.004446409583685 20.25
      vertex 335.15112765217344 2.0191848328669275 25.25
      vertex 334.9043324748284 3.004446409583685 25.25
    endloop
  endfacet
  facet normal -0.9415440651830208 -0.33688985339222 0
    outer loop
      vertex 334.56215316149184 3.9607735249786793 20.25
      vertex 334.9043324748284 3.004446409583685 25.25
      vertex 334.56215316149184 3.9607735249786793 25.25
    endloop
  endfacet
  facet normal -0.9039892931234268 -0.4275550934303169 0
    outer loop
      vertex 334.12788508600545 4.878956226149075 20.25
      vertex 334.56215316149184 3.9607735249786793 25.25
      vertex 334.12788508600545 4.878956226149075 25.25
    endloop
  endfacet
  facet normal -0.8577286100002864 -0.5141027441931978 0
    outer loop
      vertex 333.60571048733135 5.750151911752883 20.25
      vertex 334.12788508600545 4.878956226149075 25.25
      vertex 333.60571048733135 5.750151911752883 25.25
    endloop
  endfacet
  facet normal -0.8032075314806484 -0.5956993044924286 0
    outer loop
      vertex 333.00065819230434 6.56597049109373 20.25
      vertex 333.60571048733135 5.750151911752883 25.25
      vertex 333.00065819230434 6.56597049109373 25.25
    endloop
  endfacet
  facet normal 0 0 1
    outer loop
      vertex 335.15112765217344 2.0191848328669275 25.25
      vertex 365.0956675251716 3.004446409583685 25.25
      vertex 334.9043324748284 3.004446409583685 25.25
    endloop
  endfacet
  facet normal 0 0 1
    outer loop
      vertex 335.35 0 25.25
      vertex 364.6998380789428 1.0144774024109522 25.25
      vertex 335.3001619210572 1.0144774024109522 25.25
    endloop
  endfacet
  facet normal 0 0 1
    outer loop
      vertex 335.3001619210572 1.0144774024109522 25.25
      vertex 364.84887234782656 2.0191848328669275 25.25
      vertex 335.15112765217344 2.0191848328669275 25.25
    endloop
  endfacet
  facet normal 0 0 1
    outer loop
      vertex 334.9043324748284 3.004446409583685 25.25
      vertex 365.43784683850816 3.9607735249786793 25.25
      vertex 334.56215316149184 3.9607735249786793 25.25
    endloop
  endfacet
  facet normal 0 0 1
    outer loop
      vertex 334.56215316149184 3.9607735249786793 25.25
      vertex 365.87211491399455 4.878956226149075 25.25
      vertex 334.12788508600545 4.878956226149075 25.25
    endloop
  endfacet
  facet normal 0 0 1
    outer loop
      vertex 334.12788508600545 4.878956226149075 25.25
      vertex 366.39428951266865 5.750151911752883 25.25
      vertex 333.60571048733135 5.750151911752883 25.25
    endloop
  endfacet
  facet normal 0 0 1
    outer loop
      vertex 333.60571048733135 5.750151911752883 25.25
      vertex 366.99934180769566 6.56597049109373 25.25
      vertex 333.00065819230434 6.56597049109373 25.25
    endloop
  endfacet
  facet normal -0.6715589548469969 -0.7409511253549785 0
    outer loop
      vertex 332.3185551852808 7.3185551852807675 20.25
      vertex 332.3185551852808 7.3185551852807675 25.25
      vertex 331.5659704910937 8.000658192304327 20.25
    endloop
  endfacet
  facet normal -0.5956993044924435 -0.8032075314806375 0
    outer loop
      vertex 331.5659704910937 8.000658192304327 20.25
      vertex 331.5659704910937 8.000658192304327 25.25
      vertex 330.7501519117529 8.605710487331343 20.25
    endloop
  endfacet
  facet normal -0.5141027441932143 -0.8577286100002764 0
    outer loop
      vertex 330.7501519117529 8.605710487331343 20.25
      vertex 330.7501519117529 8.605710487331343 25.25
      vertex 329.87895622614906 9.127885086005474 20.25
    endloop
  endfacet
  facet normal -0.4275550934302832 -0.9039892931234429 0
    outer loop
      vertex 329.87895622614906 9.127885086005474 20.25
      vertex 329.87895622614906 9.127885086005474 25.25
      vertex 328.96077352497866 9.562153161491818 20.25
    endloop
  endfacet
  facet normal -0.7409511253549618 -0.6715589548470156 0
    outer loop
      vertex 332.3185551852808 7.3185551852807675 20.25
      vertex 333.00065819230434 6.56597049109373 20.25
      vertex 333.00065819230434 6.56597049109373 25.25
    endloop
  endfacet
  facet normal 0 0 -1
    outer loop
      vertex 300.25 20.25 20.25
      vertex 366.99934180769566 6.56597049109373 20.25
      vertex 326.01447740241093 10.300161921057239 20.25
    endloop
  endfacet
  facet normal -0.1467304744553608 -0.989176509964781 0
    outer loop
      vertex 327.0191848328669 10.151127652173434 20.25
      vertex 327.0191848328669 10.151127652173434 25.25
      vertex 326.01447740241093 10.300161921057239 20.25
    endloop
  endfacet
  facet normal -0.33688985339222766 -0.941544065183018 0
    outer loop
      vertex 328.96077352497866 9.562153161491818 20.25
      vertex 328.96077352497866 9.562153161491818 25.25
      vertex 328.0044464095837 9.904332474828362 20.25
    endloop
  endfacet
  facet normal -0.24298017990326115 -0.9700312531945448 0
    outer loop
      vertex 328.0044464095837 9.904332474828362 20.25
      vertex 328.0044464095837 9.904332474828362 25.25
      vertex 327.0191848328669 10.151127652173434 20.25
    endloop
  endfacet
  facet normal 0 0 -1
    outer loop
      vertex 366.99934180769566 6.56597049109373 20.25
      vertex 333.00065819230434 6.56597049109373 20.25
      vertex 332.3185551852808 7.3185551852807675 20.25
    endloop
  endfacet
  facet normal 0 0 -1
    outer loop
      vertex 366.99934180769566 6.56597049109373 20.25
      vertex 331.5659704910937 8.000658192304327 20.25
      vertex 330.7501519117529 8.605710487331343 20.25
    endloop
  endfacet
  facet normal 0 0 -1
    outer loop
      vertex 366.99934180769566 6.56597049109373 20.25
      vertex 332.3185551852808 7.3185551852807675 20.25
      vertex 331.5659704910937 8.000658192304327 20.25
    endloop
  endfacet
  facet normal 0 0 -1
    outer loop
      vertex 366.99934180769566 6.56597049109373 20.25
      vertex 328.96077352497866 9.562153161491818 20.25
      vertex 328.0044464095837 9.904332474828362 20.25
    endloop
  endfacet
  facet normal 0 0 -1
    outer loop
      vertex 366.99934180769566 6.56597049109373 20.25
      vertex 327.0191848328669 10.151127652173434 20.25
      vertex 326.01447740241093 10.300161921057239 20.25
    endloop
  endfacet
  facet normal 0 0 -1
    outer loop
      vertex 366.99934180769566 6.56597049109373 20.25
      vertex 328.0044464095837 9.904332474828362 20.25
      vertex 327.0191848328669 10.151127652173434 20.25
    endloop
  endfacet
  facet normal 0 0 -1
    outer loop
      vertex 366.99934180769566 6.56597049109373 20.25
      vertex 330.7501519117529 8.605710487331343 20.25
      vertex 329.87895622614906 9.127885086005474 20.25
    endloop
  endfacet
  facet normal 0 0 -1
    outer loop
      vertex 366.99934180769566 6.56597049109373 20.25
      vertex 329.87895622614906 9.127885086005474 20.25
      vertex 328.96077352497866 9.562153161491818 20.25
    endloop
  endfacet
  facet normal 0 0 -1
    outer loop
      vertex 300.25 20.25 20.25
      vertex 367.6814448147192 7.3185551852807675 20.25
      vertex 366.99934180769566 6.56597049109373 20.25
    endloop
  endfacet
  facet normal 0 0 -1
    outer loop
      vertex 300.25 20.25 20.25
      vertex 368.4340295089063 8.000658192304327 20.25
      vertex 367.6814448147192 7.3185551852807675 20.25
    endloop
  endfacet
  facet normal 0 0 -1
    outer loop
      vertex 300.25 20.25 20.25
      vertex 369.2498480882471 8.605710487331343 20.25
      vertex 368.4340295089063 8.000658192304327 20.25
    endloop
  endfacet
  facet normal -0.6715589548469969 -0.7409511253549785 0
    outer loop
      vertex 331.5659704910937 8.000658192304327 20.25
      vertex 332.3185551852808 7.3185551852807675 25.25
      vertex 331.5659704910937 8.000658192304327 25.25
    endloop
  endfacet
  facet normal -0.5956993044924435 -0.8032075314806375 0
    outer loop
      vertex 330.7501519117529 8.605710487331343 20.25
      vertex 331.5659704910937 8.000658192304327 25.25
      vertex 330.7501519117529 8.605710487331343 25.25
    endloop
  endfacet
  facet normal -0.5141027441932143 -0.8577286100002764 0
    outer loop
      vertex 329.87895622614906 9.127885086005474 20.25
      vertex 330.7501519117529 8.605710487331343 25.25
      vertex 329.87895622614906 9.127885086005474 25.25
    endloop
  endfacet
  facet normal -0.4275550934302832 -0.9039892931234429 0
    outer loop
      vertex 328.96077352497866 9.562153161491818 20.25
      vertex 329.87895622614906 9.127885086005474 25.25
      vertex 328.96077352497866 9.562153161491818 25.25
    endloop
  endfacet
  facet normal -0.7409511253549618 -0.6715589548470156 0
    outer loop
      vertex 332.3185551852808 7.3185551852807675 20.25
      vertex 333.00065819230434 6.56597049109373 25.25
      vertex 332.3185551852808 7.3185551852807675 25.25
    endloop
  endfacet
  facet normal -0.1467304744553608 -0.989176509964781 0
    outer loop
      vertex 326.01447740241093 10.300161921057239 20.25
      vertex 327.0191848328669 10.151127652173434 25.25
      vertex 326.01447740241093 10.300161921057239 25.25
    endloop
  endfacet
  facet normal -0.24298017990326115 -0.9700312531945448 0
    outer loop
      vertex 327.0191848328669 10.151127652173434 20.25
      vertex 328.0044464095837 9.904332474828362 25.25
      vertex 327.0191848328669 10.151127652173434 25.25
    endloop
  endfacet
  facet normal -0.33688985339222766 -0.941544065183018 0
    outer loop
      vertex 328.0044464095837 9.904332474828362 20.25
      vertex 328.96077352497866 9.562153161491818 25.25
      vertex 328.0044464095837 9.904332474828362 25.25
    endloop
  endfacet
  facet normal 0 0 1
    outer loop
      vertex 333.00065819230434 6.56597049109373 25.25
      vertex 367.6814448147192 7.3185551852807675 25.25
      vertex 332.3185551852808 7.3185551852807675 25.25
    endloop
  endfacet
  facet normal 0 0 1
    outer loop
      vertex 331.5659704910937 8.000658192304327 25.25
      vertex 332.3185551852808 7.3185551852807675 25.25
      vertex 368.4340295089063 8.000658192304327 25.25
    endloop
  endfacet
  facet normal 0 0 1
    outer loop
      vertex 330.7501519117529 8.605710487331343 25.25
      vertex 331.5659704910937 8.000658192304327 25.25
      vertex 369.2498480882471 8.605710487331343 25.25
    endloop
  endfacet
  facet normal 0 0 1
    outer loop
      vertex 328.96077352497866 9.562153161491818 25.25
      vertex 329.87895622614906 9.127885086005474 25.25
      vertex 371.03922647502134 9.562153161491818 25.25
    endloop
  endfacet
  facet normal 0 0 1
    outer loop
      vertex 329.87895622614906 9.127885086005474 25.25
      vertex 330.7501519117529 8.605710487331343 25.25
      vertex 370.12104377385094 9.127885086005474 25.25
    endloop
  endfacet
  facet normal 0 0 1
    outer loop
      vertex 328.0044464095837 9.904332474828362 25.25
      vertex 328.96077352497866 9.562153161491818 25.25
      vertex 371.9955535904163 9.904332474828362 25.25
    endloop
  endfacet
  facet normal -1 0 0
    outer loop
      vertex 300.25 20.25 0.25
      vertex 300.25 20.25 20.25
      vertex 300.25 25.25 20.25
    endloop
  endfacet
  facet normal 0 0 -1
    outer loop
      vertex 300.25 20.25 20.25
      vertex 320.12104377385094 9.127885086005474 20.25
      vertex 319.2498480882471 8.605710487331343 20.25
    endloop
  endfacet
  facet normal 0 0 -1
    outer loop
      vertex 300.25 20.25 20.25
      vertex 321.03922647502134 9.562153161491818 20.25
      vertex 320.12104377385094 9.127885086005474 20.25
    endloop
  endfacet
  facet normal 0 0 -1
    outer loop
      vertex 300.25 20.25 20.25
      vertex 321.9955535904163 9.904332474828362 20.25
      vertex 321.03922647502134 9.562153161491818 20.25
    endloop
  endfacet
  facet normal 0 0 -1
    outer loop
      vertex 300.25 20.25 20.25
      vertex 322.9808151671331 10.151127652173434 20.25
      vertex 321.9955535904163 9.904332474828362 20.25
    endloop
  endfacet
  facet normal 0 0 -1
    outer loop
      vertex 300.25 20.25 20.25
      vertex 323.98552259758907 10.300161921057239 20.25
      vertex 322.9808151671331 10.151127652173434 20.25
    endloop
  endfacet
  facet normal 0 0 -1
    outer loop
      vertex 300.25 20.25 20.25
      vertex 325 10.35 20.25
      vertex 323.98552259758907 10.300161921057239 20.25
    endloop
  endfacet
  facet normal 0 0 -1
    outer loop
      vertex 300.25 20.25 20.25
      vertex 326.01447740241093 10.300161921057239 20.25
      vertex 325 10.35 20.25
    endloop
  endfacet
  facet normal 0 0 1
    outer loop
      vertex 320.0519801980198 20.25 25.25
      vertex 319.2498480882471 8.605710487331343 25.25
      vertex 320.12104377385094 9.127885086005474 25.25
    endloop
  endfacet
  facet normal 0 0 1
    outer loop
      vertex 320.0519801980198 20.25 25.25
      vertex 320.12104377385094 9.127885086005474 25.25
      vertex 321.03922647502134 9.562153161491818 25.25
    endloop
  endfacet
  facet normal 0 0 1
    outer loop
      vertex 320.0519801980198 20.25 25.25
      vertex 321.03922647502134 9.562153161491818 25.25
      vertex 321.9955535904163 9.904332474828362 25.25
    endloop
  endfacet
  facet normal 0 0 1
    outer loop
      vertex 320.0519801980198 20.25 25.25
      vertex 321.9955535904163 9.904332474828362 25.25
      vertex 322.9808151671331 10.151127652173434 25.25
    endloop
  endfacet
  facet normal 0 0 1
    outer loop
      vertex 320.0519801980198 20.25 25.25
      vertex 322.9808151671331 10.151127652173434 25.25
      vertex 323.98552259758907 10.300161921057239 25.25
    endloop
  endfacet
  facet normal 0 0 1
    outer loop
      vertex 320.0519801980198 20.25 25.25
      vertex 323.98552259758907 10.300161921057239 25.25
      vertex 325 10.35 25.25
    endloop
  endfacet
  facet normal 0 0 1
    outer loop
      vertex 320.0519801980198 20.25 25.25
      vertex 325 10.35 25.25
      vertex 326.01447740241093 10.300161921057239 25.25
    endloop
  endfacet
  facet normal 0 0 1
    outer loop
      vertex 320.0519801980198 20.25 25.25
      vertex 326.01447740241093 10.300161921057239 25.25
      vertex 327.0191848328669 10.151127652173434 25.25
    endloop
  endfacet
  facet normal 0 0 1
    outer loop
      vertex 320.0519801980198 20.25 25.25
      vertex 327.0191848328669 10.151127652173434 25.25
      vertex 328.0044464095837 9.904332474828362 25.25
    endloop
  endfacet
  facet normal -1 0 0
    outer loop
      vertex 300.25 20.25 20.25
      vertex 300.25 25.25 25.25
      vertex 300.25 25.25 20.25
    endloop
  endfacet
  facet normal -1 0 0
    outer loop
      vertex 300.25 20.25 20.25
      vertex 300.25 20.25 25.25
      vertex 300.25 25.25 25.25
    endloop
  endfacet
  facet normal 0 0 1
    outer loop
      vertex 300.25 20.25 25.25
      vertex 320.0519801980198 20.25 25.25
      vertex 300.25 25.25 25.25
    endloop
  endfacet
  facet normal 0 0 -1
    outer loop
      vertex 300.25 20.25 20.25
      vertex 370.12104377385094 9.127885086005474 20.25
      vertex 369.2498480882471 8.605710487331343 20.25
    endloop
  endfacet
  facet normal 0 0 -1
    outer loop
      vertex 300.25 20.25 20.25
      vertex 371.03922647502134 9.562153161491818 20.25
      vertex 370.12104377385094 9.127885086005474 20.25
    endloop
  endfacet
  facet normal 0 0 -1
    outer loop
      vertex 300.25 20.25 20.25
      vertex 371.9955535904163 9.904332474828362 20.25
      vertex 371.03922647502134 9.562153161491818 20.25
    endloop
  endfacet
  facet normal 0 0 -1
    outer loop
      vertex 300.25 20.25 20.25
      vertex 372.9808151671331 10.151127652173434 20.25
      vertex 371.9955535904163 9.904332474828362 20.25
    endloop
  endfacet
  facet normal 0 0 -1
    outer loop
      vertex 300.25 20.25 20.25
      vertex 373.98552259758907 10.300161921057239 20.25
      vertex 372.9808151671331 10.151127652173434 20.25
    endloop
  endfacet
  facet normal 0 0 1
    outer loop
      vertex 320.0519801980198 20.25 25.25
      vertex 328.0044464095837 9.904332474828362 25.25
      vertex 371.9955535904163 9.904332474828362 25.25
    endloop
  endfacet
  facet normal 0 0 -1
    outer loop
      vertex 335.3001619210572 1.0144774024109522 20.25
      vertex 364.6998380789428 1.0144774024109522 20.25
      vertex 364.65 0 20.25
    endloop
  endfacet
  facet normal 0 0 -1
    outer loop
      vertex 335.15112765217344 2.0191848328669275 20.25
      vertex 364.84887234782656 2.0191848328669275 20.25
      vertex 364.6998380789428 1.0144774024109522 20.25
    endloop
  endfacet
  facet normal 0 0 -1
    outer loop
      vertex 334.9043324748284 3.004446409583685 20.25
      vertex 365.0956675251716 3.004446409583685 20.25
      vertex 364.84887234782656 2.0191848328669275 20.25
    endloop
  endfacet
  facet normal 0 0 -1
    outer loop
      vertex 334.56215316149184 3.9607735249786793 20.25
      vertex 365.43784683850816 3.9607735249786793 20.25
      vertex 365.0956675251716 3.004446409583685 20.25
    endloop
  endfacet
  facet normal 0 0 -1
    outer loop
      vertex 334.12788508600545 4.878956226149075 20.25
      vertex 365.87211491399455 4.878956226149075 20.25
      vertex 365.43784683850816 3.9607735249786793 20.25
    endloop
  endfacet
  facet normal 0 0 -1
    outer loop
      vertex 333.60571048733135 5.750151911752883 20.25
      vertex 366.39428951266865 5.750151911752883 20.25
      vertex 365.87211491399455 4.878956226149075 20.25
    endloop
  endfacet
  facet normal 0 0 -1
    outer loop
      vertex 333.00065819230434 6.56597049109373 20.25
      vertex 366.99934180769566 6.56597049109373 20.25
      vertex 366.39428951266865 5.750151911752883 20.25
    endloop
  endfacet
  facet normal 0.9987954562051706 -0.049067674327453493 0
    outer loop
      vertex 364.65 0 20.25
      vertex 364.6998380789428 1.0144774024109522 20.25
      vertex 364.6998380789428 1.0144774024109522 25.25
    endloop
  endfacet
  facet normal 0.989176509964784 -0.14673047445534124 0
    outer loop
      vertex 364.6998380789428 1.0144774024109522 20.25
      vertex 364.84887234782656 2.0191848328669275 20.25
      vertex 364.84887234782656 2.0191848328669275 25.25
    endloop
  endfacet
  facet normal 0.9700312531945462 -0.24298017990325496 0
    outer loop
      vertex 364.84887234782656 2.0191848328669275 20.25
      vertex 365.0956675251716 3.004446409583685 20.25
      vertex 365.0956675251716 3.004446409583685 25.25
    endloop
  endfacet
  facet normal 0.9415440651830208 -0.33688985339222 0
    outer loop
      vertex 365.0956675251716 3.004446409583685 20.25
      vertex 365.43784683850816 3.9607735249786793 20.25
      vertex 365.43784683850816 3.9607735249786793 25.25
    endloop
  endfacet
  facet normal 0.9039892931234268 -0.4275550934303169 0
    outer loop
      vertex 365.43784683850816 3.9607735249786793 20.25
      vertex 365.87211491399455 4.878956226149075 20.25
      vertex 365.87211491399455 4.878956226149075 25.25
    endloop
  endfacet
  facet normal 0.8577286100002864 -0.5141027441931978 0
    outer loop
      vertex 365.87211491399455 4.878956226149075 20.25
      vertex 366.39428951266865 5.750151911752883 20.25
      vertex 366.39428951266865 5.750151911752883 25.25
    endloop
  endfacet
  facet normal 0.8032075314806484 -0.5956993044924286 0
    outer loop
      vertex 366.39428951266865 5.750151911752883 20.25
      vertex 366.99934180769566 6.56597049109373 20.25
      vertex 366.99934180769566 6.56597049109373 25.25
    endloop
  endfacet
  facet normal 0 0 1
    outer loop
      vertex 335.35 0 25.25
      vertex 364.65 0 25.25
      vertex 364.6998380789428 1.0144774024109522 25.25
    endloop
  endfacet
  facet normal 0 0 1
    outer loop
      vertex 364.84887234782656 2.0191848328669275 25.25
      vertex 335.3001619210572 1.0144774024109522 25.25
      vertex 364.6998380789428 1.0144774024109522 25.25
    endloop
  endfacet
  facet normal 0 0 1
    outer loop
      vertex 335.15112765217344 2.0191848328669275 25.25
      vertex 364.84887234782656 2.0191848328669275 25.25
      vertex 365.0956675251716 3.004446409583685 25.25
    endloop
  endfacet
  facet normal 0 0 1
    outer loop
      vertex 365.43784683850816 3.9607735249786793 25.25
      vertex 334.9043324748284 3.004446409583685 25.25
      vertex 365.0956675251716 3.004446409583685 25.25
    endloop
  endfacet
  facet normal 0 0 1
    outer loop
      vertex 334.56215316149184 3.9607735249786793 25.25
      vertex 365.43784683850816 3.9607735249786793 25.25
      vertex 365.87211491399455 4.878956226149075 25.25
    endloop
  endfacet
  facet normal 0 0 1
    outer loop
      vertex 334.12788508600545 4.878956226149075 25.25
      vertex 365.87211491399455 4.878956226149075 25.25
      vertex 366.39428951266865 5.750151911752883 25.25
    endloop
  endfacet
  facet normal 0 0 1
    outer loop
      vertex 366.99934180769566 6.56597049109373 25.25
      vertex 333.60571048733135 5.750151911752883 25.25
      vertex 366.39428951266865 5.750151911752883 25.25
    endloop
  endfacet
  facet normal 0.9987954562051706 -0.049067674327453493 0
    outer loop
      vertex 364.65 0 20.25
      vertex 364.6998380789428 1.0144774024109522 25.25
      vertex 364.65 0 25.25
    endloop
  endfacet
  facet normal 0.989176509964784 -0.14673047445534124 0
    outer loop
      vertex 364.6998380789428 1.0144774024109522 20.25
      vertex 364.84887234782656 2.0191848328669275 25.25
      vertex 364.6998380789428 1.0144774024109522 25.25
    endloop
  endfacet
  facet normal 0.9700312531945462 -0.24298017990325496 0
    outer loop
      vertex 364.84887234782656 2.0191848328669275 20.25
      vertex 365.0956675251716 3.004446409583685 25.25
      vertex 364.84887234782656 2.0191848328669275 25.25
    endloop
  endfacet
  facet normal 0.9415440651830208 -0.33688985339222 0
    outer loop
      vertex 365.0956675251716 3.004446409583685 20.25
      vertex 365.43784683850816 3.9607735249786793 25.25
      vertex 365.0956675251716 3.004446409583685 25.25
    endloop
  endfacet
  facet normal 0.9039892931234268 -0.4275550934303169 0
    outer loop
      vertex 365.43784683850816 3.9607735249786793 20.25
      vertex 365.87211491399455 4.878956226149075 25.25
      vertex 365.43784683850816 3.9607735249786793 25.25
    endloop
  endfacet
  facet normal 0.8577286100002864 -0.5141027441931978 0
    outer loop
      vertex 365.87211491399455 4.878956226149075 20.25
      vertex 366.39428951266865 5.750151911752883 25.25
      vertex 365.87211491399455 4.878956226149075 25.25
    endloop
  endfacet
  facet normal 0.8032075314806484 -0.5956993044924286 0
    outer loop
      vertex 366.39428951266865 5.750151911752883 20.25
      vertex 366.99934180769566 6.56597049109373 25.25
      vertex 366.39428951266865 5.750151911752883 25.25
    endloop
  endfacet
  facet normal 0.7409511253549618 -0.6715589548470156 0
    outer loop
      vertex 367.6814448147192 7.3185551852807675 25.25
      vertex 366.99934180769566 6.56597049109373 20.25
      vertex 367.6814448147192 7.3185551852807675 20.25
    endloop
  endfacet
  facet normal 0.6715589548469969 -0.7409511253549785 0
    outer loop
      vertex 368.4340295089063 8.000658192304327 25.25
      vertex 367.6814448147192 7.3185551852807675 20.25
      vertex 368.4340295089063 8.000658192304327 20.25
    endloop
  endfacet
  facet normal 0.5956993044924435 -0.8032075314806375 0
    outer loop
      vertex 369.2498480882471 8.605710487331343 25.25
      vertex 368.4340295089063 8.000658192304327 20.25
      vertex 369.2498480882471 8.605710487331343 20.25
    endloop
  endfacet
  facet normal 0.5141027441932143 -0.8577286100002764 0
    outer loop
      vertex 370.12104377385094 9.127885086005474 25.25
      vertex 369.2498480882471 8.605710487331343 20.25
      vertex 370.12104377385094 9.127885086005474 20.25
    endloop
  endfacet
  facet normal 0.4275550934302832 -0.9039892931234429 0
    outer loop
      vertex 371.03922647502134 9.562153161491818 25.25
      vertex 370.12104377385094 9.127885086005474 20.25
      vertex 371.03922647502134 9.562153161491818 20.25
    endloop
  endfacet
  facet normal 0.33688985339222766 -0.941544065183018 0
    outer loop
      vertex 371.9955535904163 9.904332474828362 25.25
      vertex 371.03922647502134 9.562153161491818 20.25
      vertex 371.9955535904163 9.904332474828362 20.25
    endloop
  endfacet
  facet normal 0.24298017990326115 -0.9700312531945448 0
    outer loop
      vertex 372.9808151671331 10.151127652173434 25.25
      vertex 371.9955535904163 9.904332474828362 20.25
      vertex 372.9808151671331 10.151127652173434 20.25
    endloop
  endfacet
  facet normal 0.1467304744553608 -0.989176509964781 0
    outer loop
      vertex 373.98552259758907 10.300161921057239 25.25
      vertex 372.9808151671331 10.151127652173434 20.25
      vertex 373.98552259758907 10.300161921057239 20.25
    endloop
  endfacet
  facet normal -0.1467304744553608 -0.989176509964781 0
    outer loop
      vertex 377.0191848328669 10.151127652173434 25.25
      vertex 376.01447740241093 10.300161921057239 20.25
      vertex 377.0191848328669 10.151127652173434 20.25
    endloop
  endfacet
  facet normal 0.049067674327417814 -0.9987954562051725 0
    outer loop
      vertex 375 10.35 25.25
      vertex 373.98552259758907 10.300161921057239 20.25
      vertex 375 10.35 20.25
    endloop
  endfacet
  facet normal -0.049067674327417814 -0.9987954562051725 0
    outer loop
      vertex 376.01447740241093 10.300161921057239 25.25
      vertex 375 10.35 20.25
      vertex 376.01447740241093 10.300161921057239 20.25
    endloop
  endfacet
  facet normal 0 0 1
    outer loop
      vertex 333.00065819230434 6.56597049109373 25.25
      vertex 366.99934180769566 6.56597049109373 25.25
      vertex 367.6814448147192 7.3185551852807675 25.25
    endloop
  endfacet
  facet normal 0 0 1
    outer loop
      vertex 367.6814448147192 7.3185551852807675 25.25
      vertex 368.4340295089063 8.000658192304327 25.25
      vertex 332.3185551852808 7.3185551852807675 25.25
    endloop
  endfacet
  facet normal 0 0 1
    outer loop
      vertex 368.4340295089063 8.000658192304327 25.25
      vertex 369.2498480882471 8.605710487331343 25.25
      vertex 331.5659704910937 8.000658192304327 25.25
    endloop
  endfacet
  facet normal 0 0 1
    outer loop
      vertex 369.2498480882471 8.605710487331343 25.25
      vertex 370.12104377385094 9.127885086005474 25.25
      vertex 330.7501519117529 8.605710487331343 25.25
    endloop
  endfacet
  facet normal 0 0 1
    outer loop
      vertex 370.12104377385094 9.127885086005474 25.25
      vertex 371.03922647502134 9.562153161491818 25.25
      vertex 329.87895622614906 9.127885086005474 25.25
    endloop
  endfacet
  facet normal 0 0 1
    outer loop
      vertex 371.03922647502134 9.562153161491818 25.25
      vertex 371.9955535904163 9.904332474828362 25.25
      vertex 328.96077352497866 9.562153161491818 25.25
    endloop
  endfacet
  facet normal 0.7409511253549618 -0.6715589548470156 0
    outer loop
      vertex 367.6814448147192 7.3185551852807675 25.25
      vertex 366.99934180769566 6.56597049109373 25.25
      vertex 366.99934180769566 6.56597049109373 20.25
    endloop
  endfacet
  facet normal 0.6715589548469969 -0.7409511253549785 0
    outer loop
      vertex 367.6814448147192 7.3185551852807675 25.25
      vertex 367.6814448147192 7.3185551852807675 20.25
      vertex 368.4340295089063 8.000658192304327 25.25
    endloop
  endfacet
  facet normal 0.5956993044924435 -0.8032075314806375 0
    outer loop
      vertex 368.4340295089063 8.000658192304327 25.25
      vertex 368.4340295089063 8.000658192304327 20.25
      vertex 369.2498480882471 8.605710487331343 25.25
    endloop
  endfacet
  facet normal 0.5141027441932143 -0.8577286100002764 0
    outer loop
      vertex 369.2498480882471 8.605710487331343 25.25
      vertex 369.2498480882471 8.605710487331343 20.25
      vertex 370.12104377385094 9.127885086005474 25.25
    endloop
  endfacet
  facet normal 0.4275550934302832 -0.9039892931234429 0
    outer loop
      vertex 370.12104377385094 9.127885086005474 25.25
      vertex 370.12104377385094 9.127885086005474 20.25
      vertex 371.03922647502134 9.562153161491818 25.25
    endloop
  endfacet
  facet normal 0.33688985339222766 -0.941544065183018 0
    outer loop
      vertex 371.03922647502134 9.562153161491818 25.25
      vertex 371.03922647502134 9.562153161491818 20.25
      vertex 371.9955535904163 9.904332474828362 25.25
    endloop
  endfacet
  facet normal 0.24298017990326115 -0.9700312531945448 0
    outer loop
      vertex 371.9955535904163 9.904332474828362 25.25
      vertex 371.9955535904163 9.904332474828362 20.25
      vertex 372.9808151671331 10.151127652173434 25.25
    endloop
  endfacet
  facet normal 0.1467304744553608 -0.989176509964781 0
    outer loop
      vertex 372.9808151671331 10.151127652173434 25.25
      vertex 372.9808151671331 10.151127652173434 20.25
      vertex 373.98552259758907 10.300161921057239 25.25
    endloop
  endfacet
  facet normal -0.1467304744553608 -0.989176509964781 0
    outer loop
      vertex 376.01447740241093 10.300161921057239 25.25
      vertex 376.01447740241093 10.300161921057239 20.25
      vertex 377.0191848328669 10.151127652173434 25.25
    endloop
  endfacet
  facet normal 0.049067674327417814 -0.9987954562051725 0
    outer loop
      vertex 373.98552259758907 10.300161921057239 25.25
      vertex 373.98552259758907 10.300161921057239 20.25
      vertex 375 10.35 25.25
    endloop
  endfacet
  facet normal -0.049067674327417814 -0.9987954562051725 0
    outer loop
      vertex 375 10.35 25.25
      vertex 375 10.35 20.25
      vertex 376.01447740241093 10.300161921057239 25.25
    endloop
  endfacet
  facet normal -0.9987954562051706 -0.049067674327453493 0
    outer loop
      vertex 385.35 0 20.25
      vertex 385.35 0 25.25
      vertex 385.3001619210572 1.0144774024109522 20.25
    endloop
  endfacet
  facet normal -0.989176509964784 -0.14673047445534124 0
    outer loop
      vertex 385.15112765217344 2.0191848328669275 20.25
      vertex 385.3001619210572 1.0144774024109522 20.25
      vertex 385.3001619210572 1.0144774024109522 25.25
    endloop
  endfacet
  facet normal -0.9700312531945462 -0.24298017990325496 0
    outer loop
      vertex 384.9043324748284 3.004446409583685 20.25
      vertex 385.15112765217344 2.0191848328669275 20.25
      vertex 385.15112765217344 2.0191848328669275 25.25
    endloop
  endfacet
  facet normal -0.8032075314806484 -0.5956993044924286 0
    outer loop
      vertex 383.60571048733135 5.750151911752883 25.25
      vertex 383.00065819230434 6.56597049109373 20.25
      vertex 383.60571048733135 5.750151911752883 20.25
    endloop
  endfacet
  facet normal -0.9415440651830208 -0.33688985339222 0
    outer loop
      vertex 384.56215316149184 3.9607735249786793 20.25
      vertex 384.9043324748284 3.004446409583685 20.25
      vertex 384.9043324748284 3.004446409583685 25.25
    endloop
  endfacet
  facet normal -0.9039892931234268 -0.4275550934303169 0
    outer loop
      vertex 384.56215316149184 3.9607735249786793 25.25
      vertex 384.12788508600545 4.878956226149075 20.25
      vertex 384.56215316149184 3.9607735249786793 20.25
    endloop
  endfacet
  facet normal -0.8577286100002864 -0.5141027441931978 0
    outer loop
      vertex 384.12788508600545 4.878956226149075 25.25
      vertex 383.60571048733135 5.750151911752883 20.25
      vertex 384.12788508600545 4.878956226149075 20.25
    endloop
  endfacet
  facet normal 0 0 -1
    outer loop
      vertex 415.43784683850816 -3.9607735249786793 20.25
      vertex 385.15112765217344 2.0191848328669275 20.25
      vertex 384.9043324748284 3.004446409583685 20.25
    endloop
  endfacet
  facet normal 0 0 -1
    outer loop
      vertex 415.43784683850816 -3.9607735249786793 20.25
      vertex 384.9043324748284 3.004446409583685 20.25
      vertex 384.56215316149184 3.9607735249786793 20.25
    endloop
  endfacet
  facet normal 0 0 -1
    outer loop
      vertex 384.12788508600545 4.878956226149075 20.25
      vertex 415.43784683850816 3.9607735249786793 20.25
      vertex 384.56215316149184 3.9607735249786793 20.25
    endloop
  endfacet
  facet normal 0 0 -1
    outer loop
      vertex 383.60571048733135 5.750151911752883 20.25
      vertex 415.87211491399455 4.878956226149075 20.25
      vertex 384.12788508600545 4.878956226149075 20.25
    endloop
  endfacet
  facet normal 0 0 -1
    outer loop
      vertex 383.00065819230434 6.56597049109373 20.25
      vertex 416.39428951266865 5.750151911752883 20.25
      vertex 383.60571048733135 5.750151911752883 20.25
    endloop
  endfacet
  facet normal -0.9987954562051706 -0.049067674327453493 0
    outer loop
      vertex 385.3001619210572 1.0144774024109522 20.25
      vertex 385.35 0 25.25
      vertex 385.3001619210572 1.0144774024109522 25.25
    endloop
  endfacet
  facet normal -0.989176509964784 -0.14673047445534124 0
    outer loop
      vertex 385.15112765217344 2.0191848328669275 20.25
      vertex 385.3001619210572 1.0144774024109522 25.25
      vertex 385.15112765217344 2.0191848328669275 25.25
    endloop
  endfacet
  facet normal -0.9700312531945462 -0.24298017990325496 0
    outer loop
      vertex 384.9043324748284 3.004446409583685 20.25
      vertex 385.15112765217344 2.0191848328669275 25.25
      vertex 384.9043324748284 3.004446409583685 25.25
    endloop
  endfacet
  facet normal -0.8032075314806484 -0.5956993044924286 0
    outer loop
      vertex 383.60571048733135 5.750151911752883 25.25
      vertex 383.00065819230434 6.56597049109373 25.25
      vertex 383.00065819230434 6.56597049109373 20.25
    endloop
  endfacet
  facet normal -0.9415440651830208 -0.33688985339222 0
    outer loop
      vertex 384.9043324748284 3.004446409583685 25.25
      vertex 384.56215316149184 3.9607735249786793 25.25
      vertex 384.56215316149184 3.9607735249786793 20.25
    endloop
  endfacet
  facet normal -0.9039892931234268 -0.4275550934303169 0
    outer loop
      vertex 384.56215316149184 3.9607735249786793 25.25
      vertex 384.12788508600545 4.878956226149075 25.25
      vertex 384.12788508600545 4.878956226149075 20.25
    endloop
  endfacet
  facet normal -0.8577286100002864 -0.5141027441931978 0
    outer loop
      vertex 384.12788508600545 4.878956226149075 25.25
      vertex 383.60571048733135 5.750151911752883 25.25
      vertex 383.60571048733135 5.750151911752883 20.25
    endloop
  endfacet
  facet normal 0 0 1
    outer loop
      vertex 415.43784683850816 3.9607735249786793 25.25
      vertex 385.3001619210572 -1.0144774024109522 25.25
      vertex 385.15112765217344 -2.0191848328669275 25.25
    endloop
  endfacet
  facet normal 0 0 1
    outer loop
      vertex 415.43784683850816 3.9607735249786793 25.25
      vertex 385.35 0 25.25
      vertex 385.3001619210572 -1.0144774024109522 25.25
    endloop
  endfacet
  facet normal 0 0 1
    outer loop
      vertex 415.43784683850816 3.9607735249786793 25.25
      vertex 385.3001619210572 1.0144774024109522 25.25
      vertex 385.35 0 25.25
    endloop
  endfacet
  facet normal 0 0 1
    outer loop
      vertex 415.43784683850816 3.9607735249786793 25.25
      vertex 385.15112765217344 2.0191848328669275 25.25
      vertex 385.3001619210572 1.0144774024109522 25.25
    endloop
  endfacet
  facet normal 0 0 1
    outer loop
      vertex 415.43784683850816 3.9607735249786793 25.25
      vertex 384.9043324748284 3.004446409583685 25.25
      vertex 385.15112765217344 2.0191848328669275 25.25
    endloop
  endfacet
  facet normal 0 0 1
    outer loop
      vertex 384.9043324748284 3.004446409583685 25.25
      vertex 415.43784683850816 3.9607735249786793 25.25
      vertex 384.56215316149184 3.9607735249786793 25.25
    endloop
  endfacet
  facet normal 0 0 1
    outer loop
      vertex 384.56215316149184 3.9607735249786793 25.25
      vertex 415.87211491399455 4.878956226149075 25.25
      vertex 384.12788508600545 4.878956226149075 25.25
    endloop
  endfacet
  facet normal 0 0 1
    outer loop
      vertex 384.12788508600545 4.878956226149075 25.25
      vertex 416.39428951266865 5.750151911752883 25.25
      vertex 383.60571048733135 5.750151911752883 25.25
    endloop
  endfacet
  facet normal 0 0 1
    outer loop
      vertex 383.60571048733135 5.750151911752883 25.25
      vertex 416.99934180769566 6.56597049109373 25.25
      vertex 383.00065819230434 6.56597049109373 25.25
    endloop
  endfacet
  facet normal -0.7409511253549618 -0.6715589548470156 0
    outer loop
      vertex 383.00065819230434 6.56597049109373 25.25
      vertex 382.3185551852808 7.3185551852807675 20.25
      vertex 383.00065819230434 6.56597049109373 20.25
    endloop
  endfacet
  facet normal -0.6715589548469969 -0.7409511253549785 0
    outer loop
      vertex 382.3185551852808 7.3185551852807675 25.25
      vertex 381.5659704910937 8.000658192304327 20.25
      vertex 382.3185551852808 7.3185551852807675 20.25
    endloop
  endfacet
  facet normal -0.4275550934302832 -0.9039892931234429 0
    outer loop
      vertex 379.87895622614906 9.127885086005474 25.25
      vertex 378.96077352497866 9.562153161491818 20.25
      vertex 379.87895622614906 9.127885086005474 20.25
    endloop
  endfacet
  facet normal -0.5956993044924435 -0.8032075314806375 0
    outer loop
      vertex 381.5659704910937 8.000658192304327 25.25
      vertex 380.7501519117529 8.605710487331343 20.25
      vertex 381.5659704910937 8.000658192304327 20.25
    endloop
  endfacet
  facet normal -0.5141027441932143 -0.8577286100002764 0
    outer loop
      vertex 380.7501519117529 8.605710487331343 25.25
      vertex 379.87895622614906 9.127885086005474 20.25
      vertex 380.7501519117529 8.605710487331343 20.25
    endloop
  endfacet
  facet normal -0.33688985339222766 -0.941544065183018 0
    outer loop
      vertex 378.96077352497866 9.562153161491818 25.25
      vertex 378.0044464095837 9.904332474828362 20.25
      vertex 378.96077352497866 9.562153161491818 20.25
    endloop
  endfacet
  facet normal -0.24298017990326115 -0.9700312531945448 0
    outer loop
      vertex 378.0044464095837 9.904332474828362 25.25
      vertex 377.0191848328669 10.151127652173434 20.25
      vertex 378.0044464095837 9.904332474828362 20.25
    endloop
  endfacet
  facet normal 0 0 -1
    outer loop
      vertex 382.3185551852808 7.3185551852807675 20.25
      vertex 416.99934180769566 6.56597049109373 20.25
      vertex 383.00065819230434 6.56597049109373 20.25
    endloop
  endfacet
  facet normal 0 0 -1
    outer loop
      vertex 417.6814448147192 7.3185551852807675 20.25
      vertex 382.3185551852808 7.3185551852807675 20.25
      vertex 381.5659704910937 8.000658192304327 20.25
    endloop
  endfacet
  facet normal 0 0 -1
    outer loop
      vertex 379.87895622614906 9.127885086005474 20.25
      vertex 378.96077352497866 9.562153161491818 20.25
      vertex 420.12104377385094 9.127885086005474 20.25
    endloop
  endfacet
  facet normal 0 0 -1
    outer loop
      vertex 381.5659704910937 8.000658192304327 20.25
      vertex 380.7501519117529 8.605710487331343 20.25
      vertex 418.4340295089063 8.000658192304327 20.25
    endloop
  endfacet
  facet normal 0 0 -1
    outer loop
      vertex 380.7501519117529 8.605710487331343 20.25
      vertex 379.87895622614906 9.127885086005474 20.25
      vertex 419.2498480882471 8.605710487331343 20.25
    endloop
  endfacet
  facet normal 0 0 -1
    outer loop
      vertex 378.96077352497866 9.562153161491818 20.25
      vertex 378.0044464095837 9.904332474828362 20.25
      vertex 421.03922647502134 9.562153161491818 20.25
    endloop
  endfacet
  facet normal 0 0 -1
    outer loop
      vertex 378.0044464095837 9.904332474828362 20.25
      vertex 377.0191848328669 10.151127652173434 20.25
      vertex 421.9955535904163 9.904332474828362 20.25
    endloop
  endfacet
  facet normal -0.7409511253549618 -0.6715589548470156 0
    outer loop
      vertex 383.00065819230434 6.56597049109373 25.25
      vertex 382.3185551852808 7.3185551852807675 25.25
      vertex 382.3185551852808 7.3185551852807675 20.25
    endloop
  endfacet
  facet normal -0.6715589548469969 -0.7409511253549785 0
    outer loop
      vertex 381.5659704910937 8.000658192304327 25.25
      vertex 381.5659704910937 8.000658192304327 20.25
      vertex 382.3185551852808 7.3185551852807675 25.25
    endloop
  endfacet
  facet normal -0.5141027441932143 -0.8577286100002764 0
    outer loop
      vertex 379.87895622614906 9.127885086005474 25.25
      vertex 379.87895622614906 9.127885086005474 20.25
      vertex 380.7501519117529 8.605710487331343 25.25
    endloop
  endfacet
  facet normal -0.4275550934302832 -0.9039892931234429 0
    outer loop
      vertex 378.96077352497866 9.562153161491818 25.25
      vertex 378.96077352497866 9.562153161491818 20.25
      vertex 379.87895622614906 9.127885086005474 25.25
    endloop
  endfacet
  facet normal -0.5956993044924435 -0.8032075314806375 0
    outer loop
      vertex 380.7501519117529 8.605710487331343 25.25
      vertex 380.7501519117529 8.605710487331343 20.25
      vertex 381.5659704910937 8.000658192304327 25.25
    endloop
  endfacet
  facet normal -0.33688985339222766 -0.941544065183018 0
    outer loop
      vertex 378.0044464095837 9.904332474828362 25.25
      vertex 378.0044464095837 9.904332474828362 20.25
      vertex 378.96077352497866 9.562153161491818 25.25
    endloop
  endfacet
  facet normal -0.24298017990326115 -0.9700312531945448 0
    outer loop
      vertex 377.0191848328669 10.151127652173434 25.25
      vertex 377.0191848328669 10.151127652173434 20.25
      vertex 378.0044464095837 9.904332474828362 25.25
    endloop
  endfacet
  facet normal 0 0 1
    outer loop
      vertex 383.00065819230434 6.56597049109373 25.25
      vertex 417.6814448147192 7.3185551852807675 25.25
      vertex 382.3185551852808 7.3185551852807675 25.25
    endloop
  endfacet
  facet normal 0 0 1
    outer loop
      vertex 381.5659704910937 8.000658192304327 25.25
      vertex 382.3185551852808 7.3185551852807675 25.25
      vertex 418.4340295089063 8.000658192304327 25.25
    endloop
  endfacet
  facet normal 0 0 1
    outer loop
      vertex 380.7501519117529 8.605710487331343 25.25
      vertex 381.5659704910937 8.000658192304327 25.25
      vertex 419.2498480882471 8.605710487331343 25.25
    endloop
  endfacet
  facet normal 0 0 1
    outer loop
      vertex 379.87895622614906 9.127885086005474 25.25
      vertex 380.7501519117529 8.605710487331343 25.25
      vertex 420.12104377385094 9.127885086005474 25.25
    endloop
  endfacet
  facet normal 0 0 1
    outer loop
      vertex 378.96077352497866 9.562153161491818 25.25
      vertex 379.87895622614906 9.127885086005474 25.25
      vertex 421.03922647502134 9.562153161491818 25.25
    endloop
  endfacet
  facet normal 0 0 1
    outer loop
      vertex 378.0044464095837 9.904332474828362 25.25
      vertex 378.96077352497866 9.562153161491818 25.25
      vertex 421.9955535904163 9.904332474828362 25.25
    endloop
  endfacet
  facet normal 0 1 0
    outer loop
      vertex 300.25 25.25 0.25
      vertex 300.25 25.25 20.25
      vertex 500.25 25.25 20.25
    endloop
  endfacet
  facet normal 0 0 1
    outer loop
      vertex 320.0519801980198 20.25 25.25
      vertex 371.9955535904163 9.904332474828362 25.25
      vertex 372.9808151671331 10.151127652173434 25.25
    endloop
  endfacet
  facet normal 0 0 1
    outer loop
      vertex 320.0519801980198 20.25 25.25
      vertex 372.9808151671331 10.151127652173434 25.25
      vertex 373.98552259758907 10.300161921057239 25.25
    endloop
  endfacet
  facet normal 0 1 0
    outer loop
      vertex 300.25 25.25 20.25
      vertex 300.25 25.25 25.25
      vertex 500.25 25.25 20.25
    endloop
  endfacet
  facet normal 0 0 1
    outer loop
      vertex 300.25 25.25 25.25
      vertex 320.0519801980198 20.25 25.25
      vertex 500.25 20.25 25.25
    endloop
  endfacet
  facet normal 0 0 -1
    outer loop
      vertex 300.25 20.25 20.25
      vertex 500.25 20.25 20.25
      vertex 373.98552259758907 10.300161921057239 20.25
    endloop
  endfacet
  facet normal 0 0 1
    outer loop
      vertex 320.0519801980198 20.25 25.25
      vertex 373.98552259758907 10.300161921057239 25.25
      vertex 500.25 20.25 25.25
    endloop
  endfacet
  facet normal 0 0 -1
    outer loop
      vertex 300.25 -25.25 0.25
      vertex 500.25 -20.25 0.25
      vertex 500.25 -25.25 0.25
    endloop
  endfacet
  facet normal 0 1 0
    outer loop
      vertex 300.25 -20.25 0.25
      vertex 500.25 -20.25 20.25
      vertex 500.25 -20.25 0.25
    endloop
  endfacet
  facet normal 0 -1 0
    outer loop
      vertex 500.25 -25.25 0.25
      vertex 505.25 -25.25 0.25
      vertex 505.25 -25.25 25.25
    endloop
  endfacet
  facet normal 0 0 -1
    outer loop
      vertex 500.25 -25.25 0.25
      vertex 505.25 25.25 0.25
      vertex 505.25 -25.25 0.25
    endloop
  endfacet
  facet normal 0 0 -1
    outer loop
      vertex 500.25 -25.25 0.25
      vertex 500.25 -20.25 0.25
      vertex 505.25 25.25 0.25
    endloop
  endfacet
  facet normal -1 0 0
    outer loop
      vertex 500.25 -20.25 0.25
      vertex 500.25 -20.25 20.25
      vertex 500.25 20.25 0.25
    endloop
  endfacet
  facet normal 1 0 0
    outer loop
      vertex 505.25 -25.25 0.25
      vertex 505.25 25.25 0.25
      vertex 505.25 -25.25 25.25
    endloop
  endfacet
  facet normal 0 -1 0
    outer loop
      vertex 300.25 -25.25 20.25
      vertex 500.25 -25.25 0.25
      vertex 500.25 -25.25 20.25
    endloop
  endfacet
  facet normal 0 0 -1
    outer loop
      vertex 300.25 -20.25 20.25
      vertex 426.01447740241093 -10.300161921057239 20.25
      vertex 500.25 -20.25 20.25
    endloop
  endfacet
  facet normal 0 0 1
    outer loop
      vertex 500.25 -20.25 25.25
      vertex 375 -10.35 25.25
      vertex 373.98552259758907 -10.300161921057239 25.25
    endloop
  endfacet
  facet normal 0 0 1
    outer loop
      vertex 500.25 -20.25 25.25
      vertex 376.01447740241093 -10.300161921057239 25.25
      vertex 375 -10.35 25.25
    endloop
  endfacet
  facet normal 0 0 1
    outer loop
      vertex 500.25 -20.25 25.25
      vertex 377.0191848328669 -10.151127652173434 25.25
      vertex 376.01447740241093 -10.300161921057239 25.25
    endloop
  endfacet
  facet normal 0 -1 0
    outer loop
      vertex 300.25 -25.25 20.25
      vertex 500.25 -25.25 20.25
      vertex 500.25 -25.25 25.25
    endloop
  endfacet
  facet normal 0 0 1
    outer loop
      vertex 300.25 -20.25 25.25
      vertex 500.25 -25.25 25.25
      vertex 500.25 -20.25 25.25
    endloop
  endfacet
  facet normal 0 0 -1
    outer loop
      vertex 500.25 -20.25 20.25
      vertex 426.01447740241093 -10.300161921057239 20.25
      vertex 427.0191848328669 -10.151127652173434 20.25
    endloop
  endfacet
  facet normal 0 0 -1
    outer loop
      vertex 500.25 -20.25 20.25
      vertex 427.0191848328669 -10.151127652173434 20.25
      vertex 428.0044464095837 -9.904332474828362 20.25
    endloop
  endfacet
  facet normal 0 0 -1
    outer loop
      vertex 500.25 -20.25 20.25
      vertex 428.0044464095837 -9.904332474828362 20.25
      vertex 428.96077352497866 -9.562153161491818 20.25
    endloop
  endfacet
  facet normal 0 0 -1
    outer loop
      vertex 500.25 -20.25 20.25
      vertex 428.96077352497866 -9.562153161491818 20.25
      vertex 429.87895622614906 -9.127885086005474 20.25
    endloop
  endfacet
  facet normal 0 0 -1
    outer loop
      vertex 500.25 -20.25 20.25
      vertex 429.87895622614906 -9.127885086005474 20.25
      vertex 430.7501519117529 -8.605710487331343 20.25
    endloop
  endfacet
  facet normal 0 0 1
    outer loop
      vertex 500.25 -20.25 25.25
      vertex 425 -10.35 25.25
      vertex 377.0191848328669 -10.151127652173434 25.25
    endloop
  endfacet
  facet normal 0 0 1
    outer loop
      vertex 500.25 -20.25 25.25
      vertex 426.01447740241093 -10.300161921057239 25.25
      vertex 425 -10.35 25.25
    endloop
  endfacet
  facet normal 0 0 1
    outer loop
      vertex 500.25 -20.25 25.25
      vertex 427.0191848328669 -10.151127652173434 25.25
      vertex 426.01447740241093 -10.300161921057239 25.25
    endloop
  endfacet
  facet normal 0 0 -1
    outer loop
      vertex 421.03922647502134 -9.562153161491818 20.25
      vertex 421.9955535904163 -9.904332474828362 20.25
      vertex 378.96077352497866 -9.562153161491818 20.25
    endloop
  endfacet
  facet normal 0 0 -1
    outer loop
      vertex 421.9955535904163 -9.904332474828362 20.25
      vertex 422.9808151671331 -10.151127652173434 20.25
      vertex 378.0044464095837 -9.904332474828362 20.25
    endloop
  endfacet
  facet normal 0 0 -1
    outer loop
      vertex 420.12104377385094 -9.127885086005474 20.25
      vertex 421.03922647502134 -9.562153161491818 20.25
      vertex 379.87895622614906 -9.127885086005474 20.25
    endloop
  endfacet
  facet normal 0 0 -1
    outer loop
      vertex 419.2498480882471 -8.605710487331343 20.25
      vertex 420.12104377385094 -9.127885086005474 20.25
      vertex 380.7501519117529 -8.605710487331343 20.25
    endloop
  endfacet
  facet normal 0 0 -1
    outer loop
      vertex 418.4340295089063 -8.000658192304327 20.25
      vertex 419.2498480882471 -8.605710487331343 20.25
      vertex 381.5659704910937 -8.000658192304327 20.25
    endloop
  endfacet
  facet normal 0 0 -1
    outer loop
      vertex 383.00065819230434 -6.56597049109373 20.25
      vertex 416.99934180769566 -6.56597049109373 20.25
      vertex 417.6814448147192 -7.3185551852807675 20.25
    endloop
  endfacet
  facet normal 0 0 -1
    outer loop
      vertex 382.3185551852808 -7.3185551852807675 20.25
      vertex 417.6814448147192 -7.3185551852807675 20.25
      vertex 418.4340295089063 -8.000658192304327 20.25
    endloop
  endfacet
  facet normal 0.33688985339222766 0.941544065183018 0
    outer loop
      vertex 421.03922647502134 -9.562153161491818 20.25
      vertex 421.03922647502134 -9.562153161491818 25.25
      vertex 421.9955535904163 -9.904332474828362 20.25
    endloop
  endfacet
  facet normal 0.049067674327417814 0.9987954562051725 0
    outer loop
      vertex 423.98552259758907 -10.300161921057239 20.25
      vertex 423.98552259758907 -10.300161921057239 25.25
      vertex 425 -10.35 20.25
    endloop
  endfacet
  facet normal 0.24298017990326115 0.9700312531945448 0
    outer loop
      vertex 421.9955535904163 -9.904332474828362 20.25
      vertex 421.9955535904163 -9.904332474828362 25.25
      vertex 422.9808151671331 -10.151127652173434 20.25
    endloop
  endfacet
  facet normal 0.1467304744553608 0.989176509964781 0
    outer loop
      vertex 422.9808151671331 -10.151127652173434 20.25
      vertex 422.9808151671331 -10.151127652173434 25.25
      vertex 423.98552259758907 -10.300161921057239 20.25
    endloop
  endfacet
  facet normal -0.049067674327417814 0.9987954562051725 0
    outer loop
      vertex 425 -10.35 20.25
      vertex 425 -10.35 25.25
      vertex 426.01447740241093 -10.300161921057239 20.25
    endloop
  endfacet
  facet normal -0.1467304744553608 0.989176509964781 0
    outer loop
      vertex 426.01447740241093 -10.300161921057239 20.25
      vertex 426.01447740241093 -10.300161921057239 25.25
      vertex 427.0191848328669 -10.151127652173434 20.25
    endloop
  endfacet
  facet normal -0.24298017990326115 0.9700312531945448 0
    outer loop
      vertex 427.0191848328669 -10.151127652173434 20.25
      vertex 427.0191848328669 -10.151127652173434 25.25
      vertex 428.0044464095837 -9.904332474828362 20.25
    endloop
  endfacet
  facet normal -0.33688985339222766 0.941544065183018 0
    outer loop
      vertex 428.0044464095837 -9.904332474828362 20.25
      vertex 428.0044464095837 -9.904332474828362 25.25
      vertex 428.96077352497866 -9.562153161491818 20.25
    endloop
  endfacet
  facet normal 0.5956993044924435 0.8032075314806375 0
    outer loop
      vertex 418.4340295089063 -8.000658192304327 20.25
      vertex 418.4340295089063 -8.000658192304327 25.25
      vertex 419.2498480882471 -8.605710487331343 20.25
    endloop
  endfacet
  facet normal 0.5141027441932143 0.8577286100002764 0
    outer loop
      vertex 419.2498480882471 -8.605710487331343 20.25
      vertex 419.2498480882471 -8.605710487331343 25.25
      vertex 420.12104377385094 -9.127885086005474 20.25
    endloop
  endfacet
  facet normal 0.4275550934302832 0.9039892931234429 0
    outer loop
      vertex 420.12104377385094 -9.127885086005474 20.25
      vertex 420.12104377385094 -9.127885086005474 25.25
      vertex 421.03922647502134 -9.562153161491818 20.25
    endloop
  endfacet
  facet normal 0.6715589548469969 0.7409511253549785 0
    outer loop
      vertex 418.4340295089063 -8.000658192304327 20.25
      vertex 417.6814448147192 -7.3185551852807675 20.25
      vertex 417.6814448147192 -7.3185551852807675 25.25
    endloop
  endfacet
  facet normal 0.7409511253549618 0.6715589548470156 0
    outer loop
      vertex 417.6814448147192 -7.3185551852807675 20.25
      vertex 416.99934180769566 -6.56597049109373 20.25
      vertex 416.99934180769566 -6.56597049109373 25.25
    endloop
  endfacet
  facet normal 0 0 1
    outer loop
      vertex 377.0191848328669 -10.151127652173434 25.25
      vertex 425 -10.35 25.25
      vertex 423.98552259758907 -10.300161921057239 25.25
    endloop
  endfacet
  facet normal 0 0 1
    outer loop
      vertex 377.0191848328669 -10.151127652173434 25.25
      vertex 422.9808151671331 -10.151127652173434 25.25
      vertex 421.9955535904163 -9.904332474828362 25.25
    endloop
  endfacet
  facet normal 0 0 1
    outer loop
      vertex 378.0044464095837 -9.904332474828362 25.25
      vertex 421.9955535904163 -9.904332474828362 25.25
      vertex 421.03922647502134 -9.562153161491818 25.25
    endloop
  endfacet
  facet normal 0 0 1
    outer loop
      vertex 377.0191848328669 -10.151127652173434 25.25
      vertex 423.98552259758907 -10.300161921057239 25.25
      vertex 422.9808151671331 -10.151127652173434 25.25
    endloop
  endfacet
  facet normal 0 0 1
    outer loop
      vertex 378.96077352497866 -9.562153161491818 25.25
      vertex 421.03922647502134 -9.562153161491818 25.25
      vertex 420.12104377385094 -9.127885086005474 25.25
    endloop
  endfacet
  facet normal 0 0 1
    outer loop
      vertex 379.87895622614906 -9.127885086005474 25.25
      vertex 420.12104377385094 -9.127885086005474 25.25
      vertex 419.2498480882471 -8.605710487331343 25.25
    endloop
  endfacet
  facet normal 0 0 1
    outer loop
      vertex 380.7501519117529 -8.605710487331343 25.25
      vertex 419.2498480882471 -8.605710487331343 25.25
      vertex 418.4340295089063 -8.000658192304327 25.25
    endloop
  endfacet
  facet normal 0 0 1
    outer loop
      vertex 381.5659704910937 -8.000658192304327 25.25
      vertex 418.4340295089063 -8.000658192304327 25.25
      vertex 417.6814448147192 -7.3185551852807675 25.25
    endloop
  endfacet
  facet normal 0 0 1
    outer loop
      vertex 382.3185551852808 -7.3185551852807675 25.25
      vertex 417.6814448147192 -7.3185551852807675 25.25
      vertex 416.99934180769566 -6.56597049109373 25.25
    endloop
  endfacet
  facet normal 0.33688985339222766 0.941544065183018 0
    outer loop
      vertex 421.9955535904163 -9.904332474828362 20.25
      vertex 421.03922647502134 -9.562153161491818 25.25
      vertex 421.9955535904163 -9.904332474828362 25.25
    endloop
  endfacet
  facet normal 0.049067674327417814 0.9987954562051725 0
    outer loop
      vertex 425 -10.35 20.25
      vertex 423.98552259758907 -10.300161921057239 25.25
      vertex 425 -10.35 25.25
    endloop
  endfacet
  facet normal 0.24298017990326115 0.9700312531945448 0
    outer loop
      vertex 422.9808151671331 -10.151127652173434 20.25
      vertex 421.9955535904163 -9.904332474828362 25.25
      vertex 422.9808151671331 -10.151127652173434 25.25
    endloop
  endfacet
  facet normal 0.1467304744553608 0.989176509964781 0
    outer loop
      vertex 423.98552259758907 -10.300161921057239 20.25
      vertex 422.9808151671331 -10.151127652173434 25.25
      vertex 423.98552259758907 -10.300161921057239 25.25
    endloop
  endfacet
  facet normal -0.049067674327417814 0.9987954562051725 0
    outer loop
      vertex 426.01447740241093 -10.300161921057239 20.25
      vertex 425 -10.35 25.25
      vertex 426.01447740241093 -10.300161921057239 25.25
    endloop
  endfacet
  facet normal -0.1467304744553608 0.989176509964781 0
    outer loop
      vertex 427.0191848328669 -10.151127652173434 20.25
      vertex 426.01447740241093 -10.300161921057239 25.25
      vertex 427.0191848328669 -10.151127652173434 25.25
    endloop
  endfacet
  facet normal -0.24298017990326115 0.9700312531945448 0
    outer loop
      vertex 428.0044464095837 -9.904332474828362 20.25
      vertex 427.0191848328669 -10.151127652173434 25.25
      vertex 428.0044464095837 -9.904332474828362 25.25
    endloop
  endfacet
  facet normal 0.5141027441932143 0.8577286100002764 0
    outer loop
      vertex 420.12104377385094 -9.127885086005474 20.25
      vertex 419.2498480882471 -8.605710487331343 25.25
      vertex 420.12104377385094 -9.127885086005474 25.25
    endloop
  endfacet
  facet normal 0.4275550934302832 0.9039892931234429 0
    outer loop
      vertex 421.03922647502134 -9.562153161491818 20.25
      vertex 420.12104377385094 -9.127885086005474 25.25
      vertex 421.03922647502134 -9.562153161491818 25.25
    endloop
  endfacet
  facet normal 0.5956993044924435 0.8032075314806375 0
    outer loop
      vertex 419.2498480882471 -8.605710487331343 20.25
      vertex 418.4340295089063 -8.000658192304327 25.25
      vertex 419.2498480882471 -8.605710487331343 25.25
    endloop
  endfacet
  facet normal 0.6715589548469969 0.7409511253549785 0
    outer loop
      vertex 418.4340295089063 -8.000658192304327 20.25
      vertex 417.6814448147192 -7.3185551852807675 25.25
      vertex 418.4340295089063 -8.000658192304327 25.25
    endloop
  endfacet
  facet normal 0.7409511253549618 0.6715589548470156 0
    outer loop
      vertex 417.6814448147192 -7.3185551852807675 20.25
      vertex 416.99934180769566 -6.56597049109373 25.25
      vertex 417.6814448147192 -7.3185551852807675 25.25
    endloop
  endfacet
  facet normal 0 0 -1
    outer loop
      vertex 416.99934180769566 -6.56597049109373 20.25
      vertex 383.60571048733135 -5.750151911752883 20.25
      vertex 416.39428951266865 -5.750151911752883 20.25
    endloop
  endfacet
  facet normal 0 0 -1
    outer loop
      vertex 384.12788508600545 -4.878956226149075 20.25
      vertex 415.87211491399455 -4.878956226149075 20.25
      vertex 416.39428951266865 -5.750151911752883 20.25
    endloop
  endfacet
  facet normal 0 0 -1
    outer loop
      vertex 384.56215316149184 -3.9607735249786793 20.25
      vertex 415.43784683850816 -3.9607735249786793 20.25
      vertex 415.87211491399455 -4.878956226149075 20.25
    endloop
  endfacet
  facet normal 0.9415440651830208 0.33688985339222 0
    outer loop
      vertex 415.43784683850816 -3.9607735249786793 20.25
      vertex 415.0956675251716 -3.004446409583685 20.25
      vertex 415.0956675251716 -3.004446409583685 25.25
    endloop
  endfacet
  facet normal 0 0 -1
    outer loop
      vertex 415.43784683850816 -3.9607735249786793 20.25
      vertex 384.56215316149184 3.9607735249786793 20.25
      vertex 415.0956675251716 -3.004446409583685 20.25
    endloop
  endfacet
  facet normal 0 0 -1
    outer loop
      vertex 384.56215316149184 3.9607735249786793 20.25
      vertex 414.84887234782656 -2.0191848328669275 20.25
      vertex 415.0956675251716 -3.004446409583685 20.25
    endloop
  endfacet
  facet normal 0.9700312531945462 0.24298017990325496 0
    outer loop
      vertex 414.84887234782656 -2.0191848328669275 25.25
      vertex 415.0956675251716 -3.004446409583685 20.25
      vertex 414.84887234782656 -2.0191848328669275 20.25
    endloop
  endfacet
  facet normal 0.989176509964784 0.14673047445534124 0
    outer loop
      vertex 414.6998380789428 -1.0144774024109522 25.25
      vertex 414.84887234782656 -2.0191848328669275 20.25
      vertex 414.6998380789428 -1.0144774024109522 20.25
    endloop
  endfacet
  facet normal 0.9987954562051706 0.049067674327453493 0
    outer loop
      vertex 414.65 0 25.25
      vertex 414.6998380789428 -1.0144774024109522 20.25
      vertex 414.65 0 20.25
    endloop
  endfacet
  facet normal 0.8032075314806484 0.5956993044924286 0
    outer loop
      vertex 416.99934180769566 -6.56597049109373 20.25
      vertex 416.39428951266865 -5.750151911752883 20.25
      vertex 416.39428951266865 -5.750151911752883 25.25
    endloop
  endfacet
  facet normal 0.8577286100002864 0.5141027441931978 0
    outer loop
      vertex 416.39428951266865 -5.750151911752883 20.25
      vertex 415.87211491399455 -4.878956226149075 20.25
      vertex 415.87211491399455 -4.878956226149075 25.25
    endloop
  endfacet
  facet normal 0.9039892931234268 0.4275550934303169 0
    outer loop
      vertex 415.87211491399455 -4.878956226149075 20.25
      vertex 415.43784683850816 -3.9607735249786793 20.25
      vertex 415.43784683850816 -3.9607735249786793 25.25
    endloop
  endfacet
  facet normal 0.9415440651830208 0.33688985339222 0
    outer loop
      vertex 415.43784683850816 -3.9607735249786793 20.25
      vertex 415.0956675251716 -3.004446409583685 25.25
      vertex 415.43784683850816 -3.9607735249786793 25.25
    endloop
  endfacet
  facet normal 0 0 1
    outer loop
      vertex 383.00065819230434 -6.56597049109373 25.25
      vertex 416.99934180769566 -6.56597049109373 25.25
      vertex 416.39428951266865 -5.750151911752883 25.25
    endloop
  endfacet
  facet normal 0 0 1
    outer loop
      vertex 383.60571048733135 -5.750151911752883 25.25
      vertex 416.39428951266865 -5.750151911752883 25.25
      vertex 415.87211491399455 -4.878956226149075 25.25
    endloop
  endfacet
  facet normal 0 0 1
    outer loop
      vertex 384.12788508600545 -4.878956226149075 25.25
      vertex 415.87211491399455 -4.878956226149075 25.25
      vertex 415.43784683850816 -3.9607735249786793 25.25
    endloop
  endfacet
  facet normal 0 0 1
    outer loop
      vertex 384.56215316149184 -3.9607735249786793 25.25
      vertex 415.43784683850816 -3.9607735249786793 25.25
      vertex 415.0956675251716 -3.004446409583685 25.25
    endloop
  endfacet
  facet normal 0.9700312531945462 0.24298017990325496 0
    outer loop
      vertex 414.84887234782656 -2.0191848328669275 25.25
      vertex 415.0956675251716 -3.004446409583685 25.25
      vertex 415.0956675251716 -3.004446409583685 20.25
    endloop
  endfacet
  facet normal 0.989176509964784 0.14673047445534124 0
    outer loop
      vertex 414.6998380789428 -1.0144774024109522 25.25
      vertex 414.84887234782656 -2.0191848328669275 25.25
      vertex 414.84887234782656 -2.0191848328669275 20.25
    endloop
  endfacet
  facet normal 0.9987954562051706 0.049067674327453493 0
    outer loop
      vertex 414.65 0 25.25
      vertex 414.6998380789428 -1.0144774024109522 25.25
      vertex 414.6998380789428 -1.0144774024109522 20.25
    endloop
  endfacet
  facet normal 0 0 1
    outer loop
      vertex 384.56215316149184 -3.9607735249786793 25.25
      vertex 415.0956675251716 -3.004446409583685 25.25
      vertex 414.84887234782656 -2.0191848328669275 25.25
    endloop
  endfacet
  facet normal 0 0 1
    outer loop
      vertex 384.56215316149184 -3.9607735249786793 25.25
      vertex 414.84887234782656 -2.0191848328669275 25.25
      vertex 414.6998380789428 -1.0144774024109522 25.25
    endloop
  endfacet
  facet normal 0 0 1
    outer loop
      vertex 384.56215316149184 -3.9607735249786793 25.25
      vertex 414.6998380789428 -1.0144774024109522 25.25
      vertex 414.65 0 25.25
    endloop
  endfacet
  facet normal 0 0 1
    outer loop
      vertex 384.56215316149184 -3.9607735249786793 25.25
      vertex 414.65 0 25.25
      vertex 414.6998380789428 1.0144774024109522 25.25
    endloop
  endfacet
  facet normal 0 0 1
    outer loop
      vertex 384.56215316149184 -3.9607735249786793 25.25
      vertex 414.6998380789428 1.0144774024109522 25.25
      vertex 414.84887234782656 2.0191848328669275 25.25
    endloop
  endfacet
  facet normal 0.8032075314806484 0.5956993044924286 0
    outer loop
      vertex 416.99934180769566 -6.56597049109373 20.25
      vertex 416.39428951266865 -5.750151911752883 25.25
      vertex 416.99934180769566 -6.56597049109373 25.25
    endloop
  endfacet
  facet normal 0.8577286100002864 0.5141027441931978 0
    outer loop
      vertex 416.39428951266865 -5.750151911752883 20.25
      vertex 415.87211491399455 -4.878956226149075 25.25
      vertex 416.39428951266865 -5.750151911752883 25.25
    endloop
  endfacet
  facet normal 0.9039892931234268 0.4275550934303169 0
    outer loop
      vertex 415.87211491399455 -4.878956226149075 20.25
      vertex 415.43784683850816 -3.9607735249786793 25.25
      vertex 415.87211491399455 -4.878956226149075 25.25
    endloop
  endfacet
  facet normal -0.4275550934302832 0.9039892931234429 0
    outer loop
      vertex 428.96077352497866 -9.562153161491818 20.25
      vertex 428.96077352497866 -9.562153161491818 25.25
      vertex 429.87895622614906 -9.127885086005474 20.25
    endloop
  endfacet
  facet normal -0.5141027441932143 0.8577286100002764 0
    outer loop
      vertex 429.87895622614906 -9.127885086005474 20.25
      vertex 429.87895622614906 -9.127885086005474 25.25
      vertex 430.7501519117529 -8.605710487331343 20.25
    endloop
  endfacet
  facet normal -0.5956993044924435 0.8032075314806375 0
    outer loop
      vertex 430.7501519117529 -8.605710487331343 20.25
      vertex 430.7501519117529 -8.605710487331343 25.25
      vertex 431.5659704910937 -8.000658192304327 20.25
    endloop
  endfacet
  facet normal -0.6715589548469969 0.7409511253549785 0
    outer loop
      vertex 431.5659704910937 -8.000658192304327 20.25
      vertex 431.5659704910937 -8.000658192304327 25.25
      vertex 432.3185551852808 -7.3185551852807675 20.25
    endloop
  endfacet
  facet normal -0.7409511253549618 0.6715589548470156 0
    outer loop
      vertex 432.3185551852808 -7.3185551852807675 20.25
      vertex 432.3185551852808 -7.3185551852807675 25.25
      vertex 433.00065819230434 -6.56597049109373 20.25
    endloop
  endfacet
  facet normal -0.33688985339222766 0.941544065183018 0
    outer loop
      vertex 428.96077352497866 -9.562153161491818 20.25
      vertex 428.0044464095837 -9.904332474828362 25.25
      vertex 428.96077352497866 -9.562153161491818 25.25
    endloop
  endfacet
  facet normal -0.4275550934302832 0.9039892931234429 0
    outer loop
      vertex 429.87895622614906 -9.127885086005474 20.25
      vertex 428.96077352497866 -9.562153161491818 25.25
      vertex 429.87895622614906 -9.127885086005474 25.25
    endloop
  endfacet
  facet normal -0.5141027441932143 0.8577286100002764 0
    outer loop
      vertex 430.7501519117529 -8.605710487331343 20.25
      vertex 429.87895622614906 -9.127885086005474 25.25
      vertex 430.7501519117529 -8.605710487331343 25.25
    endloop
  endfacet
  facet normal -0.5956993044924435 0.8032075314806375 0
    outer loop
      vertex 431.5659704910937 -8.000658192304327 20.25
      vertex 430.7501519117529 -8.605710487331343 25.25
      vertex 431.5659704910937 -8.000658192304327 25.25
    endloop
  endfacet
  facet normal -0.6715589548469969 0.7409511253549785 0
    outer loop
      vertex 432.3185551852808 -7.3185551852807675 20.25
      vertex 431.5659704910937 -8.000658192304327 25.25
      vertex 432.3185551852808 -7.3185551852807675 25.25
    endloop
  endfacet
  facet normal -0.7409511253549618 0.6715589548470156 0
    outer loop
      vertex 433.00065819230434 -6.56597049109373 20.25
      vertex 432.3185551852808 -7.3185551852807675 25.25
      vertex 433.00065819230434 -6.56597049109373 25.25
    endloop
  endfacet
  facet normal 0 0 1
    outer loop
      vertex 428.0044464095837 -9.904332474828362 25.25
      vertex 427.0191848328669 -10.151127652173434 25.25
      vertex 471.9955535904163 -9.904332474828362 25.25
    endloop
  endfacet
  facet normal 0 0 1
    outer loop
      vertex 428.96077352497866 -9.562153161491818 25.25
      vertex 428.0044464095837 -9.904332474828362 25.25
      vertex 471.03922647502134 -9.562153161491818 25.25
    endloop
  endfacet
  facet normal 0 0 1
    outer loop
      vertex 429.87895622614906 -9.127885086005474 25.25
      vertex 428.96077352497866 -9.562153161491818 25.25
      vertex 470.12104377385094 -9.127885086005474 25.25
    endloop
  endfacet
  facet normal 0 0 1
    outer loop
      vertex 430.7501519117529 -8.605710487331343 25.25
      vertex 429.87895622614906 -9.127885086005474 25.25
      vertex 469.2498480882471 -8.605710487331343 25.25
    endloop
  endfacet
  facet normal 0 0 1
    outer loop
      vertex 431.5659704910937 -8.000658192304327 25.25
      vertex 430.7501519117529 -8.605710487331343 25.25
      vertex 468.4340295089063 -8.000658192304327 25.25
    endloop
  endfacet
  facet normal 0 0 1
    outer loop
      vertex 432.3185551852808 -7.3185551852807675 25.25
      vertex 431.5659704910937 -8.000658192304327 25.25
      vertex 467.6814448147192 -7.3185551852807675 25.25
    endloop
  endfacet
  facet normal 0 0 1
    outer loop
      vertex 432.3185551852808 -7.3185551852807675 25.25
      vertex 466.99934180769566 -6.56597049109373 25.25
      vertex 433.00065819230434 -6.56597049109373 25.25
    endloop
  endfacet
  facet normal -0.8032075314806484 0.5956993044924286 0
    outer loop
      vertex 433.00065819230434 -6.56597049109373 25.25
      vertex 433.60571048733135 -5.750151911752883 20.25
      vertex 433.00065819230434 -6.56597049109373 20.25
    endloop
  endfacet
  facet normal -0.8577286100002864 0.5141027441931978 0
    outer loop
      vertex 433.60571048733135 -5.750151911752883 25.25
      vertex 434.12788508600545 -4.878956226149075 20.25
      vertex 433.60571048733135 -5.750151911752883 20.25
    endloop
  endfacet
  facet normal -0.9039892931234268 0.4275550934303169 0
    outer loop
      vertex 434.12788508600545 -4.878956226149075 25.25
      vertex 434.56215316149184 -3.9607735249786793 20.25
      vertex 434.12788508600545 -4.878956226149075 20.25
    endloop
  endfacet
  facet normal -0.9415440651830208 0.33688985339222 0
    outer loop
      vertex 434.56215316149184 -3.9607735249786793 25.25
      vertex 434.9043324748284 -3.004446409583685 20.25
      vertex 434.56215316149184 -3.9607735249786793 20.25
    endloop
  endfacet
  facet normal -0.9700312531945462 0.24298017990325496 0
    outer loop
      vertex 434.9043324748284 -3.004446409583685 25.25
      vertex 435.15112765217344 -2.0191848328669275 20.25
      vertex 434.9043324748284 -3.004446409583685 20.25
    endloop
  endfacet
  facet normal -0.989176509964784 0.14673047445534124 0
    outer loop
      vertex 435.15112765217344 -2.0191848328669275 25.25
      vertex 435.3001619210572 -1.0144774024109522 20.25
      vertex 435.15112765217344 -2.0191848328669275 20.25
    endloop
  endfacet
  facet normal -0.9987954562051706 0.049067674327453493 0
    outer loop
      vertex 435.3001619210572 -1.0144774024109522 20.25
      vertex 435.3001619210572 -1.0144774024109522 25.25
      vertex 435.35 0 20.25
    endloop
  endfacet
  facet normal 0 0 -1
    outer loop
      vertex 433.60571048733135 -5.750151911752883 20.25
      vertex 466.99934180769566 -6.56597049109373 20.25
      vertex 433.00065819230434 -6.56597049109373 20.25
    endloop
  endfacet
  facet normal 0 0 -1
    outer loop
      vertex 434.12788508600545 -4.878956226149075 20.25
      vertex 466.39428951266865 -5.750151911752883 20.25
      vertex 433.60571048733135 -5.750151911752883 20.25
    endloop
  endfacet
  facet normal 0 0 -1
    outer loop
      vertex 434.56215316149184 -3.9607735249786793 20.25
      vertex 465.87211491399455 -4.878956226149075 20.25
      vertex 434.12788508600545 -4.878956226149075 20.25
    endloop
  endfacet
  facet normal 0 0 -1
    outer loop
      vertex 434.9043324748284 -3.004446409583685 20.25
      vertex 465.43784683850816 -3.9607735249786793 20.25
      vertex 434.56215316149184 -3.9607735249786793 20.25
    endloop
  endfacet
  facet normal 0 0 -1
    outer loop
      vertex 435.15112765217344 -2.0191848328669275 20.25
      vertex 465.0956675251716 -3.004446409583685 20.25
      vertex 434.9043324748284 -3.004446409583685 20.25
    endloop
  endfacet
  facet normal 0 0 -1
    outer loop
      vertex 435.3001619210572 -1.0144774024109522 20.25
      vertex 464.84887234782656 -2.0191848328669275 20.25
      vertex 435.15112765217344 -2.0191848328669275 20.25
    endloop
  endfacet
  facet normal 0 0 -1
    outer loop
      vertex 464.6998380789428 -1.0144774024109522 20.25
      vertex 435.3001619210572 -1.0144774024109522 20.25
      vertex 435.35 0 20.25
    endloop
  endfacet
  facet normal -0.8032075314806484 0.5956993044924286 0
    outer loop
      vertex 433.00065819230434 -6.56597049109373 25.25
      vertex 433.60571048733135 -5.750151911752883 25.25
      vertex 433.60571048733135 -5.750151911752883 20.25
    endloop
  endfacet
  facet normal -0.8577286100002864 0.5141027441931978 0
    outer loop
      vertex 433.60571048733135 -5.750151911752883 25.25
      vertex 434.12788508600545 -4.878956226149075 25.25
      vertex 434.12788508600545 -4.878956226149075 20.25
    endloop
  endfacet
  facet normal -0.9039892931234268 0.4275550934303169 0
    outer loop
      vertex 434.12788508600545 -4.878956226149075 25.25
      vertex 434.56215316149184 -3.9607735249786793 25.25
      vertex 434.56215316149184 -3.9607735249786793 20.25
    endloop
  endfacet
  facet normal -0.9415440651830208 0.33688985339222 0
    outer loop
      vertex 434.56215316149184 -3.9607735249786793 25.25
      vertex 434.9043324748284 -3.004446409583685 25.25
      vertex 434.9043324748284 -3.004446409583685 20.25
    endloop
  endfacet
  facet normal -0.9700312531945462 0.24298017990325496 0
    outer loop
      vertex 434.9043324748284 -3.004446409583685 25.25
      vertex 435.15112765217344 -2.0191848328669275 25.25
      vertex 435.15112765217344 -2.0191848328669275 20.25
    endloop
  endfacet
  facet normal -0.989176509964784 0.14673047445534124 0
    outer loop
      vertex 435.15112765217344 -2.0191848328669275 25.25
      vertex 435.3001619210572 -1.0144774024109522 25.25
      vertex 435.3001619210572 -1.0144774024109522 20.25
    endloop
  endfacet
  facet normal -0.9987954562051706 0.049067674327453493 0
    outer loop
      vertex 435.3001619210572 -1.0144774024109522 25.25
      vertex 435.35 0 25.25
      vertex 435.35 0 20.25
    endloop
  endfacet
  facet normal 0 0 1
    outer loop
      vertex 433.00065819230434 -6.56597049109373 25.25
      vertex 466.39428951266865 -5.750151911752883 25.25
      vertex 433.60571048733135 -5.750151911752883 25.25
    endloop
  endfacet
  facet normal 0 0 1
    outer loop
      vertex 433.60571048733135 -5.750151911752883 25.25
      vertex 465.87211491399455 -4.878956226149075 25.25
      vertex 434.12788508600545 -4.878956226149075 25.25
    endloop
  endfacet
  facet normal 0 0 1
    outer loop
      vertex 434.12788508600545 -4.878956226149075 25.25
      vertex 465.43784683850816 -3.9607735249786793 25.25
      vertex 434.56215316149184 -3.9607735249786793 25.25
    endloop
  endfacet
  facet normal 0 0 1
    outer loop
      vertex 434.56215316149184 -3.9607735249786793 25.25
      vertex 465.0956675251716 -3.004446409583685 25.25
      vertex 434.9043324748284 -3.004446409583685 25.25
    endloop
  endfacet
  facet normal 0 0 1
    outer loop
      vertex 434.9043324748284 -3.004446409583685 25.25
      vertex 464.84887234782656 -2.0191848328669275 25.25
      vertex 435.15112765217344 -2.0191848328669275 25.25
    endloop
  endfacet
  facet normal 0 0 1
    outer loop
      vertex 435.15112765217344 -2.0191848328669275 25.25
      vertex 464.6998380789428 -1.0144774024109522 25.25
      vertex 435.3001619210572 -1.0144774024109522 25.25
    endloop
  endfacet
  facet normal 0 0 1
    outer loop
      vertex 464.65 0 25.25
      vertex 435.35 0 25.25
      vertex 435.3001619210572 -1.0144774024109522 25.25
    endloop
  endfacet
  facet normal 0 -1 0
    outer loop
      vertex 500.25 -25.25 0.25
      vertex 505.25 -25.25 25.25
      vertex 500.25 -25.25 20.25
    endloop
  endfacet
  facet normal 0 0 1
    outer loop
      vertex 500.25 -20.25 25.25
      vertex 472.9808151671331 -10.151127652173434 25.25
      vertex 427.0191848328669 -10.151127652173434 25.25
    endloop
  endfacet
  facet normal 0 -1 0
    outer loop
      vertex 500.25 -25.25 20.25
      vertex 505.25 -25.25 25.25
      vertex 500.25 -25.25 25.25
    endloop
  endfacet
  facet normal 0 0 1
    outer loop
      vertex 500.25 -25.25 25.25
      vertex 505.25 -25.25 25.25
      vertex 500.25 -20.25 25.25
    endloop
  endfacet
  facet normal 0 0 -1
    outer loop
      vertex 500.25 -20.25 20.25
      vertex 471.9955535904163 -9.904332474828362 20.25
      vertex 472.9808151671331 -10.151127652173434 20.25
    endloop
  endfacet
  facet normal 0 0 -1
    outer loop
      vertex 500.25 -20.25 20.25
      vertex 472.9808151671331 -10.151127652173434 20.25
      vertex 473.98552259758907 -10.300161921057239 20.25
    endloop
  endfacet
  facet normal 0 0 -1
    outer loop
      vertex 500.25 -20.25 20.25
      vertex 471.03922647502134 -9.562153161491818 20.25
      vertex 471.9955535904163 -9.904332474828362 20.25
    endloop
  endfacet
  facet normal 0 0 -1
    outer loop
      vertex 500.25 -20.25 20.25
      vertex 473.98552259758907 -10.300161921057239 20.25
      vertex 475 -10.35 20.25
    endloop
  endfacet
  facet normal 0 0 -1
    outer loop
      vertex 500.25 -20.25 20.25
      vertex 475 -10.35 20.25
      vertex 476.01447740241093 -10.300161921057239 20.25
    endloop
  endfacet
  facet normal 0 0 -1
    outer loop
      vertex 500.25 -20.25 20.25
      vertex 476.01447740241093 -10.300161921057239 20.25
      vertex 477.0191848328669 -10.151127652173434 20.25
    endloop
  endfacet
  facet normal 0 0 -1
    outer loop
      vertex 500.25 -20.25 20.25
      vertex 477.0191848328669 -10.151127652173434 20.25
      vertex 478.0044464095837 -9.904332474828362 20.25
    endloop
  endfacet
  facet normal 0 0 -1
    outer loop
      vertex 500.25 -20.25 20.25
      vertex 478.0044464095837 -9.904332474828362 20.25
      vertex 478.96077352497866 -9.562153161491818 20.25
    endloop
  endfacet
  facet normal 0 0 -1
    outer loop
      vertex 500.25 -20.25 20.25
      vertex 478.96077352497866 -9.562153161491818 20.25
      vertex 479.87895622614906 -9.127885086005474 20.25
    endloop
  endfacet
  facet normal 0 0 -1
    outer loop
      vertex 500.25 -20.25 20.25
      vertex 479.87895622614906 -9.127885086005474 20.25
      vertex 480.7501519117529 -8.605710487331343 20.25
    endloop
  endfacet
  facet normal 0 0 1
    outer loop
      vertex 500.25 -20.25 25.25
      vertex 473.98552259758907 -10.300161921057239 25.25
      vertex 472.9808151671331 -10.151127652173434 25.25
    endloop
  endfacet
  facet normal 0 0 1
    outer loop
      vertex 500.25 -20.25 25.25
      vertex 475 -10.35 25.25
      vertex 473.98552259758907 -10.300161921057239 25.25
    endloop
  endfacet
  facet normal 0 0 1
    outer loop
      vertex 500.25 -20.25 25.25
      vertex 476.01447740241093 -10.300161921057239 25.25
      vertex 475 -10.35 25.25
    endloop
  endfacet
  facet normal 0 0 1
    outer loop
      vertex 500.25 -20.25 25.25
      vertex 477.0191848328669 -10.151127652173434 25.25
      vertex 476.01447740241093 -10.300161921057239 25.25
    endloop
  endfacet
  facet normal 0 0 1
    outer loop
      vertex 500.25 -20.25 25.25
      vertex 478.0044464095837 -9.904332474828362 25.25
      vertex 477.0191848328669 -10.151127652173434 25.25
    endloop
  endfacet
  facet normal 0 0 1
    outer loop
      vertex 500.25 -20.25 25.25
      vertex 478.96077352497866 -9.562153161491818 25.25
      vertex 478.0044464095837 -9.904332474828362 25.25
    endloop
  endfacet
  facet normal 0 0 1
    outer loop
      vertex 500.25 -20.25 25.25
      vertex 479.87895622614906 -9.127885086005474 25.25
      vertex 478.96077352497866 -9.562153161491818 25.25
    endloop
  endfacet
  facet normal 0 0 1
    outer loop
      vertex 500.25 -20.25 25.25
      vertex 480.7501519117529 -8.605710487331343 25.25
      vertex 479.87895622614906 -9.127885086005474 25.25
    endloop
  endfacet
  facet normal 0 0 -1
    outer loop
      vertex 500.25 -20.25 20.25
      vertex 430.7501519117529 -8.605710487331343 20.25
      vertex 431.5659704910937 -8.000658192304327 20.25
    endloop
  endfacet
  facet normal 0 0 -1
    outer loop
      vertex 500.25 -20.25 20.25
      vertex 431.5659704910937 -8.000658192304327 20.25
      vertex 432.3185551852808 -7.3185551852807675 20.25
    endloop
  endfacet
  facet normal 0 0 -1
    outer loop
      vertex 500.25 -20.25 20.25
      vertex 432.3185551852808 -7.3185551852807675 20.25
      vertex 433.00065819230434 -6.56597049109373 20.25
    endloop
  endfacet
  facet normal 0 0 -1
    outer loop
      vertex 433.00065819230434 -6.56597049109373 20.25
      vertex 470.12104377385094 -9.127885086005474 20.25
      vertex 471.03922647502134 -9.562153161491818 20.25
    endloop
  endfacet
  facet normal 0 0 -1
    outer loop
      vertex 433.00065819230434 -6.56597049109373 20.25
      vertex 469.2498480882471 -8.605710487331343 20.25
      vertex 470.12104377385094 -9.127885086005474 20.25
    endloop
  endfacet
  facet normal 0 0 -1
    outer loop
      vertex 433.00065819230434 -6.56597049109373 20.25
      vertex 468.4340295089063 -8.000658192304327 20.25
      vertex 469.2498480882471 -8.605710487331343 20.25
    endloop
  endfacet
  facet normal 0 0 -1
    outer loop
      vertex 433.00065819230434 -6.56597049109373 20.25
      vertex 467.6814448147192 -7.3185551852807675 20.25
      vertex 468.4340295089063 -8.000658192304327 20.25
    endloop
  endfacet
  facet normal 0 0 -1
    outer loop
      vertex 433.00065819230434 -6.56597049109373 20.25
      vertex 466.99934180769566 -6.56597049109373 20.25
      vertex 467.6814448147192 -7.3185551852807675 20.25
    endloop
  endfacet
  facet normal 0 0 -1
    outer loop
      vertex 500.25 -20.25 20.25
      vertex 433.00065819230434 -6.56597049109373 20.25
      vertex 471.03922647502134 -9.562153161491818 20.25
    endloop
  endfacet
  facet normal 0.33688985339222766 0.941544065183018 0
    outer loop
      vertex 471.03922647502134 -9.562153161491818 25.25
      vertex 471.9955535904163 -9.904332474828362 20.25
      vertex 471.03922647502134 -9.562153161491818 20.25
    endloop
  endfacet
  facet normal 0.24298017990326115 0.9700312531945448 0
    outer loop
      vertex 471.9955535904163 -9.904332474828362 25.25
      vertex 472.9808151671331 -10.151127652173434 20.25
      vertex 471.9955535904163 -9.904332474828362 20.25
    endloop
  endfacet
  facet normal 0.049067674327417814 0.9987954562051725 0
    outer loop
      vertex 473.98552259758907 -10.300161921057239 25.25
      vertex 475 -10.35 20.25
      vertex 473.98552259758907 -10.300161921057239 20.25
    endloop
  endfacet
  facet normal -0.049067674327417814 0.9987954562051725 0
    outer loop
      vertex 475 -10.35 25.25
      vertex 476.01447740241093 -10.300161921057239 20.25
      vertex 475 -10.35 20.25
    endloop
  endfacet
  facet normal 0.1467304744553608 0.989176509964781 0
    outer loop
      vertex 472.9808151671331 -10.151127652173434 25.25
      vertex 473.98552259758907 -10.300161921057239 20.25
      vertex 472.9808151671331 -10.151127652173434 20.25
    endloop
  endfacet
  facet normal -0.1467304744553608 0.989176509964781 0
    outer loop
      vertex 476.01447740241093 -10.300161921057239 25.25
      vertex 477.0191848328669 -10.151127652173434 20.25
      vertex 476.01447740241093 -10.300161921057239 20.25
    endloop
  endfacet
  facet normal -0.24298017990326115 0.9700312531945448 0
    outer loop
      vertex 477.0191848328669 -10.151127652173434 25.25
      vertex 478.0044464095837 -9.904332474828362 20.25
      vertex 477.0191848328669 -10.151127652173434 20.25
    endloop
  endfacet
  facet normal -0.33688985339222766 0.941544065183018 0
    outer loop
      vertex 478.0044464095837 -9.904332474828362 25.25
      vertex 478.96077352497866 -9.562153161491818 20.25
      vertex 478.0044464095837 -9.904332474828362 20.25
    endloop
  endfacet
  facet normal 0.5141027441932143 0.8577286100002764 0
    outer loop
      vertex 469.2498480882471 -8.605710487331343 25.25
      vertex 470.12104377385094 -9.127885086005474 20.25
      vertex 469.2498480882471 -8.605710487331343 20.25
    endloop
  endfacet
  facet normal 0.5956993044924435 0.8032075314806375 0
    outer loop
      vertex 468.4340295089063 -8.000658192304327 25.25
      vertex 469.2498480882471 -8.605710487331343 20.25
      vertex 468.4340295089063 -8.000658192304327 20.25
    endloop
  endfacet
  facet normal 0.4275550934302832 0.9039892931234429 0
    outer loop
      vertex 470.12104377385094 -9.127885086005474 25.25
      vertex 471.03922647502134 -9.562153161491818 20.25
      vertex 470.12104377385094 -9.127885086005474 20.25
    endloop
  endfacet
  facet normal 0.6715589548469969 0.7409511253549785 0
    outer loop
      vertex 468.4340295089063 -8.000658192304327 20.25
      vertex 467.6814448147192 -7.3185551852807675 20.25
      vertex 467.6814448147192 -7.3185551852807675 25.25
    endloop
  endfacet
  facet normal 0.7409511253549618 0.6715589548470156 0
    outer loop
      vertex 466.99934180769566 -6.56597049109373 25.25
      vertex 467.6814448147192 -7.3185551852807675 20.25
      vertex 466.99934180769566 -6.56597049109373 20.25
    endloop
  endfacet
  facet normal -0.4275550934302832 0.9039892931234429 0
    outer loop
      vertex 478.96077352497866 -9.562153161491818 25.25
      vertex 479.87895622614906 -9.127885086005474 20.25
      vertex 478.96077352497866 -9.562153161491818 20.25
    endloop
  endfacet
  facet normal 0 0 1
    outer loop
      vertex 428.0044464095837 -9.904332474828362 25.25
      vertex 471.9955535904163 -9.904332474828362 25.25
      vertex 471.03922647502134 -9.562153161491818 25.25
    endloop
  endfacet
  facet normal 0 0 1
    outer loop
      vertex 427.0191848328669 -10.151127652173434 25.25
      vertex 472.9808151671331 -10.151127652173434 25.25
      vertex 471.9955535904163 -9.904332474828362 25.25
    endloop
  endfacet
  facet normal 0 0 1
    outer loop
      vertex 428.96077352497866 -9.562153161491818 25.25
      vertex 471.03922647502134 -9.562153161491818 25.25
      vertex 470.12104377385094 -9.127885086005474 25.25
    endloop
  endfacet
  facet normal 0 0 1
    outer loop
      vertex 429.87895622614906 -9.127885086005474 25.25
      vertex 470.12104377385094 -9.127885086005474 25.25
      vertex 469.2498480882471 -8.605710487331343 25.25
    endloop
  endfacet
  facet normal 0 0 1
    outer loop
      vertex 430.7501519117529 -8.605710487331343 25.25
      vertex 469.2498480882471 -8.605710487331343 25.25
      vertex 468.4340295089063 -8.000658192304327 25.25
    endloop
  endfacet
  facet normal 0 0 1
    outer loop
      vertex 431.5659704910937 -8.000658192304327 25.25
      vertex 468.4340295089063 -8.000658192304327 25.25
      vertex 467.6814448147192 -7.3185551852807675 25.25
    endloop
  endfacet
  facet normal 0 0 1
    outer loop
      vertex 432.3185551852808 -7.3185551852807675 25.25
      vertex 467.6814448147192 -7.3185551852807675 25.25
      vertex 466.99934180769566 -6.56597049109373 25.25
    endloop
  endfacet
  facet normal 0.24298017990326115 0.9700312531945448 0
    outer loop
      vertex 472.9808151671331 -10.151127652173434 25.25
      vertex 472.9808151671331 -10.151127652173434 20.25
      vertex 471.9955535904163 -9.904332474828362 25.25
    endloop
  endfacet
  facet normal 0.33688985339222766 0.941544065183018 0
    outer loop
      vertex 471.9955535904163 -9.904332474828362 25.25
      vertex 471.9955535904163 -9.904332474828362 20.25
      vertex 471.03922647502134 -9.562153161491818 25.25
    endloop
  endfacet
  facet normal 0.049067674327417814 0.9987954562051725 0
    outer loop
      vertex 475 -10.35 25.25
      vertex 475 -10.35 20.25
      vertex 473.98552259758907 -10.300161921057239 25.25
    endloop
  endfacet
  facet normal -0.049067674327417814 0.9987954562051725 0
    outer loop
      vertex 476.01447740241093 -10.300161921057239 25.25
      vertex 476.01447740241093 -10.300161921057239 20.25
      vertex 475 -10.35 25.25
    endloop
  endfacet
  facet normal 0.1467304744553608 0.989176509964781 0
    outer loop
      vertex 473.98552259758907 -10.300161921057239 25.25
      vertex 473.98552259758907 -10.300161921057239 20.25
      vertex 472.9808151671331 -10.151127652173434 25.25
    endloop
  endfacet
  facet normal -0.1467304744553608 0.989176509964781 0
    outer loop
      vertex 477.0191848328669 -10.151127652173434 25.25
      vertex 477.0191848328669 -10.151127652173434 20.25
      vertex 476.01447740241093 -10.300161921057239 25.25
    endloop
  endfacet
  facet normal -0.24298017990326115 0.9700312531945448 0
    outer loop
      vertex 478.0044464095837 -9.904332474828362 25.25
      vertex 478.0044464095837 -9.904332474828362 20.25
      vertex 477.0191848328669 -10.151127652173434 25.25
    endloop
  endfacet
  facet normal -0.33688985339222766 0.941544065183018 0
    outer loop
      vertex 478.96077352497866 -9.562153161491818 25.25
      vertex 478.96077352497866 -9.562153161491818 20.25
      vertex 478.0044464095837 -9.904332474828362 25.25
    endloop
  endfacet
  facet normal 0.5141027441932143 0.8577286100002764 0
    outer loop
      vertex 470.12104377385094 -9.127885086005474 25.25
      vertex 470.12104377385094 -9.127885086005474 20.25
      vertex 469.2498480882471 -8.605710487331343 25.25
    endloop
  endfacet
  facet normal 0.5956993044924435 0.8032075314806375 0
    outer loop
      vertex 469.2498480882471 -8.605710487331343 25.25
      vertex 469.2498480882471 -8.605710487331343 20.25
      vertex 468.4340295089063 -8.000658192304327 25.25
    endloop
  endfacet
  facet normal 0.4275550934302832 0.9039892931234429 0
    outer loop
      vertex 471.03922647502134 -9.562153161491818 25.25
      vertex 471.03922647502134 -9.562153161491818 20.25
      vertex 470.12104377385094 -9.127885086005474 25.25
    endloop
  endfacet
  facet normal 0.6715589548469969 0.7409511253549785 0
    outer loop
      vertex 468.4340295089063 -8.000658192304327 25.25
      vertex 468.4340295089063 -8.000658192304327 20.25
      vertex 467.6814448147192 -7.3185551852807675 25.25
    endloop
  endfacet
  facet normal 0.7409511253549618 0.6715589548470156 0
    outer loop
      vertex 466.99934180769566 -6.56597049109373 25.25
      vertex 467.6814448147192 -7.3185551852807675 25.25
      vertex 467.6814448147192 -7.3185551852807675 20.25
    endloop
  endfacet
  facet normal -0.4275550934302832 0.9039892931234429 0
    outer loop
      vertex 479.87895622614906 -9.127885086005474 25.25
      vertex 479.87895622614906 -9.127885086005474 20.25
      vertex 478.96077352497866 -9.562153161491818 25.25
    endloop
  endfacet
  facet normal 0 0 -1
    outer loop
      vertex 466.99934180769566 -6.56597049109373 20.25
      vertex 433.60571048733135 -5.750151911752883 20.25
      vertex 466.39428951266865 -5.750151911752883 20.25
    endloop
  endfacet
  facet normal 0 0 -1
    outer loop
      vertex 434.12788508600545 -4.878956226149075 20.25
      vertex 465.87211491399455 -4.878956226149075 20.25
      vertex 466.39428951266865 -5.750151911752883 20.25
    endloop
  endfacet
  facet normal 0 0 -1
    outer loop
      vertex 434.56215316149184 -3.9607735249786793 20.25
      vertex 465.43784683850816 -3.9607735249786793 20.25
      vertex 465.87211491399455 -4.878956226149075 20.25
    endloop
  endfacet
  facet normal 0 0 -1
    outer loop
      vertex 465.43784683850816 -3.9607735249786793 20.25
      vertex 434.9043324748284 -3.004446409583685 20.25
      vertex 465.0956675251716 -3.004446409583685 20.25
    endloop
  endfacet
  facet normal 0.8032075314806484 0.5956993044924286 0
    outer loop
      vertex 466.39428951266865 -5.750151911752883 25.25
      vertex 466.99934180769566 -6.56597049109373 20.25
      vertex 466.39428951266865 -5.750151911752883 20.25
    endloop
  endfacet
  facet normal 0.8577286100002864 0.5141027441931978 0
    outer loop
      vertex 465.87211491399455 -4.878956226149075 25.25
      vertex 466.39428951266865 -5.750151911752883 20.25
      vertex 465.87211491399455 -4.878956226149075 20.25
    endloop
  endfacet
  facet normal 0.9039892931234268 0.4275550934303169 0
    outer loop
      vertex 465.43784683850816 -3.9607735249786793 25.25
      vertex 465.87211491399455 -4.878956226149075 20.25
      vertex 465.43784683850816 -3.9607735249786793 20.25
    endloop
  endfacet
  facet normal 0.9415440651830208 0.33688985339222 0
    outer loop
      vertex 465.0956675251716 -3.004446409583685 25.25
      vertex 465.43784683850816 -3.9607735249786793 20.25
      vertex 465.0956675251716 -3.004446409583685 20.25
    endloop
  endfacet
  facet normal 0 0 -1
    outer loop
      vertex 435.15112765217344 -2.0191848328669275 20.25
      vertex 464.84887234782656 -2.0191848328669275 20.25
      vertex 465.0956675251716 -3.004446409583685 20.25
    endloop
  endfacet
  facet normal 0 0 -1
    outer loop
      vertex 464.84887234782656 -2.0191848328669275 20.25
      vertex 435.3001619210572 -1.0144774024109522 20.25
      vertex 464.6998380789428 -1.0144774024109522 20.25
    endloop
  endfacet
  facet normal 0 0 -1
    outer loop
      vertex 464.6998380789428 -1.0144774024109522 20.25
      vertex 435.35 0 20.25
      vertex 464.65 0 20.25
    endloop
  endfacet
  facet normal 0.9700312531945462 0.24298017990325496 0
    outer loop
      vertex 464.84887234782656 -2.0191848328669275 25.25
      vertex 465.0956675251716 -3.004446409583685 20.25
      vertex 464.84887234782656 -2.0191848328669275 20.25
    endloop
  endfacet
  facet normal 0.989176509964784 0.14673047445534124 0
    outer loop
      vertex 464.6998380789428 -1.0144774024109522 25.25
      vertex 464.84887234782656 -2.0191848328669275 20.25
      vertex 464.6998380789428 -1.0144774024109522 20.25
    endloop
  endfacet
  facet normal 0.9987954562051706 0.049067674327453493 0
    outer loop
      vertex 464.65 0 25.25
      vertex 464.6998380789428 -1.0144774024109522 20.25
      vertex 464.65 0 20.25
    endloop
  endfacet
  facet normal 0.8032075314806484 0.5956993044924286 0
    outer loop
      vertex 466.39428951266865 -5.750151911752883 25.25
      vertex 466.99934180769566 -6.56597049109373 25.25
      vertex 466.99934180769566 -6.56597049109373 20.25
    endloop
  endfacet
  facet normal 0.8577286100002864 0.5141027441931978 0
    outer loop
      vertex 465.87211491399455 -4.878956226149075 25.25
      vertex 466.39428951266865 -5.750151911752883 25.25
      vertex 466.39428951266865 -5.750151911752883 20.25
    endloop
  endfacet
  facet normal 0.9039892931234268 0.4275550934303169 0
    outer loop
      vertex 465.43784683850816 -3.9607735249786793 25.25
      vertex 465.87211491399455 -4.878956226149075 25.25
      vertex 465.87211491399455 -4.878956226149075 20.25
    endloop
  endfacet
  facet normal 0.9415440651830208 0.33688985339222 0
    outer loop
      vertex 465.0956675251716 -3.004446409583685 25.25
      vertex 465.43784683850816 -3.9607735249786793 25.25
      vertex 465.43784683850816 -3.9607735249786793 20.25
    endloop
  endfacet
  facet normal 0 0 1
    outer loop
      vertex 433.00065819230434 -6.56597049109373 25.25
      vertex 466.99934180769566 -6.56597049109373 25.25
      vertex 466.39428951266865 -5.750151911752883 25.25
    endloop
  endfacet
  facet normal 0 0 1
    outer loop
      vertex 433.60571048733135 -5.750151911752883 25.25
      vertex 466.39428951266865 -5.750151911752883 25.25
      vertex 465.87211491399455 -4.878956226149075 25.25
    endloop
  endfacet
  facet normal 0 0 1
    outer loop
      vertex 434.12788508600545 -4.878956226149075 25.25
      vertex 465.87211491399455 -4.878956226149075 25.25
      vertex 465.43784683850816 -3.9607735249786793 25.25
    endloop
  endfacet
  facet normal 0 0 1
    outer loop
      vertex 434.56215316149184 -3.9607735249786793 25.25
      vertex 465.43784683850816 -3.9607735249786793 25.25
      vertex 465.0956675251716 -3.004446409583685 25.25
    endloop
  endfacet
  facet normal 0.9700312531945462 0.24298017990325496 0
    outer loop
      vertex 464.84887234782656 -2.0191848328669275 25.25
      vertex 465.0956675251716 -3.004446409583685 25.25
      vertex 465.0956675251716 -3.004446409583685 20.25
    endloop
  endfacet
  facet normal 0.989176509964784 0.14673047445534124 0
    outer loop
      vertex 464.6998380789428 -1.0144774024109522 25.25
      vertex 464.84887234782656 -2.0191848328669275 25.25
      vertex 464.84887234782656 -2.0191848328669275 20.25
    endloop
  endfacet
  facet normal 0.9987954562051706 0.049067674327453493 0
    outer loop
      vertex 464.65 0 25.25
      vertex 464.6998380789428 -1.0144774024109522 25.25
      vertex 464.6998380789428 -1.0144774024109522 20.25
    endloop
  endfacet
  facet normal 0 0 1
    outer loop
      vertex 434.9043324748284 -3.004446409583685 25.25
      vertex 465.0956675251716 -3.004446409583685 25.25
      vertex 464.84887234782656 -2.0191848328669275 25.25
    endloop
  endfacet
  facet normal 0 0 1
    outer loop
      vertex 435.15112765217344 -2.0191848328669275 25.25
      vertex 464.84887234782656 -2.0191848328669275 25.25
      vertex 464.6998380789428 -1.0144774024109522 25.25
    endloop
  endfacet
  facet normal 0 0 1
    outer loop
      vertex 464.65 0 25.25
      vertex 435.3001619210572 -1.0144774024109522 25.25
      vertex 464.6998380789428 -1.0144774024109522 25.25
    endloop
  endfacet
  facet normal 0 0 -1
    outer loop
      vertex 500.25 -20.25 20.25
      vertex 480.7501519117529 -8.605710487331343 20.25
      vertex 481.5659704910937 -8.000658192304327 20.25
    endloop
  endfacet
  facet normal 0 0 -1
    outer loop
      vertex 500.25 -20.25 20.25
      vertex 481.5659704910937 -8.000658192304327 20.25
      vertex 482.3185551852808 -7.3185551852807675 20.25
    endloop
  endfacet
  facet normal 0 0 -1
    outer loop
      vertex 500.25 -20.25 20.25
      vertex 482.3185551852808 -7.3185551852807675 20.25
      vertex 483.00065819230434 -6.56597049109373 20.25
    endloop
  endfacet
  facet normal 0 0 -1
    outer loop
      vertex 500.25 -20.25 20.25
      vertex 483.00065819230434 -6.56597049109373 20.25
      vertex 483.60571048733135 -5.750151911752883 20.25
    endloop
  endfacet
  facet normal 0 0 -1
    outer loop
      vertex 500.25 -20.25 20.25
      vertex 483.60571048733135 -5.750151911752883 20.25
      vertex 484.12788508600545 -4.878956226149075 20.25
    endloop
  endfacet
  facet normal 0 0 -1
    outer loop
      vertex 500.25 -20.25 20.25
      vertex 484.12788508600545 -4.878956226149075 20.25
      vertex 484.56215316149184 -3.9607735249786793 20.25
    endloop
  endfacet
  facet normal 0 0 -1
    outer loop
      vertex 500.25 -20.25 20.25
      vertex 484.56215316149184 -3.9607735249786793 20.25
      vertex 484.9043324748284 -3.004446409583685 20.25
    endloop
  endfacet
  facet normal -0.5141027441932143 0.8577286100002764 0
    outer loop
      vertex 479.87895622614906 -9.127885086005474 25.25
      vertex 480.7501519117529 -8.605710487331343 20.25
      vertex 479.87895622614906 -9.127885086005474 20.25
    endloop
  endfacet
  facet normal -0.5956993044924435 0.8032075314806375 0
    outer loop
      vertex 480.7501519117529 -8.605710487331343 25.25
      vertex 481.5659704910937 -8.000658192304327 20.25
      vertex 480.7501519117529 -8.605710487331343 20.25
    endloop
  endfacet
  facet normal -0.6715589548469969 0.7409511253549785 0
    outer loop
      vertex 481.5659704910937 -8.000658192304327 25.25
      vertex 482.3185551852808 -7.3185551852807675 20.25
      vertex 481.5659704910937 -8.000658192304327 20.25
    endloop
  endfacet
  facet normal -0.7409511253549618 0.6715589548470156 0
    outer loop
      vertex 482.3185551852808 -7.3185551852807675 20.25
      vertex 482.3185551852808 -7.3185551852807675 25.25
      vertex 483.00065819230434 -6.56597049109373 20.25
    endloop
  endfacet
  facet normal 0 0 1
    outer loop
      vertex 500.25 -20.25 25.25
      vertex 481.5659704910937 -8.000658192304327 25.25
      vertex 480.7501519117529 -8.605710487331343 25.25
    endloop
  endfacet
  facet normal 0 0 1
    outer loop
      vertex 500.25 -20.25 25.25
      vertex 482.3185551852808 -7.3185551852807675 25.25
      vertex 481.5659704910937 -8.000658192304327 25.25
    endloop
  endfacet
  facet normal 0 0 1
    outer loop
      vertex 500.25 -20.25 25.25
      vertex 483.00065819230434 -6.56597049109373 25.25
      vertex 482.3185551852808 -7.3185551852807675 25.25
    endloop
  endfacet
  facet normal 0 0 1
    outer loop
      vertex 500.25 -20.25 25.25
      vertex 483.60571048733135 -5.750151911752883 25.25
      vertex 483.00065819230434 -6.56597049109373 25.25
    endloop
  endfacet
  facet normal 0 0 1
    outer loop
      vertex 500.25 -20.25 25.25
      vertex 484.12788508600545 -4.878956226149075 25.25
      vertex 483.60571048733135 -5.750151911752883 25.25
    endloop
  endfacet
  facet normal 0 0 1
    outer loop
      vertex 500.25 -20.25 25.25
      vertex 484.56215316149184 -3.9607735249786793 25.25
      vertex 484.12788508600545 -4.878956226149075 25.25
    endloop
  endfacet
  facet normal -0.5141027441932143 0.8577286100002764 0
    outer loop
      vertex 480.7501519117529 -8.605710487331343 25.25
      vertex 480.7501519117529 -8.605710487331343 20.25
      vertex 479.87895622614906 -9.127885086005474 25.25
    endloop
  endfacet
  facet normal -0.5956993044924435 0.8032075314806375 0
    outer loop
      vertex 481.5659704910937 -8.000658192304327 25.25
      vertex 481.5659704910937 -8.000658192304327 20.25
      vertex 480.7501519117529 -8.605710487331343 25.25
    endloop
  endfacet
  facet normal -0.6715589548469969 0.7409511253549785 0
    outer loop
      vertex 482.3185551852808 -7.3185551852807675 25.25
      vertex 482.3185551852808 -7.3185551852807675 20.25
      vertex 481.5659704910937 -8.000658192304327 25.25
    endloop
  endfacet
  facet normal -0.7409511253549618 0.6715589548470156 0
    outer loop
      vertex 482.3185551852808 -7.3185551852807675 25.25
      vertex 483.00065819230434 -6.56597049109373 25.25
      vertex 483.00065819230434 -6.56597049109373 20.25
    endloop
  endfacet
  facet normal 0 0 1
    outer loop
      vertex 500.25 -20.25 25.25
      vertex 484.9043324748284 -3.004446409583685 25.25
      vertex 484.56215316149184 -3.9607735249786793 25.25
    endloop
  endfacet
  facet normal 0 0 1
    outer loop
      vertex 500.25 -20.25 25.25
      vertex 485.15112765217344 -2.0191848328669275 25.25
      vertex 484.9043324748284 -3.004446409583685 25.25
    endloop
  endfacet
  facet normal 0 0 1
    outer loop
      vertex 500.25 -20.25 25.25
      vertex 485.3001619210572 -1.0144774024109522 25.25
      vertex 485.15112765217344 -2.0191848328669275 25.25
    endloop
  endfacet
  facet normal 0 0 1
    outer loop
      vertex 500.25 -20.25 25.25
      vertex 485.35 0 25.25
      vertex 485.3001619210572 -1.0144774024109522 25.25
    endloop
  endfacet
  facet normal 0 0 1
    outer loop
      vertex 505.25 -25.25 25.25
      vertex 500.25 20.25 25.25
      vertex 500.25 -20.25 25.25
    endloop
  endfacet
  facet normal -0.8032075314806484 0.5956993044924286 0
    outer loop
      vertex 483.00065819230434 -6.56597049109373 25.25
      vertex 483.60571048733135 -5.750151911752883 20.25
      vertex 483.00065819230434 -6.56597049109373 20.25
    endloop
  endfacet
  facet normal -0.8577286100002864 0.5141027441931978 0
    outer loop
      vertex 483.60571048733135 -5.750151911752883 25.25
      vertex 484.12788508600545 -4.878956226149075 20.25
      vertex 483.60571048733135 -5.750151911752883 20.25
    endloop
  endfacet
  facet normal -0.9039892931234268 0.4275550934303169 0
    outer loop
      vertex 484.12788508600545 -4.878956226149075 25.25
      vertex 484.56215316149184 -3.9607735249786793 20.25
      vertex 484.12788508600545 -4.878956226149075 20.25
    endloop
  endfacet
  facet normal -0.9415440651830208 0.33688985339222 0
    outer loop
      vertex 484.56215316149184 -3.9607735249786793 25.25
      vertex 484.9043324748284 -3.004446409583685 20.25
      vertex 484.56215316149184 -3.9607735249786793 20.25
    endloop
  endfacet
  facet normal -0.9700312531945462 0.24298017990325496 0
    outer loop
      vertex 484.9043324748284 -3.004446409583685 25.25
      vertex 485.15112765217344 -2.0191848328669275 20.25
      vertex 484.9043324748284 -3.004446409583685 20.25
    endloop
  endfacet
  facet normal -0.989176509964784 0.14673047445534124 0
    outer loop
      vertex 485.15112765217344 -2.0191848328669275 25.25
      vertex 485.3001619210572 -1.0144774024109522 20.25
      vertex 485.15112765217344 -2.0191848328669275 20.25
    endloop
  endfacet
  facet normal -0.9987954562051706 0.049067674327453493 0
    outer loop
      vertex 485.3001619210572 -1.0144774024109522 20.25
      vertex 485.3001619210572 -1.0144774024109522 25.25
      vertex 485.35 0 20.25
    endloop
  endfacet
  facet normal 0 0 -1
    outer loop
      vertex 500.25 -20.25 20.25
      vertex 484.9043324748284 -3.004446409583685 20.25
      vertex 500.25 20.25 20.25
    endloop
  endfacet
  facet normal -0.8032075314806484 0.5956993044924286 0
    outer loop
      vertex 483.00065819230434 -6.56597049109373 25.25
      vertex 483.60571048733135 -5.750151911752883 25.25
      vertex 483.60571048733135 -5.750151911752883 20.25
    endloop
  endfacet
  facet normal -0.8577286100002864 0.5141027441931978 0
    outer loop
      vertex 483.60571048733135 -5.750151911752883 25.25
      vertex 484.12788508600545 -4.878956226149075 25.25
      vertex 484.12788508600545 -4.878956226149075 20.25
    endloop
  endfacet
  facet normal -0.9039892931234268 0.4275550934303169 0
    outer loop
      vertex 484.12788508600545 -4.878956226149075 25.25
      vertex 484.56215316149184 -3.9607735249786793 25.25
      vertex 484.56215316149184 -3.9607735249786793 20.25
    endloop
  endfacet
  facet normal -0.9415440651830208 0.33688985339222 0
    outer loop
      vertex 484.56215316149184 -3.9607735249786793 25.25
      vertex 484.9043324748284 -3.004446409583685 25.25
      vertex 484.9043324748284 -3.004446409583685 20.25
    endloop
  endfacet
  facet normal -0.9700312531945462 0.24298017990325496 0
    outer loop
      vertex 484.9043324748284 -3.004446409583685 25.25
      vertex 485.15112765217344 -2.0191848328669275 25.25
      vertex 485.15112765217344 -2.0191848328669275 20.25
    endloop
  endfacet
  facet normal -0.989176509964784 0.14673047445534124 0
    outer loop
      vertex 485.15112765217344 -2.0191848328669275 25.25
      vertex 485.3001619210572 -1.0144774024109522 25.25
      vertex 485.3001619210572 -1.0144774024109522 20.25
    endloop
  endfacet
  facet normal -0.9987954562051706 0.049067674327453493 0
    outer loop
      vertex 485.3001619210572 -1.0144774024109522 25.25
      vertex 485.35 0 25.25
      vertex 485.35 0 20.25
    endloop
  endfacet
  facet normal 0 0 -1
    outer loop
      vertex 300.25 20.25 0.25
      vertex 500.25 25.25 0.25
      vertex 500.25 20.25 0.25
    endloop
  endfacet
  facet normal 0 1 0
    outer loop
      vertex 300.25 25.25 0.25
      vertex 500.25 25.25 20.25
      vertex 500.25 25.25 0.25
    endloop
  endfacet
  facet normal 0 0 -1
    outer loop
      vertex 500.25 -20.25 0.25
      vertex 500.25 20.25 0.25
      vertex 505.25 25.25 0.25
    endloop
  endfacet
  facet normal 0 0 -1
    outer loop
      vertex 500.25 20.25 0.25
      vertex 500.25 25.25 0.25
      vertex 505.25 25.25 0.25
    endloop
  endfacet
  facet normal 0 1 0
    outer loop
      vertex 500.25 25.25 0.25
      vertex 500.25 25.25 20.25
      vertex 505.25 25.25 0.25
    endloop
  endfacet
  facet normal 0 0 -1
    outer loop
      vertex 384.56215316149184 3.9607735249786793 20.25
      vertex 414.6998380789428 -1.0144774024109522 20.25
      vertex 414.84887234782656 -2.0191848328669275 20.25
    endloop
  endfacet
  facet normal 0 0 -1
    outer loop
      vertex 384.56215316149184 3.9607735249786793 20.25
      vertex 414.65 0 20.25
      vertex 414.6998380789428 -1.0144774024109522 20.25
    endloop
  endfacet
  facet normal 0 0 -1
    outer loop
      vertex 384.56215316149184 3.9607735249786793 20.25
      vertex 414.6998380789428 1.0144774024109522 20.25
      vertex 414.65 0 20.25
    endloop
  endfacet
  facet normal 0 0 -1
    outer loop
      vertex 384.56215316149184 3.9607735249786793 20.25
      vertex 414.84887234782656 2.0191848328669275 20.25
      vertex 414.6998380789428 1.0144774024109522 20.25
    endloop
  endfacet
  facet normal 0 0 -1
    outer loop
      vertex 384.56215316149184 3.9607735249786793 20.25
      vertex 415.0956675251716 3.004446409583685 20.25
      vertex 414.84887234782656 2.0191848328669275 20.25
    endloop
  endfacet
  facet normal 0.9987954562051706 -0.049067674327453493 0
    outer loop
      vertex 414.6998380789428 1.0144774024109522 25.25
      vertex 414.65 0 20.25
      vertex 414.6998380789428 1.0144774024109522 20.25
    endloop
  endfacet
  facet normal 0.989176509964784 -0.14673047445534124 0
    outer loop
      vertex 414.84887234782656 2.0191848328669275 25.25
      vertex 414.6998380789428 1.0144774024109522 20.25
      vertex 414.84887234782656 2.0191848328669275 20.25
    endloop
  endfacet
  facet normal 0.9700312531945462 -0.24298017990325496 0
    outer loop
      vertex 415.0956675251716 3.004446409583685 25.25
      vertex 414.84887234782656 2.0191848328669275 20.25
      vertex 415.0956675251716 3.004446409583685 20.25
    endloop
  endfacet
  facet normal 0 0 -1
    outer loop
      vertex 384.56215316149184 3.9607735249786793 20.25
      vertex 415.43784683850816 3.9607735249786793 20.25
      vertex 415.0956675251716 3.004446409583685 20.25
    endloop
  endfacet
  facet normal 0 0 -1
    outer loop
      vertex 384.12788508600545 4.878956226149075 20.25
      vertex 415.87211491399455 4.878956226149075 20.25
      vertex 415.43784683850816 3.9607735249786793 20.25
    endloop
  endfacet
  facet normal 0 0 -1
    outer loop
      vertex 383.60571048733135 5.750151911752883 20.25
      vertex 416.39428951266865 5.750151911752883 20.25
      vertex 415.87211491399455 4.878956226149075 20.25
    endloop
  endfacet
  facet normal 0 0 -1
    outer loop
      vertex 383.00065819230434 6.56597049109373 20.25
      vertex 416.99934180769566 6.56597049109373 20.25
      vertex 416.39428951266865 5.750151911752883 20.25
    endloop
  endfacet
  facet normal 0.9415440651830208 -0.33688985339222 0
    outer loop
      vertex 415.43784683850816 3.9607735249786793 25.25
      vertex 415.0956675251716 3.004446409583685 20.25
      vertex 415.43784683850816 3.9607735249786793 20.25
    endloop
  endfacet
  facet normal 0.9039892931234268 -0.4275550934303169 0
    outer loop
      vertex 415.87211491399455 4.878956226149075 25.25
      vertex 415.43784683850816 3.9607735249786793 20.25
      vertex 415.87211491399455 4.878956226149075 20.25
    endloop
  endfacet
  facet normal 0.8577286100002864 -0.5141027441931978 0
    outer loop
      vertex 416.39428951266865 5.750151911752883 25.25
      vertex 415.87211491399455 4.878956226149075 20.25
      vertex 416.39428951266865 5.750151911752883 20.25
    endloop
  endfacet
  facet normal 0.8032075314806484 -0.5956993044924286 0
    outer loop
      vertex 416.99934180769566 6.56597049109373 25.25
      vertex 416.39428951266865 5.750151911752883 20.25
      vertex 416.99934180769566 6.56597049109373 20.25
    endloop
  endfacet
  facet normal 0.9987954562051706 -0.049067674327453493 0
    outer loop
      vertex 414.6998380789428 1.0144774024109522 25.25
      vertex 414.65 0 25.25
      vertex 414.65 0 20.25
    endloop
  endfacet
  facet normal 0.989176509964784 -0.14673047445534124 0
    outer loop
      vertex 414.84887234782656 2.0191848328669275 25.25
      vertex 414.6998380789428 1.0144774024109522 25.25
      vertex 414.6998380789428 1.0144774024109522 20.25
    endloop
  endfacet
  facet normal 0.9700312531945462 -0.24298017990325496 0
    outer loop
      vertex 415.0956675251716 3.004446409583685 25.25
      vertex 414.84887234782656 2.0191848328669275 25.25
      vertex 414.84887234782656 2.0191848328669275 20.25
    endloop
  endfacet
  facet normal 0 0 1
    outer loop
      vertex 384.56215316149184 -3.9607735249786793 25.25
      vertex 414.84887234782656 2.0191848328669275 25.25
      vertex 415.0956675251716 3.004446409583685 25.25
    endloop
  endfacet
  facet normal 0 0 1
    outer loop
      vertex 384.56215316149184 -3.9607735249786793 25.25
      vertex 415.0956675251716 3.004446409583685 25.25
      vertex 415.43784683850816 3.9607735249786793 25.25
    endloop
  endfacet
  facet normal 0.9415440651830208 -0.33688985339222 0
    outer loop
      vertex 415.43784683850816 3.9607735249786793 25.25
      vertex 415.0956675251716 3.004446409583685 25.25
      vertex 415.0956675251716 3.004446409583685 20.25
    endloop
  endfacet
  facet normal 0 0 1
    outer loop
      vertex 384.56215316149184 3.9607735249786793 25.25
      vertex 415.43784683850816 3.9607735249786793 25.25
      vertex 415.87211491399455 4.878956226149075 25.25
    endloop
  endfacet
  facet normal 0 0 1
    outer loop
      vertex 384.12788508600545 4.878956226149075 25.25
      vertex 415.87211491399455 4.878956226149075 25.25
      vertex 416.39428951266865 5.750151911752883 25.25
    endloop
  endfacet
  facet normal 0 0 1
    outer loop
      vertex 416.99934180769566 6.56597049109373 25.25
      vertex 383.60571048733135 5.750151911752883 25.25
      vertex 416.39428951266865 5.750151911752883 25.25
    endloop
  endfacet
  facet normal 0.9039892931234268 -0.4275550934303169 0
    outer loop
      vertex 415.87211491399455 4.878956226149075 25.25
      vertex 415.43784683850816 3.9607735249786793 25.25
      vertex 415.43784683850816 3.9607735249786793 20.25
    endloop
  endfacet
  facet normal 0.8577286100002864 -0.5141027441931978 0
    outer loop
      vertex 416.39428951266865 5.750151911752883 25.25
      vertex 415.87211491399455 4.878956226149075 25.25
      vertex 415.87211491399455 4.878956226149075 20.25
    endloop
  endfacet
  facet normal 0.8032075314806484 -0.5956993044924286 0
    outer loop
      vertex 416.99934180769566 6.56597049109373 25.25
      vertex 416.39428951266865 5.750151911752883 25.25
      vertex 416.39428951266865 5.750151911752883 20.25
    endloop
  endfacet
  facet normal 0 0 -1
    outer loop
      vertex 382.3185551852808 7.3185551852807675 20.25
      vertex 417.6814448147192 7.3185551852807675 20.25
      vertex 416.99934180769566 6.56597049109373 20.25
    endloop
  endfacet
  facet normal 0 0 -1
    outer loop
      vertex 381.5659704910937 8.000658192304327 20.25
      vertex 418.4340295089063 8.000658192304327 20.25
      vertex 417.6814448147192 7.3185551852807675 20.25
    endloop
  endfacet
  facet normal 0 0 -1
    outer loop
      vertex 380.7501519117529 8.605710487331343 20.25
      vertex 419.2498480882471 8.605710487331343 20.25
      vertex 418.4340295089063 8.000658192304327 20.25
    endloop
  endfacet
  facet normal 0 0 -1
    outer loop
      vertex 379.87895622614906 9.127885086005474 20.25
      vertex 420.12104377385094 9.127885086005474 20.25
      vertex 419.2498480882471 8.605710487331343 20.25
    endloop
  endfacet
  facet normal 0 0 -1
    outer loop
      vertex 378.96077352497866 9.562153161491818 20.25
      vertex 421.03922647502134 9.562153161491818 20.25
      vertex 420.12104377385094 9.127885086005474 20.25
    endloop
  endfacet
  facet normal 0 0 -1
    outer loop
      vertex 378.0044464095837 9.904332474828362 20.25
      vertex 421.9955535904163 9.904332474828362 20.25
      vertex 421.03922647502134 9.562153161491818 20.25
    endloop
  endfacet
  facet normal 0 0 -1
    outer loop
      vertex 377.0191848328669 10.151127652173434 20.25
      vertex 422.9808151671331 10.151127652173434 20.25
      vertex 421.9955535904163 9.904332474828362 20.25
    endloop
  endfacet
  facet normal 0 0 -1
    outer loop
      vertex 377.0191848328669 10.151127652173434 20.25
      vertex 423.98552259758907 10.300161921057239 20.25
      vertex 422.9808151671331 10.151127652173434 20.25
    endloop
  endfacet
  facet normal 0 0 -1
    outer loop
      vertex 377.0191848328669 10.151127652173434 20.25
      vertex 425 10.35 20.25
      vertex 423.98552259758907 10.300161921057239 20.25
    endloop
  endfacet
  facet normal 0.7409511253549618 -0.6715589548470156 0
    outer loop
      vertex 417.6814448147192 7.3185551852807675 25.25
      vertex 416.99934180769566 6.56597049109373 20.25
      vertex 417.6814448147192 7.3185551852807675 20.25
    endloop
  endfacet
  facet normal 0.6715589548469969 -0.7409511253549785 0
    outer loop
      vertex 418.4340295089063 8.000658192304327 25.25
      vertex 417.6814448147192 7.3185551852807675 20.25
      vertex 418.4340295089063 8.000658192304327 20.25
    endloop
  endfacet
  facet normal 0.5956993044924435 -0.8032075314806375 0
    outer loop
      vertex 419.2498480882471 8.605710487331343 25.25
      vertex 418.4340295089063 8.000658192304327 20.25
      vertex 419.2498480882471 8.605710487331343 20.25
    endloop
  endfacet
  facet normal 0.5141027441932143 -0.8577286100002764 0
    outer loop
      vertex 420.12104377385094 9.127885086005474 25.25
      vertex 419.2498480882471 8.605710487331343 20.25
      vertex 420.12104377385094 9.127885086005474 20.25
    endloop
  endfacet
  facet normal 0.4275550934302832 -0.9039892931234429 0
    outer loop
      vertex 421.03922647502134 9.562153161491818 25.25
      vertex 420.12104377385094 9.127885086005474 20.25
      vertex 421.03922647502134 9.562153161491818 20.25
    endloop
  endfacet
  facet normal 0.33688985339222766 -0.941544065183018 0
    outer loop
      vertex 421.9955535904163 9.904332474828362 25.25
      vertex 421.03922647502134 9.562153161491818 20.25
      vertex 421.9955535904163 9.904332474828362 20.25
    endloop
  endfacet
  facet normal 0.24298017990326115 -0.9700312531945448 0
    outer loop
      vertex 422.9808151671331 10.151127652173434 25.25
      vertex 421.9955535904163 9.904332474828362 20.25
      vertex 422.9808151671331 10.151127652173434 20.25
    endloop
  endfacet
  facet normal 0.1467304744553608 -0.989176509964781 0
    outer loop
      vertex 423.98552259758907 10.300161921057239 25.25
      vertex 422.9808151671331 10.151127652173434 20.25
      vertex 423.98552259758907 10.300161921057239 20.25
    endloop
  endfacet
  facet normal 0.049067674327417814 -0.9987954562051725 0
    outer loop
      vertex 425 10.35 25.25
      vertex 423.98552259758907 10.300161921057239 20.25
      vertex 425 10.35 20.25
    endloop
  endfacet
  facet normal -0.1467304744553608 -0.989176509964781 0
    outer loop
      vertex 427.0191848328669 10.151127652173434 25.25
      vertex 426.01447740241093 10.300161921057239 20.25
      vertex 427.0191848328669 10.151127652173434 20.25
    endloop
  endfacet
  facet normal -0.24298017990326115 -0.9700312531945448 0
    outer loop
      vertex 428.0044464095837 9.904332474828362 25.25
      vertex 427.0191848328669 10.151127652173434 20.25
      vertex 428.0044464095837 9.904332474828362 20.25
    endloop
  endfacet
  facet normal -0.049067674327417814 -0.9987954562051725 0
    outer loop
      vertex 426.01447740241093 10.300161921057239 25.25
      vertex 425 10.35 20.25
      vertex 426.01447740241093 10.300161921057239 20.25
    endloop
  endfacet
  facet normal 0 0 1
    outer loop
      vertex 383.00065819230434 6.56597049109373 25.25
      vertex 416.99934180769566 6.56597049109373 25.25
      vertex 417.6814448147192 7.3185551852807675 25.25
    endloop
  endfacet
  facet normal 0 0 1
    outer loop
      vertex 417.6814448147192 7.3185551852807675 25.25
      vertex 418.4340295089063 8.000658192304327 25.25
      vertex 382.3185551852808 7.3185551852807675 25.25
    endloop
  endfacet
  facet normal 0 0 1
    outer loop
      vertex 418.4340295089063 8.000658192304327 25.25
      vertex 419.2498480882471 8.605710487331343 25.25
      vertex 381.5659704910937 8.000658192304327 25.25
    endloop
  endfacet
  facet normal 0 0 1
    outer loop
      vertex 419.2498480882471 8.605710487331343 25.25
      vertex 420.12104377385094 9.127885086005474 25.25
      vertex 380.7501519117529 8.605710487331343 25.25
    endloop
  endfacet
  facet normal 0 0 1
    outer loop
      vertex 420.12104377385094 9.127885086005474 25.25
      vertex 421.03922647502134 9.562153161491818 25.25
      vertex 379.87895622614906 9.127885086005474 25.25
    endloop
  endfacet
  facet normal 0 0 1
    outer loop
      vertex 421.03922647502134 9.562153161491818 25.25
      vertex 421.9955535904163 9.904332474828362 25.25
      vertex 378.96077352497866 9.562153161491818 25.25
    endloop
  endfacet
  facet normal 0 0 1
    outer loop
      vertex 378.0044464095837 9.904332474828362 25.25
      vertex 421.9955535904163 9.904332474828362 25.25
      vertex 422.9808151671331 10.151127652173434 25.25
    endloop
  endfacet
  facet normal 0 0 1
    outer loop
      vertex 378.0044464095837 9.904332474828362 25.25
      vertex 422.9808151671331 10.151127652173434 25.25
      vertex 423.98552259758907 10.300161921057239 25.25
    endloop
  endfacet
  facet normal 0 0 1
    outer loop
      vertex 378.0044464095837 9.904332474828362 25.25
      vertex 423.98552259758907 10.300161921057239 25.25
      vertex 425 10.35 25.25
    endloop
  endfacet
  facet normal 0.7409511253549618 -0.6715589548470156 0
    outer loop
      vertex 417.6814448147192 7.3185551852807675 25.25
      vertex 416.99934180769566 6.56597049109373 25.25
      vertex 416.99934180769566 6.56597049109373 20.25
    endloop
  endfacet
  facet normal 0.6715589548469969 -0.7409511253549785 0
    outer loop
      vertex 417.6814448147192 7.3185551852807675 25.25
      vertex 417.6814448147192 7.3185551852807675 20.25
      vertex 418.4340295089063 8.000658192304327 25.25
    endloop
  endfacet
  facet normal 0.5956993044924435 -0.8032075314806375 0
    outer loop
      vertex 418.4340295089063 8.000658192304327 25.25
      vertex 418.4340295089063 8.000658192304327 20.25
      vertex 419.2498480882471 8.605710487331343 25.25
    endloop
  endfacet
  facet normal 0.5141027441932143 -0.8577286100002764 0
    outer loop
      vertex 419.2498480882471 8.605710487331343 25.25
      vertex 419.2498480882471 8.605710487331343 20.25
      vertex 420.12104377385094 9.127885086005474 25.25
    endloop
  endfacet
  facet normal 0.4275550934302832 -0.9039892931234429 0
    outer loop
      vertex 420.12104377385094 9.127885086005474 25.25
      vertex 420.12104377385094 9.127885086005474 20.25
      vertex 421.03922647502134 9.562153161491818 25.25
    endloop
  endfacet
  facet normal 0.33688985339222766 -0.941544065183018 0
    outer loop
      vertex 421.03922647502134 9.562153161491818 25.25
      vertex 421.03922647502134 9.562153161491818 20.25
      vertex 421.9955535904163 9.904332474828362 25.25
    endloop
  endfacet
  facet normal 0.24298017990326115 -0.9700312531945448 0
    outer loop
      vertex 421.9955535904163 9.904332474828362 25.25
      vertex 421.9955535904163 9.904332474828362 20.25
      vertex 422.9808151671331 10.151127652173434 25.25
    endloop
  endfacet
  facet normal 0.1467304744553608 -0.989176509964781 0
    outer loop
      vertex 422.9808151671331 10.151127652173434 25.25
      vertex 422.9808151671331 10.151127652173434 20.25
      vertex 423.98552259758907 10.300161921057239 25.25
    endloop
  endfacet
  facet normal 0.049067674327417814 -0.9987954562051725 0
    outer loop
      vertex 423.98552259758907 10.300161921057239 25.25
      vertex 423.98552259758907 10.300161921057239 20.25
      vertex 425 10.35 25.25
    endloop
  endfacet
  facet normal -0.1467304744553608 -0.989176509964781 0
    outer loop
      vertex 426.01447740241093 10.300161921057239 25.25
      vertex 426.01447740241093 10.300161921057239 20.25
      vertex 427.0191848328669 10.151127652173434 25.25
    endloop
  endfacet
  facet normal -0.33688985339222766 -0.941544065183018 0
    outer loop
      vertex 428.0044464095837 9.904332474828362 25.25
      vertex 428.0044464095837 9.904332474828362 20.25
      vertex 428.96077352497866 9.562153161491818 25.25
    endloop
  endfacet
  facet normal -0.24298017990326115 -0.9700312531945448 0
    outer loop
      vertex 427.0191848328669 10.151127652173434 25.25
      vertex 427.0191848328669 10.151127652173434 20.25
      vertex 428.0044464095837 9.904332474828362 25.25
    endloop
  endfacet
  facet normal -0.049067674327417814 -0.9987954562051725 0
    outer loop
      vertex 425 10.35 25.25
      vertex 425 10.35 20.25
      vertex 426.01447740241093 10.300161921057239 25.25
    endloop
  endfacet
  facet normal -0.9987954562051706 -0.049067674327453493 0
    outer loop
      vertex 435.35 0 20.25
      vertex 435.35 0 25.25
      vertex 435.3001619210572 1.0144774024109522 20.25
    endloop
  endfacet
  facet normal -0.989176509964784 -0.14673047445534124 0
    outer loop
      vertex 435.3001619210572 1.0144774024109522 25.25
      vertex 435.15112765217344 2.0191848328669275 20.25
      vertex 435.3001619210572 1.0144774024109522 20.25
    endloop
  endfacet
  facet normal -0.9700312531945462 -0.24298017990325496 0
    outer loop
      vertex 435.15112765217344 2.0191848328669275 25.25
      vertex 434.9043324748284 3.004446409583685 20.25
      vertex 435.15112765217344 2.0191848328669275 20.25
    endloop
  endfacet
  facet normal -0.9039892931234268 -0.4275550934303169 0
    outer loop
      vertex 434.56215316149184 3.9607735249786793 25.25
      vertex 434.12788508600545 4.878956226149075 20.25
      vertex 434.56215316149184 3.9607735249786793 20.25
    endloop
  endfacet
  facet normal -0.8577286100002864 -0.5141027441931978 0
    outer loop
      vertex 434.12788508600545 4.878956226149075 25.25
      vertex 433.60571048733135 5.750151911752883 20.25
      vertex 434.12788508600545 4.878956226149075 20.25
    endloop
  endfacet
  facet normal -0.8032075314806484 -0.5956993044924286 0
    outer loop
      vertex 433.60571048733135 5.750151911752883 25.25
      vertex 433.00065819230434 6.56597049109373 20.25
      vertex 433.60571048733135 5.750151911752883 20.25
    endloop
  endfacet
  facet normal -0.9415440651830208 -0.33688985339222 0
    outer loop
      vertex 434.9043324748284 3.004446409583685 25.25
      vertex 434.56215316149184 3.9607735249786793 20.25
      vertex 434.9043324748284 3.004446409583685 20.25
    endloop
  endfacet
  facet normal 0 0 -1
    outer loop
      vertex 435.35 0 20.25
      vertex 435.3001619210572 1.0144774024109522 20.25
      vertex 464.65 0 20.25
    endloop
  endfacet
  facet normal 0 0 -1
    outer loop
      vertex 435.15112765217344 2.0191848328669275 20.25
      vertex 464.6998380789428 1.0144774024109522 20.25
      vertex 435.3001619210572 1.0144774024109522 20.25
    endloop
  endfacet
  facet normal 0 0 -1
    outer loop
      vertex 434.9043324748284 3.004446409583685 20.25
      vertex 464.84887234782656 2.0191848328669275 20.25
      vertex 435.15112765217344 2.0191848328669275 20.25
    endloop
  endfacet
  facet normal 0 0 -1
    outer loop
      vertex 434.56215316149184 3.9607735249786793 20.25
      vertex 465.0956675251716 3.004446409583685 20.25
      vertex 434.9043324748284 3.004446409583685 20.25
    endloop
  endfacet
  facet normal 0 0 -1
    outer loop
      vertex 434.12788508600545 4.878956226149075 20.25
      vertex 465.43784683850816 3.9607735249786793 20.25
      vertex 434.56215316149184 3.9607735249786793 20.25
    endloop
  endfacet
  facet normal 0 0 -1
    outer loop
      vertex 433.00065819230434 6.56597049109373 20.25
      vertex 466.39428951266865 5.750151911752883 20.25
      vertex 433.60571048733135 5.750151911752883 20.25
    endloop
  endfacet
  facet normal 0 0 -1
    outer loop
      vertex 433.60571048733135 5.750151911752883 20.25
      vertex 465.87211491399455 4.878956226149075 20.25
      vertex 434.12788508600545 4.878956226149075 20.25
    endloop
  endfacet
  facet normal -0.9987954562051706 -0.049067674327453493 0
    outer loop
      vertex 435.35 0 25.25
      vertex 435.3001619210572 1.0144774024109522 25.25
      vertex 435.3001619210572 1.0144774024109522 20.25
    endloop
  endfacet
  facet normal -0.989176509964784 -0.14673047445534124 0
    outer loop
      vertex 435.3001619210572 1.0144774024109522 25.25
      vertex 435.15112765217344 2.0191848328669275 25.25
      vertex 435.15112765217344 2.0191848328669275 20.25
    endloop
  endfacet
  facet normal -0.9700312531945462 -0.24298017990325496 0
    outer loop
      vertex 435.15112765217344 2.0191848328669275 25.25
      vertex 434.9043324748284 3.004446409583685 25.25
      vertex 434.9043324748284 3.004446409583685 20.25
    endloop
  endfacet
  facet normal -0.9415440651830208 -0.33688985339222 0
    outer loop
      vertex 434.9043324748284 3.004446409583685 25.25
      vertex 434.56215316149184 3.9607735249786793 25.25
      vertex 434.56215316149184 3.9607735249786793 20.25
    endloop
  endfacet
  facet normal -0.9039892931234268 -0.4275550934303169 0
    outer loop
      vertex 434.56215316149184 3.9607735249786793 25.25
      vertex 434.12788508600545 4.878956226149075 25.25
      vertex 434.12788508600545 4.878956226149075 20.25
    endloop
  endfacet
  facet normal -0.8577286100002864 -0.5141027441931978 0
    outer loop
      vertex 434.12788508600545 4.878956226149075 25.25
      vertex 433.60571048733135 5.750151911752883 25.25
      vertex 433.60571048733135 5.750151911752883 20.25
    endloop
  endfacet
  facet normal -0.8032075314806484 -0.5956993044924286 0
    outer loop
      vertex 433.60571048733135 5.750151911752883 25.25
      vertex 433.00065819230434 6.56597049109373 25.25
      vertex 433.00065819230434 6.56597049109373 20.25
    endloop
  endfacet
  facet normal 0 0 1
    outer loop
      vertex 435.35 0 25.25
      vertex 464.6998380789428 1.0144774024109522 25.25
      vertex 435.3001619210572 1.0144774024109522 25.25
    endloop
  endfacet
  facet normal 0 0 1
    outer loop
      vertex 435.3001619210572 1.0144774024109522 25.25
      vertex 464.84887234782656 2.0191848328669275 25.25
      vertex 435.15112765217344 2.0191848328669275 25.25
    endloop
  endfacet
  facet normal 0 0 1
    outer loop
      vertex 435.15112765217344 2.0191848328669275 25.25
      vertex 465.0956675251716 3.004446409583685 25.25
      vertex 434.9043324748284 3.004446409583685 25.25
    endloop
  endfacet
  facet normal 0 0 1
    outer loop
      vertex 434.9043324748284 3.004446409583685 25.25
      vertex 465.43784683850816 3.9607735249786793 25.25
      vertex 434.56215316149184 3.9607735249786793 25.25
    endloop
  endfacet
  facet normal 0 0 1
    outer loop
      vertex 434.56215316149184 3.9607735249786793 25.25
      vertex 465.87211491399455 4.878956226149075 25.25
      vertex 434.12788508600545 4.878956226149075 25.25
    endloop
  endfacet
  facet normal 0 0 1
    outer loop
      vertex 434.12788508600545 4.878956226149075 25.25
      vertex 466.39428951266865 5.750151911752883 25.25
      vertex 433.60571048733135 5.750151911752883 25.25
    endloop
  endfacet
  facet normal 0 0 1
    outer loop
      vertex 433.60571048733135 5.750151911752883 25.25
      vertex 466.99934180769566 6.56597049109373 25.25
      vertex 433.00065819230434 6.56597049109373 25.25
    endloop
  endfacet
  facet normal -0.7409511253549618 -0.6715589548470156 0
    outer loop
      vertex 433.00065819230434 6.56597049109373 25.25
      vertex 432.3185551852808 7.3185551852807675 20.25
      vertex 433.00065819230434 6.56597049109373 20.25
    endloop
  endfacet
  facet normal -0.6715589548469969 -0.7409511253549785 0
    outer loop
      vertex 432.3185551852808 7.3185551852807675 25.25
      vertex 431.5659704910937 8.000658192304327 20.25
      vertex 432.3185551852808 7.3185551852807675 20.25
    endloop
  endfacet
  facet normal -0.5956993044924435 -0.8032075314806375 0
    outer loop
      vertex 431.5659704910937 8.000658192304327 25.25
      vertex 430.7501519117529 8.605710487331343 20.25
      vertex 431.5659704910937 8.000658192304327 20.25
    endloop
  endfacet
  facet normal -0.4275550934302832 -0.9039892931234429 0
    outer loop
      vertex 429.87895622614906 9.127885086005474 25.25
      vertex 428.96077352497866 9.562153161491818 20.25
      vertex 429.87895622614906 9.127885086005474 20.25
    endloop
  endfacet
  facet normal -0.5141027441932143 -0.8577286100002764 0
    outer loop
      vertex 430.7501519117529 8.605710487331343 25.25
      vertex 429.87895622614906 9.127885086005474 20.25
      vertex 430.7501519117529 8.605710487331343 20.25
    endloop
  endfacet
  facet normal -0.33688985339222766 -0.941544065183018 0
    outer loop
      vertex 428.96077352497866 9.562153161491818 25.25
      vertex 428.0044464095837 9.904332474828362 20.25
      vertex 428.96077352497866 9.562153161491818 20.25
    endloop
  endfacet
  facet normal 0 0 -1
    outer loop
      vertex 432.3185551852808 7.3185551852807675 20.25
      vertex 466.99934180769566 6.56597049109373 20.25
      vertex 433.00065819230434 6.56597049109373 20.25
    endloop
  endfacet
  facet normal 0 0 -1
    outer loop
      vertex 467.6814448147192 7.3185551852807675 20.25
      vertex 432.3185551852808 7.3185551852807675 20.25
      vertex 431.5659704910937 8.000658192304327 20.25
    endloop
  endfacet
  facet normal 0 0 -1
    outer loop
      vertex 431.5659704910937 8.000658192304327 20.25
      vertex 430.7501519117529 8.605710487331343 20.25
      vertex 468.4340295089063 8.000658192304327 20.25
    endloop
  endfacet
  facet normal 0 0 -1
    outer loop
      vertex 430.7501519117529 8.605710487331343 20.25
      vertex 429.87895622614906 9.127885086005474 20.25
      vertex 469.2498480882471 8.605710487331343 20.25
    endloop
  endfacet
  facet normal 0 0 -1
    outer loop
      vertex 429.87895622614906 9.127885086005474 20.25
      vertex 428.96077352497866 9.562153161491818 20.25
      vertex 470.12104377385094 9.127885086005474 20.25
    endloop
  endfacet
  facet normal 0 0 -1
    outer loop
      vertex 428.96077352497866 9.562153161491818 20.25
      vertex 428.0044464095837 9.904332474828362 20.25
      vertex 471.03922647502134 9.562153161491818 20.25
    endloop
  endfacet
  facet normal 0 0 -1
    outer loop
      vertex 428.0044464095837 9.904332474828362 20.25
      vertex 427.0191848328669 10.151127652173434 20.25
      vertex 471.9955535904163 9.904332474828362 20.25
    endloop
  endfacet
  facet normal -0.7409511253549618 -0.6715589548470156 0
    outer loop
      vertex 433.00065819230434 6.56597049109373 25.25
      vertex 432.3185551852808 7.3185551852807675 25.25
      vertex 432.3185551852808 7.3185551852807675 20.25
    endloop
  endfacet
  facet normal -0.6715589548469969 -0.7409511253549785 0
    outer loop
      vertex 431.5659704910937 8.000658192304327 25.25
      vertex 431.5659704910937 8.000658192304327 20.25
      vertex 432.3185551852808 7.3185551852807675 25.25
    endloop
  endfacet
  facet normal -0.5956993044924435 -0.8032075314806375 0
    outer loop
      vertex 430.7501519117529 8.605710487331343 25.25
      vertex 430.7501519117529 8.605710487331343 20.25
      vertex 431.5659704910937 8.000658192304327 25.25
    endloop
  endfacet
  facet normal -0.4275550934302832 -0.9039892931234429 0
    outer loop
      vertex 428.96077352497866 9.562153161491818 25.25
      vertex 428.96077352497866 9.562153161491818 20.25
      vertex 429.87895622614906 9.127885086005474 25.25
    endloop
  endfacet
  facet normal -0.5141027441932143 -0.8577286100002764 0
    outer loop
      vertex 429.87895622614906 9.127885086005474 25.25
      vertex 429.87895622614906 9.127885086005474 20.25
      vertex 430.7501519117529 8.605710487331343 25.25
    endloop
  endfacet
  facet normal 0 -1 0
    outer loop
      vertex 300.25 20.25 20.25
      vertex 500.25 20.25 0.25
      vertex 500.25 20.25 20.25
    endloop
  endfacet
  facet normal 0 0 -1
    outer loop
      vertex 500.25 20.25 20.25
      vertex 375 10.35 20.25
      vertex 373.98552259758907 10.300161921057239 20.25
    endloop
  endfacet
  facet normal 0 0 -1
    outer loop
      vertex 500.25 20.25 20.25
      vertex 376.01447740241093 10.300161921057239 20.25
      vertex 375 10.35 20.25
    endloop
  endfacet
  facet normal 0 0 -1
    outer loop
      vertex 500.25 20.25 20.25
      vertex 377.0191848328669 10.151127652173434 20.25
      vertex 376.01447740241093 10.300161921057239 20.25
    endloop
  endfacet
  facet normal 0 0 1
    outer loop
      vertex 500.25 20.25 25.25
      vertex 373.98552259758907 10.300161921057239 25.25
      vertex 375 10.35 25.25
    endloop
  endfacet
  facet normal 0 0 1
    outer loop
      vertex 500.25 20.25 25.25
      vertex 375 10.35 25.25
      vertex 376.01447740241093 10.300161921057239 25.25
    endloop
  endfacet
  facet normal 0 0 1
    outer loop
      vertex 500.25 20.25 25.25
      vertex 376.01447740241093 10.300161921057239 25.25
      vertex 377.0191848328669 10.151127652173434 25.25
    endloop
  endfacet
  facet normal 0 0 1
    outer loop
      vertex 500.25 20.25 25.25
      vertex 377.0191848328669 10.151127652173434 25.25
      vertex 378.0044464095837 9.904332474828362 25.25
    endloop
  endfacet
  facet normal 0 0 -1
    outer loop
      vertex 500.25 20.25 20.25
      vertex 425 10.35 20.25
      vertex 377.0191848328669 10.151127652173434 20.25
    endloop
  endfacet
  facet normal 0 0 -1
    outer loop
      vertex 500.25 20.25 20.25
      vertex 426.01447740241093 10.300161921057239 20.25
      vertex 425 10.35 20.25
    endloop
  endfacet
  facet normal 0 0 -1
    outer loop
      vertex 500.25 20.25 20.25
      vertex 427.0191848328669 10.151127652173434 20.25
      vertex 426.01447740241093 10.300161921057239 20.25
    endloop
  endfacet
  facet normal 0 0 1
    outer loop
      vertex 500.25 20.25 25.25
      vertex 378.0044464095837 9.904332474828362 25.25
      vertex 425 10.35 25.25
    endloop
  endfacet
  facet normal 0 0 1
    outer loop
      vertex 500.25 20.25 25.25
      vertex 425 10.35 25.25
      vertex 426.01447740241093 10.300161921057239 25.25
    endloop
  endfacet
  facet normal 0 0 1
    outer loop
      vertex 500.25 20.25 25.25
      vertex 428.96077352497866 9.562153161491818 25.25
      vertex 429.87895622614906 9.127885086005474 25.25
    endloop
  endfacet
  facet normal 0 0 1
    outer loop
      vertex 500.25 20.25 25.25
      vertex 429.87895622614906 9.127885086005474 25.25
      vertex 430.7501519117529 8.605710487331343 25.25
    endloop
  endfacet
  facet normal 0 0 1
    outer loop
      vertex 500.25 20.25 25.25
      vertex 428.0044464095837 9.904332474828362 25.25
      vertex 428.96077352497866 9.562153161491818 25.25
    endloop
  endfacet
  facet normal 0 0 1
    outer loop
      vertex 500.25 20.25 25.25
      vertex 426.01447740241093 10.300161921057239 25.25
      vertex 427.0191848328669 10.151127652173434 25.25
    endloop
  endfacet
  facet normal 0 0 1
    outer loop
      vertex 500.25 20.25 25.25
      vertex 427.0191848328669 10.151127652173434 25.25
      vertex 428.0044464095837 9.904332474828362 25.25
    endloop
  endfacet
  facet normal 0 1 0
    outer loop
      vertex 300.25 25.25 25.25
      vertex 500.25 25.25 25.25
      vertex 500.25 25.25 20.25
    endloop
  endfacet
  facet normal 0 0 1
    outer loop
      vertex 300.25 25.25 25.25
      vertex 500.25 20.25 25.25
      vertex 500.25 25.25 25.25
    endloop
  endfacet
  facet normal -1 0 0
    outer loop
      vertex 500.25 -20.25 20.25
      vertex 500.25 20.25 20.25
      vertex 500.25 20.25 0.25
    endloop
  endfacet
  facet normal 1 0 0
    outer loop
      vertex 505.25 -25.25 25.25
      vertex 505.25 25.25 0.25
      vertex 505.25 25.25 25.25
    endloop
  endfacet
  facet normal 0 0 -1
    outer loop
      vertex 435.3001619210572 1.0144774024109522 20.25
      vertex 464.6998380789428 1.0144774024109522 20.25
      vertex 464.65 0 20.25
    endloop
  endfacet
  facet normal 0 0 -1
    outer loop
      vertex 435.15112765217344 2.0191848328669275 20.25
      vertex 464.84887234782656 2.0191848328669275 20.25
      vertex 464.6998380789428 1.0144774024109522 20.25
    endloop
  endfacet
  facet normal 0 0 -1
    outer loop
      vertex 434.9043324748284 3.004446409583685 20.25
      vertex 465.0956675251716 3.004446409583685 20.25
      vertex 464.84887234782656 2.0191848328669275 20.25
    endloop
  endfacet
  facet normal 0.9987954562051706 -0.049067674327453493 0
    outer loop
      vertex 464.6998380789428 1.0144774024109522 25.25
      vertex 464.65 0 20.25
      vertex 464.6998380789428 1.0144774024109522 20.25
    endloop
  endfacet
  facet normal 0.989176509964784 -0.14673047445534124 0
    outer loop
      vertex 464.84887234782656 2.0191848328669275 25.25
      vertex 464.6998380789428 1.0144774024109522 20.25
      vertex 464.84887234782656 2.0191848328669275 20.25
    endloop
  endfacet
  facet normal 0.9700312531945462 -0.24298017990325496 0
    outer loop
      vertex 465.0956675251716 3.004446409583685 25.25
      vertex 464.84887234782656 2.0191848328669275 20.25
      vertex 465.0956675251716 3.004446409583685 20.25
    endloop
  endfacet
  facet normal 0 0 -1
    outer loop
      vertex 434.56215316149184 3.9607735249786793 20.25
      vertex 465.43784683850816 3.9607735249786793 20.25
      vertex 465.0956675251716 3.004446409583685 20.25
    endloop
  endfacet
  facet normal 0 0 -1
    outer loop
      vertex 434.12788508600545 4.878956226149075 20.25
      vertex 465.87211491399455 4.878956226149075 20.25
      vertex 465.43784683850816 3.9607735249786793 20.25
    endloop
  endfacet
  facet normal 0 0 -1
    outer loop
      vertex 433.60571048733135 5.750151911752883 20.25
      vertex 466.39428951266865 5.750151911752883 20.25
      vertex 465.87211491399455 4.878956226149075 20.25
    endloop
  endfacet
  facet normal 0 0 -1
    outer loop
      vertex 433.00065819230434 6.56597049109373 20.25
      vertex 466.99934180769566 6.56597049109373 20.25
      vertex 466.39428951266865 5.750151911752883 20.25
    endloop
  endfacet
  facet normal 0.9415440651830208 -0.33688985339222 0
    outer loop
      vertex 465.43784683850816 3.9607735249786793 25.25
      vertex 465.0956675251716 3.004446409583685 20.25
      vertex 465.43784683850816 3.9607735249786793 20.25
    endloop
  endfacet
  facet normal 0.9039892931234268 -0.4275550934303169 0
    outer loop
      vertex 465.87211491399455 4.878956226149075 25.25
      vertex 465.43784683850816 3.9607735249786793 20.25
      vertex 465.87211491399455 4.878956226149075 20.25
    endloop
  endfacet
  facet normal 0.8577286100002864 -0.5141027441931978 0
    outer loop
      vertex 466.39428951266865 5.750151911752883 25.25
      vertex 465.87211491399455 4.878956226149075 20.25
      vertex 466.39428951266865 5.750151911752883 20.25
    endloop
  endfacet
  facet normal 0.8032075314806484 -0.5956993044924286 0
    outer loop
      vertex 466.99934180769566 6.56597049109373 25.25
      vertex 466.39428951266865 5.750151911752883 20.25
      vertex 466.99934180769566 6.56597049109373 20.25
    endloop
  endfacet
  facet normal 0.9987954562051706 -0.049067674327453493 0
    outer loop
      vertex 464.6998380789428 1.0144774024109522 25.25
      vertex 464.65 0 25.25
      vertex 464.65 0 20.25
    endloop
  endfacet
  facet normal 0.989176509964784 -0.14673047445534124 0
    outer loop
      vertex 464.84887234782656 2.0191848328669275 25.25
      vertex 464.6998380789428 1.0144774024109522 25.25
      vertex 464.6998380789428 1.0144774024109522 20.25
    endloop
  endfacet
  facet normal 0.9700312531945462 -0.24298017990325496 0
    outer loop
      vertex 465.0956675251716 3.004446409583685 25.25
      vertex 464.84887234782656 2.0191848328669275 25.25
      vertex 464.84887234782656 2.0191848328669275 20.25
    endloop
  endfacet
  facet normal 0 0 1
    outer loop
      vertex 435.35 0 25.25
      vertex 464.65 0 25.25
      vertex 464.6998380789428 1.0144774024109522 25.25
    endloop
  endfacet
  facet normal 0 0 1
    outer loop
      vertex 435.3001619210572 1.0144774024109522 25.25
      vertex 464.6998380789428 1.0144774024109522 25.25
      vertex 464.84887234782656 2.0191848328669275 25.25
    endloop
  endfacet
  facet normal 0 0 1
    outer loop
      vertex 435.15112765217344 2.0191848328669275 25.25
      vertex 464.84887234782656 2.0191848328669275 25.25
      vertex 465.0956675251716 3.004446409583685 25.25
    endloop
  endfacet
  facet normal 0.9415440651830208 -0.33688985339222 0
    outer loop
      vertex 465.43784683850816 3.9607735249786793 25.25
      vertex 465.0956675251716 3.004446409583685 25.25
      vertex 465.0956675251716 3.004446409583685 20.25
    endloop
  endfacet
  facet normal 0.9039892931234268 -0.4275550934303169 0
    outer loop
      vertex 465.87211491399455 4.878956226149075 25.25
      vertex 465.43784683850816 3.9607735249786793 25.25
      vertex 465.43784683850816 3.9607735249786793 20.25
    endloop
  endfacet
  facet normal 0.8577286100002864 -0.5141027441931978 0
    outer loop
      vertex 466.39428951266865 5.750151911752883 25.25
      vertex 465.87211491399455 4.878956226149075 25.25
      vertex 465.87211491399455 4.878956226149075 20.25
    endloop
  endfacet
  facet normal 0.8032075314806484 -0.5956993044924286 0
    outer loop
      vertex 466.99934180769566 6.56597049109373 25.25
      vertex 466.39428951266865 5.750151911752883 25.25
      vertex 466.39428951266865 5.750151911752883 20.25
    endloop
  endfacet
  facet normal 0 0 1
    outer loop
      vertex 434.9043324748284 3.004446409583685 25.25
      vertex 465.0956675251716 3.004446409583685 25.25
      vertex 465.43784683850816 3.9607735249786793 25.25
    endloop
  endfacet
  facet normal 0 0 1
    outer loop
      vertex 434.56215316149184 3.9607735249786793 25.25
      vertex 465.43784683850816 3.9607735249786793 25.25
      vertex 465.87211491399455 4.878956226149075 25.25
    endloop
  endfacet
  facet normal 0 0 1
    outer loop
      vertex 434.12788508600545 4.878956226149075 25.25
      vertex 465.87211491399455 4.878956226149075 25.25
      vertex 466.39428951266865 5.750151911752883 25.25
    endloop
  endfacet
  facet normal 0 0 1
    outer loop
      vertex 433.60571048733135 5.750151911752883 25.25
      vertex 466.39428951266865 5.750151911752883 25.25
      vertex 466.99934180769566 6.56597049109373 25.25
    endloop
  endfacet
  facet normal 0 0 -1
    outer loop
      vertex 432.3185551852808 7.3185551852807675 20.25
      vertex 467.6814448147192 7.3185551852807675 20.25
      vertex 466.99934180769566 6.56597049109373 20.25
    endloop
  endfacet
  facet normal 0 0 -1
    outer loop
      vertex 431.5659704910937 8.000658192304327 20.25
      vertex 468.4340295089063 8.000658192304327 20.25
      vertex 467.6814448147192 7.3185551852807675 20.25
    endloop
  endfacet
  facet normal 0 0 -1
    outer loop
      vertex 430.7501519117529 8.605710487331343 20.25
      vertex 469.2498480882471 8.605710487331343 20.25
      vertex 468.4340295089063 8.000658192304327 20.25
    endloop
  endfacet
  facet normal 0 0 -1
    outer loop
      vertex 429.87895622614906 9.127885086005474 20.25
      vertex 470.12104377385094 9.127885086005474 20.25
      vertex 469.2498480882471 8.605710487331343 20.25
    endloop
  endfacet
  facet normal 0 0 -1
    outer loop
      vertex 428.96077352497866 9.562153161491818 20.25
      vertex 471.03922647502134 9.562153161491818 20.25
      vertex 470.12104377385094 9.127885086005474 20.25
    endloop
  endfacet
  facet normal 0 0 -1
    outer loop
      vertex 428.0044464095837 9.904332474828362 20.25
      vertex 471.9955535904163 9.904332474828362 20.25
      vertex 471.03922647502134 9.562153161491818 20.25
    endloop
  endfacet
  facet normal 0 0 -1
    outer loop
      vertex 427.0191848328669 10.151127652173434 20.25
      vertex 472.9808151671331 10.151127652173434 20.25
      vertex 471.9955535904163 9.904332474828362 20.25
    endloop
  endfacet
  facet normal 0.7409511253549618 -0.6715589548470156 0
    outer loop
      vertex 467.6814448147192 7.3185551852807675 25.25
      vertex 466.99934180769566 6.56597049109373 20.25
      vertex 467.6814448147192 7.3185551852807675 20.25
    endloop
  endfacet
  facet normal 0.6715589548469969 -0.7409511253549785 0
    outer loop
      vertex 468.4340295089063 8.000658192304327 25.25
      vertex 467.6814448147192 7.3185551852807675 20.25
      vertex 468.4340295089063 8.000658192304327 20.25
    endloop
  endfacet
  facet normal 0.5956993044924435 -0.8032075314806375 0
    outer loop
      vertex 469.2498480882471 8.605710487331343 25.25
      vertex 468.4340295089063 8.000658192304327 20.25
      vertex 469.2498480882471 8.605710487331343 20.25
    endloop
  endfacet
  facet normal 0.5141027441932143 -0.8577286100002764 0
    outer loop
      vertex 470.12104377385094 9.127885086005474 25.25
      vertex 469.2498480882471 8.605710487331343 20.25
      vertex 470.12104377385094 9.127885086005474 20.25
    endloop
  endfacet
  facet normal 0.4275550934302832 -0.9039892931234429 0
    outer loop
      vertex 471.03922647502134 9.562153161491818 25.25
      vertex 470.12104377385094 9.127885086005474 20.25
      vertex 471.03922647502134 9.562153161491818 20.25
    endloop
  endfacet
  facet normal -0.4275550934302832 -0.9039892931234429 0
    outer loop
      vertex 479.87895622614906 9.127885086005474 25.25
      vertex 478.96077352497866 9.562153161491818 20.25
      vertex 479.87895622614906 9.127885086005474 20.25
    endloop
  endfacet
  facet normal 0.33688985339222766 -0.941544065183018 0
    outer loop
      vertex 471.9955535904163 9.904332474828362 25.25
      vertex 471.03922647502134 9.562153161491818 20.25
      vertex 471.9955535904163 9.904332474828362 20.25
    endloop
  endfacet
  facet normal 0.24298017990326115 -0.9700312531945448 0
    outer loop
      vertex 472.9808151671331 10.151127652173434 25.25
      vertex 471.9955535904163 9.904332474828362 20.25
      vertex 472.9808151671331 10.151127652173434 20.25
    endloop
  endfacet
  facet normal 0.1467304744553608 -0.989176509964781 0
    outer loop
      vertex 473.98552259758907 10.300161921057239 25.25
      vertex 472.9808151671331 10.151127652173434 20.25
      vertex 473.98552259758907 10.300161921057239 20.25
    endloop
  endfacet
  facet normal 0.049067674327417814 -0.9987954562051725 0
    outer loop
      vertex 475 10.35 25.25
      vertex 473.98552259758907 10.300161921057239 20.25
      vertex 475 10.35 20.25
    endloop
  endfacet
  facet normal -0.049067674327417814 -0.9987954562051725 0
    outer loop
      vertex 476.01447740241093 10.300161921057239 25.25
      vertex 475 10.35 20.25
      vertex 476.01447740241093 10.300161921057239 20.25
    endloop
  endfacet
  facet normal -0.1467304744553608 -0.989176509964781 0
    outer loop
      vertex 477.0191848328669 10.151127652173434 25.25
      vertex 476.01447740241093 10.300161921057239 20.25
      vertex 477.0191848328669 10.151127652173434 20.25
    endloop
  endfacet
  facet normal -0.24298017990326115 -0.9700312531945448 0
    outer loop
      vertex 478.0044464095837 9.904332474828362 25.25
      vertex 477.0191848328669 10.151127652173434 20.25
      vertex 478.0044464095837 9.904332474828362 20.25
    endloop
  endfacet
  facet normal -0.33688985339222766 -0.941544065183018 0
    outer loop
      vertex 478.96077352497866 9.562153161491818 25.25
      vertex 478.0044464095837 9.904332474828362 20.25
      vertex 478.96077352497866 9.562153161491818 20.25
    endloop
  endfacet
  facet normal 0 0 1
    outer loop
      vertex 433.00065819230434 6.56597049109373 25.25
      vertex 466.99934180769566 6.56597049109373 25.25
      vertex 467.6814448147192 7.3185551852807675 25.25
    endloop
  endfacet
  facet normal 0 0 1
    outer loop
      vertex 433.00065819230434 6.56597049109373 25.25
      vertex 467.6814448147192 7.3185551852807675 25.25
      vertex 468.4340295089063 8.000658192304327 25.25
    endloop
  endfacet
  facet normal 0 0 1
    outer loop
      vertex 433.00065819230434 6.56597049109373 25.25
      vertex 468.4340295089063 8.000658192304327 25.25
      vertex 469.2498480882471 8.605710487331343 25.25
    endloop
  endfacet
  facet normal 0 0 1
    outer loop
      vertex 433.00065819230434 6.56597049109373 25.25
      vertex 469.2498480882471 8.605710487331343 25.25
      vertex 470.12104377385094 9.127885086005474 25.25
    endloop
  endfacet
  facet normal 0 0 1
    outer loop
      vertex 433.00065819230434 6.56597049109373 25.25
      vertex 470.12104377385094 9.127885086005474 25.25
      vertex 471.03922647502134 9.562153161491818 25.25
    endloop
  endfacet
  facet normal 0 0 1
    outer loop
      vertex 433.00065819230434 6.56597049109373 25.25
      vertex 471.03922647502134 9.562153161491818 25.25
      vertex 471.9955535904163 9.904332474828362 25.25
    endloop
  endfacet
  facet normal 0 0 1
    outer loop
      vertex 433.00065819230434 6.56597049109373 25.25
      vertex 471.9955535904163 9.904332474828362 25.25
      vertex 472.9808151671331 10.151127652173434 25.25
    endloop
  endfacet
  facet normal 0 0 1
    outer loop
      vertex 433.00065819230434 6.56597049109373 25.25
      vertex 472.9808151671331 10.151127652173434 25.25
      vertex 473.98552259758907 10.300161921057239 25.25
    endloop
  endfacet
  facet normal 0 0 1
    outer loop
      vertex 500.25 20.25 25.25
      vertex 432.3185551852808 7.3185551852807675 25.25
      vertex 433.00065819230434 6.56597049109373 25.25
    endloop
  endfacet
  facet normal 0 0 1
    outer loop
      vertex 500.25 20.25 25.25
      vertex 431.5659704910937 8.000658192304327 25.25
      vertex 432.3185551852808 7.3185551852807675 25.25
    endloop
  endfacet
  facet normal 0 0 1
    outer loop
      vertex 500.25 20.25 25.25
      vertex 430.7501519117529 8.605710487331343 25.25
      vertex 431.5659704910937 8.000658192304327 25.25
    endloop
  endfacet
  facet normal 0.7409511253549618 -0.6715589548470156 0
    outer loop
      vertex 467.6814448147192 7.3185551852807675 25.25
      vertex 466.99934180769566 6.56597049109373 25.25
      vertex 466.99934180769566 6.56597049109373 20.25
    endloop
  endfacet
  facet normal 0.6715589548469969 -0.7409511253549785 0
    outer loop
      vertex 467.6814448147192 7.3185551852807675 25.25
      vertex 467.6814448147192 7.3185551852807675 20.25
      vertex 468.4340295089063 8.000658192304327 25.25
    endloop
  endfacet
  facet normal 0.5956993044924435 -0.8032075314806375 0
    outer loop
      vertex 468.4340295089063 8.000658192304327 25.25
      vertex 468.4340295089063 8.000658192304327 20.25
      vertex 469.2498480882471 8.605710487331343 25.25
    endloop
  endfacet
  facet normal 0.5141027441932143 -0.8577286100002764 0
    outer loop
      vertex 469.2498480882471 8.605710487331343 25.25
      vertex 469.2498480882471 8.605710487331343 20.25
      vertex 470.12104377385094 9.127885086005474 25.25
    endloop
  endfacet
  facet normal 0.4275550934302832 -0.9039892931234429 0
    outer loop
      vertex 470.12104377385094 9.127885086005474 25.25
      vertex 470.12104377385094 9.127885086005474 20.25
      vertex 471.03922647502134 9.562153161491818 25.25
    endloop
  endfacet
  facet normal -0.4275550934302832 -0.9039892931234429 0
    outer loop
      vertex 478.96077352497866 9.562153161491818 25.25
      vertex 478.96077352497866 9.562153161491818 20.25
      vertex 479.87895622614906 9.127885086005474 25.25
    endloop
  endfacet
  facet normal 0.33688985339222766 -0.941544065183018 0
    outer loop
      vertex 471.03922647502134 9.562153161491818 25.25
      vertex 471.03922647502134 9.562153161491818 20.25
      vertex 471.9955535904163 9.904332474828362 25.25
    endloop
  endfacet
  facet normal 0.24298017990326115 -0.9700312531945448 0
    outer loop
      vertex 471.9955535904163 9.904332474828362 25.25
      vertex 471.9955535904163 9.904332474828362 20.25
      vertex 472.9808151671331 10.151127652173434 25.25
    endloop
  endfacet
  facet normal 0.1467304744553608 -0.989176509964781 0
    outer loop
      vertex 472.9808151671331 10.151127652173434 25.25
      vertex 472.9808151671331 10.151127652173434 20.25
      vertex 473.98552259758907 10.300161921057239 25.25
    endloop
  endfacet
  facet normal -0.1467304744553608 -0.989176509964781 0
    outer loop
      vertex 476.01447740241093 10.300161921057239 25.25
      vertex 476.01447740241093 10.300161921057239 20.25
      vertex 477.0191848328669 10.151127652173434 25.25
    endloop
  endfacet
  facet normal 0.049067674327417814 -0.9987954562051725 0
    outer loop
      vertex 473.98552259758907 10.300161921057239 25.25
      vertex 473.98552259758907 10.300161921057239 20.25
      vertex 475 10.35 25.25
    endloop
  endfacet
  facet normal -0.049067674327417814 -0.9987954562051725 0
    outer loop
      vertex 475 10.35 25.25
      vertex 475 10.35 20.25
      vertex 476.01447740241093 10.300161921057239 25.25
    endloop
  endfacet
  facet normal -0.24298017990326115 -0.9700312531945448 0
    outer loop
      vertex 477.0191848328669 10.151127652173434 25.25
      vertex 477.0191848328669 10.151127652173434 20.25
      vertex 478.0044464095837 9.904332474828362 25.25
    endloop
  endfacet
  facet normal -0.33688985339222766 -0.941544065183018 0
    outer loop
      vertex 478.0044464095837 9.904332474828362 25.25
      vertex 478.0044464095837 9.904332474828362 20.25
      vertex 478.96077352497866 9.562153161491818 25.25
    endloop
  endfacet
  facet normal 0 0 1
    outer loop
      vertex 500.25 20.25 25.25
      vertex 433.00065819230434 6.56597049109373 25.25
      vertex 473.98552259758907 10.300161921057239 25.25
    endloop
  endfacet
  facet normal -0.9987954562051706 -0.049067674327453493 0
    outer loop
      vertex 485.35 0 20.25
      vertex 485.35 0 25.25
      vertex 485.3001619210572 1.0144774024109522 20.25
    endloop
  endfacet
  facet normal -0.989176509964784 -0.14673047445534124 0
    outer loop
      vertex 485.3001619210572 1.0144774024109522 25.25
      vertex 485.15112765217344 2.0191848328669275 20.25
      vertex 485.3001619210572 1.0144774024109522 20.25
    endloop
  endfacet
  facet normal -0.9700312531945462 -0.24298017990325496 0
    outer loop
      vertex 485.15112765217344 2.0191848328669275 25.25
      vertex 484.9043324748284 3.004446409583685 20.25
      vertex 485.15112765217344 2.0191848328669275 20.25
    endloop
  endfacet
  facet normal 0 0 -1
    outer loop
      vertex 500.25 20.25 20.25
      vertex 484.9043324748284 -3.004446409583685 20.25
      vertex 485.15112765217344 -2.0191848328669275 20.25
    endloop
  endfacet
  facet normal 0 0 -1
    outer loop
      vertex 500.25 20.25 20.25
      vertex 485.15112765217344 -2.0191848328669275 20.25
      vertex 485.3001619210572 -1.0144774024109522 20.25
    endloop
  endfacet
  facet normal -0.9415440651830208 -0.33688985339222 0
    outer loop
      vertex 484.9043324748284 3.004446409583685 25.25
      vertex 484.56215316149184 3.9607735249786793 20.25
      vertex 484.9043324748284 3.004446409583685 20.25
    endloop
  endfacet
  facet normal -0.9039892931234268 -0.4275550934303169 0
    outer loop
      vertex 484.56215316149184 3.9607735249786793 25.25
      vertex 484.12788508600545 4.878956226149075 20.25
      vertex 484.56215316149184 3.9607735249786793 20.25
    endloop
  endfacet
  facet normal -0.8577286100002864 -0.5141027441931978 0
    outer loop
      vertex 484.12788508600545 4.878956226149075 25.25
      vertex 483.60571048733135 5.750151911752883 20.25
      vertex 484.12788508600545 4.878956226149075 20.25
    endloop
  endfacet
  facet normal -0.8032075314806484 -0.5956993044924286 0
    outer loop
      vertex 483.60571048733135 5.750151911752883 25.25
      vertex 483.00065819230434 6.56597049109373 20.25
      vertex 483.60571048733135 5.750151911752883 20.25
    endloop
  endfacet
  facet normal -0.9987954562051706 -0.049067674327453493 0
    outer loop
      vertex 485.35 0 25.25
      vertex 485.3001619210572 1.0144774024109522 25.25
      vertex 485.3001619210572 1.0144774024109522 20.25
    endloop
  endfacet
  facet normal -0.989176509964784 -0.14673047445534124 0
    outer loop
      vertex 485.3001619210572 1.0144774024109522 25.25
      vertex 485.15112765217344 2.0191848328669275 25.25
      vertex 485.15112765217344 2.0191848328669275 20.25
    endloop
  endfacet
  facet normal -0.9700312531945462 -0.24298017990325496 0
    outer loop
      vertex 485.15112765217344 2.0191848328669275 25.25
      vertex 484.9043324748284 3.004446409583685 25.25
      vertex 484.9043324748284 3.004446409583685 20.25
    endloop
  endfacet
  facet normal -0.9415440651830208 -0.33688985339222 0
    outer loop
      vertex 484.9043324748284 3.004446409583685 25.25
      vertex 484.56215316149184 3.9607735249786793 25.25
      vertex 484.56215316149184 3.9607735249786793 20.25
    endloop
  endfacet
  facet normal -0.9039892931234268 -0.4275550934303169 0
    outer loop
      vertex 484.56215316149184 3.9607735249786793 25.25
      vertex 484.12788508600545 4.878956226149075 25.25
      vertex 484.12788508600545 4.878956226149075 20.25
    endloop
  endfacet
  facet normal -0.8577286100002864 -0.5141027441931978 0
    outer loop
      vertex 484.12788508600545 4.878956226149075 25.25
      vertex 483.60571048733135 5.750151911752883 25.25
      vertex 483.60571048733135 5.750151911752883 20.25
    endloop
  endfacet
  facet normal -0.8032075314806484 -0.5956993044924286 0
    outer loop
      vertex 483.60571048733135 5.750151911752883 25.25
      vertex 483.00065819230434 6.56597049109373 25.25
      vertex 483.00065819230434 6.56597049109373 20.25
    endloop
  endfacet
  facet normal 0 0 1
    outer loop
      vertex 500.25 -20.25 25.25
      vertex 500.25 20.25 25.25
      vertex 485.35 0 25.25
    endloop
  endfacet
  facet normal 0 0 -1
    outer loop
      vertex 500.25 20.25 20.25
      vertex 485.3001619210572 -1.0144774024109522 20.25
      vertex 485.35 0 20.25
    endloop
  endfacet
  facet normal 0 0 -1
    outer loop
      vertex 500.25 20.25 20.25
      vertex 485.35 0 20.25
      vertex 485.3001619210572 1.0144774024109522 20.25
    endloop
  endfacet
  facet normal 0 0 -1
    outer loop
      vertex 500.25 20.25 20.25
      vertex 485.3001619210572 1.0144774024109522 20.25
      vertex 485.15112765217344 2.0191848328669275 20.25
    endloop
  endfacet
  facet normal 0 0 -1
    outer loop
      vertex 500.25 20.25 20.25
      vertex 485.15112765217344 2.0191848328669275 20.25
      vertex 484.9043324748284 3.004446409583685 20.25
    endloop
  endfacet
  facet normal 0 0 -1
    outer loop
      vertex 500.25 20.25 20.25
      vertex 484.9043324748284 3.004446409583685 20.25
      vertex 484.56215316149184 3.9607735249786793 20.25
    endloop
  endfacet
  facet normal -0.7409511253549618 -0.6715589548470156 0
    outer loop
      vertex 483.00065819230434 6.56597049109373 25.25
      vertex 482.3185551852808 7.3185551852807675 20.25
      vertex 483.00065819230434 6.56597049109373 20.25
    endloop
  endfacet
  facet normal -0.6715589548469969 -0.7409511253549785 0
    outer loop
      vertex 482.3185551852808 7.3185551852807675 25.25
      vertex 481.5659704910937 8.000658192304327 20.25
      vertex 482.3185551852808 7.3185551852807675 20.25
    endloop
  endfacet
  facet normal -0.5956993044924435 -0.8032075314806375 0
    outer loop
      vertex 481.5659704910937 8.000658192304327 25.25
      vertex 480.7501519117529 8.605710487331343 20.25
      vertex 481.5659704910937 8.000658192304327 20.25
    endloop
  endfacet
  facet normal -0.5141027441932143 -0.8577286100002764 0
    outer loop
      vertex 480.7501519117529 8.605710487331343 25.25
      vertex 479.87895622614906 9.127885086005474 20.25
      vertex 480.7501519117529 8.605710487331343 20.25
    endloop
  endfacet
  facet normal 0 0 -1
    outer loop
      vertex 500.25 20.25 20.25
      vertex 483.60571048733135 5.750151911752883 20.25
      vertex 483.00065819230434 6.56597049109373 20.25
    endloop
  endfacet
  facet normal 0 0 -1
    outer loop
      vertex 500.25 20.25 20.25
      vertex 484.56215316149184 3.9607735249786793 20.25
      vertex 484.12788508600545 4.878956226149075 20.25
    endloop
  endfacet
  facet normal 0 0 -1
    outer loop
      vertex 500.25 20.25 20.25
      vertex 484.12788508600545 4.878956226149075 20.25
      vertex 483.60571048733135 5.750151911752883 20.25
    endloop
  endfacet
  facet normal 0 0 -1
    outer loop
      vertex 500.25 20.25 20.25
      vertex 483.00065819230434 6.56597049109373 20.25
      vertex 482.3185551852808 7.3185551852807675 20.25
    endloop
  endfacet
  facet normal 0 0 -1
    outer loop
      vertex 500.25 20.25 20.25
      vertex 481.5659704910937 8.000658192304327 20.25
      vertex 480.7501519117529 8.605710487331343 20.25
    endloop
  endfacet
  facet normal 0 0 -1
    outer loop
      vertex 500.25 20.25 20.25
      vertex 482.3185551852808 7.3185551852807675 20.25
      vertex 481.5659704910937 8.000658192304327 20.25
    endloop
  endfacet
  facet normal -0.7409511253549618 -0.6715589548470156 0
    outer loop
      vertex 483.00065819230434 6.56597049109373 25.25
      vertex 482.3185551852808 7.3185551852807675 25.25
      vertex 482.3185551852808 7.3185551852807675 20.25
    endloop
  endfacet
  facet normal -0.6715589548469969 -0.7409511253549785 0
    outer loop
      vertex 481.5659704910937 8.000658192304327 25.25
      vertex 481.5659704910937 8.000658192304327 20.25
      vertex 482.3185551852808 7.3185551852807675 25.25
    endloop
  endfacet
  facet normal -0.5956993044924435 -0.8032075314806375 0
    outer loop
      vertex 480.7501519117529 8.605710487331343 25.25
      vertex 480.7501519117529 8.605710487331343 20.25
      vertex 481.5659704910937 8.000658192304327 25.25
    endloop
  endfacet
  facet normal -0.5141027441932143 -0.8577286100002764 0
    outer loop
      vertex 479.87895622614906 9.127885086005474 25.25
      vertex 479.87895622614906 9.127885086005474 20.25
      vertex 480.7501519117529 8.605710487331343 25.25
    endloop
  endfacet
  facet normal 0 0 1
    outer loop
      vertex 500.25 20.25 25.25
      vertex 485.3001619210572 1.0144774024109522 25.25
      vertex 485.35 0 25.25
    endloop
  endfacet
  facet normal 0 0 1
    outer loop
      vertex 500.25 20.25 25.25
      vertex 485.15112765217344 2.0191848328669275 25.25
      vertex 485.3001619210572 1.0144774024109522 25.25
    endloop
  endfacet
  facet normal 0 0 1
    outer loop
      vertex 500.25 20.25 25.25
      vertex 484.9043324748284 3.004446409583685 25.25
      vertex 485.15112765217344 2.0191848328669275 25.25
    endloop
  endfacet
  facet normal 0 0 1
    outer loop
      vertex 500.25 20.25 25.25
      vertex 484.56215316149184 3.9607735249786793 25.25
      vertex 484.9043324748284 3.004446409583685 25.25
    endloop
  endfacet
  facet normal 0 0 1
    outer loop
      vertex 500.25 20.25 25.25
      vertex 483.00065819230434 6.56597049109373 25.25
      vertex 483.60571048733135 5.750151911752883 25.25
    endloop
  endfacet
  facet normal 0 0 1
    outer loop
      vertex 500.25 20.25 25.25
      vertex 484.12788508600545 4.878956226149075 25.25
      vertex 484.56215316149184 3.9607735249786793 25.25
    endloop
  endfacet
  facet normal 0 0 1
    outer loop
      vertex 500.25 20.25 25.25
      vertex 483.60571048733135 5.750151911752883 25.25
      vertex 484.12788508600545 4.878956226149075 25.25
    endloop
  endfacet
  facet normal 0 0 1
    outer loop
      vertex 500.25 20.25 25.25
      vertex 482.3185551852808 7.3185551852807675 25.25
      vertex 483.00065819230434 6.56597049109373 25.25
    endloop
  endfacet
  facet normal 0 0 1
    outer loop
      vertex 500.25 20.25 25.25
      vertex 480.7501519117529 8.605710487331343 25.25
      vertex 481.5659704910937 8.000658192304327 25.25
    endloop
  endfacet
  facet normal 0 0 1
    outer loop
      vertex 500.25 20.25 25.25
      vertex 481.5659704910937 8.000658192304327 25.25
      vertex 482.3185551852808 7.3185551852807675 25.25
    endloop
  endfacet
  facet normal 0 0 1
    outer loop
      vertex 505.25 -25.25 25.25
      vertex 500.25 25.25 25.25
      vertex 500.25 20.25 25.25
    endloop
  endfacet
  facet normal 0 0 1
    outer loop
      vertex 505.25 -25.25 25.25
      vertex 505.25 25.25 25.25
      vertex 500.25 25.25 25.25
    endloop
  endfacet
  facet normal 0 1 0
    outer loop
      vertex 505.25 25.25 0.25
      vertex 500.25 25.25 20.25
      vertex 500.25 25.25 25.25
    endloop
  endfacet
  facet normal 0 1 0
    outer loop
      vertex 505.25 25.25 0.25
      vertex 500.25 25.25 25.25
      vertex 505.25 25.25 25.25
    endloop
  endfacet
  facet normal 0 0 -1
    outer loop
      vertex 500.25 20.25 20.25
      vertex 472.9808151671331 10.151127652173434 20.25
      vertex 427.0191848328669 10.151127652173434 20.25
    endloop
  endfacet
  facet normal 0 0 -1
    outer loop
      vertex 500.25 20.25 20.25
      vertex 473.98552259758907 10.300161921057239 20.25
      vertex 472.9808151671331 10.151127652173434 20.25
    endloop
  endfacet
  facet normal 0 0 -1
    outer loop
      vertex 500.25 20.25 20.25
      vertex 478.96077352497866 9.562153161491818 20.25
      vertex 478.0044464095837 9.904332474828362 20.25
    endloop
  endfacet
  facet normal 0 0 -1
    outer loop
      vertex 500.25 20.25 20.25
      vertex 475 10.35 20.25
      vertex 473.98552259758907 10.300161921057239 20.25
    endloop
  endfacet
  facet normal 0 0 -1
    outer loop
      vertex 500.25 20.25 20.25
      vertex 477.0191848328669 10.151127652173434 20.25
      vertex 476.01447740241093 10.300161921057239 20.25
    endloop
  endfacet
  facet normal 0 0 -1
    outer loop
      vertex 500.25 20.25 20.25
      vertex 476.01447740241093 10.300161921057239 20.25
      vertex 475 10.35 20.25
    endloop
  endfacet
  facet normal 0 0 -1
    outer loop
      vertex 500.25 20.25 20.25
      vertex 478.0044464095837 9.904332474828362 20.25
      vertex 477.0191848328669 10.151127652173434 20.25
    endloop
  endfacet
  facet normal 0 0 -1
    outer loop
      vertex 500.25 20.25 20.25
      vertex 479.87895622614906 9.127885086005474 20.25
      vertex 478.96077352497866 9.562153161491818 20.25
    endloop
  endfacet
  facet normal 0 0 -1
    outer loop
      vertex 500.25 20.25 20.25
      vertex 480.7501519117529 8.605710487331343 20.25
      vertex 479.87895622614906 9.127885086005474 20.25
    endloop
  endfacet
  facet normal 0 0 1
    outer loop
      vertex 500.25 20.25 25.25
      vertex 478.0044464095837 9.904332474828362 25.25
      vertex 478.96077352497866 9.562153161491818 25.25
    endloop
  endfacet
  facet normal 0 0 1
    outer loop
      vertex 500.25 20.25 25.25
      vertex 473.98552259758907 10.300161921057239 25.25
      vertex 475 10.35 25.25
    endloop
  endfacet
  facet normal 0 0 1
    outer loop
      vertex 500.25 20.25 25.25
      vertex 476.01447740241093 10.300161921057239 25.25
      vertex 477.0191848328669 10.151127652173434 25.25
    endloop
  endfacet
  facet normal 0 0 1
    outer loop
      vertex 500.25 20.25 25.25
      vertex 475 10.35 25.25
      vertex 476.01447740241093 10.300161921057239 25.25
    endloop
  endfacet
  facet normal 0 0 1
    outer loop
      vertex 500.25 20.25 25.25
      vertex 477.0191848328669 10.151127652173434 25.25
      vertex 478.0044464095837 9.904332474828362 25.25
    endloop
  endfacet
  facet normal 0 0 1
    outer loop
      vertex 500.25 20.25 25.25
      vertex 478.96077352497866 9.562153161491818 25.25
      vertex 479.87895622614906 9.127885086005474 25.25
    endloop
  endfacet
  facet normal 0 0 1
    outer loop
      vertex 500.25 20.25 25.25
      vertex 479.87895622614906 9.127885086005474 25.25
      vertex 480.7501519117529 8.605710487331343 25.25
    endloop
  endfacet
endsolid OpenSCAD_Model
