solid OpenSCAD_Model
  facet normal -1 0 0
    outer loop
      vertex 100.25 -25.25 0.25
      vertex 100.25 -20.25 20.25
      vertex 100.25 -20.25 0.25
    endloop
  endfacet
  facet normal 0 0 -1
    outer loop
      vertex 100.25 -25.25 0.25
      vertex 100.25 -20.25 0.25
      vertex 300.25 -20.25 0.25
    endloop
  endfacet
  facet normal 0 1 0
    outer loop
      vertex 100.25 -20.25 0.25
      vertex 100.25 -20.25 20.25
      vertex 300.25 -20.25 0.25
    endloop
  endfacet
  facet normal -1 0 0
    outer loop
      vertex 100.25 -25.25 0.25
      vertex 100.25 -20.25 25.25
      vertex 100.25 -20.25 20.25
    endloop
  endfacet
  facet normal -1 0 0
    outer loop
      vertex 100.25 -25.25 0.25
      vertex 100.25 -25.25 25.25
      vertex 100.25 -20.25 25.25
    endloop
  endfacet
  facet normal 0 0 -1
    outer loop
      vertex 100.25 -20.25 20.25
      vertex 121.99555359041632 -9.904332474828362 20.25
      vertex 122.98081516713307 -10.151127652173434 20.25
    endloop
  endfacet
  facet normal 0 0 -1
    outer loop
      vertex 100.25 -20.25 20.25
      vertex 122.98081516713307 -10.151127652173434 20.25
      vertex 123.98552259758905 -10.300161921057239 20.25
    endloop
  endfacet
  facet normal 0 0 -1
    outer loop
      vertex 100.25 -20.25 20.25
      vertex 119.24984808824712 -8.605710487331343 20.25
      vertex 120.12104377385093 -9.127885086005474 20.25
    endloop
  endfacet
  facet normal 0 0 -1
    outer loop
      vertex 100.25 -20.25 20.25
      vertex 120.12104377385093 -9.127885086005474 20.25
      vertex 121.03922647502132 -9.562153161491818 20.25
    endloop
  endfacet
  facet normal 0 0 -1
    outer loop
      vertex 100.25 -20.25 20.25
      vertex 121.03922647502132 -9.562153161491818 20.25
      vertex 121.99555359041632 -9.904332474828362 20.25
    endloop
  endfacet
  facet normal 0 0 -1
    outer loop
      vertex 100.25 -20.25 20.25
      vertex 123.98552259758905 -10.300161921057239 20.25
      vertex 125 -10.35 20.25
    endloop
  endfacet
  facet normal 0 0 -1
    outer loop
      vertex 100.25 -20.25 20.25
      vertex 125 -10.35 20.25
      vertex 126.01447740241095 -10.300161921057239 20.25
    endloop
  endfacet
  facet normal 0 0 1
    outer loop
      vertex 100.25 -20.25 25.25
      vertex 122.98081516713307 -10.151127652173434 25.25
      vertex 121.99555359041632 -9.904332474828362 25.25
    endloop
  endfacet
  facet normal 0 0 1
    outer loop
      vertex 100.25 -20.25 25.25
      vertex 123.98552259758905 -10.300161921057239 25.25
      vertex 122.98081516713307 -10.151127652173434 25.25
    endloop
  endfacet
  facet normal 0 0 1
    outer loop
      vertex 100.25 -20.25 25.25
      vertex 120.12104377385093 -9.127885086005474 25.25
      vertex 119.24984808824712 -8.605710487331343 25.25
    endloop
  endfacet
  facet normal 0 0 1
    outer loop
      vertex 100.25 -20.25 25.25
      vertex 121.03922647502132 -9.562153161491818 25.25
      vertex 120.12104377385093 -9.127885086005474 25.25
    endloop
  endfacet
  facet normal 0 0 1
    outer loop
      vertex 100.25 -20.25 25.25
      vertex 121.99555359041632 -9.904332474828362 25.25
      vertex 121.03922647502132 -9.562153161491818 25.25
    endloop
  endfacet
  facet normal 0 0 1
    outer loop
      vertex 100.25 -20.25 25.25
      vertex 125 -10.35 25.25
      vertex 123.98552259758905 -10.300161921057239 25.25
    endloop
  endfacet
  facet normal 0 0 -1
    outer loop
      vertex 100.25 -20.25 20.25
      vertex 169.24984808824712 -8.605710487331343 20.25
      vertex 170.12104377385091 -9.127885086005474 20.25
    endloop
  endfacet
  facet normal 0 0 -1
    outer loop
      vertex 100.25 -20.25 20.25
      vertex 171.9955535904163 -9.904332474828362 20.25
      vertex 172.98081516713307 -10.151127652173434 20.25
    endloop
  endfacet
  facet normal 0 0 -1
    outer loop
      vertex 100.25 -20.25 20.25
      vertex 172.98081516713307 -10.151127652173434 20.25
      vertex 173.98552259758904 -10.300161921057239 20.25
    endloop
  endfacet
  facet normal 0 0 -1
    outer loop
      vertex 100.25 -20.25 20.25
      vertex 171.0392264750213 -9.562153161491818 20.25
      vertex 171.9955535904163 -9.904332474828362 20.25
    endloop
  endfacet
  facet normal 0 0 -1
    outer loop
      vertex 100.25 -20.25 20.25
      vertex 170.12104377385091 -9.127885086005474 20.25
      vertex 171.0392264750213 -9.562153161491818 20.25
    endloop
  endfacet
  facet normal 0 0 -1
    outer loop
      vertex 100.25 -20.25 20.25
      vertex 118.43402950890626 -8.000658192304327 20.25
      vertex 119.24984808824712 -8.605710487331343 20.25
    endloop
  endfacet
  facet normal 0 0 -1
    outer loop
      vertex 100.25 -20.25 20.25
      vertex 117.68144481471923 -7.3185551852807675 20.25
      vertex 118.43402950890626 -8.000658192304327 20.25
    endloop
  endfacet
  facet normal 0 0 -1
    outer loop
      vertex 100.25 -20.25 20.25
      vertex 116.99934180769567 -6.56597049109373 20.25
      vertex 117.68144481471923 -7.3185551852807675 20.25
    endloop
  endfacet
  facet normal 0 0 -1
    outer loop
      vertex 100.25 -20.25 20.25
      vertex 115.87211491399452 -4.878956226149075 20.25
      vertex 116.39428951266865 -5.750151911752883 20.25
    endloop
  endfacet
  facet normal 0 0 -1
    outer loop
      vertex 100.25 -20.25 20.25
      vertex 116.39428951266865 -5.750151911752883 20.25
      vertex 116.99934180769567 -6.56597049109373 20.25
    endloop
  endfacet
  facet normal 0 0 -1
    outer loop
      vertex 100.25 -20.25 20.25
      vertex 115.43784683850818 -3.9607735249786793 20.25
      vertex 115.87211491399452 -4.878956226149075 20.25
    endloop
  endfacet
  facet normal 0 0 -1
    outer loop
      vertex 100.25 -20.25 20.25
      vertex 115.09566752517163 -3.004446409583685 20.25
      vertex 115.43784683850818 -3.9607735249786793 20.25
    endloop
  endfacet
  facet normal 0 0 -1
    outer loop
      vertex 100.25 -20.25 20.25
      vertex 114.84887234782657 -2.0191848328669275 20.25
      vertex 115.09566752517163 -3.004446409583685 20.25
    endloop
  endfacet
  facet normal 0 0 -1
    outer loop
      vertex 100.25 -20.25 20.25
      vertex 114.69983807894276 -1.0144774024109522 20.25
      vertex 114.84887234782657 -2.0191848328669275 20.25
    endloop
  endfacet
  facet normal 0 0 -1
    outer loop
      vertex 100.25 -20.25 20.25
      vertex 114.65 0 20.25
      vertex 114.69983807894276 -1.0144774024109522 20.25
    endloop
  endfacet
  facet normal -1 0 0
    outer loop
      vertex 100.25 -20.25 20.25
      vertex 100.25 -20.25 25.25
      vertex 100.25 20.25 20.25
    endloop
  endfacet
  facet normal 0.3368898533922188 0.9415440651830211 0
    outer loop
      vertex 121.03922647502132 -9.562153161491818 25.25
      vertex 121.99555359041632 -9.904332474828362 20.25
      vertex 121.03922647502132 -9.562153161491818 20.25
    endloop
  endfacet
  facet normal 0.04906767432741713 0.9987954562051725 0
    outer loop
      vertex 123.98552259758905 -10.300161921057239 25.25
      vertex 125 -10.35 20.25
      vertex 123.98552259758905 -10.300161921057239 20.25
    endloop
  endfacet
  facet normal 0.24298017990326443 0.9700312531945439 0
    outer loop
      vertex 121.99555359041632 -9.904332474828362 25.25
      vertex 122.98081516713307 -10.151127652173434 20.25
      vertex 121.99555359041632 -9.904332474828362 20.25
    endloop
  endfacet
  facet normal 0.14673047445536286 0.9891765099647809 0
    outer loop
      vertex 122.98081516713307 -10.151127652173434 25.25
      vertex 123.98552259758905 -10.300161921057239 20.25
      vertex 122.98081516713307 -10.151127652173434 20.25
    endloop
  endfacet
  facet normal 0.59569930449243 0.8032075314806474 0
    outer loop
      vertex 118.43402950890626 -8.000658192304327 25.25
      vertex 119.24984808824712 -8.605710487331343 20.25
      vertex 118.43402950890626 -8.000658192304327 20.25
    endloop
  endfacet
  facet normal 0.6715589548470178 0.7409511253549595 0
    outer loop
      vertex 118.43402950890626 -8.000658192304327 20.25
      vertex 117.68144481471923 -7.3185551852807675 20.25
      vertex 117.68144481471923 -7.3185551852807675 25.25
    endloop
  endfacet
  facet normal 0.7409511253549618 0.6715589548470156 0
    outer loop
      vertex 116.99934180769567 -6.56597049109373 25.25
      vertex 117.68144481471923 -7.3185551852807675 20.25
      vertex 116.99934180769567 -6.56597049109373 20.25
    endloop
  endfacet
  facet normal 0.4275550934302832 0.9039892931234429 0
    outer loop
      vertex 120.12104377385093 -9.127885086005474 25.25
      vertex 121.03922647502132 -9.562153161491818 20.25
      vertex 120.12104377385093 -9.127885086005474 20.25
    endloop
  endfacet
  facet normal 0.5141027441932206 0.8577286100002728 0
    outer loop
      vertex 119.24984808824712 -8.605710487331343 25.25
      vertex 120.12104377385093 -9.127885086005474 20.25
      vertex 119.24984808824712 -8.605710487331343 20.25
    endloop
  endfacet
  facet normal 0 0 1
    outer loop
      vertex 100.25 -20.25 25.25
      vertex 119.24984808824712 -8.605710487331343 25.25
      vertex 118.43402950890626 -8.000658192304327 25.25
    endloop
  endfacet
  facet normal 0 0 1
    outer loop
      vertex 100.25 -20.25 25.25
      vertex 118.43402950890626 -8.000658192304327 25.25
      vertex 117.68144481471923 -7.3185551852807675 25.25
    endloop
  endfacet
  facet normal 0 0 1
    outer loop
      vertex 100.25 -20.25 25.25
      vertex 117.68144481471923 -7.3185551852807675 25.25
      vertex 116.99934180769567 -6.56597049109373 25.25
    endloop
  endfacet
  facet normal 0 0 1
    outer loop
      vertex 100.25 -20.25 25.25
      vertex 116.39428951266865 -5.750151911752883 25.25
      vertex 115.87211491399452 -4.878956226149075 25.25
    endloop
  endfacet
  facet normal 0 0 1
    outer loop
      vertex 100.25 -20.25 25.25
      vertex 116.99934180769567 -6.56597049109373 25.25
      vertex 116.39428951266865 -5.750151911752883 25.25
    endloop
  endfacet
  facet normal 0 0 1
    outer loop
      vertex 100.25 -20.25 25.25
      vertex 115.87211491399452 -4.878956226149075 25.25
      vertex 115.43784683850818 -3.9607735249786793 25.25
    endloop
  endfacet
  facet normal 0 0 1
    outer loop
      vertex 100.25 -20.25 25.25
      vertex 115.43784683850818 -3.9607735249786793 25.25
      vertex 115.09566752517163 -3.004446409583685 25.25
    endloop
  endfacet
  facet normal 0 0 1
    outer loop
      vertex 100.25 -20.25 25.25
      vertex 115.09566752517163 -3.004446409583685 25.25
      vertex 114.84887234782657 -2.0191848328669275 25.25
    endloop
  endfacet
  facet normal 0 0 1
    outer loop
      vertex 100.25 -20.25 25.25
      vertex 114.84887234782657 -2.0191848328669275 25.25
      vertex 114.69983807894276 -1.0144774024109522 25.25
    endloop
  endfacet
  facet normal 0 0 1
    outer loop
      vertex 100.25 -20.25 25.25
      vertex 114.69983807894276 -1.0144774024109522 25.25
      vertex 114.65 0 25.25
    endloop
  endfacet
  facet normal 0 0 1
    outer loop
      vertex 100.25 -20.25 25.25
      vertex 114.65 0 25.25
      vertex 114.69983807894276 1.0144774024109522 25.25
    endloop
  endfacet
  facet normal 0.3368898533922188 0.9415440651830211 0
    outer loop
      vertex 121.99555359041632 -9.904332474828362 25.25
      vertex 121.99555359041632 -9.904332474828362 20.25
      vertex 121.03922647502132 -9.562153161491818 25.25
    endloop
  endfacet
  facet normal 0.04906767432741713 0.9987954562051725 0
    outer loop
      vertex 125 -10.35 25.25
      vertex 125 -10.35 20.25
      vertex 123.98552259758905 -10.300161921057239 25.25
    endloop
  endfacet
  facet normal 0.24298017990326443 0.9700312531945439 0
    outer loop
      vertex 122.98081516713307 -10.151127652173434 25.25
      vertex 122.98081516713307 -10.151127652173434 20.25
      vertex 121.99555359041632 -9.904332474828362 25.25
    endloop
  endfacet
  facet normal 0.14673047445536286 0.9891765099647809 0
    outer loop
      vertex 123.98552259758905 -10.300161921057239 25.25
      vertex 123.98552259758905 -10.300161921057239 20.25
      vertex 122.98081516713307 -10.151127652173434 25.25
    endloop
  endfacet
  facet normal 0.59569930449243 0.8032075314806474 0
    outer loop
      vertex 119.24984808824712 -8.605710487331343 25.25
      vertex 119.24984808824712 -8.605710487331343 20.25
      vertex 118.43402950890626 -8.000658192304327 25.25
    endloop
  endfacet
  facet normal 0.6715589548470178 0.7409511253549595 0
    outer loop
      vertex 118.43402950890626 -8.000658192304327 25.25
      vertex 118.43402950890626 -8.000658192304327 20.25
      vertex 117.68144481471923 -7.3185551852807675 25.25
    endloop
  endfacet
  facet normal 0.7409511253549618 0.6715589548470156 0
    outer loop
      vertex 116.99934180769567 -6.56597049109373 25.25
      vertex 117.68144481471923 -7.3185551852807675 25.25
      vertex 117.68144481471923 -7.3185551852807675 20.25
    endloop
  endfacet
  facet normal 0.5141027441932206 0.8577286100002728 0
    outer loop
      vertex 120.12104377385093 -9.127885086005474 25.25
      vertex 120.12104377385093 -9.127885086005474 20.25
      vertex 119.24984808824712 -8.605710487331343 25.25
    endloop
  endfacet
  facet normal 0.4275550934302832 0.9039892931234429 0
    outer loop
      vertex 121.03922647502132 -9.562153161491818 25.25
      vertex 121.03922647502132 -9.562153161491818 20.25
      vertex 120.12104377385093 -9.127885086005474 25.25
    endloop
  endfacet
  facet normal 0.8032075314806417 0.5956993044924376 0
    outer loop
      vertex 116.39428951266865 -5.750151911752883 25.25
      vertex 116.99934180769567 -6.56597049109373 20.25
      vertex 116.39428951266865 -5.750151911752883 20.25
    endloop
  endfacet
  facet normal 0.8577286100002742 0.5141027441932183 0
    outer loop
      vertex 115.87211491399452 -4.878956226149075 25.25
      vertex 116.39428951266865 -5.750151911752883 20.25
      vertex 115.87211491399452 -4.878956226149075 20.25
    endloop
  endfacet
  facet normal 0.903989293123443 0.4275550934302826 0
    outer loop
      vertex 115.43784683850818 -3.9607735249786793 25.25
      vertex 115.87211491399452 -4.878956226149075 20.25
      vertex 115.43784683850818 -3.9607735249786793 20.25
    endloop
  endfacet
  facet normal 0.9415440651830208 0.33688985339222 0
    outer loop
      vertex 115.09566752517163 -3.004446409583685 25.25
      vertex 115.43784683850818 -3.9607735249786793 20.25
      vertex 115.09566752517163 -3.004446409583685 20.25
    endloop
  endfacet
  facet normal 0.9700312531945462 0.24298017990325496 0
    outer loop
      vertex 114.84887234782657 -2.0191848328669275 25.25
      vertex 115.09566752517163 -3.004446409583685 20.25
      vertex 114.84887234782657 -2.0191848328669275 20.25
    endloop
  endfacet
  facet normal 0.98917650996478 0.14673047445536863 0
    outer loop
      vertex 114.69983807894276 -1.0144774024109522 25.25
      vertex 114.84887234782657 -2.0191848328669275 20.25
      vertex 114.69983807894276 -1.0144774024109522 20.25
    endloop
  endfacet
  facet normal 0.9987954562051726 0.04906767432741162 0
    outer loop
      vertex 114.65 0 25.25
      vertex 114.69983807894276 -1.0144774024109522 20.25
      vertex 114.65 0 20.25
    endloop
  endfacet
  facet normal 0 0 1
    outer loop
      vertex 100.25 -20.25 25.25
      vertex 114.69983807894276 1.0144774024109522 25.25
      vertex 114.84887234782657 2.0191848328669275 25.25
    endloop
  endfacet
  facet normal 0 0 1
    outer loop
      vertex 100.25 -20.25 25.25
      vertex 114.84887234782657 2.0191848328669275 25.25
      vertex 115.09566752517163 3.004446409583685 25.25
    endloop
  endfacet
  facet normal 0.8032075314806417 0.5956993044924376 0
    outer loop
      vertex 116.39428951266865 -5.750151911752883 25.25
      vertex 116.99934180769567 -6.56597049109373 25.25
      vertex 116.99934180769567 -6.56597049109373 20.25
    endloop
  endfacet
  facet normal 0.8577286100002742 0.5141027441932183 0
    outer loop
      vertex 115.87211491399452 -4.878956226149075 25.25
      vertex 116.39428951266865 -5.750151911752883 25.25
      vertex 116.39428951266865 -5.750151911752883 20.25
    endloop
  endfacet
  facet normal 0.903989293123443 0.4275550934302826 0
    outer loop
      vertex 115.43784683850818 -3.9607735249786793 25.25
      vertex 115.87211491399452 -4.878956226149075 25.25
      vertex 115.87211491399452 -4.878956226149075 20.25
    endloop
  endfacet
  facet normal 0.9415440651830208 0.33688985339222 0
    outer loop
      vertex 115.09566752517163 -3.004446409583685 25.25
      vertex 115.43784683850818 -3.9607735249786793 25.25
      vertex 115.43784683850818 -3.9607735249786793 20.25
    endloop
  endfacet
  facet normal 0.9700312531945462 0.24298017990325496 0
    outer loop
      vertex 114.84887234782657 -2.0191848328669275 25.25
      vertex 115.09566752517163 -3.004446409583685 25.25
      vertex 115.09566752517163 -3.004446409583685 20.25
    endloop
  endfacet
  facet normal 0.98917650996478 0.14673047445536863 0
    outer loop
      vertex 114.69983807894276 -1.0144774024109522 25.25
      vertex 114.84887234782657 -2.0191848328669275 25.25
      vertex 114.84887234782657 -2.0191848328669275 20.25
    endloop
  endfacet
  facet normal 0.9987954562051726 0.04906767432741162 0
    outer loop
      vertex 114.65 0 25.25
      vertex 114.69983807894276 -1.0144774024109522 25.25
      vertex 114.69983807894276 -1.0144774024109522 20.25
    endloop
  endfacet
  facet normal 0 0 -1
    outer loop
      vertex 100.25 -20.25 20.25
      vertex 126.01447740241095 -10.300161921057239 20.25
      vertex 167.68144481471924 -7.3185551852807675 20.25
    endloop
  endfacet
  facet normal -0.04906767432741713 0.9987954562051725 0
    outer loop
      vertex 125 -10.35 25.25
      vertex 126.01447740241095 -10.300161921057239 20.25
      vertex 125 -10.35 20.25
    endloop
  endfacet
  facet normal -0.14673047445536286 0.9891765099647809 0
    outer loop
      vertex 126.01447740241095 -10.300161921057239 25.25
      vertex 127.01918483286693 -10.151127652173434 20.25
      vertex 126.01447740241095 -10.300161921057239 20.25
    endloop
  endfacet
  facet normal -0.24298017990326115 0.9700312531945448 0
    outer loop
      vertex 127.01918483286693 -10.151127652173434 25.25
      vertex 128.0044464095837 -9.904332474828362 20.25
      vertex 127.01918483286693 -10.151127652173434 20.25
    endloop
  endfacet
  facet normal -0.3368898533922188 0.9415440651830211 0
    outer loop
      vertex 128.0044464095837 -9.904332474828362 25.25
      vertex 128.9607735249787 -9.562153161491818 20.25
      vertex 128.0044464095837 -9.904332474828362 20.25
    endloop
  endfacet
  facet normal -0.4275550934302832 0.9039892931234429 0
    outer loop
      vertex 128.9607735249787 -9.562153161491818 25.25
      vertex 129.87895622614909 -9.127885086005474 20.25
      vertex 128.9607735249787 -9.562153161491818 20.25
    endloop
  endfacet
  facet normal -0.5141027441932268 0.8577286100002691 0
    outer loop
      vertex 129.87895622614909 -9.127885086005474 25.25
      vertex 130.75015191175288 -8.605710487331343 20.25
      vertex 129.87895622614909 -9.127885086005474 20.25
    endloop
  endfacet
  facet normal -0.59569930449243 0.8032075314806474 0
    outer loop
      vertex 130.75015191175288 -8.605710487331343 25.25
      vertex 131.56597049109374 -8.000658192304327 20.25
      vertex 130.75015191175288 -8.605710487331343 20.25
    endloop
  endfacet
  facet normal -0.6715589548470247 0.7409511253549532 0
    outer loop
      vertex 131.56597049109374 -8.000658192304327 25.25
      vertex 132.31855518528076 -7.3185551852807675 20.25
      vertex 131.56597049109374 -8.000658192304327 20.25
    endloop
  endfacet
  facet normal -0.7409511253549618 0.6715589548470156 0
    outer loop
      vertex 132.31855518528076 -7.3185551852807675 20.25
      vertex 132.31855518528076 -7.3185551852807675 25.25
      vertex 133.00065819230431 -6.56597049109373 20.25
    endloop
  endfacet
  facet normal 0 0 -1
    outer loop
      vertex 100.25 -20.25 20.25
      vertex 167.68144481471924 -7.3185551852807675 20.25
      vertex 168.43402950890626 -8.000658192304327 20.25
    endloop
  endfacet
  facet normal 0 0 -1
    outer loop
      vertex 100.25 -20.25 20.25
      vertex 168.43402950890626 -8.000658192304327 20.25
      vertex 169.24984808824712 -8.605710487331343 20.25
    endloop
  endfacet
  facet normal 0 0 -1
    outer loop
      vertex 167.68144481471924 -7.3185551852807675 20.25
      vertex 126.01447740241095 -10.300161921057239 20.25
      vertex 127.01918483286693 -10.151127652173434 20.25
    endloop
  endfacet
  facet normal 0 0 -1
    outer loop
      vertex 167.68144481471924 -7.3185551852807675 20.25
      vertex 127.01918483286693 -10.151127652173434 20.25
      vertex 128.0044464095837 -9.904332474828362 20.25
    endloop
  endfacet
  facet normal 0 0 -1
    outer loop
      vertex 167.68144481471924 -7.3185551852807675 20.25
      vertex 128.0044464095837 -9.904332474828362 20.25
      vertex 128.9607735249787 -9.562153161491818 20.25
    endloop
  endfacet
  facet normal 0 0 -1
    outer loop
      vertex 167.68144481471924 -7.3185551852807675 20.25
      vertex 128.9607735249787 -9.562153161491818 20.25
      vertex 129.87895622614909 -9.127885086005474 20.25
    endloop
  endfacet
  facet normal 0 0 -1
    outer loop
      vertex 167.68144481471924 -7.3185551852807675 20.25
      vertex 129.87895622614909 -9.127885086005474 20.25
      vertex 130.75015191175288 -8.605710487331343 20.25
    endloop
  endfacet
  facet normal 0 0 -1
    outer loop
      vertex 167.68144481471924 -7.3185551852807675 20.25
      vertex 130.75015191175288 -8.605710487331343 20.25
      vertex 131.56597049109374 -8.000658192304327 20.25
    endloop
  endfacet
  facet normal 0 0 -1
    outer loop
      vertex 167.68144481471924 -7.3185551852807675 20.25
      vertex 131.56597049109374 -8.000658192304327 20.25
      vertex 132.31855518528076 -7.3185551852807675 20.25
    endloop
  endfacet
  facet normal 0 0 -1
    outer loop
      vertex 167.68144481471924 -7.3185551852807675 20.25
      vertex 132.31855518528076 -7.3185551852807675 20.25
      vertex 133.00065819230431 -6.56597049109373 20.25
    endloop
  endfacet
  facet normal -0.04906767432741713 0.9987954562051725 0
    outer loop
      vertex 126.01447740241095 -10.300161921057239 25.25
      vertex 126.01447740241095 -10.300161921057239 20.25
      vertex 125 -10.35 25.25
    endloop
  endfacet
  facet normal -0.14673047445536286 0.9891765099647809 0
    outer loop
      vertex 127.01918483286693 -10.151127652173434 25.25
      vertex 127.01918483286693 -10.151127652173434 20.25
      vertex 126.01447740241095 -10.300161921057239 25.25
    endloop
  endfacet
  facet normal -0.24298017990326115 0.9700312531945448 0
    outer loop
      vertex 128.0044464095837 -9.904332474828362 25.25
      vertex 128.0044464095837 -9.904332474828362 20.25
      vertex 127.01918483286693 -10.151127652173434 25.25
    endloop
  endfacet
  facet normal -0.3368898533922188 0.9415440651830211 0
    outer loop
      vertex 128.9607735249787 -9.562153161491818 25.25
      vertex 128.9607735249787 -9.562153161491818 20.25
      vertex 128.0044464095837 -9.904332474828362 25.25
    endloop
  endfacet
  facet normal -0.4275550934302832 0.9039892931234429 0
    outer loop
      vertex 129.87895622614909 -9.127885086005474 25.25
      vertex 129.87895622614909 -9.127885086005474 20.25
      vertex 128.9607735249787 -9.562153161491818 25.25
    endloop
  endfacet
  facet normal -0.5141027441932268 0.8577286100002691 0
    outer loop
      vertex 130.75015191175288 -8.605710487331343 25.25
      vertex 130.75015191175288 -8.605710487331343 20.25
      vertex 129.87895622614909 -9.127885086005474 25.25
    endloop
  endfacet
  facet normal -0.59569930449243 0.8032075314806474 0
    outer loop
      vertex 131.56597049109374 -8.000658192304327 25.25
      vertex 131.56597049109374 -8.000658192304327 20.25
      vertex 130.75015191175288 -8.605710487331343 25.25
    endloop
  endfacet
  facet normal -0.6715589548470247 0.7409511253549532 0
    outer loop
      vertex 132.31855518528076 -7.3185551852807675 25.25
      vertex 132.31855518528076 -7.3185551852807675 20.25
      vertex 131.56597049109374 -8.000658192304327 25.25
    endloop
  endfacet
  facet normal -0.7409511253549618 0.6715589548470156 0
    outer loop
      vertex 132.31855518528076 -7.3185551852807675 25.25
      vertex 133.00065819230431 -6.56597049109373 25.25
      vertex 133.00065819230431 -6.56597049109373 20.25
    endloop
  endfacet
  facet normal 0 0 1
    outer loop
      vertex 128.9607735249787 -9.562153161491818 25.25
      vertex 128.0044464095837 -9.904332474828362 25.25
      vertex 171.0392264750213 -9.562153161491818 25.25
    endloop
  endfacet
  facet normal 0 0 1
    outer loop
      vertex 129.87895622614909 -9.127885086005474 25.25
      vertex 128.9607735249787 -9.562153161491818 25.25
      vertex 170.12104377385091 -9.127885086005474 25.25
    endloop
  endfacet
  facet normal 0 0 1
    outer loop
      vertex 130.75015191175288 -8.605710487331343 25.25
      vertex 129.87895622614909 -9.127885086005474 25.25
      vertex 169.24984808824712 -8.605710487331343 25.25
    endloop
  endfacet
  facet normal 0 0 1
    outer loop
      vertex 131.56597049109374 -8.000658192304327 25.25
      vertex 130.75015191175288 -8.605710487331343 25.25
      vertex 168.43402950890626 -8.000658192304327 25.25
    endloop
  endfacet
  facet normal 0 0 1
    outer loop
      vertex 132.31855518528076 -7.3185551852807675 25.25
      vertex 131.56597049109374 -8.000658192304327 25.25
      vertex 167.68144481471924 -7.3185551852807675 25.25
    endloop
  endfacet
  facet normal 0 0 1
    outer loop
      vertex 132.31855518528076 -7.3185551852807675 25.25
      vertex 166.99934180769569 -6.56597049109373 25.25
      vertex 133.00065819230431 -6.56597049109373 25.25
    endloop
  endfacet
  facet normal -0.803207531480635 0.5956993044924466 0
    outer loop
      vertex 133.00065819230431 -6.56597049109373 25.25
      vertex 133.60571048733135 -5.750151911752883 20.25
      vertex 133.00065819230431 -6.56597049109373 20.25
    endloop
  endfacet
  facet normal -0.8577286100002742 0.5141027441932183 0
    outer loop
      vertex 133.60571048733135 -5.750151911752883 25.25
      vertex 134.12788508600548 -4.878956226149075 20.25
      vertex 133.60571048733135 -5.750151911752883 20.25
    endloop
  endfacet
  facet normal -0.9039892931234484 0.42755509343027115 0
    outer loop
      vertex 134.12788508600548 -4.878956226149075 25.25
      vertex 134.5621531614918 -3.9607735249786793 20.25
      vertex 134.12788508600548 -4.878956226149075 20.25
    endloop
  endfacet
  facet normal -0.9415440651830208 0.33688985339222 0
    outer loop
      vertex 134.5621531614918 -3.9607735249786793 25.25
      vertex 134.90433247482835 -3.004446409583685 20.25
      vertex 134.5621531614918 -3.9607735249786793 20.25
    endloop
  endfacet
  facet normal -0.9700312531945395 0.24298017990328127 0
    outer loop
      vertex 134.90433247482835 -3.004446409583685 25.25
      vertex 135.15112765217344 -2.0191848328669275 20.25
      vertex 134.90433247482835 -3.004446409583685 20.25
    endloop
  endfacet
  facet normal -0.989176509964784 0.14673047445534124 0
    outer loop
      vertex 135.15112765217344 -2.0191848328669275 25.25
      vertex 135.30016192105722 -1.0144774024109522 20.25
      vertex 135.15112765217344 -2.0191848328669275 20.25
    endloop
  endfacet
  facet normal -0.998795456205172 0.04906767432742558 0
    outer loop
      vertex 135.30016192105722 -1.0144774024109522 20.25
      vertex 135.30016192105722 -1.0144774024109522 25.25
      vertex 135.35 0 20.25
    endloop
  endfacet
  facet normal 0 0 -1
    outer loop
      vertex 133.60571048733135 -5.750151911752883 20.25
      vertex 166.99934180769569 -6.56597049109373 20.25
      vertex 133.00065819230431 -6.56597049109373 20.25
    endloop
  endfacet
  facet normal 0 0 -1
    outer loop
      vertex 134.12788508600548 -4.878956226149075 20.25
      vertex 166.39428951266865 -5.750151911752883 20.25
      vertex 133.60571048733135 -5.750151911752883 20.25
    endloop
  endfacet
  facet normal 0 0 -1
    outer loop
      vertex 134.5621531614918 -3.9607735249786793 20.25
      vertex 165.87211491399452 -4.878956226149075 20.25
      vertex 134.12788508600548 -4.878956226149075 20.25
    endloop
  endfacet
  facet normal 0 0 -1
    outer loop
      vertex 134.90433247482835 -3.004446409583685 20.25
      vertex 165.4378468385082 -3.9607735249786793 20.25
      vertex 134.5621531614918 -3.9607735249786793 20.25
    endloop
  endfacet
  facet normal 0 0 -1
    outer loop
      vertex 135.15112765217344 -2.0191848328669275 20.25
      vertex 165.09566752517165 -3.004446409583685 20.25
      vertex 134.90433247482835 -3.004446409583685 20.25
    endloop
  endfacet
  facet normal 0 0 -1
    outer loop
      vertex 135.30016192105722 -1.0144774024109522 20.25
      vertex 164.84887234782656 -2.0191848328669275 20.25
      vertex 135.15112765217344 -2.0191848328669275 20.25
    endloop
  endfacet
  facet normal 0 0 -1
    outer loop
      vertex 164.69983807894278 -1.0144774024109522 20.25
      vertex 135.30016192105722 -1.0144774024109522 20.25
      vertex 135.35 0 20.25
    endloop
  endfacet
  facet normal -0.803207531480635 0.5956993044924466 0
    outer loop
      vertex 133.00065819230431 -6.56597049109373 25.25
      vertex 133.60571048733135 -5.750151911752883 25.25
      vertex 133.60571048733135 -5.750151911752883 20.25
    endloop
  endfacet
  facet normal -0.8577286100002742 0.5141027441932183 0
    outer loop
      vertex 133.60571048733135 -5.750151911752883 25.25
      vertex 134.12788508600548 -4.878956226149075 25.25
      vertex 134.12788508600548 -4.878956226149075 20.25
    endloop
  endfacet
  facet normal -0.9039892931234484 0.42755509343027115 0
    outer loop
      vertex 134.12788508600548 -4.878956226149075 25.25
      vertex 134.5621531614918 -3.9607735249786793 25.25
      vertex 134.5621531614918 -3.9607735249786793 20.25
    endloop
  endfacet
  facet normal -0.9415440651830208 0.33688985339222 0
    outer loop
      vertex 134.5621531614918 -3.9607735249786793 25.25
      vertex 134.90433247482835 -3.004446409583685 25.25
      vertex 134.90433247482835 -3.004446409583685 20.25
    endloop
  endfacet
  facet normal -0.9700312531945395 0.24298017990328127 0
    outer loop
      vertex 134.90433247482835 -3.004446409583685 25.25
      vertex 135.15112765217344 -2.0191848328669275 25.25
      vertex 135.15112765217344 -2.0191848328669275 20.25
    endloop
  endfacet
  facet normal -0.989176509964784 0.14673047445534124 0
    outer loop
      vertex 135.15112765217344 -2.0191848328669275 25.25
      vertex 135.30016192105722 -1.0144774024109522 25.25
      vertex 135.30016192105722 -1.0144774024109522 20.25
    endloop
  endfacet
  facet normal -0.998795456205172 0.04906767432742558 0
    outer loop
      vertex 135.30016192105722 -1.0144774024109522 25.25
      vertex 135.35 0 25.25
      vertex 135.35 0 20.25
    endloop
  endfacet
  facet normal 0 0 1
    outer loop
      vertex 133.00065819230431 -6.56597049109373 25.25
      vertex 166.39428951266865 -5.750151911752883 25.25
      vertex 133.60571048733135 -5.750151911752883 25.25
    endloop
  endfacet
  facet normal 0 0 1
    outer loop
      vertex 133.60571048733135 -5.750151911752883 25.25
      vertex 165.87211491399452 -4.878956226149075 25.25
      vertex 134.12788508600548 -4.878956226149075 25.25
    endloop
  endfacet
  facet normal 0 0 1
    outer loop
      vertex 134.12788508600548 -4.878956226149075 25.25
      vertex 165.4378468385082 -3.9607735249786793 25.25
      vertex 134.5621531614918 -3.9607735249786793 25.25
    endloop
  endfacet
  facet normal 0 0 1
    outer loop
      vertex 134.5621531614918 -3.9607735249786793 25.25
      vertex 165.09566752517165 -3.004446409583685 25.25
      vertex 134.90433247482835 -3.004446409583685 25.25
    endloop
  endfacet
  facet normal 0 0 1
    outer loop
      vertex 134.90433247482835 -3.004446409583685 25.25
      vertex 164.84887234782656 -2.0191848328669275 25.25
      vertex 135.15112765217344 -2.0191848328669275 25.25
    endloop
  endfacet
  facet normal 0 0 1
    outer loop
      vertex 135.15112765217344 -2.0191848328669275 25.25
      vertex 164.69983807894278 -1.0144774024109522 25.25
      vertex 135.30016192105722 -1.0144774024109522 25.25
    endloop
  endfacet
  facet normal 0 0 1
    outer loop
      vertex 164.65 0 25.25
      vertex 135.35 0 25.25
      vertex 135.30016192105722 -1.0144774024109522 25.25
    endloop
  endfacet
  facet normal 0 -1 0
    outer loop
      vertex 100.25 -25.25 0.25
      vertex 300.25 -25.25 25.25
      vertex 100.25 -25.25 25.25
    endloop
  endfacet
  facet normal 0 0 1
    outer loop
      vertex 100.25 -25.25 25.25
      vertex 300.25 -25.25 25.25
      vertex 100.25 -20.25 25.25
    endloop
  endfacet
  facet normal 0 0 1
    outer loop
      vertex 100.25 -20.25 25.25
      vertex 280.4480198019802 -20.25 25.25
      vertex 125 -10.35 25.25
    endloop
  endfacet
  facet normal 0 0 -1
    outer loop
      vertex 100.25 -20.25 20.25
      vertex 173.98552259758904 -10.300161921057239 20.25
      vertex 300.25 -20.25 20.25
    endloop
  endfacet
  facet normal 0 0 1
    outer loop
      vertex 280.4480198019802 -20.25 25.25
      vertex 126.01447740241095 -10.300161921057239 25.25
      vertex 125 -10.35 25.25
    endloop
  endfacet
  facet normal 0 0 1
    outer loop
      vertex 280.4480198019802 -20.25 25.25
      vertex 127.01918483286693 -10.151127652173434 25.25
      vertex 126.01447740241095 -10.300161921057239 25.25
    endloop
  endfacet
  facet normal 0 0 1
    outer loop
      vertex 280.4480198019802 -20.25 25.25
      vertex 128.0044464095837 -9.904332474828362 25.25
      vertex 127.01918483286693 -10.151127652173434 25.25
    endloop
  endfacet
  facet normal 0 0 1
    outer loop
      vertex 280.4480198019802 -20.25 25.25
      vertex 173.98552259758904 -10.300161921057239 25.25
      vertex 128.0044464095837 -9.904332474828362 25.25
    endloop
  endfacet
  facet normal 0 0 -1
    outer loop
      vertex 167.68144481471924 -7.3185551852807675 20.25
      vertex 133.00065819230431 -6.56597049109373 20.25
      vertex 166.99934180769569 -6.56597049109373 20.25
    endloop
  endfacet
  facet normal 0.3368898533922188 0.9415440651830211 0
    outer loop
      vertex 171.0392264750213 -9.562153161491818 25.25
      vertex 171.9955535904163 -9.904332474828362 20.25
      vertex 171.0392264750213 -9.562153161491818 20.25
    endloop
  endfacet
  facet normal 0.04906767432741644 0.9987954562051725 0
    outer loop
      vertex 173.98552259758904 -10.300161921057239 25.25
      vertex 175 -10.35 20.25
      vertex 173.98552259758904 -10.300161921057239 20.25
    endloop
  endfacet
  facet normal 0.24298017990326115 0.9700312531945448 0
    outer loop
      vertex 171.9955535904163 -9.904332474828362 25.25
      vertex 172.98081516713307 -10.151127652173434 20.25
      vertex 171.9955535904163 -9.904332474828362 20.25
    endloop
  endfacet
  facet normal 0.14673047445536488 0.9891765099647806 0
    outer loop
      vertex 172.98081516713307 -10.151127652173434 25.25
      vertex 173.98552259758904 -10.300161921057239 20.25
      vertex 172.98081516713307 -10.151127652173434 20.25
    endloop
  endfacet
  facet normal 0.59569930449243 0.8032075314806474 0
    outer loop
      vertex 168.43402950890626 -8.000658192304327 25.25
      vertex 169.24984808824712 -8.605710487331343 20.25
      vertex 168.43402950890626 -8.000658192304327 20.25
    endloop
  endfacet
  facet normal 0.6715589548470247 0.7409511253549532 0
    outer loop
      vertex 168.43402950890626 -8.000658192304327 20.25
      vertex 167.68144481471924 -7.3185551852807675 20.25
      vertex 167.68144481471924 -7.3185551852807675 25.25
    endloop
  endfacet
  facet normal 0.7409511253549618 0.6715589548470156 0
    outer loop
      vertex 167.68144481471924 -7.3185551852807675 20.25
      vertex 166.99934180769569 -6.56597049109373 20.25
      vertex 166.99934180769569 -6.56597049109373 25.25
    endloop
  endfacet
  facet normal 0.4275550934302832 0.9039892931234429 0
    outer loop
      vertex 170.12104377385091 -9.127885086005474 25.25
      vertex 171.0392264750213 -9.562153161491818 20.25
      vertex 170.12104377385091 -9.127885086005474 20.25
    endloop
  endfacet
  facet normal 0.5141027441932268 0.8577286100002691 0
    outer loop
      vertex 169.24984808824712 -8.605710487331343 25.25
      vertex 170.12104377385091 -9.127885086005474 20.25
      vertex 169.24984808824712 -8.605710487331343 20.25
    endloop
  endfacet
  facet normal 0 0 1
    outer loop
      vertex 128.0044464095837 -9.904332474828362 25.25
      vertex 172.98081516713307 -10.151127652173434 25.25
      vertex 171.9955535904163 -9.904332474828362 25.25
    endloop
  endfacet
  facet normal 0 0 1
    outer loop
      vertex 128.0044464095837 -9.904332474828362 25.25
      vertex 171.9955535904163 -9.904332474828362 25.25
      vertex 171.0392264750213 -9.562153161491818 25.25
    endloop
  endfacet
  facet normal 0 0 1
    outer loop
      vertex 128.0044464095837 -9.904332474828362 25.25
      vertex 173.98552259758904 -10.300161921057239 25.25
      vertex 172.98081516713307 -10.151127652173434 25.25
    endloop
  endfacet
  facet normal 0 0 1
    outer loop
      vertex 129.87895622614909 -9.127885086005474 25.25
      vertex 170.12104377385091 -9.127885086005474 25.25
      vertex 169.24984808824712 -8.605710487331343 25.25
    endloop
  endfacet
  facet normal 0 0 1
    outer loop
      vertex 130.75015191175288 -8.605710487331343 25.25
      vertex 169.24984808824712 -8.605710487331343 25.25
      vertex 168.43402950890626 -8.000658192304327 25.25
    endloop
  endfacet
  facet normal 0 0 1
    outer loop
      vertex 131.56597049109374 -8.000658192304327 25.25
      vertex 168.43402950890626 -8.000658192304327 25.25
      vertex 167.68144481471924 -7.3185551852807675 25.25
    endloop
  endfacet
  facet normal 0 0 1
    outer loop
      vertex 132.31855518528076 -7.3185551852807675 25.25
      vertex 167.68144481471924 -7.3185551852807675 25.25
      vertex 166.99934180769569 -6.56597049109373 25.25
    endloop
  endfacet
  facet normal 0 0 1
    outer loop
      vertex 128.9607735249787 -9.562153161491818 25.25
      vertex 171.0392264750213 -9.562153161491818 25.25
      vertex 170.12104377385091 -9.127885086005474 25.25
    endloop
  endfacet
  facet normal 0.3368898533922188 0.9415440651830211 0
    outer loop
      vertex 171.9955535904163 -9.904332474828362 25.25
      vertex 171.9955535904163 -9.904332474828362 20.25
      vertex 171.0392264750213 -9.562153161491818 25.25
    endloop
  endfacet
  facet normal 0.04906767432741644 0.9987954562051725 0
    outer loop
      vertex 175 -10.35 25.25
      vertex 175 -10.35 20.25
      vertex 173.98552259758904 -10.300161921057239 25.25
    endloop
  endfacet
  facet normal 0.24298017990326115 0.9700312531945448 0
    outer loop
      vertex 172.98081516713307 -10.151127652173434 25.25
      vertex 172.98081516713307 -10.151127652173434 20.25
      vertex 171.9955535904163 -9.904332474828362 25.25
    endloop
  endfacet
  facet normal 0.14673047445536488 0.9891765099647806 0
    outer loop
      vertex 173.98552259758904 -10.300161921057239 25.25
      vertex 173.98552259758904 -10.300161921057239 20.25
      vertex 172.98081516713307 -10.151127652173434 25.25
    endloop
  endfacet
  facet normal 0.59569930449243 0.8032075314806474 0
    outer loop
      vertex 169.24984808824712 -8.605710487331343 25.25
      vertex 169.24984808824712 -8.605710487331343 20.25
      vertex 168.43402950890626 -8.000658192304327 25.25
    endloop
  endfacet
  facet normal 0.6715589548470247 0.7409511253549532 0
    outer loop
      vertex 168.43402950890626 -8.000658192304327 25.25
      vertex 168.43402950890626 -8.000658192304327 20.25
      vertex 167.68144481471924 -7.3185551852807675 25.25
    endloop
  endfacet
  facet normal 0.7409511253549618 0.6715589548470156 0
    outer loop
      vertex 166.99934180769569 -6.56597049109373 25.25
      vertex 167.68144481471924 -7.3185551852807675 25.25
      vertex 167.68144481471924 -7.3185551852807675 20.25
    endloop
  endfacet
  facet normal 0.5141027441932268 0.8577286100002691 0
    outer loop
      vertex 170.12104377385091 -9.127885086005474 25.25
      vertex 170.12104377385091 -9.127885086005474 20.25
      vertex 169.24984808824712 -8.605710487331343 25.25
    endloop
  endfacet
  facet normal 0.4275550934302832 0.9039892931234429 0
    outer loop
      vertex 171.0392264750213 -9.562153161491818 25.25
      vertex 171.0392264750213 -9.562153161491818 20.25
      vertex 170.12104377385091 -9.127885086005474 25.25
    endloop
  endfacet
  facet normal 0 0 -1
    outer loop
      vertex 133.60571048733135 -5.750151911752883 20.25
      vertex 166.39428951266865 -5.750151911752883 20.25
      vertex 166.99934180769569 -6.56597049109373 20.25
    endloop
  endfacet
  facet normal 0 0 -1
    outer loop
      vertex 134.12788508600548 -4.878956226149075 20.25
      vertex 165.87211491399452 -4.878956226149075 20.25
      vertex 166.39428951266865 -5.750151911752883 20.25
    endloop
  endfacet
  facet normal 0 0 -1
    outer loop
      vertex 134.5621531614918 -3.9607735249786793 20.25
      vertex 165.4378468385082 -3.9607735249786793 20.25
      vertex 165.87211491399452 -4.878956226149075 20.25
    endloop
  endfacet
  facet normal 0 0 -1
    outer loop
      vertex 134.90433247482835 -3.004446409583685 20.25
      vertex 165.09566752517165 -3.004446409583685 20.25
      vertex 165.4378468385082 -3.9607735249786793 20.25
    endloop
  endfacet
  facet normal 0 0 -1
    outer loop
      vertex 135.15112765217344 -2.0191848328669275 20.25
      vertex 164.84887234782656 -2.0191848328669275 20.25
      vertex 165.09566752517165 -3.004446409583685 20.25
    endloop
  endfacet
  facet normal 0 0 -1
    outer loop
      vertex 135.30016192105722 -1.0144774024109522 20.25
      vertex 164.69983807894278 -1.0144774024109522 20.25
      vertex 164.84887234782656 -2.0191848328669275 20.25
    endloop
  endfacet
  facet normal 0 0 -1
    outer loop
      vertex 164.69983807894278 -1.0144774024109522 20.25
      vertex 135.35 0 20.25
      vertex 164.65 0 20.25
    endloop
  endfacet
  facet normal 0.803207531480635 0.5956993044924466 0
    outer loop
      vertex 166.39428951266865 -5.750151911752883 25.25
      vertex 166.99934180769569 -6.56597049109373 20.25
      vertex 166.39428951266865 -5.750151911752883 20.25
    endloop
  endfacet
  facet normal 0.8577286100002742 0.5141027441932183 0
    outer loop
      vertex 165.87211491399452 -4.878956226149075 25.25
      vertex 166.39428951266865 -5.750151911752883 20.25
      vertex 165.87211491399452 -4.878956226149075 20.25
    endloop
  endfacet
  facet normal 0.9039892931234484 0.42755509343027115 0
    outer loop
      vertex 165.4378468385082 -3.9607735249786793 25.25
      vertex 165.87211491399452 -4.878956226149075 20.25
      vertex 165.4378468385082 -3.9607735249786793 20.25
    endloop
  endfacet
  facet normal 0.9415440651830208 0.33688985339222 0
    outer loop
      vertex 165.09566752517165 -3.004446409583685 25.25
      vertex 165.4378468385082 -3.9607735249786793 20.25
      vertex 165.09566752517165 -3.004446409583685 20.25
    endloop
  endfacet
  facet normal 0.9700312531945395 0.24298017990328127 0
    outer loop
      vertex 164.84887234782656 -2.0191848328669275 25.25
      vertex 165.09566752517165 -3.004446409583685 20.25
      vertex 164.84887234782656 -2.0191848328669275 20.25
    endloop
  endfacet
  facet normal 0.989176509964784 0.14673047445534124 0
    outer loop
      vertex 164.69983807894278 -1.0144774024109522 25.25
      vertex 164.84887234782656 -2.0191848328669275 20.25
      vertex 164.69983807894278 -1.0144774024109522 20.25
    endloop
  endfacet
  facet normal 0.998795456205172 0.04906767432742558 0
    outer loop
      vertex 164.65 0 25.25
      vertex 164.69983807894278 -1.0144774024109522 20.25
      vertex 164.65 0 20.25
    endloop
  endfacet
  facet normal 0 0 1
    outer loop
      vertex 133.00065819230431 -6.56597049109373 25.25
      vertex 166.99934180769569 -6.56597049109373 25.25
      vertex 166.39428951266865 -5.750151911752883 25.25
    endloop
  endfacet
  facet normal 0 0 1
    outer loop
      vertex 133.60571048733135 -5.750151911752883 25.25
      vertex 166.39428951266865 -5.750151911752883 25.25
      vertex 165.87211491399452 -4.878956226149075 25.25
    endloop
  endfacet
  facet normal 0 0 1
    outer loop
      vertex 134.12788508600548 -4.878956226149075 25.25
      vertex 165.87211491399452 -4.878956226149075 25.25
      vertex 165.4378468385082 -3.9607735249786793 25.25
    endloop
  endfacet
  facet normal 0 0 1
    outer loop
      vertex 134.5621531614918 -3.9607735249786793 25.25
      vertex 165.4378468385082 -3.9607735249786793 25.25
      vertex 165.09566752517165 -3.004446409583685 25.25
    endloop
  endfacet
  facet normal 0 0 1
    outer loop
      vertex 134.90433247482835 -3.004446409583685 25.25
      vertex 165.09566752517165 -3.004446409583685 25.25
      vertex 164.84887234782656 -2.0191848328669275 25.25
    endloop
  endfacet
  facet normal 0 0 1
    outer loop
      vertex 135.15112765217344 -2.0191848328669275 25.25
      vertex 164.84887234782656 -2.0191848328669275 25.25
      vertex 164.69983807894278 -1.0144774024109522 25.25
    endloop
  endfacet
  facet normal 0 0 1
    outer loop
      vertex 164.65 0 25.25
      vertex 135.30016192105722 -1.0144774024109522 25.25
      vertex 164.69983807894278 -1.0144774024109522 25.25
    endloop
  endfacet
  facet normal 0.803207531480635 0.5956993044924466 0
    outer loop
      vertex 166.39428951266865 -5.750151911752883 25.25
      vertex 166.99934180769569 -6.56597049109373 25.25
      vertex 166.99934180769569 -6.56597049109373 20.25
    endloop
  endfacet
  facet normal 0.8577286100002742 0.5141027441932183 0
    outer loop
      vertex 165.87211491399452 -4.878956226149075 25.25
      vertex 166.39428951266865 -5.750151911752883 25.25
      vertex 166.39428951266865 -5.750151911752883 20.25
    endloop
  endfacet
  facet normal 0.9039892931234484 0.42755509343027115 0
    outer loop
      vertex 165.4378468385082 -3.9607735249786793 25.25
      vertex 165.87211491399452 -4.878956226149075 25.25
      vertex 165.87211491399452 -4.878956226149075 20.25
    endloop
  endfacet
  facet normal 0.9415440651830208 0.33688985339222 0
    outer loop
      vertex 165.09566752517165 -3.004446409583685 25.25
      vertex 165.4378468385082 -3.9607735249786793 25.25
      vertex 165.4378468385082 -3.9607735249786793 20.25
    endloop
  endfacet
  facet normal 0.9700312531945395 0.24298017990328127 0
    outer loop
      vertex 164.84887234782656 -2.0191848328669275 25.25
      vertex 165.09566752517165 -3.004446409583685 25.25
      vertex 165.09566752517165 -3.004446409583685 20.25
    endloop
  endfacet
  facet normal 0.989176509964784 0.14673047445534124 0
    outer loop
      vertex 164.69983807894278 -1.0144774024109522 25.25
      vertex 164.84887234782656 -2.0191848328669275 25.25
      vertex 164.84887234782656 -2.0191848328669275 20.25
    endloop
  endfacet
  facet normal 0.998795456205172 0.04906767432742558 0
    outer loop
      vertex 164.65 0 25.25
      vertex 164.69983807894278 -1.0144774024109522 25.25
      vertex 164.69983807894278 -1.0144774024109522 20.25
    endloop
  endfacet
  facet normal -0.04906767432741644 0.9987954562051725 0
    outer loop
      vertex 175 -10.35 25.25
      vertex 176.01447740241096 -10.300161921057239 20.25
      vertex 175 -10.35 20.25
    endloop
  endfacet
  facet normal -0.14673047445536488 0.9891765099647806 0
    outer loop
      vertex 176.01447740241096 -10.300161921057239 25.25
      vertex 177.01918483286693 -10.151127652173434 20.25
      vertex 176.01447740241096 -10.300161921057239 20.25
    endloop
  endfacet
  facet normal -0.24298017990326115 0.9700312531945448 0
    outer loop
      vertex 177.01918483286693 -10.151127652173434 25.25
      vertex 178.0044464095837 -9.904332474828362 20.25
      vertex 177.01918483286693 -10.151127652173434 20.25
    endloop
  endfacet
  facet normal -0.3368898533922188 0.9415440651830211 0
    outer loop
      vertex 178.0044464095837 -9.904332474828362 25.25
      vertex 178.9607735249787 -9.562153161491818 20.25
      vertex 178.0044464095837 -9.904332474828362 20.25
    endloop
  endfacet
  facet normal -0.4275550934302832 0.9039892931234429 0
    outer loop
      vertex 178.9607735249787 -9.562153161491818 25.25
      vertex 179.87895622614909 -9.127885086005474 20.25
      vertex 178.9607735249787 -9.562153161491818 20.25
    endloop
  endfacet
  facet normal -0.5141027441932268 0.8577286100002691 0
    outer loop
      vertex 179.87895622614909 -9.127885086005474 25.25
      vertex 180.75015191175288 -8.605710487331343 20.25
      vertex 179.87895622614909 -9.127885086005474 20.25
    endloop
  endfacet
  facet normal -0.59569930449243 0.8032075314806474 0
    outer loop
      vertex 180.75015191175288 -8.605710487331343 25.25
      vertex 181.56597049109374 -8.000658192304327 20.25
      vertex 180.75015191175288 -8.605710487331343 20.25
    endloop
  endfacet
  facet normal -0.6715589548470247 0.7409511253549532 0
    outer loop
      vertex 181.56597049109374 -8.000658192304327 25.25
      vertex 182.31855518528076 -7.3185551852807675 20.25
      vertex 181.56597049109374 -8.000658192304327 20.25
    endloop
  endfacet
  facet normal -0.7409511253549618 0.6715589548470156 0
    outer loop
      vertex 182.31855518528076 -7.3185551852807675 20.25
      vertex 182.31855518528076 -7.3185551852807675 25.25
      vertex 183.00065819230431 -6.56597049109373 20.25
    endloop
  endfacet
  facet normal 0 0 -1
    outer loop
      vertex 177.01918483286693 -10.151127652173434 20.25
      vertex 178.0044464095837 -9.904332474828362 20.25
      vertex 222.98081516713307 -10.151127652173434 20.25
    endloop
  endfacet
  facet normal 0 0 -1
    outer loop
      vertex 178.0044464095837 -9.904332474828362 20.25
      vertex 178.9607735249787 -9.562153161491818 20.25
      vertex 221.9955535904163 -9.904332474828362 20.25
    endloop
  endfacet
  facet normal 0 0 -1
    outer loop
      vertex 178.9607735249787 -9.562153161491818 20.25
      vertex 179.87895622614909 -9.127885086005474 20.25
      vertex 221.0392264750213 -9.562153161491818 20.25
    endloop
  endfacet
  facet normal 0 0 -1
    outer loop
      vertex 179.87895622614909 -9.127885086005474 20.25
      vertex 180.75015191175288 -8.605710487331343 20.25
      vertex 220.12104377385091 -9.127885086005474 20.25
    endloop
  endfacet
  facet normal 0 0 -1
    outer loop
      vertex 180.75015191175288 -8.605710487331343 20.25
      vertex 181.56597049109374 -8.000658192304327 20.25
      vertex 219.24984808824712 -8.605710487331343 20.25
    endloop
  endfacet
  facet normal 0 0 -1
    outer loop
      vertex 181.56597049109374 -8.000658192304327 20.25
      vertex 182.31855518528076 -7.3185551852807675 20.25
      vertex 218.43402950890626 -8.000658192304327 20.25
    endloop
  endfacet
  facet normal 0 0 -1
    outer loop
      vertex 182.31855518528076 -7.3185551852807675 20.25
      vertex 183.00065819230431 -6.56597049109373 20.25
      vertex 217.68144481471924 -7.3185551852807675 20.25
    endloop
  endfacet
  facet normal -0.04906767432741644 0.9987954562051725 0
    outer loop
      vertex 176.01447740241096 -10.300161921057239 25.25
      vertex 176.01447740241096 -10.300161921057239 20.25
      vertex 175 -10.35 25.25
    endloop
  endfacet
  facet normal -0.14673047445536488 0.9891765099647806 0
    outer loop
      vertex 177.01918483286693 -10.151127652173434 25.25
      vertex 177.01918483286693 -10.151127652173434 20.25
      vertex 176.01447740241096 -10.300161921057239 25.25
    endloop
  endfacet
  facet normal -0.24298017990326115 0.9700312531945448 0
    outer loop
      vertex 178.0044464095837 -9.904332474828362 25.25
      vertex 178.0044464095837 -9.904332474828362 20.25
      vertex 177.01918483286693 -10.151127652173434 25.25
    endloop
  endfacet
  facet normal -0.3368898533922188 0.9415440651830211 0
    outer loop
      vertex 178.9607735249787 -9.562153161491818 25.25
      vertex 178.9607735249787 -9.562153161491818 20.25
      vertex 178.0044464095837 -9.904332474828362 25.25
    endloop
  endfacet
  facet normal -0.4275550934302832 0.9039892931234429 0
    outer loop
      vertex 179.87895622614909 -9.127885086005474 25.25
      vertex 179.87895622614909 -9.127885086005474 20.25
      vertex 178.9607735249787 -9.562153161491818 25.25
    endloop
  endfacet
  facet normal -0.5141027441932268 0.8577286100002691 0
    outer loop
      vertex 180.75015191175288 -8.605710487331343 25.25
      vertex 180.75015191175288 -8.605710487331343 20.25
      vertex 179.87895622614909 -9.127885086005474 25.25
    endloop
  endfacet
  facet normal -0.59569930449243 0.8032075314806474 0
    outer loop
      vertex 181.56597049109374 -8.000658192304327 25.25
      vertex 181.56597049109374 -8.000658192304327 20.25
      vertex 180.75015191175288 -8.605710487331343 25.25
    endloop
  endfacet
  facet normal -0.6715589548470247 0.7409511253549532 0
    outer loop
      vertex 182.31855518528076 -7.3185551852807675 25.25
      vertex 182.31855518528076 -7.3185551852807675 20.25
      vertex 181.56597049109374 -8.000658192304327 25.25
    endloop
  endfacet
  facet normal -0.7409511253549618 0.6715589548470156 0
    outer loop
      vertex 182.31855518528076 -7.3185551852807675 25.25
      vertex 183.00065819230431 -6.56597049109373 25.25
      vertex 183.00065819230431 -6.56597049109373 20.25
    endloop
  endfacet
  facet normal 0 0 1
    outer loop
      vertex 176.01447740241096 -10.300161921057239 25.25
      vertex 175 -10.35 25.25
      vertex 223.98552259758904 -10.300161921057239 25.25
    endloop
  endfacet
  facet normal 0 0 1
    outer loop
      vertex 177.01918483286693 -10.151127652173434 25.25
      vertex 176.01447740241096 -10.300161921057239 25.25
      vertex 222.98081516713307 -10.151127652173434 25.25
    endloop
  endfacet
  facet normal 0 0 1
    outer loop
      vertex 178.0044464095837 -9.904332474828362 25.25
      vertex 177.01918483286693 -10.151127652173434 25.25
      vertex 221.9955535904163 -9.904332474828362 25.25
    endloop
  endfacet
  facet normal 0 0 1
    outer loop
      vertex 178.9607735249787 -9.562153161491818 25.25
      vertex 178.0044464095837 -9.904332474828362 25.25
      vertex 221.0392264750213 -9.562153161491818 25.25
    endloop
  endfacet
  facet normal 0 0 1
    outer loop
      vertex 179.87895622614909 -9.127885086005474 25.25
      vertex 178.9607735249787 -9.562153161491818 25.25
      vertex 220.12104377385091 -9.127885086005474 25.25
    endloop
  endfacet
  facet normal 0 0 1
    outer loop
      vertex 180.75015191175288 -8.605710487331343 25.25
      vertex 179.87895622614909 -9.127885086005474 25.25
      vertex 219.24984808824712 -8.605710487331343 25.25
    endloop
  endfacet
  facet normal 0 0 1
    outer loop
      vertex 181.56597049109374 -8.000658192304327 25.25
      vertex 180.75015191175288 -8.605710487331343 25.25
      vertex 218.43402950890626 -8.000658192304327 25.25
    endloop
  endfacet
  facet normal 0 0 1
    outer loop
      vertex 182.31855518528076 -7.3185551852807675 25.25
      vertex 181.56597049109374 -8.000658192304327 25.25
      vertex 217.68144481471924 -7.3185551852807675 25.25
    endloop
  endfacet
  facet normal 0 0 1
    outer loop
      vertex 182.31855518528076 -7.3185551852807675 25.25
      vertex 216.99934180769569 -6.56597049109373 25.25
      vertex 183.00065819230431 -6.56597049109373 25.25
    endloop
  endfacet
  facet normal -0.803207531480635 0.5956993044924466 0
    outer loop
      vertex 183.00065819230431 -6.56597049109373 25.25
      vertex 183.60571048733135 -5.750151911752883 20.25
      vertex 183.00065819230431 -6.56597049109373 20.25
    endloop
  endfacet
  facet normal -0.8577286100002742 0.5141027441932183 0
    outer loop
      vertex 183.60571048733135 -5.750151911752883 25.25
      vertex 184.12788508600548 -4.878956226149075 20.25
      vertex 183.60571048733135 -5.750151911752883 20.25
    endloop
  endfacet
  facet normal -0.9039892931234484 0.42755509343027115 0
    outer loop
      vertex 184.12788508600548 -4.878956226149075 25.25
      vertex 184.5621531614918 -3.9607735249786793 20.25
      vertex 184.12788508600548 -4.878956226149075 20.25
    endloop
  endfacet
  facet normal -0.9415440651830208 0.33688985339222 0
    outer loop
      vertex 184.5621531614918 -3.9607735249786793 25.25
      vertex 184.90433247482835 -3.004446409583685 20.25
      vertex 184.5621531614918 -3.9607735249786793 20.25
    endloop
  endfacet
  facet normal -0.9700312531945395 0.24298017990328127 0
    outer loop
      vertex 184.90433247482835 -3.004446409583685 25.25
      vertex 185.15112765217344 -2.0191848328669275 20.25
      vertex 184.90433247482835 -3.004446409583685 20.25
    endloop
  endfacet
  facet normal -0.989176509964784 0.14673047445534124 0
    outer loop
      vertex 185.15112765217344 -2.0191848328669275 25.25
      vertex 185.30016192105722 -1.0144774024109522 20.25
      vertex 185.15112765217344 -2.0191848328669275 20.25
    endloop
  endfacet
  facet normal -0.998795456205172 0.04906767432742558 0
    outer loop
      vertex 185.30016192105722 -1.0144774024109522 20.25
      vertex 185.30016192105722 -1.0144774024109522 25.25
      vertex 185.35 0 20.25
    endloop
  endfacet
  facet normal 0 0 -1
    outer loop
      vertex 183.60571048733135 -5.750151911752883 20.25
      vertex 216.99934180769569 -6.56597049109373 20.25
      vertex 183.00065819230431 -6.56597049109373 20.25
    endloop
  endfacet
  facet normal 0 0 -1
    outer loop
      vertex 184.12788508600548 -4.878956226149075 20.25
      vertex 216.39428951266865 -5.750151911752883 20.25
      vertex 183.60571048733135 -5.750151911752883 20.25
    endloop
  endfacet
  facet normal 0 0 -1
    outer loop
      vertex 184.5621531614918 -3.9607735249786793 20.25
      vertex 215.87211491399452 -4.878956226149075 20.25
      vertex 184.12788508600548 -4.878956226149075 20.25
    endloop
  endfacet
  facet normal 0 0 -1
    outer loop
      vertex 184.90433247482835 -3.004446409583685 20.25
      vertex 215.4378468385082 -3.9607735249786793 20.25
      vertex 184.5621531614918 -3.9607735249786793 20.25
    endloop
  endfacet
  facet normal 0 0 -1
    outer loop
      vertex 215.09566752517165 3.004446409583685 20.25
      vertex 184.90433247482835 -3.004446409583685 20.25
      vertex 185.15112765217344 -2.0191848328669275 20.25
    endloop
  endfacet
  facet normal 0 0 -1
    outer loop
      vertex 215.09566752517165 3.004446409583685 20.25
      vertex 185.15112765217344 -2.0191848328669275 20.25
      vertex 185.30016192105722 -1.0144774024109522 20.25
    endloop
  endfacet
  facet normal -0.803207531480635 0.5956993044924466 0
    outer loop
      vertex 183.00065819230431 -6.56597049109373 25.25
      vertex 183.60571048733135 -5.750151911752883 25.25
      vertex 183.60571048733135 -5.750151911752883 20.25
    endloop
  endfacet
  facet normal -0.8577286100002742 0.5141027441932183 0
    outer loop
      vertex 183.60571048733135 -5.750151911752883 25.25
      vertex 184.12788508600548 -4.878956226149075 25.25
      vertex 184.12788508600548 -4.878956226149075 20.25
    endloop
  endfacet
  facet normal -0.9039892931234484 0.42755509343027115 0
    outer loop
      vertex 184.12788508600548 -4.878956226149075 25.25
      vertex 184.5621531614918 -3.9607735249786793 25.25
      vertex 184.5621531614918 -3.9607735249786793 20.25
    endloop
  endfacet
  facet normal -0.9415440651830208 0.33688985339222 0
    outer loop
      vertex 184.5621531614918 -3.9607735249786793 25.25
      vertex 184.90433247482835 -3.004446409583685 25.25
      vertex 184.90433247482835 -3.004446409583685 20.25
    endloop
  endfacet
  facet normal -0.9700312531945395 0.24298017990328127 0
    outer loop
      vertex 184.90433247482835 -3.004446409583685 25.25
      vertex 185.15112765217344 -2.0191848328669275 25.25
      vertex 185.15112765217344 -2.0191848328669275 20.25
    endloop
  endfacet
  facet normal -0.989176509964784 0.14673047445534124 0
    outer loop
      vertex 185.15112765217344 -2.0191848328669275 25.25
      vertex 185.30016192105722 -1.0144774024109522 25.25
      vertex 185.30016192105722 -1.0144774024109522 20.25
    endloop
  endfacet
  facet normal -0.998795456205172 0.04906767432742558 0
    outer loop
      vertex 185.30016192105722 -1.0144774024109522 25.25
      vertex 185.35 0 25.25
      vertex 185.35 0 20.25
    endloop
  endfacet
  facet normal 0 0 1
    outer loop
      vertex 216.39428951266865 -5.750151911752883 25.25
      vertex 183.60571048733135 -5.750151911752883 25.25
      vertex 183.00065819230431 -6.56597049109373 25.25
    endloop
  endfacet
  facet normal 0 0 1
    outer loop
      vertex 216.39428951266865 -5.750151911752883 25.25
      vertex 184.12788508600548 -4.878956226149075 25.25
      vertex 183.60571048733135 -5.750151911752883 25.25
    endloop
  endfacet
  facet normal 0 0 1
    outer loop
      vertex 216.39428951266865 -5.750151911752883 25.25
      vertex 184.5621531614918 -3.9607735249786793 25.25
      vertex 184.12788508600548 -4.878956226149075 25.25
    endloop
  endfacet
  facet normal 0 0 1
    outer loop
      vertex 216.39428951266865 -5.750151911752883 25.25
      vertex 184.90433247482835 -3.004446409583685 25.25
      vertex 184.5621531614918 -3.9607735249786793 25.25
    endloop
  endfacet
  facet normal 0 0 1
    outer loop
      vertex 216.39428951266865 -5.750151911752883 25.25
      vertex 185.15112765217344 -2.0191848328669275 25.25
      vertex 184.90433247482835 -3.004446409583685 25.25
    endloop
  endfacet
  facet normal 0 0 1
    outer loop
      vertex 216.39428951266865 -5.750151911752883 25.25
      vertex 185.30016192105722 -1.0144774024109522 25.25
      vertex 185.15112765217344 -2.0191848328669275 25.25
    endloop
  endfacet
  facet normal 0 0 1
    outer loop
      vertex 216.39428951266865 -5.750151911752883 25.25
      vertex 185.35 0 25.25
      vertex 185.30016192105722 -1.0144774024109522 25.25
    endloop
  endfacet
  facet normal 0 0 1
    outer loop
      vertex 216.39428951266865 -5.750151911752883 25.25
      vertex 185.30016192105722 1.0144774024109522 25.25
      vertex 185.35 0 25.25
    endloop
  endfacet
  facet normal -1 0 0
    outer loop
      vertex 100.25 20.25 0.25
      vertex 100.25 25.25 25.25
      vertex 100.25 25.25 0.25
    endloop
  endfacet
  facet normal 0 0 -1
    outer loop
      vertex 100.25 20.25 0.25
      vertex 100.25 25.25 0.25
      vertex 300.25 25.25 0.25
    endloop
  endfacet
  facet normal 0 1 0
    outer loop
      vertex 100.25 25.25 0.25
      vertex 100.25 25.25 25.25
      vertex 300.25 25.25 0.25
    endloop
  endfacet
  facet normal 0 0 -1
    outer loop
      vertex 100.25 -20.25 20.25
      vertex 100.25 20.25 20.25
      vertex 114.65 0 20.25
    endloop
  endfacet
  facet normal 0.9987954562051726 -0.04906767432741162 0
    outer loop
      vertex 114.69983807894276 1.0144774024109522 25.25
      vertex 114.65 0 20.25
      vertex 114.69983807894276 1.0144774024109522 20.25
    endloop
  endfacet
  facet normal 0.98917650996478 -0.14673047445536863 0
    outer loop
      vertex 114.84887234782657 2.0191848328669275 25.25
      vertex 114.69983807894276 1.0144774024109522 20.25
      vertex 114.84887234782657 2.0191848328669275 20.25
    endloop
  endfacet
  facet normal 0.9700312531945462 -0.24298017990325496 0
    outer loop
      vertex 115.09566752517163 3.004446409583685 25.25
      vertex 114.84887234782657 2.0191848328669275 20.25
      vertex 115.09566752517163 3.004446409583685 20.25
    endloop
  endfacet
  facet normal 0.9415440651830208 -0.33688985339222 0
    outer loop
      vertex 115.43784683850818 3.9607735249786793 25.25
      vertex 115.09566752517163 3.004446409583685 20.25
      vertex 115.43784683850818 3.9607735249786793 20.25
    endloop
  endfacet
  facet normal 0.903989293123443 -0.4275550934302826 0
    outer loop
      vertex 115.87211491399452 4.878956226149075 25.25
      vertex 115.43784683850818 3.9607735249786793 20.25
      vertex 115.87211491399452 4.878956226149075 20.25
    endloop
  endfacet
  facet normal 0.8577286100002742 -0.5141027441932183 0
    outer loop
      vertex 116.39428951266865 5.750151911752883 25.25
      vertex 115.87211491399452 4.878956226149075 20.25
      vertex 116.39428951266865 5.750151911752883 20.25
    endloop
  endfacet
  facet normal 0.8032075314806417 -0.5956993044924376 0
    outer loop
      vertex 116.99934180769567 6.56597049109373 25.25
      vertex 116.39428951266865 5.750151911752883 20.25
      vertex 116.99934180769567 6.56597049109373 20.25
    endloop
  endfacet
  facet normal 0 0 1
    outer loop
      vertex 100.25 -20.25 25.25
      vertex 115.09566752517163 3.004446409583685 25.25
      vertex 100.25 20.25 25.25
    endloop
  endfacet
  facet normal 0.9987954562051726 -0.04906767432741162 0
    outer loop
      vertex 114.69983807894276 1.0144774024109522 25.25
      vertex 114.65 0 25.25
      vertex 114.65 0 20.25
    endloop
  endfacet
  facet normal 0.98917650996478 -0.14673047445536863 0
    outer loop
      vertex 114.84887234782657 2.0191848328669275 25.25
      vertex 114.69983807894276 1.0144774024109522 25.25
      vertex 114.69983807894276 1.0144774024109522 20.25
    endloop
  endfacet
  facet normal 0.9700312531945462 -0.24298017990325496 0
    outer loop
      vertex 115.09566752517163 3.004446409583685 25.25
      vertex 114.84887234782657 2.0191848328669275 25.25
      vertex 114.84887234782657 2.0191848328669275 20.25
    endloop
  endfacet
  facet normal 0.9415440651830208 -0.33688985339222 0
    outer loop
      vertex 115.43784683850818 3.9607735249786793 25.25
      vertex 115.09566752517163 3.004446409583685 25.25
      vertex 115.09566752517163 3.004446409583685 20.25
    endloop
  endfacet
  facet normal 0.903989293123443 -0.4275550934302826 0
    outer loop
      vertex 115.87211491399452 4.878956226149075 25.25
      vertex 115.43784683850818 3.9607735249786793 25.25
      vertex 115.43784683850818 3.9607735249786793 20.25
    endloop
  endfacet
  facet normal 0.8577286100002742 -0.5141027441932183 0
    outer loop
      vertex 116.39428951266865 5.750151911752883 25.25
      vertex 115.87211491399452 4.878956226149075 25.25
      vertex 115.87211491399452 4.878956226149075 20.25
    endloop
  endfacet
  facet normal 0.8032075314806417 -0.5956993044924376 0
    outer loop
      vertex 116.99934180769567 6.56597049109373 25.25
      vertex 116.39428951266865 5.750151911752883 25.25
      vertex 116.39428951266865 5.750151911752883 20.25
    endloop
  endfacet
  facet normal 0 0 -1
    outer loop
      vertex 100.25 20.25 20.25
      vertex 114.69983807894276 1.0144774024109522 20.25
      vertex 114.65 0 20.25
    endloop
  endfacet
  facet normal 0 0 -1
    outer loop
      vertex 100.25 20.25 20.25
      vertex 114.84887234782657 2.0191848328669275 20.25
      vertex 114.69983807894276 1.0144774024109522 20.25
    endloop
  endfacet
  facet normal 0 0 -1
    outer loop
      vertex 100.25 20.25 20.25
      vertex 115.09566752517163 3.004446409583685 20.25
      vertex 114.84887234782657 2.0191848328669275 20.25
    endloop
  endfacet
  facet normal 0 0 -1
    outer loop
      vertex 100.25 20.25 20.25
      vertex 115.43784683850818 3.9607735249786793 20.25
      vertex 115.09566752517163 3.004446409583685 20.25
    endloop
  endfacet
  facet normal 0 0 -1
    outer loop
      vertex 100.25 20.25 20.25
      vertex 115.87211491399452 4.878956226149075 20.25
      vertex 115.43784683850818 3.9607735249786793 20.25
    endloop
  endfacet
  facet normal 0 0 -1
    outer loop
      vertex 100.25 20.25 20.25
      vertex 116.39428951266865 5.750151911752883 20.25
      vertex 115.87211491399452 4.878956226149075 20.25
    endloop
  endfacet
  facet normal 0 0 -1
    outer loop
      vertex 100.25 20.25 20.25
      vertex 116.99934180769567 6.56597049109373 20.25
      vertex 116.39428951266865 5.750151911752883 20.25
    endloop
  endfacet
  facet normal 0 0 -1
    outer loop
      vertex 100.25 20.25 20.25
      vertex 117.68144481471923 7.3185551852807675 20.25
      vertex 116.99934180769567 6.56597049109373 20.25
    endloop
  endfacet
  facet normal 0 0 -1
    outer loop
      vertex 100.25 20.25 20.25
      vertex 118.43402950890626 8.000658192304327 20.25
      vertex 117.68144481471923 7.3185551852807675 20.25
    endloop
  endfacet
  facet normal 0 0 -1
    outer loop
      vertex 100.25 20.25 20.25
      vertex 119.24984808824712 8.605710487331343 20.25
      vertex 118.43402950890626 8.000658192304327 20.25
    endloop
  endfacet
  facet normal 0.7409511253549618 -0.6715589548470156 0
    outer loop
      vertex 117.68144481471923 7.3185551852807675 25.25
      vertex 116.99934180769567 6.56597049109373 20.25
      vertex 117.68144481471923 7.3185551852807675 20.25
    endloop
  endfacet
  facet normal 0.6715589548470178 -0.7409511253549595 0
    outer loop
      vertex 118.43402950890626 8.000658192304327 25.25
      vertex 117.68144481471923 7.3185551852807675 20.25
      vertex 118.43402950890626 8.000658192304327 20.25
    endloop
  endfacet
  facet normal 0.59569930449243 -0.8032075314806474 0
    outer loop
      vertex 119.24984808824712 8.605710487331343 25.25
      vertex 118.43402950890626 8.000658192304327 20.25
      vertex 119.24984808824712 8.605710487331343 20.25
    endloop
  endfacet
  facet normal 0.5141027441932206 -0.8577286100002728 0
    outer loop
      vertex 120.12104377385093 9.127885086005474 25.25
      vertex 119.24984808824712 8.605710487331343 20.25
      vertex 120.12104377385093 9.127885086005474 20.25
    endloop
  endfacet
  facet normal 0.4275550934302832 -0.9039892931234429 0
    outer loop
      vertex 121.03922647502132 9.562153161491818 25.25
      vertex 120.12104377385093 9.127885086005474 20.25
      vertex 121.03922647502132 9.562153161491818 20.25
    endloop
  endfacet
  facet normal 0.3368898533922188 -0.9415440651830211 0
    outer loop
      vertex 121.99555359041632 9.904332474828362 25.25
      vertex 121.03922647502132 9.562153161491818 20.25
      vertex 121.99555359041632 9.904332474828362 20.25
    endloop
  endfacet
  facet normal 0.24298017990326443 -0.9700312531945439 0
    outer loop
      vertex 122.98081516713307 10.151127652173434 25.25
      vertex 121.99555359041632 9.904332474828362 20.25
      vertex 122.98081516713307 10.151127652173434 20.25
    endloop
  endfacet
  facet normal 0.14673047445536286 -0.9891765099647809 0
    outer loop
      vertex 123.98552259758905 10.300161921057239 25.25
      vertex 122.98081516713307 10.151127652173434 20.25
      vertex 123.98552259758905 10.300161921057239 20.25
    endloop
  endfacet
  facet normal 0.04906767432741713 -0.9987954562051725 0
    outer loop
      vertex 125 10.35 25.25
      vertex 123.98552259758905 10.300161921057239 20.25
      vertex 125 10.35 20.25
    endloop
  endfacet
  facet normal -1 0 0
    outer loop
      vertex 100.25 -20.25 25.25
      vertex 100.25 20.25 25.25
      vertex 100.25 20.25 20.25
    endloop
  endfacet
  facet normal 0 0 1
    outer loop
      vertex 100.25 20.25 25.25
      vertex 115.09566752517163 3.004446409583685 25.25
      vertex 115.43784683850818 3.9607735249786793 25.25
    endloop
  endfacet
  facet normal 0 0 1
    outer loop
      vertex 100.25 20.25 25.25
      vertex 115.43784683850818 3.9607735249786793 25.25
      vertex 115.87211491399452 4.878956226149075 25.25
    endloop
  endfacet
  facet normal 0 0 1
    outer loop
      vertex 100.25 20.25 25.25
      vertex 115.87211491399452 4.878956226149075 25.25
      vertex 116.39428951266865 5.750151911752883 25.25
    endloop
  endfacet
  facet normal 0 0 1
    outer loop
      vertex 100.25 20.25 25.25
      vertex 116.39428951266865 5.750151911752883 25.25
      vertex 116.99934180769567 6.56597049109373 25.25
    endloop
  endfacet
  facet normal 0 0 1
    outer loop
      vertex 100.25 20.25 25.25
      vertex 116.99934180769567 6.56597049109373 25.25
      vertex 117.68144481471923 7.3185551852807675 25.25
    endloop
  endfacet
  facet normal 0 0 1
    outer loop
      vertex 100.25 20.25 25.25
      vertex 117.68144481471923 7.3185551852807675 25.25
      vertex 118.43402950890626 8.000658192304327 25.25
    endloop
  endfacet
  facet normal 0 0 1
    outer loop
      vertex 100.25 20.25 25.25
      vertex 118.43402950890626 8.000658192304327 25.25
      vertex 119.24984808824712 8.605710487331343 25.25
    endloop
  endfacet
  facet normal 0.7409511253549618 -0.6715589548470156 0
    outer loop
      vertex 117.68144481471923 7.3185551852807675 25.25
      vertex 116.99934180769567 6.56597049109373 25.25
      vertex 116.99934180769567 6.56597049109373 20.25
    endloop
  endfacet
  facet normal 0.6715589548470178 -0.7409511253549595 0
    outer loop
      vertex 117.68144481471923 7.3185551852807675 25.25
      vertex 117.68144481471923 7.3185551852807675 20.25
      vertex 118.43402950890626 8.000658192304327 25.25
    endloop
  endfacet
  facet normal 0.59569930449243 -0.8032075314806474 0
    outer loop
      vertex 118.43402950890626 8.000658192304327 25.25
      vertex 118.43402950890626 8.000658192304327 20.25
      vertex 119.24984808824712 8.605710487331343 25.25
    endloop
  endfacet
  facet normal 0.5141027441932206 -0.8577286100002728 0
    outer loop
      vertex 119.24984808824712 8.605710487331343 25.25
      vertex 119.24984808824712 8.605710487331343 20.25
      vertex 120.12104377385093 9.127885086005474 25.25
    endloop
  endfacet
  facet normal 0.4275550934302832 -0.9039892931234429 0
    outer loop
      vertex 120.12104377385093 9.127885086005474 25.25
      vertex 120.12104377385093 9.127885086005474 20.25
      vertex 121.03922647502132 9.562153161491818 25.25
    endloop
  endfacet
  facet normal 0.3368898533922188 -0.9415440651830211 0
    outer loop
      vertex 121.03922647502132 9.562153161491818 25.25
      vertex 121.03922647502132 9.562153161491818 20.25
      vertex 121.99555359041632 9.904332474828362 25.25
    endloop
  endfacet
  facet normal 0.24298017990326443 -0.9700312531945439 0
    outer loop
      vertex 121.99555359041632 9.904332474828362 25.25
      vertex 121.99555359041632 9.904332474828362 20.25
      vertex 122.98081516713307 10.151127652173434 25.25
    endloop
  endfacet
  facet normal 0.14673047445536286 -0.9891765099647809 0
    outer loop
      vertex 122.98081516713307 10.151127652173434 25.25
      vertex 122.98081516713307 10.151127652173434 20.25
      vertex 123.98552259758905 10.300161921057239 25.25
    endloop
  endfacet
  facet normal 0.04906767432741713 -0.9987954562051725 0
    outer loop
      vertex 123.98552259758905 10.300161921057239 25.25
      vertex 123.98552259758905 10.300161921057239 20.25
      vertex 125 10.35 25.25
    endloop
  endfacet
  facet normal -0.998795456205172 -0.04906767432742558 0
    outer loop
      vertex 135.35 0 20.25
      vertex 135.35 0 25.25
      vertex 135.30016192105722 1.0144774024109522 20.25
    endloop
  endfacet
  facet normal -0.989176509964784 -0.14673047445534124 0
    outer loop
      vertex 135.30016192105722 1.0144774024109522 25.25
      vertex 135.15112765217344 2.0191848328669275 20.25
      vertex 135.30016192105722 1.0144774024109522 20.25
    endloop
  endfacet
  facet normal -0.9700312531945395 -0.24298017990328127 0
    outer loop
      vertex 135.15112765217344 2.0191848328669275 25.25
      vertex 134.90433247482835 3.004446409583685 20.25
      vertex 135.15112765217344 2.0191848328669275 20.25
    endloop
  endfacet
  facet normal -0.9039892931234484 -0.42755509343027115 0
    outer loop
      vertex 134.5621531614918 3.9607735249786793 25.25
      vertex 134.12788508600548 4.878956226149075 20.25
      vertex 134.5621531614918 3.9607735249786793 20.25
    endloop
  endfacet
  facet normal -0.9415440651830208 -0.33688985339222 0
    outer loop
      vertex 134.90433247482835 3.004446409583685 25.25
      vertex 134.5621531614918 3.9607735249786793 20.25
      vertex 134.90433247482835 3.004446409583685 20.25
    endloop
  endfacet
  facet normal -0.8577286100002742 -0.5141027441932183 0
    outer loop
      vertex 134.12788508600548 4.878956226149075 25.25
      vertex 133.60571048733135 5.750151911752883 20.25
      vertex 134.12788508600548 4.878956226149075 20.25
    endloop
  endfacet
  facet normal -0.803207531480635 -0.5956993044924466 0
    outer loop
      vertex 133.60571048733135 5.750151911752883 25.25
      vertex 133.00065819230431 6.56597049109373 20.25
      vertex 133.60571048733135 5.750151911752883 20.25
    endloop
  endfacet
  facet normal 0 0 -1
    outer loop
      vertex 135.35 0 20.25
      vertex 135.30016192105722 1.0144774024109522 20.25
      vertex 164.65 0 20.25
    endloop
  endfacet
  facet normal 0 0 -1
    outer loop
      vertex 135.15112765217344 2.0191848328669275 20.25
      vertex 164.69983807894278 1.0144774024109522 20.25
      vertex 135.30016192105722 1.0144774024109522 20.25
    endloop
  endfacet
  facet normal 0 0 -1
    outer loop
      vertex 134.90433247482835 3.004446409583685 20.25
      vertex 164.84887234782656 2.0191848328669275 20.25
      vertex 135.15112765217344 2.0191848328669275 20.25
    endloop
  endfacet
  facet normal 0 0 -1
    outer loop
      vertex 134.5621531614918 3.9607735249786793 20.25
      vertex 165.09566752517165 3.004446409583685 20.25
      vertex 134.90433247482835 3.004446409583685 20.25
    endloop
  endfacet
  facet normal 0 0 -1
    outer loop
      vertex 134.12788508600548 4.878956226149075 20.25
      vertex 165.4378468385082 3.9607735249786793 20.25
      vertex 134.5621531614918 3.9607735249786793 20.25
    endloop
  endfacet
  facet normal 0 0 -1
    outer loop
      vertex 133.60571048733135 5.750151911752883 20.25
      vertex 165.87211491399452 4.878956226149075 20.25
      vertex 134.12788508600548 4.878956226149075 20.25
    endloop
  endfacet
  facet normal 0 0 -1
    outer loop
      vertex 133.00065819230431 6.56597049109373 20.25
      vertex 166.39428951266865 5.750151911752883 20.25
      vertex 133.60571048733135 5.750151911752883 20.25
    endloop
  endfacet
  facet normal -0.998795456205172 -0.04906767432742558 0
    outer loop
      vertex 135.35 0 25.25
      vertex 135.30016192105722 1.0144774024109522 25.25
      vertex 135.30016192105722 1.0144774024109522 20.25
    endloop
  endfacet
  facet normal -0.989176509964784 -0.14673047445534124 0
    outer loop
      vertex 135.30016192105722 1.0144774024109522 25.25
      vertex 135.15112765217344 2.0191848328669275 25.25
      vertex 135.15112765217344 2.0191848328669275 20.25
    endloop
  endfacet
  facet normal -0.9700312531945395 -0.24298017990328127 0
    outer loop
      vertex 135.15112765217344 2.0191848328669275 25.25
      vertex 134.90433247482835 3.004446409583685 25.25
      vertex 134.90433247482835 3.004446409583685 20.25
    endloop
  endfacet
  facet normal -0.9039892931234484 -0.42755509343027115 0
    outer loop
      vertex 134.5621531614918 3.9607735249786793 25.25
      vertex 134.12788508600548 4.878956226149075 25.25
      vertex 134.12788508600548 4.878956226149075 20.25
    endloop
  endfacet
  facet normal -0.9415440651830208 -0.33688985339222 0
    outer loop
      vertex 134.90433247482835 3.004446409583685 25.25
      vertex 134.5621531614918 3.9607735249786793 25.25
      vertex 134.5621531614918 3.9607735249786793 20.25
    endloop
  endfacet
  facet normal -0.8577286100002742 -0.5141027441932183 0
    outer loop
      vertex 134.12788508600548 4.878956226149075 25.25
      vertex 133.60571048733135 5.750151911752883 25.25
      vertex 133.60571048733135 5.750151911752883 20.25
    endloop
  endfacet
  facet normal -0.803207531480635 -0.5956993044924466 0
    outer loop
      vertex 133.60571048733135 5.750151911752883 25.25
      vertex 133.00065819230431 6.56597049109373 25.25
      vertex 133.00065819230431 6.56597049109373 20.25
    endloop
  endfacet
  facet normal 0 0 1
    outer loop
      vertex 135.35 0 25.25
      vertex 164.69983807894278 1.0144774024109522 25.25
      vertex 135.30016192105722 1.0144774024109522 25.25
    endloop
  endfacet
  facet normal 0 0 1
    outer loop
      vertex 135.30016192105722 1.0144774024109522 25.25
      vertex 164.84887234782656 2.0191848328669275 25.25
      vertex 135.15112765217344 2.0191848328669275 25.25
    endloop
  endfacet
  facet normal 0 0 1
    outer loop
      vertex 135.15112765217344 2.0191848328669275 25.25
      vertex 165.09566752517165 3.004446409583685 25.25
      vertex 134.90433247482835 3.004446409583685 25.25
    endloop
  endfacet
  facet normal 0 0 1
    outer loop
      vertex 134.90433247482835 3.004446409583685 25.25
      vertex 165.4378468385082 3.9607735249786793 25.25
      vertex 134.5621531614918 3.9607735249786793 25.25
    endloop
  endfacet
  facet normal 0 0 1
    outer loop
      vertex 134.5621531614918 3.9607735249786793 25.25
      vertex 165.87211491399452 4.878956226149075 25.25
      vertex 134.12788508600548 4.878956226149075 25.25
    endloop
  endfacet
  facet normal 0 0 1
    outer loop
      vertex 166.39428951266865 5.750151911752883 25.25
      vertex 133.60571048733135 5.750151911752883 25.25
      vertex 134.12788508600548 4.878956226149075 25.25
    endloop
  endfacet
  facet normal 0 0 1
    outer loop
      vertex 166.39428951266865 5.750151911752883 25.25
      vertex 133.00065819230431 6.56597049109373 25.25
      vertex 133.60571048733135 5.750151911752883 25.25
    endloop
  endfacet
  facet normal -0.59569930449243 -0.8032075314806474 0
    outer loop
      vertex 131.56597049109374 8.000658192304327 25.25
      vertex 130.75015191175288 8.605710487331343 20.25
      vertex 131.56597049109374 8.000658192304327 20.25
    endloop
  endfacet
  facet normal -0.4275550934302832 -0.9039892931234429 0
    outer loop
      vertex 129.87895622614909 9.127885086005474 25.25
      vertex 128.9607735249787 9.562153161491818 20.25
      vertex 129.87895622614909 9.127885086005474 20.25
    endloop
  endfacet
  facet normal -0.5141027441932268 -0.8577286100002691 0
    outer loop
      vertex 130.75015191175288 8.605710487331343 25.25
      vertex 129.87895622614909 9.127885086005474 20.25
      vertex 130.75015191175288 8.605710487331343 20.25
    endloop
  endfacet
  facet normal -0.7409511253549618 -0.6715589548470156 0
    outer loop
      vertex 133.00065819230431 6.56597049109373 25.25
      vertex 132.31855518528076 7.3185551852807675 20.25
      vertex 133.00065819230431 6.56597049109373 20.25
    endloop
  endfacet
  facet normal -0.6715589548470247 -0.7409511253549532 0
    outer loop
      vertex 132.31855518528076 7.3185551852807675 25.25
      vertex 131.56597049109374 8.000658192304327 20.25
      vertex 132.31855518528076 7.3185551852807675 20.25
    endloop
  endfacet
  facet normal -0.14673047445536286 -0.9891765099647809 0
    outer loop
      vertex 127.01918483286693 10.151127652173434 25.25
      vertex 126.01447740241095 10.300161921057239 20.25
      vertex 127.01918483286693 10.151127652173434 20.25
    endloop
  endfacet
  facet normal -0.24298017990326115 -0.9700312531945448 0
    outer loop
      vertex 128.0044464095837 9.904332474828362 25.25
      vertex 127.01918483286693 10.151127652173434 20.25
      vertex 128.0044464095837 9.904332474828362 20.25
    endloop
  endfacet
  facet normal -0.04906767432741713 -0.9987954562051725 0
    outer loop
      vertex 126.01447740241095 10.300161921057239 25.25
      vertex 125 10.35 20.25
      vertex 126.01447740241095 10.300161921057239 20.25
    endloop
  endfacet
  facet normal -0.3368898533922188 -0.9415440651830211 0
    outer loop
      vertex 128.9607735249787 9.562153161491818 25.25
      vertex 128.0044464095837 9.904332474828362 20.25
      vertex 128.9607735249787 9.562153161491818 20.25
    endloop
  endfacet
  facet normal 0 0 -1
    outer loop
      vertex 132.31855518528076 7.3185551852807675 20.25
      vertex 131.56597049109374 8.000658192304327 20.25
      vertex 167.68144481471924 7.3185551852807675 20.25
    endloop
  endfacet
  facet normal 0 0 -1
    outer loop
      vertex 131.56597049109374 8.000658192304327 20.25
      vertex 130.75015191175288 8.605710487331343 20.25
      vertex 168.43402950890626 8.000658192304327 20.25
    endloop
  endfacet
  facet normal 0 0 -1
    outer loop
      vertex 130.75015191175288 8.605710487331343 20.25
      vertex 129.87895622614909 9.127885086005474 20.25
      vertex 169.24984808824712 8.605710487331343 20.25
    endloop
  endfacet
  facet normal 0 0 -1
    outer loop
      vertex 129.87895622614909 9.127885086005474 20.25
      vertex 128.9607735249787 9.562153161491818 20.25
      vertex 170.12104377385091 9.127885086005474 20.25
    endloop
  endfacet
  facet normal 0 0 -1
    outer loop
      vertex 132.31855518528076 7.3185551852807675 20.25
      vertex 166.99934180769569 6.56597049109373 20.25
      vertex 133.00065819230431 6.56597049109373 20.25
    endloop
  endfacet
  facet normal 0 0 -1
    outer loop
      vertex 128.0044464095837 9.904332474828362 20.25
      vertex 127.01918483286693 10.151127652173434 20.25
      vertex 171.9955535904163 9.904332474828362 20.25
    endloop
  endfacet
  facet normal 0 0 -1
    outer loop
      vertex 128.9607735249787 9.562153161491818 20.25
      vertex 128.0044464095837 9.904332474828362 20.25
      vertex 171.0392264750213 9.562153161491818 20.25
    endloop
  endfacet
  facet normal -0.59569930449243 -0.8032075314806474 0
    outer loop
      vertex 130.75015191175288 8.605710487331343 25.25
      vertex 130.75015191175288 8.605710487331343 20.25
      vertex 131.56597049109374 8.000658192304327 25.25
    endloop
  endfacet
  facet normal -0.4275550934302832 -0.9039892931234429 0
    outer loop
      vertex 128.9607735249787 9.562153161491818 25.25
      vertex 128.9607735249787 9.562153161491818 20.25
      vertex 129.87895622614909 9.127885086005474 25.25
    endloop
  endfacet
  facet normal -0.5141027441932268 -0.8577286100002691 0
    outer loop
      vertex 129.87895622614909 9.127885086005474 25.25
      vertex 129.87895622614909 9.127885086005474 20.25
      vertex 130.75015191175288 8.605710487331343 25.25
    endloop
  endfacet
  facet normal -0.7409511253549618 -0.6715589548470156 0
    outer loop
      vertex 133.00065819230431 6.56597049109373 25.25
      vertex 132.31855518528076 7.3185551852807675 25.25
      vertex 132.31855518528076 7.3185551852807675 20.25
    endloop
  endfacet
  facet normal -0.6715589548470247 -0.7409511253549532 0
    outer loop
      vertex 131.56597049109374 8.000658192304327 25.25
      vertex 131.56597049109374 8.000658192304327 20.25
      vertex 132.31855518528076 7.3185551852807675 25.25
    endloop
  endfacet
  facet normal -0.14673047445536286 -0.9891765099647809 0
    outer loop
      vertex 126.01447740241095 10.300161921057239 25.25
      vertex 126.01447740241095 10.300161921057239 20.25
      vertex 127.01918483286693 10.151127652173434 25.25
    endloop
  endfacet
  facet normal -0.3368898533922188 -0.9415440651830211 0
    outer loop
      vertex 128.0044464095837 9.904332474828362 25.25
      vertex 128.0044464095837 9.904332474828362 20.25
      vertex 128.9607735249787 9.562153161491818 25.25
    endloop
  endfacet
  facet normal -0.24298017990326115 -0.9700312531945448 0
    outer loop
      vertex 127.01918483286693 10.151127652173434 25.25
      vertex 127.01918483286693 10.151127652173434 20.25
      vertex 128.0044464095837 9.904332474828362 25.25
    endloop
  endfacet
  facet normal -0.04906767432741713 -0.9987954562051725 0
    outer loop
      vertex 125 10.35 25.25
      vertex 125 10.35 20.25
      vertex 126.01447740241095 10.300161921057239 25.25
    endloop
  endfacet
  facet normal 0 0 1
    outer loop
      vertex 100.25 20.25 25.25
      vertex 128.9607735249787 9.562153161491818 25.25
      vertex 166.39428951266865 5.750151911752883 25.25
    endloop
  endfacet
  facet normal 0 0 1
    outer loop
      vertex 166.39428951266865 5.750151911752883 25.25
      vertex 132.31855518528076 7.3185551852807675 25.25
      vertex 133.00065819230431 6.56597049109373 25.25
    endloop
  endfacet
  facet normal 0 0 1
    outer loop
      vertex 166.39428951266865 5.750151911752883 25.25
      vertex 131.56597049109374 8.000658192304327 25.25
      vertex 132.31855518528076 7.3185551852807675 25.25
    endloop
  endfacet
  facet normal 0 0 1
    outer loop
      vertex 166.39428951266865 5.750151911752883 25.25
      vertex 129.87895622614909 9.127885086005474 25.25
      vertex 130.75015191175288 8.605710487331343 25.25
    endloop
  endfacet
  facet normal 0 0 1
    outer loop
      vertex 166.39428951266865 5.750151911752883 25.25
      vertex 130.75015191175288 8.605710487331343 25.25
      vertex 131.56597049109374 8.000658192304327 25.25
    endloop
  endfacet
  facet normal 0 0 1
    outer loop
      vertex 166.39428951266865 5.750151911752883 25.25
      vertex 128.9607735249787 9.562153161491818 25.25
      vertex 129.87895622614909 9.127885086005474 25.25
    endloop
  endfacet
  facet normal 0 0 1
    outer loop
      vertex 100.25 20.25 25.25
      vertex 166.39428951266865 5.750151911752883 25.25
      vertex 166.99934180769569 6.56597049109373 25.25
    endloop
  endfacet
  facet normal 0 0 1
    outer loop
      vertex 100.25 20.25 25.25
      vertex 166.99934180769569 6.56597049109373 25.25
      vertex 167.68144481471924 7.3185551852807675 25.25
    endloop
  endfacet
  facet normal -1 0 0
    outer loop
      vertex 100.25 20.25 0.25
      vertex 100.25 20.25 20.25
      vertex 100.25 25.25 25.25
    endloop
  endfacet
  facet normal 0 0 -1
    outer loop
      vertex 100.25 20.25 20.25
      vertex 120.12104377385093 9.127885086005474 20.25
      vertex 119.24984808824712 8.605710487331343 20.25
    endloop
  endfacet
  facet normal 0 0 -1
    outer loop
      vertex 100.25 20.25 20.25
      vertex 121.03922647502132 9.562153161491818 20.25
      vertex 120.12104377385093 9.127885086005474 20.25
    endloop
  endfacet
  facet normal 0 0 -1
    outer loop
      vertex 100.25 20.25 20.25
      vertex 121.99555359041632 9.904332474828362 20.25
      vertex 121.03922647502132 9.562153161491818 20.25
    endloop
  endfacet
  facet normal 0 0 -1
    outer loop
      vertex 100.25 20.25 20.25
      vertex 122.98081516713307 10.151127652173434 20.25
      vertex 121.99555359041632 9.904332474828362 20.25
    endloop
  endfacet
  facet normal 0 0 -1
    outer loop
      vertex 100.25 20.25 20.25
      vertex 123.98552259758905 10.300161921057239 20.25
      vertex 122.98081516713307 10.151127652173434 20.25
    endloop
  endfacet
  facet normal 0 0 -1
    outer loop
      vertex 100.25 20.25 20.25
      vertex 125 10.35 20.25
      vertex 123.98552259758905 10.300161921057239 20.25
    endloop
  endfacet
  facet normal 0 0 -1
    outer loop
      vertex 100.25 20.25 20.25
      vertex 126.01447740241095 10.300161921057239 20.25
      vertex 125 10.35 20.25
    endloop
  endfacet
  facet normal 0 0 -1
    outer loop
      vertex 100.25 20.25 20.25
      vertex 127.01918483286693 10.151127652173434 20.25
      vertex 126.01447740241095 10.300161921057239 20.25
    endloop
  endfacet
  facet normal 0 0 1
    outer loop
      vertex 100.25 20.25 25.25
      vertex 119.24984808824712 8.605710487331343 25.25
      vertex 120.12104377385093 9.127885086005474 25.25
    endloop
  endfacet
  facet normal 0 0 1
    outer loop
      vertex 100.25 20.25 25.25
      vertex 120.12104377385093 9.127885086005474 25.25
      vertex 121.03922647502132 9.562153161491818 25.25
    endloop
  endfacet
  facet normal 0 0 1
    outer loop
      vertex 100.25 20.25 25.25
      vertex 121.03922647502132 9.562153161491818 25.25
      vertex 121.99555359041632 9.904332474828362 25.25
    endloop
  endfacet
  facet normal 0 0 1
    outer loop
      vertex 100.25 20.25 25.25
      vertex 121.99555359041632 9.904332474828362 25.25
      vertex 122.98081516713307 10.151127652173434 25.25
    endloop
  endfacet
  facet normal 0 0 1
    outer loop
      vertex 100.25 20.25 25.25
      vertex 122.98081516713307 10.151127652173434 25.25
      vertex 123.98552259758905 10.300161921057239 25.25
    endloop
  endfacet
  facet normal 0 0 1
    outer loop
      vertex 100.25 20.25 25.25
      vertex 123.98552259758905 10.300161921057239 25.25
      vertex 125 10.35 25.25
    endloop
  endfacet
  facet normal 0 0 1
    outer loop
      vertex 100.25 20.25 25.25
      vertex 125 10.35 25.25
      vertex 126.01447740241095 10.300161921057239 25.25
    endloop
  endfacet
  facet normal 0 0 1
    outer loop
      vertex 100.25 20.25 25.25
      vertex 126.01447740241095 10.300161921057239 25.25
      vertex 127.01918483286693 10.151127652173434 25.25
    endloop
  endfacet
  facet normal 0 0 1
    outer loop
      vertex 100.25 20.25 25.25
      vertex 127.01918483286693 10.151127652173434 25.25
      vertex 128.0044464095837 9.904332474828362 25.25
    endloop
  endfacet
  facet normal 0 0 1
    outer loop
      vertex 100.25 20.25 25.25
      vertex 128.0044464095837 9.904332474828362 25.25
      vertex 128.9607735249787 9.562153161491818 25.25
    endloop
  endfacet
  facet normal 0 0 1
    outer loop
      vertex 100.25 20.25 25.25
      vertex 167.68144481471924 7.3185551852807675 25.25
      vertex 100.25 25.25 25.25
    endloop
  endfacet
  facet normal -1 0 0
    outer loop
      vertex 100.25 20.25 20.25
      vertex 100.25 20.25 25.25
      vertex 100.25 25.25 25.25
    endloop
  endfacet
  facet normal 0 0 -1
    outer loop
      vertex 100.25 20.25 20.25
      vertex 172.98081516713307 10.151127652173434 20.25
      vertex 127.01918483286693 10.151127652173434 20.25
    endloop
  endfacet
  facet normal 0 0 -1
    outer loop
      vertex 100.25 20.25 20.25
      vertex 173.98552259758904 10.300161921057239 20.25
      vertex 172.98081516713307 10.151127652173434 20.25
    endloop
  endfacet
  facet normal 0 0 -1
    outer loop
      vertex 100.25 20.25 20.25
      vertex 175 10.35 20.25
      vertex 173.98552259758904 10.300161921057239 20.25
    endloop
  endfacet
  facet normal 0 0 1
    outer loop
      vertex 100.25 25.25 25.25
      vertex 167.68144481471924 7.3185551852807675 25.25
      vertex 168.43402950890626 8.000658192304327 25.25
    endloop
  endfacet
  facet normal 0 0 1
    outer loop
      vertex 100.25 25.25 25.25
      vertex 168.43402950890626 8.000658192304327 25.25
      vertex 169.24984808824712 8.605710487331343 25.25
    endloop
  endfacet
  facet normal 0 0 1
    outer loop
      vertex 100.25 25.25 25.25
      vertex 169.24984808824712 8.605710487331343 25.25
      vertex 170.12104377385091 9.127885086005474 25.25
    endloop
  endfacet
  facet normal 0 0 1
    outer loop
      vertex 100.25 25.25 25.25
      vertex 170.12104377385091 9.127885086005474 25.25
      vertex 171.0392264750213 9.562153161491818 25.25
    endloop
  endfacet
  facet normal 0 0 1
    outer loop
      vertex 100.25 25.25 25.25
      vertex 171.0392264750213 9.562153161491818 25.25
      vertex 171.9955535904163 9.904332474828362 25.25
    endloop
  endfacet
  facet normal 0 0 1
    outer loop
      vertex 100.25 25.25 25.25
      vertex 171.9955535904163 9.904332474828362 25.25
      vertex 172.98081516713307 10.151127652173434 25.25
    endloop
  endfacet
  facet normal 0 0 1
    outer loop
      vertex 100.25 25.25 25.25
      vertex 172.98081516713307 10.151127652173434 25.25
      vertex 173.98552259758904 10.300161921057239 25.25
    endloop
  endfacet
  facet normal 0 0 1
    outer loop
      vertex 100.25 25.25 25.25
      vertex 173.98552259758904 10.300161921057239 25.25
      vertex 175 10.35 25.25
    endloop
  endfacet
  facet normal 0 0 -1
    outer loop
      vertex 135.30016192105722 1.0144774024109522 20.25
      vertex 164.69983807894278 1.0144774024109522 20.25
      vertex 164.65 0 20.25
    endloop
  endfacet
  facet normal 0 0 -1
    outer loop
      vertex 135.15112765217344 2.0191848328669275 20.25
      vertex 164.84887234782656 2.0191848328669275 20.25
      vertex 164.69983807894278 1.0144774024109522 20.25
    endloop
  endfacet
  facet normal 0 0 -1
    outer loop
      vertex 134.90433247482835 3.004446409583685 20.25
      vertex 165.09566752517165 3.004446409583685 20.25
      vertex 164.84887234782656 2.0191848328669275 20.25
    endloop
  endfacet
  facet normal 0 0 -1
    outer loop
      vertex 134.5621531614918 3.9607735249786793 20.25
      vertex 165.4378468385082 3.9607735249786793 20.25
      vertex 165.09566752517165 3.004446409583685 20.25
    endloop
  endfacet
  facet normal 0 0 -1
    outer loop
      vertex 134.12788508600548 4.878956226149075 20.25
      vertex 165.87211491399452 4.878956226149075 20.25
      vertex 165.4378468385082 3.9607735249786793 20.25
    endloop
  endfacet
  facet normal 0 0 -1
    outer loop
      vertex 133.60571048733135 5.750151911752883 20.25
      vertex 166.39428951266865 5.750151911752883 20.25
      vertex 165.87211491399452 4.878956226149075 20.25
    endloop
  endfacet
  facet normal 0 0 -1
    outer loop
      vertex 133.00065819230431 6.56597049109373 20.25
      vertex 166.99934180769569 6.56597049109373 20.25
      vertex 166.39428951266865 5.750151911752883 20.25
    endloop
  endfacet
  facet normal 0.998795456205172 -0.04906767432742558 0
    outer loop
      vertex 164.69983807894278 1.0144774024109522 25.25
      vertex 164.65 0 20.25
      vertex 164.69983807894278 1.0144774024109522 20.25
    endloop
  endfacet
  facet normal 0.989176509964784 -0.14673047445534124 0
    outer loop
      vertex 164.84887234782656 2.0191848328669275 25.25
      vertex 164.69983807894278 1.0144774024109522 20.25
      vertex 164.84887234782656 2.0191848328669275 20.25
    endloop
  endfacet
  facet normal 0.9700312531945395 -0.24298017990328127 0
    outer loop
      vertex 165.09566752517165 3.004446409583685 25.25
      vertex 164.84887234782656 2.0191848328669275 20.25
      vertex 165.09566752517165 3.004446409583685 20.25
    endloop
  endfacet
  facet normal 0.9415440651830208 -0.33688985339222 0
    outer loop
      vertex 165.4378468385082 3.9607735249786793 25.25
      vertex 165.09566752517165 3.004446409583685 20.25
      vertex 165.4378468385082 3.9607735249786793 20.25
    endloop
  endfacet
  facet normal 0.9039892931234484 -0.42755509343027115 0
    outer loop
      vertex 165.87211491399452 4.878956226149075 25.25
      vertex 165.4378468385082 3.9607735249786793 20.25
      vertex 165.87211491399452 4.878956226149075 20.25
    endloop
  endfacet
  facet normal 0.8577286100002742 -0.5141027441932183 0
    outer loop
      vertex 165.87211491399452 4.878956226149075 20.25
      vertex 166.39428951266865 5.750151911752883 20.25
      vertex 166.39428951266865 5.750151911752883 25.25
    endloop
  endfacet
  facet normal 0.803207531480635 -0.5956993044924466 0
    outer loop
      vertex 166.39428951266865 5.750151911752883 20.25
      vertex 166.99934180769569 6.56597049109373 20.25
      vertex 166.99934180769569 6.56597049109373 25.25
    endloop
  endfacet
  facet normal 0 0 1
    outer loop
      vertex 135.35 0 25.25
      vertex 164.65 0 25.25
      vertex 164.69983807894278 1.0144774024109522 25.25
    endloop
  endfacet
  facet normal 0 0 1
    outer loop
      vertex 135.30016192105722 1.0144774024109522 25.25
      vertex 164.69983807894278 1.0144774024109522 25.25
      vertex 164.84887234782656 2.0191848328669275 25.25
    endloop
  endfacet
  facet normal 0 0 1
    outer loop
      vertex 165.09566752517165 3.004446409583685 25.25
      vertex 135.15112765217344 2.0191848328669275 25.25
      vertex 164.84887234782656 2.0191848328669275 25.25
    endloop
  endfacet
  facet normal 0 0 1
    outer loop
      vertex 165.4378468385082 3.9607735249786793 25.25
      vertex 134.90433247482835 3.004446409583685 25.25
      vertex 165.09566752517165 3.004446409583685 25.25
    endloop
  endfacet
  facet normal 0 0 1
    outer loop
      vertex 134.5621531614918 3.9607735249786793 25.25
      vertex 165.4378468385082 3.9607735249786793 25.25
      vertex 165.87211491399452 4.878956226149075 25.25
    endloop
  endfacet
  facet normal 0 0 1
    outer loop
      vertex 166.39428951266865 5.750151911752883 25.25
      vertex 134.12788508600548 4.878956226149075 25.25
      vertex 165.87211491399452 4.878956226149075 25.25
    endloop
  endfacet
  facet normal 0.998795456205172 -0.04906767432742558 0
    outer loop
      vertex 164.69983807894278 1.0144774024109522 25.25
      vertex 164.65 0 25.25
      vertex 164.65 0 20.25
    endloop
  endfacet
  facet normal 0.989176509964784 -0.14673047445534124 0
    outer loop
      vertex 164.84887234782656 2.0191848328669275 25.25
      vertex 164.69983807894278 1.0144774024109522 25.25
      vertex 164.69983807894278 1.0144774024109522 20.25
    endloop
  endfacet
  facet normal 0.9700312531945395 -0.24298017990328127 0
    outer loop
      vertex 165.09566752517165 3.004446409583685 25.25
      vertex 164.84887234782656 2.0191848328669275 25.25
      vertex 164.84887234782656 2.0191848328669275 20.25
    endloop
  endfacet
  facet normal 0.9415440651830208 -0.33688985339222 0
    outer loop
      vertex 165.4378468385082 3.9607735249786793 25.25
      vertex 165.09566752517165 3.004446409583685 25.25
      vertex 165.09566752517165 3.004446409583685 20.25
    endloop
  endfacet
  facet normal 0.9039892931234484 -0.42755509343027115 0
    outer loop
      vertex 165.87211491399452 4.878956226149075 25.25
      vertex 165.4378468385082 3.9607735249786793 25.25
      vertex 165.4378468385082 3.9607735249786793 20.25
    endloop
  endfacet
  facet normal 0.8577286100002742 -0.5141027441932183 0
    outer loop
      vertex 166.39428951266865 5.750151911752883 25.25
      vertex 165.87211491399452 4.878956226149075 25.25
      vertex 165.87211491399452 4.878956226149075 20.25
    endloop
  endfacet
  facet normal 0.803207531480635 -0.5956993044924466 0
    outer loop
      vertex 166.39428951266865 5.750151911752883 20.25
      vertex 166.99934180769569 6.56597049109373 25.25
      vertex 166.39428951266865 5.750151911752883 25.25
    endloop
  endfacet
  facet normal 0 0 -1
    outer loop
      vertex 132.31855518528076 7.3185551852807675 20.25
      vertex 167.68144481471924 7.3185551852807675 20.25
      vertex 166.99934180769569 6.56597049109373 20.25
    endloop
  endfacet
  facet normal 0 0 -1
    outer loop
      vertex 131.56597049109374 8.000658192304327 20.25
      vertex 168.43402950890626 8.000658192304327 20.25
      vertex 167.68144481471924 7.3185551852807675 20.25
    endloop
  endfacet
  facet normal 0 0 -1
    outer loop
      vertex 130.75015191175288 8.605710487331343 20.25
      vertex 169.24984808824712 8.605710487331343 20.25
      vertex 168.43402950890626 8.000658192304327 20.25
    endloop
  endfacet
  facet normal 0 0 -1
    outer loop
      vertex 129.87895622614909 9.127885086005474 20.25
      vertex 170.12104377385091 9.127885086005474 20.25
      vertex 169.24984808824712 8.605710487331343 20.25
    endloop
  endfacet
  facet normal 0 0 -1
    outer loop
      vertex 128.9607735249787 9.562153161491818 20.25
      vertex 171.0392264750213 9.562153161491818 20.25
      vertex 170.12104377385091 9.127885086005474 20.25
    endloop
  endfacet
  facet normal 0 0 -1
    outer loop
      vertex 128.0044464095837 9.904332474828362 20.25
      vertex 171.9955535904163 9.904332474828362 20.25
      vertex 171.0392264750213 9.562153161491818 20.25
    endloop
  endfacet
  facet normal 0 0 -1
    outer loop
      vertex 127.01918483286693 10.151127652173434 20.25
      vertex 172.98081516713307 10.151127652173434 20.25
      vertex 171.9955535904163 9.904332474828362 20.25
    endloop
  endfacet
  facet normal 0.7409511253549618 -0.6715589548470156 0
    outer loop
      vertex 166.99934180769569 6.56597049109373 20.25
      vertex 167.68144481471924 7.3185551852807675 20.25
      vertex 167.68144481471924 7.3185551852807675 25.25
    endloop
  endfacet
  facet normal 0.6715589548470247 -0.7409511253549532 0
    outer loop
      vertex 168.43402950890626 8.000658192304327 20.25
      vertex 168.43402950890626 8.000658192304327 25.25
      vertex 167.68144481471924 7.3185551852807675 20.25
    endloop
  endfacet
  facet normal 0.59569930449243 -0.8032075314806474 0
    outer loop
      vertex 169.24984808824712 8.605710487331343 20.25
      vertex 169.24984808824712 8.605710487331343 25.25
      vertex 168.43402950890626 8.000658192304327 20.25
    endloop
  endfacet
  facet normal 0.5141027441932268 -0.8577286100002691 0
    outer loop
      vertex 170.12104377385091 9.127885086005474 20.25
      vertex 170.12104377385091 9.127885086005474 25.25
      vertex 169.24984808824712 8.605710487331343 20.25
    endloop
  endfacet
  facet normal 0.4275550934302832 -0.9039892931234429 0
    outer loop
      vertex 171.0392264750213 9.562153161491818 20.25
      vertex 171.0392264750213 9.562153161491818 25.25
      vertex 170.12104377385091 9.127885086005474 20.25
    endloop
  endfacet
  facet normal 0.3368898533922188 -0.9415440651830211 0
    outer loop
      vertex 171.9955535904163 9.904332474828362 20.25
      vertex 171.9955535904163 9.904332474828362 25.25
      vertex 171.0392264750213 9.562153161491818 20.25
    endloop
  endfacet
  facet normal 0.24298017990326115 -0.9700312531945448 0
    outer loop
      vertex 172.98081516713307 10.151127652173434 20.25
      vertex 172.98081516713307 10.151127652173434 25.25
      vertex 171.9955535904163 9.904332474828362 20.25
    endloop
  endfacet
  facet normal 0.14673047445536488 -0.9891765099647806 0
    outer loop
      vertex 173.98552259758904 10.300161921057239 20.25
      vertex 173.98552259758904 10.300161921057239 25.25
      vertex 172.98081516713307 10.151127652173434 20.25
    endloop
  endfacet
  facet normal 0.04906767432741644 -0.9987954562051725 0
    outer loop
      vertex 175 10.35 20.25
      vertex 175 10.35 25.25
      vertex 173.98552259758904 10.300161921057239 20.25
    endloop
  endfacet
  facet normal 0.7409511253549618 -0.6715589548470156 0
    outer loop
      vertex 166.99934180769569 6.56597049109373 20.25
      vertex 167.68144481471924 7.3185551852807675 25.25
      vertex 166.99934180769569 6.56597049109373 25.25
    endloop
  endfacet
  facet normal 0.6715589548470247 -0.7409511253549532 0
    outer loop
      vertex 167.68144481471924 7.3185551852807675 20.25
      vertex 168.43402950890626 8.000658192304327 25.25
      vertex 167.68144481471924 7.3185551852807675 25.25
    endloop
  endfacet
  facet normal 0.59569930449243 -0.8032075314806474 0
    outer loop
      vertex 169.24984808824712 8.605710487331343 25.25
      vertex 168.43402950890626 8.000658192304327 25.25
      vertex 168.43402950890626 8.000658192304327 20.25
    endloop
  endfacet
  facet normal 0.5141027441932268 -0.8577286100002691 0
    outer loop
      vertex 169.24984808824712 8.605710487331343 20.25
      vertex 170.12104377385091 9.127885086005474 25.25
      vertex 169.24984808824712 8.605710487331343 25.25
    endloop
  endfacet
  facet normal 0.4275550934302832 -0.9039892931234429 0
    outer loop
      vertex 170.12104377385091 9.127885086005474 20.25
      vertex 171.0392264750213 9.562153161491818 25.25
      vertex 170.12104377385091 9.127885086005474 25.25
    endloop
  endfacet
  facet normal 0.3368898533922188 -0.9415440651830211 0
    outer loop
      vertex 171.0392264750213 9.562153161491818 20.25
      vertex 171.9955535904163 9.904332474828362 25.25
      vertex 171.0392264750213 9.562153161491818 25.25
    endloop
  endfacet
  facet normal 0.24298017990326115 -0.9700312531945448 0
    outer loop
      vertex 171.9955535904163 9.904332474828362 20.25
      vertex 172.98081516713307 10.151127652173434 25.25
      vertex 171.9955535904163 9.904332474828362 25.25
    endloop
  endfacet
  facet normal 0.14673047445536488 -0.9891765099647806 0
    outer loop
      vertex 172.98081516713307 10.151127652173434 20.25
      vertex 173.98552259758904 10.300161921057239 25.25
      vertex 172.98081516713307 10.151127652173434 25.25
    endloop
  endfacet
  facet normal 0.04906767432741644 -0.9987954562051725 0
    outer loop
      vertex 173.98552259758904 10.300161921057239 20.25
      vertex 175 10.35 25.25
      vertex 173.98552259758904 10.300161921057239 25.25
    endloop
  endfacet
  facet normal -0.998795456205172 -0.04906767432742558 0
    outer loop
      vertex 185.35 0 20.25
      vertex 185.35 0 25.25
      vertex 185.30016192105722 1.0144774024109522 20.25
    endloop
  endfacet
  facet normal -0.989176509964784 -0.14673047445534124 0
    outer loop
      vertex 185.15112765217344 2.0191848328669275 20.25
      vertex 185.30016192105722 1.0144774024109522 20.25
      vertex 185.30016192105722 1.0144774024109522 25.25
    endloop
  endfacet
  facet normal -0.9700312531945395 -0.24298017990328127 0
    outer loop
      vertex 184.90433247482835 3.004446409583685 20.25
      vertex 185.15112765217344 2.0191848328669275 20.25
      vertex 185.15112765217344 2.0191848328669275 25.25
    endloop
  endfacet
  facet normal -0.9039892931234484 -0.42755509343027115 0
    outer loop
      vertex 184.12788508600548 4.878956226149075 20.25
      vertex 184.5621531614918 3.9607735249786793 20.25
      vertex 184.5621531614918 3.9607735249786793 25.25
    endloop
  endfacet
  facet normal -0.9415440651830208 -0.33688985339222 0
    outer loop
      vertex 184.5621531614918 3.9607735249786793 20.25
      vertex 184.90433247482835 3.004446409583685 20.25
      vertex 184.90433247482835 3.004446409583685 25.25
    endloop
  endfacet
  facet normal -0.8577286100002742 -0.5141027441932183 0
    outer loop
      vertex 183.60571048733135 5.750151911752883 20.25
      vertex 184.12788508600548 4.878956226149075 20.25
      vertex 184.12788508600548 4.878956226149075 25.25
    endloop
  endfacet
  facet normal -0.803207531480635 -0.5956993044924466 0
    outer loop
      vertex 183.00065819230431 6.56597049109373 20.25
      vertex 183.60571048733135 5.750151911752883 20.25
      vertex 183.60571048733135 5.750151911752883 25.25
    endloop
  endfacet
  facet normal 0 0 -1
    outer loop
      vertex 215.09566752517165 3.004446409583685 20.25
      vertex 185.30016192105722 -1.0144774024109522 20.25
      vertex 185.35 0 20.25
    endloop
  endfacet
  facet normal 0 0 -1
    outer loop
      vertex 215.09566752517165 3.004446409583685 20.25
      vertex 185.35 0 20.25
      vertex 185.30016192105722 1.0144774024109522 20.25
    endloop
  endfacet
  facet normal 0 0 -1
    outer loop
      vertex 215.09566752517165 3.004446409583685 20.25
      vertex 185.30016192105722 1.0144774024109522 20.25
      vertex 185.15112765217344 2.0191848328669275 20.25
    endloop
  endfacet
  facet normal 0 0 -1
    outer loop
      vertex 215.09566752517165 3.004446409583685 20.25
      vertex 185.15112765217344 2.0191848328669275 20.25
      vertex 184.90433247482835 3.004446409583685 20.25
    endloop
  endfacet
  facet normal 0 0 -1
    outer loop
      vertex 215.09566752517165 3.004446409583685 20.25
      vertex 184.90433247482835 3.004446409583685 20.25
      vertex 184.5621531614918 3.9607735249786793 20.25
    endloop
  endfacet
  facet normal 0 0 -1
    outer loop
      vertex 184.12788508600548 4.878956226149075 20.25
      vertex 215.4378468385082 3.9607735249786793 20.25
      vertex 184.5621531614918 3.9607735249786793 20.25
    endloop
  endfacet
  facet normal 0 0 -1
    outer loop
      vertex 183.60571048733135 5.750151911752883 20.25
      vertex 215.87211491399452 4.878956226149075 20.25
      vertex 184.12788508600548 4.878956226149075 20.25
    endloop
  endfacet
  facet normal 0 0 -1
    outer loop
      vertex 183.00065819230431 6.56597049109373 20.25
      vertex 216.39428951266865 5.750151911752883 20.25
      vertex 183.60571048733135 5.750151911752883 20.25
    endloop
  endfacet
  facet normal -0.998795456205172 -0.04906767432742558 0
    outer loop
      vertex 185.35 0 25.25
      vertex 185.30016192105722 1.0144774024109522 25.25
      vertex 185.30016192105722 1.0144774024109522 20.25
    endloop
  endfacet
  facet normal -0.989176509964784 -0.14673047445534124 0
    outer loop
      vertex 185.15112765217344 2.0191848328669275 20.25
      vertex 185.30016192105722 1.0144774024109522 25.25
      vertex 185.15112765217344 2.0191848328669275 25.25
    endloop
  endfacet
  facet normal -0.9700312531945395 -0.24298017990328127 0
    outer loop
      vertex 184.90433247482835 3.004446409583685 20.25
      vertex 185.15112765217344 2.0191848328669275 25.25
      vertex 184.90433247482835 3.004446409583685 25.25
    endloop
  endfacet
  facet normal -0.9039892931234484 -0.42755509343027115 0
    outer loop
      vertex 184.12788508600548 4.878956226149075 20.25
      vertex 184.5621531614918 3.9607735249786793 25.25
      vertex 184.12788508600548 4.878956226149075 25.25
    endloop
  endfacet
  facet normal -0.9415440651830208 -0.33688985339222 0
    outer loop
      vertex 184.5621531614918 3.9607735249786793 20.25
      vertex 184.90433247482835 3.004446409583685 25.25
      vertex 184.5621531614918 3.9607735249786793 25.25
    endloop
  endfacet
  facet normal -0.8577286100002742 -0.5141027441932183 0
    outer loop
      vertex 183.60571048733135 5.750151911752883 20.25
      vertex 184.12788508600548 4.878956226149075 25.25
      vertex 183.60571048733135 5.750151911752883 25.25
    endloop
  endfacet
  facet normal -0.803207531480635 -0.5956993044924466 0
    outer loop
      vertex 183.00065819230431 6.56597049109373 20.25
      vertex 183.60571048733135 5.750151911752883 25.25
      vertex 183.00065819230431 6.56597049109373 25.25
    endloop
  endfacet
  facet normal 0 0 1
    outer loop
      vertex 215.09566752517165 -3.004446409583685 25.25
      vertex 185.15112765217344 2.0191848328669275 25.25
      vertex 185.30016192105722 1.0144774024109522 25.25
    endloop
  endfacet
  facet normal 0 0 1
    outer loop
      vertex 215.09566752517165 -3.004446409583685 25.25
      vertex 184.90433247482835 3.004446409583685 25.25
      vertex 185.15112765217344 2.0191848328669275 25.25
    endloop
  endfacet
  facet normal 0 0 1
    outer loop
      vertex 215.09566752517165 -3.004446409583685 25.25
      vertex 184.5621531614918 3.9607735249786793 25.25
      vertex 184.90433247482835 3.004446409583685 25.25
    endloop
  endfacet
  facet normal 0 0 1
    outer loop
      vertex 184.5621531614918 3.9607735249786793 25.25
      vertex 215.87211491399452 4.878956226149075 25.25
      vertex 184.12788508600548 4.878956226149075 25.25
    endloop
  endfacet
  facet normal 0 0 1
    outer loop
      vertex 184.12788508600548 4.878956226149075 25.25
      vertex 216.39428951266865 5.750151911752883 25.25
      vertex 183.60571048733135 5.750151911752883 25.25
    endloop
  endfacet
  facet normal 0 0 1
    outer loop
      vertex 183.60571048733135 5.750151911752883 25.25
      vertex 216.99934180769569 6.56597049109373 25.25
      vertex 183.00065819230431 6.56597049109373 25.25
    endloop
  endfacet
  facet normal -0.59569930449243 -0.8032075314806474 0
    outer loop
      vertex 181.56597049109374 8.000658192304327 20.25
      vertex 181.56597049109374 8.000658192304327 25.25
      vertex 180.75015191175288 8.605710487331343 20.25
    endloop
  endfacet
  facet normal -0.4275550934302832 -0.9039892931234429 0
    outer loop
      vertex 179.87895622614909 9.127885086005474 20.25
      vertex 179.87895622614909 9.127885086005474 25.25
      vertex 178.9607735249787 9.562153161491818 20.25
    endloop
  endfacet
  facet normal -0.5141027441932268 -0.8577286100002691 0
    outer loop
      vertex 180.75015191175288 8.605710487331343 20.25
      vertex 180.75015191175288 8.605710487331343 25.25
      vertex 179.87895622614909 9.127885086005474 20.25
    endloop
  endfacet
  facet normal -0.7409511253549618 -0.6715589548470156 0
    outer loop
      vertex 182.31855518528076 7.3185551852807675 20.25
      vertex 183.00065819230431 6.56597049109373 20.25
      vertex 183.00065819230431 6.56597049109373 25.25
    endloop
  endfacet
  facet normal -0.6715589548470247 -0.7409511253549532 0
    outer loop
      vertex 182.31855518528076 7.3185551852807675 20.25
      vertex 182.31855518528076 7.3185551852807675 25.25
      vertex 181.56597049109374 8.000658192304327 20.25
    endloop
  endfacet
  facet normal -0.14673047445536488 -0.9891765099647806 0
    outer loop
      vertex 177.01918483286693 10.151127652173434 20.25
      vertex 177.01918483286693 10.151127652173434 25.25
      vertex 176.01447740241096 10.300161921057239 20.25
    endloop
  endfacet
  facet normal -0.24298017990326115 -0.9700312531945448 0
    outer loop
      vertex 178.0044464095837 9.904332474828362 20.25
      vertex 178.0044464095837 9.904332474828362 25.25
      vertex 177.01918483286693 10.151127652173434 20.25
    endloop
  endfacet
  facet normal -0.04906767432741644 -0.9987954562051725 0
    outer loop
      vertex 176.01447740241096 10.300161921057239 20.25
      vertex 176.01447740241096 10.300161921057239 25.25
      vertex 175 10.35 20.25
    endloop
  endfacet
  facet normal -0.3368898533922188 -0.9415440651830211 0
    outer loop
      vertex 178.9607735249787 9.562153161491818 20.25
      vertex 178.9607735249787 9.562153161491818 25.25
      vertex 178.0044464095837 9.904332474828362 20.25
    endloop
  endfacet
  facet normal 0 0 -1
    outer loop
      vertex 182.31855518528076 7.3185551852807675 20.25
      vertex 181.56597049109374 8.000658192304327 20.25
      vertex 217.68144481471924 7.3185551852807675 20.25
    endloop
  endfacet
  facet normal 0 0 -1
    outer loop
      vertex 181.56597049109374 8.000658192304327 20.25
      vertex 180.75015191175288 8.605710487331343 20.25
      vertex 218.43402950890626 8.000658192304327 20.25
    endloop
  endfacet
  facet normal 0 0 -1
    outer loop
      vertex 180.75015191175288 8.605710487331343 20.25
      vertex 179.87895622614909 9.127885086005474 20.25
      vertex 219.24984808824712 8.605710487331343 20.25
    endloop
  endfacet
  facet normal 0 0 -1
    outer loop
      vertex 179.87895622614909 9.127885086005474 20.25
      vertex 178.9607735249787 9.562153161491818 20.25
      vertex 220.12104377385091 9.127885086005474 20.25
    endloop
  endfacet
  facet normal 0 0 -1
    outer loop
      vertex 182.31855518528076 7.3185551852807675 20.25
      vertex 216.99934180769569 6.56597049109373 20.25
      vertex 183.00065819230431 6.56597049109373 20.25
    endloop
  endfacet
  facet normal 0 0 -1
    outer loop
      vertex 178.0044464095837 9.904332474828362 20.25
      vertex 177.01918483286693 10.151127652173434 20.25
      vertex 221.9955535904163 9.904332474828362 20.25
    endloop
  endfacet
  facet normal 0 0 -1
    outer loop
      vertex 177.01918483286693 10.151127652173434 20.25
      vertex 176.01447740241096 10.300161921057239 20.25
      vertex 222.98081516713307 10.151127652173434 20.25
    endloop
  endfacet
  facet normal 0 0 -1
    outer loop
      vertex 178.9607735249787 9.562153161491818 20.25
      vertex 178.0044464095837 9.904332474828362 20.25
      vertex 221.0392264750213 9.562153161491818 20.25
    endloop
  endfacet
  facet normal 0 0 -1
    outer loop
      vertex 176.01447740241096 10.300161921057239 20.25
      vertex 175 10.35 20.25
      vertex 222.98081516713307 10.151127652173434 20.25
    endloop
  endfacet
  facet normal -0.59569930449243 -0.8032075314806474 0
    outer loop
      vertex 180.75015191175288 8.605710487331343 20.25
      vertex 181.56597049109374 8.000658192304327 25.25
      vertex 180.75015191175288 8.605710487331343 25.25
    endloop
  endfacet
  facet normal -0.4275550934302832 -0.9039892931234429 0
    outer loop
      vertex 178.9607735249787 9.562153161491818 20.25
      vertex 179.87895622614909 9.127885086005474 25.25
      vertex 178.9607735249787 9.562153161491818 25.25
    endloop
  endfacet
  facet normal -0.5141027441932268 -0.8577286100002691 0
    outer loop
      vertex 179.87895622614909 9.127885086005474 20.25
      vertex 180.75015191175288 8.605710487331343 25.25
      vertex 179.87895622614909 9.127885086005474 25.25
    endloop
  endfacet
  facet normal -0.7409511253549618 -0.6715589548470156 0
    outer loop
      vertex 182.31855518528076 7.3185551852807675 20.25
      vertex 183.00065819230431 6.56597049109373 25.25
      vertex 182.31855518528076 7.3185551852807675 25.25
    endloop
  endfacet
  facet normal -0.6715589548470247 -0.7409511253549532 0
    outer loop
      vertex 181.56597049109374 8.000658192304327 20.25
      vertex 182.31855518528076 7.3185551852807675 25.25
      vertex 181.56597049109374 8.000658192304327 25.25
    endloop
  endfacet
  facet normal -0.14673047445536488 -0.9891765099647806 0
    outer loop
      vertex 176.01447740241096 10.300161921057239 20.25
      vertex 177.01918483286693 10.151127652173434 25.25
      vertex 176.01447740241096 10.300161921057239 25.25
    endloop
  endfacet
  facet normal -0.3368898533922188 -0.9415440651830211 0
    outer loop
      vertex 178.0044464095837 9.904332474828362 20.25
      vertex 178.9607735249787 9.562153161491818 25.25
      vertex 178.0044464095837 9.904332474828362 25.25
    endloop
  endfacet
  facet normal -0.24298017990326115 -0.9700312531945448 0
    outer loop
      vertex 177.01918483286693 10.151127652173434 20.25
      vertex 178.0044464095837 9.904332474828362 25.25
      vertex 177.01918483286693 10.151127652173434 25.25
    endloop
  endfacet
  facet normal -0.04906767432741644 -0.9987954562051725 0
    outer loop
      vertex 175 10.35 20.25
      vertex 176.01447740241096 10.300161921057239 25.25
      vertex 175 10.35 25.25
    endloop
  endfacet
  facet normal 0 0 1
    outer loop
      vertex 180.75015191175288 8.605710487331343 25.25
      vertex 181.56597049109374 8.000658192304327 25.25
      vertex 219.24984808824712 8.605710487331343 25.25
    endloop
  endfacet
  facet normal 0 0 1
    outer loop
      vertex 179.87895622614909 9.127885086005474 25.25
      vertex 180.75015191175288 8.605710487331343 25.25
      vertex 220.12104377385091 9.127885086005474 25.25
    endloop
  endfacet
  facet normal 0 0 1
    outer loop
      vertex 178.9607735249787 9.562153161491818 25.25
      vertex 179.87895622614909 9.127885086005474 25.25
      vertex 221.0392264750213 9.562153161491818 25.25
    endloop
  endfacet
  facet normal 0 0 1
    outer loop
      vertex 183.00065819230431 6.56597049109373 25.25
      vertex 217.68144481471924 7.3185551852807675 25.25
      vertex 182.31855518528076 7.3185551852807675 25.25
    endloop
  endfacet
  facet normal 0 0 1
    outer loop
      vertex 181.56597049109374 8.000658192304327 25.25
      vertex 182.31855518528076 7.3185551852807675 25.25
      vertex 218.43402950890626 8.000658192304327 25.25
    endloop
  endfacet
  facet normal 0 0 1
    outer loop
      vertex 175 10.35 25.25
      vertex 176.01447740241096 10.300161921057239 25.25
      vertex 221.9955535904163 9.904332474828362 25.25
    endloop
  endfacet
  facet normal 0 0 1
    outer loop
      vertex 177.01918483286693 10.151127652173434 25.25
      vertex 178.0044464095837 9.904332474828362 25.25
      vertex 221.9955535904163 9.904332474828362 25.25
    endloop
  endfacet
  facet normal 0 0 1
    outer loop
      vertex 176.01447740241096 10.300161921057239 25.25
      vertex 177.01918483286693 10.151127652173434 25.25
      vertex 221.9955535904163 9.904332474828362 25.25
    endloop
  endfacet
  facet normal 0 0 1
    outer loop
      vertex 178.0044464095837 9.904332474828362 25.25
      vertex 178.9607735249787 9.562153161491818 25.25
      vertex 221.9955535904163 9.904332474828362 25.25
    endloop
  endfacet
  facet normal 0 -1 0
    outer loop
      vertex 100.25 20.25 0.25
      vertex 300.25 20.25 20.25
      vertex 100.25 20.25 20.25
    endloop
  endfacet
  facet normal 0 0 -1
    outer loop
      vertex 100.25 20.25 20.25
      vertex 222.98081516713307 10.151127652173434 20.25
      vertex 175 10.35 20.25
    endloop
  endfacet
  facet normal 0 0 1
    outer loop
      vertex 100.25 25.25 25.25
      vertex 175 10.35 25.25
      vertex 221.9955535904163 9.904332474828362 25.25
    endloop
  endfacet
  facet normal 0 0 -1
    outer loop
      vertex 100.25 20.25 20.25
      vertex 223.98552259758904 10.300161921057239 20.25
      vertex 222.98081516713307 10.151127652173434 20.25
    endloop
  endfacet
  facet normal 0 0 -1
    outer loop
      vertex 100.25 20.25 20.25
      vertex 225 10.35 20.25
      vertex 223.98552259758904 10.300161921057239 20.25
    endloop
  endfacet
  facet normal 0 0 -1
    outer loop
      vertex 100.25 20.25 20.25
      vertex 226.01447740241096 10.300161921057239 20.25
      vertex 225 10.35 20.25
    endloop
  endfacet
  facet normal 0 0 1
    outer loop
      vertex 100.25 25.25 25.25
      vertex 221.9955535904163 9.904332474828362 25.25
      vertex 222.98081516713307 10.151127652173434 25.25
    endloop
  endfacet
  facet normal 0 0 1
    outer loop
      vertex 100.25 25.25 25.25
      vertex 222.98081516713307 10.151127652173434 25.25
      vertex 223.98552259758904 10.300161921057239 25.25
    endloop
  endfacet
  facet normal 0 0 1
    outer loop
      vertex 100.25 25.25 25.25
      vertex 223.98552259758904 10.300161921057239 25.25
      vertex 225 10.35 25.25
    endloop
  endfacet
  facet normal 0 0 1
    outer loop
      vertex 100.25 25.25 25.25
      vertex 225 10.35 25.25
      vertex 226.01447740241096 10.300161921057239 25.25
    endloop
  endfacet
  facet normal 0 0 -1
    outer loop
      vertex 100.25 -25.25 0.25
      vertex 300.25 -20.25 0.25
      vertex 300.25 -25.25 0.25
    endloop
  endfacet
  facet normal 0 -1 0
    outer loop
      vertex 100.25 -25.25 0.25
      vertex 300.25 -25.25 0.25
      vertex 300.25 -25.25 25.25
    endloop
  endfacet
  facet normal 1 0 0
    outer loop
      vertex 300.25 -25.25 0.25
      vertex 300.25 -20.25 0.25
      vertex 300.25 -25.25 25.25
    endloop
  endfacet
  facet normal 0 1 0
    outer loop
      vertex 100.25 -20.25 20.25
      vertex 300.25 -20.25 20.25
      vertex 300.25 -20.25 0.25
    endloop
  endfacet
  facet normal 0 0 -1
    outer loop
      vertex 300.25 -20.25 20.25
      vertex 173.98552259758904 -10.300161921057239 20.25
      vertex 175 -10.35 20.25
    endloop
  endfacet
  facet normal 0 0 -1
    outer loop
      vertex 300.25 -20.25 20.25
      vertex 175 -10.35 20.25
      vertex 176.01447740241096 -10.300161921057239 20.25
    endloop
  endfacet
  facet normal 0 0 -1
    outer loop
      vertex 300.25 -20.25 20.25
      vertex 176.01447740241096 -10.300161921057239 20.25
      vertex 177.01918483286693 -10.151127652173434 20.25
    endloop
  endfacet
  facet normal 0 0 1
    outer loop
      vertex 280.4480198019802 -20.25 25.25
      vertex 175 -10.35 25.25
      vertex 173.98552259758904 -10.300161921057239 25.25
    endloop
  endfacet
  facet normal 0 0 1
    outer loop
      vertex 100.25 -20.25 25.25
      vertex 300.25 -25.25 25.25
      vertex 280.4480198019802 -20.25 25.25
    endloop
  endfacet
  facet normal 0 0 -1
    outer loop
      vertex 300.25 -20.25 20.25
      vertex 177.01918483286693 -10.151127652173434 20.25
      vertex 225 -10.35 20.25
    endloop
  endfacet
  facet normal 0 0 1
    outer loop
      vertex 280.4480198019802 -20.25 25.25
      vertex 225 -10.35 25.25
      vertex 175 -10.35 25.25
    endloop
  endfacet
  facet normal 0 0 1
    outer loop
      vertex 280.4480198019802 -20.25 25.25
      vertex 226.01447740241096 -10.300161921057239 25.25
      vertex 225 -10.35 25.25
    endloop
  endfacet
  facet normal 0 0 1
    outer loop
      vertex 280.4480198019802 -20.25 25.25
      vertex 227.01918483286693 -10.151127652173434 25.25
      vertex 226.01447740241096 -10.300161921057239 25.25
    endloop
  endfacet
  facet normal 0 0 1
    outer loop
      vertex 280.4480198019802 -20.25 25.25
      vertex 228.0044464095837 -9.904332474828362 25.25
      vertex 227.01918483286693 -10.151127652173434 25.25
    endloop
  endfacet
  facet normal 0 0 1
    outer loop
      vertex 280.4480198019802 -20.25 25.25
      vertex 228.9607735249787 -9.562153161491818 25.25
      vertex 228.0044464095837 -9.904332474828362 25.25
    endloop
  endfacet
  facet normal 0 0 1
    outer loop
      vertex 280.4480198019802 -20.25 25.25
      vertex 229.87895622614909 -9.127885086005474 25.25
      vertex 228.9607735249787 -9.562153161491818 25.25
    endloop
  endfacet
  facet normal 0 0 1
    outer loop
      vertex 280.4480198019802 -20.25 25.25
      vertex 230.75015191175288 -8.605710487331343 25.25
      vertex 229.87895622614909 -9.127885086005474 25.25
    endloop
  endfacet
  facet normal 0 0 -1
    outer loop
      vertex 177.01918483286693 -10.151127652173434 20.25
      vertex 223.98552259758904 -10.300161921057239 20.25
      vertex 225 -10.35 20.25
    endloop
  endfacet
  facet normal 0 0 -1
    outer loop
      vertex 177.01918483286693 -10.151127652173434 20.25
      vertex 222.98081516713307 -10.151127652173434 20.25
      vertex 223.98552259758904 -10.300161921057239 20.25
    endloop
  endfacet
  facet normal 0 0 -1
    outer loop
      vertex 221.9955535904163 -9.904332474828362 20.25
      vertex 222.98081516713307 -10.151127652173434 20.25
      vertex 178.0044464095837 -9.904332474828362 20.25
    endloop
  endfacet
  facet normal 0 0 -1
    outer loop
      vertex 178.9607735249787 -9.562153161491818 20.25
      vertex 221.0392264750213 -9.562153161491818 20.25
      vertex 221.9955535904163 -9.904332474828362 20.25
    endloop
  endfacet
  facet normal 0 0 -1
    outer loop
      vertex 181.56597049109374 -8.000658192304327 20.25
      vertex 218.43402950890626 -8.000658192304327 20.25
      vertex 219.24984808824712 -8.605710487331343 20.25
    endloop
  endfacet
  facet normal 0 0 -1
    outer loop
      vertex 182.31855518528076 -7.3185551852807675 20.25
      vertex 217.68144481471924 -7.3185551852807675 20.25
      vertex 218.43402950890626 -8.000658192304327 20.25
    endloop
  endfacet
  facet normal 0 0 -1
    outer loop
      vertex 217.68144481471924 -7.3185551852807675 20.25
      vertex 183.00065819230431 -6.56597049109373 20.25
      vertex 216.99934180769569 -6.56597049109373 20.25
    endloop
  endfacet
  facet normal 0 0 -1
    outer loop
      vertex 179.87895622614909 -9.127885086005474 20.25
      vertex 220.12104377385091 -9.127885086005474 20.25
      vertex 221.0392264750213 -9.562153161491818 20.25
    endloop
  endfacet
  facet normal 0 0 -1
    outer loop
      vertex 219.24984808824712 -8.605710487331343 20.25
      vertex 220.12104377385091 -9.127885086005474 20.25
      vertex 180.75015191175288 -8.605710487331343 20.25
    endloop
  endfacet
  facet normal 0.3368898533922188 0.9415440651830211 0
    outer loop
      vertex 221.0392264750213 -9.562153161491818 25.25
      vertex 221.9955535904163 -9.904332474828362 20.25
      vertex 221.0392264750213 -9.562153161491818 20.25
    endloop
  endfacet
  facet normal 0.04906767432741644 0.9987954562051725 0
    outer loop
      vertex 223.98552259758904 -10.300161921057239 25.25
      vertex 225 -10.35 20.25
      vertex 223.98552259758904 -10.300161921057239 20.25
    endloop
  endfacet
  facet normal 0.24298017990326115 0.9700312531945448 0
    outer loop
      vertex 221.9955535904163 -9.904332474828362 25.25
      vertex 222.98081516713307 -10.151127652173434 20.25
      vertex 221.9955535904163 -9.904332474828362 20.25
    endloop
  endfacet
  facet normal 0.14673047445536488 0.9891765099647806 0
    outer loop
      vertex 222.98081516713307 -10.151127652173434 25.25
      vertex 223.98552259758904 -10.300161921057239 20.25
      vertex 222.98081516713307 -10.151127652173434 20.25
    endloop
  endfacet
  facet normal 0.59569930449243 0.8032075314806474 0
    outer loop
      vertex 218.43402950890626 -8.000658192304327 25.25
      vertex 219.24984808824712 -8.605710487331343 20.25
      vertex 218.43402950890626 -8.000658192304327 20.25
    endloop
  endfacet
  facet normal 0.6715589548470247 0.7409511253549532 0
    outer loop
      vertex 218.43402950890626 -8.000658192304327 20.25
      vertex 217.68144481471924 -7.3185551852807675 20.25
      vertex 217.68144481471924 -7.3185551852807675 25.25
    endloop
  endfacet
  facet normal 0.7409511253549618 0.6715589548470156 0
    outer loop
      vertex 216.99934180769569 -6.56597049109373 25.25
      vertex 217.68144481471924 -7.3185551852807675 20.25
      vertex 216.99934180769569 -6.56597049109373 20.25
    endloop
  endfacet
  facet normal 0.4275550934302832 0.9039892931234429 0
    outer loop
      vertex 220.12104377385091 -9.127885086005474 25.25
      vertex 221.0392264750213 -9.562153161491818 20.25
      vertex 220.12104377385091 -9.127885086005474 20.25
    endloop
  endfacet
  facet normal 0.5141027441932268 0.8577286100002691 0
    outer loop
      vertex 219.24984808824712 -8.605710487331343 25.25
      vertex 220.12104377385091 -9.127885086005474 20.25
      vertex 219.24984808824712 -8.605710487331343 20.25
    endloop
  endfacet
  facet normal 0 0 1
    outer loop
      vertex 175 -10.35 25.25
      vertex 225 -10.35 25.25
      vertex 223.98552259758904 -10.300161921057239 25.25
    endloop
  endfacet
  facet normal 0 0 1
    outer loop
      vertex 176.01447740241096 -10.300161921057239 25.25
      vertex 223.98552259758904 -10.300161921057239 25.25
      vertex 222.98081516713307 -10.151127652173434 25.25
    endloop
  endfacet
  facet normal 0 0 1
    outer loop
      vertex 177.01918483286693 -10.151127652173434 25.25
      vertex 222.98081516713307 -10.151127652173434 25.25
      vertex 221.9955535904163 -9.904332474828362 25.25
    endloop
  endfacet
  facet normal 0 0 1
    outer loop
      vertex 178.0044464095837 -9.904332474828362 25.25
      vertex 221.9955535904163 -9.904332474828362 25.25
      vertex 221.0392264750213 -9.562153161491818 25.25
    endloop
  endfacet
  facet normal 0 0 1
    outer loop
      vertex 179.87895622614909 -9.127885086005474 25.25
      vertex 220.12104377385091 -9.127885086005474 25.25
      vertex 219.24984808824712 -8.605710487331343 25.25
    endloop
  endfacet
  facet normal 0 0 1
    outer loop
      vertex 180.75015191175288 -8.605710487331343 25.25
      vertex 219.24984808824712 -8.605710487331343 25.25
      vertex 218.43402950890626 -8.000658192304327 25.25
    endloop
  endfacet
  facet normal 0 0 1
    outer loop
      vertex 181.56597049109374 -8.000658192304327 25.25
      vertex 218.43402950890626 -8.000658192304327 25.25
      vertex 217.68144481471924 -7.3185551852807675 25.25
    endloop
  endfacet
  facet normal 0 0 1
    outer loop
      vertex 182.31855518528076 -7.3185551852807675 25.25
      vertex 217.68144481471924 -7.3185551852807675 25.25
      vertex 216.99934180769569 -6.56597049109373 25.25
    endloop
  endfacet
  facet normal 0 0 1
    outer loop
      vertex 178.9607735249787 -9.562153161491818 25.25
      vertex 221.0392264750213 -9.562153161491818 25.25
      vertex 220.12104377385091 -9.127885086005474 25.25
    endloop
  endfacet
  facet normal 0.3368898533922188 0.9415440651830211 0
    outer loop
      vertex 221.9955535904163 -9.904332474828362 25.25
      vertex 221.9955535904163 -9.904332474828362 20.25
      vertex 221.0392264750213 -9.562153161491818 25.25
    endloop
  endfacet
  facet normal 0.04906767432741644 0.9987954562051725 0
    outer loop
      vertex 225 -10.35 25.25
      vertex 225 -10.35 20.25
      vertex 223.98552259758904 -10.300161921057239 25.25
    endloop
  endfacet
  facet normal 0.24298017990326115 0.9700312531945448 0
    outer loop
      vertex 222.98081516713307 -10.151127652173434 25.25
      vertex 222.98081516713307 -10.151127652173434 20.25
      vertex 221.9955535904163 -9.904332474828362 25.25
    endloop
  endfacet
  facet normal 0.14673047445536488 0.9891765099647806 0
    outer loop
      vertex 223.98552259758904 -10.300161921057239 25.25
      vertex 223.98552259758904 -10.300161921057239 20.25
      vertex 222.98081516713307 -10.151127652173434 25.25
    endloop
  endfacet
  facet normal 0.59569930449243 0.8032075314806474 0
    outer loop
      vertex 219.24984808824712 -8.605710487331343 25.25
      vertex 219.24984808824712 -8.605710487331343 20.25
      vertex 218.43402950890626 -8.000658192304327 25.25
    endloop
  endfacet
  facet normal 0.6715589548470247 0.7409511253549532 0
    outer loop
      vertex 218.43402950890626 -8.000658192304327 25.25
      vertex 218.43402950890626 -8.000658192304327 20.25
      vertex 217.68144481471924 -7.3185551852807675 25.25
    endloop
  endfacet
  facet normal 0.7409511253549618 0.6715589548470156 0
    outer loop
      vertex 216.99934180769569 -6.56597049109373 25.25
      vertex 217.68144481471924 -7.3185551852807675 25.25
      vertex 217.68144481471924 -7.3185551852807675 20.25
    endloop
  endfacet
  facet normal 0.5141027441932268 0.8577286100002691 0
    outer loop
      vertex 220.12104377385091 -9.127885086005474 25.25
      vertex 220.12104377385091 -9.127885086005474 20.25
      vertex 219.24984808824712 -8.605710487331343 25.25
    endloop
  endfacet
  facet normal 0.4275550934302832 0.9039892931234429 0
    outer loop
      vertex 221.0392264750213 -9.562153161491818 25.25
      vertex 221.0392264750213 -9.562153161491818 20.25
      vertex 220.12104377385091 -9.127885086005474 25.25
    endloop
  endfacet
  facet normal 0 0 -1
    outer loop
      vertex 216.99934180769569 -6.56597049109373 20.25
      vertex 183.60571048733135 -5.750151911752883 20.25
      vertex 216.39428951266865 -5.750151911752883 20.25
    endloop
  endfacet
  facet normal 0 0 -1
    outer loop
      vertex 184.12788508600548 -4.878956226149075 20.25
      vertex 215.87211491399452 -4.878956226149075 20.25
      vertex 216.39428951266865 -5.750151911752883 20.25
    endloop
  endfacet
  facet normal 0 0 -1
    outer loop
      vertex 184.5621531614918 -3.9607735249786793 20.25
      vertex 215.4378468385082 -3.9607735249786793 20.25
      vertex 215.87211491399452 -4.878956226149075 20.25
    endloop
  endfacet
  facet normal 0 0 -1
    outer loop
      vertex 184.90433247482835 -3.004446409583685 20.25
      vertex 215.09566752517165 -3.004446409583685 20.25
      vertex 215.4378468385082 -3.9607735249786793 20.25
    endloop
  endfacet
  facet normal 0 0 -1
    outer loop
      vertex 184.90433247482835 -3.004446409583685 20.25
      vertex 214.84887234782656 -2.0191848328669275 20.25
      vertex 215.09566752517165 -3.004446409583685 20.25
    endloop
  endfacet
  facet normal 0 0 -1
    outer loop
      vertex 184.90433247482835 -3.004446409583685 20.25
      vertex 214.69983807894278 -1.0144774024109522 20.25
      vertex 214.84887234782656 -2.0191848328669275 20.25
    endloop
  endfacet
  facet normal 0 0 -1
    outer loop
      vertex 184.90433247482835 -3.004446409583685 20.25
      vertex 214.65 0 20.25
      vertex 214.69983807894278 -1.0144774024109522 20.25
    endloop
  endfacet
  facet normal 0 0 -1
    outer loop
      vertex 184.90433247482835 -3.004446409583685 20.25
      vertex 214.69983807894278 1.0144774024109522 20.25
      vertex 214.65 0 20.25
    endloop
  endfacet
  facet normal 0.803207531480635 0.5956993044924466 0
    outer loop
      vertex 216.39428951266865 -5.750151911752883 25.25
      vertex 216.99934180769569 -6.56597049109373 20.25
      vertex 216.39428951266865 -5.750151911752883 20.25
    endloop
  endfacet
  facet normal 0.8577286100002742 0.5141027441932183 0
    outer loop
      vertex 215.87211491399452 -4.878956226149075 25.25
      vertex 216.39428951266865 -5.750151911752883 20.25
      vertex 215.87211491399452 -4.878956226149075 20.25
    endloop
  endfacet
  facet normal 0.9039892931234484 0.42755509343027115 0
    outer loop
      vertex 215.4378468385082 -3.9607735249786793 25.25
      vertex 215.87211491399452 -4.878956226149075 20.25
      vertex 215.4378468385082 -3.9607735249786793 20.25
    endloop
  endfacet
  facet normal 0.9415440651830208 0.33688985339222 0
    outer loop
      vertex 215.4378468385082 -3.9607735249786793 20.25
      vertex 215.09566752517165 -3.004446409583685 20.25
      vertex 215.09566752517165 -3.004446409583685 25.25
    endloop
  endfacet
  facet normal 0.9700312531945395 0.24298017990328127 0
    outer loop
      vertex 215.09566752517165 -3.004446409583685 20.25
      vertex 214.84887234782656 -2.0191848328669275 20.25
      vertex 214.84887234782656 -2.0191848328669275 25.25
    endloop
  endfacet
  facet normal 0.989176509964784 0.14673047445534124 0
    outer loop
      vertex 214.84887234782656 -2.0191848328669275 20.25
      vertex 214.69983807894278 -1.0144774024109522 20.25
      vertex 214.69983807894278 -1.0144774024109522 25.25
    endloop
  endfacet
  facet normal 0.998795456205172 0.04906767432742558 0
    outer loop
      vertex 214.69983807894278 -1.0144774024109522 20.25
      vertex 214.65 0 20.25
      vertex 214.65 0 25.25
    endloop
  endfacet
  facet normal 0 0 1
    outer loop
      vertex 183.00065819230431 -6.56597049109373 25.25
      vertex 216.99934180769569 -6.56597049109373 25.25
      vertex 216.39428951266865 -5.750151911752883 25.25
    endloop
  endfacet
  facet normal 0 0 1
    outer loop
      vertex 185.30016192105722 1.0144774024109522 25.25
      vertex 216.39428951266865 -5.750151911752883 25.25
      vertex 215.87211491399452 -4.878956226149075 25.25
    endloop
  endfacet
  facet normal 0 0 1
    outer loop
      vertex 185.30016192105722 1.0144774024109522 25.25
      vertex 215.87211491399452 -4.878956226149075 25.25
      vertex 215.4378468385082 -3.9607735249786793 25.25
    endloop
  endfacet
  facet normal 0 0 1
    outer loop
      vertex 185.30016192105722 1.0144774024109522 25.25
      vertex 215.4378468385082 -3.9607735249786793 25.25
      vertex 215.09566752517165 -3.004446409583685 25.25
    endloop
  endfacet
  facet normal 0 0 1
    outer loop
      vertex 184.5621531614918 3.9607735249786793 25.25
      vertex 215.09566752517165 -3.004446409583685 25.25
      vertex 214.84887234782656 -2.0191848328669275 25.25
    endloop
  endfacet
  facet normal 0.803207531480635 0.5956993044924466 0
    outer loop
      vertex 216.39428951266865 -5.750151911752883 25.25
      vertex 216.99934180769569 -6.56597049109373 25.25
      vertex 216.99934180769569 -6.56597049109373 20.25
    endloop
  endfacet
  facet normal 0.8577286100002742 0.5141027441932183 0
    outer loop
      vertex 215.87211491399452 -4.878956226149075 25.25
      vertex 216.39428951266865 -5.750151911752883 25.25
      vertex 216.39428951266865 -5.750151911752883 20.25
    endloop
  endfacet
  facet normal 0.9039892931234484 0.42755509343027115 0
    outer loop
      vertex 215.4378468385082 -3.9607735249786793 25.25
      vertex 215.87211491399452 -4.878956226149075 25.25
      vertex 215.87211491399452 -4.878956226149075 20.25
    endloop
  endfacet
  facet normal 0.9415440651830208 0.33688985339222 0
    outer loop
      vertex 215.09566752517165 -3.004446409583685 25.25
      vertex 215.4378468385082 -3.9607735249786793 25.25
      vertex 215.4378468385082 -3.9607735249786793 20.25
    endloop
  endfacet
  facet normal 0.9700312531945395 0.24298017990328127 0
    outer loop
      vertex 215.09566752517165 -3.004446409583685 20.25
      vertex 214.84887234782656 -2.0191848328669275 25.25
      vertex 215.09566752517165 -3.004446409583685 25.25
    endloop
  endfacet
  facet normal 0.989176509964784 0.14673047445534124 0
    outer loop
      vertex 214.84887234782656 -2.0191848328669275 20.25
      vertex 214.69983807894278 -1.0144774024109522 25.25
      vertex 214.84887234782656 -2.0191848328669275 25.25
    endloop
  endfacet
  facet normal 0.998795456205172 0.04906767432742558 0
    outer loop
      vertex 214.69983807894278 -1.0144774024109522 20.25
      vertex 214.65 0 25.25
      vertex 214.69983807894278 -1.0144774024109522 25.25
    endloop
  endfacet
  facet normal -0.04906767432741644 0.9987954562051725 0
    outer loop
      vertex 225 -10.35 25.25
      vertex 226.01447740241096 -10.300161921057239 20.25
      vertex 225 -10.35 20.25
    endloop
  endfacet
  facet normal -0.14673047445536488 0.9891765099647806 0
    outer loop
      vertex 226.01447740241096 -10.300161921057239 25.25
      vertex 227.01918483286693 -10.151127652173434 20.25
      vertex 226.01447740241096 -10.300161921057239 20.25
    endloop
  endfacet
  facet normal -0.24298017990326115 0.9700312531945448 0
    outer loop
      vertex 227.01918483286693 -10.151127652173434 25.25
      vertex 228.0044464095837 -9.904332474828362 20.25
      vertex 227.01918483286693 -10.151127652173434 20.25
    endloop
  endfacet
  facet normal -0.3368898533922188 0.9415440651830211 0
    outer loop
      vertex 228.0044464095837 -9.904332474828362 25.25
      vertex 228.9607735249787 -9.562153161491818 20.25
      vertex 228.0044464095837 -9.904332474828362 20.25
    endloop
  endfacet
  facet normal -0.4275550934302832 0.9039892931234429 0
    outer loop
      vertex 228.9607735249787 -9.562153161491818 25.25
      vertex 229.87895622614909 -9.127885086005474 20.25
      vertex 228.9607735249787 -9.562153161491818 20.25
    endloop
  endfacet
  facet normal -0.5141027441932268 0.8577286100002691 0
    outer loop
      vertex 229.87895622614909 -9.127885086005474 25.25
      vertex 230.75015191175288 -8.605710487331343 20.25
      vertex 229.87895622614909 -9.127885086005474 20.25
    endloop
  endfacet
  facet normal -0.59569930449243 0.8032075314806474 0
    outer loop
      vertex 230.75015191175288 -8.605710487331343 25.25
      vertex 231.56597049109374 -8.000658192304327 20.25
      vertex 230.75015191175288 -8.605710487331343 20.25
    endloop
  endfacet
  facet normal -0.6715589548470247 0.7409511253549532 0
    outer loop
      vertex 231.56597049109374 -8.000658192304327 25.25
      vertex 232.31855518528076 -7.3185551852807675 20.25
      vertex 231.56597049109374 -8.000658192304327 20.25
    endloop
  endfacet
  facet normal -0.7409511253549618 0.6715589548470156 0
    outer loop
      vertex 232.31855518528076 -7.3185551852807675 20.25
      vertex 232.31855518528076 -7.3185551852807675 25.25
      vertex 233.00065819230431 -6.56597049109373 20.25
    endloop
  endfacet
  facet normal 0 0 -1
    outer loop
      vertex 227.01918483286693 -10.151127652173434 20.25
      vertex 228.0044464095837 -9.904332474828362 20.25
      vertex 272.9808151671331 -10.151127652173434 20.25
    endloop
  endfacet
  facet normal 0 0 -1
    outer loop
      vertex 228.0044464095837 -9.904332474828362 20.25
      vertex 228.9607735249787 -9.562153161491818 20.25
      vertex 271.9955535904163 -9.904332474828362 20.25
    endloop
  endfacet
  facet normal 0 0 -1
    outer loop
      vertex 228.9607735249787 -9.562153161491818 20.25
      vertex 229.87895622614909 -9.127885086005474 20.25
      vertex 271.03922647502134 -9.562153161491818 20.25
    endloop
  endfacet
  facet normal 0 0 -1
    outer loop
      vertex 229.87895622614909 -9.127885086005474 20.25
      vertex 230.75015191175288 -8.605710487331343 20.25
      vertex 270.12104377385094 -9.127885086005474 20.25
    endloop
  endfacet
  facet normal 0 0 -1
    outer loop
      vertex 230.75015191175288 -8.605710487331343 20.25
      vertex 231.56597049109374 -8.000658192304327 20.25
      vertex 269.2498480882471 -8.605710487331343 20.25
    endloop
  endfacet
  facet normal 0 0 -1
    outer loop
      vertex 231.56597049109374 -8.000658192304327 20.25
      vertex 232.31855518528076 -7.3185551852807675 20.25
      vertex 268.4340295089063 -8.000658192304327 20.25
    endloop
  endfacet
  facet normal 0 0 -1
    outer loop
      vertex 232.31855518528076 -7.3185551852807675 20.25
      vertex 233.00065819230431 -6.56597049109373 20.25
      vertex 267.6814448147192 -7.3185551852807675 20.25
    endloop
  endfacet
  facet normal -0.04906767432741644 0.9987954562051725 0
    outer loop
      vertex 226.01447740241096 -10.300161921057239 25.25
      vertex 226.01447740241096 -10.300161921057239 20.25
      vertex 225 -10.35 25.25
    endloop
  endfacet
  facet normal -0.14673047445536488 0.9891765099647806 0
    outer loop
      vertex 227.01918483286693 -10.151127652173434 25.25
      vertex 227.01918483286693 -10.151127652173434 20.25
      vertex 226.01447740241096 -10.300161921057239 25.25
    endloop
  endfacet
  facet normal -0.24298017990326115 0.9700312531945448 0
    outer loop
      vertex 228.0044464095837 -9.904332474828362 25.25
      vertex 228.0044464095837 -9.904332474828362 20.25
      vertex 227.01918483286693 -10.151127652173434 25.25
    endloop
  endfacet
  facet normal -0.3368898533922188 0.9415440651830211 0
    outer loop
      vertex 228.9607735249787 -9.562153161491818 25.25
      vertex 228.9607735249787 -9.562153161491818 20.25
      vertex 228.0044464095837 -9.904332474828362 25.25
    endloop
  endfacet
  facet normal -0.4275550934302832 0.9039892931234429 0
    outer loop
      vertex 229.87895622614909 -9.127885086005474 25.25
      vertex 229.87895622614909 -9.127885086005474 20.25
      vertex 228.9607735249787 -9.562153161491818 25.25
    endloop
  endfacet
  facet normal -0.5141027441932268 0.8577286100002691 0
    outer loop
      vertex 230.75015191175288 -8.605710487331343 25.25
      vertex 230.75015191175288 -8.605710487331343 20.25
      vertex 229.87895622614909 -9.127885086005474 25.25
    endloop
  endfacet
  facet normal -0.59569930449243 0.8032075314806474 0
    outer loop
      vertex 231.56597049109374 -8.000658192304327 25.25
      vertex 231.56597049109374 -8.000658192304327 20.25
      vertex 230.75015191175288 -8.605710487331343 25.25
    endloop
  endfacet
  facet normal -0.6715589548470247 0.7409511253549532 0
    outer loop
      vertex 232.31855518528076 -7.3185551852807675 20.25
      vertex 231.56597049109374 -8.000658192304327 25.25
      vertex 232.31855518528076 -7.3185551852807675 25.25
    endloop
  endfacet
  facet normal -0.7409511253549618 0.6715589548470156 0
    outer loop
      vertex 233.00065819230431 -6.56597049109373 20.25
      vertex 232.31855518528076 -7.3185551852807675 25.25
      vertex 233.00065819230431 -6.56597049109373 25.25
    endloop
  endfacet
  facet normal 0 0 1
    outer loop
      vertex 280.4480198019802 -20.25 25.25
      vertex 231.56597049109374 -8.000658192304327 25.25
      vertex 230.75015191175288 -8.605710487331343 25.25
    endloop
  endfacet
  facet normal 0 0 1
    outer loop
      vertex 280.4480198019802 -20.25 25.25
      vertex 232.31855518528076 -7.3185551852807675 25.25
      vertex 231.56597049109374 -8.000658192304327 25.25
    endloop
  endfacet
  facet normal 0 0 1
    outer loop
      vertex 280.4480198019802 -20.25 25.25
      vertex 233.00065819230431 -6.56597049109373 25.25
      vertex 232.31855518528076 -7.3185551852807675 25.25
    endloop
  endfacet
  facet normal 0 0 1
    outer loop
      vertex 280.4480198019802 -20.25 25.25
      vertex 233.60571048733135 -5.750151911752883 25.25
      vertex 233.00065819230431 -6.56597049109373 25.25
    endloop
  endfacet
  facet normal 0 0 1
    outer loop
      vertex 280.4480198019802 -20.25 25.25
      vertex 234.12788508600548 -4.878956226149075 25.25
      vertex 233.60571048733135 -5.750151911752883 25.25
    endloop
  endfacet
  facet normal 0 0 1
    outer loop
      vertex 280.4480198019802 -20.25 25.25
      vertex 234.5621531614918 -3.9607735249786793 25.25
      vertex 234.12788508600548 -4.878956226149075 25.25
    endloop
  endfacet
  facet normal 0 0 1
    outer loop
      vertex 280.4480198019802 -20.25 25.25
      vertex 234.90433247482835 -3.004446409583685 25.25
      vertex 234.5621531614918 -3.9607735249786793 25.25
    endloop
  endfacet
  facet normal 0 0 1
    outer loop
      vertex 280.4480198019802 -20.25 25.25
      vertex 235.15112765217344 -2.0191848328669275 25.25
      vertex 234.90433247482835 -3.004446409583685 25.25
    endloop
  endfacet
  facet normal -0.803207531480635 0.5956993044924466 0
    outer loop
      vertex 233.60571048733135 -5.750151911752883 20.25
      vertex 233.00065819230431 -6.56597049109373 20.25
      vertex 233.00065819230431 -6.56597049109373 25.25
    endloop
  endfacet
  facet normal -0.8577286100002742 0.5141027441932183 0
    outer loop
      vertex 234.12788508600548 -4.878956226149075 20.25
      vertex 233.60571048733135 -5.750151911752883 20.25
      vertex 233.60571048733135 -5.750151911752883 25.25
    endloop
  endfacet
  facet normal -0.9039892931234484 0.42755509343027115 0
    outer loop
      vertex 234.5621531614918 -3.9607735249786793 20.25
      vertex 234.12788508600548 -4.878956226149075 20.25
      vertex 234.12788508600548 -4.878956226149075 25.25
    endloop
  endfacet
  facet normal -0.9415440651830208 0.33688985339222 0
    outer loop
      vertex 234.90433247482835 -3.004446409583685 20.25
      vertex 234.5621531614918 -3.9607735249786793 20.25
      vertex 234.5621531614918 -3.9607735249786793 25.25
    endloop
  endfacet
  facet normal -0.9700312531945395 0.24298017990328127 0
    outer loop
      vertex 235.15112765217344 -2.0191848328669275 20.25
      vertex 234.90433247482835 -3.004446409583685 20.25
      vertex 234.90433247482835 -3.004446409583685 25.25
    endloop
  endfacet
  facet normal -0.989176509964784 0.14673047445534124 0
    outer loop
      vertex 235.30016192105722 -1.0144774024109522 20.25
      vertex 235.15112765217344 -2.0191848328669275 20.25
      vertex 235.15112765217344 -2.0191848328669275 25.25
    endloop
  endfacet
  facet normal -0.998795456205172 0.04906767432742558 0
    outer loop
      vertex 235.30016192105722 -1.0144774024109522 20.25
      vertex 235.30016192105722 -1.0144774024109522 25.25
      vertex 235.35 0 20.25
    endloop
  endfacet
  facet normal 0 0 -1
    outer loop
      vertex 233.60571048733135 -5.750151911752883 20.25
      vertex 266.99934180769566 -6.56597049109373 20.25
      vertex 233.00065819230431 -6.56597049109373 20.25
    endloop
  endfacet
  facet normal 0 0 -1
    outer loop
      vertex 234.12788508600548 -4.878956226149075 20.25
      vertex 266.39428951266865 -5.750151911752883 20.25
      vertex 233.60571048733135 -5.750151911752883 20.25
    endloop
  endfacet
  facet normal 0 0 -1
    outer loop
      vertex 234.5621531614918 -3.9607735249786793 20.25
      vertex 265.87211491399455 -4.878956226149075 20.25
      vertex 234.12788508600548 -4.878956226149075 20.25
    endloop
  endfacet
  facet normal 0 0 -1
    outer loop
      vertex 234.90433247482835 -3.004446409583685 20.25
      vertex 265.43784683850816 -3.9607735249786793 20.25
      vertex 234.5621531614918 -3.9607735249786793 20.25
    endloop
  endfacet
  facet normal 0 0 -1
    outer loop
      vertex 235.15112765217344 -2.0191848328669275 20.25
      vertex 265.0956675251716 -3.004446409583685 20.25
      vertex 234.90433247482835 -3.004446409583685 20.25
    endloop
  endfacet
  facet normal 0 0 -1
    outer loop
      vertex 235.30016192105722 -1.0144774024109522 20.25
      vertex 264.84887234782656 -2.0191848328669275 20.25
      vertex 235.15112765217344 -2.0191848328669275 20.25
    endloop
  endfacet
  facet normal 0 0 -1
    outer loop
      vertex 264.6998380789428 -1.0144774024109522 20.25
      vertex 235.30016192105722 -1.0144774024109522 20.25
      vertex 235.35 0 20.25
    endloop
  endfacet
  facet normal -0.803207531480635 0.5956993044924466 0
    outer loop
      vertex 233.60571048733135 -5.750151911752883 20.25
      vertex 233.00065819230431 -6.56597049109373 25.25
      vertex 233.60571048733135 -5.750151911752883 25.25
    endloop
  endfacet
  facet normal -0.8577286100002742 0.5141027441932183 0
    outer loop
      vertex 234.12788508600548 -4.878956226149075 20.25
      vertex 233.60571048733135 -5.750151911752883 25.25
      vertex 234.12788508600548 -4.878956226149075 25.25
    endloop
  endfacet
  facet normal -0.9039892931234484 0.42755509343027115 0
    outer loop
      vertex 234.5621531614918 -3.9607735249786793 20.25
      vertex 234.12788508600548 -4.878956226149075 25.25
      vertex 234.5621531614918 -3.9607735249786793 25.25
    endloop
  endfacet
  facet normal -0.9415440651830208 0.33688985339222 0
    outer loop
      vertex 234.90433247482835 -3.004446409583685 20.25
      vertex 234.5621531614918 -3.9607735249786793 25.25
      vertex 234.90433247482835 -3.004446409583685 25.25
    endloop
  endfacet
  facet normal -0.9700312531945395 0.24298017990328127 0
    outer loop
      vertex 235.15112765217344 -2.0191848328669275 20.25
      vertex 234.90433247482835 -3.004446409583685 25.25
      vertex 235.15112765217344 -2.0191848328669275 25.25
    endloop
  endfacet
  facet normal -0.989176509964784 0.14673047445534124 0
    outer loop
      vertex 235.30016192105722 -1.0144774024109522 20.25
      vertex 235.15112765217344 -2.0191848328669275 25.25
      vertex 235.30016192105722 -1.0144774024109522 25.25
    endloop
  endfacet
  facet normal -0.998795456205172 0.04906767432742558 0
    outer loop
      vertex 235.35 0 20.25
      vertex 235.30016192105722 -1.0144774024109522 25.25
      vertex 235.35 0 25.25
    endloop
  endfacet
  facet normal 0 0 1
    outer loop
      vertex 280.4480198019802 -20.25 25.25
      vertex 234.90433247482835 3.004446409583685 25.25
      vertex 235.15112765217344 2.0191848328669275 25.25
    endloop
  endfacet
  facet normal 0 0 1
    outer loop
      vertex 280.4480198019802 -20.25 25.25
      vertex 234.5621531614918 3.9607735249786793 25.25
      vertex 234.90433247482835 3.004446409583685 25.25
    endloop
  endfacet
  facet normal 0 0 1
    outer loop
      vertex 280.4480198019802 -20.25 25.25
      vertex 234.12788508600548 4.878956226149075 25.25
      vertex 234.5621531614918 3.9607735249786793 25.25
    endloop
  endfacet
  facet normal 0 0 1
    outer loop
      vertex 280.4480198019802 -20.25 25.25
      vertex 233.60571048733135 5.750151911752883 25.25
      vertex 234.12788508600548 4.878956226149075 25.25
    endloop
  endfacet
  facet normal 0 0 1
    outer loop
      vertex 280.4480198019802 -20.25 25.25
      vertex 233.00065819230431 6.56597049109373 25.25
      vertex 233.60571048733135 5.750151911752883 25.25
    endloop
  endfacet
  facet normal 0 0 1
    outer loop
      vertex 280.4480198019802 -20.25 25.25
      vertex 232.31855518528076 7.3185551852807675 25.25
      vertex 233.00065819230431 6.56597049109373 25.25
    endloop
  endfacet
  facet normal 1 0 0
    outer loop
      vertex 300.25 -20.25 0.25
      vertex 300.25 -20.25 20.25
      vertex 300.25 -25.25 25.25
    endloop
  endfacet
  facet normal 0 0 -1
    outer loop
      vertex 300.25 -20.25 20.25
      vertex 225 -10.35 20.25
      vertex 226.01447740241096 -10.300161921057239 20.25
    endloop
  endfacet
  facet normal 0 0 -1
    outer loop
      vertex 300.25 -20.25 20.25
      vertex 226.01447740241096 -10.300161921057239 20.25
      vertex 227.01918483286693 -10.151127652173434 20.25
    endloop
  endfacet
  facet normal 0 0 -1
    outer loop
      vertex 300.25 -20.25 20.25
      vertex 227.01918483286693 -10.151127652173434 20.25
      vertex 272.9808151671331 -10.151127652173434 20.25
    endloop
  endfacet
  facet normal 0 0 1
    outer loop
      vertex 280.4480198019802 -20.25 25.25
      vertex 272.9808151671331 -10.151127652173434 25.25
      vertex 271.9955535904163 -9.904332474828362 25.25
    endloop
  endfacet
  facet normal 0 0 1
    outer loop
      vertex 280.4480198019802 -20.25 25.25
      vertex 271.9955535904163 -9.904332474828362 25.25
      vertex 271.03922647502134 -9.562153161491818 25.25
    endloop
  endfacet
  facet normal 1 0 0
    outer loop
      vertex 300.25 -20.25 20.25
      vertex 300.25 -20.25 24.754950495049506
      vertex 300.25 -25.25 25.25
    endloop
  endfacet
  facet normal 0 0 -1
    outer loop
      vertex 300.25 -20.25 20.25
      vertex 272.9808151671331 -10.151127652173434 20.25
      vertex 273.98552259758907 -10.300161921057239 20.25
    endloop
  endfacet
  facet normal 0 0 -1
    outer loop
      vertex 300.25 -20.25 20.25
      vertex 273.98552259758907 -10.300161921057239 20.25
      vertex 275 -10.35 20.25
    endloop
  endfacet
  facet normal 0 0 -1
    outer loop
      vertex 300.25 -20.25 20.25
      vertex 275 -10.35 20.25
      vertex 276.01447740241093 -10.300161921057239 20.25
    endloop
  endfacet
  facet normal 0 0 -1
    outer loop
      vertex 300.25 -20.25 20.25
      vertex 276.01447740241093 -10.300161921057239 20.25
      vertex 277.0191848328669 -10.151127652173434 20.25
    endloop
  endfacet
  facet normal 0 0 -1
    outer loop
      vertex 300.25 -20.25 20.25
      vertex 277.0191848328669 -10.151127652173434 20.25
      vertex 278.0044464095837 -9.904332474828362 20.25
    endloop
  endfacet
  facet normal 0 0 -1
    outer loop
      vertex 300.25 -20.25 20.25
      vertex 278.0044464095837 -9.904332474828362 20.25
      vertex 278.96077352497866 -9.562153161491818 20.25
    endloop
  endfacet
  facet normal 0 0 -1
    outer loop
      vertex 300.25 -20.25 20.25
      vertex 278.96077352497866 -9.562153161491818 20.25
      vertex 279.87895622614906 -9.127885086005474 20.25
    endloop
  endfacet
  facet normal 0 0 -1
    outer loop
      vertex 300.25 -20.25 20.25
      vertex 279.87895622614906 -9.127885086005474 20.25
      vertex 280.7501519117529 -8.605710487331343 20.25
    endloop
  endfacet
  facet normal 0 0 1
    outer loop
      vertex 280.4480198019802 -20.25 25.25
      vertex 273.98552259758907 -10.300161921057239 25.25
      vertex 272.9808151671331 -10.151127652173434 25.25
    endloop
  endfacet
  facet normal 0 0 1
    outer loop
      vertex 280.4480198019802 -20.25 25.25
      vertex 275 -10.35 25.25
      vertex 273.98552259758907 -10.300161921057239 25.25
    endloop
  endfacet
  facet normal 0 0 1
    outer loop
      vertex 280.4480198019802 -20.25 25.25
      vertex 276.01447740241093 -10.300161921057239 25.25
      vertex 275 -10.35 25.25
    endloop
  endfacet
  facet normal 0 0 1
    outer loop
      vertex 280.4480198019802 -20.25 25.25
      vertex 277.0191848328669 -10.151127652173434 25.25
      vertex 276.01447740241093 -10.300161921057239 25.25
    endloop
  endfacet
  facet normal 0 0 1
    outer loop
      vertex 280.4480198019802 -20.25 25.25
      vertex 278.0044464095837 -9.904332474828362 25.25
      vertex 277.0191848328669 -10.151127652173434 25.25
    endloop
  endfacet
  facet normal 0 0 1
    outer loop
      vertex 280.4480198019802 -20.25 25.25
      vertex 278.96077352497866 -9.562153161491818 25.25
      vertex 278.0044464095837 -9.904332474828362 25.25
    endloop
  endfacet
  facet normal 0 0 1
    outer loop
      vertex 280.4480198019802 -20.25 25.25
      vertex 279.87895622614906 -9.127885086005474 25.25
      vertex 278.96077352497866 -9.562153161491818 25.25
    endloop
  endfacet
  facet normal 0 0 1
    outer loop
      vertex 280.4480198019802 -20.25 25.25
      vertex 280.7501519117529 -8.605710487331343 25.25
      vertex 279.87895622614906 -9.127885086005474 25.25
    endloop
  endfacet
  facet normal 0 0 -1
    outer loop
      vertex 271.9955535904163 -9.904332474828362 20.25
      vertex 272.9808151671331 -10.151127652173434 20.25
      vertex 228.0044464095837 -9.904332474828362 20.25
    endloop
  endfacet
  facet normal 0 0 -1
    outer loop
      vertex 228.9607735249787 -9.562153161491818 20.25
      vertex 271.03922647502134 -9.562153161491818 20.25
      vertex 271.9955535904163 -9.904332474828362 20.25
    endloop
  endfacet
  facet normal 0 0 -1
    outer loop
      vertex 231.56597049109374 -8.000658192304327 20.25
      vertex 268.4340295089063 -8.000658192304327 20.25
      vertex 269.2498480882471 -8.605710487331343 20.25
    endloop
  endfacet
  facet normal 0 0 -1
    outer loop
      vertex 232.31855518528076 -7.3185551852807675 20.25
      vertex 267.6814448147192 -7.3185551852807675 20.25
      vertex 268.4340295089063 -8.000658192304327 20.25
    endloop
  endfacet
  facet normal 0 0 -1
    outer loop
      vertex 233.00065819230431 -6.56597049109373 20.25
      vertex 266.99934180769566 -6.56597049109373 20.25
      vertex 267.6814448147192 -7.3185551852807675 20.25
    endloop
  endfacet
  facet normal 0 0 -1
    outer loop
      vertex 270.12104377385094 -9.127885086005474 20.25
      vertex 271.03922647502134 -9.562153161491818 20.25
      vertex 229.87895622614909 -9.127885086005474 20.25
    endloop
  endfacet
  facet normal 0 0 -1
    outer loop
      vertex 269.2498480882471 -8.605710487331343 20.25
      vertex 270.12104377385094 -9.127885086005474 20.25
      vertex 230.75015191175288 -8.605710487331343 20.25
    endloop
  endfacet
  facet normal 0.33688985339222766 0.941544065183018 0
    outer loop
      vertex 271.03922647502134 -9.562153161491818 20.25
      vertex 271.03922647502134 -9.562153161491818 25.25
      vertex 271.9955535904163 -9.904332474828362 20.25
    endloop
  endfacet
  facet normal 0.049067674327417814 0.9987954562051725 0
    outer loop
      vertex 273.98552259758907 -10.300161921057239 20.25
      vertex 273.98552259758907 -10.300161921057239 25.25
      vertex 275 -10.35 20.25
    endloop
  endfacet
  facet normal 0.24298017990326115 0.9700312531945448 0
    outer loop
      vertex 271.9955535904163 -9.904332474828362 20.25
      vertex 271.9955535904163 -9.904332474828362 25.25
      vertex 272.9808151671331 -10.151127652173434 20.25
    endloop
  endfacet
  facet normal 0.1467304744553608 0.989176509964781 0
    outer loop
      vertex 272.9808151671331 -10.151127652173434 20.25
      vertex 272.9808151671331 -10.151127652173434 25.25
      vertex 273.98552259758907 -10.300161921057239 20.25
    endloop
  endfacet
  facet normal 0.5956993044924435 0.8032075314806375 0
    outer loop
      vertex 268.4340295089063 -8.000658192304327 20.25
      vertex 268.4340295089063 -8.000658192304327 25.25
      vertex 269.2498480882471 -8.605710487331343 20.25
    endloop
  endfacet
  facet normal 0.6715589548469969 0.7409511253549785 0
    outer loop
      vertex 268.4340295089063 -8.000658192304327 20.25
      vertex 267.6814448147192 -7.3185551852807675 20.25
      vertex 267.6814448147192 -7.3185551852807675 25.25
    endloop
  endfacet
  facet normal 0.7409511253549618 0.6715589548470156 0
    outer loop
      vertex 267.6814448147192 -7.3185551852807675 20.25
      vertex 266.99934180769566 -6.56597049109373 20.25
      vertex 266.99934180769566 -6.56597049109373 25.25
    endloop
  endfacet
  facet normal 0.4275550934302832 0.9039892931234429 0
    outer loop
      vertex 270.12104377385094 -9.127885086005474 20.25
      vertex 270.12104377385094 -9.127885086005474 25.25
      vertex 271.03922647502134 -9.562153161491818 20.25
    endloop
  endfacet
  facet normal 0.5141027441932143 0.8577286100002764 0
    outer loop
      vertex 269.2498480882471 -8.605710487331343 20.25
      vertex 269.2498480882471 -8.605710487331343 25.25
      vertex 270.12104377385094 -9.127885086005474 20.25
    endloop
  endfacet
  facet normal 0 0 1
    outer loop
      vertex 280.4480198019802 -20.25 25.25
      vertex 235.30016192105722 -1.0144774024109522 25.25
      vertex 235.15112765217344 -2.0191848328669275 25.25
    endloop
  endfacet
  facet normal 0 0 1
    outer loop
      vertex 280.4480198019802 -20.25 25.25
      vertex 235.35 0 25.25
      vertex 235.30016192105722 -1.0144774024109522 25.25
    endloop
  endfacet
  facet normal 0 0 1
    outer loop
      vertex 280.4480198019802 -20.25 25.25
      vertex 235.30016192105722 1.0144774024109522 25.25
      vertex 235.35 0 25.25
    endloop
  endfacet
  facet normal 0 0 1
    outer loop
      vertex 280.4480198019802 -20.25 25.25
      vertex 271.03922647502134 -9.562153161491818 25.25
      vertex 232.31855518528076 7.3185551852807675 25.25
    endloop
  endfacet
  facet normal 0.33688985339222766 0.941544065183018 0
    outer loop
      vertex 271.9955535904163 -9.904332474828362 20.25
      vertex 271.03922647502134 -9.562153161491818 25.25
      vertex 271.9955535904163 -9.904332474828362 25.25
    endloop
  endfacet
  facet normal 0.049067674327417814 0.9987954562051725 0
    outer loop
      vertex 275 -10.35 20.25
      vertex 273.98552259758907 -10.300161921057239 25.25
      vertex 275 -10.35 25.25
    endloop
  endfacet
  facet normal 0.24298017990326115 0.9700312531945448 0
    outer loop
      vertex 272.9808151671331 -10.151127652173434 20.25
      vertex 271.9955535904163 -9.904332474828362 25.25
      vertex 272.9808151671331 -10.151127652173434 25.25
    endloop
  endfacet
  facet normal 0.1467304744553608 0.989176509964781 0
    outer loop
      vertex 273.98552259758907 -10.300161921057239 20.25
      vertex 272.9808151671331 -10.151127652173434 25.25
      vertex 273.98552259758907 -10.300161921057239 25.25
    endloop
  endfacet
  facet normal 0.5956993044924435 0.8032075314806375 0
    outer loop
      vertex 269.2498480882471 -8.605710487331343 20.25
      vertex 268.4340295089063 -8.000658192304327 25.25
      vertex 269.2498480882471 -8.605710487331343 25.25
    endloop
  endfacet
  facet normal 0.6715589548469969 0.7409511253549785 0
    outer loop
      vertex 268.4340295089063 -8.000658192304327 20.25
      vertex 267.6814448147192 -7.3185551852807675 25.25
      vertex 268.4340295089063 -8.000658192304327 25.25
    endloop
  endfacet
  facet normal 0.7409511253549618 0.6715589548470156 0
    outer loop
      vertex 267.6814448147192 -7.3185551852807675 20.25
      vertex 266.99934180769566 -6.56597049109373 25.25
      vertex 267.6814448147192 -7.3185551852807675 25.25
    endloop
  endfacet
  facet normal 0.5141027441932143 0.8577286100002764 0
    outer loop
      vertex 270.12104377385094 -9.127885086005474 20.25
      vertex 269.2498480882471 -8.605710487331343 25.25
      vertex 270.12104377385094 -9.127885086005474 25.25
    endloop
  endfacet
  facet normal 0.4275550934302832 0.9039892931234429 0
    outer loop
      vertex 271.03922647502134 -9.562153161491818 20.25
      vertex 270.12104377385094 -9.127885086005474 25.25
      vertex 271.03922647502134 -9.562153161491818 25.25
    endloop
  endfacet
  facet normal 0 0 -1
    outer loop
      vertex 266.99934180769566 -6.56597049109373 20.25
      vertex 233.60571048733135 -5.750151911752883 20.25
      vertex 266.39428951266865 -5.750151911752883 20.25
    endloop
  endfacet
  facet normal 0 0 -1
    outer loop
      vertex 234.12788508600548 -4.878956226149075 20.25
      vertex 265.87211491399455 -4.878956226149075 20.25
      vertex 266.39428951266865 -5.750151911752883 20.25
    endloop
  endfacet
  facet normal 0 0 -1
    outer loop
      vertex 234.5621531614918 -3.9607735249786793 20.25
      vertex 265.43784683850816 -3.9607735249786793 20.25
      vertex 265.87211491399455 -4.878956226149075 20.25
    endloop
  endfacet
  facet normal 0 0 -1
    outer loop
      vertex 265.43784683850816 -3.9607735249786793 20.25
      vertex 234.90433247482835 -3.004446409583685 20.25
      vertex 265.0956675251716 -3.004446409583685 20.25
    endloop
  endfacet
  facet normal 0 0 -1
    outer loop
      vertex 265.0956675251716 -3.004446409583685 20.25
      vertex 235.15112765217344 -2.0191848328669275 20.25
      vertex 264.84887234782656 -2.0191848328669275 20.25
    endloop
  endfacet
  facet normal 0 0 -1
    outer loop
      vertex 264.84887234782656 -2.0191848328669275 20.25
      vertex 235.30016192105722 -1.0144774024109522 20.25
      vertex 264.6998380789428 -1.0144774024109522 20.25
    endloop
  endfacet
  facet normal 0 0 -1
    outer loop
      vertex 264.6998380789428 -1.0144774024109522 20.25
      vertex 235.35 0 20.25
      vertex 264.65 0 20.25
    endloop
  endfacet
  facet normal 0.8032075314806484 0.5956993044924286 0
    outer loop
      vertex 266.99934180769566 -6.56597049109373 20.25
      vertex 266.39428951266865 -5.750151911752883 20.25
      vertex 266.39428951266865 -5.750151911752883 25.25
    endloop
  endfacet
  facet normal 0.8577286100002864 0.5141027441931978 0
    outer loop
      vertex 266.39428951266865 -5.750151911752883 20.25
      vertex 265.87211491399455 -4.878956226149075 20.25
      vertex 265.87211491399455 -4.878956226149075 25.25
    endloop
  endfacet
  facet normal 0.9039892931234268 0.4275550934303169 0
    outer loop
      vertex 265.87211491399455 -4.878956226149075 20.25
      vertex 265.43784683850816 -3.9607735249786793 20.25
      vertex 265.43784683850816 -3.9607735249786793 25.25
    endloop
  endfacet
  facet normal 0.9415440651830208 0.33688985339222 0
    outer loop
      vertex 265.43784683850816 -3.9607735249786793 20.25
      vertex 265.0956675251716 -3.004446409583685 20.25
      vertex 265.0956675251716 -3.004446409583685 25.25
    endloop
  endfacet
  facet normal 0.9700312531945462 0.24298017990325496 0
    outer loop
      vertex 265.0956675251716 -3.004446409583685 20.25
      vertex 264.84887234782656 -2.0191848328669275 20.25
      vertex 264.84887234782656 -2.0191848328669275 25.25
    endloop
  endfacet
  facet normal 0.989176509964784 0.14673047445534124 0
    outer loop
      vertex 264.84887234782656 -2.0191848328669275 20.25
      vertex 264.6998380789428 -1.0144774024109522 20.25
      vertex 264.6998380789428 -1.0144774024109522 25.25
    endloop
  endfacet
  facet normal 0.9987954562051706 0.049067674327453493 0
    outer loop
      vertex 264.6998380789428 -1.0144774024109522 20.25
      vertex 264.65 0 20.25
      vertex 264.65 0 25.25
    endloop
  endfacet
  facet normal 0 0 1
    outer loop
      vertex 280.4480198019802 -20.25 25.25
      vertex 235.15112765217344 2.0191848328669275 25.25
      vertex 235.30016192105722 1.0144774024109522 25.25
    endloop
  endfacet
  facet normal 0 0 1
    outer loop
      vertex 271.03922647502134 -9.562153161491818 25.25
      vertex 270.12104377385094 -9.127885086005474 25.25
      vertex 232.31855518528076 7.3185551852807675 25.25
    endloop
  endfacet
  facet normal 0 0 1
    outer loop
      vertex 270.12104377385094 -9.127885086005474 25.25
      vertex 269.2498480882471 -8.605710487331343 25.25
      vertex 232.31855518528076 7.3185551852807675 25.25
    endloop
  endfacet
  facet normal 0 0 1
    outer loop
      vertex 268.4340295089063 -8.000658192304327 25.25
      vertex 267.6814448147192 -7.3185551852807675 25.25
      vertex 232.31855518528076 7.3185551852807675 25.25
    endloop
  endfacet
  facet normal 0 0 1
    outer loop
      vertex 266.99934180769566 -6.56597049109373 25.25
      vertex 232.31855518528076 7.3185551852807675 25.25
      vertex 267.6814448147192 -7.3185551852807675 25.25
    endloop
  endfacet
  facet normal 0 0 1
    outer loop
      vertex 266.39428951266865 -5.750151911752883 25.25
      vertex 232.31855518528076 7.3185551852807675 25.25
      vertex 266.99934180769566 -6.56597049109373 25.25
    endloop
  endfacet
  facet normal 0 0 1
    outer loop
      vertex 265.87211491399455 -4.878956226149075 25.25
      vertex 232.31855518528076 7.3185551852807675 25.25
      vertex 266.39428951266865 -5.750151911752883 25.25
    endloop
  endfacet
  facet normal 0 0 1
    outer loop
      vertex 265.43784683850816 -3.9607735249786793 25.25
      vertex 232.31855518528076 7.3185551852807675 25.25
      vertex 265.87211491399455 -4.878956226149075 25.25
    endloop
  endfacet
  facet normal 0 0 1
    outer loop
      vertex 269.2498480882471 -8.605710487331343 25.25
      vertex 268.4340295089063 -8.000658192304327 25.25
      vertex 232.31855518528076 7.3185551852807675 25.25
    endloop
  endfacet
  facet normal 0.8032075314806484 0.5956993044924286 0
    outer loop
      vertex 266.99934180769566 -6.56597049109373 20.25
      vertex 266.39428951266865 -5.750151911752883 25.25
      vertex 266.99934180769566 -6.56597049109373 25.25
    endloop
  endfacet
  facet normal 0.8577286100002864 0.5141027441931978 0
    outer loop
      vertex 266.39428951266865 -5.750151911752883 20.25
      vertex 265.87211491399455 -4.878956226149075 25.25
      vertex 266.39428951266865 -5.750151911752883 25.25
    endloop
  endfacet
  facet normal 0.9039892931234268 0.4275550934303169 0
    outer loop
      vertex 265.87211491399455 -4.878956226149075 20.25
      vertex 265.43784683850816 -3.9607735249786793 25.25
      vertex 265.87211491399455 -4.878956226149075 25.25
    endloop
  endfacet
  facet normal 0.9415440651830208 0.33688985339222 0
    outer loop
      vertex 265.43784683850816 -3.9607735249786793 20.25
      vertex 265.0956675251716 -3.004446409583685 25.25
      vertex 265.43784683850816 -3.9607735249786793 25.25
    endloop
  endfacet
  facet normal 0.9700312531945462 0.24298017990325496 0
    outer loop
      vertex 265.0956675251716 -3.004446409583685 20.25
      vertex 264.84887234782656 -2.0191848328669275 25.25
      vertex 265.0956675251716 -3.004446409583685 25.25
    endloop
  endfacet
  facet normal 0.989176509964784 0.14673047445534124 0
    outer loop
      vertex 264.84887234782656 -2.0191848328669275 20.25
      vertex 264.6998380789428 -1.0144774024109522 25.25
      vertex 264.84887234782656 -2.0191848328669275 25.25
    endloop
  endfacet
  facet normal 0.9987954562051706 0.049067674327453493 0
    outer loop
      vertex 264.6998380789428 -1.0144774024109522 20.25
      vertex 264.65 0 25.25
      vertex 264.6998380789428 -1.0144774024109522 25.25
    endloop
  endfacet
  facet normal 0 0 -1
    outer loop
      vertex 300.25 -20.25 20.25
      vertex 280.7501519117529 -8.605710487331343 20.25
      vertex 281.5659704910937 -8.000658192304327 20.25
    endloop
  endfacet
  facet normal -0.049067674327417814 0.9987954562051725 0
    outer loop
      vertex 275 -10.35 20.25
      vertex 275 -10.35 25.25
      vertex 276.01447740241093 -10.300161921057239 20.25
    endloop
  endfacet
  facet normal -0.1467304744553608 0.989176509964781 0
    outer loop
      vertex 276.01447740241093 -10.300161921057239 20.25
      vertex 276.01447740241093 -10.300161921057239 25.25
      vertex 277.0191848328669 -10.151127652173434 20.25
    endloop
  endfacet
  facet normal -0.24298017990326115 0.9700312531945448 0
    outer loop
      vertex 277.0191848328669 -10.151127652173434 20.25
      vertex 277.0191848328669 -10.151127652173434 25.25
      vertex 278.0044464095837 -9.904332474828362 20.25
    endloop
  endfacet
  facet normal -0.33688985339222766 0.941544065183018 0
    outer loop
      vertex 278.0044464095837 -9.904332474828362 20.25
      vertex 278.0044464095837 -9.904332474828362 25.25
      vertex 278.96077352497866 -9.562153161491818 20.25
    endloop
  endfacet
  facet normal -0.4275550934302832 0.9039892931234429 0
    outer loop
      vertex 278.96077352497866 -9.562153161491818 20.25
      vertex 278.96077352497866 -9.562153161491818 25.25
      vertex 279.87895622614906 -9.127885086005474 20.25
    endloop
  endfacet
  facet normal -0.5141027441932143 0.8577286100002764 0
    outer loop
      vertex 279.87895622614906 -9.127885086005474 20.25
      vertex 279.87895622614906 -9.127885086005474 25.25
      vertex 280.7501519117529 -8.605710487331343 20.25
    endloop
  endfacet
  facet normal -0.5956993044924435 0.8032075314806375 0
    outer loop
      vertex 280.7501519117529 -8.605710487331343 20.25
      vertex 280.7501519117529 -8.605710487331343 25.25
      vertex 281.5659704910937 -8.000658192304327 20.25
    endloop
  endfacet
  facet normal -0.6715589548469969 0.7409511253549785 0
    outer loop
      vertex 281.5659704910937 -8.000658192304327 20.25
      vertex 281.5659704910937 -8.000658192304327 25.25
      vertex 282.3185551852808 -7.3185551852807675 20.25
    endloop
  endfacet
  facet normal -0.7409511253549618 0.6715589548470156 0
    outer loop
      vertex 282.3185551852808 -7.3185551852807675 20.25
      vertex 282.3185551852808 -7.3185551852807675 25.25
      vertex 283.00065819230434 -6.56597049109373 20.25
    endloop
  endfacet
  facet normal 0 0 -1
    outer loop
      vertex 300.25 -20.25 20.25
      vertex 281.5659704910937 -8.000658192304327 20.25
      vertex 282.3185551852808 -7.3185551852807675 20.25
    endloop
  endfacet
  facet normal 0 0 -1
    outer loop
      vertex 300.25 -20.25 20.25
      vertex 282.3185551852808 -7.3185551852807675 20.25
      vertex 283.00065819230434 -6.56597049109373 20.25
    endloop
  endfacet
  facet normal 0 0 -1
    outer loop
      vertex 300.25 -20.25 20.25
      vertex 283.00065819230434 -6.56597049109373 20.25
      vertex 283.60571048733135 -5.750151911752883 20.25
    endloop
  endfacet
  facet normal 0 0 -1
    outer loop
      vertex 300.25 -20.25 20.25
      vertex 283.60571048733135 -5.750151911752883 20.25
      vertex 284.12788508600545 -4.878956226149075 20.25
    endloop
  endfacet
  facet normal 0 0 -1
    outer loop
      vertex 300.25 -20.25 20.25
      vertex 284.12788508600545 -4.878956226149075 20.25
      vertex 284.56215316149184 -3.9607735249786793 20.25
    endloop
  endfacet
  facet normal 0 0 -1
    outer loop
      vertex 300.25 -20.25 20.25
      vertex 284.56215316149184 -3.9607735249786793 20.25
      vertex 284.9043324748284 -3.004446409583685 20.25
    endloop
  endfacet
  facet normal 0 0 -1
    outer loop
      vertex 300.25 -20.25 20.25
      vertex 284.9043324748284 -3.004446409583685 20.25
      vertex 285.15112765217344 -2.0191848328669275 20.25
    endloop
  endfacet
  facet normal 0 0 -1
    outer loop
      vertex 300.25 -20.25 20.25
      vertex 285.15112765217344 -2.0191848328669275 20.25
      vertex 285.3001619210572 -1.0144774024109522 20.25
    endloop
  endfacet
  facet normal 0 0 -1
    outer loop
      vertex 300.25 -20.25 20.25
      vertex 285.3001619210572 -1.0144774024109522 20.25
      vertex 285.35 0 20.25
    endloop
  endfacet
  facet normal 0 0 -1
    outer loop
      vertex 300.25 -20.25 20.25
      vertex 285.35 0 20.25
      vertex 285.3001619210572 1.0144774024109522 20.25
    endloop
  endfacet
  facet normal 1 0 0
    outer loop
      vertex 300.25 -20.25 20.25
      vertex 300.25 20.25 20.745049504950494
      vertex 300.25 -20.25 24.754950495049506
    endloop
  endfacet
  facet normal -0.049067674327417814 0.9987954562051725 0
    outer loop
      vertex 276.01447740241093 -10.300161921057239 20.25
      vertex 275 -10.35 25.25
      vertex 276.01447740241093 -10.300161921057239 25.25
    endloop
  endfacet
  facet normal -0.1467304744553608 0.989176509964781 0
    outer loop
      vertex 277.0191848328669 -10.151127652173434 20.25
      vertex 276.01447740241093 -10.300161921057239 25.25
      vertex 277.0191848328669 -10.151127652173434 25.25
    endloop
  endfacet
  facet normal -0.24298017990326115 0.9700312531945448 0
    outer loop
      vertex 278.0044464095837 -9.904332474828362 20.25
      vertex 277.0191848328669 -10.151127652173434 25.25
      vertex 278.0044464095837 -9.904332474828362 25.25
    endloop
  endfacet
  facet normal -0.33688985339222766 0.941544065183018 0
    outer loop
      vertex 278.96077352497866 -9.562153161491818 20.25
      vertex 278.0044464095837 -9.904332474828362 25.25
      vertex 278.96077352497866 -9.562153161491818 25.25
    endloop
  endfacet
  facet normal 0 0 1
    outer loop
      vertex 280.4480198019802 -20.25 25.25
      vertex 281.5659704910937 -8.000658192304327 25.25
      vertex 280.7501519117529 -8.605710487331343 25.25
    endloop
  endfacet
  facet normal 0 0 1
    outer loop
      vertex 280.4480198019802 -20.25 25.25
      vertex 282.3185551852808 -7.3185551852807675 25.25
      vertex 281.5659704910937 -8.000658192304327 25.25
    endloop
  endfacet
  facet normal 0 0 1
    outer loop
      vertex 280.4480198019802 -20.25 25.25
      vertex 283.00065819230434 -6.56597049109373 25.25
      vertex 282.3185551852808 -7.3185551852807675 25.25
    endloop
  endfacet
  facet normal 0 0 1
    outer loop
      vertex 280.4480198019802 -20.25 25.25
      vertex 283.60571048733135 -5.750151911752883 25.25
      vertex 283.00065819230434 -6.56597049109373 25.25
    endloop
  endfacet
  facet normal 0 0 1
    outer loop
      vertex 280.4480198019802 -20.25 25.25
      vertex 284.12788508600545 -4.878956226149075 25.25
      vertex 283.60571048733135 -5.750151911752883 25.25
    endloop
  endfacet
  facet normal 0 0 1
    outer loop
      vertex 280.4480198019802 -20.25 25.25
      vertex 284.56215316149184 -3.9607735249786793 25.25
      vertex 284.12788508600545 -4.878956226149075 25.25
    endloop
  endfacet
  facet normal -0.4275550934302832 0.9039892931234429 0
    outer loop
      vertex 279.87895622614906 -9.127885086005474 20.25
      vertex 278.96077352497866 -9.562153161491818 25.25
      vertex 279.87895622614906 -9.127885086005474 25.25
    endloop
  endfacet
  facet normal -0.5141027441932143 0.8577286100002764 0
    outer loop
      vertex 280.7501519117529 -8.605710487331343 20.25
      vertex 279.87895622614906 -9.127885086005474 25.25
      vertex 280.7501519117529 -8.605710487331343 25.25
    endloop
  endfacet
  facet normal -0.5956993044924435 0.8032075314806375 0
    outer loop
      vertex 281.5659704910937 -8.000658192304327 20.25
      vertex 280.7501519117529 -8.605710487331343 25.25
      vertex 281.5659704910937 -8.000658192304327 25.25
    endloop
  endfacet
  facet normal -0.6715589548469969 0.7409511253549785 0
    outer loop
      vertex 282.3185551852808 -7.3185551852807675 20.25
      vertex 281.5659704910937 -8.000658192304327 25.25
      vertex 282.3185551852808 -7.3185551852807675 25.25
    endloop
  endfacet
  facet normal -0.7409511253549618 0.6715589548470156 0
    outer loop
      vertex 283.00065819230434 -6.56597049109373 20.25
      vertex 282.3185551852808 -7.3185551852807675 25.25
      vertex 283.00065819230434 -6.56597049109373 25.25
    endloop
  endfacet
  facet normal 0 0 1
    outer loop
      vertex 280.4480198019802 -20.25 25.25
      vertex 284.9043324748284 -3.004446409583685 25.25
      vertex 284.56215316149184 -3.9607735249786793 25.25
    endloop
  endfacet
  facet normal 0 0 1
    outer loop
      vertex 280.4480198019802 -20.25 25.25
      vertex 300.25 -25.25 25.25
      vertex 300.25 25.25 25.25
    endloop
  endfacet
  facet normal 1 0 0
    outer loop
      vertex 300.25 -25.25 25.25
      vertex 300.25 -20.25 24.754950495049506
      vertex 300.25 25.25 25.25
    endloop
  endfacet
  facet normal -0.8032075314806484 0.5956993044924286 0
    outer loop
      vertex 283.60571048733135 -5.750151911752883 20.25
      vertex 283.00065819230434 -6.56597049109373 20.25
      vertex 283.00065819230434 -6.56597049109373 25.25
    endloop
  endfacet
  facet normal -0.8577286100002864 0.5141027441931978 0
    outer loop
      vertex 284.12788508600545 -4.878956226149075 20.25
      vertex 283.60571048733135 -5.750151911752883 20.25
      vertex 283.60571048733135 -5.750151911752883 25.25
    endloop
  endfacet
  facet normal -0.9039892931234268 0.4275550934303169 0
    outer loop
      vertex 284.56215316149184 -3.9607735249786793 20.25
      vertex 284.12788508600545 -4.878956226149075 20.25
      vertex 284.12788508600545 -4.878956226149075 25.25
    endloop
  endfacet
  facet normal -0.9415440651830208 0.33688985339222 0
    outer loop
      vertex 284.9043324748284 -3.004446409583685 20.25
      vertex 284.56215316149184 -3.9607735249786793 20.25
      vertex 284.56215316149184 -3.9607735249786793 25.25
    endloop
  endfacet
  facet normal -0.9700312531945462 0.24298017990325496 0
    outer loop
      vertex 285.15112765217344 -2.0191848328669275 20.25
      vertex 284.9043324748284 -3.004446409583685 20.25
      vertex 284.9043324748284 -3.004446409583685 25.25
    endloop
  endfacet
  facet normal -0.989176509964784 0.14673047445534124 0
    outer loop
      vertex 285.3001619210572 -1.0144774024109522 20.25
      vertex 285.15112765217344 -2.0191848328669275 20.25
      vertex 285.15112765217344 -2.0191848328669275 25.25
    endloop
  endfacet
  facet normal -0.9987954562051706 0.049067674327453493 0
    outer loop
      vertex 285.3001619210572 -1.0144774024109522 20.25
      vertex 285.3001619210572 -1.0144774024109522 25.25
      vertex 285.35 0 20.25
    endloop
  endfacet
  facet normal 0 0 -1
    outer loop
      vertex 300.25 -20.25 20.25
      vertex 285.3001619210572 1.0144774024109522 20.25
      vertex 285.15112765217344 2.0191848328669275 20.25
    endloop
  endfacet
  facet normal 0 0 -1
    outer loop
      vertex 300.25 -20.25 20.25
      vertex 285.15112765217344 2.0191848328669275 20.25
      vertex 284.9043324748284 3.004446409583685 20.25
    endloop
  endfacet
  facet normal -0.8032075314806484 0.5956993044924286 0
    outer loop
      vertex 283.60571048733135 -5.750151911752883 20.25
      vertex 283.00065819230434 -6.56597049109373 25.25
      vertex 283.60571048733135 -5.750151911752883 25.25
    endloop
  endfacet
  facet normal -0.8577286100002864 0.5141027441931978 0
    outer loop
      vertex 284.12788508600545 -4.878956226149075 20.25
      vertex 283.60571048733135 -5.750151911752883 25.25
      vertex 284.12788508600545 -4.878956226149075 25.25
    endloop
  endfacet
  facet normal -0.9039892931234268 0.4275550934303169 0
    outer loop
      vertex 284.56215316149184 -3.9607735249786793 20.25
      vertex 284.12788508600545 -4.878956226149075 25.25
      vertex 284.56215316149184 -3.9607735249786793 25.25
    endloop
  endfacet
  facet normal -0.9415440651830208 0.33688985339222 0
    outer loop
      vertex 284.9043324748284 -3.004446409583685 20.25
      vertex 284.56215316149184 -3.9607735249786793 25.25
      vertex 284.9043324748284 -3.004446409583685 25.25
    endloop
  endfacet
  facet normal -0.9700312531945462 0.24298017990325496 0
    outer loop
      vertex 285.15112765217344 -2.0191848328669275 20.25
      vertex 284.9043324748284 -3.004446409583685 25.25
      vertex 285.15112765217344 -2.0191848328669275 25.25
    endloop
  endfacet
  facet normal -0.989176509964784 0.14673047445534124 0
    outer loop
      vertex 285.3001619210572 -1.0144774024109522 20.25
      vertex 285.15112765217344 -2.0191848328669275 25.25
      vertex 285.3001619210572 -1.0144774024109522 25.25
    endloop
  endfacet
  facet normal -0.9987954562051706 0.049067674327453493 0
    outer loop
      vertex 285.35 0 20.25
      vertex 285.3001619210572 -1.0144774024109522 25.25
      vertex 285.35 0 25.25
    endloop
  endfacet
  facet normal 0 0 -1
    outer loop
      vertex 100.25 20.25 0.25
      vertex 300.25 25.25 0.25
      vertex 300.25 20.25 0.25
    endloop
  endfacet
  facet normal 0 -1 0
    outer loop
      vertex 100.25 20.25 0.25
      vertex 300.25 20.25 0.25
      vertex 300.25 20.25 20.25
    endloop
  endfacet
  facet normal 1 0 0
    outer loop
      vertex 300.25 20.25 0.25
      vertex 300.25 25.25 0.25
      vertex 300.25 25.25 20.25
    endloop
  endfacet
  facet normal 0 0 -1
    outer loop
      vertex 184.90433247482835 -3.004446409583685 20.25
      vertex 214.84887234782656 2.0191848328669275 20.25
      vertex 214.69983807894278 1.0144774024109522 20.25
    endloop
  endfacet
  facet normal 0 0 -1
    outer loop
      vertex 184.90433247482835 -3.004446409583685 20.25
      vertex 215.09566752517165 3.004446409583685 20.25
      vertex 214.84887234782656 2.0191848328669275 20.25
    endloop
  endfacet
  facet normal 0 0 -1
    outer loop
      vertex 184.5621531614918 3.9607735249786793 20.25
      vertex 215.4378468385082 3.9607735249786793 20.25
      vertex 215.09566752517165 3.004446409583685 20.25
    endloop
  endfacet
  facet normal 0 0 -1
    outer loop
      vertex 184.12788508600548 4.878956226149075 20.25
      vertex 215.87211491399452 4.878956226149075 20.25
      vertex 215.4378468385082 3.9607735249786793 20.25
    endloop
  endfacet
  facet normal 0 0 -1
    outer loop
      vertex 183.60571048733135 5.750151911752883 20.25
      vertex 216.39428951266865 5.750151911752883 20.25
      vertex 215.87211491399452 4.878956226149075 20.25
    endloop
  endfacet
  facet normal 0 0 -1
    outer loop
      vertex 183.00065819230431 6.56597049109373 20.25
      vertex 216.99934180769569 6.56597049109373 20.25
      vertex 216.39428951266865 5.750151911752883 20.25
    endloop
  endfacet
  facet normal 0.998795456205172 -0.04906767432742558 0
    outer loop
      vertex 214.65 0 20.25
      vertex 214.69983807894278 1.0144774024109522 20.25
      vertex 214.69983807894278 1.0144774024109522 25.25
    endloop
  endfacet
  facet normal 0.989176509964784 -0.14673047445534124 0
    outer loop
      vertex 214.69983807894278 1.0144774024109522 20.25
      vertex 214.84887234782656 2.0191848328669275 20.25
      vertex 214.84887234782656 2.0191848328669275 25.25
    endloop
  endfacet
  facet normal 0.9700312531945395 -0.24298017990328127 0
    outer loop
      vertex 214.84887234782656 2.0191848328669275 20.25
      vertex 215.09566752517165 3.004446409583685 20.25
      vertex 215.09566752517165 3.004446409583685 25.25
    endloop
  endfacet
  facet normal 0.9415440651830208 -0.33688985339222 0
    outer loop
      vertex 215.09566752517165 3.004446409583685 20.25
      vertex 215.4378468385082 3.9607735249786793 20.25
      vertex 215.4378468385082 3.9607735249786793 25.25
    endloop
  endfacet
  facet normal 0.9039892931234484 -0.42755509343027115 0
    outer loop
      vertex 215.4378468385082 3.9607735249786793 20.25
      vertex 215.87211491399452 4.878956226149075 20.25
      vertex 215.87211491399452 4.878956226149075 25.25
    endloop
  endfacet
  facet normal 0.8577286100002742 -0.5141027441932183 0
    outer loop
      vertex 215.87211491399452 4.878956226149075 20.25
      vertex 216.39428951266865 5.750151911752883 20.25
      vertex 216.39428951266865 5.750151911752883 25.25
    endloop
  endfacet
  facet normal 0.803207531480635 -0.5956993044924466 0
    outer loop
      vertex 216.39428951266865 5.750151911752883 20.25
      vertex 216.99934180769569 6.56597049109373 20.25
      vertex 216.99934180769569 6.56597049109373 25.25
    endloop
  endfacet
  facet normal 0 0 1
    outer loop
      vertex 184.5621531614918 3.9607735249786793 25.25
      vertex 214.84887234782656 -2.0191848328669275 25.25
      vertex 214.69983807894278 -1.0144774024109522 25.25
    endloop
  endfacet
  facet normal 0 0 1
    outer loop
      vertex 184.5621531614918 3.9607735249786793 25.25
      vertex 214.69983807894278 -1.0144774024109522 25.25
      vertex 214.65 0 25.25
    endloop
  endfacet
  facet normal 0 0 1
    outer loop
      vertex 184.5621531614918 3.9607735249786793 25.25
      vertex 214.65 0 25.25
      vertex 214.69983807894278 1.0144774024109522 25.25
    endloop
  endfacet
  facet normal 0 0 1
    outer loop
      vertex 184.5621531614918 3.9607735249786793 25.25
      vertex 214.69983807894278 1.0144774024109522 25.25
      vertex 214.84887234782656 2.0191848328669275 25.25
    endloop
  endfacet
  facet normal 0 0 1
    outer loop
      vertex 184.5621531614918 3.9607735249786793 25.25
      vertex 214.84887234782656 2.0191848328669275 25.25
      vertex 215.09566752517165 3.004446409583685 25.25
    endloop
  endfacet
  facet normal 0 0 1
    outer loop
      vertex 184.5621531614918 3.9607735249786793 25.25
      vertex 215.09566752517165 3.004446409583685 25.25
      vertex 215.4378468385082 3.9607735249786793 25.25
    endloop
  endfacet
  facet normal 0 0 1
    outer loop
      vertex 184.5621531614918 3.9607735249786793 25.25
      vertex 215.4378468385082 3.9607735249786793 25.25
      vertex 215.87211491399452 4.878956226149075 25.25
    endloop
  endfacet
  facet normal 0 0 1
    outer loop
      vertex 184.12788508600548 4.878956226149075 25.25
      vertex 215.87211491399452 4.878956226149075 25.25
      vertex 216.39428951266865 5.750151911752883 25.25
    endloop
  endfacet
  facet normal 0 0 1
    outer loop
      vertex 216.99934180769569 6.56597049109373 25.25
      vertex 183.60571048733135 5.750151911752883 25.25
      vertex 216.39428951266865 5.750151911752883 25.25
    endloop
  endfacet
  facet normal 0.998795456205172 -0.04906767432742558 0
    outer loop
      vertex 214.65 0 20.25
      vertex 214.69983807894278 1.0144774024109522 25.25
      vertex 214.65 0 25.25
    endloop
  endfacet
  facet normal 0.989176509964784 -0.14673047445534124 0
    outer loop
      vertex 214.69983807894278 1.0144774024109522 20.25
      vertex 214.84887234782656 2.0191848328669275 25.25
      vertex 214.69983807894278 1.0144774024109522 25.25
    endloop
  endfacet
  facet normal 0.9700312531945395 -0.24298017990328127 0
    outer loop
      vertex 214.84887234782656 2.0191848328669275 20.25
      vertex 215.09566752517165 3.004446409583685 25.25
      vertex 214.84887234782656 2.0191848328669275 25.25
    endloop
  endfacet
  facet normal 0.9415440651830208 -0.33688985339222 0
    outer loop
      vertex 215.09566752517165 3.004446409583685 20.25
      vertex 215.4378468385082 3.9607735249786793 25.25
      vertex 215.09566752517165 3.004446409583685 25.25
    endloop
  endfacet
  facet normal 0.9039892931234484 -0.42755509343027115 0
    outer loop
      vertex 215.4378468385082 3.9607735249786793 20.25
      vertex 215.87211491399452 4.878956226149075 25.25
      vertex 215.4378468385082 3.9607735249786793 25.25
    endloop
  endfacet
  facet normal 0.8577286100002742 -0.5141027441932183 0
    outer loop
      vertex 215.87211491399452 4.878956226149075 20.25
      vertex 216.39428951266865 5.750151911752883 25.25
      vertex 215.87211491399452 4.878956226149075 25.25
    endloop
  endfacet
  facet normal 0.803207531480635 -0.5956993044924466 0
    outer loop
      vertex 216.39428951266865 5.750151911752883 20.25
      vertex 216.99934180769569 6.56597049109373 25.25
      vertex 216.39428951266865 5.750151911752883 25.25
    endloop
  endfacet
  facet normal 0 0 -1
    outer loop
      vertex 182.31855518528076 7.3185551852807675 20.25
      vertex 217.68144481471924 7.3185551852807675 20.25
      vertex 216.99934180769569 6.56597049109373 20.25
    endloop
  endfacet
  facet normal 0 0 -1
    outer loop
      vertex 181.56597049109374 8.000658192304327 20.25
      vertex 218.43402950890626 8.000658192304327 20.25
      vertex 217.68144481471924 7.3185551852807675 20.25
    endloop
  endfacet
  facet normal 0 0 -1
    outer loop
      vertex 180.75015191175288 8.605710487331343 20.25
      vertex 219.24984808824712 8.605710487331343 20.25
      vertex 218.43402950890626 8.000658192304327 20.25
    endloop
  endfacet
  facet normal 0 0 -1
    outer loop
      vertex 179.87895622614909 9.127885086005474 20.25
      vertex 220.12104377385091 9.127885086005474 20.25
      vertex 219.24984808824712 8.605710487331343 20.25
    endloop
  endfacet
  facet normal 0 0 -1
    outer loop
      vertex 178.9607735249787 9.562153161491818 20.25
      vertex 221.0392264750213 9.562153161491818 20.25
      vertex 220.12104377385091 9.127885086005474 20.25
    endloop
  endfacet
  facet normal 0 0 -1
    outer loop
      vertex 178.0044464095837 9.904332474828362 20.25
      vertex 221.9955535904163 9.904332474828362 20.25
      vertex 221.0392264750213 9.562153161491818 20.25
    endloop
  endfacet
  facet normal 0 0 -1
    outer loop
      vertex 177.01918483286693 10.151127652173434 20.25
      vertex 222.98081516713307 10.151127652173434 20.25
      vertex 221.9955535904163 9.904332474828362 20.25
    endloop
  endfacet
  facet normal 0.7409511253549618 -0.6715589548470156 0
    outer loop
      vertex 216.99934180769569 6.56597049109373 20.25
      vertex 217.68144481471924 7.3185551852807675 20.25
      vertex 217.68144481471924 7.3185551852807675 25.25
    endloop
  endfacet
  facet normal 0.6715589548470247 -0.7409511253549532 0
    outer loop
      vertex 218.43402950890626 8.000658192304327 20.25
      vertex 218.43402950890626 8.000658192304327 25.25
      vertex 217.68144481471924 7.3185551852807675 20.25
    endloop
  endfacet
  facet normal 0.59569930449243 -0.8032075314806474 0
    outer loop
      vertex 219.24984808824712 8.605710487331343 20.25
      vertex 219.24984808824712 8.605710487331343 25.25
      vertex 218.43402950890626 8.000658192304327 20.25
    endloop
  endfacet
  facet normal 0.5141027441932268 -0.8577286100002691 0
    outer loop
      vertex 220.12104377385091 9.127885086005474 20.25
      vertex 220.12104377385091 9.127885086005474 25.25
      vertex 219.24984808824712 8.605710487331343 20.25
    endloop
  endfacet
  facet normal 0.4275550934302832 -0.9039892931234429 0
    outer loop
      vertex 221.0392264750213 9.562153161491818 20.25
      vertex 221.0392264750213 9.562153161491818 25.25
      vertex 220.12104377385091 9.127885086005474 20.25
    endloop
  endfacet
  facet normal 0.3368898533922188 -0.9415440651830211 0
    outer loop
      vertex 221.9955535904163 9.904332474828362 20.25
      vertex 221.9955535904163 9.904332474828362 25.25
      vertex 221.0392264750213 9.562153161491818 20.25
    endloop
  endfacet
  facet normal 0.24298017990326115 -0.9700312531945448 0
    outer loop
      vertex 222.98081516713307 10.151127652173434 20.25
      vertex 222.98081516713307 10.151127652173434 25.25
      vertex 221.9955535904163 9.904332474828362 20.25
    endloop
  endfacet
  facet normal 0.14673047445536488 -0.9891765099647806 0
    outer loop
      vertex 223.98552259758904 10.300161921057239 20.25
      vertex 223.98552259758904 10.300161921057239 25.25
      vertex 222.98081516713307 10.151127652173434 20.25
    endloop
  endfacet
  facet normal 0.04906767432741644 -0.9987954562051725 0
    outer loop
      vertex 225 10.35 20.25
      vertex 225 10.35 25.25
      vertex 223.98552259758904 10.300161921057239 20.25
    endloop
  endfacet
  facet normal 0 0 1
    outer loop
      vertex 217.68144481471924 7.3185551852807675 25.25
      vertex 183.00065819230431 6.56597049109373 25.25
      vertex 216.99934180769569 6.56597049109373 25.25
    endloop
  endfacet
  facet normal 0 0 1
    outer loop
      vertex 217.68144481471924 7.3185551852807675 25.25
      vertex 218.43402950890626 8.000658192304327 25.25
      vertex 182.31855518528076 7.3185551852807675 25.25
    endloop
  endfacet
  facet normal 0 0 1
    outer loop
      vertex 181.56597049109374 8.000658192304327 25.25
      vertex 218.43402950890626 8.000658192304327 25.25
      vertex 219.24984808824712 8.605710487331343 25.25
    endloop
  endfacet
  facet normal 0 0 1
    outer loop
      vertex 219.24984808824712 8.605710487331343 25.25
      vertex 220.12104377385091 9.127885086005474 25.25
      vertex 180.75015191175288 8.605710487331343 25.25
    endloop
  endfacet
  facet normal 0 0 1
    outer loop
      vertex 179.87895622614909 9.127885086005474 25.25
      vertex 220.12104377385091 9.127885086005474 25.25
      vertex 221.0392264750213 9.562153161491818 25.25
    endloop
  endfacet
  facet normal 0 0 1
    outer loop
      vertex 178.9607735249787 9.562153161491818 25.25
      vertex 221.0392264750213 9.562153161491818 25.25
      vertex 221.9955535904163 9.904332474828362 25.25
    endloop
  endfacet
  facet normal 0.7409511253549618 -0.6715589548470156 0
    outer loop
      vertex 216.99934180769569 6.56597049109373 20.25
      vertex 217.68144481471924 7.3185551852807675 25.25
      vertex 216.99934180769569 6.56597049109373 25.25
    endloop
  endfacet
  facet normal 0.6715589548470247 -0.7409511253549532 0
    outer loop
      vertex 217.68144481471924 7.3185551852807675 20.25
      vertex 218.43402950890626 8.000658192304327 25.25
      vertex 217.68144481471924 7.3185551852807675 25.25
    endloop
  endfacet
  facet normal 0.59569930449243 -0.8032075314806474 0
    outer loop
      vertex 218.43402950890626 8.000658192304327 20.25
      vertex 219.24984808824712 8.605710487331343 25.25
      vertex 218.43402950890626 8.000658192304327 25.25
    endloop
  endfacet
  facet normal 0.5141027441932268 -0.8577286100002691 0
    outer loop
      vertex 219.24984808824712 8.605710487331343 20.25
      vertex 220.12104377385091 9.127885086005474 25.25
      vertex 219.24984808824712 8.605710487331343 25.25
    endloop
  endfacet
  facet normal 0.4275550934302832 -0.9039892931234429 0
    outer loop
      vertex 220.12104377385091 9.127885086005474 20.25
      vertex 221.0392264750213 9.562153161491818 25.25
      vertex 220.12104377385091 9.127885086005474 25.25
    endloop
  endfacet
  facet normal 0.3368898533922188 -0.9415440651830211 0
    outer loop
      vertex 221.0392264750213 9.562153161491818 20.25
      vertex 221.9955535904163 9.904332474828362 25.25
      vertex 221.0392264750213 9.562153161491818 25.25
    endloop
  endfacet
  facet normal 0.24298017990326115 -0.9700312531945448 0
    outer loop
      vertex 221.9955535904163 9.904332474828362 20.25
      vertex 222.98081516713307 10.151127652173434 25.25
      vertex 221.9955535904163 9.904332474828362 25.25
    endloop
  endfacet
  facet normal 0.14673047445536488 -0.9891765099647806 0
    outer loop
      vertex 222.98081516713307 10.151127652173434 20.25
      vertex 223.98552259758904 10.300161921057239 25.25
      vertex 222.98081516713307 10.151127652173434 25.25
    endloop
  endfacet
  facet normal 0.04906767432741644 -0.9987954562051725 0
    outer loop
      vertex 223.98552259758904 10.300161921057239 20.25
      vertex 225 10.35 25.25
      vertex 223.98552259758904 10.300161921057239 25.25
    endloop
  endfacet
  facet normal -0.998795456205172 -0.04906767432742558 0
    outer loop
      vertex 235.35 0 20.25
      vertex 235.35 0 25.25
      vertex 235.30016192105722 1.0144774024109522 20.25
    endloop
  endfacet
  facet normal -0.989176509964784 -0.14673047445534124 0
    outer loop
      vertex 235.15112765217344 2.0191848328669275 20.25
      vertex 235.30016192105722 1.0144774024109522 20.25
      vertex 235.30016192105722 1.0144774024109522 25.25
    endloop
  endfacet
  facet normal -0.9700312531945395 -0.24298017990328127 0
    outer loop
      vertex 234.90433247482835 3.004446409583685 20.25
      vertex 235.15112765217344 2.0191848328669275 20.25
      vertex 235.15112765217344 2.0191848328669275 25.25
    endloop
  endfacet
  facet normal -0.9039892931234484 -0.42755509343027115 0
    outer loop
      vertex 234.12788508600548 4.878956226149075 20.25
      vertex 234.5621531614918 3.9607735249786793 20.25
      vertex 234.5621531614918 3.9607735249786793 25.25
    endloop
  endfacet
  facet normal -0.9415440651830208 -0.33688985339222 0
    outer loop
      vertex 234.5621531614918 3.9607735249786793 20.25
      vertex 234.90433247482835 3.004446409583685 20.25
      vertex 234.90433247482835 3.004446409583685 25.25
    endloop
  endfacet
  facet normal -0.8577286100002742 -0.5141027441932183 0
    outer loop
      vertex 233.60571048733135 5.750151911752883 20.25
      vertex 234.12788508600548 4.878956226149075 20.25
      vertex 234.12788508600548 4.878956226149075 25.25
    endloop
  endfacet
  facet normal -0.803207531480635 -0.5956993044924466 0
    outer loop
      vertex 233.00065819230431 6.56597049109373 20.25
      vertex 233.60571048733135 5.750151911752883 20.25
      vertex 233.60571048733135 5.750151911752883 25.25
    endloop
  endfacet
  facet normal 0 0 -1
    outer loop
      vertex 235.35 0 20.25
      vertex 235.30016192105722 1.0144774024109522 20.25
      vertex 264.65 0 20.25
    endloop
  endfacet
  facet normal 0 0 -1
    outer loop
      vertex 235.15112765217344 2.0191848328669275 20.25
      vertex 264.6998380789428 1.0144774024109522 20.25
      vertex 235.30016192105722 1.0144774024109522 20.25
    endloop
  endfacet
  facet normal 0 0 -1
    outer loop
      vertex 234.90433247482835 3.004446409583685 20.25
      vertex 264.84887234782656 2.0191848328669275 20.25
      vertex 235.15112765217344 2.0191848328669275 20.25
    endloop
  endfacet
  facet normal 0 0 -1
    outer loop
      vertex 234.5621531614918 3.9607735249786793 20.25
      vertex 265.0956675251716 3.004446409583685 20.25
      vertex 234.90433247482835 3.004446409583685 20.25
    endloop
  endfacet
  facet normal 0 0 -1
    outer loop
      vertex 234.12788508600548 4.878956226149075 20.25
      vertex 265.43784683850816 3.9607735249786793 20.25
      vertex 234.5621531614918 3.9607735249786793 20.25
    endloop
  endfacet
  facet normal 0 0 -1
    outer loop
      vertex 233.60571048733135 5.750151911752883 20.25
      vertex 265.87211491399455 4.878956226149075 20.25
      vertex 234.12788508600548 4.878956226149075 20.25
    endloop
  endfacet
  facet normal 0 0 -1
    outer loop
      vertex 233.00065819230431 6.56597049109373 20.25
      vertex 266.39428951266865 5.750151911752883 20.25
      vertex 233.60571048733135 5.750151911752883 20.25
    endloop
  endfacet
  facet normal -0.998795456205172 -0.04906767432742558 0
    outer loop
      vertex 235.30016192105722 1.0144774024109522 20.25
      vertex 235.35 0 25.25
      vertex 235.30016192105722 1.0144774024109522 25.25
    endloop
  endfacet
  facet normal -0.989176509964784 -0.14673047445534124 0
    outer loop
      vertex 235.15112765217344 2.0191848328669275 20.25
      vertex 235.30016192105722 1.0144774024109522 25.25
      vertex 235.15112765217344 2.0191848328669275 25.25
    endloop
  endfacet
  facet normal -0.9700312531945395 -0.24298017990328127 0
    outer loop
      vertex 234.90433247482835 3.004446409583685 20.25
      vertex 235.15112765217344 2.0191848328669275 25.25
      vertex 234.90433247482835 3.004446409583685 25.25
    endloop
  endfacet
  facet normal -0.9039892931234484 -0.42755509343027115 0
    outer loop
      vertex 234.12788508600548 4.878956226149075 20.25
      vertex 234.5621531614918 3.9607735249786793 25.25
      vertex 234.12788508600548 4.878956226149075 25.25
    endloop
  endfacet
  facet normal -0.9415440651830208 -0.33688985339222 0
    outer loop
      vertex 234.5621531614918 3.9607735249786793 20.25
      vertex 234.90433247482835 3.004446409583685 25.25
      vertex 234.5621531614918 3.9607735249786793 25.25
    endloop
  endfacet
  facet normal -0.8577286100002742 -0.5141027441932183 0
    outer loop
      vertex 233.60571048733135 5.750151911752883 20.25
      vertex 234.12788508600548 4.878956226149075 25.25
      vertex 233.60571048733135 5.750151911752883 25.25
    endloop
  endfacet
  facet normal -0.803207531480635 -0.5956993044924466 0
    outer loop
      vertex 233.00065819230431 6.56597049109373 20.25
      vertex 233.60571048733135 5.750151911752883 25.25
      vertex 233.00065819230431 6.56597049109373 25.25
    endloop
  endfacet
  facet normal -0.59569930449243 -0.8032075314806474 0
    outer loop
      vertex 231.56597049109374 8.000658192304327 20.25
      vertex 231.56597049109374 8.000658192304327 25.25
      vertex 230.75015191175288 8.605710487331343 20.25
    endloop
  endfacet
  facet normal -0.4275550934302832 -0.9039892931234429 0
    outer loop
      vertex 229.87895622614909 9.127885086005474 20.25
      vertex 229.87895622614909 9.127885086005474 25.25
      vertex 228.9607735249787 9.562153161491818 20.25
    endloop
  endfacet
  facet normal -0.5141027441932268 -0.8577286100002691 0
    outer loop
      vertex 230.75015191175288 8.605710487331343 20.25
      vertex 230.75015191175288 8.605710487331343 25.25
      vertex 229.87895622614909 9.127885086005474 20.25
    endloop
  endfacet
  facet normal -0.7409511253549618 -0.6715589548470156 0
    outer loop
      vertex 232.31855518528076 7.3185551852807675 20.25
      vertex 233.00065819230431 6.56597049109373 20.25
      vertex 233.00065819230431 6.56597049109373 25.25
    endloop
  endfacet
  facet normal -0.6715589548470247 -0.7409511253549532 0
    outer loop
      vertex 232.31855518528076 7.3185551852807675 20.25
      vertex 232.31855518528076 7.3185551852807675 25.25
      vertex 231.56597049109374 8.000658192304327 20.25
    endloop
  endfacet
  facet normal -0.14673047445536488 -0.9891765099647806 0
    outer loop
      vertex 227.01918483286693 10.151127652173434 20.25
      vertex 227.01918483286693 10.151127652173434 25.25
      vertex 226.01447740241096 10.300161921057239 20.25
    endloop
  endfacet
  facet normal -0.24298017990326115 -0.9700312531945448 0
    outer loop
      vertex 228.0044464095837 9.904332474828362 20.25
      vertex 228.0044464095837 9.904332474828362 25.25
      vertex 227.01918483286693 10.151127652173434 20.25
    endloop
  endfacet
  facet normal -0.04906767432741644 -0.9987954562051725 0
    outer loop
      vertex 226.01447740241096 10.300161921057239 20.25
      vertex 226.01447740241096 10.300161921057239 25.25
      vertex 225 10.35 20.25
    endloop
  endfacet
  facet normal -0.3368898533922188 -0.9415440651830211 0
    outer loop
      vertex 228.9607735249787 9.562153161491818 20.25
      vertex 228.9607735249787 9.562153161491818 25.25
      vertex 228.0044464095837 9.904332474828362 20.25
    endloop
  endfacet
  facet normal 0 0 -1
    outer loop
      vertex 232.31855518528076 7.3185551852807675 20.25
      vertex 266.99934180769566 6.56597049109373 20.25
      vertex 233.00065819230431 6.56597049109373 20.25
    endloop
  endfacet
  facet normal -0.59569930449243 -0.8032075314806474 0
    outer loop
      vertex 230.75015191175288 8.605710487331343 20.25
      vertex 231.56597049109374 8.000658192304327 25.25
      vertex 230.75015191175288 8.605710487331343 25.25
    endloop
  endfacet
  facet normal -0.4275550934302832 -0.9039892931234429 0
    outer loop
      vertex 228.9607735249787 9.562153161491818 20.25
      vertex 229.87895622614909 9.127885086005474 25.25
      vertex 228.9607735249787 9.562153161491818 25.25
    endloop
  endfacet
  facet normal -0.5141027441932268 -0.8577286100002691 0
    outer loop
      vertex 229.87895622614909 9.127885086005474 20.25
      vertex 230.75015191175288 8.605710487331343 25.25
      vertex 229.87895622614909 9.127885086005474 25.25
    endloop
  endfacet
  facet normal -0.7409511253549618 -0.6715589548470156 0
    outer loop
      vertex 232.31855518528076 7.3185551852807675 20.25
      vertex 233.00065819230431 6.56597049109373 25.25
      vertex 232.31855518528076 7.3185551852807675 25.25
    endloop
  endfacet
  facet normal -0.6715589548470247 -0.7409511253549532 0
    outer loop
      vertex 231.56597049109374 8.000658192304327 20.25
      vertex 232.31855518528076 7.3185551852807675 25.25
      vertex 231.56597049109374 8.000658192304327 25.25
    endloop
  endfacet
  facet normal -0.14673047445536488 -0.9891765099647806 0
    outer loop
      vertex 226.01447740241096 10.300161921057239 20.25
      vertex 227.01918483286693 10.151127652173434 25.25
      vertex 226.01447740241096 10.300161921057239 25.25
    endloop
  endfacet
  facet normal -0.3368898533922188 -0.9415440651830211 0
    outer loop
      vertex 228.0044464095837 9.904332474828362 20.25
      vertex 228.9607735249787 9.562153161491818 25.25
      vertex 228.0044464095837 9.904332474828362 25.25
    endloop
  endfacet
  facet normal -0.24298017990326115 -0.9700312531945448 0
    outer loop
      vertex 227.01918483286693 10.151127652173434 20.25
      vertex 228.0044464095837 9.904332474828362 25.25
      vertex 227.01918483286693 10.151127652173434 25.25
    endloop
  endfacet
  facet normal -0.04906767432741644 -0.9987954562051725 0
    outer loop
      vertex 225 10.35 20.25
      vertex 226.01447740241096 10.300161921057239 25.25
      vertex 225 10.35 25.25
    endloop
  endfacet
  facet normal 0 0 1
    outer loop
      vertex 230.75015191175288 8.605710487331343 25.25
      vertex 231.56597049109374 8.000658192304327 25.25
      vertex 269.2498480882471 8.605710487331343 25.25
    endloop
  endfacet
  facet normal 0 0 1
    outer loop
      vertex 229.87895622614909 9.127885086005474 25.25
      vertex 230.75015191175288 8.605710487331343 25.25
      vertex 270.12104377385094 9.127885086005474 25.25
    endloop
  endfacet
  facet normal 0 0 1
    outer loop
      vertex 228.9607735249787 9.562153161491818 25.25
      vertex 229.87895622614909 9.127885086005474 25.25
      vertex 271.03922647502134 9.562153161491818 25.25
    endloop
  endfacet
  facet normal 0 0 1
    outer loop
      vertex 231.56597049109374 8.000658192304327 25.25
      vertex 232.31855518528076 7.3185551852807675 25.25
      vertex 268.4340295089063 8.000658192304327 25.25
    endloop
  endfacet
  facet normal 0 0 1
    outer loop
      vertex 228.0044464095837 9.904332474828362 25.25
      vertex 228.9607735249787 9.562153161491818 25.25
      vertex 271.9955535904163 9.904332474828362 25.25
    endloop
  endfacet
  facet normal 0 1 0
    outer loop
      vertex 100.25 25.25 25.25
      vertex 300.25 25.25 20.25
      vertex 300.25 25.25 0.25
    endloop
  endfacet
  facet normal 0 0 -1
    outer loop
      vertex 100.25 20.25 20.25
      vertex 300.25 20.25 20.25
      vertex 226.01447740241096 10.300161921057239 20.25
    endloop
  endfacet
  facet normal 0 0 1
    outer loop
      vertex 100.25 25.25 25.25
      vertex 226.01447740241096 10.300161921057239 25.25
      vertex 300.25 25.25 25.25
    endloop
  endfacet
  facet normal 0 1 0
    outer loop
      vertex 100.25 25.25 25.25
      vertex 300.25 25.25 25.25
      vertex 300.25 25.25 20.25
    endloop
  endfacet
  facet normal 0 0 -1
    outer loop
      vertex 235.30016192105722 1.0144774024109522 20.25
      vertex 264.6998380789428 1.0144774024109522 20.25
      vertex 264.65 0 20.25
    endloop
  endfacet
  facet normal 0 0 -1
    outer loop
      vertex 235.15112765217344 2.0191848328669275 20.25
      vertex 264.84887234782656 2.0191848328669275 20.25
      vertex 264.6998380789428 1.0144774024109522 20.25
    endloop
  endfacet
  facet normal 0 0 -1
    outer loop
      vertex 234.90433247482835 3.004446409583685 20.25
      vertex 265.0956675251716 3.004446409583685 20.25
      vertex 264.84887234782656 2.0191848328669275 20.25
    endloop
  endfacet
  facet normal 0 0 -1
    outer loop
      vertex 234.5621531614918 3.9607735249786793 20.25
      vertex 265.43784683850816 3.9607735249786793 20.25
      vertex 265.0956675251716 3.004446409583685 20.25
    endloop
  endfacet
  facet normal 0 0 -1
    outer loop
      vertex 234.12788508600548 4.878956226149075 20.25
      vertex 265.87211491399455 4.878956226149075 20.25
      vertex 265.43784683850816 3.9607735249786793 20.25
    endloop
  endfacet
  facet normal 0 0 -1
    outer loop
      vertex 233.60571048733135 5.750151911752883 20.25
      vertex 266.39428951266865 5.750151911752883 20.25
      vertex 265.87211491399455 4.878956226149075 20.25
    endloop
  endfacet
  facet normal 0 0 -1
    outer loop
      vertex 233.00065819230431 6.56597049109373 20.25
      vertex 266.99934180769566 6.56597049109373 20.25
      vertex 266.39428951266865 5.750151911752883 20.25
    endloop
  endfacet
  facet normal 0.9987954562051706 -0.049067674327453493 0
    outer loop
      vertex 264.65 0 20.25
      vertex 264.6998380789428 1.0144774024109522 20.25
      vertex 264.6998380789428 1.0144774024109522 25.25
    endloop
  endfacet
  facet normal 0.989176509964784 -0.14673047445534124 0
    outer loop
      vertex 264.6998380789428 1.0144774024109522 20.25
      vertex 264.84887234782656 2.0191848328669275 20.25
      vertex 264.84887234782656 2.0191848328669275 25.25
    endloop
  endfacet
  facet normal 0.9700312531945462 -0.24298017990325496 0
    outer loop
      vertex 264.84887234782656 2.0191848328669275 20.25
      vertex 265.0956675251716 3.004446409583685 20.25
      vertex 265.0956675251716 3.004446409583685 25.25
    endloop
  endfacet
  facet normal 0.9415440651830208 -0.33688985339222 0
    outer loop
      vertex 265.0956675251716 3.004446409583685 20.25
      vertex 265.43784683850816 3.9607735249786793 20.25
      vertex 265.43784683850816 3.9607735249786793 25.25
    endloop
  endfacet
  facet normal 0.9039892931234268 -0.4275550934303169 0
    outer loop
      vertex 265.43784683850816 3.9607735249786793 20.25
      vertex 265.87211491399455 4.878956226149075 20.25
      vertex 265.87211491399455 4.878956226149075 25.25
    endloop
  endfacet
  facet normal 0.8577286100002864 -0.5141027441931978 0
    outer loop
      vertex 265.87211491399455 4.878956226149075 20.25
      vertex 266.39428951266865 5.750151911752883 20.25
      vertex 266.39428951266865 5.750151911752883 25.25
    endloop
  endfacet
  facet normal 0.8032075314806484 -0.5956993044924286 0
    outer loop
      vertex 266.39428951266865 5.750151911752883 20.25
      vertex 266.99934180769566 6.56597049109373 20.25
      vertex 266.99934180769566 6.56597049109373 25.25
    endloop
  endfacet
  facet normal 0 0 1
    outer loop
      vertex 265.0956675251716 -3.004446409583685 25.25
      vertex 232.31855518528076 7.3185551852807675 25.25
      vertex 265.43784683850816 -3.9607735249786793 25.25
    endloop
  endfacet
  facet normal 0 0 1
    outer loop
      vertex 264.84887234782656 -2.0191848328669275 25.25
      vertex 232.31855518528076 7.3185551852807675 25.25
      vertex 265.0956675251716 -3.004446409583685 25.25
    endloop
  endfacet
  facet normal 0 0 1
    outer loop
      vertex 264.6998380789428 -1.0144774024109522 25.25
      vertex 232.31855518528076 7.3185551852807675 25.25
      vertex 264.84887234782656 -2.0191848328669275 25.25
    endloop
  endfacet
  facet normal 0 0 1
    outer loop
      vertex 264.65 0 25.25
      vertex 232.31855518528076 7.3185551852807675 25.25
      vertex 264.6998380789428 -1.0144774024109522 25.25
    endloop
  endfacet
  facet normal 0 0 1
    outer loop
      vertex 264.6998380789428 1.0144774024109522 25.25
      vertex 232.31855518528076 7.3185551852807675 25.25
      vertex 264.65 0 25.25
    endloop
  endfacet
  facet normal 0 0 1
    outer loop
      vertex 264.84887234782656 2.0191848328669275 25.25
      vertex 232.31855518528076 7.3185551852807675 25.25
      vertex 264.6998380789428 1.0144774024109522 25.25
    endloop
  endfacet
  facet normal 0 0 1
    outer loop
      vertex 265.0956675251716 3.004446409583685 25.25
      vertex 232.31855518528076 7.3185551852807675 25.25
      vertex 264.84887234782656 2.0191848328669275 25.25
    endloop
  endfacet
  facet normal 0 0 1
    outer loop
      vertex 265.43784683850816 3.9607735249786793 25.25
      vertex 232.31855518528076 7.3185551852807675 25.25
      vertex 265.0956675251716 3.004446409583685 25.25
    endloop
  endfacet
  facet normal 0 0 1
    outer loop
      vertex 265.87211491399455 4.878956226149075 25.25
      vertex 232.31855518528076 7.3185551852807675 25.25
      vertex 265.43784683850816 3.9607735249786793 25.25
    endloop
  endfacet
  facet normal 0 0 1
    outer loop
      vertex 266.39428951266865 5.750151911752883 25.25
      vertex 232.31855518528076 7.3185551852807675 25.25
      vertex 265.87211491399455 4.878956226149075 25.25
    endloop
  endfacet
  facet normal 0.9987954562051706 -0.049067674327453493 0
    outer loop
      vertex 264.65 0 20.25
      vertex 264.6998380789428 1.0144774024109522 25.25
      vertex 264.65 0 25.25
    endloop
  endfacet
  facet normal 0.989176509964784 -0.14673047445534124 0
    outer loop
      vertex 264.6998380789428 1.0144774024109522 20.25
      vertex 264.84887234782656 2.0191848328669275 25.25
      vertex 264.6998380789428 1.0144774024109522 25.25
    endloop
  endfacet
  facet normal 0.9700312531945462 -0.24298017990325496 0
    outer loop
      vertex 264.84887234782656 2.0191848328669275 20.25
      vertex 265.0956675251716 3.004446409583685 25.25
      vertex 264.84887234782656 2.0191848328669275 25.25
    endloop
  endfacet
  facet normal 0.9415440651830208 -0.33688985339222 0
    outer loop
      vertex 265.0956675251716 3.004446409583685 20.25
      vertex 265.43784683850816 3.9607735249786793 25.25
      vertex 265.0956675251716 3.004446409583685 25.25
    endloop
  endfacet
  facet normal 0.9039892931234268 -0.4275550934303169 0
    outer loop
      vertex 265.43784683850816 3.9607735249786793 20.25
      vertex 265.87211491399455 4.878956226149075 25.25
      vertex 265.43784683850816 3.9607735249786793 25.25
    endloop
  endfacet
  facet normal 0.8577286100002864 -0.5141027441931978 0
    outer loop
      vertex 265.87211491399455 4.878956226149075 20.25
      vertex 266.39428951266865 5.750151911752883 25.25
      vertex 265.87211491399455 4.878956226149075 25.25
    endloop
  endfacet
  facet normal 0.8032075314806484 -0.5956993044924286 0
    outer loop
      vertex 266.39428951266865 5.750151911752883 20.25
      vertex 266.99934180769566 6.56597049109373 25.25
      vertex 266.39428951266865 5.750151911752883 25.25
    endloop
  endfacet
  facet normal 0 0 -1
    outer loop
      vertex 232.31855518528076 7.3185551852807675 20.25
      vertex 267.6814448147192 7.3185551852807675 20.25
      vertex 266.99934180769566 6.56597049109373 20.25
    endloop
  endfacet
  facet normal 0 0 -1
    outer loop
      vertex 232.31855518528076 7.3185551852807675 20.25
      vertex 268.4340295089063 8.000658192304327 20.25
      vertex 267.6814448147192 7.3185551852807675 20.25
    endloop
  endfacet
  facet normal 0 0 -1
    outer loop
      vertex 232.31855518528076 7.3185551852807675 20.25
      vertex 269.2498480882471 8.605710487331343 20.25
      vertex 268.4340295089063 8.000658192304327 20.25
    endloop
  endfacet
  facet normal 0 0 -1
    outer loop
      vertex 232.31855518528076 7.3185551852807675 20.25
      vertex 270.12104377385094 9.127885086005474 20.25
      vertex 269.2498480882471 8.605710487331343 20.25
    endloop
  endfacet
  facet normal 0 0 -1
    outer loop
      vertex 232.31855518528076 7.3185551852807675 20.25
      vertex 271.03922647502134 9.562153161491818 20.25
      vertex 270.12104377385094 9.127885086005474 20.25
    endloop
  endfacet
  facet normal 0 0 -1
    outer loop
      vertex 300.25 20.25 20.25
      vertex 232.31855518528076 7.3185551852807675 20.25
      vertex 231.56597049109374 8.000658192304327 20.25
    endloop
  endfacet
  facet normal 0 0 -1
    outer loop
      vertex 300.25 20.25 20.25
      vertex 231.56597049109374 8.000658192304327 20.25
      vertex 230.75015191175288 8.605710487331343 20.25
    endloop
  endfacet
  facet normal 0.7409511253549618 -0.6715589548470156 0
    outer loop
      vertex 266.99934180769566 6.56597049109373 20.25
      vertex 267.6814448147192 7.3185551852807675 20.25
      vertex 267.6814448147192 7.3185551852807675 25.25
    endloop
  endfacet
  facet normal 0.6715589548469969 -0.7409511253549785 0
    outer loop
      vertex 268.4340295089063 8.000658192304327 20.25
      vertex 268.4340295089063 8.000658192304327 25.25
      vertex 267.6814448147192 7.3185551852807675 20.25
    endloop
  endfacet
  facet normal 0.5956993044924435 -0.8032075314806375 0
    outer loop
      vertex 269.2498480882471 8.605710487331343 20.25
      vertex 269.2498480882471 8.605710487331343 25.25
      vertex 268.4340295089063 8.000658192304327 20.25
    endloop
  endfacet
  facet normal 0.5141027441932143 -0.8577286100002764 0
    outer loop
      vertex 270.12104377385094 9.127885086005474 20.25
      vertex 270.12104377385094 9.127885086005474 25.25
      vertex 269.2498480882471 8.605710487331343 20.25
    endloop
  endfacet
  facet normal 0.4275550934302832 -0.9039892931234429 0
    outer loop
      vertex 271.03922647502134 9.562153161491818 20.25
      vertex 271.03922647502134 9.562153161491818 25.25
      vertex 270.12104377385094 9.127885086005474 20.25
    endloop
  endfacet
  facet normal 0 0 -1
    outer loop
      vertex 300.25 20.25 20.25
      vertex 271.03922647502134 9.562153161491818 20.25
      vertex 232.31855518528076 7.3185551852807675 20.25
    endloop
  endfacet
  facet normal 0.33688985339222766 -0.941544065183018 0
    outer loop
      vertex 271.9955535904163 9.904332474828362 20.25
      vertex 271.9955535904163 9.904332474828362 25.25
      vertex 271.03922647502134 9.562153161491818 20.25
    endloop
  endfacet
  facet normal 0.24298017990326115 -0.9700312531945448 0
    outer loop
      vertex 272.9808151671331 10.151127652173434 20.25
      vertex 272.9808151671331 10.151127652173434 25.25
      vertex 271.9955535904163 9.904332474828362 20.25
    endloop
  endfacet
  facet normal 0.1467304744553608 -0.989176509964781 0
    outer loop
      vertex 273.98552259758907 10.300161921057239 20.25
      vertex 273.98552259758907 10.300161921057239 25.25
      vertex 272.9808151671331 10.151127652173434 20.25
    endloop
  endfacet
  facet normal 0.049067674327417814 -0.9987954562051725 0
    outer loop
      vertex 275 10.35 20.25
      vertex 275 10.35 25.25
      vertex 273.98552259758907 10.300161921057239 20.25
    endloop
  endfacet
  facet normal 0 0 1
    outer loop
      vertex 266.99934180769566 6.56597049109373 25.25
      vertex 232.31855518528076 7.3185551852807675 25.25
      vertex 266.39428951266865 5.750151911752883 25.25
    endloop
  endfacet
  facet normal 0 0 1
    outer loop
      vertex 267.6814448147192 7.3185551852807675 25.25
      vertex 232.31855518528076 7.3185551852807675 25.25
      vertex 266.99934180769566 6.56597049109373 25.25
    endloop
  endfacet
  facet normal 0 0 1
    outer loop
      vertex 267.6814448147192 7.3185551852807675 25.25
      vertex 268.4340295089063 8.000658192304327 25.25
      vertex 232.31855518528076 7.3185551852807675 25.25
    endloop
  endfacet
  facet normal 0 0 1
    outer loop
      vertex 231.56597049109374 8.000658192304327 25.25
      vertex 268.4340295089063 8.000658192304327 25.25
      vertex 269.2498480882471 8.605710487331343 25.25
    endloop
  endfacet
  facet normal 0 0 1
    outer loop
      vertex 269.2498480882471 8.605710487331343 25.25
      vertex 270.12104377385094 9.127885086005474 25.25
      vertex 230.75015191175288 8.605710487331343 25.25
    endloop
  endfacet
  facet normal 0 0 1
    outer loop
      vertex 270.12104377385094 9.127885086005474 25.25
      vertex 271.03922647502134 9.562153161491818 25.25
      vertex 229.87895622614909 9.127885086005474 25.25
    endloop
  endfacet
  facet normal 0 0 1
    outer loop
      vertex 228.9607735249787 9.562153161491818 25.25
      vertex 271.03922647502134 9.562153161491818 25.25
      vertex 271.9955535904163 9.904332474828362 25.25
    endloop
  endfacet
  facet normal 0.7409511253549618 -0.6715589548470156 0
    outer loop
      vertex 266.99934180769566 6.56597049109373 20.25
      vertex 267.6814448147192 7.3185551852807675 25.25
      vertex 266.99934180769566 6.56597049109373 25.25
    endloop
  endfacet
  facet normal 0.6715589548469969 -0.7409511253549785 0
    outer loop
      vertex 267.6814448147192 7.3185551852807675 20.25
      vertex 268.4340295089063 8.000658192304327 25.25
      vertex 267.6814448147192 7.3185551852807675 25.25
    endloop
  endfacet
  facet normal 0.5956993044924435 -0.8032075314806375 0
    outer loop
      vertex 268.4340295089063 8.000658192304327 20.25
      vertex 269.2498480882471 8.605710487331343 25.25
      vertex 268.4340295089063 8.000658192304327 25.25
    endloop
  endfacet
  facet normal 0.5141027441932143 -0.8577286100002764 0
    outer loop
      vertex 269.2498480882471 8.605710487331343 20.25
      vertex 270.12104377385094 9.127885086005474 25.25
      vertex 269.2498480882471 8.605710487331343 25.25
    endloop
  endfacet
  facet normal 0.4275550934302832 -0.9039892931234429 0
    outer loop
      vertex 270.12104377385094 9.127885086005474 20.25
      vertex 271.03922647502134 9.562153161491818 25.25
      vertex 270.12104377385094 9.127885086005474 25.25
    endloop
  endfacet
  facet normal 0.33688985339222766 -0.941544065183018 0
    outer loop
      vertex 271.03922647502134 9.562153161491818 20.25
      vertex 271.9955535904163 9.904332474828362 25.25
      vertex 271.03922647502134 9.562153161491818 25.25
    endloop
  endfacet
  facet normal 0.24298017990326115 -0.9700312531945448 0
    outer loop
      vertex 271.9955535904163 9.904332474828362 20.25
      vertex 272.9808151671331 10.151127652173434 25.25
      vertex 271.9955535904163 9.904332474828362 25.25
    endloop
  endfacet
  facet normal 0.1467304744553608 -0.989176509964781 0
    outer loop
      vertex 272.9808151671331 10.151127652173434 20.25
      vertex 273.98552259758907 10.300161921057239 25.25
      vertex 272.9808151671331 10.151127652173434 25.25
    endloop
  endfacet
  facet normal 0.049067674327417814 -0.9987954562051725 0
    outer loop
      vertex 273.98552259758907 10.300161921057239 20.25
      vertex 275 10.35 25.25
      vertex 273.98552259758907 10.300161921057239 25.25
    endloop
  endfacet
  facet normal -0.9987954562051706 -0.049067674327453493 0
    outer loop
      vertex 285.35 0 20.25
      vertex 285.35 0 25.25
      vertex 285.3001619210572 1.0144774024109522 20.25
    endloop
  endfacet
  facet normal -0.989176509964784 -0.14673047445534124 0
    outer loop
      vertex 285.15112765217344 2.0191848328669275 20.25
      vertex 285.3001619210572 1.0144774024109522 20.25
      vertex 285.3001619210572 1.0144774024109522 25.25
    endloop
  endfacet
  facet normal -0.9700312531945462 -0.24298017990325496 0
    outer loop
      vertex 284.9043324748284 3.004446409583685 20.25
      vertex 285.15112765217344 2.0191848328669275 20.25
      vertex 285.15112765217344 2.0191848328669275 25.25
    endloop
  endfacet
  facet normal -0.9039892931234268 -0.4275550934303169 0
    outer loop
      vertex 284.12788508600545 4.878956226149075 20.25
      vertex 284.56215316149184 3.9607735249786793 20.25
      vertex 284.56215316149184 3.9607735249786793 25.25
    endloop
  endfacet
  facet normal -0.9415440651830208 -0.33688985339222 0
    outer loop
      vertex 284.56215316149184 3.9607735249786793 20.25
      vertex 284.9043324748284 3.004446409583685 20.25
      vertex 284.9043324748284 3.004446409583685 25.25
    endloop
  endfacet
  facet normal -0.8577286100002864 -0.5141027441931978 0
    outer loop
      vertex 283.60571048733135 5.750151911752883 20.25
      vertex 284.12788508600545 4.878956226149075 20.25
      vertex 284.12788508600545 4.878956226149075 25.25
    endloop
  endfacet
  facet normal -0.8032075314806484 -0.5956993044924286 0
    outer loop
      vertex 283.00065819230434 6.56597049109373 20.25
      vertex 283.60571048733135 5.750151911752883 20.25
      vertex 283.60571048733135 5.750151911752883 25.25
    endloop
  endfacet
  facet normal 0 0 -1
    outer loop
      vertex 300.25 -20.25 20.25
      vertex 284.9043324748284 3.004446409583685 20.25
      vertex 300.25 20.25 20.25
    endloop
  endfacet
  facet normal -0.9987954562051706 -0.049067674327453493 0
    outer loop
      vertex 285.3001619210572 1.0144774024109522 20.25
      vertex 285.35 0 25.25
      vertex 285.3001619210572 1.0144774024109522 25.25
    endloop
  endfacet
  facet normal -0.989176509964784 -0.14673047445534124 0
    outer loop
      vertex 285.15112765217344 2.0191848328669275 20.25
      vertex 285.3001619210572 1.0144774024109522 25.25
      vertex 285.15112765217344 2.0191848328669275 25.25
    endloop
  endfacet
  facet normal -0.9700312531945462 -0.24298017990325496 0
    outer loop
      vertex 284.9043324748284 3.004446409583685 20.25
      vertex 285.15112765217344 2.0191848328669275 25.25
      vertex 284.9043324748284 3.004446409583685 25.25
    endloop
  endfacet
  facet normal -0.9039892931234268 -0.4275550934303169 0
    outer loop
      vertex 284.12788508600545 4.878956226149075 20.25
      vertex 284.56215316149184 3.9607735249786793 25.25
      vertex 284.12788508600545 4.878956226149075 25.25
    endloop
  endfacet
  facet normal -0.9415440651830208 -0.33688985339222 0
    outer loop
      vertex 284.56215316149184 3.9607735249786793 20.25
      vertex 284.9043324748284 3.004446409583685 25.25
      vertex 284.56215316149184 3.9607735249786793 25.25
    endloop
  endfacet
  facet normal -0.8577286100002864 -0.5141027441931978 0
    outer loop
      vertex 283.60571048733135 5.750151911752883 20.25
      vertex 284.12788508600545 4.878956226149075 25.25
      vertex 283.60571048733135 5.750151911752883 25.25
    endloop
  endfacet
  facet normal -0.8032075314806484 -0.5956993044924286 0
    outer loop
      vertex 283.00065819230434 6.56597049109373 20.25
      vertex 283.60571048733135 5.750151911752883 25.25
      vertex 283.00065819230434 6.56597049109373 25.25
    endloop
  endfacet
  facet normal 0 0 1
    outer loop
      vertex 280.4480198019802 -20.25 25.25
      vertex 300.25 25.25 25.25
      vertex 284.9043324748284 -3.004446409583685 25.25
    endloop
  endfacet
  facet normal -0.5956993044924435 -0.8032075314806375 0
    outer loop
      vertex 281.5659704910937 8.000658192304327 20.25
      vertex 281.5659704910937 8.000658192304327 25.25
      vertex 280.7501519117529 8.605710487331343 20.25
    endloop
  endfacet
  facet normal -0.4275550934302832 -0.9039892931234429 0
    outer loop
      vertex 279.87895622614906 9.127885086005474 20.25
      vertex 279.87895622614906 9.127885086005474 25.25
      vertex 278.96077352497866 9.562153161491818 20.25
    endloop
  endfacet
  facet normal -0.5141027441932143 -0.8577286100002764 0
    outer loop
      vertex 280.7501519117529 8.605710487331343 20.25
      vertex 280.7501519117529 8.605710487331343 25.25
      vertex 279.87895622614906 9.127885086005474 20.25
    endloop
  endfacet
  facet normal -0.7409511253549618 -0.6715589548470156 0
    outer loop
      vertex 282.3185551852808 7.3185551852807675 20.25
      vertex 283.00065819230434 6.56597049109373 20.25
      vertex 283.00065819230434 6.56597049109373 25.25
    endloop
  endfacet
  facet normal -0.6715589548469969 -0.7409511253549785 0
    outer loop
      vertex 282.3185551852808 7.3185551852807675 20.25
      vertex 282.3185551852808 7.3185551852807675 25.25
      vertex 281.5659704910937 8.000658192304327 20.25
    endloop
  endfacet
  facet normal 0 0 -1
    outer loop
      vertex 300.25 20.25 20.25
      vertex 281.5659704910937 8.000658192304327 20.25
      vertex 280.7501519117529 8.605710487331343 20.25
    endloop
  endfacet
  facet normal -0.1467304744553608 -0.989176509964781 0
    outer loop
      vertex 277.0191848328669 10.151127652173434 20.25
      vertex 277.0191848328669 10.151127652173434 25.25
      vertex 276.01447740241093 10.300161921057239 20.25
    endloop
  endfacet
  facet normal -0.24298017990326115 -0.9700312531945448 0
    outer loop
      vertex 278.0044464095837 9.904332474828362 20.25
      vertex 278.0044464095837 9.904332474828362 25.25
      vertex 277.0191848328669 10.151127652173434 20.25
    endloop
  endfacet
  facet normal -0.049067674327417814 -0.9987954562051725 0
    outer loop
      vertex 276.01447740241093 10.300161921057239 20.25
      vertex 276.01447740241093 10.300161921057239 25.25
      vertex 275 10.35 20.25
    endloop
  endfacet
  facet normal -0.33688985339222766 -0.941544065183018 0
    outer loop
      vertex 278.96077352497866 9.562153161491818 20.25
      vertex 278.96077352497866 9.562153161491818 25.25
      vertex 278.0044464095837 9.904332474828362 20.25
    endloop
  endfacet
  facet normal 0 0 -1
    outer loop
      vertex 300.25 20.25 20.25
      vertex 284.9043324748284 3.004446409583685 20.25
      vertex 284.56215316149184 3.9607735249786793 20.25
    endloop
  endfacet
  facet normal 1 0 0
    outer loop
      vertex 300.25 -20.25 20.25
      vertex 300.25 20.25 20.25
      vertex 300.25 20.25 20.745049504950494
    endloop
  endfacet
  facet normal 0 0 -1
    outer loop
      vertex 300.25 20.25 20.25
      vertex 284.56215316149184 3.9607735249786793 20.25
      vertex 284.12788508600545 4.878956226149075 20.25
    endloop
  endfacet
  facet normal 0 0 -1
    outer loop
      vertex 300.25 20.25 20.25
      vertex 283.60571048733135 5.750151911752883 20.25
      vertex 283.00065819230434 6.56597049109373 20.25
    endloop
  endfacet
  facet normal 0 0 -1
    outer loop
      vertex 300.25 20.25 20.25
      vertex 284.12788508600545 4.878956226149075 20.25
      vertex 283.60571048733135 5.750151911752883 20.25
    endloop
  endfacet
  facet normal 0 0 -1
    outer loop
      vertex 300.25 20.25 20.25
      vertex 283.00065819230434 6.56597049109373 20.25
      vertex 282.3185551852808 7.3185551852807675 20.25
    endloop
  endfacet
  facet normal 0 0 -1
    outer loop
      vertex 300.25 20.25 20.25
      vertex 282.3185551852808 7.3185551852807675 20.25
      vertex 281.5659704910937 8.000658192304327 20.25
    endloop
  endfacet
  facet normal -0.5956993044924435 -0.8032075314806375 0
    outer loop
      vertex 280.7501519117529 8.605710487331343 20.25
      vertex 281.5659704910937 8.000658192304327 25.25
      vertex 280.7501519117529 8.605710487331343 25.25
    endloop
  endfacet
  facet normal -0.4275550934302832 -0.9039892931234429 0
    outer loop
      vertex 278.96077352497866 9.562153161491818 20.25
      vertex 279.87895622614906 9.127885086005474 25.25
      vertex 278.96077352497866 9.562153161491818 25.25
    endloop
  endfacet
  facet normal -0.5141027441932143 -0.8577286100002764 0
    outer loop
      vertex 279.87895622614906 9.127885086005474 20.25
      vertex 280.7501519117529 8.605710487331343 25.25
      vertex 279.87895622614906 9.127885086005474 25.25
    endloop
  endfacet
  facet normal -0.7409511253549618 -0.6715589548470156 0
    outer loop
      vertex 282.3185551852808 7.3185551852807675 20.25
      vertex 283.00065819230434 6.56597049109373 25.25
      vertex 282.3185551852808 7.3185551852807675 25.25
    endloop
  endfacet
  facet normal -0.6715589548469969 -0.7409511253549785 0
    outer loop
      vertex 281.5659704910937 8.000658192304327 20.25
      vertex 282.3185551852808 7.3185551852807675 25.25
      vertex 281.5659704910937 8.000658192304327 25.25
    endloop
  endfacet
  facet normal -0.1467304744553608 -0.989176509964781 0
    outer loop
      vertex 276.01447740241093 10.300161921057239 20.25
      vertex 277.0191848328669 10.151127652173434 25.25
      vertex 276.01447740241093 10.300161921057239 25.25
    endloop
  endfacet
  facet normal -0.33688985339222766 -0.941544065183018 0
    outer loop
      vertex 278.0044464095837 9.904332474828362 20.25
      vertex 278.96077352497866 9.562153161491818 25.25
      vertex 278.0044464095837 9.904332474828362 25.25
    endloop
  endfacet
  facet normal -0.24298017990326115 -0.9700312531945448 0
    outer loop
      vertex 277.0191848328669 10.151127652173434 20.25
      vertex 278.0044464095837 9.904332474828362 25.25
      vertex 277.0191848328669 10.151127652173434 25.25
    endloop
  endfacet
  facet normal -0.049067674327417814 -0.9987954562051725 0
    outer loop
      vertex 275 10.35 20.25
      vertex 276.01447740241093 10.300161921057239 25.25
      vertex 275 10.35 25.25
    endloop
  endfacet
  facet normal 1 0 0
    outer loop
      vertex 300.25 -20.25 24.754950495049506
      vertex 300.25 20.25 20.745049504950494
      vertex 300.25 25.25 25.25
    endloop
  endfacet
  facet normal 0 0 1
    outer loop
      vertex 300.25 25.25 25.25
      vertex 285.15112765217344 -2.0191848328669275 25.25
      vertex 284.9043324748284 -3.004446409583685 25.25
    endloop
  endfacet
  facet normal 0 0 1
    outer loop
      vertex 300.25 25.25 25.25
      vertex 285.3001619210572 -1.0144774024109522 25.25
      vertex 285.15112765217344 -2.0191848328669275 25.25
    endloop
  endfacet
  facet normal 0 0 1
    outer loop
      vertex 300.25 25.25 25.25
      vertex 285.35 0 25.25
      vertex 285.3001619210572 -1.0144774024109522 25.25
    endloop
  endfacet
  facet normal 0 0 1
    outer loop
      vertex 300.25 25.25 25.25
      vertex 285.3001619210572 1.0144774024109522 25.25
      vertex 285.35 0 25.25
    endloop
  endfacet
  facet normal 0 0 1
    outer loop
      vertex 300.25 25.25 25.25
      vertex 285.15112765217344 2.0191848328669275 25.25
      vertex 285.3001619210572 1.0144774024109522 25.25
    endloop
  endfacet
  facet normal 0 0 1
    outer loop
      vertex 300.25 25.25 25.25
      vertex 284.9043324748284 3.004446409583685 25.25
      vertex 285.15112765217344 2.0191848328669275 25.25
    endloop
  endfacet
  facet normal 0 0 1
    outer loop
      vertex 300.25 25.25 25.25
      vertex 284.56215316149184 3.9607735249786793 25.25
      vertex 284.9043324748284 3.004446409583685 25.25
    endloop
  endfacet
  facet normal 0 0 1
    outer loop
      vertex 300.25 25.25 25.25
      vertex 284.12788508600545 4.878956226149075 25.25
      vertex 284.56215316149184 3.9607735249786793 25.25
    endloop
  endfacet
  facet normal 0 0 1
    outer loop
      vertex 300.25 25.25 25.25
      vertex 283.00065819230434 6.56597049109373 25.25
      vertex 283.60571048733135 5.750151911752883 25.25
    endloop
  endfacet
  facet normal 0 0 1
    outer loop
      vertex 300.25 25.25 25.25
      vertex 283.60571048733135 5.750151911752883 25.25
      vertex 284.12788508600545 4.878956226149075 25.25
    endloop
  endfacet
  facet normal 1 0 0
    outer loop
      vertex 300.25 20.25 0.25
      vertex 300.25 25.25 20.25
      vertex 300.25 20.25 20.25
    endloop
  endfacet
  facet normal 0 0 -1
    outer loop
      vertex 300.25 20.25 20.25
      vertex 229.87895622614909 9.127885086005474 20.25
      vertex 228.9607735249787 9.562153161491818 20.25
    endloop
  endfacet
  facet normal 0 0 -1
    outer loop
      vertex 300.25 20.25 20.25
      vertex 228.9607735249787 9.562153161491818 20.25
      vertex 228.0044464095837 9.904332474828362 20.25
    endloop
  endfacet
  facet normal 0 0 -1
    outer loop
      vertex 300.25 20.25 20.25
      vertex 227.01918483286693 10.151127652173434 20.25
      vertex 226.01447740241096 10.300161921057239 20.25
    endloop
  endfacet
  facet normal 0 0 -1
    outer loop
      vertex 300.25 20.25 20.25
      vertex 228.0044464095837 9.904332474828362 20.25
      vertex 227.01918483286693 10.151127652173434 20.25
    endloop
  endfacet
  facet normal 0 0 -1
    outer loop
      vertex 300.25 20.25 20.25
      vertex 230.75015191175288 8.605710487331343 20.25
      vertex 229.87895622614909 9.127885086005474 20.25
    endloop
  endfacet
  facet normal 0 0 1
    outer loop
      vertex 300.25 25.25 25.25
      vertex 227.01918483286693 10.151127652173434 25.25
      vertex 228.0044464095837 9.904332474828362 25.25
    endloop
  endfacet
  facet normal 0 0 1
    outer loop
      vertex 300.25 25.25 25.25
      vertex 226.01447740241096 10.300161921057239 25.25
      vertex 227.01918483286693 10.151127652173434 25.25
    endloop
  endfacet
  facet normal 0 0 1
    outer loop
      vertex 300.25 25.25 25.25
      vertex 228.0044464095837 9.904332474828362 25.25
      vertex 271.9955535904163 9.904332474828362 25.25
    endloop
  endfacet
  facet normal 0 0 -1
    outer loop
      vertex 300.25 20.25 20.25
      vertex 271.9955535904163 9.904332474828362 20.25
      vertex 271.03922647502134 9.562153161491818 20.25
    endloop
  endfacet
  facet normal 0 0 -1
    outer loop
      vertex 300.25 20.25 20.25
      vertex 272.9808151671331 10.151127652173434 20.25
      vertex 271.9955535904163 9.904332474828362 20.25
    endloop
  endfacet
  facet normal 0 0 -1
    outer loop
      vertex 300.25 20.25 20.25
      vertex 273.98552259758907 10.300161921057239 20.25
      vertex 272.9808151671331 10.151127652173434 20.25
    endloop
  endfacet
  facet normal 0 0 -1
    outer loop
      vertex 300.25 20.25 20.25
      vertex 275 10.35 20.25
      vertex 273.98552259758907 10.300161921057239 20.25
    endloop
  endfacet
  facet normal 0 0 -1
    outer loop
      vertex 300.25 20.25 20.25
      vertex 276.01447740241093 10.300161921057239 20.25
      vertex 275 10.35 20.25
    endloop
  endfacet
  facet normal 0 0 -1
    outer loop
      vertex 300.25 20.25 20.25
      vertex 277.0191848328669 10.151127652173434 20.25
      vertex 276.01447740241093 10.300161921057239 20.25
    endloop
  endfacet
  facet normal 0 0 -1
    outer loop
      vertex 300.25 20.25 20.25
      vertex 278.96077352497866 9.562153161491818 20.25
      vertex 278.0044464095837 9.904332474828362 20.25
    endloop
  endfacet
  facet normal 0 0 -1
    outer loop
      vertex 300.25 20.25 20.25
      vertex 280.7501519117529 8.605710487331343 20.25
      vertex 279.87895622614906 9.127885086005474 20.25
    endloop
  endfacet
  facet normal 0 0 -1
    outer loop
      vertex 300.25 20.25 20.25
      vertex 279.87895622614906 9.127885086005474 20.25
      vertex 278.96077352497866 9.562153161491818 20.25
    endloop
  endfacet
  facet normal 0 0 -1
    outer loop
      vertex 300.25 20.25 20.25
      vertex 278.0044464095837 9.904332474828362 20.25
      vertex 277.0191848328669 10.151127652173434 20.25
    endloop
  endfacet
  facet normal 0 0 1
    outer loop
      vertex 300.25 25.25 25.25
      vertex 280.7501519117529 8.605710487331343 25.25
      vertex 281.5659704910937 8.000658192304327 25.25
    endloop
  endfacet
  facet normal 0 0 1
    outer loop
      vertex 300.25 25.25 25.25
      vertex 271.9955535904163 9.904332474828362 25.25
      vertex 272.9808151671331 10.151127652173434 25.25
    endloop
  endfacet
  facet normal 0 0 1
    outer loop
      vertex 300.25 25.25 25.25
      vertex 272.9808151671331 10.151127652173434 25.25
      vertex 273.98552259758907 10.300161921057239 25.25
    endloop
  endfacet
  facet normal 0 0 1
    outer loop
      vertex 300.25 25.25 25.25
      vertex 273.98552259758907 10.300161921057239 25.25
      vertex 275 10.35 25.25
    endloop
  endfacet
  facet normal 0 0 1
    outer loop
      vertex 300.25 25.25 25.25
      vertex 275 10.35 25.25
      vertex 276.01447740241093 10.300161921057239 25.25
    endloop
  endfacet
  facet normal 0 0 1
    outer loop
      vertex 300.25 25.25 25.25
      vertex 276.01447740241093 10.300161921057239 25.25
      vertex 277.0191848328669 10.151127652173434 25.25
    endloop
  endfacet
  facet normal 0 0 1
    outer loop
      vertex 300.25 25.25 25.25
      vertex 278.0044464095837 9.904332474828362 25.25
      vertex 278.96077352497866 9.562153161491818 25.25
    endloop
  endfacet
  facet normal 0 0 1
    outer loop
      vertex 300.25 25.25 25.25
      vertex 279.87895622614906 9.127885086005474 25.25
      vertex 280.7501519117529 8.605710487331343 25.25
    endloop
  endfacet
  facet normal 0 0 1
    outer loop
      vertex 300.25 25.25 25.25
      vertex 278.96077352497866 9.562153161491818 25.25
      vertex 279.87895622614906 9.127885086005474 25.25
    endloop
  endfacet
  facet normal 0 0 1
    outer loop
      vertex 300.25 25.25 25.25
      vertex 277.0191848328669 10.151127652173434 25.25
      vertex 278.0044464095837 9.904332474828362 25.25
    endloop
  endfacet
  facet normal 0 0 1
    outer loop
      vertex 300.25 25.25 25.25
      vertex 282.3185551852808 7.3185551852807675 25.25
      vertex 283.00065819230434 6.56597049109373 25.25
    endloop
  endfacet
  facet normal 0 0 1
    outer loop
      vertex 300.25 25.25 25.25
      vertex 281.5659704910937 8.000658192304327 25.25
      vertex 282.3185551852808 7.3185551852807675 25.25
    endloop
  endfacet
  facet normal 1 0 0
    outer loop
      vertex 300.25 20.25 20.25
      vertex 300.25 25.25 20.25
      vertex 300.25 20.25 20.745049504950494
    endloop
  endfacet
  facet normal 1 0 0
    outer loop
      vertex 300.25 20.25 20.745049504950494
      vertex 300.25 25.25 20.25
      vertex 300.25 25.25 25.25
    endloop
  endfacet
endsolid OpenSCAD_Model
