solid OpenSCAD_Model
  facet normal -1 0 0
    outer loop
      vertex 100.25 -25.25 0.25
      vertex 100.25 -20.25 20.25
      vertex 100.25 -20.25 0.25
    endloop
  endfacet
  facet normal 0 0 -1
    outer loop
      vertex 100.25 -25.25 0.25
      vertex 100.25 -20.25 0.25
      vertex 300.25 -20.25 0.25
    endloop
  endfacet
  facet normal 0 1 0
    outer loop
      vertex 100.25 -20.25 0.25
      vertex 100.25 -20.25 20.25
      vertex 300.25 -20.25 0.25
    endloop
  endfacet
  facet normal -1 0 0
    outer loop
      vertex 100.25 -25.25 0.25
      vertex 100.25 -20.25 25.25
      vertex 100.25 -20.25 20.25
    endloop
  endfacet
  facet normal -1 0 0
    outer loop
      vertex 100.25 -25.25 0.25
      vertex 100.25 -25.25 25.25
      vertex 100.25 -20.25 25.25
    endloop
  endfacet
  facet normal -1 0 0
    outer loop
      vertex 100.25 -20.25 20.25
      vertex 100.25 -20.25 25.25
      vertex 100.25 20.25 20.25
    endloop
  endfacet
  facet normal 0 0 -1
    outer loop
      vertex 100.25 -20.25 20.25
      vertex 122.52516713166351 -4.630086637828864 20.25
      vertex 122.99091198008328 -4.850367545684255 20.25
    endloop
  endfacet
  facet normal 0 0 -1
    outer loop
      vertex 100.25 -20.25 20.25
      vertex 122.99091198008328 -4.850367545684255 20.25
      vertex 123.47600544441407 -5.023936762594096 20.25
    endloop
  endfacet
  facet normal 0 0 -1
    outer loop
      vertex 100.25 -20.25 20.25
      vertex 122.08325627664709 -4.3652154645883625 20.25
      vertex 122.52516713166351 -4.630086637828864 20.25
    endloop
  endfacet
  facet normal 0 0 -1
    outer loop
      vertex 100.25 -20.25 20.25
      vertex 121.66943525814087 -4.0583048801543695 20.25
      vertex 122.08325627664709 -4.3652154645883625 20.25
    endloop
  endfacet
  facet normal 0 0 -1
    outer loop
      vertex 100.25 -20.25 20.25
      vertex 123.97577580941532 -5.14912272211696 20.25
      vertex 124.48541001326981 -5.224719815029034 20.25
    endloop
  endfacet
  facet normal 0 0 -1
    outer loop
      vertex 100.25 -20.25 20.25
      vertex 123.47600544441407 -5.023936762594096 20.25
      vertex 123.97577580941532 -5.14912272211696 20.25
    endloop
  endfacet
  facet normal 0 0 -1
    outer loop
      vertex 100.25 -20.25 20.25
      vertex 124.48541001326981 -5.224719815029034 20.25
      vertex 125 -5.25 20.25
    endloop
  endfacet
  facet normal 0 0 -1
    outer loop
      vertex 100.25 -20.25 20.25
      vertex 120.94169511984563 -3.330564741859139 20.25
      vertex 121.28768939877062 -3.7123106012293747 20.25
    endloop
  endfacet
  facet normal 0 0 -1
    outer loop
      vertex 100.25 -20.25 20.25
      vertex 120.63478453541164 -2.916743723352911 20.25
      vertex 120.94169511984563 -3.330564741859139 20.25
    endloop
  endfacet
  facet normal 0 0 -1
    outer loop
      vertex 100.25 -20.25 20.25
      vertex 121.28768939877062 -3.7123106012293747 20.25
      vertex 121.66943525814087 -4.0583048801543695 20.25
    endloop
  endfacet
  facet normal 0 0 -1
    outer loop
      vertex 100.25 -20.25 20.25
      vertex 120.36991336217113 -2.4748328683364877 20.25
      vertex 120.63478453541164 -2.916743723352911 20.25
    endloop
  endfacet
  facet normal 0 0 -1
    outer loop
      vertex 100.25 -20.25 20.25
      vertex 119.97606323740591 -1.5239945555859273 20.25
      vertex 120.14963245431575 -2.0090880199167214 20.25
    endloop
  endfacet
  facet normal 0 0 -1
    outer loop
      vertex 100.25 -20.25 20.25
      vertex 120.14963245431575 -2.0090880199167214 20.25
      vertex 120.36991336217113 -2.4748328683364877 20.25
    endloop
  endfacet
  facet normal 0 0 -1
    outer loop
      vertex 100.25 -20.25 20.25
      vertex 119.85087727788304 -1.0242241905846734 20.25
      vertex 119.97606323740591 -1.5239945555859273 20.25
    endloop
  endfacet
  facet normal 0 0 -1
    outer loop
      vertex 100.25 -20.25 20.25
      vertex 119.77528018497097 -0.5145899867301932 20.25
      vertex 119.85087727788304 -1.0242241905846734 20.25
    endloop
  endfacet
  facet normal 0 0 -1
    outer loop
      vertex 100.25 -20.25 20.25
      vertex 119.75 0 20.25
      vertex 119.77528018497097 -0.5145899867301932 20.25
    endloop
  endfacet
  facet normal 0 0 1
    outer loop
      vertex 100.25 -20.25 25.25
      vertex 122.99091198008328 -4.850367545684255 25.25
      vertex 122.52516713166351 -4.630086637828864 25.25
    endloop
  endfacet
  facet normal 0 0 1
    outer loop
      vertex 100.25 -20.25 25.25
      vertex 123.47600544441407 -5.023936762594096 25.25
      vertex 122.99091198008328 -4.850367545684255 25.25
    endloop
  endfacet
  facet normal 0 0 1
    outer loop
      vertex 100.25 -20.25 25.25
      vertex 122.52516713166351 -4.630086637828864 25.25
      vertex 122.08325627664709 -4.3652154645883625 25.25
    endloop
  endfacet
  facet normal 0 0 1
    outer loop
      vertex 100.25 -20.25 25.25
      vertex 122.08325627664709 -4.3652154645883625 25.25
      vertex 121.66943525814087 -4.0583048801543695 25.25
    endloop
  endfacet
  facet normal 0 0 1
    outer loop
      vertex 100.25 -20.25 25.25
      vertex 124.48541001326981 -5.224719815029034 25.25
      vertex 123.97577580941532 -5.14912272211696 25.25
    endloop
  endfacet
  facet normal 0 0 1
    outer loop
      vertex 100.25 -20.25 25.25
      vertex 123.97577580941532 -5.14912272211696 25.25
      vertex 123.47600544441407 -5.023936762594096 25.25
    endloop
  endfacet
  facet normal 0 0 1
    outer loop
      vertex 100.25 -20.25 25.25
      vertex 125 -5.25 25.25
      vertex 124.48541001326981 -5.224719815029034 25.25
    endloop
  endfacet
  facet normal 0 0 1
    outer loop
      vertex 100.25 -20.25 25.25
      vertex 121.28768939877062 -3.7123106012293747 25.25
      vertex 120.94169511984563 -3.330564741859139 25.25
    endloop
  endfacet
  facet normal 0 0 1
    outer loop
      vertex 100.25 -20.25 25.25
      vertex 120.94169511984563 -3.330564741859139 25.25
      vertex 120.63478453541164 -2.916743723352911 25.25
    endloop
  endfacet
  facet normal 0 0 1
    outer loop
      vertex 100.25 -20.25 25.25
      vertex 121.66943525814087 -4.0583048801543695 25.25
      vertex 121.28768939877062 -3.7123106012293747 25.25
    endloop
  endfacet
  facet normal 0 0 1
    outer loop
      vertex 100.25 -20.25 25.25
      vertex 120.63478453541164 -2.916743723352911 25.25
      vertex 120.36991336217113 -2.4748328683364877 25.25
    endloop
  endfacet
  facet normal 0 0 1
    outer loop
      vertex 100.25 -20.25 25.25
      vertex 120.14963245431575 -2.0090880199167214 25.25
      vertex 119.97606323740591 -1.5239945555859273 25.25
    endloop
  endfacet
  facet normal 0 0 1
    outer loop
      vertex 100.25 -20.25 25.25
      vertex 120.36991336217113 -2.4748328683364877 25.25
      vertex 120.14963245431575 -2.0090880199167214 25.25
    endloop
  endfacet
  facet normal 0 0 1
    outer loop
      vertex 100.25 -20.25 25.25
      vertex 119.97606323740591 -1.5239945555859273 25.25
      vertex 119.85087727788304 -1.0242241905846734 25.25
    endloop
  endfacet
  facet normal 0 0 1
    outer loop
      vertex 100.25 -20.25 25.25
      vertex 119.85087727788304 -1.0242241905846734 25.25
      vertex 119.77528018497097 -0.5145899867301932 25.25
    endloop
  endfacet
  facet normal 0 0 1
    outer loop
      vertex 100.25 -20.25 25.25
      vertex 119.77528018497097 -0.5145899867301932 25.25
      vertex 119.75 0 25.25
    endloop
  endfacet
  facet normal 0 0 1
    outer loop
      vertex 100.25 -20.25 25.25
      vertex 119.75 0 25.25
      vertex 119.77528018497097 0.5145899867301932 25.25
    endloop
  endfacet
  facet normal 0.24298017990326506 0.9700312531945438 0
    outer loop
      vertex 123.47600544441407 -5.023936762594096 25.25
      vertex 123.97577580941532 -5.14912272211696 20.25
      vertex 123.47600544441407 -5.023936762594096 20.25
    endloop
  endfacet
  facet normal 0.3368898533922232 0.9415440651830196 0
    outer loop
      vertex 122.99091198008328 -4.850367545684255 25.25
      vertex 123.47600544441407 -5.023936762594096 20.25
      vertex 122.99091198008328 -4.850367545684255 20.25
    endloop
  endfacet
  facet normal 0.14673047445535914 0.9891765099647812 0
    outer loop
      vertex 123.97577580941532 -5.14912272211696 25.25
      vertex 124.48541001326981 -5.224719815029034 20.25
      vertex 123.97577580941532 -5.14912272211696 20.25
    endloop
  endfacet
  facet normal 0.04906767432741812 0.9987954562051724 0
    outer loop
      vertex 124.48541001326981 -5.224719815029034 25.25
      vertex 125 -5.25 20.25
      vertex 124.48541001326981 -5.224719815029034 20.25
    endloop
  endfacet
  facet normal -0.04906767432741812 0.9987954562051724 0
    outer loop
      vertex 125 -5.25 25.25
      vertex 125.51458998673019 -5.224719815029034 20.25
      vertex 125 -5.25 20.25
    endloop
  endfacet
  facet normal 0.5956993044924335 0.8032075314806447 0
    outer loop
      vertex 121.66943525814087 -4.0583048801543695 25.25
      vertex 122.08325627664709 -4.3652154645883625 20.25
      vertex 121.66943525814087 -4.0583048801543695 20.25
    endloop
  endfacet
  facet normal 0.6715589548470132 0.7409511253549637 0
    outer loop
      vertex 121.66943525814087 -4.0583048801543695 20.25
      vertex 121.28768939877062 -3.7123106012293747 20.25
      vertex 121.28768939877062 -3.7123106012293747 25.25
    endloop
  endfacet
  facet normal 0.7409511253549629 0.6715589548470142 0
    outer loop
      vertex 120.94169511984563 -3.330564741859139 25.25
      vertex 121.28768939877062 -3.7123106012293747 20.25
      vertex 120.94169511984563 -3.330564741859139 20.25
    endloop
  endfacet
  facet normal 0.4275550934302761 0.9039892931234461 0
    outer loop
      vertex 122.52516713166351 -4.630086637828864 25.25
      vertex 122.99091198008328 -4.850367545684255 20.25
      vertex 122.52516713166351 -4.630086637828864 20.25
    endloop
  endfacet
  facet normal 0.5141027441932279 0.8577286100002685 0
    outer loop
      vertex 122.08325627664709 -4.3652154645883625 25.25
      vertex 122.52516713166351 -4.630086637828864 20.25
      vertex 122.08325627664709 -4.3652154645883625 20.25
    endloop
  endfacet
  facet normal 0.8577286100002665 0.514102744193231 0
    outer loop
      vertex 120.36991336217113 -2.4748328683364877 25.25
      vertex 120.63478453541164 -2.916743723352911 20.25
      vertex 120.36991336217113 -2.4748328683364877 20.25
    endloop
  endfacet
  facet normal 0.8032075314806457 0.5956993044924324 0
    outer loop
      vertex 120.63478453541164 -2.916743723352911 25.25
      vertex 120.94169511984563 -3.330564741859139 20.25
      vertex 120.63478453541164 -2.916743723352911 20.25
    endloop
  endfacet
  facet normal 0.90398929312345 0.427555093430268 0
    outer loop
      vertex 120.14963245431575 -2.0090880199167214 25.25
      vertex 120.36991336217113 -2.4748328683364877 20.25
      vertex 120.14963245431575 -2.0090880199167214 20.25
    endloop
  endfacet
  facet normal 0.9415440651830216 0.336889853392218 0
    outer loop
      vertex 119.97606323740591 -1.5239945555859273 25.25
      vertex 120.14963245431575 -2.0090880199167214 20.25
      vertex 119.97606323740591 -1.5239945555859273 20.25
    endloop
  endfacet
  facet normal 0.9700312531945424 0.2429801799032699 0
    outer loop
      vertex 119.85087727788304 -1.0242241905846734 25.25
      vertex 119.97606323740591 -1.5239945555859273 20.25
      vertex 119.85087727788304 -1.0242241905846734 20.25
    endloop
  endfacet
  facet normal 0.9891765099647802 0.1467304744553667 0
    outer loop
      vertex 119.77528018497097 -0.5145899867301932 25.25
      vertex 119.85087727788304 -1.0242241905846734 20.25
      vertex 119.77528018497097 -0.5145899867301932 20.25
    endloop
  endfacet
  facet normal 0.9987954562051723 0.049067674327419195 0
    outer loop
      vertex 119.75 0 25.25
      vertex 119.77528018497097 -0.5145899867301932 20.25
      vertex 119.75 0 20.25
    endloop
  endfacet
  facet normal 0.4275550934302761 0.9039892931234461 0
    outer loop
      vertex 122.99091198008328 -4.850367545684255 25.25
      vertex 122.99091198008328 -4.850367545684255 20.25
      vertex 122.52516713166351 -4.630086637828864 25.25
    endloop
  endfacet
  facet normal 0.3368898533922232 0.9415440651830196 0
    outer loop
      vertex 123.47600544441407 -5.023936762594096 25.25
      vertex 123.47600544441407 -5.023936762594096 20.25
      vertex 122.99091198008328 -4.850367545684255 25.25
    endloop
  endfacet
  facet normal 0.14673047445535914 0.9891765099647812 0
    outer loop
      vertex 124.48541001326981 -5.224719815029034 25.25
      vertex 124.48541001326981 -5.224719815029034 20.25
      vertex 123.97577580941532 -5.14912272211696 25.25
    endloop
  endfacet
  facet normal 0.04906767432741812 0.9987954562051724 0
    outer loop
      vertex 125 -5.25 25.25
      vertex 125 -5.25 20.25
      vertex 124.48541001326981 -5.224719815029034 25.25
    endloop
  endfacet
  facet normal 0.24298017990326506 0.9700312531945438 0
    outer loop
      vertex 123.97577580941532 -5.14912272211696 25.25
      vertex 123.97577580941532 -5.14912272211696 20.25
      vertex 123.47600544441407 -5.023936762594096 25.25
    endloop
  endfacet
  facet normal 0.5956993044924335 0.8032075314806447 0
    outer loop
      vertex 122.08325627664709 -4.3652154645883625 25.25
      vertex 122.08325627664709 -4.3652154645883625 20.25
      vertex 121.66943525814087 -4.0583048801543695 25.25
    endloop
  endfacet
  facet normal 0.7409511253549629 0.6715589548470142 0
    outer loop
      vertex 120.94169511984563 -3.330564741859139 25.25
      vertex 121.28768939877062 -3.7123106012293747 25.25
      vertex 121.28768939877062 -3.7123106012293747 20.25
    endloop
  endfacet
  facet normal 0.6715589548470132 0.7409511253549637 0
    outer loop
      vertex 121.66943525814087 -4.0583048801543695 25.25
      vertex 121.66943525814087 -4.0583048801543695 20.25
      vertex 121.28768939877062 -3.7123106012293747 25.25
    endloop
  endfacet
  facet normal 0.8032075314806457 0.5956993044924324 0
    outer loop
      vertex 120.63478453541164 -2.916743723352911 25.25
      vertex 120.94169511984563 -3.330564741859139 25.25
      vertex 120.94169511984563 -3.330564741859139 20.25
    endloop
  endfacet
  facet normal 0.5141027441932279 0.8577286100002685 0
    outer loop
      vertex 122.52516713166351 -4.630086637828864 25.25
      vertex 122.52516713166351 -4.630086637828864 20.25
      vertex 122.08325627664709 -4.3652154645883625 25.25
    endloop
  endfacet
  facet normal 0 0 1
    outer loop
      vertex 100.25 -20.25 25.25
      vertex 119.77528018497097 0.5145899867301932 25.25
      vertex 119.85087727788304 1.0242241905846734 25.25
    endloop
  endfacet
  facet normal 0 0 1
    outer loop
      vertex 100.25 -20.25 25.25
      vertex 119.85087727788304 1.0242241905846734 25.25
      vertex 119.97606323740591 1.5239945555859273 25.25
    endloop
  endfacet
  facet normal 0 0 1
    outer loop
      vertex 100.25 -20.25 25.25
      vertex 119.97606323740591 1.5239945555859273 25.25
      vertex 120.14963245431575 2.0090880199167214 25.25
    endloop
  endfacet
  facet normal 0.8577286100002665 0.514102744193231 0
    outer loop
      vertex 120.36991336217113 -2.4748328683364877 25.25
      vertex 120.63478453541164 -2.916743723352911 25.25
      vertex 120.63478453541164 -2.916743723352911 20.25
    endloop
  endfacet
  facet normal 0.90398929312345 0.427555093430268 0
    outer loop
      vertex 120.14963245431575 -2.0090880199167214 25.25
      vertex 120.36991336217113 -2.4748328683364877 25.25
      vertex 120.36991336217113 -2.4748328683364877 20.25
    endloop
  endfacet
  facet normal 0.9415440651830216 0.336889853392218 0
    outer loop
      vertex 119.97606323740591 -1.5239945555859273 25.25
      vertex 120.14963245431575 -2.0090880199167214 25.25
      vertex 120.14963245431575 -2.0090880199167214 20.25
    endloop
  endfacet
  facet normal 0.9700312531945424 0.2429801799032699 0
    outer loop
      vertex 119.85087727788304 -1.0242241905846734 25.25
      vertex 119.97606323740591 -1.5239945555859273 25.25
      vertex 119.97606323740591 -1.5239945555859273 20.25
    endloop
  endfacet
  facet normal 0.9891765099647802 0.1467304744553667 0
    outer loop
      vertex 119.77528018497097 -0.5145899867301932 25.25
      vertex 119.85087727788304 -1.0242241905846734 25.25
      vertex 119.85087727788304 -1.0242241905846734 20.25
    endloop
  endfacet
  facet normal 0.9987954562051723 0.049067674327419195 0
    outer loop
      vertex 119.75 0 25.25
      vertex 119.77528018497097 -0.5145899867301932 25.25
      vertex 119.77528018497097 -0.5145899867301932 20.25
    endloop
  endfacet
  facet normal 0 0 -1
    outer loop
      vertex 100.25 -20.25 20.25
      vertex 125 -5.25 20.25
      vertex 174.4854100132698 -5.224719815029034 20.25
    endloop
  endfacet
  facet normal -0.14673047445535914 0.9891765099647812 0
    outer loop
      vertex 125.51458998673019 -5.224719815029034 25.25
      vertex 126.02422419058468 -5.14912272211696 20.25
      vertex 125.51458998673019 -5.224719815029034 20.25
    endloop
  endfacet
  facet normal -0.24298017990326506 0.9700312531945438 0
    outer loop
      vertex 126.02422419058468 -5.14912272211696 25.25
      vertex 126.52399455558593 -5.023936762594096 20.25
      vertex 126.02422419058468 -5.14912272211696 20.25
    endloop
  endfacet
  facet normal -0.3368898533922232 0.9415440651830196 0
    outer loop
      vertex 126.52399455558593 -5.023936762594096 25.25
      vertex 127.00908801991672 -4.850367545684255 20.25
      vertex 126.52399455558593 -5.023936762594096 20.25
    endloop
  endfacet
  facet normal -0.4275550934302761 0.9039892931234461 0
    outer loop
      vertex 127.00908801991672 -4.850367545684255 25.25
      vertex 127.47483286833649 -4.630086637828864 20.25
      vertex 127.00908801991672 -4.850367545684255 20.25
    endloop
  endfacet
  facet normal -0.5141027441932279 0.8577286100002685 0
    outer loop
      vertex 127.47483286833649 -4.630086637828864 25.25
      vertex 127.91674372335291 -4.3652154645883625 20.25
      vertex 127.47483286833649 -4.630086637828864 20.25
    endloop
  endfacet
  facet normal -0.5956993044924204 0.8032075314806545 0
    outer loop
      vertex 127.91674372335291 -4.3652154645883625 25.25
      vertex 128.33056474185915 -4.0583048801543695 20.25
      vertex 127.91674372335291 -4.3652154645883625 20.25
    endloop
  endfacet
  facet normal -0.671558954847027 0.7409511253549512 0
    outer loop
      vertex 128.33056474185915 -4.0583048801543695 25.25
      vertex 128.71231060122938 -3.7123106012293747 20.25
      vertex 128.33056474185915 -4.0583048801543695 20.25
    endloop
  endfacet
  facet normal -0.7409511253549629 0.6715589548470142 0
    outer loop
      vertex 128.71231060122938 -3.7123106012293747 20.25
      vertex 128.71231060122938 -3.7123106012293747 25.25
      vertex 129.05830488015437 -3.330564741859139 20.25
    endloop
  endfacet
  facet normal -0.8032075314806324 0.5956993044924501 0
    outer loop
      vertex 129.05830488015437 -3.330564741859139 25.25
      vertex 129.36521546458837 -2.916743723352911 20.25
      vertex 129.05830488015437 -3.330564741859139 20.25
    endloop
  endfacet
  facet normal -0.8577286100002787 0.5141027441932108 0
    outer loop
      vertex 129.36521546458837 -2.916743723352911 25.25
      vertex 129.63008663782887 -2.4748328683364877 20.25
      vertex 129.36521546458837 -2.916743723352911 20.25
    endloop
  endfacet
  facet normal -0.9039892931234393 0.4275550934302905 0
    outer loop
      vertex 129.63008663782887 -2.4748328683364877 25.25
      vertex 129.85036754568426 -2.0090880199167214 20.25
      vertex 129.63008663782887 -2.4748328683364877 20.25
    endloop
  endfacet
  facet normal -0.9415440651830216 0.336889853392218 0
    outer loop
      vertex 129.85036754568426 -2.0090880199167214 25.25
      vertex 130.0239367625941 -1.5239945555859273 20.25
      vertex 129.85036754568426 -2.0090880199167214 20.25
    endloop
  endfacet
  facet normal -0.9700312531945424 0.2429801799032699 0
    outer loop
      vertex 130.0239367625941 -1.5239945555859273 25.25
      vertex 130.14912272211697 -1.0242241905846734 20.25
      vertex 130.0239367625941 -1.5239945555859273 20.25
    endloop
  endfacet
  facet normal -0.9891765099647843 0.1467304744553397 0
    outer loop
      vertex 130.14912272211697 -1.0242241905846734 25.25
      vertex 130.22471981502903 -0.5145899867301932 20.25
      vertex 130.14912272211697 -1.0242241905846734 20.25
    endloop
  endfacet
  facet normal -0.9987954562051723 0.049067674327419195 0
    outer loop
      vertex 130.22471981502903 -0.5145899867301932 20.25
      vertex 130.22471981502903 -0.5145899867301932 25.25
      vertex 130.25 0 20.25
    endloop
  endfacet
  facet normal 0 0 -1
    outer loop
      vertex 174.4854100132698 -5.224719815029034 20.25
      vertex 125 -5.25 20.25
      vertex 125.51458998673019 -5.224719815029034 20.25
    endloop
  endfacet
  facet normal 0 0 -1
    outer loop
      vertex 174.4854100132698 -5.224719815029034 20.25
      vertex 125.51458998673019 -5.224719815029034 20.25
      vertex 126.02422419058468 -5.14912272211696 20.25
    endloop
  endfacet
  facet normal 0 0 -1
    outer loop
      vertex 126.02422419058468 -5.14912272211696 20.25
      vertex 126.52399455558593 -5.023936762594096 20.25
      vertex 173.97577580941532 -5.14912272211696 20.25
    endloop
  endfacet
  facet normal 0 0 -1
    outer loop
      vertex 126.52399455558593 -5.023936762594096 20.25
      vertex 127.00908801991672 -4.850367545684255 20.25
      vertex 173.47600544441408 -5.023936762594096 20.25
    endloop
  endfacet
  facet normal 0 0 -1
    outer loop
      vertex 127.00908801991672 -4.850367545684255 20.25
      vertex 127.47483286833649 -4.630086637828864 20.25
      vertex 172.99091198008327 -4.850367545684255 20.25
    endloop
  endfacet
  facet normal 0 0 -1
    outer loop
      vertex 127.47483286833649 -4.630086637828864 20.25
      vertex 127.91674372335291 -4.3652154645883625 20.25
      vertex 172.52516713166352 -4.630086637828864 20.25
    endloop
  endfacet
  facet normal 0 0 -1
    outer loop
      vertex 127.91674372335291 -4.3652154645883625 20.25
      vertex 128.33056474185915 -4.0583048801543695 20.25
      vertex 172.0832562766471 -4.3652154645883625 20.25
    endloop
  endfacet
  facet normal 0 0 -1
    outer loop
      vertex 128.33056474185915 -4.0583048801543695 20.25
      vertex 128.71231060122938 -3.7123106012293747 20.25
      vertex 171.66943525814085 -4.0583048801543695 20.25
    endloop
  endfacet
  facet normal 0 0 -1
    outer loop
      vertex 128.71231060122938 -3.7123106012293747 20.25
      vertex 129.05830488015437 -3.330564741859139 20.25
      vertex 171.28768939877062 -3.7123106012293747 20.25
    endloop
  endfacet
  facet normal 0 0 -1
    outer loop
      vertex 129.36521546458837 -2.916743723352911 20.25
      vertex 170.94169511984563 -3.330564741859139 20.25
      vertex 129.05830488015437 -3.330564741859139 20.25
    endloop
  endfacet
  facet normal 0 0 -1
    outer loop
      vertex 129.63008663782887 -2.4748328683364877 20.25
      vertex 170.63478453541163 -2.916743723352911 20.25
      vertex 129.36521546458837 -2.916743723352911 20.25
    endloop
  endfacet
  facet normal 0 0 -1
    outer loop
      vertex 129.85036754568426 -2.0090880199167214 20.25
      vertex 170.36991336217113 -2.4748328683364877 20.25
      vertex 129.63008663782887 -2.4748328683364877 20.25
    endloop
  endfacet
  facet normal 0 0 -1
    outer loop
      vertex 130.0239367625941 -1.5239945555859273 20.25
      vertex 170.14963245431574 -2.0090880199167214 20.25
      vertex 129.85036754568426 -2.0090880199167214 20.25
    endloop
  endfacet
  facet normal 0 0 -1
    outer loop
      vertex 130.14912272211697 -1.0242241905846734 20.25
      vertex 169.9760632374059 -1.5239945555859273 20.25
      vertex 130.0239367625941 -1.5239945555859273 20.25
    endloop
  endfacet
  facet normal 0 0 -1
    outer loop
      vertex 130.22471981502903 -0.5145899867301932 20.25
      vertex 169.85087727788303 -1.0242241905846734 20.25
      vertex 130.14912272211697 -1.0242241905846734 20.25
    endloop
  endfacet
  facet normal 0 0 -1
    outer loop
      vertex 169.77528018497097 -0.5145899867301932 20.25
      vertex 130.22471981502903 -0.5145899867301932 20.25
      vertex 130.25 0 20.25
    endloop
  endfacet
  facet normal -0.04906767432741812 0.9987954562051724 0
    outer loop
      vertex 125.51458998673019 -5.224719815029034 25.25
      vertex 125.51458998673019 -5.224719815029034 20.25
      vertex 125 -5.25 25.25
    endloop
  endfacet
  facet normal -0.14673047445535914 0.9891765099647812 0
    outer loop
      vertex 126.02422419058468 -5.14912272211696 25.25
      vertex 126.02422419058468 -5.14912272211696 20.25
      vertex 125.51458998673019 -5.224719815029034 25.25
    endloop
  endfacet
  facet normal -0.24298017990326506 0.9700312531945438 0
    outer loop
      vertex 126.52399455558593 -5.023936762594096 25.25
      vertex 126.52399455558593 -5.023936762594096 20.25
      vertex 126.02422419058468 -5.14912272211696 25.25
    endloop
  endfacet
  facet normal -0.3368898533922232 0.9415440651830196 0
    outer loop
      vertex 127.00908801991672 -4.850367545684255 25.25
      vertex 127.00908801991672 -4.850367545684255 20.25
      vertex 126.52399455558593 -5.023936762594096 25.25
    endloop
  endfacet
  facet normal -0.4275550934302761 0.9039892931234461 0
    outer loop
      vertex 127.47483286833649 -4.630086637828864 25.25
      vertex 127.47483286833649 -4.630086637828864 20.25
      vertex 127.00908801991672 -4.850367545684255 25.25
    endloop
  endfacet
  facet normal -0.5141027441932279 0.8577286100002685 0
    outer loop
      vertex 127.91674372335291 -4.3652154645883625 25.25
      vertex 127.91674372335291 -4.3652154645883625 20.25
      vertex 127.47483286833649 -4.630086637828864 25.25
    endloop
  endfacet
  facet normal -0.5956993044924204 0.8032075314806545 0
    outer loop
      vertex 128.33056474185915 -4.0583048801543695 25.25
      vertex 128.33056474185915 -4.0583048801543695 20.25
      vertex 127.91674372335291 -4.3652154645883625 25.25
    endloop
  endfacet
  facet normal -0.671558954847027 0.7409511253549512 0
    outer loop
      vertex 128.71231060122938 -3.7123106012293747 25.25
      vertex 128.71231060122938 -3.7123106012293747 20.25
      vertex 128.33056474185915 -4.0583048801543695 25.25
    endloop
  endfacet
  facet normal -0.7409511253549629 0.6715589548470142 0
    outer loop
      vertex 128.71231060122938 -3.7123106012293747 25.25
      vertex 129.05830488015437 -3.330564741859139 25.25
      vertex 129.05830488015437 -3.330564741859139 20.25
    endloop
  endfacet
  facet normal -0.8032075314806324 0.5956993044924501 0
    outer loop
      vertex 129.05830488015437 -3.330564741859139 25.25
      vertex 129.36521546458837 -2.916743723352911 25.25
      vertex 129.36521546458837 -2.916743723352911 20.25
    endloop
  endfacet
  facet normal -0.8577286100002787 0.5141027441932108 0
    outer loop
      vertex 129.36521546458837 -2.916743723352911 25.25
      vertex 129.63008663782887 -2.4748328683364877 25.25
      vertex 129.63008663782887 -2.4748328683364877 20.25
    endloop
  endfacet
  facet normal -0.9039892931234393 0.4275550934302905 0
    outer loop
      vertex 129.63008663782887 -2.4748328683364877 25.25
      vertex 129.85036754568426 -2.0090880199167214 25.25
      vertex 129.85036754568426 -2.0090880199167214 20.25
    endloop
  endfacet
  facet normal -0.9415440651830216 0.336889853392218 0
    outer loop
      vertex 129.85036754568426 -2.0090880199167214 25.25
      vertex 130.0239367625941 -1.5239945555859273 25.25
      vertex 130.0239367625941 -1.5239945555859273 20.25
    endloop
  endfacet
  facet normal -0.9700312531945424 0.2429801799032699 0
    outer loop
      vertex 130.0239367625941 -1.5239945555859273 25.25
      vertex 130.14912272211697 -1.0242241905846734 25.25
      vertex 130.14912272211697 -1.0242241905846734 20.25
    endloop
  endfacet
  facet normal -0.9891765099647843 0.1467304744553397 0
    outer loop
      vertex 130.14912272211697 -1.0242241905846734 25.25
      vertex 130.22471981502903 -0.5145899867301932 25.25
      vertex 130.22471981502903 -0.5145899867301932 20.25
    endloop
  endfacet
  facet normal -0.9987954562051723 0.049067674327419195 0
    outer loop
      vertex 130.22471981502903 -0.5145899867301932 25.25
      vertex 130.25 0 25.25
      vertex 130.25 0 20.25
    endloop
  endfacet
  facet normal 0 0 1
    outer loop
      vertex 127.91674372335291 -4.3652154645883625 25.25
      vertex 127.47483286833649 -4.630086637828864 25.25
      vertex 172.0832562766471 -4.3652154645883625 25.25
    endloop
  endfacet
  facet normal 0 0 1
    outer loop
      vertex 128.33056474185915 -4.0583048801543695 25.25
      vertex 127.91674372335291 -4.3652154645883625 25.25
      vertex 171.66943525814085 -4.0583048801543695 25.25
    endloop
  endfacet
  facet normal 0 0 1
    outer loop
      vertex 128.71231060122938 -3.7123106012293747 25.25
      vertex 128.33056474185915 -4.0583048801543695 25.25
      vertex 171.28768939877062 -3.7123106012293747 25.25
    endloop
  endfacet
  facet normal 0 0 1
    outer loop
      vertex 128.71231060122938 -3.7123106012293747 25.25
      vertex 170.94169511984563 -3.330564741859139 25.25
      vertex 129.05830488015437 -3.330564741859139 25.25
    endloop
  endfacet
  facet normal 0 0 1
    outer loop
      vertex 129.05830488015437 -3.330564741859139 25.25
      vertex 170.63478453541163 -2.916743723352911 25.25
      vertex 129.36521546458837 -2.916743723352911 25.25
    endloop
  endfacet
  facet normal 0 0 1
    outer loop
      vertex 129.36521546458837 -2.916743723352911 25.25
      vertex 170.36991336217113 -2.4748328683364877 25.25
      vertex 129.63008663782887 -2.4748328683364877 25.25
    endloop
  endfacet
  facet normal 0 0 1
    outer loop
      vertex 129.63008663782887 -2.4748328683364877 25.25
      vertex 170.14963245431574 -2.0090880199167214 25.25
      vertex 129.85036754568426 -2.0090880199167214 25.25
    endloop
  endfacet
  facet normal 0 0 1
    outer loop
      vertex 129.85036754568426 -2.0090880199167214 25.25
      vertex 169.9760632374059 -1.5239945555859273 25.25
      vertex 130.0239367625941 -1.5239945555859273 25.25
    endloop
  endfacet
  facet normal 0 0 1
    outer loop
      vertex 130.0239367625941 -1.5239945555859273 25.25
      vertex 169.85087727788303 -1.0242241905846734 25.25
      vertex 130.14912272211697 -1.0242241905846734 25.25
    endloop
  endfacet
  facet normal 0 0 1
    outer loop
      vertex 130.14912272211697 -1.0242241905846734 25.25
      vertex 169.77528018497097 -0.5145899867301932 25.25
      vertex 130.22471981502903 -0.5145899867301932 25.25
    endloop
  endfacet
  facet normal 0 0 1
    outer loop
      vertex 169.75 0 25.25
      vertex 130.25 0 25.25
      vertex 130.22471981502903 -0.5145899867301932 25.25
    endloop
  endfacet
  facet normal 0 -1 0
    outer loop
      vertex 100.25 -25.25 0.25
      vertex 300.25 -25.25 25.25
      vertex 100.25 -25.25 25.25
    endloop
  endfacet
  facet normal 0 0 1
    outer loop
      vertex 100.25 -25.25 25.25
      vertex 300.25 -25.25 25.25
      vertex 100.25 -20.25 25.25
    endloop
  endfacet
  facet normal 0 0 1
    outer loop
      vertex 100.25 -20.25 25.25
      vertex 280.4480198019802 -20.25 25.25
      vertex 125 -5.25 25.25
    endloop
  endfacet
  facet normal 0 0 -1
    outer loop
      vertex 100.25 -20.25 20.25
      vertex 174.4854100132698 -5.224719815029034 20.25
      vertex 300.25 -20.25 20.25
    endloop
  endfacet
  facet normal 0 0 -1
    outer loop
      vertex 126.52399455558593 -5.023936762594096 20.25
      vertex 173.47600544441408 -5.023936762594096 20.25
      vertex 173.97577580941532 -5.14912272211696 20.25
    endloop
  endfacet
  facet normal 0 0 -1
    outer loop
      vertex 127.00908801991672 -4.850367545684255 20.25
      vertex 172.99091198008327 -4.850367545684255 20.25
      vertex 173.47600544441408 -5.023936762594096 20.25
    endloop
  endfacet
  facet normal 0 0 -1
    outer loop
      vertex 126.02422419058468 -5.14912272211696 20.25
      vertex 173.97577580941532 -5.14912272211696 20.25
      vertex 174.4854100132698 -5.224719815029034 20.25
    endloop
  endfacet
  facet normal 0 0 -1
    outer loop
      vertex 127.47483286833649 -4.630086637828864 20.25
      vertex 172.52516713166352 -4.630086637828864 20.25
      vertex 172.99091198008327 -4.850367545684255 20.25
    endloop
  endfacet
  facet normal 0 0 -1
    outer loop
      vertex 127.91674372335291 -4.3652154645883625 20.25
      vertex 172.0832562766471 -4.3652154645883625 20.25
      vertex 172.52516713166352 -4.630086637828864 20.25
    endloop
  endfacet
  facet normal 0 0 -1
    outer loop
      vertex 128.33056474185915 -4.0583048801543695 20.25
      vertex 171.66943525814085 -4.0583048801543695 20.25
      vertex 172.0832562766471 -4.3652154645883625 20.25
    endloop
  endfacet
  facet normal 0 0 -1
    outer loop
      vertex 128.71231060122938 -3.7123106012293747 20.25
      vertex 171.28768939877062 -3.7123106012293747 20.25
      vertex 171.66943525814085 -4.0583048801543695 20.25
    endloop
  endfacet
  facet normal 0 0 -1
    outer loop
      vertex 129.05830488015437 -3.330564741859139 20.25
      vertex 170.94169511984563 -3.330564741859139 20.25
      vertex 171.28768939877062 -3.7123106012293747 20.25
    endloop
  endfacet
  facet normal 0 0 -1
    outer loop
      vertex 129.36521546458837 -2.916743723352911 20.25
      vertex 170.63478453541163 -2.916743723352911 20.25
      vertex 170.94169511984563 -3.330564741859139 20.25
    endloop
  endfacet
  facet normal 0 0 -1
    outer loop
      vertex 129.63008663782887 -2.4748328683364877 20.25
      vertex 170.36991336217113 -2.4748328683364877 20.25
      vertex 170.63478453541163 -2.916743723352911 20.25
    endloop
  endfacet
  facet normal 0 0 -1
    outer loop
      vertex 129.85036754568426 -2.0090880199167214 20.25
      vertex 170.14963245431574 -2.0090880199167214 20.25
      vertex 170.36991336217113 -2.4748328683364877 20.25
    endloop
  endfacet
  facet normal 0 0 -1
    outer loop
      vertex 130.0239367625941 -1.5239945555859273 20.25
      vertex 169.9760632374059 -1.5239945555859273 20.25
      vertex 170.14963245431574 -2.0090880199167214 20.25
    endloop
  endfacet
  facet normal 0 0 -1
    outer loop
      vertex 130.14912272211697 -1.0242241905846734 20.25
      vertex 169.85087727788303 -1.0242241905846734 20.25
      vertex 169.9760632374059 -1.5239945555859273 20.25
    endloop
  endfacet
  facet normal 0 0 -1
    outer loop
      vertex 130.22471981502903 -0.5145899867301932 20.25
      vertex 169.77528018497097 -0.5145899867301932 20.25
      vertex 169.85087727788303 -1.0242241905846734 20.25
    endloop
  endfacet
  facet normal 0 0 -1
    outer loop
      vertex 169.77528018497097 -0.5145899867301932 20.25
      vertex 130.25 0 20.25
      vertex 169.75 0 20.25
    endloop
  endfacet
  facet normal 0.24298017990327156 0.9700312531945421 0
    outer loop
      vertex 173.47600544441408 -5.023936762594096 25.25
      vertex 173.97577580941532 -5.14912272211696 20.25
      vertex 173.47600544441408 -5.023936762594096 20.25
    endloop
  endfacet
  facet normal 0.33688985339220573 0.9415440651830259 0
    outer loop
      vertex 172.99091198008327 -4.850367545684255 25.25
      vertex 173.47600544441408 -5.023936762594096 20.25
      vertex 172.99091198008327 -4.850367545684255 20.25
    endloop
  endfacet
  facet normal 0.14673047445535914 0.9891765099647812 0
    outer loop
      vertex 173.97577580941532 -5.14912272211696 25.25
      vertex 174.4854100132698 -5.224719815029034 20.25
      vertex 173.97577580941532 -5.14912272211696 20.25
    endloop
  endfacet
  facet normal 0.04906767432741812 0.9987954562051724 0
    outer loop
      vertex 174.4854100132698 -5.224719815029034 25.25
      vertex 175 -5.25 20.25
      vertex 174.4854100132698 -5.224719815029034 20.25
    endloop
  endfacet
  facet normal -0.04906767432741812 0.9987954562051724 0
    outer loop
      vertex 175 -5.25 25.25
      vertex 175.5145899867302 -5.224719815029034 20.25
      vertex 175 -5.25 20.25
    endloop
  endfacet
  facet normal 0.5956993044924204 0.8032075314806545 0
    outer loop
      vertex 171.66943525814085 -4.0583048801543695 25.25
      vertex 172.0832562766471 -4.3652154645883625 20.25
      vertex 171.66943525814085 -4.0583048801543695 20.25
    endloop
  endfacet
  facet normal 0.671558954847027 0.7409511253549512 0
    outer loop
      vertex 171.66943525814085 -4.0583048801543695 20.25
      vertex 171.28768939877062 -3.7123106012293747 20.25
      vertex 171.28768939877062 -3.7123106012293747 25.25
    endloop
  endfacet
  facet normal 0.7409511253549629 0.6715589548470142 0
    outer loop
      vertex 170.94169511984563 -3.330564741859139 25.25
      vertex 171.28768939877062 -3.7123106012293747 20.25
      vertex 170.94169511984563 -3.330564741859139 20.25
    endloop
  endfacet
  facet normal 0.42755509343029735 0.903989293123436 0
    outer loop
      vertex 172.52516713166352 -4.630086637828864 25.25
      vertex 172.99091198008327 -4.850367545684255 20.25
      vertex 172.52516713166352 -4.630086637828864 20.25
    endloop
  endfacet
  facet normal 0.5141027441932157 0.8577286100002757 0
    outer loop
      vertex 172.0832562766471 -4.3652154645883625 25.25
      vertex 172.52516713166352 -4.630086637828864 20.25
      vertex 172.0832562766471 -4.3652154645883625 20.25
    endloop
  endfacet
  facet normal 0.8577286100002787 0.5141027441932108 0
    outer loop
      vertex 170.36991336217113 -2.4748328683364877 25.25
      vertex 170.63478453541163 -2.916743723352911 20.25
      vertex 170.36991336217113 -2.4748328683364877 20.25
    endloop
  endfacet
  facet normal 0.8032075314806324 0.5956993044924501 0
    outer loop
      vertex 170.63478453541163 -2.916743723352911 25.25
      vertex 170.94169511984563 -3.330564741859139 20.25
      vertex 170.63478453541163 -2.916743723352911 20.25
    endloop
  endfacet
  facet normal 0.9039892931234393 0.4275550934302905 0
    outer loop
      vertex 170.14963245431574 -2.0090880199167214 25.25
      vertex 170.36991336217113 -2.4748328683364877 20.25
      vertex 170.14963245431574 -2.0090880199167214 20.25
    endloop
  endfacet
  facet normal 0.9415440651830216 0.336889853392218 0
    outer loop
      vertex 169.9760632374059 -1.5239945555859273 25.25
      vertex 170.14963245431574 -2.0090880199167214 20.25
      vertex 169.9760632374059 -1.5239945555859273 20.25
    endloop
  endfacet
  facet normal 0.9700312531945424 0.2429801799032699 0
    outer loop
      vertex 169.85087727788303 -1.0242241905846734 25.25
      vertex 169.9760632374059 -1.5239945555859273 20.25
      vertex 169.85087727788303 -1.0242241905846734 20.25
    endloop
  endfacet
  facet normal 0.9891765099647843 0.1467304744553397 0
    outer loop
      vertex 169.77528018497097 -0.5145899867301932 25.25
      vertex 169.85087727788303 -1.0242241905846734 20.25
      vertex 169.77528018497097 -0.5145899867301932 20.25
    endloop
  endfacet
  facet normal 0.9987954562051723 0.049067674327419195 0
    outer loop
      vertex 169.75 0 25.25
      vertex 169.77528018497097 -0.5145899867301932 20.25
      vertex 169.75 0 20.25
    endloop
  endfacet
  facet normal 0 0 1
    outer loop
      vertex 127.47483286833649 -4.630086637828864 25.25
      vertex 173.47600544441408 -5.023936762594096 25.25
      vertex 172.99091198008327 -4.850367545684255 25.25
    endloop
  endfacet
  facet normal 0 0 1
    outer loop
      vertex 127.47483286833649 -4.630086637828864 25.25
      vertex 173.97577580941532 -5.14912272211696 25.25
      vertex 173.47600544441408 -5.023936762594096 25.25
    endloop
  endfacet
  facet normal 0 0 1
    outer loop
      vertex 127.47483286833649 -4.630086637828864 25.25
      vertex 174.4854100132698 -5.224719815029034 25.25
      vertex 173.97577580941532 -5.14912272211696 25.25
    endloop
  endfacet
  facet normal 0 0 1
    outer loop
      vertex 127.47483286833649 -4.630086637828864 25.25
      vertex 175 -5.25 25.25
      vertex 174.4854100132698 -5.224719815029034 25.25
    endloop
  endfacet
  facet normal 0 0 1
    outer loop
      vertex 127.47483286833649 -4.630086637828864 25.25
      vertex 172.99091198008327 -4.850367545684255 25.25
      vertex 172.52516713166352 -4.630086637828864 25.25
    endloop
  endfacet
  facet normal 0 0 1
    outer loop
      vertex 127.47483286833649 -4.630086637828864 25.25
      vertex 172.52516713166352 -4.630086637828864 25.25
      vertex 172.0832562766471 -4.3652154645883625 25.25
    endloop
  endfacet
  facet normal 0 0 1
    outer loop
      vertex 127.91674372335291 -4.3652154645883625 25.25
      vertex 172.0832562766471 -4.3652154645883625 25.25
      vertex 171.66943525814085 -4.0583048801543695 25.25
    endloop
  endfacet
  facet normal 0 0 1
    outer loop
      vertex 128.33056474185915 -4.0583048801543695 25.25
      vertex 171.66943525814085 -4.0583048801543695 25.25
      vertex 171.28768939877062 -3.7123106012293747 25.25
    endloop
  endfacet
  facet normal 0 0 1
    outer loop
      vertex 128.71231060122938 -3.7123106012293747 25.25
      vertex 171.28768939877062 -3.7123106012293747 25.25
      vertex 170.94169511984563 -3.330564741859139 25.25
    endloop
  endfacet
  facet normal 0 0 1
    outer loop
      vertex 129.05830488015437 -3.330564741859139 25.25
      vertex 170.94169511984563 -3.330564741859139 25.25
      vertex 170.63478453541163 -2.916743723352911 25.25
    endloop
  endfacet
  facet normal 0 0 1
    outer loop
      vertex 129.36521546458837 -2.916743723352911 25.25
      vertex 170.63478453541163 -2.916743723352911 25.25
      vertex 170.36991336217113 -2.4748328683364877 25.25
    endloop
  endfacet
  facet normal 0 0 1
    outer loop
      vertex 129.63008663782887 -2.4748328683364877 25.25
      vertex 170.36991336217113 -2.4748328683364877 25.25
      vertex 170.14963245431574 -2.0090880199167214 25.25
    endloop
  endfacet
  facet normal 0 0 1
    outer loop
      vertex 129.85036754568426 -2.0090880199167214 25.25
      vertex 170.14963245431574 -2.0090880199167214 25.25
      vertex 169.9760632374059 -1.5239945555859273 25.25
    endloop
  endfacet
  facet normal 0 0 1
    outer loop
      vertex 130.0239367625941 -1.5239945555859273 25.25
      vertex 169.9760632374059 -1.5239945555859273 25.25
      vertex 169.85087727788303 -1.0242241905846734 25.25
    endloop
  endfacet
  facet normal 0 0 1
    outer loop
      vertex 130.14912272211697 -1.0242241905846734 25.25
      vertex 169.85087727788303 -1.0242241905846734 25.25
      vertex 169.77528018497097 -0.5145899867301932 25.25
    endloop
  endfacet
  facet normal 0 0 1
    outer loop
      vertex 169.75 0 25.25
      vertex 130.22471981502903 -0.5145899867301932 25.25
      vertex 169.77528018497097 -0.5145899867301932 25.25
    endloop
  endfacet
  facet normal 0.42755509343029735 0.903989293123436 0
    outer loop
      vertex 172.99091198008327 -4.850367545684255 25.25
      vertex 172.99091198008327 -4.850367545684255 20.25
      vertex 172.52516713166352 -4.630086637828864 25.25
    endloop
  endfacet
  facet normal 0.33688985339220573 0.9415440651830259 0
    outer loop
      vertex 173.47600544441408 -5.023936762594096 25.25
      vertex 173.47600544441408 -5.023936762594096 20.25
      vertex 172.99091198008327 -4.850367545684255 25.25
    endloop
  endfacet
  facet normal 0.14673047445535914 0.9891765099647812 0
    outer loop
      vertex 174.4854100132698 -5.224719815029034 20.25
      vertex 173.97577580941532 -5.14912272211696 25.25
      vertex 174.4854100132698 -5.224719815029034 25.25
    endloop
  endfacet
  facet normal 0.04906767432741812 0.9987954562051724 0
    outer loop
      vertex 175 -5.25 25.25
      vertex 175 -5.25 20.25
      vertex 174.4854100132698 -5.224719815029034 25.25
    endloop
  endfacet
  facet normal 0.24298017990327156 0.9700312531945421 0
    outer loop
      vertex 173.97577580941532 -5.14912272211696 25.25
      vertex 173.97577580941532 -5.14912272211696 20.25
      vertex 173.47600544441408 -5.023936762594096 25.25
    endloop
  endfacet
  facet normal 0.5956993044924204 0.8032075314806545 0
    outer loop
      vertex 172.0832562766471 -4.3652154645883625 25.25
      vertex 172.0832562766471 -4.3652154645883625 20.25
      vertex 171.66943525814085 -4.0583048801543695 25.25
    endloop
  endfacet
  facet normal 0.7409511253549629 0.6715589548470142 0
    outer loop
      vertex 170.94169511984563 -3.330564741859139 25.25
      vertex 171.28768939877062 -3.7123106012293747 25.25
      vertex 171.28768939877062 -3.7123106012293747 20.25
    endloop
  endfacet
  facet normal 0.671558954847027 0.7409511253549512 0
    outer loop
      vertex 171.66943525814085 -4.0583048801543695 25.25
      vertex 171.66943525814085 -4.0583048801543695 20.25
      vertex 171.28768939877062 -3.7123106012293747 25.25
    endloop
  endfacet
  facet normal 0.8032075314806324 0.5956993044924501 0
    outer loop
      vertex 170.63478453541163 -2.916743723352911 25.25
      vertex 170.94169511984563 -3.330564741859139 25.25
      vertex 170.94169511984563 -3.330564741859139 20.25
    endloop
  endfacet
  facet normal 0.5141027441932157 0.8577286100002757 0
    outer loop
      vertex 172.52516713166352 -4.630086637828864 25.25
      vertex 172.52516713166352 -4.630086637828864 20.25
      vertex 172.0832562766471 -4.3652154645883625 25.25
    endloop
  endfacet
  facet normal 0.8577286100002787 0.5141027441932108 0
    outer loop
      vertex 170.36991336217113 -2.4748328683364877 25.25
      vertex 170.63478453541163 -2.916743723352911 25.25
      vertex 170.63478453541163 -2.916743723352911 20.25
    endloop
  endfacet
  facet normal 0.9039892931234393 0.4275550934302905 0
    outer loop
      vertex 170.14963245431574 -2.0090880199167214 25.25
      vertex 170.36991336217113 -2.4748328683364877 25.25
      vertex 170.36991336217113 -2.4748328683364877 20.25
    endloop
  endfacet
  facet normal 0.9415440651830216 0.336889853392218 0
    outer loop
      vertex 169.9760632374059 -1.5239945555859273 25.25
      vertex 170.14963245431574 -2.0090880199167214 25.25
      vertex 170.14963245431574 -2.0090880199167214 20.25
    endloop
  endfacet
  facet normal 0.9700312531945424 0.2429801799032699 0
    outer loop
      vertex 169.85087727788303 -1.0242241905846734 25.25
      vertex 169.9760632374059 -1.5239945555859273 25.25
      vertex 169.9760632374059 -1.5239945555859273 20.25
    endloop
  endfacet
  facet normal 0.9891765099647843 0.1467304744553397 0
    outer loop
      vertex 169.77528018497097 -0.5145899867301932 25.25
      vertex 169.85087727788303 -1.0242241905846734 25.25
      vertex 169.85087727788303 -1.0242241905846734 20.25
    endloop
  endfacet
  facet normal 0.9987954562051723 0.049067674327419195 0
    outer loop
      vertex 169.75 0 25.25
      vertex 169.77528018497097 -0.5145899867301932 25.25
      vertex 169.77528018497097 -0.5145899867301932 20.25
    endloop
  endfacet
  facet normal 0 0 1
    outer loop
      vertex 280.4480198019802 -20.25 25.25
      vertex 125.51458998673019 -5.224719815029034 25.25
      vertex 125 -5.25 25.25
    endloop
  endfacet
  facet normal 0 0 1
    outer loop
      vertex 280.4480198019802 -20.25 25.25
      vertex 126.02422419058468 -5.14912272211696 25.25
      vertex 125.51458998673019 -5.224719815029034 25.25
    endloop
  endfacet
  facet normal 0 0 1
    outer loop
      vertex 280.4480198019802 -20.25 25.25
      vertex 126.52399455558593 -5.023936762594096 25.25
      vertex 126.02422419058468 -5.14912272211696 25.25
    endloop
  endfacet
  facet normal 0 0 1
    outer loop
      vertex 280.4480198019802 -20.25 25.25
      vertex 127.00908801991672 -4.850367545684255 25.25
      vertex 126.52399455558593 -5.023936762594096 25.25
    endloop
  endfacet
  facet normal 0 0 1
    outer loop
      vertex 280.4480198019802 -20.25 25.25
      vertex 127.47483286833649 -4.630086637828864 25.25
      vertex 127.00908801991672 -4.850367545684255 25.25
    endloop
  endfacet
  facet normal 0 0 1
    outer loop
      vertex 280.4480198019802 -20.25 25.25
      vertex 175 -5.25 25.25
      vertex 127.47483286833649 -4.630086637828864 25.25
    endloop
  endfacet
  facet normal -0.14673047445535914 0.9891765099647812 0
    outer loop
      vertex 175.5145899867302 -5.224719815029034 25.25
      vertex 176.02422419058468 -5.14912272211696 20.25
      vertex 175.5145899867302 -5.224719815029034 20.25
    endloop
  endfacet
  facet normal -0.24298017990327156 0.9700312531945421 0
    outer loop
      vertex 176.02422419058468 -5.14912272211696 25.25
      vertex 176.52399455558592 -5.023936762594096 20.25
      vertex 176.02422419058468 -5.14912272211696 20.25
    endloop
  endfacet
  facet normal -0.33688985339220573 0.9415440651830259 0
    outer loop
      vertex 176.52399455558592 -5.023936762594096 25.25
      vertex 177.00908801991673 -4.850367545684255 20.25
      vertex 176.52399455558592 -5.023936762594096 20.25
    endloop
  endfacet
  facet normal -0.42755509343029735 0.903989293123436 0
    outer loop
      vertex 177.00908801991673 -4.850367545684255 25.25
      vertex 177.47483286833648 -4.630086637828864 20.25
      vertex 177.00908801991673 -4.850367545684255 20.25
    endloop
  endfacet
  facet normal -0.5141027441932157 0.8577286100002757 0
    outer loop
      vertex 177.9167437233529 -4.3652154645883625 20.25
      vertex 177.47483286833648 -4.630086637828864 20.25
      vertex 177.47483286833648 -4.630086637828864 25.25
    endloop
  endfacet
  facet normal -0.5956993044924204 0.8032075314806545 0
    outer loop
      vertex 177.9167437233529 -4.3652154645883625 25.25
      vertex 178.33056474185915 -4.0583048801543695 20.25
      vertex 177.9167437233529 -4.3652154645883625 20.25
    endloop
  endfacet
  facet normal -0.671558954847027 0.7409511253549512 0
    outer loop
      vertex 178.33056474185915 -4.0583048801543695 25.25
      vertex 178.71231060122938 -3.7123106012293747 20.25
      vertex 178.33056474185915 -4.0583048801543695 20.25
    endloop
  endfacet
  facet normal -0.7409511253549629 0.6715589548470142 0
    outer loop
      vertex 178.71231060122938 -3.7123106012293747 20.25
      vertex 178.71231060122938 -3.7123106012293747 25.25
      vertex 179.05830488015437 -3.330564741859139 20.25
    endloop
  endfacet
  facet normal -0.8032075314806324 0.5956993044924501 0
    outer loop
      vertex 179.05830488015437 -3.330564741859139 25.25
      vertex 179.36521546458837 -2.916743723352911 20.25
      vertex 179.05830488015437 -3.330564741859139 20.25
    endloop
  endfacet
  facet normal -0.8577286100002787 0.5141027441932108 0
    outer loop
      vertex 179.36521546458837 -2.916743723352911 25.25
      vertex 179.63008663782887 -2.4748328683364877 20.25
      vertex 179.36521546458837 -2.916743723352911 20.25
    endloop
  endfacet
  facet normal -0.9039892931234393 0.4275550934302905 0
    outer loop
      vertex 179.63008663782887 -2.4748328683364877 25.25
      vertex 179.85036754568426 -2.0090880199167214 20.25
      vertex 179.63008663782887 -2.4748328683364877 20.25
    endloop
  endfacet
  facet normal -0.9415440651830216 0.336889853392218 0
    outer loop
      vertex 179.85036754568426 -2.0090880199167214 25.25
      vertex 180.0239367625941 -1.5239945555859273 20.25
      vertex 179.85036754568426 -2.0090880199167214 20.25
    endloop
  endfacet
  facet normal -0.9700312531945424 0.2429801799032699 0
    outer loop
      vertex 180.0239367625941 -1.5239945555859273 25.25
      vertex 180.14912272211697 -1.0242241905846734 20.25
      vertex 180.0239367625941 -1.5239945555859273 20.25
    endloop
  endfacet
  facet normal -0.9891765099647843 0.1467304744553397 0
    outer loop
      vertex 180.14912272211697 -1.0242241905846734 25.25
      vertex 180.22471981502903 -0.5145899867301932 20.25
      vertex 180.14912272211697 -1.0242241905846734 20.25
    endloop
  endfacet
  facet normal -0.9987954562051723 0.049067674327419195 0
    outer loop
      vertex 180.22471981502903 -0.5145899867301932 20.25
      vertex 180.22471981502903 -0.5145899867301932 25.25
      vertex 180.25 0 20.25
    endloop
  endfacet
  facet normal 0 0 -1
    outer loop
      vertex 176.52399455558592 -5.023936762594096 20.25
      vertex 177.00908801991673 -4.850367545684255 20.25
      vertex 223.47600544441408 -5.023936762594096 20.25
    endloop
  endfacet
  facet normal 0 0 -1
    outer loop
      vertex 177.00908801991673 -4.850367545684255 20.25
      vertex 177.47483286833648 -4.630086637828864 20.25
      vertex 222.99091198008327 -4.850367545684255 20.25
    endloop
  endfacet
  facet normal 0 0 -1
    outer loop
      vertex 177.9167437233529 -4.3652154645883625 20.25
      vertex 222.52516713166352 -4.630086637828864 20.25
      vertex 177.47483286833648 -4.630086637828864 20.25
    endloop
  endfacet
  facet normal 0 0 -1
    outer loop
      vertex 222.0832562766471 4.3652154645883625 20.25
      vertex 177.9167437233529 -4.3652154645883625 20.25
      vertex 178.33056474185915 -4.0583048801543695 20.25
    endloop
  endfacet
  facet normal 0 0 -1
    outer loop
      vertex 222.0832562766471 4.3652154645883625 20.25
      vertex 178.33056474185915 -4.0583048801543695 20.25
      vertex 178.71231060122938 -3.7123106012293747 20.25
    endloop
  endfacet
  facet normal 0 0 -1
    outer loop
      vertex 222.0832562766471 4.3652154645883625 20.25
      vertex 178.71231060122938 -3.7123106012293747 20.25
      vertex 179.05830488015437 -3.330564741859139 20.25
    endloop
  endfacet
  facet normal 0 0 -1
    outer loop
      vertex 222.0832562766471 4.3652154645883625 20.25
      vertex 179.05830488015437 -3.330564741859139 20.25
      vertex 179.36521546458837 -2.916743723352911 20.25
    endloop
  endfacet
  facet normal 0 0 -1
    outer loop
      vertex 222.0832562766471 4.3652154645883625 20.25
      vertex 179.36521546458837 -2.916743723352911 20.25
      vertex 179.63008663782887 -2.4748328683364877 20.25
    endloop
  endfacet
  facet normal 0 0 -1
    outer loop
      vertex 222.0832562766471 4.3652154645883625 20.25
      vertex 179.63008663782887 -2.4748328683364877 20.25
      vertex 179.85036754568426 -2.0090880199167214 20.25
    endloop
  endfacet
  facet normal -0.04906767432741812 0.9987954562051724 0
    outer loop
      vertex 175.5145899867302 -5.224719815029034 25.25
      vertex 175.5145899867302 -5.224719815029034 20.25
      vertex 175 -5.25 25.25
    endloop
  endfacet
  facet normal -0.14673047445535914 0.9891765099647812 0
    outer loop
      vertex 176.02422419058468 -5.14912272211696 25.25
      vertex 176.02422419058468 -5.14912272211696 20.25
      vertex 175.5145899867302 -5.224719815029034 25.25
    endloop
  endfacet
  facet normal -0.24298017990327156 0.9700312531945421 0
    outer loop
      vertex 176.52399455558592 -5.023936762594096 25.25
      vertex 176.52399455558592 -5.023936762594096 20.25
      vertex 176.02422419058468 -5.14912272211696 25.25
    endloop
  endfacet
  facet normal -0.33688985339220573 0.9415440651830259 0
    outer loop
      vertex 177.00908801991673 -4.850367545684255 25.25
      vertex 177.00908801991673 -4.850367545684255 20.25
      vertex 176.52399455558592 -5.023936762594096 25.25
    endloop
  endfacet
  facet normal -0.42755509343029735 0.903989293123436 0
    outer loop
      vertex 177.47483286833648 -4.630086637828864 25.25
      vertex 177.47483286833648 -4.630086637828864 20.25
      vertex 177.00908801991673 -4.850367545684255 25.25
    endloop
  endfacet
  facet normal -0.5141027441932157 0.8577286100002757 0
    outer loop
      vertex 177.9167437233529 -4.3652154645883625 25.25
      vertex 177.9167437233529 -4.3652154645883625 20.25
      vertex 177.47483286833648 -4.630086637828864 25.25
    endloop
  endfacet
  facet normal -0.5956993044924204 0.8032075314806545 0
    outer loop
      vertex 178.33056474185915 -4.0583048801543695 25.25
      vertex 178.33056474185915 -4.0583048801543695 20.25
      vertex 177.9167437233529 -4.3652154645883625 25.25
    endloop
  endfacet
  facet normal -0.671558954847027 0.7409511253549512 0
    outer loop
      vertex 178.71231060122938 -3.7123106012293747 25.25
      vertex 178.71231060122938 -3.7123106012293747 20.25
      vertex 178.33056474185915 -4.0583048801543695 25.25
    endloop
  endfacet
  facet normal -0.7409511253549629 0.6715589548470142 0
    outer loop
      vertex 178.71231060122938 -3.7123106012293747 25.25
      vertex 179.05830488015437 -3.330564741859139 25.25
      vertex 179.05830488015437 -3.330564741859139 20.25
    endloop
  endfacet
  facet normal -0.8032075314806324 0.5956993044924501 0
    outer loop
      vertex 179.05830488015437 -3.330564741859139 25.25
      vertex 179.36521546458837 -2.916743723352911 25.25
      vertex 179.36521546458837 -2.916743723352911 20.25
    endloop
  endfacet
  facet normal -0.8577286100002787 0.5141027441932108 0
    outer loop
      vertex 179.36521546458837 -2.916743723352911 25.25
      vertex 179.63008663782887 -2.4748328683364877 25.25
      vertex 179.63008663782887 -2.4748328683364877 20.25
    endloop
  endfacet
  facet normal -0.9039892931234393 0.4275550934302905 0
    outer loop
      vertex 179.63008663782887 -2.4748328683364877 25.25
      vertex 179.85036754568426 -2.0090880199167214 25.25
      vertex 179.85036754568426 -2.0090880199167214 20.25
    endloop
  endfacet
  facet normal -0.9415440651830216 0.336889853392218 0
    outer loop
      vertex 179.85036754568426 -2.0090880199167214 25.25
      vertex 180.0239367625941 -1.5239945555859273 25.25
      vertex 180.0239367625941 -1.5239945555859273 20.25
    endloop
  endfacet
  facet normal -0.9700312531945424 0.2429801799032699 0
    outer loop
      vertex 180.0239367625941 -1.5239945555859273 25.25
      vertex 180.14912272211697 -1.0242241905846734 25.25
      vertex 180.14912272211697 -1.0242241905846734 20.25
    endloop
  endfacet
  facet normal -0.9891765099647843 0.1467304744553397 0
    outer loop
      vertex 180.14912272211697 -1.0242241905846734 25.25
      vertex 180.22471981502903 -0.5145899867301932 25.25
      vertex 180.22471981502903 -0.5145899867301932 20.25
    endloop
  endfacet
  facet normal -0.9987954562051723 0.049067674327419195 0
    outer loop
      vertex 180.22471981502903 -0.5145899867301932 25.25
      vertex 180.25 0 25.25
      vertex 180.25 0 20.25
    endloop
  endfacet
  facet normal -1 0 0
    outer loop
      vertex 100.25 20.25 0.25
      vertex 100.25 25.25 25.25
      vertex 100.25 25.25 0.25
    endloop
  endfacet
  facet normal 0 0 -1
    outer loop
      vertex 100.25 20.25 0.25
      vertex 100.25 25.25 0.25
      vertex 300.25 25.25 0.25
    endloop
  endfacet
  facet normal 0 1 0
    outer loop
      vertex 100.25 25.25 0.25
      vertex 100.25 25.25 25.25
      vertex 300.25 25.25 0.25
    endloop
  endfacet
  facet normal 0 0 -1
    outer loop
      vertex 100.25 -20.25 20.25
      vertex 100.25 20.25 20.25
      vertex 119.75 0 20.25
    endloop
  endfacet
  facet normal 0.9987954562051723 -0.049067674327419195 0
    outer loop
      vertex 119.77528018497097 0.5145899867301932 25.25
      vertex 119.75 0 20.25
      vertex 119.77528018497097 0.5145899867301932 20.25
    endloop
  endfacet
  facet normal 0.9891765099647802 -0.1467304744553667 0
    outer loop
      vertex 119.85087727788304 1.0242241905846734 25.25
      vertex 119.77528018497097 0.5145899867301932 20.25
      vertex 119.85087727788304 1.0242241905846734 20.25
    endloop
  endfacet
  facet normal 0.9700312531945424 -0.2429801799032699 0
    outer loop
      vertex 119.97606323740591 1.5239945555859273 25.25
      vertex 119.85087727788304 1.0242241905846734 20.25
      vertex 119.97606323740591 1.5239945555859273 20.25
    endloop
  endfacet
  facet normal 0.9415440651830216 -0.336889853392218 0
    outer loop
      vertex 120.14963245431575 2.0090880199167214 25.25
      vertex 119.97606323740591 1.5239945555859273 20.25
      vertex 120.14963245431575 2.0090880199167214 20.25
    endloop
  endfacet
  facet normal 0.90398929312345 -0.427555093430268 0
    outer loop
      vertex 120.36991336217113 2.4748328683364877 25.25
      vertex 120.14963245431575 2.0090880199167214 20.25
      vertex 120.36991336217113 2.4748328683364877 20.25
    endloop
  endfacet
  facet normal 0.8577286100002665 -0.514102744193231 0
    outer loop
      vertex 120.63478453541164 2.916743723352911 25.25
      vertex 120.36991336217113 2.4748328683364877 20.25
      vertex 120.63478453541164 2.916743723352911 20.25
    endloop
  endfacet
  facet normal 0.8032075314806457 -0.5956993044924324 0
    outer loop
      vertex 120.94169511984563 3.330564741859139 25.25
      vertex 120.63478453541164 2.916743723352911 20.25
      vertex 120.94169511984563 3.330564741859139 20.25
    endloop
  endfacet
  facet normal 0.7409511253549629 -0.6715589548470142 0
    outer loop
      vertex 121.28768939877062 3.7123106012293747 25.25
      vertex 120.94169511984563 3.330564741859139 20.25
      vertex 121.28768939877062 3.7123106012293747 20.25
    endloop
  endfacet
  facet normal 0.6715589548470132 -0.7409511253549637 0
    outer loop
      vertex 121.66943525814087 4.0583048801543695 25.25
      vertex 121.28768939877062 3.7123106012293747 20.25
      vertex 121.66943525814087 4.0583048801543695 20.25
    endloop
  endfacet
  facet normal 0.5956993044924335 -0.8032075314806447 0
    outer loop
      vertex 122.08325627664709 4.3652154645883625 25.25
      vertex 121.66943525814087 4.0583048801543695 20.25
      vertex 122.08325627664709 4.3652154645883625 20.25
    endloop
  endfacet
  facet normal 0.5141027441932279 -0.8577286100002685 0
    outer loop
      vertex 122.52516713166351 4.630086637828864 25.25
      vertex 122.08325627664709 4.3652154645883625 20.25
      vertex 122.52516713166351 4.630086637828864 20.25
    endloop
  endfacet
  facet normal 0.4275550934302761 -0.9039892931234461 0
    outer loop
      vertex 122.99091198008328 4.850367545684255 25.25
      vertex 122.52516713166351 4.630086637828864 20.25
      vertex 122.99091198008328 4.850367545684255 20.25
    endloop
  endfacet
  facet normal 0.3368898533922232 -0.9415440651830196 0
    outer loop
      vertex 123.47600544441407 5.023936762594096 25.25
      vertex 122.99091198008328 4.850367545684255 20.25
      vertex 123.47600544441407 5.023936762594096 20.25
    endloop
  endfacet
  facet normal 0.24298017990326506 -0.9700312531945438 0
    outer loop
      vertex 123.97577580941532 5.14912272211696 25.25
      vertex 123.47600544441407 5.023936762594096 20.25
      vertex 123.97577580941532 5.14912272211696 20.25
    endloop
  endfacet
  facet normal 0.14673047445535914 -0.9891765099647812 0
    outer loop
      vertex 124.48541001326981 5.224719815029034 25.25
      vertex 123.97577580941532 5.14912272211696 20.25
      vertex 124.48541001326981 5.224719815029034 20.25
    endloop
  endfacet
  facet normal 0.04906767432741812 -0.9987954562051724 0
    outer loop
      vertex 125 5.25 25.25
      vertex 124.48541001326981 5.224719815029034 20.25
      vertex 125 5.25 20.25
    endloop
  endfacet
  facet normal 0 0 1
    outer loop
      vertex 100.25 -20.25 25.25
      vertex 120.14963245431575 2.0090880199167214 25.25
      vertex 100.25 20.25 25.25
    endloop
  endfacet
  facet normal 0.9987954562051723 -0.049067674327419195 0
    outer loop
      vertex 119.77528018497097 0.5145899867301932 25.25
      vertex 119.75 0 25.25
      vertex 119.75 0 20.25
    endloop
  endfacet
  facet normal 0.9891765099647802 -0.1467304744553667 0
    outer loop
      vertex 119.85087727788304 1.0242241905846734 25.25
      vertex 119.77528018497097 0.5145899867301932 25.25
      vertex 119.77528018497097 0.5145899867301932 20.25
    endloop
  endfacet
  facet normal 0.9700312531945424 -0.2429801799032699 0
    outer loop
      vertex 119.97606323740591 1.5239945555859273 25.25
      vertex 119.85087727788304 1.0242241905846734 25.25
      vertex 119.85087727788304 1.0242241905846734 20.25
    endloop
  endfacet
  facet normal 0.9415440651830216 -0.336889853392218 0
    outer loop
      vertex 120.14963245431575 2.0090880199167214 25.25
      vertex 119.97606323740591 1.5239945555859273 25.25
      vertex 119.97606323740591 1.5239945555859273 20.25
    endloop
  endfacet
  facet normal 0.90398929312345 -0.427555093430268 0
    outer loop
      vertex 120.36991336217113 2.4748328683364877 25.25
      vertex 120.14963245431575 2.0090880199167214 25.25
      vertex 120.14963245431575 2.0090880199167214 20.25
    endloop
  endfacet
  facet normal 0.8577286100002665 -0.514102744193231 0
    outer loop
      vertex 120.63478453541164 2.916743723352911 25.25
      vertex 120.36991336217113 2.4748328683364877 25.25
      vertex 120.36991336217113 2.4748328683364877 20.25
    endloop
  endfacet
  facet normal 0.8032075314806457 -0.5956993044924324 0
    outer loop
      vertex 120.94169511984563 3.330564741859139 25.25
      vertex 120.63478453541164 2.916743723352911 25.25
      vertex 120.63478453541164 2.916743723352911 20.25
    endloop
  endfacet
  facet normal 0.7409511253549629 -0.6715589548470142 0
    outer loop
      vertex 121.28768939877062 3.7123106012293747 25.25
      vertex 120.94169511984563 3.330564741859139 25.25
      vertex 120.94169511984563 3.330564741859139 20.25
    endloop
  endfacet
  facet normal 0.6715589548470132 -0.7409511253549637 0
    outer loop
      vertex 121.28768939877062 3.7123106012293747 25.25
      vertex 121.28768939877062 3.7123106012293747 20.25
      vertex 121.66943525814087 4.0583048801543695 25.25
    endloop
  endfacet
  facet normal 0.5956993044924335 -0.8032075314806447 0
    outer loop
      vertex 121.66943525814087 4.0583048801543695 25.25
      vertex 121.66943525814087 4.0583048801543695 20.25
      vertex 122.08325627664709 4.3652154645883625 25.25
    endloop
  endfacet
  facet normal 0.5141027441932279 -0.8577286100002685 0
    outer loop
      vertex 122.08325627664709 4.3652154645883625 25.25
      vertex 122.08325627664709 4.3652154645883625 20.25
      vertex 122.52516713166351 4.630086637828864 25.25
    endloop
  endfacet
  facet normal 0.4275550934302761 -0.9039892931234461 0
    outer loop
      vertex 122.52516713166351 4.630086637828864 25.25
      vertex 122.52516713166351 4.630086637828864 20.25
      vertex 122.99091198008328 4.850367545684255 25.25
    endloop
  endfacet
  facet normal 0.3368898533922232 -0.9415440651830196 0
    outer loop
      vertex 122.99091198008328 4.850367545684255 25.25
      vertex 122.99091198008328 4.850367545684255 20.25
      vertex 123.47600544441407 5.023936762594096 25.25
    endloop
  endfacet
  facet normal 0.24298017990326506 -0.9700312531945438 0
    outer loop
      vertex 123.47600544441407 5.023936762594096 25.25
      vertex 123.47600544441407 5.023936762594096 20.25
      vertex 123.97577580941532 5.14912272211696 25.25
    endloop
  endfacet
  facet normal 0.14673047445535914 -0.9891765099647812 0
    outer loop
      vertex 123.97577580941532 5.14912272211696 25.25
      vertex 123.97577580941532 5.14912272211696 20.25
      vertex 124.48541001326981 5.224719815029034 25.25
    endloop
  endfacet
  facet normal 0.04906767432741812 -0.9987954562051724 0
    outer loop
      vertex 124.48541001326981 5.224719815029034 25.25
      vertex 124.48541001326981 5.224719815029034 20.25
      vertex 125 5.25 25.25
    endloop
  endfacet
  facet normal -0.04906767432741812 -0.9987954562051724 0
    outer loop
      vertex 125 5.25 25.25
      vertex 125 5.25 20.25
      vertex 125.51458998673019 5.224719815029034 25.25
    endloop
  endfacet
  facet normal 0 0 -1
    outer loop
      vertex 100.25 20.25 20.25
      vertex 119.77528018497097 0.5145899867301932 20.25
      vertex 119.75 0 20.25
    endloop
  endfacet
  facet normal 0 0 -1
    outer loop
      vertex 100.25 20.25 20.25
      vertex 119.85087727788304 1.0242241905846734 20.25
      vertex 119.77528018497097 0.5145899867301932 20.25
    endloop
  endfacet
  facet normal 0 0 -1
    outer loop
      vertex 100.25 20.25 20.25
      vertex 119.97606323740591 1.5239945555859273 20.25
      vertex 119.85087727788304 1.0242241905846734 20.25
    endloop
  endfacet
  facet normal 0 0 -1
    outer loop
      vertex 100.25 20.25 20.25
      vertex 120.14963245431575 2.0090880199167214 20.25
      vertex 119.97606323740591 1.5239945555859273 20.25
    endloop
  endfacet
  facet normal 0 0 -1
    outer loop
      vertex 100.25 20.25 20.25
      vertex 120.36991336217113 2.4748328683364877 20.25
      vertex 120.14963245431575 2.0090880199167214 20.25
    endloop
  endfacet
  facet normal 0 0 -1
    outer loop
      vertex 100.25 20.25 20.25
      vertex 120.63478453541164 2.916743723352911 20.25
      vertex 120.36991336217113 2.4748328683364877 20.25
    endloop
  endfacet
  facet normal 0 0 -1
    outer loop
      vertex 100.25 20.25 20.25
      vertex 120.94169511984563 3.330564741859139 20.25
      vertex 120.63478453541164 2.916743723352911 20.25
    endloop
  endfacet
  facet normal 0 0 -1
    outer loop
      vertex 100.25 20.25 20.25
      vertex 121.28768939877062 3.7123106012293747 20.25
      vertex 120.94169511984563 3.330564741859139 20.25
    endloop
  endfacet
  facet normal 0 0 -1
    outer loop
      vertex 100.25 20.25 20.25
      vertex 121.66943525814087 4.0583048801543695 20.25
      vertex 121.28768939877062 3.7123106012293747 20.25
    endloop
  endfacet
  facet normal 0 0 -1
    outer loop
      vertex 100.25 20.25 20.25
      vertex 122.08325627664709 4.3652154645883625 20.25
      vertex 121.66943525814087 4.0583048801543695 20.25
    endloop
  endfacet
  facet normal 0 0 -1
    outer loop
      vertex 100.25 20.25 20.25
      vertex 122.52516713166351 4.630086637828864 20.25
      vertex 122.08325627664709 4.3652154645883625 20.25
    endloop
  endfacet
  facet normal 0 0 -1
    outer loop
      vertex 100.25 20.25 20.25
      vertex 122.99091198008328 4.850367545684255 20.25
      vertex 122.52516713166351 4.630086637828864 20.25
    endloop
  endfacet
  facet normal 0 0 -1
    outer loop
      vertex 100.25 20.25 20.25
      vertex 123.47600544441407 5.023936762594096 20.25
      vertex 122.99091198008328 4.850367545684255 20.25
    endloop
  endfacet
  facet normal 0 0 -1
    outer loop
      vertex 100.25 20.25 20.25
      vertex 123.97577580941532 5.14912272211696 20.25
      vertex 123.47600544441407 5.023936762594096 20.25
    endloop
  endfacet
  facet normal 0 0 -1
    outer loop
      vertex 100.25 20.25 20.25
      vertex 124.48541001326981 5.224719815029034 20.25
      vertex 123.97577580941532 5.14912272211696 20.25
    endloop
  endfacet
  facet normal 0 0 -1
    outer loop
      vertex 100.25 20.25 20.25
      vertex 125 5.25 20.25
      vertex 124.48541001326981 5.224719815029034 20.25
    endloop
  endfacet
  facet normal 0 0 -1
    outer loop
      vertex 100.25 20.25 20.25
      vertex 125.51458998673019 5.224719815029034 20.25
      vertex 125 5.25 20.25
    endloop
  endfacet
  facet normal 0 0 -1
    outer loop
      vertex 100.25 20.25 20.25
      vertex 126.02422419058468 5.14912272211696 20.25
      vertex 125.51458998673019 5.224719815029034 20.25
    endloop
  endfacet
  facet normal 0 0 -1
    outer loop
      vertex 100.25 20.25 20.25
      vertex 126.52399455558593 5.023936762594096 20.25
      vertex 126.02422419058468 5.14912272211696 20.25
    endloop
  endfacet
  facet normal -1 0 0
    outer loop
      vertex 100.25 -20.25 25.25
      vertex 100.25 20.25 25.25
      vertex 100.25 20.25 20.25
    endloop
  endfacet
  facet normal 0 0 1
    outer loop
      vertex 100.25 20.25 25.25
      vertex 120.14963245431575 2.0090880199167214 25.25
      vertex 120.36991336217113 2.4748328683364877 25.25
    endloop
  endfacet
  facet normal 0 0 1
    outer loop
      vertex 100.25 20.25 25.25
      vertex 120.36991336217113 2.4748328683364877 25.25
      vertex 120.63478453541164 2.916743723352911 25.25
    endloop
  endfacet
  facet normal 0 0 1
    outer loop
      vertex 100.25 20.25 25.25
      vertex 120.63478453541164 2.916743723352911 25.25
      vertex 120.94169511984563 3.330564741859139 25.25
    endloop
  endfacet
  facet normal 0 0 1
    outer loop
      vertex 100.25 20.25 25.25
      vertex 120.94169511984563 3.330564741859139 25.25
      vertex 121.28768939877062 3.7123106012293747 25.25
    endloop
  endfacet
  facet normal 0 0 1
    outer loop
      vertex 100.25 20.25 25.25
      vertex 121.28768939877062 3.7123106012293747 25.25
      vertex 121.66943525814087 4.0583048801543695 25.25
    endloop
  endfacet
  facet normal 0 0 1
    outer loop
      vertex 100.25 20.25 25.25
      vertex 121.66943525814087 4.0583048801543695 25.25
      vertex 122.08325627664709 4.3652154645883625 25.25
    endloop
  endfacet
  facet normal 0 0 1
    outer loop
      vertex 100.25 20.25 25.25
      vertex 122.08325627664709 4.3652154645883625 25.25
      vertex 122.52516713166351 4.630086637828864 25.25
    endloop
  endfacet
  facet normal 0 0 1
    outer loop
      vertex 100.25 20.25 25.25
      vertex 122.52516713166351 4.630086637828864 25.25
      vertex 122.99091198008328 4.850367545684255 25.25
    endloop
  endfacet
  facet normal 0 0 1
    outer loop
      vertex 100.25 20.25 25.25
      vertex 122.99091198008328 4.850367545684255 25.25
      vertex 123.47600544441407 5.023936762594096 25.25
    endloop
  endfacet
  facet normal 0 0 1
    outer loop
      vertex 100.25 20.25 25.25
      vertex 123.47600544441407 5.023936762594096 25.25
      vertex 123.97577580941532 5.14912272211696 25.25
    endloop
  endfacet
  facet normal 0 0 1
    outer loop
      vertex 100.25 20.25 25.25
      vertex 123.97577580941532 5.14912272211696 25.25
      vertex 124.48541001326981 5.224719815029034 25.25
    endloop
  endfacet
  facet normal 0 0 1
    outer loop
      vertex 100.25 20.25 25.25
      vertex 124.48541001326981 5.224719815029034 25.25
      vertex 125 5.25 25.25
    endloop
  endfacet
  facet normal 0 0 1
    outer loop
      vertex 100.25 20.25 25.25
      vertex 125 5.25 25.25
      vertex 125.51458998673019 5.224719815029034 25.25
    endloop
  endfacet
  facet normal 0 0 1
    outer loop
      vertex 100.25 20.25 25.25
      vertex 125.51458998673019 5.224719815029034 25.25
      vertex 126.02422419058468 5.14912272211696 25.25
    endloop
  endfacet
  facet normal 0 0 1
    outer loop
      vertex 100.25 20.25 25.25
      vertex 126.52399455558593 5.023936762594096 25.25
      vertex 127.00908801991672 4.850367545684255 25.25
    endloop
  endfacet
  facet normal 0 0 1
    outer loop
      vertex 100.25 20.25 25.25
      vertex 126.02422419058468 5.14912272211696 25.25
      vertex 126.52399455558593 5.023936762594096 25.25
    endloop
  endfacet
  facet normal 0 0 1
    outer loop
      vertex 100.25 20.25 25.25
      vertex 127.00908801991672 4.850367545684255 25.25
      vertex 127.47483286833649 4.630086637828864 25.25
    endloop
  endfacet
  facet normal -0.9987954562051723 -0.049067674327419195 0
    outer loop
      vertex 130.25 0 20.25
      vertex 130.25 0 25.25
      vertex 130.22471981502903 0.5145899867301932 20.25
    endloop
  endfacet
  facet normal -0.9891765099647843 -0.1467304744553397 0
    outer loop
      vertex 130.22471981502903 0.5145899867301932 25.25
      vertex 130.14912272211697 1.0242241905846734 20.25
      vertex 130.22471981502903 0.5145899867301932 20.25
    endloop
  endfacet
  facet normal -0.9700312531945424 -0.2429801799032699 0
    outer loop
      vertex 130.14912272211697 1.0242241905846734 25.25
      vertex 130.0239367625941 1.5239945555859273 20.25
      vertex 130.14912272211697 1.0242241905846734 20.25
    endloop
  endfacet
  facet normal -0.9039892931234393 -0.4275550934302905 0
    outer loop
      vertex 129.85036754568426 2.0090880199167214 25.25
      vertex 129.63008663782887 2.4748328683364877 20.25
      vertex 129.85036754568426 2.0090880199167214 20.25
    endloop
  endfacet
  facet normal -0.9415440651830216 -0.336889853392218 0
    outer loop
      vertex 130.0239367625941 1.5239945555859273 25.25
      vertex 129.85036754568426 2.0090880199167214 20.25
      vertex 130.0239367625941 1.5239945555859273 20.25
    endloop
  endfacet
  facet normal -0.8577286100002787 -0.5141027441932108 0
    outer loop
      vertex 129.63008663782887 2.4748328683364877 25.25
      vertex 129.36521546458837 2.916743723352911 20.25
      vertex 129.63008663782887 2.4748328683364877 20.25
    endloop
  endfacet
  facet normal -0.8032075314806324 -0.5956993044924501 0
    outer loop
      vertex 129.36521546458837 2.916743723352911 25.25
      vertex 129.05830488015437 3.330564741859139 20.25
      vertex 129.36521546458837 2.916743723352911 20.25
    endloop
  endfacet
  facet normal -0.5956993044924204 -0.8032075314806545 0
    outer loop
      vertex 128.33056474185915 4.0583048801543695 25.25
      vertex 127.91674372335291 4.3652154645883625 20.25
      vertex 128.33056474185915 4.0583048801543695 20.25
    endloop
  endfacet
  facet normal -0.4275550934302761 -0.9039892931234461 0
    outer loop
      vertex 127.47483286833649 4.630086637828864 25.25
      vertex 127.00908801991672 4.850367545684255 20.25
      vertex 127.47483286833649 4.630086637828864 20.25
    endloop
  endfacet
  facet normal -0.5141027441932279 -0.8577286100002685 0
    outer loop
      vertex 127.91674372335291 4.3652154645883625 25.25
      vertex 127.47483286833649 4.630086637828864 20.25
      vertex 127.91674372335291 4.3652154645883625 20.25
    endloop
  endfacet
  facet normal -0.7409511253549629 -0.6715589548470142 0
    outer loop
      vertex 129.05830488015437 3.330564741859139 25.25
      vertex 128.71231060122938 3.7123106012293747 20.25
      vertex 129.05830488015437 3.330564741859139 20.25
    endloop
  endfacet
  facet normal -0.671558954847027 -0.7409511253549512 0
    outer loop
      vertex 128.71231060122938 3.7123106012293747 25.25
      vertex 128.33056474185915 4.0583048801543695 20.25
      vertex 128.71231060122938 3.7123106012293747 20.25
    endloop
  endfacet
  facet normal -0.24298017990326506 -0.9700312531945438 0
    outer loop
      vertex 126.52399455558593 5.023936762594096 25.25
      vertex 126.02422419058468 5.14912272211696 20.25
      vertex 126.52399455558593 5.023936762594096 20.25
    endloop
  endfacet
  facet normal -0.04906767432741812 -0.9987954562051724 0
    outer loop
      vertex 125.51458998673019 5.224719815029034 25.25
      vertex 125 5.25 20.25
      vertex 125.51458998673019 5.224719815029034 20.25
    endloop
  endfacet
  facet normal -0.14673047445535914 -0.9891765099647812 0
    outer loop
      vertex 126.02422419058468 5.14912272211696 25.25
      vertex 125.51458998673019 5.224719815029034 20.25
      vertex 126.02422419058468 5.14912272211696 20.25
    endloop
  endfacet
  facet normal -0.3368898533922232 -0.9415440651830196 0
    outer loop
      vertex 127.00908801991672 4.850367545684255 25.25
      vertex 126.52399455558593 5.023936762594096 20.25
      vertex 127.00908801991672 4.850367545684255 20.25
    endloop
  endfacet
  facet normal 0 0 -1
    outer loop
      vertex 130.25 0 20.25
      vertex 130.22471981502903 0.5145899867301932 20.25
      vertex 169.75 0 20.25
    endloop
  endfacet
  facet normal 0 0 -1
    outer loop
      vertex 130.14912272211697 1.0242241905846734 20.25
      vertex 169.77528018497097 0.5145899867301932 20.25
      vertex 130.22471981502903 0.5145899867301932 20.25
    endloop
  endfacet
  facet normal 0 0 -1
    outer loop
      vertex 130.0239367625941 1.5239945555859273 20.25
      vertex 169.85087727788303 1.0242241905846734 20.25
      vertex 130.14912272211697 1.0242241905846734 20.25
    endloop
  endfacet
  facet normal 0 0 -1
    outer loop
      vertex 129.85036754568426 2.0090880199167214 20.25
      vertex 169.9760632374059 1.5239945555859273 20.25
      vertex 130.0239367625941 1.5239945555859273 20.25
    endloop
  endfacet
  facet normal 0 0 -1
    outer loop
      vertex 129.63008663782887 2.4748328683364877 20.25
      vertex 170.14963245431574 2.0090880199167214 20.25
      vertex 129.85036754568426 2.0090880199167214 20.25
    endloop
  endfacet
  facet normal 0 0 -1
    outer loop
      vertex 129.36521546458837 2.916743723352911 20.25
      vertex 170.36991336217113 2.4748328683364877 20.25
      vertex 129.63008663782887 2.4748328683364877 20.25
    endloop
  endfacet
  facet normal 0 0 -1
    outer loop
      vertex 129.05830488015437 3.330564741859139 20.25
      vertex 170.63478453541163 2.916743723352911 20.25
      vertex 129.36521546458837 2.916743723352911 20.25
    endloop
  endfacet
  facet normal 0 0 -1
    outer loop
      vertex 128.71231060122938 3.7123106012293747 20.25
      vertex 170.94169511984563 3.330564741859139 20.25
      vertex 129.05830488015437 3.330564741859139 20.25
    endloop
  endfacet
  facet normal 0 0 -1
    outer loop
      vertex 171.28768939877062 3.7123106012293747 20.25
      vertex 128.71231060122938 3.7123106012293747 20.25
      vertex 128.33056474185915 4.0583048801543695 20.25
    endloop
  endfacet
  facet normal 0 0 -1
    outer loop
      vertex 127.47483286833649 4.630086637828864 20.25
      vertex 127.00908801991672 4.850367545684255 20.25
      vertex 172.52516713166352 4.630086637828864 20.25
    endloop
  endfacet
  facet normal 0 0 -1
    outer loop
      vertex 128.33056474185915 4.0583048801543695 20.25
      vertex 127.91674372335291 4.3652154645883625 20.25
      vertex 171.66943525814085 4.0583048801543695 20.25
    endloop
  endfacet
  facet normal 0 0 -1
    outer loop
      vertex 127.91674372335291 4.3652154645883625 20.25
      vertex 127.47483286833649 4.630086637828864 20.25
      vertex 172.0832562766471 4.3652154645883625 20.25
    endloop
  endfacet
  facet normal 0 0 -1
    outer loop
      vertex 127.00908801991672 4.850367545684255 20.25
      vertex 126.52399455558593 5.023936762594096 20.25
      vertex 172.99091198008327 4.850367545684255 20.25
    endloop
  endfacet
  facet normal -0.9987954562051723 -0.049067674327419195 0
    outer loop
      vertex 130.25 0 25.25
      vertex 130.22471981502903 0.5145899867301932 25.25
      vertex 130.22471981502903 0.5145899867301932 20.25
    endloop
  endfacet
  facet normal -0.9891765099647843 -0.1467304744553397 0
    outer loop
      vertex 130.22471981502903 0.5145899867301932 25.25
      vertex 130.14912272211697 1.0242241905846734 25.25
      vertex 130.14912272211697 1.0242241905846734 20.25
    endloop
  endfacet
  facet normal -0.9700312531945424 -0.2429801799032699 0
    outer loop
      vertex 130.14912272211697 1.0242241905846734 25.25
      vertex 130.0239367625941 1.5239945555859273 25.25
      vertex 130.0239367625941 1.5239945555859273 20.25
    endloop
  endfacet
  facet normal -0.9415440651830216 -0.336889853392218 0
    outer loop
      vertex 130.0239367625941 1.5239945555859273 25.25
      vertex 129.85036754568426 2.0090880199167214 25.25
      vertex 129.85036754568426 2.0090880199167214 20.25
    endloop
  endfacet
  facet normal -0.9039892931234393 -0.4275550934302905 0
    outer loop
      vertex 129.85036754568426 2.0090880199167214 25.25
      vertex 129.63008663782887 2.4748328683364877 25.25
      vertex 129.63008663782887 2.4748328683364877 20.25
    endloop
  endfacet
  facet normal -0.8577286100002787 -0.5141027441932108 0
    outer loop
      vertex 129.63008663782887 2.4748328683364877 25.25
      vertex 129.36521546458837 2.916743723352911 25.25
      vertex 129.36521546458837 2.916743723352911 20.25
    endloop
  endfacet
  facet normal -0.5956993044924204 -0.8032075314806545 0
    outer loop
      vertex 127.91674372335291 4.3652154645883625 25.25
      vertex 127.91674372335291 4.3652154645883625 20.25
      vertex 128.33056474185915 4.0583048801543695 25.25
    endloop
  endfacet
  facet normal -0.5141027441932279 -0.8577286100002685 0
    outer loop
      vertex 127.47483286833649 4.630086637828864 25.25
      vertex 127.47483286833649 4.630086637828864 20.25
      vertex 127.91674372335291 4.3652154645883625 25.25
    endloop
  endfacet
  facet normal -0.8032075314806324 -0.5956993044924501 0
    outer loop
      vertex 129.36521546458837 2.916743723352911 25.25
      vertex 129.05830488015437 3.330564741859139 25.25
      vertex 129.05830488015437 3.330564741859139 20.25
    endloop
  endfacet
  facet normal -0.7409511253549629 -0.6715589548470142 0
    outer loop
      vertex 129.05830488015437 3.330564741859139 25.25
      vertex 128.71231060122938 3.7123106012293747 25.25
      vertex 128.71231060122938 3.7123106012293747 20.25
    endloop
  endfacet
  facet normal -0.671558954847027 -0.7409511253549512 0
    outer loop
      vertex 128.33056474185915 4.0583048801543695 25.25
      vertex 128.33056474185915 4.0583048801543695 20.25
      vertex 128.71231060122938 3.7123106012293747 25.25
    endloop
  endfacet
  facet normal -0.24298017990326506 -0.9700312531945438 0
    outer loop
      vertex 126.02422419058468 5.14912272211696 25.25
      vertex 126.02422419058468 5.14912272211696 20.25
      vertex 126.52399455558593 5.023936762594096 25.25
    endloop
  endfacet
  facet normal -0.3368898533922232 -0.9415440651830196 0
    outer loop
      vertex 126.52399455558593 5.023936762594096 25.25
      vertex 126.52399455558593 5.023936762594096 20.25
      vertex 127.00908801991672 4.850367545684255 25.25
    endloop
  endfacet
  facet normal -0.14673047445535914 -0.9891765099647812 0
    outer loop
      vertex 125.51458998673019 5.224719815029034 25.25
      vertex 125.51458998673019 5.224719815029034 20.25
      vertex 126.02422419058468 5.14912272211696 25.25
    endloop
  endfacet
  facet normal -0.4275550934302761 -0.9039892931234461 0
    outer loop
      vertex 127.00908801991672 4.850367545684255 25.25
      vertex 127.00908801991672 4.850367545684255 20.25
      vertex 127.47483286833649 4.630086637828864 25.25
    endloop
  endfacet
  facet normal 0 0 1
    outer loop
      vertex 130.25 0 25.25
      vertex 169.77528018497097 0.5145899867301932 25.25
      vertex 130.22471981502903 0.5145899867301932 25.25
    endloop
  endfacet
  facet normal 0 0 1
    outer loop
      vertex 130.22471981502903 0.5145899867301932 25.25
      vertex 169.85087727788303 1.0242241905846734 25.25
      vertex 130.14912272211697 1.0242241905846734 25.25
    endloop
  endfacet
  facet normal 0 0 1
    outer loop
      vertex 130.14912272211697 1.0242241905846734 25.25
      vertex 169.9760632374059 1.5239945555859273 25.25
      vertex 130.0239367625941 1.5239945555859273 25.25
    endloop
  endfacet
  facet normal 0 0 1
    outer loop
      vertex 130.0239367625941 1.5239945555859273 25.25
      vertex 170.14963245431574 2.0090880199167214 25.25
      vertex 129.85036754568426 2.0090880199167214 25.25
    endloop
  endfacet
  facet normal 0 0 1
    outer loop
      vertex 129.85036754568426 2.0090880199167214 25.25
      vertex 170.36991336217113 2.4748328683364877 25.25
      vertex 129.63008663782887 2.4748328683364877 25.25
    endloop
  endfacet
  facet normal 0 0 1
    outer loop
      vertex 129.63008663782887 2.4748328683364877 25.25
      vertex 170.63478453541163 2.916743723352911 25.25
      vertex 129.36521546458837 2.916743723352911 25.25
    endloop
  endfacet
  facet normal 0 0 1
    outer loop
      vertex 129.36521546458837 2.916743723352911 25.25
      vertex 170.94169511984563 3.330564741859139 25.25
      vertex 129.05830488015437 3.330564741859139 25.25
    endloop
  endfacet
  facet normal 0 0 1
    outer loop
      vertex 129.05830488015437 3.330564741859139 25.25
      vertex 171.28768939877062 3.7123106012293747 25.25
      vertex 128.71231060122938 3.7123106012293747 25.25
    endloop
  endfacet
  facet normal 0 0 1
    outer loop
      vertex 128.33056474185915 4.0583048801543695 25.25
      vertex 128.71231060122938 3.7123106012293747 25.25
      vertex 171.66943525814085 4.0583048801543695 25.25
    endloop
  endfacet
  facet normal 0 0 1
    outer loop
      vertex 172.0832562766471 4.3652154645883625 25.25
      vertex 127.91674372335291 4.3652154645883625 25.25
      vertex 128.33056474185915 4.0583048801543695 25.25
    endloop
  endfacet
  facet normal 0 0 1
    outer loop
      vertex 172.0832562766471 4.3652154645883625 25.25
      vertex 127.47483286833649 4.630086637828864 25.25
      vertex 127.91674372335291 4.3652154645883625 25.25
    endloop
  endfacet
  facet normal 0 0 -1
    outer loop
      vertex 100.25 20.25 20.25
      vertex 173.47600544441408 5.023936762594096 20.25
      vertex 126.52399455558593 5.023936762594096 20.25
    endloop
  endfacet
  facet normal 0 0 -1
    outer loop
      vertex 100.25 20.25 20.25
      vertex 173.97577580941532 5.14912272211696 20.25
      vertex 173.47600544441408 5.023936762594096 20.25
    endloop
  endfacet
  facet normal 0 0 -1
    outer loop
      vertex 100.25 20.25 20.25
      vertex 174.4854100132698 5.224719815029034 20.25
      vertex 173.97577580941532 5.14912272211696 20.25
    endloop
  endfacet
  facet normal 0 0 -1
    outer loop
      vertex 100.25 20.25 20.25
      vertex 175 5.25 20.25
      vertex 174.4854100132698 5.224719815029034 20.25
    endloop
  endfacet
  facet normal 0 0 1
    outer loop
      vertex 100.25 20.25 25.25
      vertex 127.47483286833649 4.630086637828864 25.25
      vertex 172.0832562766471 4.3652154645883625 25.25
    endloop
  endfacet
  facet normal 0 0 1
    outer loop
      vertex 100.25 25.25 25.25
      vertex 172.0832562766471 4.3652154645883625 25.25
      vertex 172.52516713166352 4.630086637828864 25.25
    endloop
  endfacet
  facet normal 0 0 1
    outer loop
      vertex 100.25 25.25 25.25
      vertex 172.52516713166352 4.630086637828864 25.25
      vertex 172.99091198008327 4.850367545684255 25.25
    endloop
  endfacet
  facet normal 0 0 1
    outer loop
      vertex 100.25 25.25 25.25
      vertex 172.99091198008327 4.850367545684255 25.25
      vertex 173.47600544441408 5.023936762594096 25.25
    endloop
  endfacet
  facet normal 0 0 1
    outer loop
      vertex 100.25 25.25 25.25
      vertex 173.47600544441408 5.023936762594096 25.25
      vertex 173.97577580941532 5.14912272211696 25.25
    endloop
  endfacet
  facet normal 0 0 1
    outer loop
      vertex 100.25 25.25 25.25
      vertex 173.97577580941532 5.14912272211696 25.25
      vertex 174.4854100132698 5.224719815029034 25.25
    endloop
  endfacet
  facet normal 0 0 1
    outer loop
      vertex 100.25 25.25 25.25
      vertex 174.4854100132698 5.224719815029034 25.25
      vertex 175 5.25 25.25
    endloop
  endfacet
  facet normal -1 0 0
    outer loop
      vertex 100.25 20.25 0.25
      vertex 100.25 20.25 20.25
      vertex 100.25 25.25 25.25
    endloop
  endfacet
  facet normal 0 0 1
    outer loop
      vertex 100.25 20.25 25.25
      vertex 172.0832562766471 4.3652154645883625 25.25
      vertex 100.25 25.25 25.25
    endloop
  endfacet
  facet normal -1 0 0
    outer loop
      vertex 100.25 20.25 20.25
      vertex 100.25 20.25 25.25
      vertex 100.25 25.25 25.25
    endloop
  endfacet
  facet normal 0 0 -1
    outer loop
      vertex 130.22471981502903 0.5145899867301932 20.25
      vertex 169.77528018497097 0.5145899867301932 20.25
      vertex 169.75 0 20.25
    endloop
  endfacet
  facet normal 0 0 -1
    outer loop
      vertex 130.14912272211697 1.0242241905846734 20.25
      vertex 169.85087727788303 1.0242241905846734 20.25
      vertex 169.77528018497097 0.5145899867301932 20.25
    endloop
  endfacet
  facet normal 0 0 -1
    outer loop
      vertex 130.0239367625941 1.5239945555859273 20.25
      vertex 169.9760632374059 1.5239945555859273 20.25
      vertex 169.85087727788303 1.0242241905846734 20.25
    endloop
  endfacet
  facet normal 0 0 -1
    outer loop
      vertex 129.85036754568426 2.0090880199167214 20.25
      vertex 170.14963245431574 2.0090880199167214 20.25
      vertex 169.9760632374059 1.5239945555859273 20.25
    endloop
  endfacet
  facet normal 0 0 -1
    outer loop
      vertex 129.63008663782887 2.4748328683364877 20.25
      vertex 170.36991336217113 2.4748328683364877 20.25
      vertex 170.14963245431574 2.0090880199167214 20.25
    endloop
  endfacet
  facet normal 0 0 -1
    outer loop
      vertex 129.36521546458837 2.916743723352911 20.25
      vertex 170.63478453541163 2.916743723352911 20.25
      vertex 170.36991336217113 2.4748328683364877 20.25
    endloop
  endfacet
  facet normal 0 0 -1
    outer loop
      vertex 129.05830488015437 3.330564741859139 20.25
      vertex 170.94169511984563 3.330564741859139 20.25
      vertex 170.63478453541163 2.916743723352911 20.25
    endloop
  endfacet
  facet normal 0 0 -1
    outer loop
      vertex 128.71231060122938 3.7123106012293747 20.25
      vertex 171.28768939877062 3.7123106012293747 20.25
      vertex 170.94169511984563 3.330564741859139 20.25
    endloop
  endfacet
  facet normal 0 0 -1
    outer loop
      vertex 128.33056474185915 4.0583048801543695 20.25
      vertex 171.66943525814085 4.0583048801543695 20.25
      vertex 171.28768939877062 3.7123106012293747 20.25
    endloop
  endfacet
  facet normal 0 0 -1
    outer loop
      vertex 127.91674372335291 4.3652154645883625 20.25
      vertex 172.0832562766471 4.3652154645883625 20.25
      vertex 171.66943525814085 4.0583048801543695 20.25
    endloop
  endfacet
  facet normal 0 0 -1
    outer loop
      vertex 127.47483286833649 4.630086637828864 20.25
      vertex 172.52516713166352 4.630086637828864 20.25
      vertex 172.0832562766471 4.3652154645883625 20.25
    endloop
  endfacet
  facet normal 0 0 -1
    outer loop
      vertex 127.00908801991672 4.850367545684255 20.25
      vertex 172.99091198008327 4.850367545684255 20.25
      vertex 172.52516713166352 4.630086637828864 20.25
    endloop
  endfacet
  facet normal 0 0 -1
    outer loop
      vertex 126.52399455558593 5.023936762594096 20.25
      vertex 173.47600544441408 5.023936762594096 20.25
      vertex 172.99091198008327 4.850367545684255 20.25
    endloop
  endfacet
  facet normal 0.9987954562051723 -0.049067674327419195 0
    outer loop
      vertex 169.77528018497097 0.5145899867301932 25.25
      vertex 169.75 0 20.25
      vertex 169.77528018497097 0.5145899867301932 20.25
    endloop
  endfacet
  facet normal 0.9891765099647843 -0.1467304744553397 0
    outer loop
      vertex 169.85087727788303 1.0242241905846734 25.25
      vertex 169.77528018497097 0.5145899867301932 20.25
      vertex 169.85087727788303 1.0242241905846734 20.25
    endloop
  endfacet
  facet normal 0.9700312531945424 -0.2429801799032699 0
    outer loop
      vertex 169.9760632374059 1.5239945555859273 25.25
      vertex 169.85087727788303 1.0242241905846734 20.25
      vertex 169.9760632374059 1.5239945555859273 20.25
    endloop
  endfacet
  facet normal 0.9415440651830216 -0.336889853392218 0
    outer loop
      vertex 170.14963245431574 2.0090880199167214 25.25
      vertex 169.9760632374059 1.5239945555859273 20.25
      vertex 170.14963245431574 2.0090880199167214 20.25
    endloop
  endfacet
  facet normal 0.9039892931234393 -0.4275550934302905 0
    outer loop
      vertex 170.36991336217113 2.4748328683364877 25.25
      vertex 170.14963245431574 2.0090880199167214 20.25
      vertex 170.36991336217113 2.4748328683364877 20.25
    endloop
  endfacet
  facet normal 0.8577286100002787 -0.5141027441932108 0
    outer loop
      vertex 170.63478453541163 2.916743723352911 25.25
      vertex 170.36991336217113 2.4748328683364877 20.25
      vertex 170.63478453541163 2.916743723352911 20.25
    endloop
  endfacet
  facet normal 0.8032075314806324 -0.5956993044924501 0
    outer loop
      vertex 170.94169511984563 3.330564741859139 25.25
      vertex 170.63478453541163 2.916743723352911 20.25
      vertex 170.94169511984563 3.330564741859139 20.25
    endloop
  endfacet
  facet normal 0.7409511253549629 -0.6715589548470142 0
    outer loop
      vertex 171.28768939877062 3.7123106012293747 25.25
      vertex 170.94169511984563 3.330564741859139 20.25
      vertex 171.28768939877062 3.7123106012293747 20.25
    endloop
  endfacet
  facet normal 0.671558954847027 -0.7409511253549512 0
    outer loop
      vertex 171.66943525814085 4.0583048801543695 25.25
      vertex 171.28768939877062 3.7123106012293747 20.25
      vertex 171.66943525814085 4.0583048801543695 20.25
    endloop
  endfacet
  facet normal 0.5956993044924204 -0.8032075314806545 0
    outer loop
      vertex 172.0832562766471 4.3652154645883625 20.25
      vertex 172.0832562766471 4.3652154645883625 25.25
      vertex 171.66943525814085 4.0583048801543695 20.25
    endloop
  endfacet
  facet normal 0.5141027441932157 -0.8577286100002757 0
    outer loop
      vertex 172.52516713166352 4.630086637828864 20.25
      vertex 172.52516713166352 4.630086637828864 25.25
      vertex 172.0832562766471 4.3652154645883625 20.25
    endloop
  endfacet
  facet normal 0.42755509343029735 -0.903989293123436 0
    outer loop
      vertex 172.99091198008327 4.850367545684255 20.25
      vertex 172.99091198008327 4.850367545684255 25.25
      vertex 172.52516713166352 4.630086637828864 20.25
    endloop
  endfacet
  facet normal 0.33688985339220573 -0.9415440651830259 0
    outer loop
      vertex 173.47600544441408 5.023936762594096 20.25
      vertex 173.47600544441408 5.023936762594096 25.25
      vertex 172.99091198008327 4.850367545684255 20.25
    endloop
  endfacet
  facet normal 0.24298017990327156 -0.9700312531945421 0
    outer loop
      vertex 173.97577580941532 5.14912272211696 20.25
      vertex 173.97577580941532 5.14912272211696 25.25
      vertex 173.47600544441408 5.023936762594096 20.25
    endloop
  endfacet
  facet normal 0.14673047445535914 -0.9891765099647812 0
    outer loop
      vertex 174.4854100132698 5.224719815029034 20.25
      vertex 174.4854100132698 5.224719815029034 25.25
      vertex 173.97577580941532 5.14912272211696 20.25
    endloop
  endfacet
  facet normal 0.04906767432741812 -0.9987954562051724 0
    outer loop
      vertex 175 5.25 20.25
      vertex 175 5.25 25.25
      vertex 174.4854100132698 5.224719815029034 20.25
    endloop
  endfacet
  facet normal 0 0 1
    outer loop
      vertex 130.25 0 25.25
      vertex 169.75 0 25.25
      vertex 169.77528018497097 0.5145899867301932 25.25
    endloop
  endfacet
  facet normal 0 0 1
    outer loop
      vertex 169.85087727788303 1.0242241905846734 25.25
      vertex 130.22471981502903 0.5145899867301932 25.25
      vertex 169.77528018497097 0.5145899867301932 25.25
    endloop
  endfacet
  facet normal 0 0 1
    outer loop
      vertex 130.14912272211697 1.0242241905846734 25.25
      vertex 169.85087727788303 1.0242241905846734 25.25
      vertex 169.9760632374059 1.5239945555859273 25.25
    endloop
  endfacet
  facet normal 0 0 1
    outer loop
      vertex 130.0239367625941 1.5239945555859273 25.25
      vertex 169.9760632374059 1.5239945555859273 25.25
      vertex 170.14963245431574 2.0090880199167214 25.25
    endloop
  endfacet
  facet normal 0 0 1
    outer loop
      vertex 129.85036754568426 2.0090880199167214 25.25
      vertex 170.14963245431574 2.0090880199167214 25.25
      vertex 170.36991336217113 2.4748328683364877 25.25
    endloop
  endfacet
  facet normal 0 0 1
    outer loop
      vertex 170.63478453541163 2.916743723352911 25.25
      vertex 129.63008663782887 2.4748328683364877 25.25
      vertex 170.36991336217113 2.4748328683364877 25.25
    endloop
  endfacet
  facet normal 0 0 1
    outer loop
      vertex 129.36521546458837 2.916743723352911 25.25
      vertex 170.63478453541163 2.916743723352911 25.25
      vertex 170.94169511984563 3.330564741859139 25.25
    endloop
  endfacet
  facet normal 0 0 1
    outer loop
      vertex 129.05830488015437 3.330564741859139 25.25
      vertex 170.94169511984563 3.330564741859139 25.25
      vertex 171.28768939877062 3.7123106012293747 25.25
    endloop
  endfacet
  facet normal 0 0 1
    outer loop
      vertex 171.28768939877062 3.7123106012293747 25.25
      vertex 171.66943525814085 4.0583048801543695 25.25
      vertex 128.71231060122938 3.7123106012293747 25.25
    endloop
  endfacet
  facet normal 0 0 1
    outer loop
      vertex 171.66943525814085 4.0583048801543695 25.25
      vertex 172.0832562766471 4.3652154645883625 25.25
      vertex 128.33056474185915 4.0583048801543695 25.25
    endloop
  endfacet
  facet normal 0.9987954562051723 -0.049067674327419195 0
    outer loop
      vertex 169.77528018497097 0.5145899867301932 25.25
      vertex 169.75 0 25.25
      vertex 169.75 0 20.25
    endloop
  endfacet
  facet normal 0.9891765099647843 -0.1467304744553397 0
    outer loop
      vertex 169.85087727788303 1.0242241905846734 25.25
      vertex 169.77528018497097 0.5145899867301932 25.25
      vertex 169.77528018497097 0.5145899867301932 20.25
    endloop
  endfacet
  facet normal 0.9700312531945424 -0.2429801799032699 0
    outer loop
      vertex 169.9760632374059 1.5239945555859273 25.25
      vertex 169.85087727788303 1.0242241905846734 25.25
      vertex 169.85087727788303 1.0242241905846734 20.25
    endloop
  endfacet
  facet normal 0.9415440651830216 -0.336889853392218 0
    outer loop
      vertex 170.14963245431574 2.0090880199167214 25.25
      vertex 169.9760632374059 1.5239945555859273 25.25
      vertex 169.9760632374059 1.5239945555859273 20.25
    endloop
  endfacet
  facet normal 0.9039892931234393 -0.4275550934302905 0
    outer loop
      vertex 170.36991336217113 2.4748328683364877 25.25
      vertex 170.14963245431574 2.0090880199167214 25.25
      vertex 170.14963245431574 2.0090880199167214 20.25
    endloop
  endfacet
  facet normal 0.8577286100002787 -0.5141027441932108 0
    outer loop
      vertex 170.63478453541163 2.916743723352911 25.25
      vertex 170.36991336217113 2.4748328683364877 25.25
      vertex 170.36991336217113 2.4748328683364877 20.25
    endloop
  endfacet
  facet normal 0.8032075314806324 -0.5956993044924501 0
    outer loop
      vertex 170.94169511984563 3.330564741859139 25.25
      vertex 170.63478453541163 2.916743723352911 25.25
      vertex 170.63478453541163 2.916743723352911 20.25
    endloop
  endfacet
  facet normal 0.7409511253549629 -0.6715589548470142 0
    outer loop
      vertex 171.28768939877062 3.7123106012293747 25.25
      vertex 170.94169511984563 3.330564741859139 25.25
      vertex 170.94169511984563 3.330564741859139 20.25
    endloop
  endfacet
  facet normal 0.671558954847027 -0.7409511253549512 0
    outer loop
      vertex 171.28768939877062 3.7123106012293747 25.25
      vertex 171.28768939877062 3.7123106012293747 20.25
      vertex 171.66943525814085 4.0583048801543695 25.25
    endloop
  endfacet
  facet normal 0.5956993044924204 -0.8032075314806545 0
    outer loop
      vertex 171.66943525814085 4.0583048801543695 25.25
      vertex 171.66943525814085 4.0583048801543695 20.25
      vertex 172.0832562766471 4.3652154645883625 25.25
    endloop
  endfacet
  facet normal 0.5141027441932157 -0.8577286100002757 0
    outer loop
      vertex 172.0832562766471 4.3652154645883625 20.25
      vertex 172.52516713166352 4.630086637828864 25.25
      vertex 172.0832562766471 4.3652154645883625 25.25
    endloop
  endfacet
  facet normal 0.42755509343029735 -0.903989293123436 0
    outer loop
      vertex 172.52516713166352 4.630086637828864 20.25
      vertex 172.99091198008327 4.850367545684255 25.25
      vertex 172.52516713166352 4.630086637828864 25.25
    endloop
  endfacet
  facet normal 0.33688985339220573 -0.9415440651830259 0
    outer loop
      vertex 172.99091198008327 4.850367545684255 20.25
      vertex 173.47600544441408 5.023936762594096 25.25
      vertex 172.99091198008327 4.850367545684255 25.25
    endloop
  endfacet
  facet normal 0.24298017990327156 -0.9700312531945421 0
    outer loop
      vertex 173.47600544441408 5.023936762594096 20.25
      vertex 173.97577580941532 5.14912272211696 25.25
      vertex 173.47600544441408 5.023936762594096 25.25
    endloop
  endfacet
  facet normal 0.14673047445535914 -0.9891765099647812 0
    outer loop
      vertex 173.97577580941532 5.14912272211696 20.25
      vertex 174.4854100132698 5.224719815029034 25.25
      vertex 173.97577580941532 5.14912272211696 25.25
    endloop
  endfacet
  facet normal 0.04906767432741812 -0.9987954562051724 0
    outer loop
      vertex 174.4854100132698 5.224719815029034 20.25
      vertex 175 5.25 25.25
      vertex 174.4854100132698 5.224719815029034 25.25
    endloop
  endfacet
  facet normal -0.04906767432741812 -0.9987954562051724 0
    outer loop
      vertex 175 5.25 20.25
      vertex 175.5145899867302 5.224719815029034 25.25
      vertex 175 5.25 25.25
    endloop
  endfacet
  facet normal 0 0 -1
    outer loop
      vertex 100.25 20.25 20.25
      vertex 223.47600544441408 5.023936762594096 20.25
      vertex 175 5.25 20.25
    endloop
  endfacet
  facet normal 0 0 1
    outer loop
      vertex 100.25 25.25 25.25
      vertex 175 5.25 25.25
      vertex 175.5145899867302 5.224719815029034 25.25
    endloop
  endfacet
  facet normal 0 0 1
    outer loop
      vertex 100.25 25.25 25.25
      vertex 175.5145899867302 5.224719815029034 25.25
      vertex 176.02422419058468 5.14912272211696 25.25
    endloop
  endfacet
  facet normal -0.9987954562051723 -0.049067674327419195 0
    outer loop
      vertex 180.25 0 20.25
      vertex 180.25 0 25.25
      vertex 180.22471981502903 0.5145899867301932 20.25
    endloop
  endfacet
  facet normal -0.9891765099647843 -0.1467304744553397 0
    outer loop
      vertex 180.22471981502903 0.5145899867301932 25.25
      vertex 180.14912272211697 1.0242241905846734 20.25
      vertex 180.22471981502903 0.5145899867301932 20.25
    endloop
  endfacet
  facet normal -0.9700312531945424 -0.2429801799032699 0
    outer loop
      vertex 180.14912272211697 1.0242241905846734 25.25
      vertex 180.0239367625941 1.5239945555859273 20.25
      vertex 180.14912272211697 1.0242241905846734 20.25
    endloop
  endfacet
  facet normal -0.9039892931234393 -0.4275550934302905 0
    outer loop
      vertex 179.85036754568426 2.0090880199167214 25.25
      vertex 179.63008663782887 2.4748328683364877 20.25
      vertex 179.85036754568426 2.0090880199167214 20.25
    endloop
  endfacet
  facet normal -0.9415440651830216 -0.336889853392218 0
    outer loop
      vertex 180.0239367625941 1.5239945555859273 25.25
      vertex 179.85036754568426 2.0090880199167214 20.25
      vertex 180.0239367625941 1.5239945555859273 20.25
    endloop
  endfacet
  facet normal -0.8577286100002787 -0.5141027441932108 0
    outer loop
      vertex 179.36521546458837 2.916743723352911 20.25
      vertex 179.63008663782887 2.4748328683364877 20.25
      vertex 179.63008663782887 2.4748328683364877 25.25
    endloop
  endfacet
  facet normal -0.8032075314806324 -0.5956993044924501 0
    outer loop
      vertex 179.05830488015437 3.330564741859139 20.25
      vertex 179.36521546458837 2.916743723352911 20.25
      vertex 179.36521546458837 2.916743723352911 25.25
    endloop
  endfacet
  facet normal -0.5956993044924204 -0.8032075314806545 0
    outer loop
      vertex 178.33056474185915 4.0583048801543695 20.25
      vertex 178.33056474185915 4.0583048801543695 25.25
      vertex 177.9167437233529 4.3652154645883625 20.25
    endloop
  endfacet
  facet normal -0.42755509343029735 -0.903989293123436 0
    outer loop
      vertex 177.47483286833648 4.630086637828864 20.25
      vertex 177.47483286833648 4.630086637828864 25.25
      vertex 177.00908801991673 4.850367545684255 20.25
    endloop
  endfacet
  facet normal -0.5141027441932157 -0.8577286100002757 0
    outer loop
      vertex 177.9167437233529 4.3652154645883625 20.25
      vertex 177.9167437233529 4.3652154645883625 25.25
      vertex 177.47483286833648 4.630086637828864 20.25
    endloop
  endfacet
  facet normal -0.7409511253549629 -0.6715589548470142 0
    outer loop
      vertex 178.71231060122938 3.7123106012293747 20.25
      vertex 179.05830488015437 3.330564741859139 20.25
      vertex 179.05830488015437 3.330564741859139 25.25
    endloop
  endfacet
  facet normal -0.671558954847027 -0.7409511253549512 0
    outer loop
      vertex 178.71231060122938 3.7123106012293747 20.25
      vertex 178.71231060122938 3.7123106012293747 25.25
      vertex 178.33056474185915 4.0583048801543695 20.25
    endloop
  endfacet
  facet normal -0.24298017990327156 -0.9700312531945421 0
    outer loop
      vertex 176.52399455558592 5.023936762594096 20.25
      vertex 176.52399455558592 5.023936762594096 25.25
      vertex 176.02422419058468 5.14912272211696 20.25
    endloop
  endfacet
  facet normal -0.04906767432741812 -0.9987954562051724 0
    outer loop
      vertex 175.5145899867302 5.224719815029034 20.25
      vertex 175.5145899867302 5.224719815029034 25.25
      vertex 175 5.25 20.25
    endloop
  endfacet
  facet normal -0.14673047445535914 -0.9891765099647812 0
    outer loop
      vertex 176.02422419058468 5.14912272211696 20.25
      vertex 176.02422419058468 5.14912272211696 25.25
      vertex 175.5145899867302 5.224719815029034 20.25
    endloop
  endfacet
  facet normal -0.33688985339220573 -0.9415440651830259 0
    outer loop
      vertex 177.00908801991673 4.850367545684255 20.25
      vertex 177.00908801991673 4.850367545684255 25.25
      vertex 176.52399455558592 5.023936762594096 20.25
    endloop
  endfacet
  facet normal 0 0 -1
    outer loop
      vertex 222.0832562766471 4.3652154645883625 20.25
      vertex 179.85036754568426 -2.0090880199167214 20.25
      vertex 180.0239367625941 -1.5239945555859273 20.25
    endloop
  endfacet
  facet normal 0 0 -1
    outer loop
      vertex 222.0832562766471 4.3652154645883625 20.25
      vertex 180.0239367625941 1.5239945555859273 20.25
      vertex 179.85036754568426 2.0090880199167214 20.25
    endloop
  endfacet
  facet normal 0 0 -1
    outer loop
      vertex 222.0832562766471 4.3652154645883625 20.25
      vertex 179.85036754568426 2.0090880199167214 20.25
      vertex 179.63008663782887 2.4748328683364877 20.25
    endloop
  endfacet
  facet normal 0 0 -1
    outer loop
      vertex 222.0832562766471 4.3652154645883625 20.25
      vertex 180.0239367625941 -1.5239945555859273 20.25
      vertex 180.14912272211697 -1.0242241905846734 20.25
    endloop
  endfacet
  facet normal 0 0 -1
    outer loop
      vertex 222.0832562766471 4.3652154645883625 20.25
      vertex 180.14912272211697 -1.0242241905846734 20.25
      vertex 180.22471981502903 -0.5145899867301932 20.25
    endloop
  endfacet
  facet normal 0 0 -1
    outer loop
      vertex 222.0832562766471 4.3652154645883625 20.25
      vertex 180.22471981502903 -0.5145899867301932 20.25
      vertex 180.25 0 20.25
    endloop
  endfacet
  facet normal 0 0 -1
    outer loop
      vertex 222.0832562766471 4.3652154645883625 20.25
      vertex 180.25 0 20.25
      vertex 180.22471981502903 0.5145899867301932 20.25
    endloop
  endfacet
  facet normal 0 0 -1
    outer loop
      vertex 222.0832562766471 4.3652154645883625 20.25
      vertex 180.22471981502903 0.5145899867301932 20.25
      vertex 180.14912272211697 1.0242241905846734 20.25
    endloop
  endfacet
  facet normal 0 0 -1
    outer loop
      vertex 222.0832562766471 4.3652154645883625 20.25
      vertex 180.14912272211697 1.0242241905846734 20.25
      vertex 180.0239367625941 1.5239945555859273 20.25
    endloop
  endfacet
  facet normal 0 0 -1
    outer loop
      vertex 222.0832562766471 4.3652154645883625 20.25
      vertex 179.63008663782887 2.4748328683364877 20.25
      vertex 179.36521546458837 2.916743723352911 20.25
    endloop
  endfacet
  facet normal 0 0 -1
    outer loop
      vertex 222.0832562766471 4.3652154645883625 20.25
      vertex 179.36521546458837 2.916743723352911 20.25
      vertex 179.05830488015437 3.330564741859139 20.25
    endloop
  endfacet
  facet normal 0 0 -1
    outer loop
      vertex 222.0832562766471 4.3652154645883625 20.25
      vertex 179.05830488015437 3.330564741859139 20.25
      vertex 178.71231060122938 3.7123106012293747 20.25
    endloop
  endfacet
  facet normal 0 0 -1
    outer loop
      vertex 177.47483286833648 4.630086637828864 20.25
      vertex 177.00908801991673 4.850367545684255 20.25
      vertex 222.52516713166352 4.630086637828864 20.25
    endloop
  endfacet
  facet normal 0 0 -1
    outer loop
      vertex 222.0832562766471 4.3652154645883625 20.25
      vertex 178.71231060122938 3.7123106012293747 20.25
      vertex 178.33056474185915 4.0583048801543695 20.25
    endloop
  endfacet
  facet normal 0 0 -1
    outer loop
      vertex 222.0832562766471 4.3652154645883625 20.25
      vertex 178.33056474185915 4.0583048801543695 20.25
      vertex 177.9167437233529 4.3652154645883625 20.25
    endloop
  endfacet
  facet normal 0 0 -1
    outer loop
      vertex 222.0832562766471 4.3652154645883625 20.25
      vertex 177.9167437233529 4.3652154645883625 20.25
      vertex 177.47483286833648 4.630086637828864 20.25
    endloop
  endfacet
  facet normal 0 0 -1
    outer loop
      vertex 177.00908801991673 4.850367545684255 20.25
      vertex 176.52399455558592 5.023936762594096 20.25
      vertex 222.99091198008327 4.850367545684255 20.25
    endloop
  endfacet
  facet normal 0 0 -1
    outer loop
      vertex 176.52399455558592 5.023936762594096 20.25
      vertex 176.02422419058468 5.14912272211696 20.25
      vertex 223.47600544441408 5.023936762594096 20.25
    endloop
  endfacet
  facet normal 0 0 -1
    outer loop
      vertex 175.5145899867302 5.224719815029034 20.25
      vertex 175 5.25 20.25
      vertex 223.47600544441408 5.023936762594096 20.25
    endloop
  endfacet
  facet normal 0 0 -1
    outer loop
      vertex 176.02422419058468 5.14912272211696 20.25
      vertex 175.5145899867302 5.224719815029034 20.25
      vertex 223.47600544441408 5.023936762594096 20.25
    endloop
  endfacet
  facet normal -0.9987954562051723 -0.049067674327419195 0
    outer loop
      vertex 180.25 0 25.25
      vertex 180.22471981502903 0.5145899867301932 25.25
      vertex 180.22471981502903 0.5145899867301932 20.25
    endloop
  endfacet
  facet normal -0.9891765099647843 -0.1467304744553397 0
    outer loop
      vertex 180.22471981502903 0.5145899867301932 25.25
      vertex 180.14912272211697 1.0242241905846734 25.25
      vertex 180.14912272211697 1.0242241905846734 20.25
    endloop
  endfacet
  facet normal -0.9700312531945424 -0.2429801799032699 0
    outer loop
      vertex 180.14912272211697 1.0242241905846734 25.25
      vertex 180.0239367625941 1.5239945555859273 25.25
      vertex 180.0239367625941 1.5239945555859273 20.25
    endloop
  endfacet
  facet normal -0.9415440651830216 -0.336889853392218 0
    outer loop
      vertex 180.0239367625941 1.5239945555859273 25.25
      vertex 179.85036754568426 2.0090880199167214 25.25
      vertex 179.85036754568426 2.0090880199167214 20.25
    endloop
  endfacet
  facet normal -0.9039892931234393 -0.4275550934302905 0
    outer loop
      vertex 179.85036754568426 2.0090880199167214 25.25
      vertex 179.63008663782887 2.4748328683364877 25.25
      vertex 179.63008663782887 2.4748328683364877 20.25
    endloop
  endfacet
  facet normal -0.8577286100002787 -0.5141027441932108 0
    outer loop
      vertex 179.36521546458837 2.916743723352911 20.25
      vertex 179.63008663782887 2.4748328683364877 25.25
      vertex 179.36521546458837 2.916743723352911 25.25
    endloop
  endfacet
  facet normal -0.5956993044924204 -0.8032075314806545 0
    outer loop
      vertex 177.9167437233529 4.3652154645883625 20.25
      vertex 178.33056474185915 4.0583048801543695 25.25
      vertex 177.9167437233529 4.3652154645883625 25.25
    endloop
  endfacet
  facet normal -0.5141027441932157 -0.8577286100002757 0
    outer loop
      vertex 177.47483286833648 4.630086637828864 20.25
      vertex 177.9167437233529 4.3652154645883625 25.25
      vertex 177.47483286833648 4.630086637828864 25.25
    endloop
  endfacet
  facet normal -0.8032075314806324 -0.5956993044924501 0
    outer loop
      vertex 179.05830488015437 3.330564741859139 20.25
      vertex 179.36521546458837 2.916743723352911 25.25
      vertex 179.05830488015437 3.330564741859139 25.25
    endloop
  endfacet
  facet normal -0.7409511253549629 -0.6715589548470142 0
    outer loop
      vertex 178.71231060122938 3.7123106012293747 20.25
      vertex 179.05830488015437 3.330564741859139 25.25
      vertex 178.71231060122938 3.7123106012293747 25.25
    endloop
  endfacet
  facet normal -0.671558954847027 -0.7409511253549512 0
    outer loop
      vertex 178.33056474185915 4.0583048801543695 20.25
      vertex 178.71231060122938 3.7123106012293747 25.25
      vertex 178.33056474185915 4.0583048801543695 25.25
    endloop
  endfacet
  facet normal -0.24298017990327156 -0.9700312531945421 0
    outer loop
      vertex 176.02422419058468 5.14912272211696 20.25
      vertex 176.52399455558592 5.023936762594096 25.25
      vertex 176.02422419058468 5.14912272211696 25.25
    endloop
  endfacet
  facet normal -0.33688985339220573 -0.9415440651830259 0
    outer loop
      vertex 176.52399455558592 5.023936762594096 20.25
      vertex 177.00908801991673 4.850367545684255 25.25
      vertex 176.52399455558592 5.023936762594096 25.25
    endloop
  endfacet
  facet normal -0.14673047445535914 -0.9891765099647812 0
    outer loop
      vertex 175.5145899867302 5.224719815029034 20.25
      vertex 176.02422419058468 5.14912272211696 25.25
      vertex 175.5145899867302 5.224719815029034 25.25
    endloop
  endfacet
  facet normal -0.42755509343029735 -0.903989293123436 0
    outer loop
      vertex 177.00908801991673 4.850367545684255 20.25
      vertex 177.47483286833648 4.630086637828864 25.25
      vertex 177.00908801991673 4.850367545684255 25.25
    endloop
  endfacet
  facet normal 0 0 1
    outer loop
      vertex 100.25 25.25 25.25
      vertex 222.0832562766471 -4.3652154645883625 25.25
      vertex 221.66943525814085 -4.0583048801543695 25.25
    endloop
  endfacet
  facet normal 0 0 1
    outer loop
      vertex 100.25 25.25 25.25
      vertex 221.66943525814085 -4.0583048801543695 25.25
      vertex 221.28768939877062 -3.7123106012293747 25.25
    endloop
  endfacet
  facet normal 0 0 1
    outer loop
      vertex 100.25 25.25 25.25
      vertex 221.28768939877062 -3.7123106012293747 25.25
      vertex 220.94169511984563 -3.330564741859139 25.25
    endloop
  endfacet
  facet normal 0 0 1
    outer loop
      vertex 100.25 25.25 25.25
      vertex 176.02422419058468 5.14912272211696 25.25
      vertex 280.4480198019802 -20.25 25.25
    endloop
  endfacet
  facet normal 0 0 1
    outer loop
      vertex 100.25 25.25 25.25
      vertex 223.47600544441408 -5.023936762594096 25.25
      vertex 222.99091198008327 -4.850367545684255 25.25
    endloop
  endfacet
  facet normal 0 0 1
    outer loop
      vertex 100.25 25.25 25.25
      vertex 223.97577580941532 -5.14912272211696 25.25
      vertex 223.47600544441408 -5.023936762594096 25.25
    endloop
  endfacet
  facet normal 0 0 1
    outer loop
      vertex 100.25 25.25 25.25
      vertex 222.99091198008327 -4.850367545684255 25.25
      vertex 222.52516713166352 -4.630086637828864 25.25
    endloop
  endfacet
  facet normal 0 0 1
    outer loop
      vertex 100.25 25.25 25.25
      vertex 222.52516713166352 -4.630086637828864 25.25
      vertex 222.0832562766471 -4.3652154645883625 25.25
    endloop
  endfacet
  facet normal 0 0 -1
    outer loop
      vertex 100.25 20.25 20.25
      vertex 223.97577580941532 5.14912272211696 20.25
      vertex 223.47600544441408 5.023936762594096 20.25
    endloop
  endfacet
  facet normal 0 0 -1
    outer loop
      vertex 100.25 20.25 20.25
      vertex 224.4854100132698 5.224719815029034 20.25
      vertex 223.97577580941532 5.14912272211696 20.25
    endloop
  endfacet
  facet normal 0 0 -1
    outer loop
      vertex 100.25 20.25 20.25
      vertex 225 5.25 20.25
      vertex 224.4854100132698 5.224719815029034 20.25
    endloop
  endfacet
  facet normal 0 0 -1
    outer loop
      vertex 100.25 20.25 20.25
      vertex 225.5145899867302 5.224719815029034 20.25
      vertex 225 5.25 20.25
    endloop
  endfacet
  facet normal 0 0 1
    outer loop
      vertex 100.25 25.25 25.25
      vertex 220.94169511984563 -3.330564741859139 25.25
      vertex 220.63478453541163 -2.916743723352911 25.25
    endloop
  endfacet
  facet normal 0 0 1
    outer loop
      vertex 100.25 25.25 25.25
      vertex 220.63478453541163 -2.916743723352911 25.25
      vertex 220.36991336217113 -2.4748328683364877 25.25
    endloop
  endfacet
  facet normal 0 0 1
    outer loop
      vertex 100.25 25.25 25.25
      vertex 220.36991336217113 -2.4748328683364877 25.25
      vertex 220.14963245431574 -2.0090880199167214 25.25
    endloop
  endfacet
  facet normal 0 0 1
    outer loop
      vertex 100.25 25.25 25.25
      vertex 220.14963245431574 -2.0090880199167214 25.25
      vertex 219.9760632374059 -1.5239945555859273 25.25
    endloop
  endfacet
  facet normal 0 0 1
    outer loop
      vertex 100.25 25.25 25.25
      vertex 219.9760632374059 -1.5239945555859273 25.25
      vertex 219.85087727788303 -1.0242241905846734 25.25
    endloop
  endfacet
  facet normal 0 0 1
    outer loop
      vertex 100.25 25.25 25.25
      vertex 219.77528018497097 -0.5145899867301932 25.25
      vertex 219.75 0 25.25
    endloop
  endfacet
  facet normal 0 0 1
    outer loop
      vertex 100.25 25.25 25.25
      vertex 219.75 0 25.25
      vertex 219.77528018497097 0.5145899867301932 25.25
    endloop
  endfacet
  facet normal 0 0 1
    outer loop
      vertex 100.25 25.25 25.25
      vertex 219.85087727788303 -1.0242241905846734 25.25
      vertex 219.77528018497097 -0.5145899867301932 25.25
    endloop
  endfacet
  facet normal 0 0 1
    outer loop
      vertex 100.25 25.25 25.25
      vertex 219.77528018497097 0.5145899867301932 25.25
      vertex 219.85087727788303 1.0242241905846734 25.25
    endloop
  endfacet
  facet normal 0 0 1
    outer loop
      vertex 100.25 25.25 25.25
      vertex 219.85087727788303 1.0242241905846734 25.25
      vertex 219.9760632374059 1.5239945555859273 25.25
    endloop
  endfacet
  facet normal 0 0 1
    outer loop
      vertex 100.25 25.25 25.25
      vertex 219.9760632374059 1.5239945555859273 25.25
      vertex 220.14963245431574 2.0090880199167214 25.25
    endloop
  endfacet
  facet normal 0 0 1
    outer loop
      vertex 100.25 25.25 25.25
      vertex 220.14963245431574 2.0090880199167214 25.25
      vertex 220.36991336217113 2.4748328683364877 25.25
    endloop
  endfacet
  facet normal 0 0 1
    outer loop
      vertex 100.25 25.25 25.25
      vertex 220.36991336217113 2.4748328683364877 25.25
      vertex 220.63478453541163 2.916743723352911 25.25
    endloop
  endfacet
  facet normal 0 0 1
    outer loop
      vertex 100.25 25.25 25.25
      vertex 220.63478453541163 2.916743723352911 25.25
      vertex 220.94169511984563 3.330564741859139 25.25
    endloop
  endfacet
  facet normal 0 0 1
    outer loop
      vertex 100.25 25.25 25.25
      vertex 220.94169511984563 3.330564741859139 25.25
      vertex 221.28768939877062 3.7123106012293747 25.25
    endloop
  endfacet
  facet normal 0 0 1
    outer loop
      vertex 100.25 25.25 25.25
      vertex 221.28768939877062 3.7123106012293747 25.25
      vertex 221.66943525814085 4.0583048801543695 25.25
    endloop
  endfacet
  facet normal 0 0 1
    outer loop
      vertex 100.25 25.25 25.25
      vertex 221.66943525814085 4.0583048801543695 25.25
      vertex 222.0832562766471 4.3652154645883625 25.25
    endloop
  endfacet
  facet normal 0 0 1
    outer loop
      vertex 100.25 25.25 25.25
      vertex 222.0832562766471 4.3652154645883625 25.25
      vertex 222.52516713166352 4.630086637828864 25.25
    endloop
  endfacet
  facet normal 0 0 1
    outer loop
      vertex 100.25 25.25 25.25
      vertex 222.52516713166352 4.630086637828864 25.25
      vertex 222.99091198008327 4.850367545684255 25.25
    endloop
  endfacet
  facet normal 0 0 1
    outer loop
      vertex 100.25 25.25 25.25
      vertex 222.99091198008327 4.850367545684255 25.25
      vertex 223.47600544441408 5.023936762594096 25.25
    endloop
  endfacet
  facet normal 0 0 1
    outer loop
      vertex 100.25 25.25 25.25
      vertex 223.47600544441408 5.023936762594096 25.25
      vertex 223.97577580941532 5.14912272211696 25.25
    endloop
  endfacet
  facet normal 0 0 1
    outer loop
      vertex 100.25 25.25 25.25
      vertex 223.97577580941532 5.14912272211696 25.25
      vertex 224.4854100132698 5.224719815029034 25.25
    endloop
  endfacet
  facet normal 0 0 1
    outer loop
      vertex 100.25 25.25 25.25
      vertex 224.4854100132698 5.224719815029034 25.25
      vertex 225 5.25 25.25
    endloop
  endfacet
  facet normal 0 0 1
    outer loop
      vertex 100.25 25.25 25.25
      vertex 225 5.25 25.25
      vertex 225.5145899867302 5.224719815029034 25.25
    endloop
  endfacet
  facet normal 0 0 1
    outer loop
      vertex 100.25 25.25 25.25
      vertex 225.5145899867302 5.224719815029034 25.25
      vertex 226.02422419058468 5.14912272211696 25.25
    endloop
  endfacet
  facet normal 0 0 1
    outer loop
      vertex 100.25 25.25 25.25
      vertex 226.02422419058468 5.14912272211696 25.25
      vertex 272.0832562766471 4.3652154645883625 25.25
    endloop
  endfacet
  facet normal 0 -1 0
    outer loop
      vertex 100.25 20.25 0.25
      vertex 300.25 20.25 20.25
      vertex 100.25 20.25 20.25
    endloop
  endfacet
  facet normal 0 0 -1
    outer loop
      vertex 100.25 -25.25 0.25
      vertex 300.25 -20.25 0.25
      vertex 300.25 -25.25 0.25
    endloop
  endfacet
  facet normal 0 -1 0
    outer loop
      vertex 100.25 -25.25 0.25
      vertex 300.25 -25.25 0.25
      vertex 300.25 -25.25 25.25
    endloop
  endfacet
  facet normal 1 0 0
    outer loop
      vertex 300.25 -25.25 0.25
      vertex 300.25 -20.25 0.25
      vertex 300.25 -25.25 25.25
    endloop
  endfacet
  facet normal 0 1 0
    outer loop
      vertex 100.25 -20.25 20.25
      vertex 300.25 -20.25 20.25
      vertex 300.25 -20.25 0.25
    endloop
  endfacet
  facet normal 0 0 1
    outer loop
      vertex 100.25 -20.25 25.25
      vertex 300.25 -25.25 25.25
      vertex 280.4480198019802 -20.25 25.25
    endloop
  endfacet
  facet normal 0 0 -1
    outer loop
      vertex 300.25 -20.25 20.25
      vertex 174.4854100132698 -5.224719815029034 20.25
      vertex 175 -5.25 20.25
    endloop
  endfacet
  facet normal 0 0 -1
    outer loop
      vertex 300.25 -20.25 20.25
      vertex 175 -5.25 20.25
      vertex 175.5145899867302 -5.224719815029034 20.25
    endloop
  endfacet
  facet normal 0 0 -1
    outer loop
      vertex 300.25 -20.25 20.25
      vertex 175.5145899867302 -5.224719815029034 20.25
      vertex 176.02422419058468 -5.14912272211696 20.25
    endloop
  endfacet
  facet normal 0 0 -1
    outer loop
      vertex 300.25 -20.25 20.25
      vertex 176.02422419058468 -5.14912272211696 20.25
      vertex 176.52399455558592 -5.023936762594096 20.25
    endloop
  endfacet
  facet normal 0 0 1
    outer loop
      vertex 280.4480198019802 -20.25 25.25
      vertex 175.5145899867302 -5.224719815029034 25.25
      vertex 175 -5.25 25.25
    endloop
  endfacet
  facet normal 0 0 1
    outer loop
      vertex 280.4480198019802 -20.25 25.25
      vertex 176.02422419058468 -5.14912272211696 25.25
      vertex 175.5145899867302 -5.224719815029034 25.25
    endloop
  endfacet
  facet normal 0 0 1
    outer loop
      vertex 280.4480198019802 -20.25 25.25
      vertex 176.52399455558592 -5.023936762594096 25.25
      vertex 176.02422419058468 -5.14912272211696 25.25
    endloop
  endfacet
  facet normal 0 0 1
    outer loop
      vertex 280.4480198019802 -20.25 25.25
      vertex 177.00908801991673 -4.850367545684255 25.25
      vertex 176.52399455558592 -5.023936762594096 25.25
    endloop
  endfacet
  facet normal 0 0 1
    outer loop
      vertex 280.4480198019802 -20.25 25.25
      vertex 177.47483286833648 -4.630086637828864 25.25
      vertex 177.00908801991673 -4.850367545684255 25.25
    endloop
  endfacet
  facet normal 0 0 1
    outer loop
      vertex 280.4480198019802 -20.25 25.25
      vertex 177.9167437233529 -4.3652154645883625 25.25
      vertex 177.47483286833648 -4.630086637828864 25.25
    endloop
  endfacet
  facet normal 0 0 1
    outer loop
      vertex 280.4480198019802 -20.25 25.25
      vertex 178.33056474185915 -4.0583048801543695 25.25
      vertex 177.9167437233529 -4.3652154645883625 25.25
    endloop
  endfacet
  facet normal 0 0 1
    outer loop
      vertex 280.4480198019802 -20.25 25.25
      vertex 178.71231060122938 -3.7123106012293747 25.25
      vertex 178.33056474185915 -4.0583048801543695 25.25
    endloop
  endfacet
  facet normal 0 0 1
    outer loop
      vertex 280.4480198019802 -20.25 25.25
      vertex 179.05830488015437 -3.330564741859139 25.25
      vertex 178.71231060122938 -3.7123106012293747 25.25
    endloop
  endfacet
  facet normal 0 0 1
    outer loop
      vertex 280.4480198019802 -20.25 25.25
      vertex 179.36521546458837 -2.916743723352911 25.25
      vertex 179.05830488015437 -3.330564741859139 25.25
    endloop
  endfacet
  facet normal 0 0 1
    outer loop
      vertex 280.4480198019802 -20.25 25.25
      vertex 179.63008663782887 -2.4748328683364877 25.25
      vertex 179.36521546458837 -2.916743723352911 25.25
    endloop
  endfacet
  facet normal 0 0 1
    outer loop
      vertex 280.4480198019802 -20.25 25.25
      vertex 179.85036754568426 -2.0090880199167214 25.25
      vertex 179.63008663782887 -2.4748328683364877 25.25
    endloop
  endfacet
  facet normal 0 0 1
    outer loop
      vertex 280.4480198019802 -20.25 25.25
      vertex 180.0239367625941 -1.5239945555859273 25.25
      vertex 179.85036754568426 -2.0090880199167214 25.25
    endloop
  endfacet
  facet normal 0 0 1
    outer loop
      vertex 280.4480198019802 -20.25 25.25
      vertex 180.14912272211697 -1.0242241905846734 25.25
      vertex 180.0239367625941 -1.5239945555859273 25.25
    endloop
  endfacet
  facet normal 0 0 1
    outer loop
      vertex 280.4480198019802 -20.25 25.25
      vertex 180.22471981502903 -0.5145899867301932 25.25
      vertex 180.14912272211697 -1.0242241905846734 25.25
    endloop
  endfacet
  facet normal 0 0 1
    outer loop
      vertex 280.4480198019802 -20.25 25.25
      vertex 180.25 0 25.25
      vertex 180.22471981502903 -0.5145899867301932 25.25
    endloop
  endfacet
  facet normal 0 0 1
    outer loop
      vertex 280.4480198019802 -20.25 25.25
      vertex 180.22471981502903 0.5145899867301932 25.25
      vertex 180.25 0 25.25
    endloop
  endfacet
  facet normal 0 0 -1
    outer loop
      vertex 177.9167437233529 -4.3652154645883625 20.25
      vertex 220.63478453541163 -2.916743723352911 20.25
      vertex 220.94169511984563 -3.330564741859139 20.25
    endloop
  endfacet
  facet normal 0 0 -1
    outer loop
      vertex 177.9167437233529 -4.3652154645883625 20.25
      vertex 220.36991336217113 -2.4748328683364877 20.25
      vertex 220.63478453541163 -2.916743723352911 20.25
    endloop
  endfacet
  facet normal 0 0 -1
    outer loop
      vertex 176.52399455558592 -5.023936762594096 20.25
      vertex 223.47600544441408 -5.023936762594096 20.25
      vertex 223.97577580941532 -5.14912272211696 20.25
    endloop
  endfacet
  facet normal 0 0 -1
    outer loop
      vertex 177.00908801991673 -4.850367545684255 20.25
      vertex 222.99091198008327 -4.850367545684255 20.25
      vertex 223.47600544441408 -5.023936762594096 20.25
    endloop
  endfacet
  facet normal 0 0 -1
    outer loop
      vertex 176.52399455558592 -5.023936762594096 20.25
      vertex 223.97577580941532 -5.14912272211696 20.25
      vertex 224.4854100132698 -5.224719815029034 20.25
    endloop
  endfacet
  facet normal 0 0 -1
    outer loop
      vertex 176.52399455558592 -5.023936762594096 20.25
      vertex 224.4854100132698 -5.224719815029034 20.25
      vertex 225 -5.25 20.25
    endloop
  endfacet
  facet normal 0 0 -1
    outer loop
      vertex 177.47483286833648 -4.630086637828864 20.25
      vertex 222.52516713166352 -4.630086637828864 20.25
      vertex 222.99091198008327 -4.850367545684255 20.25
    endloop
  endfacet
  facet normal 0 0 -1
    outer loop
      vertex 177.9167437233529 -4.3652154645883625 20.25
      vertex 222.0832562766471 -4.3652154645883625 20.25
      vertex 222.52516713166352 -4.630086637828864 20.25
    endloop
  endfacet
  facet normal 0 0 -1
    outer loop
      vertex 177.9167437233529 -4.3652154645883625 20.25
      vertex 221.66943525814085 -4.0583048801543695 20.25
      vertex 222.0832562766471 -4.3652154645883625 20.25
    endloop
  endfacet
  facet normal 0 0 -1
    outer loop
      vertex 177.9167437233529 -4.3652154645883625 20.25
      vertex 221.28768939877062 -3.7123106012293747 20.25
      vertex 221.66943525814085 -4.0583048801543695 20.25
    endloop
  endfacet
  facet normal 0 0 -1
    outer loop
      vertex 177.9167437233529 -4.3652154645883625 20.25
      vertex 220.94169511984563 -3.330564741859139 20.25
      vertex 221.28768939877062 -3.7123106012293747 20.25
    endloop
  endfacet
  facet normal 0 0 -1
    outer loop
      vertex 177.9167437233529 -4.3652154645883625 20.25
      vertex 220.14963245431574 -2.0090880199167214 20.25
      vertex 220.36991336217113 -2.4748328683364877 20.25
    endloop
  endfacet
  facet normal 0 0 -1
    outer loop
      vertex 177.9167437233529 -4.3652154645883625 20.25
      vertex 219.9760632374059 -1.5239945555859273 20.25
      vertex 220.14963245431574 -2.0090880199167214 20.25
    endloop
  endfacet
  facet normal 0 0 -1
    outer loop
      vertex 177.9167437233529 -4.3652154645883625 20.25
      vertex 219.85087727788303 -1.0242241905846734 20.25
      vertex 219.9760632374059 -1.5239945555859273 20.25
    endloop
  endfacet
  facet normal 0 0 -1
    outer loop
      vertex 177.9167437233529 -4.3652154645883625 20.25
      vertex 219.77528018497097 -0.5145899867301932 20.25
      vertex 219.85087727788303 -1.0242241905846734 20.25
    endloop
  endfacet
  facet normal 0 0 -1
    outer loop
      vertex 177.9167437233529 -4.3652154645883625 20.25
      vertex 219.75 0 20.25
      vertex 219.77528018497097 -0.5145899867301932 20.25
    endloop
  endfacet
  facet normal 0 0 -1
    outer loop
      vertex 177.9167437233529 -4.3652154645883625 20.25
      vertex 219.77528018497097 0.5145899867301932 20.25
      vertex 219.75 0 20.25
    endloop
  endfacet
  facet normal 0 0 -1
    outer loop
      vertex 177.9167437233529 -4.3652154645883625 20.25
      vertex 219.85087727788303 1.0242241905846734 20.25
      vertex 219.77528018497097 0.5145899867301932 20.25
    endloop
  endfacet
  facet normal 0 0 -1
    outer loop
      vertex 177.9167437233529 -4.3652154645883625 20.25
      vertex 219.9760632374059 1.5239945555859273 20.25
      vertex 219.85087727788303 1.0242241905846734 20.25
    endloop
  endfacet
  facet normal 0 0 -1
    outer loop
      vertex 177.9167437233529 -4.3652154645883625 20.25
      vertex 220.14963245431574 2.0090880199167214 20.25
      vertex 219.9760632374059 1.5239945555859273 20.25
    endloop
  endfacet
  facet normal 0.24298017990327156 0.9700312531945421 0
    outer loop
      vertex 223.47600544441408 -5.023936762594096 20.25
      vertex 223.47600544441408 -5.023936762594096 25.25
      vertex 223.97577580941532 -5.14912272211696 20.25
    endloop
  endfacet
  facet normal 0.33688985339220573 0.9415440651830259 0
    outer loop
      vertex 222.99091198008327 -4.850367545684255 20.25
      vertex 222.99091198008327 -4.850367545684255 25.25
      vertex 223.47600544441408 -5.023936762594096 20.25
    endloop
  endfacet
  facet normal 0.14673047445535914 0.9891765099647812 0
    outer loop
      vertex 223.97577580941532 -5.14912272211696 20.25
      vertex 223.97577580941532 -5.14912272211696 25.25
      vertex 224.4854100132698 -5.224719815029034 20.25
    endloop
  endfacet
  facet normal 0.04906767432741812 0.9987954562051724 0
    outer loop
      vertex 224.4854100132698 -5.224719815029034 20.25
      vertex 224.4854100132698 -5.224719815029034 25.25
      vertex 225 -5.25 20.25
    endloop
  endfacet
  facet normal -0.04906767432741812 0.9987954562051724 0
    outer loop
      vertex 225 -5.25 20.25
      vertex 225 -5.25 25.25
      vertex 225.5145899867302 -5.224719815029034 20.25
    endloop
  endfacet
  facet normal 0.5956993044924204 0.8032075314806545 0
    outer loop
      vertex 221.66943525814085 -4.0583048801543695 20.25
      vertex 221.66943525814085 -4.0583048801543695 25.25
      vertex 222.0832562766471 -4.3652154645883625 20.25
    endloop
  endfacet
  facet normal 0.671558954847027 0.7409511253549512 0
    outer loop
      vertex 221.66943525814085 -4.0583048801543695 20.25
      vertex 221.28768939877062 -3.7123106012293747 20.25
      vertex 221.28768939877062 -3.7123106012293747 25.25
    endloop
  endfacet
  facet normal 0.7409511253549629 0.6715589548470142 0
    outer loop
      vertex 221.28768939877062 -3.7123106012293747 20.25
      vertex 220.94169511984563 -3.330564741859139 20.25
      vertex 220.94169511984563 -3.330564741859139 25.25
    endloop
  endfacet
  facet normal 0.42755509343029735 0.903989293123436 0
    outer loop
      vertex 222.52516713166352 -4.630086637828864 20.25
      vertex 222.52516713166352 -4.630086637828864 25.25
      vertex 222.99091198008327 -4.850367545684255 20.25
    endloop
  endfacet
  facet normal 0.5141027441932157 0.8577286100002757 0
    outer loop
      vertex 222.0832562766471 -4.3652154645883625 20.25
      vertex 222.0832562766471 -4.3652154645883625 25.25
      vertex 222.52516713166352 -4.630086637828864 20.25
    endloop
  endfacet
  facet normal 0.8577286100002787 0.5141027441932108 0
    outer loop
      vertex 220.63478453541163 -2.916743723352911 20.25
      vertex 220.36991336217113 -2.4748328683364877 20.25
      vertex 220.36991336217113 -2.4748328683364877 25.25
    endloop
  endfacet
  facet normal 0.8032075314806324 0.5956993044924501 0
    outer loop
      vertex 220.94169511984563 -3.330564741859139 20.25
      vertex 220.63478453541163 -2.916743723352911 20.25
      vertex 220.63478453541163 -2.916743723352911 25.25
    endloop
  endfacet
  facet normal 0.9039892931234393 0.4275550934302905 0
    outer loop
      vertex 220.36991336217113 -2.4748328683364877 20.25
      vertex 220.14963245431574 -2.0090880199167214 20.25
      vertex 220.14963245431574 -2.0090880199167214 25.25
    endloop
  endfacet
  facet normal 0.9415440651830216 0.336889853392218 0
    outer loop
      vertex 220.14963245431574 -2.0090880199167214 20.25
      vertex 219.9760632374059 -1.5239945555859273 20.25
      vertex 219.9760632374059 -1.5239945555859273 25.25
    endloop
  endfacet
  facet normal 0.9700312531945424 0.2429801799032699 0
    outer loop
      vertex 219.9760632374059 -1.5239945555859273 20.25
      vertex 219.85087727788303 -1.0242241905846734 20.25
      vertex 219.85087727788303 -1.0242241905846734 25.25
    endloop
  endfacet
  facet normal 0.9891765099647843 0.1467304744553397 0
    outer loop
      vertex 219.85087727788303 -1.0242241905846734 20.25
      vertex 219.77528018497097 -0.5145899867301932 20.25
      vertex 219.77528018497097 -0.5145899867301932 25.25
    endloop
  endfacet
  facet normal 0.9987954562051723 0.049067674327419195 0
    outer loop
      vertex 219.77528018497097 -0.5145899867301932 20.25
      vertex 219.75 0 20.25
      vertex 219.75 0 25.25
    endloop
  endfacet
  facet normal 0 0 1
    outer loop
      vertex 280.4480198019802 -20.25 25.25
      vertex 178.71231060122938 3.7123106012293747 25.25
      vertex 179.05830488015437 3.330564741859139 25.25
    endloop
  endfacet
  facet normal 0 0 1
    outer loop
      vertex 280.4480198019802 -20.25 25.25
      vertex 178.33056474185915 4.0583048801543695 25.25
      vertex 178.71231060122938 3.7123106012293747 25.25
    endloop
  endfacet
  facet normal 0 0 1
    outer loop
      vertex 280.4480198019802 -20.25 25.25
      vertex 176.02422419058468 5.14912272211696 25.25
      vertex 176.52399455558592 5.023936762594096 25.25
    endloop
  endfacet
  facet normal 0 0 1
    outer loop
      vertex 280.4480198019802 -20.25 25.25
      vertex 177.47483286833648 4.630086637828864 25.25
      vertex 177.9167437233529 4.3652154645883625 25.25
    endloop
  endfacet
  facet normal 0 0 1
    outer loop
      vertex 280.4480198019802 -20.25 25.25
      vertex 177.00908801991673 4.850367545684255 25.25
      vertex 177.47483286833648 4.630086637828864 25.25
    endloop
  endfacet
  facet normal 0 0 1
    outer loop
      vertex 280.4480198019802 -20.25 25.25
      vertex 177.9167437233529 4.3652154645883625 25.25
      vertex 178.33056474185915 4.0583048801543695 25.25
    endloop
  endfacet
  facet normal 0 0 1
    outer loop
      vertex 280.4480198019802 -20.25 25.25
      vertex 176.52399455558592 5.023936762594096 25.25
      vertex 177.00908801991673 4.850367545684255 25.25
    endloop
  endfacet
  facet normal 0 0 1
    outer loop
      vertex 100.25 25.25 25.25
      vertex 280.4480198019802 -20.25 25.25
      vertex 223.97577580941532 -5.14912272211696 25.25
    endloop
  endfacet
  facet normal 0.42755509343029735 0.903989293123436 0
    outer loop
      vertex 222.99091198008327 -4.850367545684255 20.25
      vertex 222.52516713166352 -4.630086637828864 25.25
      vertex 222.99091198008327 -4.850367545684255 25.25
    endloop
  endfacet
  facet normal 0.33688985339220573 0.9415440651830259 0
    outer loop
      vertex 223.47600544441408 -5.023936762594096 20.25
      vertex 222.99091198008327 -4.850367545684255 25.25
      vertex 223.47600544441408 -5.023936762594096 25.25
    endloop
  endfacet
  facet normal 0.14673047445535914 0.9891765099647812 0
    outer loop
      vertex 224.4854100132698 -5.224719815029034 20.25
      vertex 223.97577580941532 -5.14912272211696 25.25
      vertex 224.4854100132698 -5.224719815029034 25.25
    endloop
  endfacet
  facet normal 0.04906767432741812 0.9987954562051724 0
    outer loop
      vertex 225 -5.25 20.25
      vertex 224.4854100132698 -5.224719815029034 25.25
      vertex 225 -5.25 25.25
    endloop
  endfacet
  facet normal 0.24298017990327156 0.9700312531945421 0
    outer loop
      vertex 223.97577580941532 -5.14912272211696 20.25
      vertex 223.47600544441408 -5.023936762594096 25.25
      vertex 223.97577580941532 -5.14912272211696 25.25
    endloop
  endfacet
  facet normal 0.5956993044924204 0.8032075314806545 0
    outer loop
      vertex 222.0832562766471 -4.3652154645883625 20.25
      vertex 221.66943525814085 -4.0583048801543695 25.25
      vertex 222.0832562766471 -4.3652154645883625 25.25
    endloop
  endfacet
  facet normal 0.7409511253549629 0.6715589548470142 0
    outer loop
      vertex 221.28768939877062 -3.7123106012293747 20.25
      vertex 220.94169511984563 -3.330564741859139 25.25
      vertex 221.28768939877062 -3.7123106012293747 25.25
    endloop
  endfacet
  facet normal 0.671558954847027 0.7409511253549512 0
    outer loop
      vertex 221.66943525814085 -4.0583048801543695 20.25
      vertex 221.28768939877062 -3.7123106012293747 25.25
      vertex 221.66943525814085 -4.0583048801543695 25.25
    endloop
  endfacet
  facet normal 0.8032075314806324 0.5956993044924501 0
    outer loop
      vertex 220.94169511984563 -3.330564741859139 20.25
      vertex 220.63478453541163 -2.916743723352911 25.25
      vertex 220.94169511984563 -3.330564741859139 25.25
    endloop
  endfacet
  facet normal 0.5141027441932157 0.8577286100002757 0
    outer loop
      vertex 222.52516713166352 -4.630086637828864 20.25
      vertex 222.0832562766471 -4.3652154645883625 25.25
      vertex 222.52516713166352 -4.630086637828864 25.25
    endloop
  endfacet
  facet normal 0 0 1
    outer loop
      vertex 280.4480198019802 -20.25 25.25
      vertex 180.14912272211697 1.0242241905846734 25.25
      vertex 180.22471981502903 0.5145899867301932 25.25
    endloop
  endfacet
  facet normal 0 0 1
    outer loop
      vertex 280.4480198019802 -20.25 25.25
      vertex 179.85036754568426 2.0090880199167214 25.25
      vertex 180.0239367625941 1.5239945555859273 25.25
    endloop
  endfacet
  facet normal 0 0 1
    outer loop
      vertex 280.4480198019802 -20.25 25.25
      vertex 180.0239367625941 1.5239945555859273 25.25
      vertex 180.14912272211697 1.0242241905846734 25.25
    endloop
  endfacet
  facet normal 0 0 1
    outer loop
      vertex 280.4480198019802 -20.25 25.25
      vertex 179.63008663782887 2.4748328683364877 25.25
      vertex 179.85036754568426 2.0090880199167214 25.25
    endloop
  endfacet
  facet normal 0 0 1
    outer loop
      vertex 280.4480198019802 -20.25 25.25
      vertex 179.36521546458837 2.916743723352911 25.25
      vertex 179.63008663782887 2.4748328683364877 25.25
    endloop
  endfacet
  facet normal 0 0 1
    outer loop
      vertex 280.4480198019802 -20.25 25.25
      vertex 179.05830488015437 3.330564741859139 25.25
      vertex 179.36521546458837 2.916743723352911 25.25
    endloop
  endfacet
  facet normal 0.8577286100002787 0.5141027441932108 0
    outer loop
      vertex 220.63478453541163 -2.916743723352911 20.25
      vertex 220.36991336217113 -2.4748328683364877 25.25
      vertex 220.63478453541163 -2.916743723352911 25.25
    endloop
  endfacet
  facet normal 0.9039892931234393 0.4275550934302905 0
    outer loop
      vertex 220.36991336217113 -2.4748328683364877 20.25
      vertex 220.14963245431574 -2.0090880199167214 25.25
      vertex 220.36991336217113 -2.4748328683364877 25.25
    endloop
  endfacet
  facet normal 0.9415440651830216 0.336889853392218 0
    outer loop
      vertex 220.14963245431574 -2.0090880199167214 20.25
      vertex 219.9760632374059 -1.5239945555859273 25.25
      vertex 220.14963245431574 -2.0090880199167214 25.25
    endloop
  endfacet
  facet normal 0.9700312531945424 0.2429801799032699 0
    outer loop
      vertex 219.9760632374059 -1.5239945555859273 20.25
      vertex 219.85087727788303 -1.0242241905846734 25.25
      vertex 219.9760632374059 -1.5239945555859273 25.25
    endloop
  endfacet
  facet normal 0.9891765099647843 0.1467304744553397 0
    outer loop
      vertex 219.85087727788303 -1.0242241905846734 20.25
      vertex 219.77528018497097 -0.5145899867301932 25.25
      vertex 219.85087727788303 -1.0242241905846734 25.25
    endloop
  endfacet
  facet normal 0.9987954562051723 0.049067674327419195 0
    outer loop
      vertex 219.77528018497097 -0.5145899867301932 20.25
      vertex 219.75 0 25.25
      vertex 219.77528018497097 -0.5145899867301932 25.25
    endloop
  endfacet
  facet normal 0 0 -1
    outer loop
      vertex 300.25 -20.25 20.25
      vertex 176.52399455558592 -5.023936762594096 20.25
      vertex 225 -5.25 20.25
    endloop
  endfacet
  facet normal 0 0 1
    outer loop
      vertex 280.4480198019802 -20.25 25.25
      vertex 224.4854100132698 -5.224719815029034 25.25
      vertex 223.97577580941532 -5.14912272211696 25.25
    endloop
  endfacet
  facet normal 0 0 1
    outer loop
      vertex 280.4480198019802 -20.25 25.25
      vertex 225 -5.25 25.25
      vertex 224.4854100132698 -5.224719815029034 25.25
    endloop
  endfacet
  facet normal 0 0 1
    outer loop
      vertex 280.4480198019802 -20.25 25.25
      vertex 225.5145899867302 -5.224719815029034 25.25
      vertex 225 -5.25 25.25
    endloop
  endfacet
  facet normal 0 0 1
    outer loop
      vertex 280.4480198019802 -20.25 25.25
      vertex 226.02422419058468 -5.14912272211696 25.25
      vertex 225.5145899867302 -5.224719815029034 25.25
    endloop
  endfacet
  facet normal 0 0 1
    outer loop
      vertex 280.4480198019802 -20.25 25.25
      vertex 226.52399455558592 -5.023936762594096 25.25
      vertex 226.02422419058468 -5.14912272211696 25.25
    endloop
  endfacet
  facet normal 0 0 1
    outer loop
      vertex 280.4480198019802 -20.25 25.25
      vertex 227.00908801991673 -4.850367545684255 25.25
      vertex 226.52399455558592 -5.023936762594096 25.25
    endloop
  endfacet
  facet normal 0 0 1
    outer loop
      vertex 280.4480198019802 -20.25 25.25
      vertex 227.47483286833648 -4.630086637828864 25.25
      vertex 227.00908801991673 -4.850367545684255 25.25
    endloop
  endfacet
  facet normal 0 0 1
    outer loop
      vertex 280.4480198019802 -20.25 25.25
      vertex 227.9167437233529 -4.3652154645883625 25.25
      vertex 227.47483286833648 -4.630086637828864 25.25
    endloop
  endfacet
  facet normal -0.14673047445535914 0.9891765099647812 0
    outer loop
      vertex 225.5145899867302 -5.224719815029034 20.25
      vertex 225.5145899867302 -5.224719815029034 25.25
      vertex 226.02422419058468 -5.14912272211696 20.25
    endloop
  endfacet
  facet normal -0.24298017990327156 0.9700312531945421 0
    outer loop
      vertex 226.02422419058468 -5.14912272211696 20.25
      vertex 226.02422419058468 -5.14912272211696 25.25
      vertex 226.52399455558592 -5.023936762594096 20.25
    endloop
  endfacet
  facet normal -0.33688985339220573 0.9415440651830259 0
    outer loop
      vertex 226.52399455558592 -5.023936762594096 20.25
      vertex 226.52399455558592 -5.023936762594096 25.25
      vertex 227.00908801991673 -4.850367545684255 20.25
    endloop
  endfacet
  facet normal -0.42755509343029735 0.903989293123436 0
    outer loop
      vertex 227.00908801991673 -4.850367545684255 20.25
      vertex 227.00908801991673 -4.850367545684255 25.25
      vertex 227.47483286833648 -4.630086637828864 20.25
    endloop
  endfacet
  facet normal -0.5141027441932157 0.8577286100002757 0
    outer loop
      vertex 227.47483286833648 -4.630086637828864 20.25
      vertex 227.47483286833648 -4.630086637828864 25.25
      vertex 227.9167437233529 -4.3652154645883625 20.25
    endloop
  endfacet
  facet normal -0.5956993044924204 0.8032075314806545 0
    outer loop
      vertex 227.9167437233529 -4.3652154645883625 20.25
      vertex 227.9167437233529 -4.3652154645883625 25.25
      vertex 228.33056474185915 -4.0583048801543695 20.25
    endloop
  endfacet
  facet normal -0.671558954847027 0.7409511253549512 0
    outer loop
      vertex 228.33056474185915 -4.0583048801543695 20.25
      vertex 228.33056474185915 -4.0583048801543695 25.25
      vertex 228.71231060122938 -3.7123106012293747 20.25
    endloop
  endfacet
  facet normal -0.7409511253549629 0.6715589548470142 0
    outer loop
      vertex 228.71231060122938 -3.7123106012293747 20.25
      vertex 228.71231060122938 -3.7123106012293747 25.25
      vertex 229.05830488015437 -3.330564741859139 20.25
    endloop
  endfacet
  facet normal -0.8032075314806324 0.5956993044924501 0
    outer loop
      vertex 229.36521546458837 -2.916743723352911 20.25
      vertex 229.05830488015437 -3.330564741859139 20.25
      vertex 229.05830488015437 -3.330564741859139 25.25
    endloop
  endfacet
  facet normal -0.8577286100002787 0.5141027441932108 0
    outer loop
      vertex 229.63008663782887 -2.4748328683364877 20.25
      vertex 229.36521546458837 -2.916743723352911 20.25
      vertex 229.36521546458837 -2.916743723352911 25.25
    endloop
  endfacet
  facet normal -0.9039892931234393 0.4275550934302905 0
    outer loop
      vertex 229.85036754568426 -2.0090880199167214 20.25
      vertex 229.63008663782887 -2.4748328683364877 20.25
      vertex 229.63008663782887 -2.4748328683364877 25.25
    endloop
  endfacet
  facet normal -0.9415440651830216 0.336889853392218 0
    outer loop
      vertex 230.0239367625941 -1.5239945555859273 20.25
      vertex 229.85036754568426 -2.0090880199167214 20.25
      vertex 229.85036754568426 -2.0090880199167214 25.25
    endloop
  endfacet
  facet normal -0.9700312531945424 0.2429801799032699 0
    outer loop
      vertex 230.14912272211697 -1.0242241905846734 20.25
      vertex 230.0239367625941 -1.5239945555859273 20.25
      vertex 230.0239367625941 -1.5239945555859273 25.25
    endloop
  endfacet
  facet normal -0.9891765099647843 0.1467304744553397 0
    outer loop
      vertex 230.22471981502903 -0.5145899867301932 20.25
      vertex 230.14912272211697 -1.0242241905846734 20.25
      vertex 230.14912272211697 -1.0242241905846734 25.25
    endloop
  endfacet
  facet normal -0.9987954562051723 0.049067674327419195 0
    outer loop
      vertex 230.22471981502903 -0.5145899867301932 20.25
      vertex 230.22471981502903 -0.5145899867301932 25.25
      vertex 230.25 0 20.25
    endloop
  endfacet
  facet normal 0 0 -1
    outer loop
      vertex 226.52399455558592 -5.023936762594096 20.25
      vertex 227.00908801991673 -4.850367545684255 20.25
      vertex 273.47600544441406 -5.023936762594096 20.25
    endloop
  endfacet
  facet normal 0 0 -1
    outer loop
      vertex 227.00908801991673 -4.850367545684255 20.25
      vertex 227.47483286833648 -4.630086637828864 20.25
      vertex 272.9909119800833 -4.850367545684255 20.25
    endloop
  endfacet
  facet normal 0 0 -1
    outer loop
      vertex 227.47483286833648 -4.630086637828864 20.25
      vertex 227.9167437233529 -4.3652154645883625 20.25
      vertex 272.5251671316635 -4.630086637828864 20.25
    endloop
  endfacet
  facet normal 0 0 -1
    outer loop
      vertex 227.9167437233529 -4.3652154645883625 20.25
      vertex 228.33056474185915 -4.0583048801543695 20.25
      vertex 272.0832562766471 -4.3652154645883625 20.25
    endloop
  endfacet
  facet normal 0 0 -1
    outer loop
      vertex 228.33056474185915 -4.0583048801543695 20.25
      vertex 228.71231060122938 -3.7123106012293747 20.25
      vertex 271.6694352581409 -4.0583048801543695 20.25
    endloop
  endfacet
  facet normal 0 0 -1
    outer loop
      vertex 228.71231060122938 -3.7123106012293747 20.25
      vertex 229.05830488015437 -3.330564741859139 20.25
      vertex 271.2876893987706 -3.7123106012293747 20.25
    endloop
  endfacet
  facet normal 0 0 -1
    outer loop
      vertex 229.36521546458837 -2.916743723352911 20.25
      vertex 270.94169511984563 -3.330564741859139 20.25
      vertex 229.05830488015437 -3.330564741859139 20.25
    endloop
  endfacet
  facet normal 0 0 -1
    outer loop
      vertex 229.63008663782887 -2.4748328683364877 20.25
      vertex 270.63478453541165 -2.916743723352911 20.25
      vertex 229.36521546458837 -2.916743723352911 20.25
    endloop
  endfacet
  facet normal 0 0 -1
    outer loop
      vertex 229.85036754568426 -2.0090880199167214 20.25
      vertex 270.36991336217113 -2.4748328683364877 20.25
      vertex 229.63008663782887 -2.4748328683364877 20.25
    endloop
  endfacet
  facet normal 0 0 -1
    outer loop
      vertex 230.0239367625941 -1.5239945555859273 20.25
      vertex 270.14963245431574 -2.0090880199167214 20.25
      vertex 229.85036754568426 -2.0090880199167214 20.25
    endloop
  endfacet
  facet normal 0 0 -1
    outer loop
      vertex 230.14912272211697 -1.0242241905846734 20.25
      vertex 269.9760632374059 -1.5239945555859273 20.25
      vertex 230.0239367625941 -1.5239945555859273 20.25
    endloop
  endfacet
  facet normal 0 0 -1
    outer loop
      vertex 230.22471981502903 -0.5145899867301932 20.25
      vertex 269.85087727788306 -1.0242241905846734 20.25
      vertex 230.14912272211697 -1.0242241905846734 20.25
    endloop
  endfacet
  facet normal 0 0 -1
    outer loop
      vertex 269.77528018497094 -0.5145899867301932 20.25
      vertex 230.22471981502903 -0.5145899867301932 20.25
      vertex 230.25 0 20.25
    endloop
  endfacet
  facet normal -0.04906767432741812 0.9987954562051724 0
    outer loop
      vertex 225.5145899867302 -5.224719815029034 20.25
      vertex 225 -5.25 25.25
      vertex 225.5145899867302 -5.224719815029034 25.25
    endloop
  endfacet
  facet normal -0.14673047445535914 0.9891765099647812 0
    outer loop
      vertex 226.02422419058468 -5.14912272211696 20.25
      vertex 225.5145899867302 -5.224719815029034 25.25
      vertex 226.02422419058468 -5.14912272211696 25.25
    endloop
  endfacet
  facet normal -0.24298017990327156 0.9700312531945421 0
    outer loop
      vertex 226.52399455558592 -5.023936762594096 20.25
      vertex 226.02422419058468 -5.14912272211696 25.25
      vertex 226.52399455558592 -5.023936762594096 25.25
    endloop
  endfacet
  facet normal -0.33688985339220573 0.9415440651830259 0
    outer loop
      vertex 227.00908801991673 -4.850367545684255 20.25
      vertex 226.52399455558592 -5.023936762594096 25.25
      vertex 227.00908801991673 -4.850367545684255 25.25
    endloop
  endfacet
  facet normal -0.42755509343029735 0.903989293123436 0
    outer loop
      vertex 227.47483286833648 -4.630086637828864 20.25
      vertex 227.00908801991673 -4.850367545684255 25.25
      vertex 227.47483286833648 -4.630086637828864 25.25
    endloop
  endfacet
  facet normal -0.5141027441932157 0.8577286100002757 0
    outer loop
      vertex 227.9167437233529 -4.3652154645883625 20.25
      vertex 227.47483286833648 -4.630086637828864 25.25
      vertex 227.9167437233529 -4.3652154645883625 25.25
    endloop
  endfacet
  facet normal -0.5956993044924204 0.8032075314806545 0
    outer loop
      vertex 228.33056474185915 -4.0583048801543695 20.25
      vertex 227.9167437233529 -4.3652154645883625 25.25
      vertex 228.33056474185915 -4.0583048801543695 25.25
    endloop
  endfacet
  facet normal -0.671558954847027 0.7409511253549512 0
    outer loop
      vertex 228.71231060122938 -3.7123106012293747 20.25
      vertex 228.33056474185915 -4.0583048801543695 25.25
      vertex 228.71231060122938 -3.7123106012293747 25.25
    endloop
  endfacet
  facet normal -0.7409511253549629 0.6715589548470142 0
    outer loop
      vertex 229.05830488015437 -3.330564741859139 20.25
      vertex 228.71231060122938 -3.7123106012293747 25.25
      vertex 229.05830488015437 -3.330564741859139 25.25
    endloop
  endfacet
  facet normal -0.8032075314806324 0.5956993044924501 0
    outer loop
      vertex 229.36521546458837 -2.916743723352911 20.25
      vertex 229.05830488015437 -3.330564741859139 25.25
      vertex 229.36521546458837 -2.916743723352911 25.25
    endloop
  endfacet
  facet normal -0.8577286100002787 0.5141027441932108 0
    outer loop
      vertex 229.63008663782887 -2.4748328683364877 20.25
      vertex 229.36521546458837 -2.916743723352911 25.25
      vertex 229.63008663782887 -2.4748328683364877 25.25
    endloop
  endfacet
  facet normal -0.9039892931234393 0.4275550934302905 0
    outer loop
      vertex 229.85036754568426 -2.0090880199167214 20.25
      vertex 229.63008663782887 -2.4748328683364877 25.25
      vertex 229.85036754568426 -2.0090880199167214 25.25
    endloop
  endfacet
  facet normal -0.9415440651830216 0.336889853392218 0
    outer loop
      vertex 230.0239367625941 -1.5239945555859273 20.25
      vertex 229.85036754568426 -2.0090880199167214 25.25
      vertex 230.0239367625941 -1.5239945555859273 25.25
    endloop
  endfacet
  facet normal -0.9700312531945424 0.2429801799032699 0
    outer loop
      vertex 230.14912272211697 -1.0242241905846734 20.25
      vertex 230.0239367625941 -1.5239945555859273 25.25
      vertex 230.14912272211697 -1.0242241905846734 25.25
    endloop
  endfacet
  facet normal -0.9891765099647843 0.1467304744553397 0
    outer loop
      vertex 230.22471981502903 -0.5145899867301932 20.25
      vertex 230.14912272211697 -1.0242241905846734 25.25
      vertex 230.22471981502903 -0.5145899867301932 25.25
    endloop
  endfacet
  facet normal -0.9987954562051723 0.049067674327419195 0
    outer loop
      vertex 230.25 0 20.25
      vertex 230.22471981502903 -0.5145899867301932 25.25
      vertex 230.25 0 25.25
    endloop
  endfacet
  facet normal 0 0 1
    outer loop
      vertex 228.33056474185915 -4.0583048801543695 25.25
      vertex 227.9167437233529 -4.3652154645883625 25.25
      vertex 271.6694352581409 -4.0583048801543695 25.25
    endloop
  endfacet
  facet normal 0 0 1
    outer loop
      vertex 228.71231060122938 -3.7123106012293747 25.25
      vertex 228.33056474185915 -4.0583048801543695 25.25
      vertex 271.2876893987706 -3.7123106012293747 25.25
    endloop
  endfacet
  facet normal 0 0 1
    outer loop
      vertex 228.71231060122938 -3.7123106012293747 25.25
      vertex 270.94169511984563 -3.330564741859139 25.25
      vertex 229.05830488015437 -3.330564741859139 25.25
    endloop
  endfacet
  facet normal 0 0 1
    outer loop
      vertex 229.05830488015437 -3.330564741859139 25.25
      vertex 270.63478453541165 -2.916743723352911 25.25
      vertex 229.36521546458837 -2.916743723352911 25.25
    endloop
  endfacet
  facet normal 0 0 1
    outer loop
      vertex 229.36521546458837 -2.916743723352911 25.25
      vertex 270.36991336217113 -2.4748328683364877 25.25
      vertex 229.63008663782887 -2.4748328683364877 25.25
    endloop
  endfacet
  facet normal 0 0 1
    outer loop
      vertex 229.63008663782887 -2.4748328683364877 25.25
      vertex 270.14963245431574 -2.0090880199167214 25.25
      vertex 229.85036754568426 -2.0090880199167214 25.25
    endloop
  endfacet
  facet normal 0 0 1
    outer loop
      vertex 229.85036754568426 -2.0090880199167214 25.25
      vertex 269.9760632374059 -1.5239945555859273 25.25
      vertex 230.0239367625941 -1.5239945555859273 25.25
    endloop
  endfacet
  facet normal 0 0 1
    outer loop
      vertex 230.0239367625941 -1.5239945555859273 25.25
      vertex 269.85087727788306 -1.0242241905846734 25.25
      vertex 230.14912272211697 -1.0242241905846734 25.25
    endloop
  endfacet
  facet normal 0 0 1
    outer loop
      vertex 230.14912272211697 -1.0242241905846734 25.25
      vertex 269.77528018497094 -0.5145899867301932 25.25
      vertex 230.22471981502903 -0.5145899867301932 25.25
    endloop
  endfacet
  facet normal 0 0 1
    outer loop
      vertex 269.75 0 25.25
      vertex 230.25 0 25.25
      vertex 230.22471981502903 -0.5145899867301932 25.25
    endloop
  endfacet
  facet normal 1 0 0
    outer loop
      vertex 300.25 -20.25 0.25
      vertex 300.25 -20.25 20.25
      vertex 300.25 -25.25 25.25
    endloop
  endfacet
  facet normal 1 0 0
    outer loop
      vertex 300.25 -20.25 20.25
      vertex 300.25 -20.25 24.754950495049506
      vertex 300.25 -25.25 25.25
    endloop
  endfacet
  facet normal 0 0 -1
    outer loop
      vertex 300.25 -20.25 20.25
      vertex 225 -5.25 20.25
      vertex 225.5145899867302 -5.224719815029034 20.25
    endloop
  endfacet
  facet normal 0 0 -1
    outer loop
      vertex 300.25 -20.25 20.25
      vertex 225.5145899867302 -5.224719815029034 20.25
      vertex 226.02422419058468 -5.14912272211696 20.25
    endloop
  endfacet
  facet normal 0 0 -1
    outer loop
      vertex 300.25 -20.25 20.25
      vertex 226.02422419058468 -5.14912272211696 20.25
      vertex 226.52399455558592 -5.023936762594096 20.25
    endloop
  endfacet
  facet normal 0 0 -1
    outer loop
      vertex 300.25 -20.25 20.25
      vertex 226.52399455558592 -5.023936762594096 20.25
      vertex 273.47600544441406 -5.023936762594096 20.25
    endloop
  endfacet
  facet normal 0 0 1
    outer loop
      vertex 280.4480198019802 -20.25 25.25
      vertex 272.0832562766471 -4.3652154645883625 25.25
      vertex 227.9167437233529 -4.3652154645883625 25.25
    endloop
  endfacet
  facet normal 0 0 1
    outer loop
      vertex 280.4480198019802 -20.25 25.25
      vertex 272.5251671316635 -4.630086637828864 25.25
      vertex 272.0832562766471 -4.3652154645883625 25.25
    endloop
  endfacet
  facet normal 0 0 -1
    outer loop
      vertex 227.00908801991673 -4.850367545684255 20.25
      vertex 272.9909119800833 -4.850367545684255 20.25
      vertex 273.47600544441406 -5.023936762594096 20.25
    endloop
  endfacet
  facet normal 0 0 -1
    outer loop
      vertex 272.5251671316635 -4.630086637828864 20.25
      vertex 272.9909119800833 -4.850367545684255 20.25
      vertex 227.47483286833648 -4.630086637828864 20.25
    endloop
  endfacet
  facet normal 0 0 -1
    outer loop
      vertex 272.0832562766471 -4.3652154645883625 20.25
      vertex 272.5251671316635 -4.630086637828864 20.25
      vertex 227.9167437233529 -4.3652154645883625 20.25
    endloop
  endfacet
  facet normal 0 0 -1
    outer loop
      vertex 228.33056474185915 -4.0583048801543695 20.25
      vertex 271.6694352581409 -4.0583048801543695 20.25
      vertex 272.0832562766471 -4.3652154645883625 20.25
    endloop
  endfacet
  facet normal 0 0 -1
    outer loop
      vertex 228.71231060122938 -3.7123106012293747 20.25
      vertex 271.2876893987706 -3.7123106012293747 20.25
      vertex 271.6694352581409 -4.0583048801543695 20.25
    endloop
  endfacet
  facet normal 0 0 -1
    outer loop
      vertex 229.05830488015437 -3.330564741859139 20.25
      vertex 270.94169511984563 -3.330564741859139 20.25
      vertex 271.2876893987706 -3.7123106012293747 20.25
    endloop
  endfacet
  facet normal 0 0 -1
    outer loop
      vertex 270.94169511984563 -3.330564741859139 20.25
      vertex 229.36521546458837 -2.916743723352911 20.25
      vertex 270.63478453541165 -2.916743723352911 20.25
    endloop
  endfacet
  facet normal 0 0 -1
    outer loop
      vertex 270.63478453541165 -2.916743723352911 20.25
      vertex 229.63008663782887 -2.4748328683364877 20.25
      vertex 270.36991336217113 -2.4748328683364877 20.25
    endloop
  endfacet
  facet normal 0 0 -1
    outer loop
      vertex 270.36991336217113 -2.4748328683364877 20.25
      vertex 229.85036754568426 -2.0090880199167214 20.25
      vertex 270.14963245431574 -2.0090880199167214 20.25
    endloop
  endfacet
  facet normal 0 0 -1
    outer loop
      vertex 230.0239367625941 -1.5239945555859273 20.25
      vertex 269.9760632374059 -1.5239945555859273 20.25
      vertex 270.14963245431574 -2.0090880199167214 20.25
    endloop
  endfacet
  facet normal 0 0 -1
    outer loop
      vertex 230.14912272211697 -1.0242241905846734 20.25
      vertex 269.85087727788306 -1.0242241905846734 20.25
      vertex 269.9760632374059 -1.5239945555859273 20.25
    endloop
  endfacet
  facet normal 0 0 -1
    outer loop
      vertex 230.22471981502903 -0.5145899867301932 20.25
      vertex 269.77528018497094 -0.5145899867301932 20.25
      vertex 269.85087727788306 -1.0242241905846734 20.25
    endloop
  endfacet
  facet normal 0 0 -1
    outer loop
      vertex 269.77528018497094 -0.5145899867301932 20.25
      vertex 230.25 0 20.25
      vertex 269.75 0 20.25
    endloop
  endfacet
  facet normal 0.24298017990325857 0.9700312531945454 0
    outer loop
      vertex 273.47600544441406 -5.023936762594096 20.25
      vertex 273.47600544441406 -5.023936762594096 25.25
      vertex 273.9757758094153 -5.14912272211696 20.25
    endloop
  endfacet
  facet normal 0.33688985339224076 0.9415440651830135 0
    outer loop
      vertex 272.9909119800833 -4.850367545684255 20.25
      vertex 272.9909119800833 -4.850367545684255 25.25
      vertex 273.47600544441406 -5.023936762594096 20.25
    endloop
  endfacet
  facet normal 0.14673047445535914 0.9891765099647812 0
    outer loop
      vertex 273.9757758094153 -5.14912272211696 20.25
      vertex 273.9757758094153 -5.14912272211696 25.25
      vertex 274.4854100132698 -5.224719815029034 20.25
    endloop
  endfacet
  facet normal 0.04906767432741812 0.9987954562051724 0
    outer loop
      vertex 274.4854100132698 -5.224719815029034 20.25
      vertex 274.4854100132698 -5.224719815029034 25.25
      vertex 275 -5.25 20.25
    endloop
  endfacet
  facet normal -0.04906767432741812 0.9987954562051724 0
    outer loop
      vertex 275 -5.25 20.25
      vertex 275 -5.25 25.25
      vertex 275.5145899867302 -5.224719815029034 20.25
    endloop
  endfacet
  facet normal 0.5956993044924468 0.803207531480635 0
    outer loop
      vertex 271.6694352581409 -4.0583048801543695 20.25
      vertex 271.6694352581409 -4.0583048801543695 25.25
      vertex 272.0832562766471 -4.3652154645883625 20.25
    endloop
  endfacet
  facet normal 0.6715589548469996 0.7409511253549762 0
    outer loop
      vertex 271.6694352581409 -4.0583048801543695 20.25
      vertex 271.2876893987706 -3.7123106012293747 20.25
      vertex 271.2876893987706 -3.7123106012293747 25.25
    endloop
  endfacet
  facet normal 0.7409511253549629 0.6715589548470142 0
    outer loop
      vertex 271.2876893987706 -3.7123106012293747 20.25
      vertex 270.94169511984563 -3.330564741859139 20.25
      vertex 270.94169511984563 -3.330564741859139 25.25
    endloop
  endfacet
  facet normal 0.4275550934302761 0.9039892931234461 0
    outer loop
      vertex 272.5251671316635 -4.630086637828864 20.25
      vertex 272.5251671316635 -4.630086637828864 25.25
      vertex 272.9909119800833 -4.850367545684255 20.25
    endloop
  endfacet
  facet normal 0.5141027441932157 0.8577286100002757 0
    outer loop
      vertex 272.0832562766471 -4.3652154645883625 20.25
      vertex 272.0832562766471 -4.3652154645883625 25.25
      vertex 272.5251671316635 -4.630086637828864 20.25
    endloop
  endfacet
  facet normal 0.8577286100002544 0.5141027441932513 0
    outer loop
      vertex 270.63478453541165 -2.916743723352911 20.25
      vertex 270.36991336217113 -2.4748328683364877 20.25
      vertex 270.36991336217113 -2.4748328683364877 25.25
    endloop
  endfacet
  facet normal 0.8032075314806589 0.5956993044924146 0
    outer loop
      vertex 270.94169511984563 -3.330564741859139 20.25
      vertex 270.63478453541165 -2.916743723352911 20.25
      vertex 270.63478453541165 -2.916743723352911 25.25
    endloop
  endfacet
  facet normal 0.9039892931234393 0.4275550934302905 0
    outer loop
      vertex 270.36991336217113 -2.4748328683364877 20.25
      vertex 270.14963245431574 -2.0090880199167214 20.25
      vertex 270.14963245431574 -2.0090880199167214 25.25
    endloop
  endfacet
  facet normal 0.9415440651830389 0.33688985339216904 0
    outer loop
      vertex 270.14963245431574 -2.0090880199167214 20.25
      vertex 269.9760632374059 -1.5239945555859273 20.25
      vertex 269.9760632374059 -1.5239945555859273 25.25
    endloop
  endfacet
  facet normal 0.9700312531945424 0.2429801799032699 0
    outer loop
      vertex 269.9760632374059 -1.5239945555859273 20.25
      vertex 269.85087727788306 -1.0242241905846734 20.25
      vertex 269.85087727788306 -1.0242241905846734 25.25
    endloop
  endfacet
  facet normal 0.9891765099647684 0.14673047445544768 0
    outer loop
      vertex 269.85087727788306 -1.0242241905846734 20.25
      vertex 269.77528018497094 -0.5145899867301932 20.25
      vertex 269.77528018497094 -0.5145899867301932 25.25
    endloop
  endfacet
  facet normal 0.9987954562051751 0.04906767432736416 0
    outer loop
      vertex 269.77528018497094 -0.5145899867301932 20.25
      vertex 269.75 0 20.25
      vertex 269.75 0 25.25
    endloop
  endfacet
  facet normal 0 0 1
    outer loop
      vertex 227.9167437233529 -4.3652154645883625 25.25
      vertex 272.0832562766471 -4.3652154645883625 25.25
      vertex 271.6694352581409 -4.0583048801543695 25.25
    endloop
  endfacet
  facet normal 0 0 1
    outer loop
      vertex 228.33056474185915 -4.0583048801543695 25.25
      vertex 271.6694352581409 -4.0583048801543695 25.25
      vertex 271.2876893987706 -3.7123106012293747 25.25
    endloop
  endfacet
  facet normal 0 0 1
    outer loop
      vertex 228.71231060122938 -3.7123106012293747 25.25
      vertex 271.2876893987706 -3.7123106012293747 25.25
      vertex 270.94169511984563 -3.330564741859139 25.25
    endloop
  endfacet
  facet normal 0 0 1
    outer loop
      vertex 229.05830488015437 -3.330564741859139 25.25
      vertex 270.94169511984563 -3.330564741859139 25.25
      vertex 270.63478453541165 -2.916743723352911 25.25
    endloop
  endfacet
  facet normal 0 0 1
    outer loop
      vertex 229.36521546458837 -2.916743723352911 25.25
      vertex 270.63478453541165 -2.916743723352911 25.25
      vertex 270.36991336217113 -2.4748328683364877 25.25
    endloop
  endfacet
  facet normal 0 0 1
    outer loop
      vertex 229.63008663782887 -2.4748328683364877 25.25
      vertex 270.36991336217113 -2.4748328683364877 25.25
      vertex 270.14963245431574 -2.0090880199167214 25.25
    endloop
  endfacet
  facet normal 0 0 1
    outer loop
      vertex 229.85036754568426 -2.0090880199167214 25.25
      vertex 270.14963245431574 -2.0090880199167214 25.25
      vertex 269.9760632374059 -1.5239945555859273 25.25
    endloop
  endfacet
  facet normal 0 0 1
    outer loop
      vertex 230.0239367625941 -1.5239945555859273 25.25
      vertex 269.9760632374059 -1.5239945555859273 25.25
      vertex 269.85087727788306 -1.0242241905846734 25.25
    endloop
  endfacet
  facet normal 0 0 1
    outer loop
      vertex 230.14912272211697 -1.0242241905846734 25.25
      vertex 269.85087727788306 -1.0242241905846734 25.25
      vertex 269.77528018497094 -0.5145899867301932 25.25
    endloop
  endfacet
  facet normal 0 0 1
    outer loop
      vertex 269.75 0 25.25
      vertex 230.22471981502903 -0.5145899867301932 25.25
      vertex 269.77528018497094 -0.5145899867301932 25.25
    endloop
  endfacet
  facet normal 0.4275550934302761 0.9039892931234461 0
    outer loop
      vertex 272.9909119800833 -4.850367545684255 20.25
      vertex 272.5251671316635 -4.630086637828864 25.25
      vertex 272.9909119800833 -4.850367545684255 25.25
    endloop
  endfacet
  facet normal 0.33688985339224076 0.9415440651830135 0
    outer loop
      vertex 273.47600544441406 -5.023936762594096 20.25
      vertex 272.9909119800833 -4.850367545684255 25.25
      vertex 273.47600544441406 -5.023936762594096 25.25
    endloop
  endfacet
  facet normal 0.14673047445535914 0.9891765099647812 0
    outer loop
      vertex 274.4854100132698 -5.224719815029034 20.25
      vertex 273.9757758094153 -5.14912272211696 25.25
      vertex 274.4854100132698 -5.224719815029034 25.25
    endloop
  endfacet
  facet normal 0.04906767432741812 0.9987954562051724 0
    outer loop
      vertex 275 -5.25 20.25
      vertex 274.4854100132698 -5.224719815029034 25.25
      vertex 275 -5.25 25.25
    endloop
  endfacet
  facet normal 0.24298017990325857 0.9700312531945454 0
    outer loop
      vertex 273.9757758094153 -5.14912272211696 20.25
      vertex 273.47600544441406 -5.023936762594096 25.25
      vertex 273.9757758094153 -5.14912272211696 25.25
    endloop
  endfacet
  facet normal 0.5956993044924468 0.803207531480635 0
    outer loop
      vertex 272.0832562766471 -4.3652154645883625 20.25
      vertex 271.6694352581409 -4.0583048801543695 25.25
      vertex 272.0832562766471 -4.3652154645883625 25.25
    endloop
  endfacet
  facet normal 0.7409511253549629 0.6715589548470142 0
    outer loop
      vertex 271.2876893987706 -3.7123106012293747 20.25
      vertex 270.94169511984563 -3.330564741859139 25.25
      vertex 271.2876893987706 -3.7123106012293747 25.25
    endloop
  endfacet
  facet normal 0.6715589548469996 0.7409511253549762 0
    outer loop
      vertex 271.6694352581409 -4.0583048801543695 20.25
      vertex 271.2876893987706 -3.7123106012293747 25.25
      vertex 271.6694352581409 -4.0583048801543695 25.25
    endloop
  endfacet
  facet normal 0.8032075314806589 0.5956993044924146 0
    outer loop
      vertex 270.94169511984563 -3.330564741859139 20.25
      vertex 270.63478453541165 -2.916743723352911 25.25
      vertex 270.94169511984563 -3.330564741859139 25.25
    endloop
  endfacet
  facet normal 0.5141027441932157 0.8577286100002757 0
    outer loop
      vertex 272.5251671316635 -4.630086637828864 20.25
      vertex 272.0832562766471 -4.3652154645883625 25.25
      vertex 272.5251671316635 -4.630086637828864 25.25
    endloop
  endfacet
  facet normal 0.8577286100002544 0.5141027441932513 0
    outer loop
      vertex 270.63478453541165 -2.916743723352911 20.25
      vertex 270.36991336217113 -2.4748328683364877 25.25
      vertex 270.63478453541165 -2.916743723352911 25.25
    endloop
  endfacet
  facet normal 0.9039892931234393 0.4275550934302905 0
    outer loop
      vertex 270.36991336217113 -2.4748328683364877 20.25
      vertex 270.14963245431574 -2.0090880199167214 25.25
      vertex 270.36991336217113 -2.4748328683364877 25.25
    endloop
  endfacet
  facet normal 0.9415440651830389 0.33688985339216904 0
    outer loop
      vertex 270.14963245431574 -2.0090880199167214 20.25
      vertex 269.9760632374059 -1.5239945555859273 25.25
      vertex 270.14963245431574 -2.0090880199167214 25.25
    endloop
  endfacet
  facet normal 0.9700312531945424 0.2429801799032699 0
    outer loop
      vertex 269.9760632374059 -1.5239945555859273 20.25
      vertex 269.85087727788306 -1.0242241905846734 25.25
      vertex 269.9760632374059 -1.5239945555859273 25.25
    endloop
  endfacet
  facet normal 0.9891765099647684 0.14673047445544768 0
    outer loop
      vertex 269.85087727788306 -1.0242241905846734 20.25
      vertex 269.77528018497094 -0.5145899867301932 25.25
      vertex 269.85087727788306 -1.0242241905846734 25.25
    endloop
  endfacet
  facet normal 0.9987954562051751 0.04906767432736416 0
    outer loop
      vertex 269.77528018497094 -0.5145899867301932 20.25
      vertex 269.75 0 25.25
      vertex 269.77528018497094 -0.5145899867301932 25.25
    endloop
  endfacet
  facet normal 0 0 -1
    outer loop
      vertex 300.25 -20.25 20.25
      vertex 273.47600544441406 -5.023936762594096 20.25
      vertex 273.9757758094153 -5.14912272211696 20.25
    endloop
  endfacet
  facet normal 0 0 -1
    outer loop
      vertex 300.25 -20.25 20.25
      vertex 273.9757758094153 -5.14912272211696 20.25
      vertex 274.4854100132698 -5.224719815029034 20.25
    endloop
  endfacet
  facet normal 0 0 -1
    outer loop
      vertex 300.25 -20.25 20.25
      vertex 274.4854100132698 -5.224719815029034 20.25
      vertex 275 -5.25 20.25
    endloop
  endfacet
  facet normal 0 0 -1
    outer loop
      vertex 300.25 -20.25 20.25
      vertex 275 -5.25 20.25
      vertex 275.5145899867302 -5.224719815029034 20.25
    endloop
  endfacet
  facet normal 0 0 -1
    outer loop
      vertex 300.25 -20.25 20.25
      vertex 275.5145899867302 -5.224719815029034 20.25
      vertex 276.0242241905847 -5.14912272211696 20.25
    endloop
  endfacet
  facet normal 0 0 -1
    outer loop
      vertex 300.25 -20.25 20.25
      vertex 276.0242241905847 -5.14912272211696 20.25
      vertex 276.52399455558594 -5.023936762594096 20.25
    endloop
  endfacet
  facet normal 0 0 -1
    outer loop
      vertex 300.25 -20.25 20.25
      vertex 276.52399455558594 -5.023936762594096 20.25
      vertex 277.0090880199167 -4.850367545684255 20.25
    endloop
  endfacet
  facet normal 0 0 -1
    outer loop
      vertex 300.25 -20.25 20.25
      vertex 277.0090880199167 -4.850367545684255 20.25
      vertex 277.4748328683365 -4.630086637828864 20.25
    endloop
  endfacet
  facet normal 0 0 -1
    outer loop
      vertex 300.25 -20.25 20.25
      vertex 277.4748328683365 -4.630086637828864 20.25
      vertex 277.9167437233529 -4.3652154645883625 20.25
    endloop
  endfacet
  facet normal 0 0 -1
    outer loop
      vertex 300.25 -20.25 20.25
      vertex 277.9167437233529 -4.3652154645883625 20.25
      vertex 278.3305647418591 -4.0583048801543695 20.25
    endloop
  endfacet
  facet normal 0 0 -1
    outer loop
      vertex 300.25 -20.25 20.25
      vertex 278.3305647418591 -4.0583048801543695 20.25
      vertex 278.7123106012294 -3.7123106012293747 20.25
    endloop
  endfacet
  facet normal 0 0 -1
    outer loop
      vertex 300.25 -20.25 20.25
      vertex 278.7123106012294 -3.7123106012293747 20.25
      vertex 279.05830488015437 -3.330564741859139 20.25
    endloop
  endfacet
  facet normal 0 0 -1
    outer loop
      vertex 300.25 -20.25 20.25
      vertex 279.05830488015437 -3.330564741859139 20.25
      vertex 279.36521546458835 -2.916743723352911 20.25
    endloop
  endfacet
  facet normal 0 0 -1
    outer loop
      vertex 300.25 -20.25 20.25
      vertex 279.36521546458835 -2.916743723352911 20.25
      vertex 279.63008663782887 -2.4748328683364877 20.25
    endloop
  endfacet
  facet normal 0 0 -1
    outer loop
      vertex 300.25 -20.25 20.25
      vertex 279.63008663782887 -2.4748328683364877 20.25
      vertex 279.85036754568426 -2.0090880199167214 20.25
    endloop
  endfacet
  facet normal 0 0 -1
    outer loop
      vertex 300.25 -20.25 20.25
      vertex 279.85036754568426 -2.0090880199167214 20.25
      vertex 280.0239367625941 -1.5239945555859273 20.25
    endloop
  endfacet
  facet normal 0 0 -1
    outer loop
      vertex 300.25 -20.25 20.25
      vertex 280.0239367625941 -1.5239945555859273 20.25
      vertex 280.14912272211694 -1.0242241905846734 20.25
    endloop
  endfacet
  facet normal 0 0 -1
    outer loop
      vertex 300.25 -20.25 20.25
      vertex 280.14912272211694 -1.0242241905846734 20.25
      vertex 280.22471981502906 -0.5145899867301932 20.25
    endloop
  endfacet
  facet normal 0 0 -1
    outer loop
      vertex 300.25 -20.25 20.25
      vertex 280.22471981502906 -0.5145899867301932 20.25
      vertex 280.25 0 20.25
    endloop
  endfacet
  facet normal 0 0 -1
    outer loop
      vertex 300.25 -20.25 20.25
      vertex 280.25 0 20.25
      vertex 280.22471981502906 0.5145899867301932 20.25
    endloop
  endfacet
  facet normal 1 0 0
    outer loop
      vertex 300.25 -20.25 20.25
      vertex 300.25 20.25 20.745049504950494
      vertex 300.25 -20.25 24.754950495049506
    endloop
  endfacet
  facet normal 0 0 1
    outer loop
      vertex 280.4480198019802 -20.25 25.25
      vertex 273.9757758094153 -5.14912272211696 25.25
      vertex 273.47600544441406 -5.023936762594096 25.25
    endloop
  endfacet
  facet normal 0 0 1
    outer loop
      vertex 280.4480198019802 -20.25 25.25
      vertex 273.47600544441406 -5.023936762594096 25.25
      vertex 272.9909119800833 -4.850367545684255 25.25
    endloop
  endfacet
  facet normal 0 0 1
    outer loop
      vertex 280.4480198019802 -20.25 25.25
      vertex 272.9909119800833 -4.850367545684255 25.25
      vertex 272.5251671316635 -4.630086637828864 25.25
    endloop
  endfacet
  facet normal 0 0 1
    outer loop
      vertex 280.4480198019802 -20.25 25.25
      vertex 274.4854100132698 -5.224719815029034 25.25
      vertex 273.9757758094153 -5.14912272211696 25.25
    endloop
  endfacet
  facet normal 0 0 1
    outer loop
      vertex 280.4480198019802 -20.25 25.25
      vertex 275 -5.25 25.25
      vertex 274.4854100132698 -5.224719815029034 25.25
    endloop
  endfacet
  facet normal 0 0 1
    outer loop
      vertex 280.4480198019802 -20.25 25.25
      vertex 275.5145899867302 -5.224719815029034 25.25
      vertex 275 -5.25 25.25
    endloop
  endfacet
  facet normal 0 0 1
    outer loop
      vertex 280.4480198019802 -20.25 25.25
      vertex 276.0242241905847 -5.14912272211696 25.25
      vertex 275.5145899867302 -5.224719815029034 25.25
    endloop
  endfacet
  facet normal 0 0 1
    outer loop
      vertex 280.4480198019802 -20.25 25.25
      vertex 276.52399455558594 -5.023936762594096 25.25
      vertex 276.0242241905847 -5.14912272211696 25.25
    endloop
  endfacet
  facet normal 0 0 1
    outer loop
      vertex 280.4480198019802 -20.25 25.25
      vertex 277.0090880199167 -4.850367545684255 25.25
      vertex 276.52399455558594 -5.023936762594096 25.25
    endloop
  endfacet
  facet normal 0 0 1
    outer loop
      vertex 280.4480198019802 -20.25 25.25
      vertex 277.4748328683365 -4.630086637828864 25.25
      vertex 277.0090880199167 -4.850367545684255 25.25
    endloop
  endfacet
  facet normal 0 0 1
    outer loop
      vertex 280.4480198019802 -20.25 25.25
      vertex 277.9167437233529 -4.3652154645883625 25.25
      vertex 277.4748328683365 -4.630086637828864 25.25
    endloop
  endfacet
  facet normal 0 0 1
    outer loop
      vertex 280.4480198019802 -20.25 25.25
      vertex 278.3305647418591 -4.0583048801543695 25.25
      vertex 277.9167437233529 -4.3652154645883625 25.25
    endloop
  endfacet
  facet normal 0 0 1
    outer loop
      vertex 280.4480198019802 -20.25 25.25
      vertex 278.7123106012294 -3.7123106012293747 25.25
      vertex 278.3305647418591 -4.0583048801543695 25.25
    endloop
  endfacet
  facet normal 0 0 1
    outer loop
      vertex 280.4480198019802 -20.25 25.25
      vertex 279.05830488015437 -3.330564741859139 25.25
      vertex 278.7123106012294 -3.7123106012293747 25.25
    endloop
  endfacet
  facet normal 0 0 1
    outer loop
      vertex 280.4480198019802 -20.25 25.25
      vertex 279.36521546458835 -2.916743723352911 25.25
      vertex 279.05830488015437 -3.330564741859139 25.25
    endloop
  endfacet
  facet normal 0 0 1
    outer loop
      vertex 280.4480198019802 -20.25 25.25
      vertex 279.63008663782887 -2.4748328683364877 25.25
      vertex 279.36521546458835 -2.916743723352911 25.25
    endloop
  endfacet
  facet normal 0 0 1
    outer loop
      vertex 280.4480198019802 -20.25 25.25
      vertex 279.85036754568426 -2.0090880199167214 25.25
      vertex 279.63008663782887 -2.4748328683364877 25.25
    endloop
  endfacet
  facet normal 0 0 1
    outer loop
      vertex 280.4480198019802 -20.25 25.25
      vertex 280.0239367625941 -1.5239945555859273 25.25
      vertex 279.85036754568426 -2.0090880199167214 25.25
    endloop
  endfacet
  facet normal 0 0 1
    outer loop
      vertex 280.4480198019802 -20.25 25.25
      vertex 280.14912272211694 -1.0242241905846734 25.25
      vertex 280.0239367625941 -1.5239945555859273 25.25
    endloop
  endfacet
  facet normal 0 0 1
    outer loop
      vertex 280.4480198019802 -20.25 25.25
      vertex 280.22471981502906 -0.5145899867301932 25.25
      vertex 280.14912272211694 -1.0242241905846734 25.25
    endloop
  endfacet
  facet normal 0 0 1
    outer loop
      vertex 280.4480198019802 -20.25 25.25
      vertex 280.25 0 25.25
      vertex 280.22471981502906 -0.5145899867301932 25.25
    endloop
  endfacet
  facet normal 0 0 1
    outer loop
      vertex 280.4480198019802 -20.25 25.25
      vertex 300.25 -25.25 25.25
      vertex 300.25 25.25 25.25
    endloop
  endfacet
  facet normal 1 0 0
    outer loop
      vertex 300.25 -25.25 25.25
      vertex 300.25 -20.25 24.754950495049506
      vertex 300.25 25.25 25.25
    endloop
  endfacet
  facet normal 0 0 -1
    outer loop
      vertex 300.25 -20.25 20.25
      vertex 280.22471981502906 0.5145899867301932 20.25
      vertex 280.14912272211694 1.0242241905846734 20.25
    endloop
  endfacet
  facet normal 0 0 -1
    outer loop
      vertex 300.25 -20.25 20.25
      vertex 280.14912272211694 1.0242241905846734 20.25
      vertex 280.0239367625941 1.5239945555859273 20.25
    endloop
  endfacet
  facet normal 0 0 -1
    outer loop
      vertex 300.25 -20.25 20.25
      vertex 280.0239367625941 1.5239945555859273 20.25
      vertex 279.85036754568426 2.0090880199167214 20.25
    endloop
  endfacet
  facet normal -0.14673047445535914 0.9891765099647812 0
    outer loop
      vertex 275.5145899867302 -5.224719815029034 20.25
      vertex 275.5145899867302 -5.224719815029034 25.25
      vertex 276.0242241905847 -5.14912272211696 20.25
    endloop
  endfacet
  facet normal -0.24298017990325857 0.9700312531945454 0
    outer loop
      vertex 276.0242241905847 -5.14912272211696 20.25
      vertex 276.0242241905847 -5.14912272211696 25.25
      vertex 276.52399455558594 -5.023936762594096 20.25
    endloop
  endfacet
  facet normal -0.33688985339224076 0.9415440651830135 0
    outer loop
      vertex 276.52399455558594 -5.023936762594096 20.25
      vertex 276.52399455558594 -5.023936762594096 25.25
      vertex 277.0090880199167 -4.850367545684255 20.25
    endloop
  endfacet
  facet normal -0.4275550934302761 0.9039892931234461 0
    outer loop
      vertex 277.0090880199167 -4.850367545684255 20.25
      vertex 277.0090880199167 -4.850367545684255 25.25
      vertex 277.4748328683365 -4.630086637828864 20.25
    endloop
  endfacet
  facet normal -0.5141027441932157 0.8577286100002757 0
    outer loop
      vertex 277.4748328683365 -4.630086637828864 20.25
      vertex 277.4748328683365 -4.630086637828864 25.25
      vertex 277.9167437233529 -4.3652154645883625 20.25
    endloop
  endfacet
  facet normal -0.5956993044924468 0.803207531480635 0
    outer loop
      vertex 277.9167437233529 -4.3652154645883625 20.25
      vertex 277.9167437233529 -4.3652154645883625 25.25
      vertex 278.3305647418591 -4.0583048801543695 20.25
    endloop
  endfacet
  facet normal -0.6715589548469996 0.7409511253549762 0
    outer loop
      vertex 278.3305647418591 -4.0583048801543695 20.25
      vertex 278.3305647418591 -4.0583048801543695 25.25
      vertex 278.7123106012294 -3.7123106012293747 20.25
    endloop
  endfacet
  facet normal -0.7409511253549629 0.6715589548470142 0
    outer loop
      vertex 278.7123106012294 -3.7123106012293747 20.25
      vertex 278.7123106012294 -3.7123106012293747 25.25
      vertex 279.05830488015437 -3.330564741859139 20.25
    endloop
  endfacet
  facet normal -0.8032075314806589 0.5956993044924146 0
    outer loop
      vertex 279.36521546458835 -2.916743723352911 20.25
      vertex 279.05830488015437 -3.330564741859139 20.25
      vertex 279.05830488015437 -3.330564741859139 25.25
    endloop
  endfacet
  facet normal -0.8577286100002544 0.5141027441932513 0
    outer loop
      vertex 279.63008663782887 -2.4748328683364877 20.25
      vertex 279.36521546458835 -2.916743723352911 20.25
      vertex 279.36521546458835 -2.916743723352911 25.25
    endloop
  endfacet
  facet normal -0.9039892931234393 0.4275550934302905 0
    outer loop
      vertex 279.85036754568426 -2.0090880199167214 20.25
      vertex 279.63008663782887 -2.4748328683364877 20.25
      vertex 279.63008663782887 -2.4748328683364877 25.25
    endloop
  endfacet
  facet normal -0.9415440651830389 0.33688985339216904 0
    outer loop
      vertex 280.0239367625941 -1.5239945555859273 20.25
      vertex 279.85036754568426 -2.0090880199167214 20.25
      vertex 279.85036754568426 -2.0090880199167214 25.25
    endloop
  endfacet
  facet normal -0.9700312531945424 0.2429801799032699 0
    outer loop
      vertex 280.14912272211694 -1.0242241905846734 20.25
      vertex 280.0239367625941 -1.5239945555859273 20.25
      vertex 280.0239367625941 -1.5239945555859273 25.25
    endloop
  endfacet
  facet normal -0.9891765099647684 0.14673047445544768 0
    outer loop
      vertex 280.22471981502906 -0.5145899867301932 20.25
      vertex 280.14912272211694 -1.0242241905846734 20.25
      vertex 280.14912272211694 -1.0242241905846734 25.25
    endloop
  endfacet
  facet normal -0.9987954562051751 0.04906767432736416 0
    outer loop
      vertex 280.22471981502906 -0.5145899867301932 20.25
      vertex 280.22471981502906 -0.5145899867301932 25.25
      vertex 280.25 0 20.25
    endloop
  endfacet
  facet normal -0.04906767432741812 0.9987954562051724 0
    outer loop
      vertex 275.5145899867302 -5.224719815029034 20.25
      vertex 275 -5.25 25.25
      vertex 275.5145899867302 -5.224719815029034 25.25
    endloop
  endfacet
  facet normal -0.14673047445535914 0.9891765099647812 0
    outer loop
      vertex 276.0242241905847 -5.14912272211696 20.25
      vertex 275.5145899867302 -5.224719815029034 25.25
      vertex 276.0242241905847 -5.14912272211696 25.25
    endloop
  endfacet
  facet normal -0.24298017990325857 0.9700312531945454 0
    outer loop
      vertex 276.52399455558594 -5.023936762594096 20.25
      vertex 276.0242241905847 -5.14912272211696 25.25
      vertex 276.52399455558594 -5.023936762594096 25.25
    endloop
  endfacet
  facet normal -0.33688985339224076 0.9415440651830135 0
    outer loop
      vertex 277.0090880199167 -4.850367545684255 20.25
      vertex 276.52399455558594 -5.023936762594096 25.25
      vertex 277.0090880199167 -4.850367545684255 25.25
    endloop
  endfacet
  facet normal -0.4275550934302761 0.9039892931234461 0
    outer loop
      vertex 277.4748328683365 -4.630086637828864 20.25
      vertex 277.0090880199167 -4.850367545684255 25.25
      vertex 277.4748328683365 -4.630086637828864 25.25
    endloop
  endfacet
  facet normal -0.5141027441932157 0.8577286100002757 0
    outer loop
      vertex 277.9167437233529 -4.3652154645883625 20.25
      vertex 277.4748328683365 -4.630086637828864 25.25
      vertex 277.9167437233529 -4.3652154645883625 25.25
    endloop
  endfacet
  facet normal -0.5956993044924468 0.803207531480635 0
    outer loop
      vertex 278.3305647418591 -4.0583048801543695 20.25
      vertex 277.9167437233529 -4.3652154645883625 25.25
      vertex 278.3305647418591 -4.0583048801543695 25.25
    endloop
  endfacet
  facet normal -0.6715589548469996 0.7409511253549762 0
    outer loop
      vertex 278.7123106012294 -3.7123106012293747 20.25
      vertex 278.3305647418591 -4.0583048801543695 25.25
      vertex 278.7123106012294 -3.7123106012293747 25.25
    endloop
  endfacet
  facet normal -0.7409511253549629 0.6715589548470142 0
    outer loop
      vertex 279.05830488015437 -3.330564741859139 20.25
      vertex 278.7123106012294 -3.7123106012293747 25.25
      vertex 279.05830488015437 -3.330564741859139 25.25
    endloop
  endfacet
  facet normal -0.8032075314806589 0.5956993044924146 0
    outer loop
      vertex 279.36521546458835 -2.916743723352911 20.25
      vertex 279.05830488015437 -3.330564741859139 25.25
      vertex 279.36521546458835 -2.916743723352911 25.25
    endloop
  endfacet
  facet normal -0.8577286100002544 0.5141027441932513 0
    outer loop
      vertex 279.63008663782887 -2.4748328683364877 20.25
      vertex 279.36521546458835 -2.916743723352911 25.25
      vertex 279.63008663782887 -2.4748328683364877 25.25
    endloop
  endfacet
  facet normal -0.9039892931234393 0.4275550934302905 0
    outer loop
      vertex 279.85036754568426 -2.0090880199167214 20.25
      vertex 279.63008663782887 -2.4748328683364877 25.25
      vertex 279.85036754568426 -2.0090880199167214 25.25
    endloop
  endfacet
  facet normal -0.9415440651830389 0.33688985339216904 0
    outer loop
      vertex 280.0239367625941 -1.5239945555859273 20.25
      vertex 279.85036754568426 -2.0090880199167214 25.25
      vertex 280.0239367625941 -1.5239945555859273 25.25
    endloop
  endfacet
  facet normal -0.9700312531945424 0.2429801799032699 0
    outer loop
      vertex 280.14912272211694 -1.0242241905846734 20.25
      vertex 280.0239367625941 -1.5239945555859273 25.25
      vertex 280.14912272211694 -1.0242241905846734 25.25
    endloop
  endfacet
  facet normal -0.9891765099647684 0.14673047445544768 0
    outer loop
      vertex 280.22471981502906 -0.5145899867301932 20.25
      vertex 280.14912272211694 -1.0242241905846734 25.25
      vertex 280.22471981502906 -0.5145899867301932 25.25
    endloop
  endfacet
  facet normal -0.9987954562051751 0.04906767432736416 0
    outer loop
      vertex 280.25 0 20.25
      vertex 280.22471981502906 -0.5145899867301932 25.25
      vertex 280.25 0 25.25
    endloop
  endfacet
  facet normal 0 0 -1
    outer loop
      vertex 100.25 20.25 0.25
      vertex 300.25 25.25 0.25
      vertex 300.25 20.25 0.25
    endloop
  endfacet
  facet normal 0 -1 0
    outer loop
      vertex 100.25 20.25 0.25
      vertex 300.25 20.25 0.25
      vertex 300.25 20.25 20.25
    endloop
  endfacet
  facet normal 1 0 0
    outer loop
      vertex 300.25 20.25 0.25
      vertex 300.25 25.25 0.25
      vertex 300.25 25.25 20.25
    endloop
  endfacet
  facet normal 0 0 -1
    outer loop
      vertex 177.9167437233529 -4.3652154645883625 20.25
      vertex 220.36991336217113 2.4748328683364877 20.25
      vertex 220.14963245431574 2.0090880199167214 20.25
    endloop
  endfacet
  facet normal 0 0 -1
    outer loop
      vertex 177.9167437233529 -4.3652154645883625 20.25
      vertex 220.63478453541163 2.916743723352911 20.25
      vertex 220.36991336217113 2.4748328683364877 20.25
    endloop
  endfacet
  facet normal 0 0 -1
    outer loop
      vertex 177.9167437233529 -4.3652154645883625 20.25
      vertex 220.94169511984563 3.330564741859139 20.25
      vertex 220.63478453541163 2.916743723352911 20.25
    endloop
  endfacet
  facet normal 0 0 -1
    outer loop
      vertex 177.9167437233529 -4.3652154645883625 20.25
      vertex 221.28768939877062 3.7123106012293747 20.25
      vertex 220.94169511984563 3.330564741859139 20.25
    endloop
  endfacet
  facet normal 0 0 -1
    outer loop
      vertex 177.9167437233529 -4.3652154645883625 20.25
      vertex 221.66943525814085 4.0583048801543695 20.25
      vertex 221.28768939877062 3.7123106012293747 20.25
    endloop
  endfacet
  facet normal 0 0 -1
    outer loop
      vertex 177.9167437233529 -4.3652154645883625 20.25
      vertex 222.0832562766471 4.3652154645883625 20.25
      vertex 221.66943525814085 4.0583048801543695 20.25
    endloop
  endfacet
  facet normal 0 0 -1
    outer loop
      vertex 177.47483286833648 4.630086637828864 20.25
      vertex 222.52516713166352 4.630086637828864 20.25
      vertex 222.0832562766471 4.3652154645883625 20.25
    endloop
  endfacet
  facet normal 0 0 -1
    outer loop
      vertex 177.00908801991673 4.850367545684255 20.25
      vertex 222.99091198008327 4.850367545684255 20.25
      vertex 222.52516713166352 4.630086637828864 20.25
    endloop
  endfacet
  facet normal 0 0 -1
    outer loop
      vertex 176.52399455558592 5.023936762594096 20.25
      vertex 223.47600544441408 5.023936762594096 20.25
      vertex 222.99091198008327 4.850367545684255 20.25
    endloop
  endfacet
  facet normal 0.9987954562051723 -0.049067674327419195 0
    outer loop
      vertex 219.75 0 20.25
      vertex 219.77528018497097 0.5145899867301932 20.25
      vertex 219.77528018497097 0.5145899867301932 25.25
    endloop
  endfacet
  facet normal 0.9891765099647843 -0.1467304744553397 0
    outer loop
      vertex 219.77528018497097 0.5145899867301932 20.25
      vertex 219.85087727788303 1.0242241905846734 20.25
      vertex 219.85087727788303 1.0242241905846734 25.25
    endloop
  endfacet
  facet normal 0.9700312531945424 -0.2429801799032699 0
    outer loop
      vertex 219.85087727788303 1.0242241905846734 20.25
      vertex 219.9760632374059 1.5239945555859273 20.25
      vertex 219.9760632374059 1.5239945555859273 25.25
    endloop
  endfacet
  facet normal 0.9415440651830216 -0.336889853392218 0
    outer loop
      vertex 219.9760632374059 1.5239945555859273 20.25
      vertex 220.14963245431574 2.0090880199167214 20.25
      vertex 220.14963245431574 2.0090880199167214 25.25
    endloop
  endfacet
  facet normal 0.9039892931234393 -0.4275550934302905 0
    outer loop
      vertex 220.14963245431574 2.0090880199167214 20.25
      vertex 220.36991336217113 2.4748328683364877 20.25
      vertex 220.36991336217113 2.4748328683364877 25.25
    endloop
  endfacet
  facet normal 0.8577286100002787 -0.5141027441932108 0
    outer loop
      vertex 220.36991336217113 2.4748328683364877 20.25
      vertex 220.63478453541163 2.916743723352911 20.25
      vertex 220.63478453541163 2.916743723352911 25.25
    endloop
  endfacet
  facet normal 0.8032075314806324 -0.5956993044924501 0
    outer loop
      vertex 220.63478453541163 2.916743723352911 20.25
      vertex 220.94169511984563 3.330564741859139 20.25
      vertex 220.94169511984563 3.330564741859139 25.25
    endloop
  endfacet
  facet normal 0.7409511253549629 -0.6715589548470142 0
    outer loop
      vertex 220.94169511984563 3.330564741859139 20.25
      vertex 221.28768939877062 3.7123106012293747 20.25
      vertex 221.28768939877062 3.7123106012293747 25.25
    endloop
  endfacet
  facet normal 0.671558954847027 -0.7409511253549512 0
    outer loop
      vertex 221.66943525814085 4.0583048801543695 20.25
      vertex 221.66943525814085 4.0583048801543695 25.25
      vertex 221.28768939877062 3.7123106012293747 20.25
    endloop
  endfacet
  facet normal 0.5956993044924204 -0.8032075314806545 0
    outer loop
      vertex 222.0832562766471 4.3652154645883625 20.25
      vertex 222.0832562766471 4.3652154645883625 25.25
      vertex 221.66943525814085 4.0583048801543695 20.25
    endloop
  endfacet
  facet normal 0.5141027441932157 -0.8577286100002757 0
    outer loop
      vertex 222.52516713166352 4.630086637828864 20.25
      vertex 222.52516713166352 4.630086637828864 25.25
      vertex 222.0832562766471 4.3652154645883625 20.25
    endloop
  endfacet
  facet normal 0.42755509343029735 -0.903989293123436 0
    outer loop
      vertex 222.99091198008327 4.850367545684255 20.25
      vertex 222.99091198008327 4.850367545684255 25.25
      vertex 222.52516713166352 4.630086637828864 20.25
    endloop
  endfacet
  facet normal 0.33688985339220573 -0.9415440651830259 0
    outer loop
      vertex 223.47600544441408 5.023936762594096 20.25
      vertex 223.47600544441408 5.023936762594096 25.25
      vertex 222.99091198008327 4.850367545684255 20.25
    endloop
  endfacet
  facet normal 0.24298017990327156 -0.9700312531945421 0
    outer loop
      vertex 223.97577580941532 5.14912272211696 20.25
      vertex 223.97577580941532 5.14912272211696 25.25
      vertex 223.47600544441408 5.023936762594096 20.25
    endloop
  endfacet
  facet normal 0.14673047445535914 -0.9891765099647812 0
    outer loop
      vertex 224.4854100132698 5.224719815029034 20.25
      vertex 224.4854100132698 5.224719815029034 25.25
      vertex 223.97577580941532 5.14912272211696 20.25
    endloop
  endfacet
  facet normal 0.04906767432741812 -0.9987954562051724 0
    outer loop
      vertex 225 5.25 20.25
      vertex 225 5.25 25.25
      vertex 224.4854100132698 5.224719815029034 20.25
    endloop
  endfacet
  facet normal 0.9987954562051723 -0.049067674327419195 0
    outer loop
      vertex 219.75 0 20.25
      vertex 219.77528018497097 0.5145899867301932 25.25
      vertex 219.75 0 25.25
    endloop
  endfacet
  facet normal 0.9891765099647843 -0.1467304744553397 0
    outer loop
      vertex 219.77528018497097 0.5145899867301932 20.25
      vertex 219.85087727788303 1.0242241905846734 25.25
      vertex 219.77528018497097 0.5145899867301932 25.25
    endloop
  endfacet
  facet normal 0.9700312531945424 -0.2429801799032699 0
    outer loop
      vertex 219.85087727788303 1.0242241905846734 20.25
      vertex 219.9760632374059 1.5239945555859273 25.25
      vertex 219.85087727788303 1.0242241905846734 25.25
    endloop
  endfacet
  facet normal 0.9415440651830216 -0.336889853392218 0
    outer loop
      vertex 219.9760632374059 1.5239945555859273 20.25
      vertex 220.14963245431574 2.0090880199167214 25.25
      vertex 219.9760632374059 1.5239945555859273 25.25
    endloop
  endfacet
  facet normal 0.9039892931234393 -0.4275550934302905 0
    outer loop
      vertex 220.14963245431574 2.0090880199167214 20.25
      vertex 220.36991336217113 2.4748328683364877 25.25
      vertex 220.14963245431574 2.0090880199167214 25.25
    endloop
  endfacet
  facet normal 0.8577286100002787 -0.5141027441932108 0
    outer loop
      vertex 220.36991336217113 2.4748328683364877 20.25
      vertex 220.63478453541163 2.916743723352911 25.25
      vertex 220.36991336217113 2.4748328683364877 25.25
    endloop
  endfacet
  facet normal 0.8032075314806324 -0.5956993044924501 0
    outer loop
      vertex 220.63478453541163 2.916743723352911 20.25
      vertex 220.94169511984563 3.330564741859139 25.25
      vertex 220.63478453541163 2.916743723352911 25.25
    endloop
  endfacet
  facet normal 0.7409511253549629 -0.6715589548470142 0
    outer loop
      vertex 220.94169511984563 3.330564741859139 20.25
      vertex 221.28768939877062 3.7123106012293747 25.25
      vertex 220.94169511984563 3.330564741859139 25.25
    endloop
  endfacet
  facet normal 0.671558954847027 -0.7409511253549512 0
    outer loop
      vertex 221.28768939877062 3.7123106012293747 20.25
      vertex 221.66943525814085 4.0583048801543695 25.25
      vertex 221.28768939877062 3.7123106012293747 25.25
    endloop
  endfacet
  facet normal 0.5956993044924204 -0.8032075314806545 0
    outer loop
      vertex 221.66943525814085 4.0583048801543695 20.25
      vertex 222.0832562766471 4.3652154645883625 25.25
      vertex 221.66943525814085 4.0583048801543695 25.25
    endloop
  endfacet
  facet normal 0.5141027441932157 -0.8577286100002757 0
    outer loop
      vertex 222.0832562766471 4.3652154645883625 20.25
      vertex 222.52516713166352 4.630086637828864 25.25
      vertex 222.0832562766471 4.3652154645883625 25.25
    endloop
  endfacet
  facet normal 0.42755509343029735 -0.903989293123436 0
    outer loop
      vertex 222.52516713166352 4.630086637828864 20.25
      vertex 222.99091198008327 4.850367545684255 25.25
      vertex 222.52516713166352 4.630086637828864 25.25
    endloop
  endfacet
  facet normal 0.33688985339220573 -0.9415440651830259 0
    outer loop
      vertex 222.99091198008327 4.850367545684255 20.25
      vertex 223.47600544441408 5.023936762594096 25.25
      vertex 222.99091198008327 4.850367545684255 25.25
    endloop
  endfacet
  facet normal 0.24298017990327156 -0.9700312531945421 0
    outer loop
      vertex 223.47600544441408 5.023936762594096 20.25
      vertex 223.97577580941532 5.14912272211696 25.25
      vertex 223.47600544441408 5.023936762594096 25.25
    endloop
  endfacet
  facet normal 0.14673047445535914 -0.9891765099647812 0
    outer loop
      vertex 223.97577580941532 5.14912272211696 20.25
      vertex 224.4854100132698 5.224719815029034 25.25
      vertex 223.97577580941532 5.14912272211696 25.25
    endloop
  endfacet
  facet normal 0.04906767432741812 -0.9987954562051724 0
    outer loop
      vertex 224.4854100132698 5.224719815029034 20.25
      vertex 225 5.25 25.25
      vertex 224.4854100132698 5.224719815029034 25.25
    endloop
  endfacet
  facet normal -0.04906767432741812 -0.9987954562051724 0
    outer loop
      vertex 225 5.25 20.25
      vertex 225.5145899867302 5.224719815029034 25.25
      vertex 225 5.25 25.25
    endloop
  endfacet
  facet normal 0 0 1
    outer loop
      vertex 100.25 25.25 25.25
      vertex 272.0832562766471 4.3652154645883625 25.25
      vertex 272.5251671316635 4.630086637828864 25.25
    endloop
  endfacet
  facet normal 0 0 1
    outer loop
      vertex 100.25 25.25 25.25
      vertex 272.5251671316635 4.630086637828864 25.25
      vertex 272.9909119800833 4.850367545684255 25.25
    endloop
  endfacet
  facet normal 0 0 1
    outer loop
      vertex 100.25 25.25 25.25
      vertex 272.9909119800833 4.850367545684255 25.25
      vertex 273.47600544441406 5.023936762594096 25.25
    endloop
  endfacet
  facet normal 0 0 1
    outer loop
      vertex 100.25 25.25 25.25
      vertex 273.47600544441406 5.023936762594096 25.25
      vertex 273.9757758094153 5.14912272211696 25.25
    endloop
  endfacet
  facet normal 0 0 1
    outer loop
      vertex 100.25 25.25 25.25
      vertex 273.9757758094153 5.14912272211696 25.25
      vertex 274.4854100132698 5.224719815029034 25.25
    endloop
  endfacet
  facet normal -0.9987954562051723 -0.049067674327419195 0
    outer loop
      vertex 230.25 0 20.25
      vertex 230.25 0 25.25
      vertex 230.22471981502903 0.5145899867301932 20.25
    endloop
  endfacet
  facet normal -0.9891765099647843 -0.1467304744553397 0
    outer loop
      vertex 230.14912272211697 1.0242241905846734 20.25
      vertex 230.22471981502903 0.5145899867301932 20.25
      vertex 230.22471981502903 0.5145899867301932 25.25
    endloop
  endfacet
  facet normal -0.9700312531945424 -0.2429801799032699 0
    outer loop
      vertex 230.0239367625941 1.5239945555859273 20.25
      vertex 230.14912272211697 1.0242241905846734 20.25
      vertex 230.14912272211697 1.0242241905846734 25.25
    endloop
  endfacet
  facet normal -0.9039892931234393 -0.4275550934302905 0
    outer loop
      vertex 229.63008663782887 2.4748328683364877 20.25
      vertex 229.85036754568426 2.0090880199167214 20.25
      vertex 229.85036754568426 2.0090880199167214 25.25
    endloop
  endfacet
  facet normal -0.9415440651830216 -0.336889853392218 0
    outer loop
      vertex 229.85036754568426 2.0090880199167214 20.25
      vertex 230.0239367625941 1.5239945555859273 20.25
      vertex 230.0239367625941 1.5239945555859273 25.25
    endloop
  endfacet
  facet normal -0.8577286100002787 -0.5141027441932108 0
    outer loop
      vertex 229.36521546458837 2.916743723352911 20.25
      vertex 229.63008663782887 2.4748328683364877 20.25
      vertex 229.63008663782887 2.4748328683364877 25.25
    endloop
  endfacet
  facet normal -0.8032075314806324 -0.5956993044924501 0
    outer loop
      vertex 229.05830488015437 3.330564741859139 20.25
      vertex 229.36521546458837 2.916743723352911 20.25
      vertex 229.36521546458837 2.916743723352911 25.25
    endloop
  endfacet
  facet normal -0.5956993044924204 -0.8032075314806545 0
    outer loop
      vertex 228.33056474185915 4.0583048801543695 20.25
      vertex 228.33056474185915 4.0583048801543695 25.25
      vertex 227.9167437233529 4.3652154645883625 20.25
    endloop
  endfacet
  facet normal -0.42755509343029735 -0.903989293123436 0
    outer loop
      vertex 227.47483286833648 4.630086637828864 20.25
      vertex 227.47483286833648 4.630086637828864 25.25
      vertex 227.00908801991673 4.850367545684255 20.25
    endloop
  endfacet
  facet normal -0.5141027441932157 -0.8577286100002757 0
    outer loop
      vertex 227.9167437233529 4.3652154645883625 20.25
      vertex 227.9167437233529 4.3652154645883625 25.25
      vertex 227.47483286833648 4.630086637828864 20.25
    endloop
  endfacet
  facet normal -0.7409511253549629 -0.6715589548470142 0
    outer loop
      vertex 228.71231060122938 3.7123106012293747 20.25
      vertex 229.05830488015437 3.330564741859139 20.25
      vertex 229.05830488015437 3.330564741859139 25.25
    endloop
  endfacet
  facet normal -0.671558954847027 -0.7409511253549512 0
    outer loop
      vertex 228.71231060122938 3.7123106012293747 20.25
      vertex 228.71231060122938 3.7123106012293747 25.25
      vertex 228.33056474185915 4.0583048801543695 20.25
    endloop
  endfacet
  facet normal -0.24298017990327156 -0.9700312531945421 0
    outer loop
      vertex 226.52399455558592 5.023936762594096 20.25
      vertex 226.52399455558592 5.023936762594096 25.25
      vertex 226.02422419058468 5.14912272211696 20.25
    endloop
  endfacet
  facet normal -0.04906767432741812 -0.9987954562051724 0
    outer loop
      vertex 225.5145899867302 5.224719815029034 20.25
      vertex 225.5145899867302 5.224719815029034 25.25
      vertex 225 5.25 20.25
    endloop
  endfacet
  facet normal -0.14673047445535914 -0.9891765099647812 0
    outer loop
      vertex 226.02422419058468 5.14912272211696 20.25
      vertex 226.02422419058468 5.14912272211696 25.25
      vertex 225.5145899867302 5.224719815029034 20.25
    endloop
  endfacet
  facet normal -0.33688985339220573 -0.9415440651830259 0
    outer loop
      vertex 227.00908801991673 4.850367545684255 20.25
      vertex 227.00908801991673 4.850367545684255 25.25
      vertex 226.52399455558592 5.023936762594096 20.25
    endloop
  endfacet
  facet normal 0 0 -1
    outer loop
      vertex 230.25 0 20.25
      vertex 230.22471981502903 0.5145899867301932 20.25
      vertex 269.75 0 20.25
    endloop
  endfacet
  facet normal 0 0 -1
    outer loop
      vertex 230.14912272211697 1.0242241905846734 20.25
      vertex 269.77528018497094 0.5145899867301932 20.25
      vertex 230.22471981502903 0.5145899867301932 20.25
    endloop
  endfacet
  facet normal 0 0 -1
    outer loop
      vertex 230.0239367625941 1.5239945555859273 20.25
      vertex 269.85087727788306 1.0242241905846734 20.25
      vertex 230.14912272211697 1.0242241905846734 20.25
    endloop
  endfacet
  facet normal 0 0 -1
    outer loop
      vertex 229.85036754568426 2.0090880199167214 20.25
      vertex 269.9760632374059 1.5239945555859273 20.25
      vertex 230.0239367625941 1.5239945555859273 20.25
    endloop
  endfacet
  facet normal 0 0 -1
    outer loop
      vertex 229.63008663782887 2.4748328683364877 20.25
      vertex 270.14963245431574 2.0090880199167214 20.25
      vertex 229.85036754568426 2.0090880199167214 20.25
    endloop
  endfacet
  facet normal 0 0 -1
    outer loop
      vertex 229.36521546458837 2.916743723352911 20.25
      vertex 270.36991336217113 2.4748328683364877 20.25
      vertex 229.63008663782887 2.4748328683364877 20.25
    endloop
  endfacet
  facet normal 0 0 -1
    outer loop
      vertex 229.05830488015437 3.330564741859139 20.25
      vertex 270.63478453541165 2.916743723352911 20.25
      vertex 229.36521546458837 2.916743723352911 20.25
    endloop
  endfacet
  facet normal 0 0 -1
    outer loop
      vertex 228.71231060122938 3.7123106012293747 20.25
      vertex 270.94169511984563 3.330564741859139 20.25
      vertex 229.05830488015437 3.330564741859139 20.25
    endloop
  endfacet
  facet normal 0 0 -1
    outer loop
      vertex 271.2876893987706 3.7123106012293747 20.25
      vertex 228.71231060122938 3.7123106012293747 20.25
      vertex 228.33056474185915 4.0583048801543695 20.25
    endloop
  endfacet
  facet normal 0 0 -1
    outer loop
      vertex 228.33056474185915 4.0583048801543695 20.25
      vertex 227.9167437233529 4.3652154645883625 20.25
      vertex 271.6694352581409 4.0583048801543695 20.25
    endloop
  endfacet
  facet normal 0 0 -1
    outer loop
      vertex 227.9167437233529 4.3652154645883625 20.25
      vertex 227.47483286833648 4.630086637828864 20.25
      vertex 272.0832562766471 4.3652154645883625 20.25
    endloop
  endfacet
  facet normal -0.9987954562051723 -0.049067674327419195 0
    outer loop
      vertex 230.22471981502903 0.5145899867301932 20.25
      vertex 230.25 0 25.25
      vertex 230.22471981502903 0.5145899867301932 25.25
    endloop
  endfacet
  facet normal -0.9891765099647843 -0.1467304744553397 0
    outer loop
      vertex 230.14912272211697 1.0242241905846734 20.25
      vertex 230.22471981502903 0.5145899867301932 25.25
      vertex 230.14912272211697 1.0242241905846734 25.25
    endloop
  endfacet
  facet normal -0.9700312531945424 -0.2429801799032699 0
    outer loop
      vertex 230.0239367625941 1.5239945555859273 20.25
      vertex 230.14912272211697 1.0242241905846734 25.25
      vertex 230.0239367625941 1.5239945555859273 25.25
    endloop
  endfacet
  facet normal -0.9415440651830216 -0.336889853392218 0
    outer loop
      vertex 229.85036754568426 2.0090880199167214 20.25
      vertex 230.0239367625941 1.5239945555859273 25.25
      vertex 229.85036754568426 2.0090880199167214 25.25
    endloop
  endfacet
  facet normal -0.9039892931234393 -0.4275550934302905 0
    outer loop
      vertex 229.63008663782887 2.4748328683364877 20.25
      vertex 229.85036754568426 2.0090880199167214 25.25
      vertex 229.63008663782887 2.4748328683364877 25.25
    endloop
  endfacet
  facet normal -0.8577286100002787 -0.5141027441932108 0
    outer loop
      vertex 229.36521546458837 2.916743723352911 20.25
      vertex 229.63008663782887 2.4748328683364877 25.25
      vertex 229.36521546458837 2.916743723352911 25.25
    endloop
  endfacet
  facet normal -0.5956993044924204 -0.8032075314806545 0
    outer loop
      vertex 227.9167437233529 4.3652154645883625 20.25
      vertex 228.33056474185915 4.0583048801543695 25.25
      vertex 227.9167437233529 4.3652154645883625 25.25
    endloop
  endfacet
  facet normal -0.5141027441932157 -0.8577286100002757 0
    outer loop
      vertex 227.47483286833648 4.630086637828864 20.25
      vertex 227.9167437233529 4.3652154645883625 25.25
      vertex 227.47483286833648 4.630086637828864 25.25
    endloop
  endfacet
  facet normal -0.8032075314806324 -0.5956993044924501 0
    outer loop
      vertex 229.05830488015437 3.330564741859139 20.25
      vertex 229.36521546458837 2.916743723352911 25.25
      vertex 229.05830488015437 3.330564741859139 25.25
    endloop
  endfacet
  facet normal -0.7409511253549629 -0.6715589548470142 0
    outer loop
      vertex 228.71231060122938 3.7123106012293747 20.25
      vertex 229.05830488015437 3.330564741859139 25.25
      vertex 228.71231060122938 3.7123106012293747 25.25
    endloop
  endfacet
  facet normal -0.671558954847027 -0.7409511253549512 0
    outer loop
      vertex 228.33056474185915 4.0583048801543695 20.25
      vertex 228.71231060122938 3.7123106012293747 25.25
      vertex 228.33056474185915 4.0583048801543695 25.25
    endloop
  endfacet
  facet normal -0.24298017990327156 -0.9700312531945421 0
    outer loop
      vertex 226.02422419058468 5.14912272211696 20.25
      vertex 226.52399455558592 5.023936762594096 25.25
      vertex 226.02422419058468 5.14912272211696 25.25
    endloop
  endfacet
  facet normal -0.33688985339220573 -0.9415440651830259 0
    outer loop
      vertex 226.52399455558592 5.023936762594096 20.25
      vertex 227.00908801991673 4.850367545684255 25.25
      vertex 226.52399455558592 5.023936762594096 25.25
    endloop
  endfacet
  facet normal -0.14673047445535914 -0.9891765099647812 0
    outer loop
      vertex 225.5145899867302 5.224719815029034 20.25
      vertex 226.02422419058468 5.14912272211696 25.25
      vertex 225.5145899867302 5.224719815029034 25.25
    endloop
  endfacet
  facet normal -0.42755509343029735 -0.903989293123436 0
    outer loop
      vertex 227.00908801991673 4.850367545684255 20.25
      vertex 227.47483286833648 4.630086637828864 25.25
      vertex 227.00908801991673 4.850367545684255 25.25
    endloop
  endfacet
  facet normal 0 0 1
    outer loop
      vertex 230.25 0 25.25
      vertex 269.77528018497094 0.5145899867301932 25.25
      vertex 230.22471981502903 0.5145899867301932 25.25
    endloop
  endfacet
  facet normal 0 0 1
    outer loop
      vertex 230.22471981502903 0.5145899867301932 25.25
      vertex 269.85087727788306 1.0242241905846734 25.25
      vertex 230.14912272211697 1.0242241905846734 25.25
    endloop
  endfacet
  facet normal 0 0 1
    outer loop
      vertex 230.14912272211697 1.0242241905846734 25.25
      vertex 269.9760632374059 1.5239945555859273 25.25
      vertex 230.0239367625941 1.5239945555859273 25.25
    endloop
  endfacet
  facet normal 0 0 1
    outer loop
      vertex 230.0239367625941 1.5239945555859273 25.25
      vertex 270.14963245431574 2.0090880199167214 25.25
      vertex 229.85036754568426 2.0090880199167214 25.25
    endloop
  endfacet
  facet normal 0 0 1
    outer loop
      vertex 229.85036754568426 2.0090880199167214 25.25
      vertex 270.36991336217113 2.4748328683364877 25.25
      vertex 229.63008663782887 2.4748328683364877 25.25
    endloop
  endfacet
  facet normal 0 0 1
    outer loop
      vertex 229.63008663782887 2.4748328683364877 25.25
      vertex 270.63478453541165 2.916743723352911 25.25
      vertex 229.36521546458837 2.916743723352911 25.25
    endloop
  endfacet
  facet normal 0 0 1
    outer loop
      vertex 229.36521546458837 2.916743723352911 25.25
      vertex 270.94169511984563 3.330564741859139 25.25
      vertex 229.05830488015437 3.330564741859139 25.25
    endloop
  endfacet
  facet normal 0 0 1
    outer loop
      vertex 229.05830488015437 3.330564741859139 25.25
      vertex 271.2876893987706 3.7123106012293747 25.25
      vertex 228.71231060122938 3.7123106012293747 25.25
    endloop
  endfacet
  facet normal 0 0 1
    outer loop
      vertex 228.33056474185915 4.0583048801543695 25.25
      vertex 228.71231060122938 3.7123106012293747 25.25
      vertex 271.6694352581409 4.0583048801543695 25.25
    endloop
  endfacet
  facet normal 0 0 1
    outer loop
      vertex 227.00908801991673 4.850367545684255 25.25
      vertex 227.47483286833648 4.630086637828864 25.25
      vertex 272.0832562766471 4.3652154645883625 25.25
    endloop
  endfacet
  facet normal 0 0 1
    outer loop
      vertex 227.9167437233529 4.3652154645883625 25.25
      vertex 228.33056474185915 4.0583048801543695 25.25
      vertex 272.0832562766471 4.3652154645883625 25.25
    endloop
  endfacet
  facet normal 0 0 1
    outer loop
      vertex 227.47483286833648 4.630086637828864 25.25
      vertex 227.9167437233529 4.3652154645883625 25.25
      vertex 272.0832562766471 4.3652154645883625 25.25
    endloop
  endfacet
  facet normal 0 0 1
    outer loop
      vertex 226.02422419058468 5.14912272211696 25.25
      vertex 226.52399455558592 5.023936762594096 25.25
      vertex 272.0832562766471 4.3652154645883625 25.25
    endloop
  endfacet
  facet normal 0 0 1
    outer loop
      vertex 226.52399455558592 5.023936762594096 25.25
      vertex 227.00908801991673 4.850367545684255 25.25
      vertex 272.0832562766471 4.3652154645883625 25.25
    endloop
  endfacet
  facet normal 0 1 0
    outer loop
      vertex 100.25 25.25 25.25
      vertex 300.25 25.25 20.25
      vertex 300.25 25.25 0.25
    endloop
  endfacet
  facet normal 0 0 -1
    outer loop
      vertex 100.25 20.25 20.25
      vertex 300.25 20.25 20.25
      vertex 225.5145899867302 5.224719815029034 20.25
    endloop
  endfacet
  facet normal 0 0 1
    outer loop
      vertex 100.25 25.25 25.25
      vertex 274.4854100132698 5.224719815029034 25.25
      vertex 300.25 25.25 25.25
    endloop
  endfacet
  facet normal 0 1 0
    outer loop
      vertex 100.25 25.25 25.25
      vertex 300.25 25.25 25.25
      vertex 300.25 25.25 20.25
    endloop
  endfacet
  facet normal 0 0 -1
    outer loop
      vertex 230.22471981502903 0.5145899867301932 20.25
      vertex 269.77528018497094 0.5145899867301932 20.25
      vertex 269.75 0 20.25
    endloop
  endfacet
  facet normal 0 0 -1
    outer loop
      vertex 230.14912272211697 1.0242241905846734 20.25
      vertex 269.85087727788306 1.0242241905846734 20.25
      vertex 269.77528018497094 0.5145899867301932 20.25
    endloop
  endfacet
  facet normal 0 0 -1
    outer loop
      vertex 230.0239367625941 1.5239945555859273 20.25
      vertex 269.9760632374059 1.5239945555859273 20.25
      vertex 269.85087727788306 1.0242241905846734 20.25
    endloop
  endfacet
  facet normal 0 0 -1
    outer loop
      vertex 229.85036754568426 2.0090880199167214 20.25
      vertex 270.14963245431574 2.0090880199167214 20.25
      vertex 269.9760632374059 1.5239945555859273 20.25
    endloop
  endfacet
  facet normal 0 0 -1
    outer loop
      vertex 229.63008663782887 2.4748328683364877 20.25
      vertex 270.36991336217113 2.4748328683364877 20.25
      vertex 270.14963245431574 2.0090880199167214 20.25
    endloop
  endfacet
  facet normal 0 0 -1
    outer loop
      vertex 229.36521546458837 2.916743723352911 20.25
      vertex 270.63478453541165 2.916743723352911 20.25
      vertex 270.36991336217113 2.4748328683364877 20.25
    endloop
  endfacet
  facet normal 0 0 -1
    outer loop
      vertex 229.05830488015437 3.330564741859139 20.25
      vertex 270.94169511984563 3.330564741859139 20.25
      vertex 270.63478453541165 2.916743723352911 20.25
    endloop
  endfacet
  facet normal 0 0 -1
    outer loop
      vertex 228.71231060122938 3.7123106012293747 20.25
      vertex 271.2876893987706 3.7123106012293747 20.25
      vertex 270.94169511984563 3.330564741859139 20.25
    endloop
  endfacet
  facet normal 0 0 -1
    outer loop
      vertex 228.33056474185915 4.0583048801543695 20.25
      vertex 271.6694352581409 4.0583048801543695 20.25
      vertex 271.2876893987706 3.7123106012293747 20.25
    endloop
  endfacet
  facet normal 0 0 -1
    outer loop
      vertex 227.9167437233529 4.3652154645883625 20.25
      vertex 272.0832562766471 4.3652154645883625 20.25
      vertex 271.6694352581409 4.0583048801543695 20.25
    endloop
  endfacet
  facet normal 0 0 -1
    outer loop
      vertex 227.47483286833648 4.630086637828864 20.25
      vertex 272.5251671316635 4.630086637828864 20.25
      vertex 272.0832562766471 4.3652154645883625 20.25
    endloop
  endfacet
  facet normal 0.9987954562051751 -0.04906767432736416 0
    outer loop
      vertex 269.75 0 20.25
      vertex 269.77528018497094 0.5145899867301932 20.25
      vertex 269.77528018497094 0.5145899867301932 25.25
    endloop
  endfacet
  facet normal 0.9891765099647684 -0.14673047445544768 0
    outer loop
      vertex 269.77528018497094 0.5145899867301932 20.25
      vertex 269.85087727788306 1.0242241905846734 20.25
      vertex 269.85087727788306 1.0242241905846734 25.25
    endloop
  endfacet
  facet normal 0.9700312531945424 -0.2429801799032699 0
    outer loop
      vertex 269.85087727788306 1.0242241905846734 20.25
      vertex 269.9760632374059 1.5239945555859273 20.25
      vertex 269.9760632374059 1.5239945555859273 25.25
    endloop
  endfacet
  facet normal 0.9415440651830389 -0.33688985339216904 0
    outer loop
      vertex 269.9760632374059 1.5239945555859273 20.25
      vertex 270.14963245431574 2.0090880199167214 20.25
      vertex 270.14963245431574 2.0090880199167214 25.25
    endloop
  endfacet
  facet normal 0.9039892931234393 -0.4275550934302905 0
    outer loop
      vertex 270.14963245431574 2.0090880199167214 20.25
      vertex 270.36991336217113 2.4748328683364877 20.25
      vertex 270.36991336217113 2.4748328683364877 25.25
    endloop
  endfacet
  facet normal 0.8577286100002544 -0.5141027441932513 0
    outer loop
      vertex 270.36991336217113 2.4748328683364877 20.25
      vertex 270.63478453541165 2.916743723352911 20.25
      vertex 270.63478453541165 2.916743723352911 25.25
    endloop
  endfacet
  facet normal 0.8032075314806589 -0.5956993044924146 0
    outer loop
      vertex 270.63478453541165 2.916743723352911 20.25
      vertex 270.94169511984563 3.330564741859139 20.25
      vertex 270.94169511984563 3.330564741859139 25.25
    endloop
  endfacet
  facet normal 0.7409511253549629 -0.6715589548470142 0
    outer loop
      vertex 270.94169511984563 3.330564741859139 20.25
      vertex 271.2876893987706 3.7123106012293747 20.25
      vertex 271.2876893987706 3.7123106012293747 25.25
    endloop
  endfacet
  facet normal 0.6715589548469996 -0.7409511253549762 0
    outer loop
      vertex 271.6694352581409 4.0583048801543695 20.25
      vertex 271.6694352581409 4.0583048801543695 25.25
      vertex 271.2876893987706 3.7123106012293747 20.25
    endloop
  endfacet
  facet normal 0.5956993044924468 -0.803207531480635 0
    outer loop
      vertex 272.0832562766471 4.3652154645883625 20.25
      vertex 272.0832562766471 4.3652154645883625 25.25
      vertex 271.6694352581409 4.0583048801543695 20.25
    endloop
  endfacet
  facet normal 0.5141027441932157 -0.8577286100002757 0
    outer loop
      vertex 272.5251671316635 4.630086637828864 20.25
      vertex 272.5251671316635 4.630086637828864 25.25
      vertex 272.0832562766471 4.3652154645883625 20.25
    endloop
  endfacet
  facet normal 0.4275550934302761 -0.9039892931234461 0
    outer loop
      vertex 272.9909119800833 4.850367545684255 20.25
      vertex 272.9909119800833 4.850367545684255 25.25
      vertex 272.5251671316635 4.630086637828864 20.25
    endloop
  endfacet
  facet normal 0.33688985339224076 -0.9415440651830135 0
    outer loop
      vertex 273.47600544441406 5.023936762594096 20.25
      vertex 273.47600544441406 5.023936762594096 25.25
      vertex 272.9909119800833 4.850367545684255 20.25
    endloop
  endfacet
  facet normal 0.24298017990325857 -0.9700312531945454 0
    outer loop
      vertex 273.9757758094153 5.14912272211696 20.25
      vertex 273.9757758094153 5.14912272211696 25.25
      vertex 273.47600544441406 5.023936762594096 20.25
    endloop
  endfacet
  facet normal 0.14673047445535914 -0.9891765099647812 0
    outer loop
      vertex 274.4854100132698 5.224719815029034 20.25
      vertex 274.4854100132698 5.224719815029034 25.25
      vertex 273.9757758094153 5.14912272211696 20.25
    endloop
  endfacet
  facet normal 0.04906767432741812 -0.9987954562051724 0
    outer loop
      vertex 275 5.25 20.25
      vertex 275 5.25 25.25
      vertex 274.4854100132698 5.224719815029034 20.25
    endloop
  endfacet
  facet normal 0 0 1
    outer loop
      vertex 230.25 0 25.25
      vertex 269.75 0 25.25
      vertex 269.77528018497094 0.5145899867301932 25.25
    endloop
  endfacet
  facet normal 0 0 1
    outer loop
      vertex 230.22471981502903 0.5145899867301932 25.25
      vertex 269.77528018497094 0.5145899867301932 25.25
      vertex 269.85087727788306 1.0242241905846734 25.25
    endloop
  endfacet
  facet normal 0 0 1
    outer loop
      vertex 230.14912272211697 1.0242241905846734 25.25
      vertex 269.85087727788306 1.0242241905846734 25.25
      vertex 269.9760632374059 1.5239945555859273 25.25
    endloop
  endfacet
  facet normal 0 0 1
    outer loop
      vertex 230.0239367625941 1.5239945555859273 25.25
      vertex 269.9760632374059 1.5239945555859273 25.25
      vertex 270.14963245431574 2.0090880199167214 25.25
    endloop
  endfacet
  facet normal 0 0 1
    outer loop
      vertex 270.36991336217113 2.4748328683364877 25.25
      vertex 229.85036754568426 2.0090880199167214 25.25
      vertex 270.14963245431574 2.0090880199167214 25.25
    endloop
  endfacet
  facet normal 0 0 1
    outer loop
      vertex 270.63478453541165 2.916743723352911 25.25
      vertex 229.63008663782887 2.4748328683364877 25.25
      vertex 270.36991336217113 2.4748328683364877 25.25
    endloop
  endfacet
  facet normal 0 0 1
    outer loop
      vertex 270.94169511984563 3.330564741859139 25.25
      vertex 229.36521546458837 2.916743723352911 25.25
      vertex 270.63478453541165 2.916743723352911 25.25
    endloop
  endfacet
  facet normal 0 0 1
    outer loop
      vertex 229.05830488015437 3.330564741859139 25.25
      vertex 270.94169511984563 3.330564741859139 25.25
      vertex 271.2876893987706 3.7123106012293747 25.25
    endloop
  endfacet
  facet normal 0 0 1
    outer loop
      vertex 271.2876893987706 3.7123106012293747 25.25
      vertex 271.6694352581409 4.0583048801543695 25.25
      vertex 228.71231060122938 3.7123106012293747 25.25
    endloop
  endfacet
  facet normal 0 0 1
    outer loop
      vertex 228.33056474185915 4.0583048801543695 25.25
      vertex 271.6694352581409 4.0583048801543695 25.25
      vertex 272.0832562766471 4.3652154645883625 25.25
    endloop
  endfacet
  facet normal 0.9987954562051751 -0.04906767432736416 0
    outer loop
      vertex 269.75 0 20.25
      vertex 269.77528018497094 0.5145899867301932 25.25
      vertex 269.75 0 25.25
    endloop
  endfacet
  facet normal 0.9891765099647684 -0.14673047445544768 0
    outer loop
      vertex 269.77528018497094 0.5145899867301932 20.25
      vertex 269.85087727788306 1.0242241905846734 25.25
      vertex 269.77528018497094 0.5145899867301932 25.25
    endloop
  endfacet
  facet normal 0.9700312531945424 -0.2429801799032699 0
    outer loop
      vertex 269.85087727788306 1.0242241905846734 20.25
      vertex 269.9760632374059 1.5239945555859273 25.25
      vertex 269.85087727788306 1.0242241905846734 25.25
    endloop
  endfacet
  facet normal 0.9415440651830389 -0.33688985339216904 0
    outer loop
      vertex 269.9760632374059 1.5239945555859273 20.25
      vertex 270.14963245431574 2.0090880199167214 25.25
      vertex 269.9760632374059 1.5239945555859273 25.25
    endloop
  endfacet
  facet normal 0.9039892931234393 -0.4275550934302905 0
    outer loop
      vertex 270.14963245431574 2.0090880199167214 20.25
      vertex 270.36991336217113 2.4748328683364877 25.25
      vertex 270.14963245431574 2.0090880199167214 25.25
    endloop
  endfacet
  facet normal 0.8577286100002544 -0.5141027441932513 0
    outer loop
      vertex 270.36991336217113 2.4748328683364877 20.25
      vertex 270.63478453541165 2.916743723352911 25.25
      vertex 270.36991336217113 2.4748328683364877 25.25
    endloop
  endfacet
  facet normal 0.8032075314806589 -0.5956993044924146 0
    outer loop
      vertex 270.63478453541165 2.916743723352911 20.25
      vertex 270.94169511984563 3.330564741859139 25.25
      vertex 270.63478453541165 2.916743723352911 25.25
    endloop
  endfacet
  facet normal 0.7409511253549629 -0.6715589548470142 0
    outer loop
      vertex 270.94169511984563 3.330564741859139 20.25
      vertex 271.2876893987706 3.7123106012293747 25.25
      vertex 270.94169511984563 3.330564741859139 25.25
    endloop
  endfacet
  facet normal 0.6715589548469996 -0.7409511253549762 0
    outer loop
      vertex 271.2876893987706 3.7123106012293747 20.25
      vertex 271.6694352581409 4.0583048801543695 25.25
      vertex 271.2876893987706 3.7123106012293747 25.25
    endloop
  endfacet
  facet normal 0.5956993044924468 -0.803207531480635 0
    outer loop
      vertex 271.6694352581409 4.0583048801543695 20.25
      vertex 272.0832562766471 4.3652154645883625 25.25
      vertex 271.6694352581409 4.0583048801543695 25.25
    endloop
  endfacet
  facet normal 0.5141027441932157 -0.8577286100002757 0
    outer loop
      vertex 272.0832562766471 4.3652154645883625 20.25
      vertex 272.5251671316635 4.630086637828864 25.25
      vertex 272.0832562766471 4.3652154645883625 25.25
    endloop
  endfacet
  facet normal 0.4275550934302761 -0.9039892931234461 0
    outer loop
      vertex 272.5251671316635 4.630086637828864 20.25
      vertex 272.9909119800833 4.850367545684255 25.25
      vertex 272.5251671316635 4.630086637828864 25.25
    endloop
  endfacet
  facet normal 0.33688985339224076 -0.9415440651830135 0
    outer loop
      vertex 272.9909119800833 4.850367545684255 20.25
      vertex 273.47600544441406 5.023936762594096 25.25
      vertex 272.9909119800833 4.850367545684255 25.25
    endloop
  endfacet
  facet normal 0.24298017990325857 -0.9700312531945454 0
    outer loop
      vertex 273.47600544441406 5.023936762594096 20.25
      vertex 273.9757758094153 5.14912272211696 25.25
      vertex 273.47600544441406 5.023936762594096 25.25
    endloop
  endfacet
  facet normal 0.14673047445535914 -0.9891765099647812 0
    outer loop
      vertex 273.9757758094153 5.14912272211696 20.25
      vertex 274.4854100132698 5.224719815029034 25.25
      vertex 273.9757758094153 5.14912272211696 25.25
    endloop
  endfacet
  facet normal 0.04906767432741812 -0.9987954562051724 0
    outer loop
      vertex 274.4854100132698 5.224719815029034 20.25
      vertex 275 5.25 25.25
      vertex 274.4854100132698 5.224719815029034 25.25
    endloop
  endfacet
  facet normal -0.04906767432741812 -0.9987954562051724 0
    outer loop
      vertex 275 5.25 20.25
      vertex 275.5145899867302 5.224719815029034 25.25
      vertex 275 5.25 25.25
    endloop
  endfacet
  facet normal 0 0 -1
    outer loop
      vertex 300.25 20.25 20.25
      vertex 226.02422419058468 5.14912272211696 20.25
      vertex 225.5145899867302 5.224719815029034 20.25
    endloop
  endfacet
  facet normal 0 0 -1
    outer loop
      vertex 300.25 20.25 20.25
      vertex 226.52399455558592 5.023936762594096 20.25
      vertex 226.02422419058468 5.14912272211696 20.25
    endloop
  endfacet
  facet normal 0 0 -1
    outer loop
      vertex 300.25 20.25 20.25
      vertex 227.00908801991673 4.850367545684255 20.25
      vertex 226.52399455558592 5.023936762594096 20.25
    endloop
  endfacet
  facet normal 0 0 -1
    outer loop
      vertex 300.25 20.25 20.25
      vertex 227.47483286833648 4.630086637828864 20.25
      vertex 227.00908801991673 4.850367545684255 20.25
    endloop
  endfacet
  facet normal 0 0 -1
    outer loop
      vertex 300.25 20.25 20.25
      vertex 272.5251671316635 4.630086637828864 20.25
      vertex 227.47483286833648 4.630086637828864 20.25
    endloop
  endfacet
  facet normal -0.9987954562051751 -0.04906767432736416 0
    outer loop
      vertex 280.25 0 20.25
      vertex 280.25 0 25.25
      vertex 280.22471981502906 0.5145899867301932 20.25
    endloop
  endfacet
  facet normal -0.9891765099647684 -0.14673047445544768 0
    outer loop
      vertex 280.14912272211694 1.0242241905846734 20.25
      vertex 280.22471981502906 0.5145899867301932 20.25
      vertex 280.22471981502906 0.5145899867301932 25.25
    endloop
  endfacet
  facet normal -0.9700312531945424 -0.2429801799032699 0
    outer loop
      vertex 280.0239367625941 1.5239945555859273 20.25
      vertex 280.14912272211694 1.0242241905846734 20.25
      vertex 280.14912272211694 1.0242241905846734 25.25
    endloop
  endfacet
  facet normal -0.9039892931234393 -0.4275550934302905 0
    outer loop
      vertex 279.63008663782887 2.4748328683364877 20.25
      vertex 279.85036754568426 2.0090880199167214 20.25
      vertex 279.85036754568426 2.0090880199167214 25.25
    endloop
  endfacet
  facet normal -0.9415440651830389 -0.33688985339216904 0
    outer loop
      vertex 279.85036754568426 2.0090880199167214 20.25
      vertex 280.0239367625941 1.5239945555859273 20.25
      vertex 280.0239367625941 1.5239945555859273 25.25
    endloop
  endfacet
  facet normal -0.8577286100002544 -0.5141027441932513 0
    outer loop
      vertex 279.36521546458835 2.916743723352911 20.25
      vertex 279.63008663782887 2.4748328683364877 20.25
      vertex 279.63008663782887 2.4748328683364877 25.25
    endloop
  endfacet
  facet normal -0.8032075314806589 -0.5956993044924146 0
    outer loop
      vertex 279.05830488015437 3.330564741859139 20.25
      vertex 279.36521546458835 2.916743723352911 20.25
      vertex 279.36521546458835 2.916743723352911 25.25
    endloop
  endfacet
  facet normal -0.5956993044924468 -0.803207531480635 0
    outer loop
      vertex 278.3305647418591 4.0583048801543695 20.25
      vertex 278.3305647418591 4.0583048801543695 25.25
      vertex 277.9167437233529 4.3652154645883625 20.25
    endloop
  endfacet
  facet normal -0.4275550934302761 -0.9039892931234461 0
    outer loop
      vertex 277.4748328683365 4.630086637828864 20.25
      vertex 277.4748328683365 4.630086637828864 25.25
      vertex 277.0090880199167 4.850367545684255 20.25
    endloop
  endfacet
  facet normal -0.5141027441932157 -0.8577286100002757 0
    outer loop
      vertex 277.9167437233529 4.3652154645883625 20.25
      vertex 277.9167437233529 4.3652154645883625 25.25
      vertex 277.4748328683365 4.630086637828864 20.25
    endloop
  endfacet
  facet normal -0.7409511253549629 -0.6715589548470142 0
    outer loop
      vertex 278.7123106012294 3.7123106012293747 20.25
      vertex 279.05830488015437 3.330564741859139 20.25
      vertex 279.05830488015437 3.330564741859139 25.25
    endloop
  endfacet
  facet normal -0.6715589548469996 -0.7409511253549762 0
    outer loop
      vertex 278.7123106012294 3.7123106012293747 20.25
      vertex 278.7123106012294 3.7123106012293747 25.25
      vertex 278.3305647418591 4.0583048801543695 20.25
    endloop
  endfacet
  facet normal -0.24298017990325857 -0.9700312531945454 0
    outer loop
      vertex 276.52399455558594 5.023936762594096 20.25
      vertex 276.52399455558594 5.023936762594096 25.25
      vertex 276.0242241905847 5.14912272211696 20.25
    endloop
  endfacet
  facet normal -0.04906767432741812 -0.9987954562051724 0
    outer loop
      vertex 275.5145899867302 5.224719815029034 20.25
      vertex 275.5145899867302 5.224719815029034 25.25
      vertex 275 5.25 20.25
    endloop
  endfacet
  facet normal -0.14673047445535914 -0.9891765099647812 0
    outer loop
      vertex 276.0242241905847 5.14912272211696 20.25
      vertex 276.0242241905847 5.14912272211696 25.25
      vertex 275.5145899867302 5.224719815029034 20.25
    endloop
  endfacet
  facet normal -0.33688985339224076 -0.9415440651830135 0
    outer loop
      vertex 277.0090880199167 4.850367545684255 20.25
      vertex 277.0090880199167 4.850367545684255 25.25
      vertex 276.52399455558594 5.023936762594096 20.25
    endloop
  endfacet
  facet normal 0 0 -1
    outer loop
      vertex 300.25 -20.25 20.25
      vertex 279.85036754568426 2.0090880199167214 20.25
      vertex 300.25 20.25 20.25
    endloop
  endfacet
  facet normal -0.9987954562051751 -0.04906767432736416 0
    outer loop
      vertex 280.22471981502906 0.5145899867301932 20.25
      vertex 280.25 0 25.25
      vertex 280.22471981502906 0.5145899867301932 25.25
    endloop
  endfacet
  facet normal -0.9891765099647684 -0.14673047445544768 0
    outer loop
      vertex 280.14912272211694 1.0242241905846734 20.25
      vertex 280.22471981502906 0.5145899867301932 25.25
      vertex 280.14912272211694 1.0242241905846734 25.25
    endloop
  endfacet
  facet normal -0.9700312531945424 -0.2429801799032699 0
    outer loop
      vertex 280.0239367625941 1.5239945555859273 20.25
      vertex 280.14912272211694 1.0242241905846734 25.25
      vertex 280.0239367625941 1.5239945555859273 25.25
    endloop
  endfacet
  facet normal -0.9415440651830389 -0.33688985339216904 0
    outer loop
      vertex 279.85036754568426 2.0090880199167214 20.25
      vertex 280.0239367625941 1.5239945555859273 25.25
      vertex 279.85036754568426 2.0090880199167214 25.25
    endloop
  endfacet
  facet normal -0.9039892931234393 -0.4275550934302905 0
    outer loop
      vertex 279.63008663782887 2.4748328683364877 20.25
      vertex 279.85036754568426 2.0090880199167214 25.25
      vertex 279.63008663782887 2.4748328683364877 25.25
    endloop
  endfacet
  facet normal -0.8577286100002544 -0.5141027441932513 0
    outer loop
      vertex 279.36521546458835 2.916743723352911 20.25
      vertex 279.63008663782887 2.4748328683364877 25.25
      vertex 279.36521546458835 2.916743723352911 25.25
    endloop
  endfacet
  facet normal 0 0 1
    outer loop
      vertex 280.4480198019802 -20.25 25.25
      vertex 300.25 25.25 25.25
      vertex 280.25 0 25.25
    endloop
  endfacet
  facet normal -0.5956993044924468 -0.803207531480635 0
    outer loop
      vertex 277.9167437233529 4.3652154645883625 20.25
      vertex 278.3305647418591 4.0583048801543695 25.25
      vertex 277.9167437233529 4.3652154645883625 25.25
    endloop
  endfacet
  facet normal -0.5141027441932157 -0.8577286100002757 0
    outer loop
      vertex 277.4748328683365 4.630086637828864 20.25
      vertex 277.9167437233529 4.3652154645883625 25.25
      vertex 277.4748328683365 4.630086637828864 25.25
    endloop
  endfacet
  facet normal -0.8032075314806589 -0.5956993044924146 0
    outer loop
      vertex 279.05830488015437 3.330564741859139 20.25
      vertex 279.36521546458835 2.916743723352911 25.25
      vertex 279.05830488015437 3.330564741859139 25.25
    endloop
  endfacet
  facet normal -0.7409511253549629 -0.6715589548470142 0
    outer loop
      vertex 278.7123106012294 3.7123106012293747 20.25
      vertex 279.05830488015437 3.330564741859139 25.25
      vertex 278.7123106012294 3.7123106012293747 25.25
    endloop
  endfacet
  facet normal -0.6715589548469996 -0.7409511253549762 0
    outer loop
      vertex 278.3305647418591 4.0583048801543695 20.25
      vertex 278.7123106012294 3.7123106012293747 25.25
      vertex 278.3305647418591 4.0583048801543695 25.25
    endloop
  endfacet
  facet normal -0.24298017990325857 -0.9700312531945454 0
    outer loop
      vertex 276.0242241905847 5.14912272211696 20.25
      vertex 276.52399455558594 5.023936762594096 25.25
      vertex 276.0242241905847 5.14912272211696 25.25
    endloop
  endfacet
  facet normal -0.33688985339224076 -0.9415440651830135 0
    outer loop
      vertex 276.52399455558594 5.023936762594096 20.25
      vertex 277.0090880199167 4.850367545684255 25.25
      vertex 276.52399455558594 5.023936762594096 25.25
    endloop
  endfacet
  facet normal -0.14673047445535914 -0.9891765099647812 0
    outer loop
      vertex 275.5145899867302 5.224719815029034 20.25
      vertex 276.0242241905847 5.14912272211696 25.25
      vertex 275.5145899867302 5.224719815029034 25.25
    endloop
  endfacet
  facet normal -0.4275550934302761 -0.9039892931234461 0
    outer loop
      vertex 277.0090880199167 4.850367545684255 20.25
      vertex 277.4748328683365 4.630086637828864 25.25
      vertex 277.0090880199167 4.850367545684255 25.25
    endloop
  endfacet
  facet normal 0 0 -1
    outer loop
      vertex 300.25 20.25 20.25
      vertex 279.85036754568426 2.0090880199167214 20.25
      vertex 279.63008663782887 2.4748328683364877 20.25
    endloop
  endfacet
  facet normal 0 0 -1
    outer loop
      vertex 300.25 20.25 20.25
      vertex 279.63008663782887 2.4748328683364877 20.25
      vertex 279.36521546458835 2.916743723352911 20.25
    endloop
  endfacet
  facet normal 0 0 -1
    outer loop
      vertex 300.25 20.25 20.25
      vertex 279.05830488015437 3.330564741859139 20.25
      vertex 278.7123106012294 3.7123106012293747 20.25
    endloop
  endfacet
  facet normal 0 0 -1
    outer loop
      vertex 300.25 20.25 20.25
      vertex 278.7123106012294 3.7123106012293747 20.25
      vertex 278.3305647418591 4.0583048801543695 20.25
    endloop
  endfacet
  facet normal 0 0 -1
    outer loop
      vertex 300.25 20.25 20.25
      vertex 279.36521546458835 2.916743723352911 20.25
      vertex 279.05830488015437 3.330564741859139 20.25
    endloop
  endfacet
  facet normal 0 0 -1
    outer loop
      vertex 300.25 20.25 20.25
      vertex 272.9909119800833 4.850367545684255 20.25
      vertex 272.5251671316635 4.630086637828864 20.25
    endloop
  endfacet
  facet normal 0 0 -1
    outer loop
      vertex 300.25 20.25 20.25
      vertex 273.47600544441406 5.023936762594096 20.25
      vertex 272.9909119800833 4.850367545684255 20.25
    endloop
  endfacet
  facet normal 0 0 -1
    outer loop
      vertex 300.25 20.25 20.25
      vertex 273.9757758094153 5.14912272211696 20.25
      vertex 273.47600544441406 5.023936762594096 20.25
    endloop
  endfacet
  facet normal 0 0 -1
    outer loop
      vertex 300.25 20.25 20.25
      vertex 274.4854100132698 5.224719815029034 20.25
      vertex 273.9757758094153 5.14912272211696 20.25
    endloop
  endfacet
  facet normal 0 0 -1
    outer loop
      vertex 300.25 20.25 20.25
      vertex 275 5.25 20.25
      vertex 274.4854100132698 5.224719815029034 20.25
    endloop
  endfacet
  facet normal 0 0 -1
    outer loop
      vertex 300.25 20.25 20.25
      vertex 275.5145899867302 5.224719815029034 20.25
      vertex 275 5.25 20.25
    endloop
  endfacet
  facet normal 0 0 -1
    outer loop
      vertex 300.25 20.25 20.25
      vertex 277.0090880199167 4.850367545684255 20.25
      vertex 276.52399455558594 5.023936762594096 20.25
    endloop
  endfacet
  facet normal 0 0 -1
    outer loop
      vertex 300.25 20.25 20.25
      vertex 276.0242241905847 5.14912272211696 20.25
      vertex 275.5145899867302 5.224719815029034 20.25
    endloop
  endfacet
  facet normal 0 0 -1
    outer loop
      vertex 300.25 20.25 20.25
      vertex 276.52399455558594 5.023936762594096 20.25
      vertex 276.0242241905847 5.14912272211696 20.25
    endloop
  endfacet
  facet normal 0 0 -1
    outer loop
      vertex 300.25 20.25 20.25
      vertex 277.9167437233529 4.3652154645883625 20.25
      vertex 277.4748328683365 4.630086637828864 20.25
    endloop
  endfacet
  facet normal 0 0 -1
    outer loop
      vertex 300.25 20.25 20.25
      vertex 278.3305647418591 4.0583048801543695 20.25
      vertex 277.9167437233529 4.3652154645883625 20.25
    endloop
  endfacet
  facet normal 0 0 -1
    outer loop
      vertex 300.25 20.25 20.25
      vertex 277.4748328683365 4.630086637828864 20.25
      vertex 277.0090880199167 4.850367545684255 20.25
    endloop
  endfacet
  facet normal 1 0 0
    outer loop
      vertex 300.25 -20.25 20.25
      vertex 300.25 20.25 20.25
      vertex 300.25 20.25 20.745049504950494
    endloop
  endfacet
  facet normal 0 0 1
    outer loop
      vertex 300.25 25.25 25.25
      vertex 280.22471981502906 0.5145899867301932 25.25
      vertex 280.25 0 25.25
    endloop
  endfacet
  facet normal 0 0 1
    outer loop
      vertex 300.25 25.25 25.25
      vertex 280.14912272211694 1.0242241905846734 25.25
      vertex 280.22471981502906 0.5145899867301932 25.25
    endloop
  endfacet
  facet normal 0 0 1
    outer loop
      vertex 300.25 25.25 25.25
      vertex 280.0239367625941 1.5239945555859273 25.25
      vertex 280.14912272211694 1.0242241905846734 25.25
    endloop
  endfacet
  facet normal 0 0 1
    outer loop
      vertex 300.25 25.25 25.25
      vertex 279.85036754568426 2.0090880199167214 25.25
      vertex 280.0239367625941 1.5239945555859273 25.25
    endloop
  endfacet
  facet normal 0 0 1
    outer loop
      vertex 300.25 25.25 25.25
      vertex 279.63008663782887 2.4748328683364877 25.25
      vertex 279.85036754568426 2.0090880199167214 25.25
    endloop
  endfacet
  facet normal 0 0 1
    outer loop
      vertex 300.25 25.25 25.25
      vertex 279.36521546458835 2.916743723352911 25.25
      vertex 279.63008663782887 2.4748328683364877 25.25
    endloop
  endfacet
  facet normal 0 0 1
    outer loop
      vertex 300.25 25.25 25.25
      vertex 278.7123106012294 3.7123106012293747 25.25
      vertex 279.05830488015437 3.330564741859139 25.25
    endloop
  endfacet
  facet normal 0 0 1
    outer loop
      vertex 300.25 25.25 25.25
      vertex 278.3305647418591 4.0583048801543695 25.25
      vertex 278.7123106012294 3.7123106012293747 25.25
    endloop
  endfacet
  facet normal 0 0 1
    outer loop
      vertex 300.25 25.25 25.25
      vertex 279.05830488015437 3.330564741859139 25.25
      vertex 279.36521546458835 2.916743723352911 25.25
    endloop
  endfacet
  facet normal 0 0 1
    outer loop
      vertex 300.25 25.25 25.25
      vertex 276.52399455558594 5.023936762594096 25.25
      vertex 277.0090880199167 4.850367545684255 25.25
    endloop
  endfacet
  facet normal 0 0 1
    outer loop
      vertex 300.25 25.25 25.25
      vertex 276.0242241905847 5.14912272211696 25.25
      vertex 276.52399455558594 5.023936762594096 25.25
    endloop
  endfacet
  facet normal 0 0 1
    outer loop
      vertex 300.25 25.25 25.25
      vertex 274.4854100132698 5.224719815029034 25.25
      vertex 275 5.25 25.25
    endloop
  endfacet
  facet normal 0 0 1
    outer loop
      vertex 300.25 25.25 25.25
      vertex 275 5.25 25.25
      vertex 275.5145899867302 5.224719815029034 25.25
    endloop
  endfacet
  facet normal 0 0 1
    outer loop
      vertex 300.25 25.25 25.25
      vertex 275.5145899867302 5.224719815029034 25.25
      vertex 276.0242241905847 5.14912272211696 25.25
    endloop
  endfacet
  facet normal 0 0 1
    outer loop
      vertex 300.25 25.25 25.25
      vertex 277.4748328683365 4.630086637828864 25.25
      vertex 277.9167437233529 4.3652154645883625 25.25
    endloop
  endfacet
  facet normal 0 0 1
    outer loop
      vertex 300.25 25.25 25.25
      vertex 277.9167437233529 4.3652154645883625 25.25
      vertex 278.3305647418591 4.0583048801543695 25.25
    endloop
  endfacet
  facet normal 0 0 1
    outer loop
      vertex 300.25 25.25 25.25
      vertex 277.0090880199167 4.850367545684255 25.25
      vertex 277.4748328683365 4.630086637828864 25.25
    endloop
  endfacet
  facet normal 1 0 0
    outer loop
      vertex 300.25 -20.25 24.754950495049506
      vertex 300.25 20.25 20.745049504950494
      vertex 300.25 25.25 25.25
    endloop
  endfacet
  facet normal 1 0 0
    outer loop
      vertex 300.25 20.25 0.25
      vertex 300.25 25.25 20.25
      vertex 300.25 20.25 20.25
    endloop
  endfacet
  facet normal 1 0 0
    outer loop
      vertex 300.25 20.25 20.25
      vertex 300.25 25.25 20.25
      vertex 300.25 20.25 20.745049504950494
    endloop
  endfacet
  facet normal 1 0 0
    outer loop
      vertex 300.25 20.25 20.745049504950494
      vertex 300.25 25.25 20.25
      vertex 300.25 25.25 25.25
    endloop
  endfacet
endsolid OpenSCAD_Model
