solid OpenSCAD_Model
  facet normal -1 0 0
    outer loop
      vertex 300.25 -25.25 0.25
      vertex 300.25 -20.25 20.25
      vertex 300.25 -20.25 0.25
    endloop
  endfacet
  facet normal 0 0 -1
    outer loop
      vertex 300.25 -25.25 0.25
      vertex 300.25 -20.25 0.25
      vertex 500.25 -20.25 0.25
    endloop
  endfacet
  facet normal 0 -1 0
    outer loop
      vertex 300.25 -25.25 0.25
      vertex 500.25 -25.25 0.25
      vertex 300.25 -25.25 20.25
    endloop
  endfacet
  facet normal -1 0 0
    outer loop
      vertex 300.25 -25.25 0.25
      vertex 300.25 -25.25 20.25
      vertex 300.25 -20.25 20.25
    endloop
  endfacet
  facet normal -1 0 0
    outer loop
      vertex 300.25 -25.25 20.25
      vertex 300.25 -20.25 25.25
      vertex 300.25 -20.25 20.25
    endloop
  endfacet
  facet normal -1 0 0
    outer loop
      vertex 300.25 -25.25 20.25
      vertex 300.25 -25.25 25.25
      vertex 300.25 -20.25 25.25
    endloop
  endfacet
  facet normal 0 0 -1
    outer loop
      vertex 300.25 -20.25 20.25
      vertex 322.5251671316635 -4.630086637828864 20.25
      vertex 322.9909119800833 -4.850367545684255 20.25
    endloop
  endfacet
  facet normal 0 0 -1
    outer loop
      vertex 300.25 -20.25 20.25
      vertex 323.9757758094153 -5.14912272211696 20.25
      vertex 324.4854100132698 -5.224719815029034 20.25
    endloop
  endfacet
  facet normal 0 0 -1
    outer loop
      vertex 300.25 -20.25 20.25
      vertex 323.47600544441406 -5.023936762594096 20.25
      vertex 323.9757758094153 -5.14912272211696 20.25
    endloop
  endfacet
  facet normal 0 0 -1
    outer loop
      vertex 300.25 -20.25 20.25
      vertex 322.9909119800833 -4.850367545684255 20.25
      vertex 323.47600544441406 -5.023936762594096 20.25
    endloop
  endfacet
  facet normal 0 0 -1
    outer loop
      vertex 300.25 -20.25 20.25
      vertex 322.0832562766471 -4.3652154645883625 20.25
      vertex 322.5251671316635 -4.630086637828864 20.25
    endloop
  endfacet
  facet normal 0 0 -1
    outer loop
      vertex 300.25 -20.25 20.25
      vertex 321.6694352581409 -4.0583048801543695 20.25
      vertex 322.0832562766471 -4.3652154645883625 20.25
    endloop
  endfacet
  facet normal 0 0 -1
    outer loop
      vertex 300.25 -20.25 20.25
      vertex 324.4854100132698 -5.224719815029034 20.25
      vertex 325 -5.25 20.25
    endloop
  endfacet
  facet normal 0 0 -1
    outer loop
      vertex 300.25 -20.25 20.25
      vertex 325 -5.25 20.25
      vertex 325.5145899867302 -5.224719815029034 20.25
    endloop
  endfacet
  facet normal 0 0 -1
    outer loop
      vertex 300.25 -20.25 20.25
      vertex 325.5145899867302 -5.224719815029034 20.25
      vertex 326.0242241905847 -5.14912272211696 20.25
    endloop
  endfacet
  facet normal 0 0 -1
    outer loop
      vertex 300.25 -20.25 20.25
      vertex 326.0242241905847 -5.14912272211696 20.25
      vertex 326.52399455558594 -5.023936762594096 20.25
    endloop
  endfacet
  facet normal 0 0 -1
    outer loop
      vertex 300.25 -20.25 20.25
      vertex 321.2876893987706 -3.7123106012293747 20.25
      vertex 321.6694352581409 -4.0583048801543695 20.25
    endloop
  endfacet
  facet normal 0 0 -1
    outer loop
      vertex 300.25 -20.25 20.25
      vertex 320.94169511984563 -3.330564741859139 20.25
      vertex 321.2876893987706 -3.7123106012293747 20.25
    endloop
  endfacet
  facet normal 0 0 -1
    outer loop
      vertex 300.25 -20.25 20.25
      vertex 320.63478453541165 -2.916743723352911 20.25
      vertex 320.94169511984563 -3.330564741859139 20.25
    endloop
  endfacet
  facet normal 0 0 -1
    outer loop
      vertex 300.25 -20.25 20.25
      vertex 320.36991336217113 -2.4748328683364877 20.25
      vertex 320.63478453541165 -2.916743723352911 20.25
    endloop
  endfacet
  facet normal 0 0 -1
    outer loop
      vertex 300.25 -20.25 20.25
      vertex 320.14963245431574 -2.0090880199167214 20.25
      vertex 320.36991336217113 -2.4748328683364877 20.25
    endloop
  endfacet
  facet normal 0 0 -1
    outer loop
      vertex 300.25 -20.25 20.25
      vertex 319.9760632374059 -1.5239945555859273 20.25
      vertex 320.14963245431574 -2.0090880199167214 20.25
    endloop
  endfacet
  facet normal 0 0 -1
    outer loop
      vertex 300.25 -20.25 20.25
      vertex 319.85087727788306 -1.0242241905846734 20.25
      vertex 319.9760632374059 -1.5239945555859273 20.25
    endloop
  endfacet
  facet normal 0 0 -1
    outer loop
      vertex 300.25 -20.25 20.25
      vertex 319.77528018497094 -0.5145899867301932 20.25
      vertex 319.85087727788306 -1.0242241905846734 20.25
    endloop
  endfacet
  facet normal 0 0 -1
    outer loop
      vertex 300.25 -20.25 20.25
      vertex 319.75 0 20.25
      vertex 319.77528018497094 -0.5145899867301932 20.25
    endloop
  endfacet
  facet normal -1 0 0
    outer loop
      vertex 300.25 -20.25 20.25
      vertex 300.25 -20.25 25.25
      vertex 300.25 20.25 25.25
    endloop
  endfacet
  facet normal 0 0 1
    outer loop
      vertex 300.25 -20.25 25.25
      vertex 322.9909119800833 -4.850367545684255 25.25
      vertex 322.5251671316635 -4.630086637828864 25.25
    endloop
  endfacet
  facet normal 0 0 1
    outer loop
      vertex 300.25 -20.25 25.25
      vertex 324.4854100132698 -5.224719815029034 25.25
      vertex 323.9757758094153 -5.14912272211696 25.25
    endloop
  endfacet
  facet normal 0 0 1
    outer loop
      vertex 300.25 -20.25 25.25
      vertex 323.9757758094153 -5.14912272211696 25.25
      vertex 323.47600544441406 -5.023936762594096 25.25
    endloop
  endfacet
  facet normal 0 0 1
    outer loop
      vertex 300.25 -20.25 25.25
      vertex 323.47600544441406 -5.023936762594096 25.25
      vertex 322.9909119800833 -4.850367545684255 25.25
    endloop
  endfacet
  facet normal 0 0 1
    outer loop
      vertex 300.25 -20.25 25.25
      vertex 322.5251671316635 -4.630086637828864 25.25
      vertex 322.0832562766471 -4.3652154645883625 25.25
    endloop
  endfacet
  facet normal 0 0 1
    outer loop
      vertex 300.25 -20.25 25.25
      vertex 322.0832562766471 -4.3652154645883625 25.25
      vertex 321.6694352581409 -4.0583048801543695 25.25
    endloop
  endfacet
  facet normal 0 0 1
    outer loop
      vertex 300.25 -20.25 25.25
      vertex 325 -5.25 25.25
      vertex 324.4854100132698 -5.224719815029034 25.25
    endloop
  endfacet
  facet normal 0 0 1
    outer loop
      vertex 300.25 -20.25 25.25
      vertex 325.5145899867302 -5.224719815029034 25.25
      vertex 325 -5.25 25.25
    endloop
  endfacet
  facet normal 0 0 1
    outer loop
      vertex 300.25 -20.25 25.25
      vertex 326.0242241905847 -5.14912272211696 25.25
      vertex 325.5145899867302 -5.224719815029034 25.25
    endloop
  endfacet
  facet normal 0 0 1
    outer loop
      vertex 300.25 -20.25 25.25
      vertex 326.52399455558594 -5.023936762594096 25.25
      vertex 326.0242241905847 -5.14912272211696 25.25
    endloop
  endfacet
  facet normal 0 0 1
    outer loop
      vertex 300.25 -20.25 25.25
      vertex 327.0090880199167 -4.850367545684255 25.25
      vertex 326.52399455558594 -5.023936762594096 25.25
    endloop
  endfacet
  facet normal 0 0 1
    outer loop
      vertex 300.25 -20.25 25.25
      vertex 327.4748328683365 -4.630086637828864 25.25
      vertex 327.0090880199167 -4.850367545684255 25.25
    endloop
  endfacet
  facet normal 0 0 1
    outer loop
      vertex 300.25 -20.25 25.25
      vertex 321.6694352581409 -4.0583048801543695 25.25
      vertex 321.2876893987706 -3.7123106012293747 25.25
    endloop
  endfacet
  facet normal 0 0 1
    outer loop
      vertex 300.25 -20.25 25.25
      vertex 321.2876893987706 -3.7123106012293747 25.25
      vertex 320.94169511984563 -3.330564741859139 25.25
    endloop
  endfacet
  facet normal 0 0 1
    outer loop
      vertex 300.25 -20.25 25.25
      vertex 320.94169511984563 -3.330564741859139 25.25
      vertex 320.63478453541165 -2.916743723352911 25.25
    endloop
  endfacet
  facet normal 0 0 1
    outer loop
      vertex 300.25 -20.25 25.25
      vertex 320.63478453541165 -2.916743723352911 25.25
      vertex 320.36991336217113 -2.4748328683364877 25.25
    endloop
  endfacet
  facet normal 0 0 1
    outer loop
      vertex 300.25 -20.25 25.25
      vertex 320.36991336217113 -2.4748328683364877 25.25
      vertex 320.14963245431574 -2.0090880199167214 25.25
    endloop
  endfacet
  facet normal 0 0 1
    outer loop
      vertex 300.25 -20.25 25.25
      vertex 320.14963245431574 -2.0090880199167214 25.25
      vertex 319.9760632374059 -1.5239945555859273 25.25
    endloop
  endfacet
  facet normal 0 0 1
    outer loop
      vertex 300.25 -20.25 25.25
      vertex 319.9760632374059 -1.5239945555859273 25.25
      vertex 319.85087727788306 -1.0242241905846734 25.25
    endloop
  endfacet
  facet normal 0 0 1
    outer loop
      vertex 300.25 -20.25 25.25
      vertex 319.85087727788306 -1.0242241905846734 25.25
      vertex 319.77528018497094 -0.5145899867301932 25.25
    endloop
  endfacet
  facet normal 0 0 1
    outer loop
      vertex 300.25 -20.25 25.25
      vertex 319.77528018497094 -0.5145899867301932 25.25
      vertex 319.75 0 25.25
    endloop
  endfacet
  facet normal 0.14673047445535914 0.9891765099647812 0
    outer loop
      vertex 323.9757758094153 -5.14912272211696 20.25
      vertex 323.9757758094153 -5.14912272211696 25.25
      vertex 324.4854100132698 -5.224719815029034 20.25
    endloop
  endfacet
  facet normal 0.33688985339224076 0.9415440651830135 0
    outer loop
      vertex 322.9909119800833 -4.850367545684255 20.25
      vertex 322.9909119800833 -4.850367545684255 25.25
      vertex 323.47600544441406 -5.023936762594096 20.25
    endloop
  endfacet
  facet normal 0.24298017990325857 0.9700312531945454 0
    outer loop
      vertex 323.47600544441406 -5.023936762594096 20.25
      vertex 323.47600544441406 -5.023936762594096 25.25
      vertex 323.9757758094153 -5.14912272211696 20.25
    endloop
  endfacet
  facet normal 0.04906767432741812 0.9987954562051724 0
    outer loop
      vertex 324.4854100132698 -5.224719815029034 20.25
      vertex 324.4854100132698 -5.224719815029034 25.25
      vertex 325 -5.25 20.25
    endloop
  endfacet
  facet normal -0.04906767432741812 0.9987954562051724 0
    outer loop
      vertex 325 -5.25 20.25
      vertex 325 -5.25 25.25
      vertex 325.5145899867302 -5.224719815029034 20.25
    endloop
  endfacet
  facet normal -0.14673047445535914 0.9891765099647812 0
    outer loop
      vertex 325.5145899867302 -5.224719815029034 20.25
      vertex 325.5145899867302 -5.224719815029034 25.25
      vertex 326.0242241905847 -5.14912272211696 20.25
    endloop
  endfacet
  facet normal 0.5141027441932157 0.8577286100002757 0
    outer loop
      vertex 322.0832562766471 -4.3652154645883625 20.25
      vertex 322.0832562766471 -4.3652154645883625 25.25
      vertex 322.5251671316635 -4.630086637828864 20.25
    endloop
  endfacet
  facet normal 0.5956993044924468 0.803207531480635 0
    outer loop
      vertex 321.6694352581409 -4.0583048801543695 20.25
      vertex 321.6694352581409 -4.0583048801543695 25.25
      vertex 322.0832562766471 -4.3652154645883625 20.25
    endloop
  endfacet
  facet normal 0.7409511253549629 0.6715589548470142 0
    outer loop
      vertex 321.2876893987706 -3.7123106012293747 20.25
      vertex 320.94169511984563 -3.330564741859139 20.25
      vertex 320.94169511984563 -3.330564741859139 25.25
    endloop
  endfacet
  facet normal 0.6715589548469996 0.7409511253549762 0
    outer loop
      vertex 321.6694352581409 -4.0583048801543695 20.25
      vertex 321.2876893987706 -3.7123106012293747 20.25
      vertex 321.2876893987706 -3.7123106012293747 25.25
    endloop
  endfacet
  facet normal 0.4275550934302761 0.9039892931234461 0
    outer loop
      vertex 322.5251671316635 -4.630086637828864 20.25
      vertex 322.5251671316635 -4.630086637828864 25.25
      vertex 322.9909119800833 -4.850367545684255 20.25
    endloop
  endfacet
  facet normal 0.8032075314806589 0.5956993044924146 0
    outer loop
      vertex 320.94169511984563 -3.330564741859139 20.25
      vertex 320.63478453541165 -2.916743723352911 20.25
      vertex 320.63478453541165 -2.916743723352911 25.25
    endloop
  endfacet
  facet normal 0.8577286100002544 0.5141027441932513 0
    outer loop
      vertex 320.63478453541165 -2.916743723352911 20.25
      vertex 320.36991336217113 -2.4748328683364877 20.25
      vertex 320.36991336217113 -2.4748328683364877 25.25
    endloop
  endfacet
  facet normal 0.9039892931234393 0.4275550934302905 0
    outer loop
      vertex 320.36991336217113 -2.4748328683364877 20.25
      vertex 320.14963245431574 -2.0090880199167214 20.25
      vertex 320.14963245431574 -2.0090880199167214 25.25
    endloop
  endfacet
  facet normal 0.9415440651830389 0.33688985339216904 0
    outer loop
      vertex 320.14963245431574 -2.0090880199167214 20.25
      vertex 319.9760632374059 -1.5239945555859273 20.25
      vertex 319.9760632374059 -1.5239945555859273 25.25
    endloop
  endfacet
  facet normal 0.9700312531945424 0.2429801799032699 0
    outer loop
      vertex 319.9760632374059 -1.5239945555859273 20.25
      vertex 319.85087727788306 -1.0242241905846734 20.25
      vertex 319.85087727788306 -1.0242241905846734 25.25
    endloop
  endfacet
  facet normal 0.9891765099647684 0.14673047445544768 0
    outer loop
      vertex 319.85087727788306 -1.0242241905846734 20.25
      vertex 319.77528018497094 -0.5145899867301932 20.25
      vertex 319.77528018497094 -0.5145899867301932 25.25
    endloop
  endfacet
  facet normal 0.9987954562051751 0.04906767432736416 0
    outer loop
      vertex 319.77528018497094 -0.5145899867301932 20.25
      vertex 319.75 0 20.25
      vertex 319.75 0 25.25
    endloop
  endfacet
  facet normal 0.33688985339224076 0.9415440651830135 0
    outer loop
      vertex 323.47600544441406 -5.023936762594096 20.25
      vertex 322.9909119800833 -4.850367545684255 25.25
      vertex 323.47600544441406 -5.023936762594096 25.25
    endloop
  endfacet
  facet normal 0.4275550934302761 0.9039892931234461 0
    outer loop
      vertex 322.9909119800833 -4.850367545684255 20.25
      vertex 322.5251671316635 -4.630086637828864 25.25
      vertex 322.9909119800833 -4.850367545684255 25.25
    endloop
  endfacet
  facet normal 0.24298017990325857 0.9700312531945454 0
    outer loop
      vertex 323.9757758094153 -5.14912272211696 20.25
      vertex 323.47600544441406 -5.023936762594096 25.25
      vertex 323.9757758094153 -5.14912272211696 25.25
    endloop
  endfacet
  facet normal 0.14673047445535914 0.9891765099647812 0
    outer loop
      vertex 324.4854100132698 -5.224719815029034 20.25
      vertex 323.9757758094153 -5.14912272211696 25.25
      vertex 324.4854100132698 -5.224719815029034 25.25
    endloop
  endfacet
  facet normal 0.04906767432741812 0.9987954562051724 0
    outer loop
      vertex 325 -5.25 20.25
      vertex 324.4854100132698 -5.224719815029034 25.25
      vertex 325 -5.25 25.25
    endloop
  endfacet
  facet normal -0.04906767432741812 0.9987954562051724 0
    outer loop
      vertex 325.5145899867302 -5.224719815029034 20.25
      vertex 325 -5.25 25.25
      vertex 325.5145899867302 -5.224719815029034 25.25
    endloop
  endfacet
  facet normal -0.14673047445535914 0.9891765099647812 0
    outer loop
      vertex 326.0242241905847 -5.14912272211696 20.25
      vertex 325.5145899867302 -5.224719815029034 25.25
      vertex 326.0242241905847 -5.14912272211696 25.25
    endloop
  endfacet
  facet normal 0.5141027441932157 0.8577286100002757 0
    outer loop
      vertex 322.5251671316635 -4.630086637828864 20.25
      vertex 322.0832562766471 -4.3652154645883625 25.25
      vertex 322.5251671316635 -4.630086637828864 25.25
    endloop
  endfacet
  facet normal 0.5956993044924468 0.803207531480635 0
    outer loop
      vertex 322.0832562766471 -4.3652154645883625 20.25
      vertex 321.6694352581409 -4.0583048801543695 25.25
      vertex 322.0832562766471 -4.3652154645883625 25.25
    endloop
  endfacet
  facet normal 0.8032075314806589 0.5956993044924146 0
    outer loop
      vertex 320.94169511984563 -3.330564741859139 20.25
      vertex 320.63478453541165 -2.916743723352911 25.25
      vertex 320.94169511984563 -3.330564741859139 25.25
    endloop
  endfacet
  facet normal 0.6715589548469996 0.7409511253549762 0
    outer loop
      vertex 321.6694352581409 -4.0583048801543695 20.25
      vertex 321.2876893987706 -3.7123106012293747 25.25
      vertex 321.6694352581409 -4.0583048801543695 25.25
    endloop
  endfacet
  facet normal 0.7409511253549629 0.6715589548470142 0
    outer loop
      vertex 321.2876893987706 -3.7123106012293747 20.25
      vertex 320.94169511984563 -3.330564741859139 25.25
      vertex 321.2876893987706 -3.7123106012293747 25.25
    endloop
  endfacet
  facet normal 0.8577286100002544 0.5141027441932513 0
    outer loop
      vertex 320.63478453541165 -2.916743723352911 20.25
      vertex 320.36991336217113 -2.4748328683364877 25.25
      vertex 320.63478453541165 -2.916743723352911 25.25
    endloop
  endfacet
  facet normal 0.9039892931234393 0.4275550934302905 0
    outer loop
      vertex 320.36991336217113 -2.4748328683364877 20.25
      vertex 320.14963245431574 -2.0090880199167214 25.25
      vertex 320.36991336217113 -2.4748328683364877 25.25
    endloop
  endfacet
  facet normal 0.9415440651830389 0.33688985339216904 0
    outer loop
      vertex 320.14963245431574 -2.0090880199167214 20.25
      vertex 319.9760632374059 -1.5239945555859273 25.25
      vertex 320.14963245431574 -2.0090880199167214 25.25
    endloop
  endfacet
  facet normal 0.9700312531945424 0.2429801799032699 0
    outer loop
      vertex 319.9760632374059 -1.5239945555859273 20.25
      vertex 319.85087727788306 -1.0242241905846734 25.25
      vertex 319.9760632374059 -1.5239945555859273 25.25
    endloop
  endfacet
  facet normal 0.9891765099647684 0.14673047445544768 0
    outer loop
      vertex 319.85087727788306 -1.0242241905846734 20.25
      vertex 319.77528018497094 -0.5145899867301932 25.25
      vertex 319.85087727788306 -1.0242241905846734 25.25
    endloop
  endfacet
  facet normal 0.9987954562051751 0.04906767432736416 0
    outer loop
      vertex 319.77528018497094 -0.5145899867301932 20.25
      vertex 319.75 0 25.25
      vertex 319.77528018497094 -0.5145899867301932 25.25
    endloop
  endfacet
  facet normal 0 0 -1
    outer loop
      vertex 300.25 -20.25 20.25
      vertex 326.52399455558594 -5.023936762594096 20.25
      vertex 373.47600544441406 -5.023936762594096 20.25
    endloop
  endfacet
  facet normal 0 0 -1
    outer loop
      vertex 300.25 -20.25 20.25
      vertex 373.47600544441406 -5.023936762594096 20.25
      vertex 373.9757758094153 -5.14912272211696 20.25
    endloop
  endfacet
  facet normal 0 0 -1
    outer loop
      vertex 300.25 -20.25 20.25
      vertex 373.9757758094153 -5.14912272211696 20.25
      vertex 374.4854100132698 -5.224719815029034 20.25
    endloop
  endfacet
  facet normal 0 0 -1
    outer loop
      vertex 300.25 -20.25 20.25
      vertex 374.4854100132698 -5.224719815029034 20.25
      vertex 375 -5.25 20.25
    endloop
  endfacet
  facet normal 0 0 1
    outer loop
      vertex 300.25 -20.25 25.25
      vertex 372.5251671316635 -4.630086637828864 25.25
      vertex 327.4748328683365 -4.630086637828864 25.25
    endloop
  endfacet
  facet normal 0 0 1
    outer loop
      vertex 300.25 -20.25 25.25
      vertex 372.9909119800833 -4.850367545684255 25.25
      vertex 372.5251671316635 -4.630086637828864 25.25
    endloop
  endfacet
  facet normal 0 0 1
    outer loop
      vertex 300.25 -20.25 25.25
      vertex 373.47600544441406 -5.023936762594096 25.25
      vertex 372.9909119800833 -4.850367545684255 25.25
    endloop
  endfacet
  facet normal 0 0 1
    outer loop
      vertex 300.25 -20.25 25.25
      vertex 373.9757758094153 -5.14912272211696 25.25
      vertex 373.47600544441406 -5.023936762594096 25.25
    endloop
  endfacet
  facet normal 0 0 1
    outer loop
      vertex 300.25 -20.25 25.25
      vertex 374.4854100132698 -5.224719815029034 25.25
      vertex 373.9757758094153 -5.14912272211696 25.25
    endloop
  endfacet
  facet normal -0.24298017990325857 0.9700312531945454 0
    outer loop
      vertex 326.0242241905847 -5.14912272211696 20.25
      vertex 326.0242241905847 -5.14912272211696 25.25
      vertex 326.52399455558594 -5.023936762594096 20.25
    endloop
  endfacet
  facet normal -0.33688985339224076 0.9415440651830135 0
    outer loop
      vertex 326.52399455558594 -5.023936762594096 20.25
      vertex 326.52399455558594 -5.023936762594096 25.25
      vertex 327.0090880199167 -4.850367545684255 20.25
    endloop
  endfacet
  facet normal -0.4275550934302761 0.9039892931234461 0
    outer loop
      vertex 327.0090880199167 -4.850367545684255 20.25
      vertex 327.0090880199167 -4.850367545684255 25.25
      vertex 327.4748328683365 -4.630086637828864 20.25
    endloop
  endfacet
  facet normal -0.5141027441932157 0.8577286100002757 0
    outer loop
      vertex 327.4748328683365 -4.630086637828864 20.25
      vertex 327.4748328683365 -4.630086637828864 25.25
      vertex 327.9167437233529 -4.3652154645883625 20.25
    endloop
  endfacet
  facet normal -0.5956993044924468 0.803207531480635 0
    outer loop
      vertex 327.9167437233529 -4.3652154645883625 20.25
      vertex 327.9167437233529 -4.3652154645883625 25.25
      vertex 328.3305647418591 -4.0583048801543695 20.25
    endloop
  endfacet
  facet normal -0.6715589548469996 0.7409511253549762 0
    outer loop
      vertex 328.3305647418591 -4.0583048801543695 20.25
      vertex 328.3305647418591 -4.0583048801543695 25.25
      vertex 328.7123106012294 -3.7123106012293747 20.25
    endloop
  endfacet
  facet normal -0.7409511253549629 0.6715589548470142 0
    outer loop
      vertex 328.7123106012294 -3.7123106012293747 20.25
      vertex 328.7123106012294 -3.7123106012293747 25.25
      vertex 329.05830488015437 -3.330564741859139 20.25
    endloop
  endfacet
  facet normal -0.8032075314806589 0.5956993044924146 0
    outer loop
      vertex 329.36521546458835 -2.916743723352911 20.25
      vertex 329.05830488015437 -3.330564741859139 20.25
      vertex 329.05830488015437 -3.330564741859139 25.25
    endloop
  endfacet
  facet normal -0.8577286100002544 0.5141027441932513 0
    outer loop
      vertex 329.63008663782887 -2.4748328683364877 20.25
      vertex 329.36521546458835 -2.916743723352911 20.25
      vertex 329.36521546458835 -2.916743723352911 25.25
    endloop
  endfacet
  facet normal -0.9039892931234393 0.4275550934302905 0
    outer loop
      vertex 329.85036754568426 -2.0090880199167214 20.25
      vertex 329.63008663782887 -2.4748328683364877 20.25
      vertex 329.63008663782887 -2.4748328683364877 25.25
    endloop
  endfacet
  facet normal -0.9415440651830389 0.33688985339216904 0
    outer loop
      vertex 330.0239367625941 -1.5239945555859273 20.25
      vertex 329.85036754568426 -2.0090880199167214 20.25
      vertex 329.85036754568426 -2.0090880199167214 25.25
    endloop
  endfacet
  facet normal -0.9700312531945424 0.2429801799032699 0
    outer loop
      vertex 330.14912272211694 -1.0242241905846734 20.25
      vertex 330.0239367625941 -1.5239945555859273 20.25
      vertex 330.0239367625941 -1.5239945555859273 25.25
    endloop
  endfacet
  facet normal -0.9891765099647684 0.14673047445544768 0
    outer loop
      vertex 330.22471981502906 -0.5145899867301932 20.25
      vertex 330.14912272211694 -1.0242241905846734 20.25
      vertex 330.14912272211694 -1.0242241905846734 25.25
    endloop
  endfacet
  facet normal -0.9987954562051751 0.04906767432736416 0
    outer loop
      vertex 330.22471981502906 -0.5145899867301932 20.25
      vertex 330.22471981502906 -0.5145899867301932 25.25
      vertex 330.25 0 20.25
    endloop
  endfacet
  facet normal 0 0 -1
    outer loop
      vertex 326.52399455558594 -5.023936762594096 20.25
      vertex 327.0090880199167 -4.850367545684255 20.25
      vertex 373.47600544441406 -5.023936762594096 20.25
    endloop
  endfacet
  facet normal 0 0 -1
    outer loop
      vertex 327.0090880199167 -4.850367545684255 20.25
      vertex 327.4748328683365 -4.630086637828864 20.25
      vertex 372.9909119800833 -4.850367545684255 20.25
    endloop
  endfacet
  facet normal 0 0 -1
    outer loop
      vertex 327.4748328683365 -4.630086637828864 20.25
      vertex 327.9167437233529 -4.3652154645883625 20.25
      vertex 372.5251671316635 -4.630086637828864 20.25
    endloop
  endfacet
  facet normal 0 0 -1
    outer loop
      vertex 327.9167437233529 -4.3652154645883625 20.25
      vertex 328.3305647418591 -4.0583048801543695 20.25
      vertex 372.0832562766471 -4.3652154645883625 20.25
    endloop
  endfacet
  facet normal 0 0 -1
    outer loop
      vertex 328.3305647418591 -4.0583048801543695 20.25
      vertex 328.7123106012294 -3.7123106012293747 20.25
      vertex 371.6694352581409 -4.0583048801543695 20.25
    endloop
  endfacet
  facet normal 0 0 -1
    outer loop
      vertex 328.7123106012294 -3.7123106012293747 20.25
      vertex 329.05830488015437 -3.330564741859139 20.25
      vertex 371.2876893987706 -3.7123106012293747 20.25
    endloop
  endfacet
  facet normal 0 0 -1
    outer loop
      vertex 329.36521546458835 -2.916743723352911 20.25
      vertex 370.94169511984563 -3.330564741859139 20.25
      vertex 329.05830488015437 -3.330564741859139 20.25
    endloop
  endfacet
  facet normal 0 0 -1
    outer loop
      vertex 329.63008663782887 -2.4748328683364877 20.25
      vertex 370.63478453541165 -2.916743723352911 20.25
      vertex 329.36521546458835 -2.916743723352911 20.25
    endloop
  endfacet
  facet normal 0 0 -1
    outer loop
      vertex 329.85036754568426 -2.0090880199167214 20.25
      vertex 370.36991336217113 -2.4748328683364877 20.25
      vertex 329.63008663782887 -2.4748328683364877 20.25
    endloop
  endfacet
  facet normal 0 0 -1
    outer loop
      vertex 330.0239367625941 -1.5239945555859273 20.25
      vertex 370.14963245431574 -2.0090880199167214 20.25
      vertex 329.85036754568426 -2.0090880199167214 20.25
    endloop
  endfacet
  facet normal 0 0 -1
    outer loop
      vertex 330.14912272211694 -1.0242241905846734 20.25
      vertex 369.9760632374059 -1.5239945555859273 20.25
      vertex 330.0239367625941 -1.5239945555859273 20.25
    endloop
  endfacet
  facet normal 0 0 -1
    outer loop
      vertex 330.22471981502906 -0.5145899867301932 20.25
      vertex 369.85087727788306 -1.0242241905846734 20.25
      vertex 330.14912272211694 -1.0242241905846734 20.25
    endloop
  endfacet
  facet normal 0 0 -1
    outer loop
      vertex 369.77528018497094 -0.5145899867301932 20.25
      vertex 330.22471981502906 -0.5145899867301932 20.25
      vertex 330.25 0 20.25
    endloop
  endfacet
  facet normal -0.24298017990325857 0.9700312531945454 0
    outer loop
      vertex 326.52399455558594 -5.023936762594096 20.25
      vertex 326.0242241905847 -5.14912272211696 25.25
      vertex 326.52399455558594 -5.023936762594096 25.25
    endloop
  endfacet
  facet normal -0.33688985339224076 0.9415440651830135 0
    outer loop
      vertex 327.0090880199167 -4.850367545684255 20.25
      vertex 326.52399455558594 -5.023936762594096 25.25
      vertex 327.0090880199167 -4.850367545684255 25.25
    endloop
  endfacet
  facet normal -0.4275550934302761 0.9039892931234461 0
    outer loop
      vertex 327.4748328683365 -4.630086637828864 20.25
      vertex 327.0090880199167 -4.850367545684255 25.25
      vertex 327.4748328683365 -4.630086637828864 25.25
    endloop
  endfacet
  facet normal -0.5141027441932157 0.8577286100002757 0
    outer loop
      vertex 327.9167437233529 -4.3652154645883625 20.25
      vertex 327.4748328683365 -4.630086637828864 25.25
      vertex 327.9167437233529 -4.3652154645883625 25.25
    endloop
  endfacet
  facet normal -0.5956993044924468 0.803207531480635 0
    outer loop
      vertex 328.3305647418591 -4.0583048801543695 20.25
      vertex 327.9167437233529 -4.3652154645883625 25.25
      vertex 328.3305647418591 -4.0583048801543695 25.25
    endloop
  endfacet
  facet normal -0.6715589548469996 0.7409511253549762 0
    outer loop
      vertex 328.7123106012294 -3.7123106012293747 20.25
      vertex 328.3305647418591 -4.0583048801543695 25.25
      vertex 328.7123106012294 -3.7123106012293747 25.25
    endloop
  endfacet
  facet normal -0.7409511253549629 0.6715589548470142 0
    outer loop
      vertex 329.05830488015437 -3.330564741859139 20.25
      vertex 328.7123106012294 -3.7123106012293747 25.25
      vertex 329.05830488015437 -3.330564741859139 25.25
    endloop
  endfacet
  facet normal -0.8032075314806589 0.5956993044924146 0
    outer loop
      vertex 329.36521546458835 -2.916743723352911 20.25
      vertex 329.05830488015437 -3.330564741859139 25.25
      vertex 329.36521546458835 -2.916743723352911 25.25
    endloop
  endfacet
  facet normal -0.8577286100002544 0.5141027441932513 0
    outer loop
      vertex 329.63008663782887 -2.4748328683364877 20.25
      vertex 329.36521546458835 -2.916743723352911 25.25
      vertex 329.63008663782887 -2.4748328683364877 25.25
    endloop
  endfacet
  facet normal -0.9039892931234393 0.4275550934302905 0
    outer loop
      vertex 329.85036754568426 -2.0090880199167214 20.25
      vertex 329.63008663782887 -2.4748328683364877 25.25
      vertex 329.85036754568426 -2.0090880199167214 25.25
    endloop
  endfacet
  facet normal -0.9415440651830389 0.33688985339216904 0
    outer loop
      vertex 330.0239367625941 -1.5239945555859273 20.25
      vertex 329.85036754568426 -2.0090880199167214 25.25
      vertex 330.0239367625941 -1.5239945555859273 25.25
    endloop
  endfacet
  facet normal -0.9700312531945424 0.2429801799032699 0
    outer loop
      vertex 330.14912272211694 -1.0242241905846734 20.25
      vertex 330.0239367625941 -1.5239945555859273 25.25
      vertex 330.14912272211694 -1.0242241905846734 25.25
    endloop
  endfacet
  facet normal -0.9891765099647684 0.14673047445544768 0
    outer loop
      vertex 330.22471981502906 -0.5145899867301932 20.25
      vertex 330.14912272211694 -1.0242241905846734 25.25
      vertex 330.22471981502906 -0.5145899867301932 25.25
    endloop
  endfacet
  facet normal -0.9987954562051751 0.04906767432736416 0
    outer loop
      vertex 330.25 0 20.25
      vertex 330.22471981502906 -0.5145899867301932 25.25
      vertex 330.25 0 25.25
    endloop
  endfacet
  facet normal 0 0 1
    outer loop
      vertex 327.9167437233529 -4.3652154645883625 25.25
      vertex 327.4748328683365 -4.630086637828864 25.25
      vertex 372.0832562766471 -4.3652154645883625 25.25
    endloop
  endfacet
  facet normal 0 0 1
    outer loop
      vertex 328.3305647418591 -4.0583048801543695 25.25
      vertex 327.9167437233529 -4.3652154645883625 25.25
      vertex 371.6694352581409 -4.0583048801543695 25.25
    endloop
  endfacet
  facet normal 0 0 1
    outer loop
      vertex 328.7123106012294 -3.7123106012293747 25.25
      vertex 328.3305647418591 -4.0583048801543695 25.25
      vertex 371.2876893987706 -3.7123106012293747 25.25
    endloop
  endfacet
  facet normal 0 0 1
    outer loop
      vertex 328.7123106012294 -3.7123106012293747 25.25
      vertex 370.94169511984563 -3.330564741859139 25.25
      vertex 329.05830488015437 -3.330564741859139 25.25
    endloop
  endfacet
  facet normal 0 0 1
    outer loop
      vertex 329.05830488015437 -3.330564741859139 25.25
      vertex 370.63478453541165 -2.916743723352911 25.25
      vertex 329.36521546458835 -2.916743723352911 25.25
    endloop
  endfacet
  facet normal 0 0 1
    outer loop
      vertex 329.36521546458835 -2.916743723352911 25.25
      vertex 370.36991336217113 -2.4748328683364877 25.25
      vertex 329.63008663782887 -2.4748328683364877 25.25
    endloop
  endfacet
  facet normal 0 0 1
    outer loop
      vertex 329.63008663782887 -2.4748328683364877 25.25
      vertex 370.14963245431574 -2.0090880199167214 25.25
      vertex 329.85036754568426 -2.0090880199167214 25.25
    endloop
  endfacet
  facet normal 0 0 1
    outer loop
      vertex 329.85036754568426 -2.0090880199167214 25.25
      vertex 369.9760632374059 -1.5239945555859273 25.25
      vertex 330.0239367625941 -1.5239945555859273 25.25
    endloop
  endfacet
  facet normal 0 0 1
    outer loop
      vertex 330.0239367625941 -1.5239945555859273 25.25
      vertex 369.85087727788306 -1.0242241905846734 25.25
      vertex 330.14912272211694 -1.0242241905846734 25.25
    endloop
  endfacet
  facet normal 0 0 1
    outer loop
      vertex 330.14912272211694 -1.0242241905846734 25.25
      vertex 369.77528018497094 -0.5145899867301932 25.25
      vertex 330.22471981502906 -0.5145899867301932 25.25
    endloop
  endfacet
  facet normal 0 0 1
    outer loop
      vertex 369.75 0 25.25
      vertex 330.25 0 25.25
      vertex 330.22471981502906 -0.5145899867301932 25.25
    endloop
  endfacet
  facet normal 0 1 0
    outer loop
      vertex 300.25 -20.25 0.25
      vertex 300.25 -20.25 20.25
      vertex 500.25 -20.25 20.25
    endloop
  endfacet
  facet normal 0 -1 0
    outer loop
      vertex 300.25 -25.25 20.25
      vertex 500.25 -25.25 25.25
      vertex 300.25 -25.25 25.25
    endloop
  endfacet
  facet normal 0 0 1
    outer loop
      vertex 300.25 -25.25 25.25
      vertex 500.25 -25.25 25.25
      vertex 300.25 -20.25 25.25
    endloop
  endfacet
  facet normal 0 0 1
    outer loop
      vertex 300.25 -20.25 25.25
      vertex 500.25 -20.25 25.25
      vertex 374.4854100132698 -5.224719815029034 25.25
    endloop
  endfacet
  facet normal 0 0 -1
    outer loop
      vertex 300.25 -20.25 20.25
      vertex 375 -5.25 20.25
      vertex 423.47600544441406 -5.023936762594096 20.25
    endloop
  endfacet
  facet normal 0 0 -1
    outer loop
      vertex 327.0090880199167 -4.850367545684255 20.25
      vertex 372.9909119800833 -4.850367545684255 20.25
      vertex 373.47600544441406 -5.023936762594096 20.25
    endloop
  endfacet
  facet normal 0 0 -1
    outer loop
      vertex 372.5251671316635 -4.630086637828864 20.25
      vertex 372.9909119800833 -4.850367545684255 20.25
      vertex 327.4748328683365 -4.630086637828864 20.25
    endloop
  endfacet
  facet normal 0 0 -1
    outer loop
      vertex 372.0832562766471 -4.3652154645883625 20.25
      vertex 372.5251671316635 -4.630086637828864 20.25
      vertex 327.9167437233529 -4.3652154645883625 20.25
    endloop
  endfacet
  facet normal 0 0 -1
    outer loop
      vertex 328.3305647418591 -4.0583048801543695 20.25
      vertex 371.6694352581409 -4.0583048801543695 20.25
      vertex 372.0832562766471 -4.3652154645883625 20.25
    endloop
  endfacet
  facet normal 0 0 -1
    outer loop
      vertex 328.7123106012294 -3.7123106012293747 20.25
      vertex 371.2876893987706 -3.7123106012293747 20.25
      vertex 371.6694352581409 -4.0583048801543695 20.25
    endloop
  endfacet
  facet normal 0 0 -1
    outer loop
      vertex 329.05830488015437 -3.330564741859139 20.25
      vertex 370.94169511984563 -3.330564741859139 20.25
      vertex 371.2876893987706 -3.7123106012293747 20.25
    endloop
  endfacet
  facet normal 0 0 -1
    outer loop
      vertex 370.94169511984563 -3.330564741859139 20.25
      vertex 329.36521546458835 -2.916743723352911 20.25
      vertex 370.63478453541165 -2.916743723352911 20.25
    endloop
  endfacet
  facet normal 0 0 -1
    outer loop
      vertex 370.63478453541165 -2.916743723352911 20.25
      vertex 329.63008663782887 -2.4748328683364877 20.25
      vertex 370.36991336217113 -2.4748328683364877 20.25
    endloop
  endfacet
  facet normal 0 0 -1
    outer loop
      vertex 370.36991336217113 -2.4748328683364877 20.25
      vertex 329.85036754568426 -2.0090880199167214 20.25
      vertex 370.14963245431574 -2.0090880199167214 20.25
    endloop
  endfacet
  facet normal 0 0 -1
    outer loop
      vertex 330.0239367625941 -1.5239945555859273 20.25
      vertex 369.9760632374059 -1.5239945555859273 20.25
      vertex 370.14963245431574 -2.0090880199167214 20.25
    endloop
  endfacet
  facet normal 0 0 -1
    outer loop
      vertex 330.14912272211694 -1.0242241905846734 20.25
      vertex 369.85087727788306 -1.0242241905846734 20.25
      vertex 369.9760632374059 -1.5239945555859273 20.25
    endloop
  endfacet
  facet normal 0 0 -1
    outer loop
      vertex 369.85087727788306 -1.0242241905846734 20.25
      vertex 330.22471981502906 -0.5145899867301932 20.25
      vertex 369.77528018497094 -0.5145899867301932 20.25
    endloop
  endfacet
  facet normal 0 0 -1
    outer loop
      vertex 369.77528018497094 -0.5145899867301932 20.25
      vertex 330.25 0 20.25
      vertex 369.75 0 20.25
    endloop
  endfacet
  facet normal 0.24298017990325857 0.9700312531945454 0
    outer loop
      vertex 373.47600544441406 -5.023936762594096 20.25
      vertex 373.47600544441406 -5.023936762594096 25.25
      vertex 373.9757758094153 -5.14912272211696 20.25
    endloop
  endfacet
  facet normal 0.33688985339224076 0.9415440651830135 0
    outer loop
      vertex 372.9909119800833 -4.850367545684255 20.25
      vertex 372.9909119800833 -4.850367545684255 25.25
      vertex 373.47600544441406 -5.023936762594096 20.25
    endloop
  endfacet
  facet normal 0.14673047445535914 0.9891765099647812 0
    outer loop
      vertex 373.9757758094153 -5.14912272211696 20.25
      vertex 373.9757758094153 -5.14912272211696 25.25
      vertex 374.4854100132698 -5.224719815029034 20.25
    endloop
  endfacet
  facet normal 0.04906767432741812 0.9987954562051724 0
    outer loop
      vertex 374.4854100132698 -5.224719815029034 20.25
      vertex 374.4854100132698 -5.224719815029034 25.25
      vertex 375 -5.25 20.25
    endloop
  endfacet
  facet normal -0.04906767432741812 0.9987954562051724 0
    outer loop
      vertex 375 -5.25 20.25
      vertex 375 -5.25 25.25
      vertex 375.5145899867302 -5.224719815029034 20.25
    endloop
  endfacet
  facet normal -0.14673047445535914 0.9891765099647812 0
    outer loop
      vertex 375.5145899867302 -5.224719815029034 20.25
      vertex 375.5145899867302 -5.224719815029034 25.25
      vertex 376.0242241905847 -5.14912272211696 20.25
    endloop
  endfacet
  facet normal -0.24298017990325857 0.9700312531945454 0
    outer loop
      vertex 376.0242241905847 -5.14912272211696 20.25
      vertex 376.0242241905847 -5.14912272211696 25.25
      vertex 376.52399455558594 -5.023936762594096 20.25
    endloop
  endfacet
  facet normal -0.33688985339224076 0.9415440651830135 0
    outer loop
      vertex 376.52399455558594 -5.023936762594096 20.25
      vertex 376.52399455558594 -5.023936762594096 25.25
      vertex 377.0090880199167 -4.850367545684255 20.25
    endloop
  endfacet
  facet normal 0.5141027441932157 0.8577286100002757 0
    outer loop
      vertex 372.0832562766471 -4.3652154645883625 20.25
      vertex 372.0832562766471 -4.3652154645883625 25.25
      vertex 372.5251671316635 -4.630086637828864 20.25
    endloop
  endfacet
  facet normal 0.5956993044924468 0.803207531480635 0
    outer loop
      vertex 371.6694352581409 -4.0583048801543695 20.25
      vertex 371.6694352581409 -4.0583048801543695 25.25
      vertex 372.0832562766471 -4.3652154645883625 20.25
    endloop
  endfacet
  facet normal 0.4275550934302761 0.9039892931234461 0
    outer loop
      vertex 372.5251671316635 -4.630086637828864 20.25
      vertex 372.5251671316635 -4.630086637828864 25.25
      vertex 372.9909119800833 -4.850367545684255 20.25
    endloop
  endfacet
  facet normal 0.6715589548469996 0.7409511253549762 0
    outer loop
      vertex 371.6694352581409 -4.0583048801543695 20.25
      vertex 371.2876893987706 -3.7123106012293747 20.25
      vertex 371.2876893987706 -3.7123106012293747 25.25
    endloop
  endfacet
  facet normal 0.7409511253549629 0.6715589548470142 0
    outer loop
      vertex 371.2876893987706 -3.7123106012293747 20.25
      vertex 370.94169511984563 -3.330564741859139 20.25
      vertex 370.94169511984563 -3.330564741859139 25.25
    endloop
  endfacet
  facet normal 0.8577286100002544 0.5141027441932513 0
    outer loop
      vertex 370.63478453541165 -2.916743723352911 20.25
      vertex 370.36991336217113 -2.4748328683364877 20.25
      vertex 370.36991336217113 -2.4748328683364877 25.25
    endloop
  endfacet
  facet normal 0.9039892931234393 0.4275550934302905 0
    outer loop
      vertex 370.36991336217113 -2.4748328683364877 20.25
      vertex 370.14963245431574 -2.0090880199167214 20.25
      vertex 370.14963245431574 -2.0090880199167214 25.25
    endloop
  endfacet
  facet normal 0.9415440651830389 0.33688985339216904 0
    outer loop
      vertex 370.14963245431574 -2.0090880199167214 20.25
      vertex 369.9760632374059 -1.5239945555859273 20.25
      vertex 369.9760632374059 -1.5239945555859273 25.25
    endloop
  endfacet
  facet normal 0.9700312531945424 0.2429801799032699 0
    outer loop
      vertex 369.9760632374059 -1.5239945555859273 20.25
      vertex 369.85087727788306 -1.0242241905846734 20.25
      vertex 369.85087727788306 -1.0242241905846734 25.25
    endloop
  endfacet
  facet normal 0.9891765099647684 0.14673047445544768 0
    outer loop
      vertex 369.85087727788306 -1.0242241905846734 20.25
      vertex 369.77528018497094 -0.5145899867301932 20.25
      vertex 369.77528018497094 -0.5145899867301932 25.25
    endloop
  endfacet
  facet normal 0.9987954562051751 0.04906767432736416 0
    outer loop
      vertex 369.77528018497094 -0.5145899867301932 20.25
      vertex 369.75 0 20.25
      vertex 369.75 0 25.25
    endloop
  endfacet
  facet normal 0.8032075314806589 0.5956993044924146 0
    outer loop
      vertex 370.94169511984563 -3.330564741859139 20.25
      vertex 370.63478453541165 -2.916743723352911 20.25
      vertex 370.63478453541165 -2.916743723352911 25.25
    endloop
  endfacet
  facet normal 0 0 1
    outer loop
      vertex 327.4748328683365 -4.630086637828864 25.25
      vertex 372.5251671316635 -4.630086637828864 25.25
      vertex 372.0832562766471 -4.3652154645883625 25.25
    endloop
  endfacet
  facet normal 0 0 1
    outer loop
      vertex 327.9167437233529 -4.3652154645883625 25.25
      vertex 372.0832562766471 -4.3652154645883625 25.25
      vertex 371.6694352581409 -4.0583048801543695 25.25
    endloop
  endfacet
  facet normal 0 0 1
    outer loop
      vertex 328.3305647418591 -4.0583048801543695 25.25
      vertex 371.6694352581409 -4.0583048801543695 25.25
      vertex 371.2876893987706 -3.7123106012293747 25.25
    endloop
  endfacet
  facet normal 0 0 1
    outer loop
      vertex 328.7123106012294 -3.7123106012293747 25.25
      vertex 371.2876893987706 -3.7123106012293747 25.25
      vertex 370.94169511984563 -3.330564741859139 25.25
    endloop
  endfacet
  facet normal 0 0 1
    outer loop
      vertex 329.05830488015437 -3.330564741859139 25.25
      vertex 370.94169511984563 -3.330564741859139 25.25
      vertex 370.63478453541165 -2.916743723352911 25.25
    endloop
  endfacet
  facet normal 0 0 1
    outer loop
      vertex 329.36521546458835 -2.916743723352911 25.25
      vertex 370.63478453541165 -2.916743723352911 25.25
      vertex 370.36991336217113 -2.4748328683364877 25.25
    endloop
  endfacet
  facet normal 0 0 1
    outer loop
      vertex 329.63008663782887 -2.4748328683364877 25.25
      vertex 370.36991336217113 -2.4748328683364877 25.25
      vertex 370.14963245431574 -2.0090880199167214 25.25
    endloop
  endfacet
  facet normal 0 0 1
    outer loop
      vertex 329.85036754568426 -2.0090880199167214 25.25
      vertex 370.14963245431574 -2.0090880199167214 25.25
      vertex 369.9760632374059 -1.5239945555859273 25.25
    endloop
  endfacet
  facet normal 0 0 1
    outer loop
      vertex 330.0239367625941 -1.5239945555859273 25.25
      vertex 369.9760632374059 -1.5239945555859273 25.25
      vertex 369.85087727788306 -1.0242241905846734 25.25
    endloop
  endfacet
  facet normal 0 0 1
    outer loop
      vertex 330.14912272211694 -1.0242241905846734 25.25
      vertex 369.85087727788306 -1.0242241905846734 25.25
      vertex 369.77528018497094 -0.5145899867301932 25.25
    endloop
  endfacet
  facet normal 0 0 1
    outer loop
      vertex 369.75 0 25.25
      vertex 330.22471981502906 -0.5145899867301932 25.25
      vertex 369.77528018497094 -0.5145899867301932 25.25
    endloop
  endfacet
  facet normal 0.4275550934302761 0.9039892931234461 0
    outer loop
      vertex 372.9909119800833 -4.850367545684255 20.25
      vertex 372.5251671316635 -4.630086637828864 25.25
      vertex 372.9909119800833 -4.850367545684255 25.25
    endloop
  endfacet
  facet normal 0.33688985339224076 0.9415440651830135 0
    outer loop
      vertex 373.47600544441406 -5.023936762594096 20.25
      vertex 372.9909119800833 -4.850367545684255 25.25
      vertex 373.47600544441406 -5.023936762594096 25.25
    endloop
  endfacet
  facet normal 0.24298017990325857 0.9700312531945454 0
    outer loop
      vertex 373.9757758094153 -5.14912272211696 20.25
      vertex 373.47600544441406 -5.023936762594096 25.25
      vertex 373.9757758094153 -5.14912272211696 25.25
    endloop
  endfacet
  facet normal 0.14673047445535914 0.9891765099647812 0
    outer loop
      vertex 373.9757758094153 -5.14912272211696 25.25
      vertex 374.4854100132698 -5.224719815029034 25.25
      vertex 374.4854100132698 -5.224719815029034 20.25
    endloop
  endfacet
  facet normal 0.04906767432741812 0.9987954562051724 0
    outer loop
      vertex 375 -5.25 20.25
      vertex 374.4854100132698 -5.224719815029034 25.25
      vertex 375 -5.25 25.25
    endloop
  endfacet
  facet normal -0.04906767432741812 0.9987954562051724 0
    outer loop
      vertex 375.5145899867302 -5.224719815029034 20.25
      vertex 375 -5.25 25.25
      vertex 375.5145899867302 -5.224719815029034 25.25
    endloop
  endfacet
  facet normal -0.14673047445535914 0.9891765099647812 0
    outer loop
      vertex 376.0242241905847 -5.14912272211696 20.25
      vertex 375.5145899867302 -5.224719815029034 25.25
      vertex 376.0242241905847 -5.14912272211696 25.25
    endloop
  endfacet
  facet normal -0.24298017990325857 0.9700312531945454 0
    outer loop
      vertex 376.52399455558594 -5.023936762594096 20.25
      vertex 376.0242241905847 -5.14912272211696 25.25
      vertex 376.52399455558594 -5.023936762594096 25.25
    endloop
  endfacet
  facet normal -0.33688985339224076 0.9415440651830135 0
    outer loop
      vertex 377.0090880199167 -4.850367545684255 20.25
      vertex 376.52399455558594 -5.023936762594096 25.25
      vertex 377.0090880199167 -4.850367545684255 25.25
    endloop
  endfacet
  facet normal 0.5956993044924468 0.803207531480635 0
    outer loop
      vertex 372.0832562766471 -4.3652154645883625 20.25
      vertex 371.6694352581409 -4.0583048801543695 25.25
      vertex 372.0832562766471 -4.3652154645883625 25.25
    endloop
  endfacet
  facet normal 0.5141027441932157 0.8577286100002757 0
    outer loop
      vertex 372.5251671316635 -4.630086637828864 20.25
      vertex 372.0832562766471 -4.3652154645883625 25.25
      vertex 372.5251671316635 -4.630086637828864 25.25
    endloop
  endfacet
  facet normal 0.7409511253549629 0.6715589548470142 0
    outer loop
      vertex 371.2876893987706 -3.7123106012293747 20.25
      vertex 370.94169511984563 -3.330564741859139 25.25
      vertex 371.2876893987706 -3.7123106012293747 25.25
    endloop
  endfacet
  facet normal 0.6715589548469996 0.7409511253549762 0
    outer loop
      vertex 371.6694352581409 -4.0583048801543695 20.25
      vertex 371.2876893987706 -3.7123106012293747 25.25
      vertex 371.6694352581409 -4.0583048801543695 25.25
    endloop
  endfacet
  facet normal 0.8032075314806589 0.5956993044924146 0
    outer loop
      vertex 370.94169511984563 -3.330564741859139 20.25
      vertex 370.63478453541165 -2.916743723352911 25.25
      vertex 370.94169511984563 -3.330564741859139 25.25
    endloop
  endfacet
  facet normal 0.8577286100002544 0.5141027441932513 0
    outer loop
      vertex 370.63478453541165 -2.916743723352911 20.25
      vertex 370.36991336217113 -2.4748328683364877 25.25
      vertex 370.63478453541165 -2.916743723352911 25.25
    endloop
  endfacet
  facet normal 0.9039892931234393 0.4275550934302905 0
    outer loop
      vertex 370.36991336217113 -2.4748328683364877 20.25
      vertex 370.14963245431574 -2.0090880199167214 25.25
      vertex 370.36991336217113 -2.4748328683364877 25.25
    endloop
  endfacet
  facet normal 0.9415440651830389 0.33688985339216904 0
    outer loop
      vertex 370.14963245431574 -2.0090880199167214 20.25
      vertex 369.9760632374059 -1.5239945555859273 25.25
      vertex 370.14963245431574 -2.0090880199167214 25.25
    endloop
  endfacet
  facet normal 0.9700312531945424 0.2429801799032699 0
    outer loop
      vertex 369.9760632374059 -1.5239945555859273 20.25
      vertex 369.85087727788306 -1.0242241905846734 25.25
      vertex 369.9760632374059 -1.5239945555859273 25.25
    endloop
  endfacet
  facet normal 0.9891765099647684 0.14673047445544768 0
    outer loop
      vertex 369.85087727788306 -1.0242241905846734 20.25
      vertex 369.77528018497094 -0.5145899867301932 25.25
      vertex 369.85087727788306 -1.0242241905846734 25.25
    endloop
  endfacet
  facet normal 0.9987954562051751 0.04906767432736416 0
    outer loop
      vertex 369.77528018497094 -0.5145899867301932 20.25
      vertex 369.75 0 25.25
      vertex 369.77528018497094 -0.5145899867301932 25.25
    endloop
  endfacet
  facet normal 0 0 -1
    outer loop
      vertex 300.25 -20.25 20.25
      vertex 423.47600544441406 -5.023936762594096 20.25
      vertex 423.9757758094153 -5.14912272211696 20.25
    endloop
  endfacet
  facet normal 0 0 -1
    outer loop
      vertex 300.25 -20.25 20.25
      vertex 423.9757758094153 -5.14912272211696 20.25
      vertex 424.4854100132698 -5.224719815029034 20.25
    endloop
  endfacet
  facet normal 0 0 -1
    outer loop
      vertex 300.25 -20.25 20.25
      vertex 424.4854100132698 -5.224719815029034 20.25
      vertex 425 -5.25 20.25
    endloop
  endfacet
  facet normal 0 0 -1
    outer loop
      vertex 300.25 -20.25 20.25
      vertex 425 -5.25 20.25
      vertex 425.5145899867302 -5.224719815029034 20.25
    endloop
  endfacet
  facet normal -0.4275550934302761 0.9039892931234461 0
    outer loop
      vertex 377.0090880199167 -4.850367545684255 20.25
      vertex 377.0090880199167 -4.850367545684255 25.25
      vertex 377.4748328683365 -4.630086637828864 20.25
    endloop
  endfacet
  facet normal -0.5141027441932157 0.8577286100002757 0
    outer loop
      vertex 377.4748328683365 -4.630086637828864 25.25
      vertex 377.9167437233529 -4.3652154645883625 20.25
      vertex 377.4748328683365 -4.630086637828864 20.25
    endloop
  endfacet
  facet normal -0.5956993044924468 0.803207531480635 0
    outer loop
      vertex 377.9167437233529 -4.3652154645883625 20.25
      vertex 377.9167437233529 -4.3652154645883625 25.25
      vertex 378.3305647418591 -4.0583048801543695 20.25
    endloop
  endfacet
  facet normal -0.6715589548469996 0.7409511253549762 0
    outer loop
      vertex 378.3305647418591 -4.0583048801543695 20.25
      vertex 378.3305647418591 -4.0583048801543695 25.25
      vertex 378.7123106012294 -3.7123106012293747 20.25
    endloop
  endfacet
  facet normal -0.7409511253549629 0.6715589548470142 0
    outer loop
      vertex 378.7123106012294 -3.7123106012293747 20.25
      vertex 378.7123106012294 -3.7123106012293747 25.25
      vertex 379.05830488015437 -3.330564741859139 20.25
    endloop
  endfacet
  facet normal -0.8032075314806589 0.5956993044924146 0
    outer loop
      vertex 379.36521546458835 -2.916743723352911 20.25
      vertex 379.05830488015437 -3.330564741859139 20.25
      vertex 379.05830488015437 -3.330564741859139 25.25
    endloop
  endfacet
  facet normal -0.8577286100002544 0.5141027441932513 0
    outer loop
      vertex 379.63008663782887 -2.4748328683364877 20.25
      vertex 379.36521546458835 -2.916743723352911 20.25
      vertex 379.36521546458835 -2.916743723352911 25.25
    endloop
  endfacet
  facet normal -0.9039892931234393 0.4275550934302905 0
    outer loop
      vertex 379.85036754568426 -2.0090880199167214 20.25
      vertex 379.63008663782887 -2.4748328683364877 20.25
      vertex 379.63008663782887 -2.4748328683364877 25.25
    endloop
  endfacet
  facet normal -0.9415440651830389 0.33688985339216904 0
    outer loop
      vertex 380.0239367625941 -1.5239945555859273 20.25
      vertex 379.85036754568426 -2.0090880199167214 20.25
      vertex 379.85036754568426 -2.0090880199167214 25.25
    endloop
  endfacet
  facet normal -0.9700312531945424 0.2429801799032699 0
    outer loop
      vertex 380.14912272211694 -1.0242241905846734 20.25
      vertex 380.0239367625941 -1.5239945555859273 20.25
      vertex 380.0239367625941 -1.5239945555859273 25.25
    endloop
  endfacet
  facet normal -0.9891765099647684 0.14673047445544768 0
    outer loop
      vertex 380.22471981502906 -0.5145899867301932 20.25
      vertex 380.14912272211694 -1.0242241905846734 20.25
      vertex 380.14912272211694 -1.0242241905846734 25.25
    endloop
  endfacet
  facet normal -0.9987954562051751 0.04906767432736416 0
    outer loop
      vertex 380.22471981502906 -0.5145899867301932 20.25
      vertex 380.22471981502906 -0.5145899867301932 25.25
      vertex 380.25 0 20.25
    endloop
  endfacet
  facet normal 0 0 -1
    outer loop
      vertex 375 -5.25 20.25
      vertex 375.5145899867302 -5.224719815029034 20.25
      vertex 423.47600544441406 -5.023936762594096 20.25
    endloop
  endfacet
  facet normal 0 0 -1
    outer loop
      vertex 375.5145899867302 -5.224719815029034 20.25
      vertex 376.0242241905847 -5.14912272211696 20.25
      vertex 423.47600544441406 -5.023936762594096 20.25
    endloop
  endfacet
  facet normal 0 0 -1
    outer loop
      vertex 376.0242241905847 -5.14912272211696 20.25
      vertex 376.52399455558594 -5.023936762594096 20.25
      vertex 423.47600544441406 -5.023936762594096 20.25
    endloop
  endfacet
  facet normal 0 0 -1
    outer loop
      vertex 376.52399455558594 -5.023936762594096 20.25
      vertex 377.0090880199167 -4.850367545684255 20.25
      vertex 423.47600544441406 -5.023936762594096 20.25
    endloop
  endfacet
  facet normal 0 0 -1
    outer loop
      vertex 377.0090880199167 -4.850367545684255 20.25
      vertex 377.4748328683365 -4.630086637828864 20.25
      vertex 422.9909119800833 -4.850367545684255 20.25
    endloop
  endfacet
  facet normal 0 0 -1
    outer loop
      vertex 377.4748328683365 -4.630086637828864 20.25
      vertex 377.9167437233529 -4.3652154645883625 20.25
      vertex 422.5251671316635 -4.630086637828864 20.25
    endloop
  endfacet
  facet normal 0 0 -1
    outer loop
      vertex 422.5251671316635 -4.630086637828864 20.25
      vertex 377.9167437233529 -4.3652154645883625 20.25
      vertex 378.3305647418591 -4.0583048801543695 20.25
    endloop
  endfacet
  facet normal 0 0 -1
    outer loop
      vertex 422.5251671316635 -4.630086637828864 20.25
      vertex 378.3305647418591 -4.0583048801543695 20.25
      vertex 378.7123106012294 -3.7123106012293747 20.25
    endloop
  endfacet
  facet normal 0 0 -1
    outer loop
      vertex 422.5251671316635 -4.630086637828864 20.25
      vertex 378.7123106012294 -3.7123106012293747 20.25
      vertex 379.05830488015437 -3.330564741859139 20.25
    endloop
  endfacet
  facet normal 0 0 -1
    outer loop
      vertex 422.5251671316635 -4.630086637828864 20.25
      vertex 379.05830488015437 -3.330564741859139 20.25
      vertex 379.36521546458835 -2.916743723352911 20.25
    endloop
  endfacet
  facet normal 0 0 -1
    outer loop
      vertex 422.5251671316635 -4.630086637828864 20.25
      vertex 379.36521546458835 -2.916743723352911 20.25
      vertex 379.63008663782887 -2.4748328683364877 20.25
    endloop
  endfacet
  facet normal 0 0 -1
    outer loop
      vertex 422.5251671316635 -4.630086637828864 20.25
      vertex 379.63008663782887 -2.4748328683364877 20.25
      vertex 379.85036754568426 -2.0090880199167214 20.25
    endloop
  endfacet
  facet normal 0 0 -1
    outer loop
      vertex 422.5251671316635 -4.630086637828864 20.25
      vertex 379.85036754568426 -2.0090880199167214 20.25
      vertex 380.0239367625941 -1.5239945555859273 20.25
    endloop
  endfacet
  facet normal 0 0 -1
    outer loop
      vertex 422.5251671316635 -4.630086637828864 20.25
      vertex 380.0239367625941 -1.5239945555859273 20.25
      vertex 380.14912272211694 -1.0242241905846734 20.25
    endloop
  endfacet
  facet normal 0 0 -1
    outer loop
      vertex 422.5251671316635 -4.630086637828864 20.25
      vertex 380.14912272211694 -1.0242241905846734 20.25
      vertex 380.22471981502906 -0.5145899867301932 20.25
    endloop
  endfacet
  facet normal 0 0 -1
    outer loop
      vertex 422.5251671316635 -4.630086637828864 20.25
      vertex 380.22471981502906 -0.5145899867301932 20.25
      vertex 380.25 0 20.25
    endloop
  endfacet
  facet normal 0 0 -1
    outer loop
      vertex 422.5251671316635 -4.630086637828864 20.25
      vertex 380.25 0 20.25
      vertex 380.22471981502906 0.5145899867301932 20.25
    endloop
  endfacet
  facet normal 0 0 -1
    outer loop
      vertex 422.5251671316635 -4.630086637828864 20.25
      vertex 380.22471981502906 0.5145899867301932 20.25
      vertex 380.14912272211694 1.0242241905846734 20.25
    endloop
  endfacet
  facet normal 0 0 -1
    outer loop
      vertex 422.5251671316635 -4.630086637828864 20.25
      vertex 380.14912272211694 1.0242241905846734 20.25
      vertex 380.0239367625941 1.5239945555859273 20.25
    endloop
  endfacet
  facet normal 0 0 -1
    outer loop
      vertex 422.5251671316635 -4.630086637828864 20.25
      vertex 380.0239367625941 1.5239945555859273 20.25
      vertex 379.85036754568426 2.0090880199167214 20.25
    endloop
  endfacet
  facet normal 0 0 -1
    outer loop
      vertex 422.5251671316635 -4.630086637828864 20.25
      vertex 379.85036754568426 2.0090880199167214 20.25
      vertex 379.63008663782887 2.4748328683364877 20.25
    endloop
  endfacet
  facet normal -0.4275550934302761 0.9039892931234461 0
    outer loop
      vertex 377.4748328683365 -4.630086637828864 20.25
      vertex 377.0090880199167 -4.850367545684255 25.25
      vertex 377.4748328683365 -4.630086637828864 25.25
    endloop
  endfacet
  facet normal -0.5141027441932157 0.8577286100002757 0
    outer loop
      vertex 377.9167437233529 -4.3652154645883625 20.25
      vertex 377.4748328683365 -4.630086637828864 25.25
      vertex 377.9167437233529 -4.3652154645883625 25.25
    endloop
  endfacet
  facet normal -0.5956993044924468 0.803207531480635 0
    outer loop
      vertex 378.3305647418591 -4.0583048801543695 20.25
      vertex 377.9167437233529 -4.3652154645883625 25.25
      vertex 378.3305647418591 -4.0583048801543695 25.25
    endloop
  endfacet
  facet normal -0.6715589548469996 0.7409511253549762 0
    outer loop
      vertex 378.7123106012294 -3.7123106012293747 20.25
      vertex 378.3305647418591 -4.0583048801543695 25.25
      vertex 378.7123106012294 -3.7123106012293747 25.25
    endloop
  endfacet
  facet normal -0.7409511253549629 0.6715589548470142 0
    outer loop
      vertex 379.05830488015437 -3.330564741859139 20.25
      vertex 378.7123106012294 -3.7123106012293747 25.25
      vertex 379.05830488015437 -3.330564741859139 25.25
    endloop
  endfacet
  facet normal -0.8032075314806589 0.5956993044924146 0
    outer loop
      vertex 379.36521546458835 -2.916743723352911 20.25
      vertex 379.05830488015437 -3.330564741859139 25.25
      vertex 379.36521546458835 -2.916743723352911 25.25
    endloop
  endfacet
  facet normal -0.8577286100002544 0.5141027441932513 0
    outer loop
      vertex 379.63008663782887 -2.4748328683364877 20.25
      vertex 379.36521546458835 -2.916743723352911 25.25
      vertex 379.63008663782887 -2.4748328683364877 25.25
    endloop
  endfacet
  facet normal -0.9039892931234393 0.4275550934302905 0
    outer loop
      vertex 379.85036754568426 -2.0090880199167214 20.25
      vertex 379.63008663782887 -2.4748328683364877 25.25
      vertex 379.85036754568426 -2.0090880199167214 25.25
    endloop
  endfacet
  facet normal -0.9415440651830389 0.33688985339216904 0
    outer loop
      vertex 380.0239367625941 -1.5239945555859273 20.25
      vertex 379.85036754568426 -2.0090880199167214 25.25
      vertex 380.0239367625941 -1.5239945555859273 25.25
    endloop
  endfacet
  facet normal -0.9700312531945424 0.2429801799032699 0
    outer loop
      vertex 380.14912272211694 -1.0242241905846734 20.25
      vertex 380.0239367625941 -1.5239945555859273 25.25
      vertex 380.14912272211694 -1.0242241905846734 25.25
    endloop
  endfacet
  facet normal -0.9891765099647684 0.14673047445544768 0
    outer loop
      vertex 380.22471981502906 -0.5145899867301932 20.25
      vertex 380.14912272211694 -1.0242241905846734 25.25
      vertex 380.22471981502906 -0.5145899867301932 25.25
    endloop
  endfacet
  facet normal -0.9987954562051751 0.04906767432736416 0
    outer loop
      vertex 380.25 0 20.25
      vertex 380.22471981502906 -0.5145899867301932 25.25
      vertex 380.25 0 25.25
    endloop
  endfacet
  facet normal 0 0 1
    outer loop
      vertex 377.0090880199167 -4.850367545684255 25.25
      vertex 376.52399455558594 -5.023936762594096 25.25
      vertex 422.9909119800833 -4.850367545684255 25.25
    endloop
  endfacet
  facet normal 0 0 1
    outer loop
      vertex 377.4748328683365 -4.630086637828864 25.25
      vertex 377.0090880199167 -4.850367545684255 25.25
      vertex 422.5251671316635 -4.630086637828864 25.25
    endloop
  endfacet
  facet normal 0 0 1
    outer loop
      vertex 422.5251671316635 4.630086637828864 25.25
      vertex 377.9167437233529 -4.3652154645883625 25.25
      vertex 377.4748328683365 -4.630086637828864 25.25
    endloop
  endfacet
  facet normal 0 0 1
    outer loop
      vertex 422.5251671316635 4.630086637828864 25.25
      vertex 378.3305647418591 -4.0583048801543695 25.25
      vertex 377.9167437233529 -4.3652154645883625 25.25
    endloop
  endfacet
  facet normal 0 0 1
    outer loop
      vertex 422.5251671316635 4.630086637828864 25.25
      vertex 378.7123106012294 -3.7123106012293747 25.25
      vertex 378.3305647418591 -4.0583048801543695 25.25
    endloop
  endfacet
  facet normal 0 0 1
    outer loop
      vertex 422.5251671316635 4.630086637828864 25.25
      vertex 379.05830488015437 -3.330564741859139 25.25
      vertex 378.7123106012294 -3.7123106012293747 25.25
    endloop
  endfacet
  facet normal 0 0 1
    outer loop
      vertex 422.5251671316635 4.630086637828864 25.25
      vertex 379.36521546458835 -2.916743723352911 25.25
      vertex 379.05830488015437 -3.330564741859139 25.25
    endloop
  endfacet
  facet normal 0 0 1
    outer loop
      vertex 422.5251671316635 4.630086637828864 25.25
      vertex 379.63008663782887 -2.4748328683364877 25.25
      vertex 379.36521546458835 -2.916743723352911 25.25
    endloop
  endfacet
  facet normal -1 0 0
    outer loop
      vertex 300.25 20.25 0.25
      vertex 300.25 25.25 20.25
      vertex 300.25 25.25 0.25
    endloop
  endfacet
  facet normal 0 0 -1
    outer loop
      vertex 300.25 20.25 0.25
      vertex 300.25 25.25 0.25
      vertex 500.25 25.25 0.25
    endloop
  endfacet
  facet normal 0 -1 0
    outer loop
      vertex 300.25 20.25 0.25
      vertex 500.25 20.25 0.25
      vertex 300.25 20.25 20.25
    endloop
  endfacet
  facet normal 0 0 -1
    outer loop
      vertex 300.25 -20.25 20.25
      vertex 300.25 20.25 20.25
      vertex 319.75 0 20.25
    endloop
  endfacet
  facet normal 0.9987954562051751 -0.04906767432736416 0
    outer loop
      vertex 319.75 0 20.25
      vertex 319.77528018497094 0.5145899867301932 20.25
      vertex 319.77528018497094 0.5145899867301932 25.25
    endloop
  endfacet
  facet normal 0.9891765099647684 -0.14673047445544768 0
    outer loop
      vertex 319.77528018497094 0.5145899867301932 20.25
      vertex 319.85087727788306 1.0242241905846734 20.25
      vertex 319.85087727788306 1.0242241905846734 25.25
    endloop
  endfacet
  facet normal 0.9700312531945424 -0.2429801799032699 0
    outer loop
      vertex 319.85087727788306 1.0242241905846734 20.25
      vertex 319.9760632374059 1.5239945555859273 20.25
      vertex 319.9760632374059 1.5239945555859273 25.25
    endloop
  endfacet
  facet normal 0.9415440651830389 -0.33688985339216904 0
    outer loop
      vertex 319.9760632374059 1.5239945555859273 20.25
      vertex 320.14963245431574 2.0090880199167214 20.25
      vertex 320.14963245431574 2.0090880199167214 25.25
    endloop
  endfacet
  facet normal 0.9039892931234393 -0.4275550934302905 0
    outer loop
      vertex 320.14963245431574 2.0090880199167214 20.25
      vertex 320.36991336217113 2.4748328683364877 20.25
      vertex 320.36991336217113 2.4748328683364877 25.25
    endloop
  endfacet
  facet normal 0.8577286100002544 -0.5141027441932513 0
    outer loop
      vertex 320.36991336217113 2.4748328683364877 20.25
      vertex 320.63478453541165 2.916743723352911 20.25
      vertex 320.63478453541165 2.916743723352911 25.25
    endloop
  endfacet
  facet normal 0.8032075314806589 -0.5956993044924146 0
    outer loop
      vertex 320.63478453541165 2.916743723352911 20.25
      vertex 320.94169511984563 3.330564741859139 20.25
      vertex 320.94169511984563 3.330564741859139 25.25
    endloop
  endfacet
  facet normal 0.7409511253549629 -0.6715589548470142 0
    outer loop
      vertex 320.94169511984563 3.330564741859139 20.25
      vertex 321.2876893987706 3.7123106012293747 20.25
      vertex 321.2876893987706 3.7123106012293747 25.25
    endloop
  endfacet
  facet normal 0.6715589548469996 -0.7409511253549762 0
    outer loop
      vertex 321.6694352581409 4.0583048801543695 20.25
      vertex 321.6694352581409 4.0583048801543695 25.25
      vertex 321.2876893987706 3.7123106012293747 20.25
    endloop
  endfacet
  facet normal 0.5956993044924468 -0.803207531480635 0
    outer loop
      vertex 322.0832562766471 4.3652154645883625 20.25
      vertex 322.0832562766471 4.3652154645883625 25.25
      vertex 321.6694352581409 4.0583048801543695 20.25
    endloop
  endfacet
  facet normal 0.5141027441932157 -0.8577286100002757 0
    outer loop
      vertex 322.5251671316635 4.630086637828864 20.25
      vertex 322.5251671316635 4.630086637828864 25.25
      vertex 322.0832562766471 4.3652154645883625 20.25
    endloop
  endfacet
  facet normal 0.4275550934302761 -0.9039892931234461 0
    outer loop
      vertex 322.9909119800833 4.850367545684255 20.25
      vertex 322.9909119800833 4.850367545684255 25.25
      vertex 322.5251671316635 4.630086637828864 20.25
    endloop
  endfacet
  facet normal 0.33688985339224076 -0.9415440651830135 0
    outer loop
      vertex 323.47600544441406 5.023936762594096 20.25
      vertex 323.47600544441406 5.023936762594096 25.25
      vertex 322.9909119800833 4.850367545684255 20.25
    endloop
  endfacet
  facet normal 0.24298017990325857 -0.9700312531945454 0
    outer loop
      vertex 323.9757758094153 5.14912272211696 20.25
      vertex 323.9757758094153 5.14912272211696 25.25
      vertex 323.47600544441406 5.023936762594096 20.25
    endloop
  endfacet
  facet normal 0.14673047445535914 -0.9891765099647812 0
    outer loop
      vertex 324.4854100132698 5.224719815029034 20.25
      vertex 324.4854100132698 5.224719815029034 25.25
      vertex 323.9757758094153 5.14912272211696 20.25
    endloop
  endfacet
  facet normal 0.04906767432741812 -0.9987954562051724 0
    outer loop
      vertex 325 5.25 20.25
      vertex 325 5.25 25.25
      vertex 324.4854100132698 5.224719815029034 20.25
    endloop
  endfacet
  facet normal -0.04906767432741812 -0.9987954562051724 0
    outer loop
      vertex 325.5145899867302 5.224719815029034 20.25
      vertex 325.5145899867302 5.224719815029034 25.25
      vertex 325 5.25 20.25
    endloop
  endfacet
  facet normal -0.14673047445535914 -0.9891765099647812 0
    outer loop
      vertex 326.0242241905847 5.14912272211696 20.25
      vertex 326.0242241905847 5.14912272211696 25.25
      vertex 325.5145899867302 5.224719815029034 20.25
    endloop
  endfacet
  facet normal 0.9987954562051751 -0.04906767432736416 0
    outer loop
      vertex 319.75 0 20.25
      vertex 319.77528018497094 0.5145899867301932 25.25
      vertex 319.75 0 25.25
    endloop
  endfacet
  facet normal 0.9891765099647684 -0.14673047445544768 0
    outer loop
      vertex 319.77528018497094 0.5145899867301932 20.25
      vertex 319.85087727788306 1.0242241905846734 25.25
      vertex 319.77528018497094 0.5145899867301932 25.25
    endloop
  endfacet
  facet normal 0.9700312531945424 -0.2429801799032699 0
    outer loop
      vertex 319.85087727788306 1.0242241905846734 20.25
      vertex 319.9760632374059 1.5239945555859273 25.25
      vertex 319.85087727788306 1.0242241905846734 25.25
    endloop
  endfacet
  facet normal 0.9415440651830389 -0.33688985339216904 0
    outer loop
      vertex 319.9760632374059 1.5239945555859273 20.25
      vertex 320.14963245431574 2.0090880199167214 25.25
      vertex 319.9760632374059 1.5239945555859273 25.25
    endloop
  endfacet
  facet normal 0.9039892931234393 -0.4275550934302905 0
    outer loop
      vertex 320.14963245431574 2.0090880199167214 20.25
      vertex 320.36991336217113 2.4748328683364877 25.25
      vertex 320.14963245431574 2.0090880199167214 25.25
    endloop
  endfacet
  facet normal 0.8577286100002544 -0.5141027441932513 0
    outer loop
      vertex 320.36991336217113 2.4748328683364877 20.25
      vertex 320.63478453541165 2.916743723352911 25.25
      vertex 320.36991336217113 2.4748328683364877 25.25
    endloop
  endfacet
  facet normal 0.8032075314806589 -0.5956993044924146 0
    outer loop
      vertex 320.63478453541165 2.916743723352911 20.25
      vertex 320.94169511984563 3.330564741859139 25.25
      vertex 320.63478453541165 2.916743723352911 25.25
    endloop
  endfacet
  facet normal 0 0 1
    outer loop
      vertex 300.25 -20.25 25.25
      vertex 319.75 0 25.25
      vertex 320.0519801980198 20.25 25.25
    endloop
  endfacet
  facet normal 0.7409511253549629 -0.6715589548470142 0
    outer loop
      vertex 320.94169511984563 3.330564741859139 20.25
      vertex 321.2876893987706 3.7123106012293747 25.25
      vertex 320.94169511984563 3.330564741859139 25.25
    endloop
  endfacet
  facet normal 0.6715589548469996 -0.7409511253549762 0
    outer loop
      vertex 321.2876893987706 3.7123106012293747 20.25
      vertex 321.6694352581409 4.0583048801543695 25.25
      vertex 321.2876893987706 3.7123106012293747 25.25
    endloop
  endfacet
  facet normal 0.5956993044924468 -0.803207531480635 0
    outer loop
      vertex 321.6694352581409 4.0583048801543695 20.25
      vertex 322.0832562766471 4.3652154645883625 25.25
      vertex 321.6694352581409 4.0583048801543695 25.25
    endloop
  endfacet
  facet normal 0.5141027441932157 -0.8577286100002757 0
    outer loop
      vertex 322.0832562766471 4.3652154645883625 20.25
      vertex 322.5251671316635 4.630086637828864 25.25
      vertex 322.0832562766471 4.3652154645883625 25.25
    endloop
  endfacet
  facet normal 0.4275550934302761 -0.9039892931234461 0
    outer loop
      vertex 322.5251671316635 4.630086637828864 20.25
      vertex 322.9909119800833 4.850367545684255 25.25
      vertex 322.5251671316635 4.630086637828864 25.25
    endloop
  endfacet
  facet normal 0.33688985339224076 -0.9415440651830135 0
    outer loop
      vertex 322.9909119800833 4.850367545684255 20.25
      vertex 323.47600544441406 5.023936762594096 25.25
      vertex 322.9909119800833 4.850367545684255 25.25
    endloop
  endfacet
  facet normal 0.24298017990325857 -0.9700312531945454 0
    outer loop
      vertex 323.47600544441406 5.023936762594096 20.25
      vertex 323.9757758094153 5.14912272211696 25.25
      vertex 323.47600544441406 5.023936762594096 25.25
    endloop
  endfacet
  facet normal 0.14673047445535914 -0.9891765099647812 0
    outer loop
      vertex 323.9757758094153 5.14912272211696 20.25
      vertex 324.4854100132698 5.224719815029034 25.25
      vertex 323.9757758094153 5.14912272211696 25.25
    endloop
  endfacet
  facet normal 0.04906767432741812 -0.9987954562051724 0
    outer loop
      vertex 324.4854100132698 5.224719815029034 20.25
      vertex 325 5.25 25.25
      vertex 324.4854100132698 5.224719815029034 25.25
    endloop
  endfacet
  facet normal -0.04906767432741812 -0.9987954562051724 0
    outer loop
      vertex 325 5.25 20.25
      vertex 325.5145899867302 5.224719815029034 25.25
      vertex 325 5.25 25.25
    endloop
  endfacet
  facet normal -0.14673047445535914 -0.9891765099647812 0
    outer loop
      vertex 325.5145899867302 5.224719815029034 20.25
      vertex 326.0242241905847 5.14912272211696 25.25
      vertex 325.5145899867302 5.224719815029034 25.25
    endloop
  endfacet
  facet normal -1 0 0
    outer loop
      vertex 300.25 -20.25 20.25
      vertex 300.25 20.25 25.25
      vertex 300.25 20.25 20.25
    endloop
  endfacet
  facet normal 0 0 -1
    outer loop
      vertex 300.25 20.25 20.25
      vertex 319.77528018497094 0.5145899867301932 20.25
      vertex 319.75 0 20.25
    endloop
  endfacet
  facet normal 0 0 -1
    outer loop
      vertex 300.25 20.25 20.25
      vertex 319.85087727788306 1.0242241905846734 20.25
      vertex 319.77528018497094 0.5145899867301932 20.25
    endloop
  endfacet
  facet normal 0 0 -1
    outer loop
      vertex 300.25 20.25 20.25
      vertex 319.9760632374059 1.5239945555859273 20.25
      vertex 319.85087727788306 1.0242241905846734 20.25
    endloop
  endfacet
  facet normal 0 0 -1
    outer loop
      vertex 300.25 20.25 20.25
      vertex 320.14963245431574 2.0090880199167214 20.25
      vertex 319.9760632374059 1.5239945555859273 20.25
    endloop
  endfacet
  facet normal 0 0 -1
    outer loop
      vertex 300.25 20.25 20.25
      vertex 320.36991336217113 2.4748328683364877 20.25
      vertex 320.14963245431574 2.0090880199167214 20.25
    endloop
  endfacet
  facet normal 0 0 -1
    outer loop
      vertex 300.25 20.25 20.25
      vertex 320.63478453541165 2.916743723352911 20.25
      vertex 320.36991336217113 2.4748328683364877 20.25
    endloop
  endfacet
  facet normal 0 0 -1
    outer loop
      vertex 300.25 20.25 20.25
      vertex 320.94169511984563 3.330564741859139 20.25
      vertex 320.63478453541165 2.916743723352911 20.25
    endloop
  endfacet
  facet normal 0 0 -1
    outer loop
      vertex 300.25 20.25 20.25
      vertex 321.2876893987706 3.7123106012293747 20.25
      vertex 320.94169511984563 3.330564741859139 20.25
    endloop
  endfacet
  facet normal 0 0 -1
    outer loop
      vertex 300.25 20.25 20.25
      vertex 321.6694352581409 4.0583048801543695 20.25
      vertex 321.2876893987706 3.7123106012293747 20.25
    endloop
  endfacet
  facet normal 0 0 -1
    outer loop
      vertex 300.25 20.25 20.25
      vertex 322.0832562766471 4.3652154645883625 20.25
      vertex 321.6694352581409 4.0583048801543695 20.25
    endloop
  endfacet
  facet normal 0 0 -1
    outer loop
      vertex 300.25 20.25 20.25
      vertex 322.5251671316635 4.630086637828864 20.25
      vertex 322.0832562766471 4.3652154645883625 20.25
    endloop
  endfacet
  facet normal 0 0 -1
    outer loop
      vertex 300.25 20.25 20.25
      vertex 322.9909119800833 4.850367545684255 20.25
      vertex 322.5251671316635 4.630086637828864 20.25
    endloop
  endfacet
  facet normal 0 0 -1
    outer loop
      vertex 300.25 20.25 20.25
      vertex 323.47600544441406 5.023936762594096 20.25
      vertex 322.9909119800833 4.850367545684255 20.25
    endloop
  endfacet
  facet normal 0 0 -1
    outer loop
      vertex 300.25 20.25 20.25
      vertex 323.9757758094153 5.14912272211696 20.25
      vertex 323.47600544441406 5.023936762594096 20.25
    endloop
  endfacet
  facet normal 0 0 -1
    outer loop
      vertex 300.25 20.25 20.25
      vertex 324.4854100132698 5.224719815029034 20.25
      vertex 323.9757758094153 5.14912272211696 20.25
    endloop
  endfacet
  facet normal 0 0 -1
    outer loop
      vertex 300.25 20.25 20.25
      vertex 325 5.25 20.25
      vertex 324.4854100132698 5.224719815029034 20.25
    endloop
  endfacet
  facet normal 0 0 1
    outer loop
      vertex 300.25 -20.25 25.25
      vertex 320.0519801980198 20.25 25.25
      vertex 300.25 20.25 25.25
    endloop
  endfacet
  facet normal 0 0 1
    outer loop
      vertex 320.0519801980198 20.25 25.25
      vertex 319.75 0 25.25
      vertex 319.77528018497094 0.5145899867301932 25.25
    endloop
  endfacet
  facet normal 0 0 1
    outer loop
      vertex 320.0519801980198 20.25 25.25
      vertex 319.77528018497094 0.5145899867301932 25.25
      vertex 319.85087727788306 1.0242241905846734 25.25
    endloop
  endfacet
  facet normal 0 0 1
    outer loop
      vertex 320.0519801980198 20.25 25.25
      vertex 319.85087727788306 1.0242241905846734 25.25
      vertex 319.9760632374059 1.5239945555859273 25.25
    endloop
  endfacet
  facet normal 0 0 1
    outer loop
      vertex 320.0519801980198 20.25 25.25
      vertex 319.9760632374059 1.5239945555859273 25.25
      vertex 320.14963245431574 2.0090880199167214 25.25
    endloop
  endfacet
  facet normal 0 0 1
    outer loop
      vertex 320.0519801980198 20.25 25.25
      vertex 320.14963245431574 2.0090880199167214 25.25
      vertex 320.36991336217113 2.4748328683364877 25.25
    endloop
  endfacet
  facet normal 0 0 1
    outer loop
      vertex 320.0519801980198 20.25 25.25
      vertex 320.36991336217113 2.4748328683364877 25.25
      vertex 320.63478453541165 2.916743723352911 25.25
    endloop
  endfacet
  facet normal 0 0 1
    outer loop
      vertex 320.0519801980198 20.25 25.25
      vertex 320.63478453541165 2.916743723352911 25.25
      vertex 320.94169511984563 3.330564741859139 25.25
    endloop
  endfacet
  facet normal 0 0 1
    outer loop
      vertex 320.0519801980198 20.25 25.25
      vertex 320.94169511984563 3.330564741859139 25.25
      vertex 321.2876893987706 3.7123106012293747 25.25
    endloop
  endfacet
  facet normal 0 0 1
    outer loop
      vertex 320.0519801980198 20.25 25.25
      vertex 321.2876893987706 3.7123106012293747 25.25
      vertex 321.6694352581409 4.0583048801543695 25.25
    endloop
  endfacet
  facet normal 0 0 1
    outer loop
      vertex 320.0519801980198 20.25 25.25
      vertex 321.6694352581409 4.0583048801543695 25.25
      vertex 322.0832562766471 4.3652154645883625 25.25
    endloop
  endfacet
  facet normal 0 0 1
    outer loop
      vertex 320.0519801980198 20.25 25.25
      vertex 322.0832562766471 4.3652154645883625 25.25
      vertex 322.5251671316635 4.630086637828864 25.25
    endloop
  endfacet
  facet normal 0 0 1
    outer loop
      vertex 320.0519801980198 20.25 25.25
      vertex 322.5251671316635 4.630086637828864 25.25
      vertex 322.9909119800833 4.850367545684255 25.25
    endloop
  endfacet
  facet normal 0 0 1
    outer loop
      vertex 320.0519801980198 20.25 25.25
      vertex 322.9909119800833 4.850367545684255 25.25
      vertex 323.47600544441406 5.023936762594096 25.25
    endloop
  endfacet
  facet normal 0 0 1
    outer loop
      vertex 320.0519801980198 20.25 25.25
      vertex 323.47600544441406 5.023936762594096 25.25
      vertex 323.9757758094153 5.14912272211696 25.25
    endloop
  endfacet
  facet normal 0 0 1
    outer loop
      vertex 320.0519801980198 20.25 25.25
      vertex 323.9757758094153 5.14912272211696 25.25
      vertex 324.4854100132698 5.224719815029034 25.25
    endloop
  endfacet
  facet normal 0 0 1
    outer loop
      vertex 320.0519801980198 20.25 25.25
      vertex 324.4854100132698 5.224719815029034 25.25
      vertex 325 5.25 25.25
    endloop
  endfacet
  facet normal 0 0 1
    outer loop
      vertex 320.0519801980198 20.25 25.25
      vertex 325 5.25 25.25
      vertex 325.5145899867302 5.224719815029034 25.25
    endloop
  endfacet
  facet normal 0 0 1
    outer loop
      vertex 320.0519801980198 20.25 25.25
      vertex 325.5145899867302 5.224719815029034 25.25
      vertex 326.0242241905847 5.14912272211696 25.25
    endloop
  endfacet
  facet normal 0 0 1
    outer loop
      vertex 320.0519801980198 20.25 25.25
      vertex 326.0242241905847 5.14912272211696 25.25
      vertex 326.52399455558594 5.023936762594096 25.25
    endloop
  endfacet
  facet normal 0 0 1
    outer loop
      vertex 320.0519801980198 20.25 25.25
      vertex 326.52399455558594 5.023936762594096 25.25
      vertex 327.0090880199167 4.850367545684255 25.25
    endloop
  endfacet
  facet normal 0 0 1
    outer loop
      vertex 320.0519801980198 20.25 25.25
      vertex 327.0090880199167 4.850367545684255 25.25
      vertex 327.4748328683365 4.630086637828864 25.25
    endloop
  endfacet
  facet normal -0.9987954562051751 -0.04906767432736416 0
    outer loop
      vertex 330.25 0 20.25
      vertex 330.25 0 25.25
      vertex 330.22471981502906 0.5145899867301932 20.25
    endloop
  endfacet
  facet normal -0.9891765099647684 -0.14673047445544768 0
    outer loop
      vertex 330.14912272211694 1.0242241905846734 20.25
      vertex 330.22471981502906 0.5145899867301932 20.25
      vertex 330.22471981502906 0.5145899867301932 25.25
    endloop
  endfacet
  facet normal -0.9700312531945424 -0.2429801799032699 0
    outer loop
      vertex 330.0239367625941 1.5239945555859273 20.25
      vertex 330.14912272211694 1.0242241905846734 20.25
      vertex 330.14912272211694 1.0242241905846734 25.25
    endloop
  endfacet
  facet normal -0.9415440651830389 -0.33688985339216904 0
    outer loop
      vertex 329.85036754568426 2.0090880199167214 20.25
      vertex 330.0239367625941 1.5239945555859273 20.25
      vertex 330.0239367625941 1.5239945555859273 25.25
    endloop
  endfacet
  facet normal -0.9039892931234393 -0.4275550934302905 0
    outer loop
      vertex 329.63008663782887 2.4748328683364877 20.25
      vertex 329.85036754568426 2.0090880199167214 20.25
      vertex 329.85036754568426 2.0090880199167214 25.25
    endloop
  endfacet
  facet normal -0.8577286100002544 -0.5141027441932513 0
    outer loop
      vertex 329.36521546458835 2.916743723352911 20.25
      vertex 329.63008663782887 2.4748328683364877 20.25
      vertex 329.63008663782887 2.4748328683364877 25.25
    endloop
  endfacet
  facet normal -0.8032075314806589 -0.5956993044924146 0
    outer loop
      vertex 329.05830488015437 3.330564741859139 20.25
      vertex 329.36521546458835 2.916743723352911 20.25
      vertex 329.36521546458835 2.916743723352911 25.25
    endloop
  endfacet
  facet normal -0.7409511253549629 -0.6715589548470142 0
    outer loop
      vertex 328.7123106012294 3.7123106012293747 20.25
      vertex 329.05830488015437 3.330564741859139 20.25
      vertex 329.05830488015437 3.330564741859139 25.25
    endloop
  endfacet
  facet normal -0.6715589548469996 -0.7409511253549762 0
    outer loop
      vertex 328.7123106012294 3.7123106012293747 20.25
      vertex 328.7123106012294 3.7123106012293747 25.25
      vertex 328.3305647418591 4.0583048801543695 20.25
    endloop
  endfacet
  facet normal -0.4275550934302761 -0.9039892931234461 0
    outer loop
      vertex 327.4748328683365 4.630086637828864 20.25
      vertex 327.4748328683365 4.630086637828864 25.25
      vertex 327.0090880199167 4.850367545684255 20.25
    endloop
  endfacet
  facet normal -0.5956993044924468 -0.803207531480635 0
    outer loop
      vertex 328.3305647418591 4.0583048801543695 20.25
      vertex 328.3305647418591 4.0583048801543695 25.25
      vertex 327.9167437233529 4.3652154645883625 20.25
    endloop
  endfacet
  facet normal -0.5141027441932157 -0.8577286100002757 0
    outer loop
      vertex 327.9167437233529 4.3652154645883625 20.25
      vertex 327.9167437233529 4.3652154645883625 25.25
      vertex 327.4748328683365 4.630086637828864 20.25
    endloop
  endfacet
  facet normal -0.24298017990325857 -0.9700312531945454 0
    outer loop
      vertex 326.52399455558594 5.023936762594096 20.25
      vertex 326.52399455558594 5.023936762594096 25.25
      vertex 326.0242241905847 5.14912272211696 20.25
    endloop
  endfacet
  facet normal -0.33688985339224076 -0.9415440651830135 0
    outer loop
      vertex 327.0090880199167 4.850367545684255 20.25
      vertex 327.0090880199167 4.850367545684255 25.25
      vertex 326.52399455558594 5.023936762594096 20.25
    endloop
  endfacet
  facet normal 0 0 -1
    outer loop
      vertex 330.25 0 20.25
      vertex 330.22471981502906 0.5145899867301932 20.25
      vertex 369.75 0 20.25
    endloop
  endfacet
  facet normal 0 0 -1
    outer loop
      vertex 330.14912272211694 1.0242241905846734 20.25
      vertex 369.77528018497094 0.5145899867301932 20.25
      vertex 330.22471981502906 0.5145899867301932 20.25
    endloop
  endfacet
  facet normal 0 0 -1
    outer loop
      vertex 330.0239367625941 1.5239945555859273 20.25
      vertex 369.85087727788306 1.0242241905846734 20.25
      vertex 330.14912272211694 1.0242241905846734 20.25
    endloop
  endfacet
  facet normal 0 0 -1
    outer loop
      vertex 329.85036754568426 2.0090880199167214 20.25
      vertex 369.9760632374059 1.5239945555859273 20.25
      vertex 330.0239367625941 1.5239945555859273 20.25
    endloop
  endfacet
  facet normal 0 0 -1
    outer loop
      vertex 329.63008663782887 2.4748328683364877 20.25
      vertex 370.14963245431574 2.0090880199167214 20.25
      vertex 329.85036754568426 2.0090880199167214 20.25
    endloop
  endfacet
  facet normal 0 0 -1
    outer loop
      vertex 329.36521546458835 2.916743723352911 20.25
      vertex 370.36991336217113 2.4748328683364877 20.25
      vertex 329.63008663782887 2.4748328683364877 20.25
    endloop
  endfacet
  facet normal 0 0 -1
    outer loop
      vertex 329.05830488015437 3.330564741859139 20.25
      vertex 370.63478453541165 2.916743723352911 20.25
      vertex 329.36521546458835 2.916743723352911 20.25
    endloop
  endfacet
  facet normal 0 0 -1
    outer loop
      vertex 328.7123106012294 3.7123106012293747 20.25
      vertex 370.94169511984563 3.330564741859139 20.25
      vertex 329.05830488015437 3.330564741859139 20.25
    endloop
  endfacet
  facet normal 0 0 -1
    outer loop
      vertex 371.2876893987706 3.7123106012293747 20.25
      vertex 328.7123106012294 3.7123106012293747 20.25
      vertex 328.3305647418591 4.0583048801543695 20.25
    endloop
  endfacet
  facet normal 0 0 -1
    outer loop
      vertex 328.3305647418591 4.0583048801543695 20.25
      vertex 327.9167437233529 4.3652154645883625 20.25
      vertex 371.6694352581409 4.0583048801543695 20.25
    endloop
  endfacet
  facet normal 0 0 -1
    outer loop
      vertex 327.9167437233529 4.3652154645883625 20.25
      vertex 327.4748328683365 4.630086637828864 20.25
      vertex 372.0832562766471 4.3652154645883625 20.25
    endloop
  endfacet
  facet normal 0 0 -1
    outer loop
      vertex 327.4748328683365 4.630086637828864 20.25
      vertex 327.0090880199167 4.850367545684255 20.25
      vertex 372.5251671316635 4.630086637828864 20.25
    endloop
  endfacet
  facet normal 0 0 -1
    outer loop
      vertex 373.9757758094153 5.14912272211696 20.25
      vertex 325.5145899867302 5.224719815029034 20.25
      vertex 325 5.25 20.25
    endloop
  endfacet
  facet normal 0 0 -1
    outer loop
      vertex 326.0242241905847 5.14912272211696 20.25
      vertex 325.5145899867302 5.224719815029034 20.25
      vertex 373.9757758094153 5.14912272211696 20.25
    endloop
  endfacet
  facet normal 0 0 -1
    outer loop
      vertex 327.0090880199167 4.850367545684255 20.25
      vertex 326.52399455558594 5.023936762594096 20.25
      vertex 372.9909119800833 4.850367545684255 20.25
    endloop
  endfacet
  facet normal 0 0 -1
    outer loop
      vertex 326.52399455558594 5.023936762594096 20.25
      vertex 326.0242241905847 5.14912272211696 20.25
      vertex 373.47600544441406 5.023936762594096 20.25
    endloop
  endfacet
  facet normal -0.9987954562051751 -0.04906767432736416 0
    outer loop
      vertex 330.22471981502906 0.5145899867301932 20.25
      vertex 330.25 0 25.25
      vertex 330.22471981502906 0.5145899867301932 25.25
    endloop
  endfacet
  facet normal -0.9891765099647684 -0.14673047445544768 0
    outer loop
      vertex 330.14912272211694 1.0242241905846734 20.25
      vertex 330.22471981502906 0.5145899867301932 25.25
      vertex 330.14912272211694 1.0242241905846734 25.25
    endloop
  endfacet
  facet normal -0.9700312531945424 -0.2429801799032699 0
    outer loop
      vertex 330.0239367625941 1.5239945555859273 20.25
      vertex 330.14912272211694 1.0242241905846734 25.25
      vertex 330.0239367625941 1.5239945555859273 25.25
    endloop
  endfacet
  facet normal -0.9415440651830389 -0.33688985339216904 0
    outer loop
      vertex 329.85036754568426 2.0090880199167214 20.25
      vertex 330.0239367625941 1.5239945555859273 25.25
      vertex 329.85036754568426 2.0090880199167214 25.25
    endloop
  endfacet
  facet normal -0.9039892931234393 -0.4275550934302905 0
    outer loop
      vertex 329.63008663782887 2.4748328683364877 20.25
      vertex 329.85036754568426 2.0090880199167214 25.25
      vertex 329.63008663782887 2.4748328683364877 25.25
    endloop
  endfacet
  facet normal -0.8577286100002544 -0.5141027441932513 0
    outer loop
      vertex 329.36521546458835 2.916743723352911 20.25
      vertex 329.63008663782887 2.4748328683364877 25.25
      vertex 329.36521546458835 2.916743723352911 25.25
    endloop
  endfacet
  facet normal -0.7409511253549629 -0.6715589548470142 0
    outer loop
      vertex 328.7123106012294 3.7123106012293747 20.25
      vertex 329.05830488015437 3.330564741859139 25.25
      vertex 328.7123106012294 3.7123106012293747 25.25
    endloop
  endfacet
  facet normal -0.6715589548469996 -0.7409511253549762 0
    outer loop
      vertex 328.3305647418591 4.0583048801543695 20.25
      vertex 328.7123106012294 3.7123106012293747 25.25
      vertex 328.3305647418591 4.0583048801543695 25.25
    endloop
  endfacet
  facet normal -0.5956993044924468 -0.803207531480635 0
    outer loop
      vertex 327.9167437233529 4.3652154645883625 20.25
      vertex 328.3305647418591 4.0583048801543695 25.25
      vertex 327.9167437233529 4.3652154645883625 25.25
    endloop
  endfacet
  facet normal -0.5141027441932157 -0.8577286100002757 0
    outer loop
      vertex 327.4748328683365 4.630086637828864 20.25
      vertex 327.9167437233529 4.3652154645883625 25.25
      vertex 327.4748328683365 4.630086637828864 25.25
    endloop
  endfacet
  facet normal -0.8032075314806589 -0.5956993044924146 0
    outer loop
      vertex 329.05830488015437 3.330564741859139 20.25
      vertex 329.36521546458835 2.916743723352911 25.25
      vertex 329.05830488015437 3.330564741859139 25.25
    endloop
  endfacet
  facet normal -0.24298017990325857 -0.9700312531945454 0
    outer loop
      vertex 326.0242241905847 5.14912272211696 20.25
      vertex 326.52399455558594 5.023936762594096 25.25
      vertex 326.0242241905847 5.14912272211696 25.25
    endloop
  endfacet
  facet normal -0.4275550934302761 -0.9039892931234461 0
    outer loop
      vertex 327.0090880199167 4.850367545684255 20.25
      vertex 327.4748328683365 4.630086637828864 25.25
      vertex 327.0090880199167 4.850367545684255 25.25
    endloop
  endfacet
  facet normal -0.33688985339224076 -0.9415440651830135 0
    outer loop
      vertex 326.52399455558594 5.023936762594096 20.25
      vertex 327.0090880199167 4.850367545684255 25.25
      vertex 326.52399455558594 5.023936762594096 25.25
    endloop
  endfacet
  facet normal 0 0 1
    outer loop
      vertex 330.25 0 25.25
      vertex 369.77528018497094 0.5145899867301932 25.25
      vertex 330.22471981502906 0.5145899867301932 25.25
    endloop
  endfacet
  facet normal 0 0 1
    outer loop
      vertex 330.22471981502906 0.5145899867301932 25.25
      vertex 369.85087727788306 1.0242241905846734 25.25
      vertex 330.14912272211694 1.0242241905846734 25.25
    endloop
  endfacet
  facet normal 0 0 1
    outer loop
      vertex 330.14912272211694 1.0242241905846734 25.25
      vertex 369.9760632374059 1.5239945555859273 25.25
      vertex 330.0239367625941 1.5239945555859273 25.25
    endloop
  endfacet
  facet normal 0 0 1
    outer loop
      vertex 330.0239367625941 1.5239945555859273 25.25
      vertex 370.14963245431574 2.0090880199167214 25.25
      vertex 329.85036754568426 2.0090880199167214 25.25
    endloop
  endfacet
  facet normal 0 0 1
    outer loop
      vertex 329.85036754568426 2.0090880199167214 25.25
      vertex 370.36991336217113 2.4748328683364877 25.25
      vertex 329.63008663782887 2.4748328683364877 25.25
    endloop
  endfacet
  facet normal 0 0 1
    outer loop
      vertex 329.63008663782887 2.4748328683364877 25.25
      vertex 370.63478453541165 2.916743723352911 25.25
      vertex 329.36521546458835 2.916743723352911 25.25
    endloop
  endfacet
  facet normal 0 0 1
    outer loop
      vertex 329.36521546458835 2.916743723352911 25.25
      vertex 370.94169511984563 3.330564741859139 25.25
      vertex 329.05830488015437 3.330564741859139 25.25
    endloop
  endfacet
  facet normal 0 0 1
    outer loop
      vertex 329.05830488015437 3.330564741859139 25.25
      vertex 371.2876893987706 3.7123106012293747 25.25
      vertex 328.7123106012294 3.7123106012293747 25.25
    endloop
  endfacet
  facet normal 0 0 1
    outer loop
      vertex 328.3305647418591 4.0583048801543695 25.25
      vertex 328.7123106012294 3.7123106012293747 25.25
      vertex 371.6694352581409 4.0583048801543695 25.25
    endloop
  endfacet
  facet normal 0 0 1
    outer loop
      vertex 327.9167437233529 4.3652154645883625 25.25
      vertex 328.3305647418591 4.0583048801543695 25.25
      vertex 372.0832562766471 4.3652154645883625 25.25
    endloop
  endfacet
  facet normal 0 0 1
    outer loop
      vertex 327.4748328683365 4.630086637828864 25.25
      vertex 327.9167437233529 4.3652154645883625 25.25
      vertex 372.5251671316635 4.630086637828864 25.25
    endloop
  endfacet
  facet normal 0 0 -1
    outer loop
      vertex 300.25 20.25 20.25
      vertex 373.9757758094153 5.14912272211696 20.25
      vertex 325 5.25 20.25
    endloop
  endfacet
  facet normal 0 0 -1
    outer loop
      vertex 300.25 20.25 20.25
      vertex 374.4854100132698 5.224719815029034 20.25
      vertex 373.9757758094153 5.14912272211696 20.25
    endloop
  endfacet
  facet normal 0 0 1
    outer loop
      vertex 320.0519801980198 20.25 25.25
      vertex 327.4748328683365 4.630086637828864 25.25
      vertex 372.5251671316635 4.630086637828864 25.25
    endloop
  endfacet
  facet normal -1 0 0
    outer loop
      vertex 300.25 20.25 0.25
      vertex 300.25 20.25 20.25
      vertex 300.25 25.25 20.25
    endloop
  endfacet
  facet normal -1 0 0
    outer loop
      vertex 300.25 20.25 20.25
      vertex 300.25 25.25 25.25
      vertex 300.25 25.25 20.25
    endloop
  endfacet
  facet normal -1 0 0
    outer loop
      vertex 300.25 20.25 20.25
      vertex 300.25 20.25 25.25
      vertex 300.25 25.25 25.25
    endloop
  endfacet
  facet normal 0 0 1
    outer loop
      vertex 300.25 20.25 25.25
      vertex 320.0519801980198 20.25 25.25
      vertex 300.25 25.25 25.25
    endloop
  endfacet
  facet normal 0 0 -1
    outer loop
      vertex 330.22471981502906 0.5145899867301932 20.25
      vertex 369.77528018497094 0.5145899867301932 20.25
      vertex 369.75 0 20.25
    endloop
  endfacet
  facet normal 0 0 -1
    outer loop
      vertex 330.14912272211694 1.0242241905846734 20.25
      vertex 369.85087727788306 1.0242241905846734 20.25
      vertex 369.77528018497094 0.5145899867301932 20.25
    endloop
  endfacet
  facet normal 0 0 -1
    outer loop
      vertex 330.0239367625941 1.5239945555859273 20.25
      vertex 369.9760632374059 1.5239945555859273 20.25
      vertex 369.85087727788306 1.0242241905846734 20.25
    endloop
  endfacet
  facet normal 0 0 -1
    outer loop
      vertex 329.85036754568426 2.0090880199167214 20.25
      vertex 370.14963245431574 2.0090880199167214 20.25
      vertex 369.9760632374059 1.5239945555859273 20.25
    endloop
  endfacet
  facet normal 0 0 -1
    outer loop
      vertex 329.63008663782887 2.4748328683364877 20.25
      vertex 370.36991336217113 2.4748328683364877 20.25
      vertex 370.14963245431574 2.0090880199167214 20.25
    endloop
  endfacet
  facet normal 0 0 -1
    outer loop
      vertex 329.36521546458835 2.916743723352911 20.25
      vertex 370.63478453541165 2.916743723352911 20.25
      vertex 370.36991336217113 2.4748328683364877 20.25
    endloop
  endfacet
  facet normal 0 0 -1
    outer loop
      vertex 329.05830488015437 3.330564741859139 20.25
      vertex 370.94169511984563 3.330564741859139 20.25
      vertex 370.63478453541165 2.916743723352911 20.25
    endloop
  endfacet
  facet normal 0 0 -1
    outer loop
      vertex 328.7123106012294 3.7123106012293747 20.25
      vertex 371.2876893987706 3.7123106012293747 20.25
      vertex 370.94169511984563 3.330564741859139 20.25
    endloop
  endfacet
  facet normal 0 0 -1
    outer loop
      vertex 328.3305647418591 4.0583048801543695 20.25
      vertex 371.6694352581409 4.0583048801543695 20.25
      vertex 371.2876893987706 3.7123106012293747 20.25
    endloop
  endfacet
  facet normal 0 0 -1
    outer loop
      vertex 327.9167437233529 4.3652154645883625 20.25
      vertex 372.0832562766471 4.3652154645883625 20.25
      vertex 371.6694352581409 4.0583048801543695 20.25
    endloop
  endfacet
  facet normal 0 0 -1
    outer loop
      vertex 327.4748328683365 4.630086637828864 20.25
      vertex 372.5251671316635 4.630086637828864 20.25
      vertex 372.0832562766471 4.3652154645883625 20.25
    endloop
  endfacet
  facet normal 0 0 -1
    outer loop
      vertex 327.0090880199167 4.850367545684255 20.25
      vertex 372.9909119800833 4.850367545684255 20.25
      vertex 372.5251671316635 4.630086637828864 20.25
    endloop
  endfacet
  facet normal 0 0 -1
    outer loop
      vertex 326.52399455558594 5.023936762594096 20.25
      vertex 373.47600544441406 5.023936762594096 20.25
      vertex 372.9909119800833 4.850367545684255 20.25
    endloop
  endfacet
  facet normal 0 0 -1
    outer loop
      vertex 326.0242241905847 5.14912272211696 20.25
      vertex 373.9757758094153 5.14912272211696 20.25
      vertex 373.47600544441406 5.023936762594096 20.25
    endloop
  endfacet
  facet normal 0.9987954562051751 -0.04906767432736416 0
    outer loop
      vertex 369.75 0 20.25
      vertex 369.77528018497094 0.5145899867301932 20.25
      vertex 369.77528018497094 0.5145899867301932 25.25
    endloop
  endfacet
  facet normal 0.9891765099647684 -0.14673047445544768 0
    outer loop
      vertex 369.77528018497094 0.5145899867301932 20.25
      vertex 369.85087727788306 1.0242241905846734 20.25
      vertex 369.85087727788306 1.0242241905846734 25.25
    endloop
  endfacet
  facet normal 0.9700312531945424 -0.2429801799032699 0
    outer loop
      vertex 369.85087727788306 1.0242241905846734 20.25
      vertex 369.9760632374059 1.5239945555859273 20.25
      vertex 369.9760632374059 1.5239945555859273 25.25
    endloop
  endfacet
  facet normal 0.9415440651830389 -0.33688985339216904 0
    outer loop
      vertex 369.9760632374059 1.5239945555859273 20.25
      vertex 370.14963245431574 2.0090880199167214 20.25
      vertex 370.14963245431574 2.0090880199167214 25.25
    endloop
  endfacet
  facet normal 0.9039892931234393 -0.4275550934302905 0
    outer loop
      vertex 370.14963245431574 2.0090880199167214 20.25
      vertex 370.36991336217113 2.4748328683364877 20.25
      vertex 370.36991336217113 2.4748328683364877 25.25
    endloop
  endfacet
  facet normal 0.8577286100002544 -0.5141027441932513 0
    outer loop
      vertex 370.36991336217113 2.4748328683364877 20.25
      vertex 370.63478453541165 2.916743723352911 20.25
      vertex 370.63478453541165 2.916743723352911 25.25
    endloop
  endfacet
  facet normal 0.8032075314806589 -0.5956993044924146 0
    outer loop
      vertex 370.63478453541165 2.916743723352911 20.25
      vertex 370.94169511984563 3.330564741859139 20.25
      vertex 370.94169511984563 3.330564741859139 25.25
    endloop
  endfacet
  facet normal 0.7409511253549629 -0.6715589548470142 0
    outer loop
      vertex 370.94169511984563 3.330564741859139 20.25
      vertex 371.2876893987706 3.7123106012293747 20.25
      vertex 371.2876893987706 3.7123106012293747 25.25
    endloop
  endfacet
  facet normal 0.6715589548469996 -0.7409511253549762 0
    outer loop
      vertex 371.6694352581409 4.0583048801543695 20.25
      vertex 371.6694352581409 4.0583048801543695 25.25
      vertex 371.2876893987706 3.7123106012293747 20.25
    endloop
  endfacet
  facet normal 0.5956993044924468 -0.803207531480635 0
    outer loop
      vertex 372.0832562766471 4.3652154645883625 20.25
      vertex 372.0832562766471 4.3652154645883625 25.25
      vertex 371.6694352581409 4.0583048801543695 20.25
    endloop
  endfacet
  facet normal 0.5141027441932157 -0.8577286100002757 0
    outer loop
      vertex 372.5251671316635 4.630086637828864 20.25
      vertex 372.5251671316635 4.630086637828864 25.25
      vertex 372.0832562766471 4.3652154645883625 20.25
    endloop
  endfacet
  facet normal 0.4275550934302761 -0.9039892931234461 0
    outer loop
      vertex 372.9909119800833 4.850367545684255 20.25
      vertex 372.9909119800833 4.850367545684255 25.25
      vertex 372.5251671316635 4.630086637828864 20.25
    endloop
  endfacet
  facet normal 0.33688985339224076 -0.9415440651830135 0
    outer loop
      vertex 373.47600544441406 5.023936762594096 20.25
      vertex 373.47600544441406 5.023936762594096 25.25
      vertex 372.9909119800833 4.850367545684255 20.25
    endloop
  endfacet
  facet normal 0.24298017990325857 -0.9700312531945454 0
    outer loop
      vertex 373.9757758094153 5.14912272211696 20.25
      vertex 373.9757758094153 5.14912272211696 25.25
      vertex 373.47600544441406 5.023936762594096 20.25
    endloop
  endfacet
  facet normal 0.14673047445535914 -0.9891765099647812 0
    outer loop
      vertex 373.9757758094153 5.14912272211696 20.25
      vertex 374.4854100132698 5.224719815029034 20.25
      vertex 374.4854100132698 5.224719815029034 25.25
    endloop
  endfacet
  facet normal 0.04906767432741812 -0.9987954562051724 0
    outer loop
      vertex 375 5.25 25.25
      vertex 374.4854100132698 5.224719815029034 20.25
      vertex 375 5.25 20.25
    endloop
  endfacet
  facet normal -0.04906767432741812 -0.9987954562051724 0
    outer loop
      vertex 375.5145899867302 5.224719815029034 25.25
      vertex 375 5.25 20.25
      vertex 375.5145899867302 5.224719815029034 20.25
    endloop
  endfacet
  facet normal -0.33688985339224076 -0.9415440651830135 0
    outer loop
      vertex 377.0090880199167 4.850367545684255 25.25
      vertex 376.52399455558594 5.023936762594096 20.25
      vertex 377.0090880199167 4.850367545684255 20.25
    endloop
  endfacet
  facet normal -0.24298017990325857 -0.9700312531945454 0
    outer loop
      vertex 376.52399455558594 5.023936762594096 25.25
      vertex 376.0242241905847 5.14912272211696 20.25
      vertex 376.52399455558594 5.023936762594096 20.25
    endloop
  endfacet
  facet normal -0.14673047445535914 -0.9891765099647812 0
    outer loop
      vertex 376.0242241905847 5.14912272211696 25.25
      vertex 375.5145899867302 5.224719815029034 20.25
      vertex 376.0242241905847 5.14912272211696 20.25
    endloop
  endfacet
  facet normal 0 0 1
    outer loop
      vertex 330.25 0 25.25
      vertex 369.75 0 25.25
      vertex 369.77528018497094 0.5145899867301932 25.25
    endloop
  endfacet
  facet normal 0 0 1
    outer loop
      vertex 369.85087727788306 1.0242241905846734 25.25
      vertex 330.22471981502906 0.5145899867301932 25.25
      vertex 369.77528018497094 0.5145899867301932 25.25
    endloop
  endfacet
  facet normal 0 0 1
    outer loop
      vertex 330.14912272211694 1.0242241905846734 25.25
      vertex 369.85087727788306 1.0242241905846734 25.25
      vertex 369.9760632374059 1.5239945555859273 25.25
    endloop
  endfacet
  facet normal 0 0 1
    outer loop
      vertex 330.0239367625941 1.5239945555859273 25.25
      vertex 369.9760632374059 1.5239945555859273 25.25
      vertex 370.14963245431574 2.0090880199167214 25.25
    endloop
  endfacet
  facet normal 0 0 1
    outer loop
      vertex 370.36991336217113 2.4748328683364877 25.25
      vertex 329.85036754568426 2.0090880199167214 25.25
      vertex 370.14963245431574 2.0090880199167214 25.25
    endloop
  endfacet
  facet normal 0 0 1
    outer loop
      vertex 370.63478453541165 2.916743723352911 25.25
      vertex 329.63008663782887 2.4748328683364877 25.25
      vertex 370.36991336217113 2.4748328683364877 25.25
    endloop
  endfacet
  facet normal 0 0 1
    outer loop
      vertex 370.94169511984563 3.330564741859139 25.25
      vertex 329.36521546458835 2.916743723352911 25.25
      vertex 370.63478453541165 2.916743723352911 25.25
    endloop
  endfacet
  facet normal 0 0 1
    outer loop
      vertex 329.05830488015437 3.330564741859139 25.25
      vertex 370.94169511984563 3.330564741859139 25.25
      vertex 371.2876893987706 3.7123106012293747 25.25
    endloop
  endfacet
  facet normal 0 0 1
    outer loop
      vertex 371.2876893987706 3.7123106012293747 25.25
      vertex 371.6694352581409 4.0583048801543695 25.25
      vertex 328.7123106012294 3.7123106012293747 25.25
    endloop
  endfacet
  facet normal 0 0 1
    outer loop
      vertex 328.3305647418591 4.0583048801543695 25.25
      vertex 371.6694352581409 4.0583048801543695 25.25
      vertex 372.0832562766471 4.3652154645883625 25.25
    endloop
  endfacet
  facet normal 0 0 1
    outer loop
      vertex 372.0832562766471 4.3652154645883625 25.25
      vertex 372.5251671316635 4.630086637828864 25.25
      vertex 327.9167437233529 4.3652154645883625 25.25
    endloop
  endfacet
  facet normal 0.9987954562051751 -0.04906767432736416 0
    outer loop
      vertex 369.75 0 20.25
      vertex 369.77528018497094 0.5145899867301932 25.25
      vertex 369.75 0 25.25
    endloop
  endfacet
  facet normal 0.9891765099647684 -0.14673047445544768 0
    outer loop
      vertex 369.77528018497094 0.5145899867301932 20.25
      vertex 369.85087727788306 1.0242241905846734 25.25
      vertex 369.77528018497094 0.5145899867301932 25.25
    endloop
  endfacet
  facet normal 0.9700312531945424 -0.2429801799032699 0
    outer loop
      vertex 369.85087727788306 1.0242241905846734 20.25
      vertex 369.9760632374059 1.5239945555859273 25.25
      vertex 369.85087727788306 1.0242241905846734 25.25
    endloop
  endfacet
  facet normal 0.9415440651830389 -0.33688985339216904 0
    outer loop
      vertex 369.9760632374059 1.5239945555859273 20.25
      vertex 370.14963245431574 2.0090880199167214 25.25
      vertex 369.9760632374059 1.5239945555859273 25.25
    endloop
  endfacet
  facet normal 0.9039892931234393 -0.4275550934302905 0
    outer loop
      vertex 370.14963245431574 2.0090880199167214 20.25
      vertex 370.36991336217113 2.4748328683364877 25.25
      vertex 370.14963245431574 2.0090880199167214 25.25
    endloop
  endfacet
  facet normal 0.8577286100002544 -0.5141027441932513 0
    outer loop
      vertex 370.36991336217113 2.4748328683364877 20.25
      vertex 370.63478453541165 2.916743723352911 25.25
      vertex 370.36991336217113 2.4748328683364877 25.25
    endloop
  endfacet
  facet normal 0.8032075314806589 -0.5956993044924146 0
    outer loop
      vertex 370.63478453541165 2.916743723352911 20.25
      vertex 370.94169511984563 3.330564741859139 25.25
      vertex 370.63478453541165 2.916743723352911 25.25
    endloop
  endfacet
  facet normal 0.7409511253549629 -0.6715589548470142 0
    outer loop
      vertex 370.94169511984563 3.330564741859139 20.25
      vertex 371.2876893987706 3.7123106012293747 25.25
      vertex 370.94169511984563 3.330564741859139 25.25
    endloop
  endfacet
  facet normal 0.6715589548469996 -0.7409511253549762 0
    outer loop
      vertex 371.2876893987706 3.7123106012293747 20.25
      vertex 371.6694352581409 4.0583048801543695 25.25
      vertex 371.2876893987706 3.7123106012293747 25.25
    endloop
  endfacet
  facet normal 0.5956993044924468 -0.803207531480635 0
    outer loop
      vertex 371.6694352581409 4.0583048801543695 20.25
      vertex 372.0832562766471 4.3652154645883625 25.25
      vertex 371.6694352581409 4.0583048801543695 25.25
    endloop
  endfacet
  facet normal 0.5141027441932157 -0.8577286100002757 0
    outer loop
      vertex 372.0832562766471 4.3652154645883625 20.25
      vertex 372.5251671316635 4.630086637828864 25.25
      vertex 372.0832562766471 4.3652154645883625 25.25
    endloop
  endfacet
  facet normal 0.4275550934302761 -0.9039892931234461 0
    outer loop
      vertex 372.5251671316635 4.630086637828864 20.25
      vertex 372.9909119800833 4.850367545684255 25.25
      vertex 372.5251671316635 4.630086637828864 25.25
    endloop
  endfacet
  facet normal 0.33688985339224076 -0.9415440651830135 0
    outer loop
      vertex 372.9909119800833 4.850367545684255 20.25
      vertex 373.47600544441406 5.023936762594096 25.25
      vertex 372.9909119800833 4.850367545684255 25.25
    endloop
  endfacet
  facet normal 0.24298017990325857 -0.9700312531945454 0
    outer loop
      vertex 373.47600544441406 5.023936762594096 20.25
      vertex 373.9757758094153 5.14912272211696 25.25
      vertex 373.47600544441406 5.023936762594096 25.25
    endloop
  endfacet
  facet normal 0.14673047445535914 -0.9891765099647812 0
    outer loop
      vertex 373.9757758094153 5.14912272211696 20.25
      vertex 374.4854100132698 5.224719815029034 25.25
      vertex 373.9757758094153 5.14912272211696 25.25
    endloop
  endfacet
  facet normal 0.04906767432741812 -0.9987954562051724 0
    outer loop
      vertex 374.4854100132698 5.224719815029034 25.25
      vertex 374.4854100132698 5.224719815029034 20.25
      vertex 375 5.25 25.25
    endloop
  endfacet
  facet normal -0.04906767432741812 -0.9987954562051724 0
    outer loop
      vertex 375 5.25 25.25
      vertex 375 5.25 20.25
      vertex 375.5145899867302 5.224719815029034 25.25
    endloop
  endfacet
  facet normal -0.24298017990325857 -0.9700312531945454 0
    outer loop
      vertex 376.0242241905847 5.14912272211696 25.25
      vertex 376.0242241905847 5.14912272211696 20.25
      vertex 376.52399455558594 5.023936762594096 25.25
    endloop
  endfacet
  facet normal -0.33688985339224076 -0.9415440651830135 0
    outer loop
      vertex 376.52399455558594 5.023936762594096 25.25
      vertex 376.52399455558594 5.023936762594096 20.25
      vertex 377.0090880199167 4.850367545684255 25.25
    endloop
  endfacet
  facet normal -0.14673047445535914 -0.9891765099647812 0
    outer loop
      vertex 375.5145899867302 5.224719815029034 25.25
      vertex 375.5145899867302 5.224719815029034 20.25
      vertex 376.0242241905847 5.14912272211696 25.25
    endloop
  endfacet
  facet normal 0 0 1
    outer loop
      vertex 320.0519801980198 20.25 25.25
      vertex 372.5251671316635 4.630086637828864 25.25
      vertex 372.9909119800833 4.850367545684255 25.25
    endloop
  endfacet
  facet normal 0 0 1
    outer loop
      vertex 320.0519801980198 20.25 25.25
      vertex 372.9909119800833 4.850367545684255 25.25
      vertex 373.47600544441406 5.023936762594096 25.25
    endloop
  endfacet
  facet normal 0 0 1
    outer loop
      vertex 320.0519801980198 20.25 25.25
      vertex 373.47600544441406 5.023936762594096 25.25
      vertex 373.9757758094153 5.14912272211696 25.25
    endloop
  endfacet
  facet normal 0 0 1
    outer loop
      vertex 320.0519801980198 20.25 25.25
      vertex 373.9757758094153 5.14912272211696 25.25
      vertex 374.4854100132698 5.224719815029034 25.25
    endloop
  endfacet
  facet normal 0 0 1
    outer loop
      vertex 320.0519801980198 20.25 25.25
      vertex 374.4854100132698 5.224719815029034 25.25
      vertex 375 5.25 25.25
    endloop
  endfacet
  facet normal -0.9987954562051751 -0.04906767432736416 0
    outer loop
      vertex 380.25 0 20.25
      vertex 380.25 0 25.25
      vertex 380.22471981502906 0.5145899867301932 20.25
    endloop
  endfacet
  facet normal -0.9891765099647684 -0.14673047445544768 0
    outer loop
      vertex 380.14912272211694 1.0242241905846734 20.25
      vertex 380.22471981502906 0.5145899867301932 20.25
      vertex 380.22471981502906 0.5145899867301932 25.25
    endloop
  endfacet
  facet normal -0.9700312531945424 -0.2429801799032699 0
    outer loop
      vertex 380.0239367625941 1.5239945555859273 20.25
      vertex 380.14912272211694 1.0242241905846734 20.25
      vertex 380.14912272211694 1.0242241905846734 25.25
    endloop
  endfacet
  facet normal -0.9415440651830389 -0.33688985339216904 0
    outer loop
      vertex 379.85036754568426 2.0090880199167214 20.25
      vertex 380.0239367625941 1.5239945555859273 20.25
      vertex 380.0239367625941 1.5239945555859273 25.25
    endloop
  endfacet
  facet normal -0.9039892931234393 -0.4275550934302905 0
    outer loop
      vertex 379.63008663782887 2.4748328683364877 20.25
      vertex 379.85036754568426 2.0090880199167214 20.25
      vertex 379.85036754568426 2.0090880199167214 25.25
    endloop
  endfacet
  facet normal -0.8577286100002544 -0.5141027441932513 0
    outer loop
      vertex 379.36521546458835 2.916743723352911 20.25
      vertex 379.63008663782887 2.4748328683364877 20.25
      vertex 379.63008663782887 2.4748328683364877 25.25
    endloop
  endfacet
  facet normal -0.8032075314806589 -0.5956993044924146 0
    outer loop
      vertex 379.05830488015437 3.330564741859139 20.25
      vertex 379.36521546458835 2.916743723352911 20.25
      vertex 379.36521546458835 2.916743723352911 25.25
    endloop
  endfacet
  facet normal -0.6715589548469996 -0.7409511253549762 0
    outer loop
      vertex 378.7123106012294 3.7123106012293747 20.25
      vertex 378.7123106012294 3.7123106012293747 25.25
      vertex 378.3305647418591 4.0583048801543695 20.25
    endloop
  endfacet
  facet normal -0.7409511253549629 -0.6715589548470142 0
    outer loop
      vertex 378.7123106012294 3.7123106012293747 20.25
      vertex 379.05830488015437 3.330564741859139 20.25
      vertex 379.05830488015437 3.330564741859139 25.25
    endloop
  endfacet
  facet normal -0.5956993044924468 -0.803207531480635 0
    outer loop
      vertex 378.3305647418591 4.0583048801543695 20.25
      vertex 378.3305647418591 4.0583048801543695 25.25
      vertex 377.9167437233529 4.3652154645883625 20.25
    endloop
  endfacet
  facet normal -0.5141027441932157 -0.8577286100002757 0
    outer loop
      vertex 377.9167437233529 4.3652154645883625 20.25
      vertex 377.9167437233529 4.3652154645883625 25.25
      vertex 377.4748328683365 4.630086637828864 20.25
    endloop
  endfacet
  facet normal -0.4275550934302761 -0.9039892931234461 0
    outer loop
      vertex 377.4748328683365 4.630086637828864 25.25
      vertex 377.0090880199167 4.850367545684255 20.25
      vertex 377.4748328683365 4.630086637828864 20.25
    endloop
  endfacet
  facet normal 0 0 -1
    outer loop
      vertex 422.5251671316635 -4.630086637828864 20.25
      vertex 378.3305647418591 4.0583048801543695 20.25
      vertex 377.9167437233529 4.3652154645883625 20.25
    endloop
  endfacet
  facet normal 0 0 -1
    outer loop
      vertex 422.5251671316635 -4.630086637828864 20.25
      vertex 377.9167437233529 4.3652154645883625 20.25
      vertex 377.4748328683365 4.630086637828864 20.25
    endloop
  endfacet
  facet normal 0 0 -1
    outer loop
      vertex 422.5251671316635 -4.630086637828864 20.25
      vertex 379.63008663782887 2.4748328683364877 20.25
      vertex 379.36521546458835 2.916743723352911 20.25
    endloop
  endfacet
  facet normal 0 0 -1
    outer loop
      vertex 422.5251671316635 -4.630086637828864 20.25
      vertex 379.36521546458835 2.916743723352911 20.25
      vertex 379.05830488015437 3.330564741859139 20.25
    endloop
  endfacet
  facet normal 0 0 -1
    outer loop
      vertex 422.5251671316635 -4.630086637828864 20.25
      vertex 379.05830488015437 3.330564741859139 20.25
      vertex 378.7123106012294 3.7123106012293747 20.25
    endloop
  endfacet
  facet normal 0 0 -1
    outer loop
      vertex 422.5251671316635 -4.630086637828864 20.25
      vertex 378.7123106012294 3.7123106012293747 20.25
      vertex 378.3305647418591 4.0583048801543695 20.25
    endloop
  endfacet
  facet normal 0 0 -1
    outer loop
      vertex 377.4748328683365 4.630086637828864 20.25
      vertex 377.0090880199167 4.850367545684255 20.25
      vertex 422.5251671316635 4.630086637828864 20.25
    endloop
  endfacet
  facet normal 0 0 -1
    outer loop
      vertex 377.0090880199167 4.850367545684255 20.25
      vertex 376.52399455558594 5.023936762594096 20.25
      vertex 422.9909119800833 4.850367545684255 20.25
    endloop
  endfacet
  facet normal -0.9987954562051751 -0.04906767432736416 0
    outer loop
      vertex 380.22471981502906 0.5145899867301932 20.25
      vertex 380.25 0 25.25
      vertex 380.22471981502906 0.5145899867301932 25.25
    endloop
  endfacet
  facet normal -0.9891765099647684 -0.14673047445544768 0
    outer loop
      vertex 380.14912272211694 1.0242241905846734 20.25
      vertex 380.22471981502906 0.5145899867301932 25.25
      vertex 380.14912272211694 1.0242241905846734 25.25
    endloop
  endfacet
  facet normal -0.9700312531945424 -0.2429801799032699 0
    outer loop
      vertex 380.0239367625941 1.5239945555859273 20.25
      vertex 380.14912272211694 1.0242241905846734 25.25
      vertex 380.0239367625941 1.5239945555859273 25.25
    endloop
  endfacet
  facet normal -0.9415440651830389 -0.33688985339216904 0
    outer loop
      vertex 379.85036754568426 2.0090880199167214 20.25
      vertex 380.0239367625941 1.5239945555859273 25.25
      vertex 379.85036754568426 2.0090880199167214 25.25
    endloop
  endfacet
  facet normal -0.9039892931234393 -0.4275550934302905 0
    outer loop
      vertex 379.63008663782887 2.4748328683364877 20.25
      vertex 379.85036754568426 2.0090880199167214 25.25
      vertex 379.63008663782887 2.4748328683364877 25.25
    endloop
  endfacet
  facet normal -0.8577286100002544 -0.5141027441932513 0
    outer loop
      vertex 379.36521546458835 2.916743723352911 20.25
      vertex 379.63008663782887 2.4748328683364877 25.25
      vertex 379.36521546458835 2.916743723352911 25.25
    endloop
  endfacet
  facet normal -0.6715589548469996 -0.7409511253549762 0
    outer loop
      vertex 378.3305647418591 4.0583048801543695 20.25
      vertex 378.7123106012294 3.7123106012293747 25.25
      vertex 378.3305647418591 4.0583048801543695 25.25
    endloop
  endfacet
  facet normal -0.8032075314806589 -0.5956993044924146 0
    outer loop
      vertex 379.05830488015437 3.330564741859139 20.25
      vertex 379.36521546458835 2.916743723352911 25.25
      vertex 379.05830488015437 3.330564741859139 25.25
    endloop
  endfacet
  facet normal -0.7409511253549629 -0.6715589548470142 0
    outer loop
      vertex 378.7123106012294 3.7123106012293747 20.25
      vertex 379.05830488015437 3.330564741859139 25.25
      vertex 378.7123106012294 3.7123106012293747 25.25
    endloop
  endfacet
  facet normal -0.5956993044924468 -0.803207531480635 0
    outer loop
      vertex 377.9167437233529 4.3652154645883625 20.25
      vertex 378.3305647418591 4.0583048801543695 25.25
      vertex 377.9167437233529 4.3652154645883625 25.25
    endloop
  endfacet
  facet normal -0.5141027441932157 -0.8577286100002757 0
    outer loop
      vertex 377.4748328683365 4.630086637828864 20.25
      vertex 377.9167437233529 4.3652154645883625 25.25
      vertex 377.4748328683365 4.630086637828864 25.25
    endloop
  endfacet
  facet normal -0.4275550934302761 -0.9039892931234461 0
    outer loop
      vertex 377.0090880199167 4.850367545684255 25.25
      vertex 377.0090880199167 4.850367545684255 20.25
      vertex 377.4748328683365 4.630086637828864 25.25
    endloop
  endfacet
  facet normal 0 0 1
    outer loop
      vertex 422.5251671316635 4.630086637828864 25.25
      vertex 379.85036754568426 -2.0090880199167214 25.25
      vertex 379.63008663782887 -2.4748328683364877 25.25
    endloop
  endfacet
  facet normal 0 0 1
    outer loop
      vertex 422.5251671316635 4.630086637828864 25.25
      vertex 380.0239367625941 -1.5239945555859273 25.25
      vertex 379.85036754568426 -2.0090880199167214 25.25
    endloop
  endfacet
  facet normal 0 0 1
    outer loop
      vertex 422.5251671316635 4.630086637828864 25.25
      vertex 380.14912272211694 -1.0242241905846734 25.25
      vertex 380.0239367625941 -1.5239945555859273 25.25
    endloop
  endfacet
  facet normal 0 0 1
    outer loop
      vertex 422.5251671316635 4.630086637828864 25.25
      vertex 380.22471981502906 -0.5145899867301932 25.25
      vertex 380.14912272211694 -1.0242241905846734 25.25
    endloop
  endfacet
  facet normal 0 0 1
    outer loop
      vertex 422.5251671316635 4.630086637828864 25.25
      vertex 380.25 0 25.25
      vertex 380.22471981502906 -0.5145899867301932 25.25
    endloop
  endfacet
  facet normal 0 0 1
    outer loop
      vertex 422.5251671316635 4.630086637828864 25.25
      vertex 380.22471981502906 0.5145899867301932 25.25
      vertex 380.25 0 25.25
    endloop
  endfacet
  facet normal 0 0 1
    outer loop
      vertex 422.5251671316635 4.630086637828864 25.25
      vertex 380.14912272211694 1.0242241905846734 25.25
      vertex 380.22471981502906 0.5145899867301932 25.25
    endloop
  endfacet
  facet normal 0 0 1
    outer loop
      vertex 422.5251671316635 4.630086637828864 25.25
      vertex 380.0239367625941 1.5239945555859273 25.25
      vertex 380.14912272211694 1.0242241905846734 25.25
    endloop
  endfacet
  facet normal 0 0 1
    outer loop
      vertex 422.5251671316635 4.630086637828864 25.25
      vertex 379.85036754568426 2.0090880199167214 25.25
      vertex 380.0239367625941 1.5239945555859273 25.25
    endloop
  endfacet
  facet normal 0 0 1
    outer loop
      vertex 422.5251671316635 4.630086637828864 25.25
      vertex 379.63008663782887 2.4748328683364877 25.25
      vertex 379.85036754568426 2.0090880199167214 25.25
    endloop
  endfacet
  facet normal 0 0 1
    outer loop
      vertex 422.5251671316635 4.630086637828864 25.25
      vertex 377.9167437233529 4.3652154645883625 25.25
      vertex 378.3305647418591 4.0583048801543695 25.25
    endloop
  endfacet
  facet normal 0 0 1
    outer loop
      vertex 377.4748328683365 4.630086637828864 25.25
      vertex 377.9167437233529 4.3652154645883625 25.25
      vertex 422.5251671316635 4.630086637828864 25.25
    endloop
  endfacet
  facet normal 0 0 1
    outer loop
      vertex 422.5251671316635 4.630086637828864 25.25
      vertex 379.36521546458835 2.916743723352911 25.25
      vertex 379.63008663782887 2.4748328683364877 25.25
    endloop
  endfacet
  facet normal 0 0 1
    outer loop
      vertex 422.5251671316635 4.630086637828864 25.25
      vertex 379.05830488015437 3.330564741859139 25.25
      vertex 379.36521546458835 2.916743723352911 25.25
    endloop
  endfacet
  facet normal 0 0 1
    outer loop
      vertex 422.5251671316635 4.630086637828864 25.25
      vertex 378.7123106012294 3.7123106012293747 25.25
      vertex 379.05830488015437 3.330564741859139 25.25
    endloop
  endfacet
  facet normal 0 0 1
    outer loop
      vertex 422.5251671316635 4.630086637828864 25.25
      vertex 378.3305647418591 4.0583048801543695 25.25
      vertex 378.7123106012294 3.7123106012293747 25.25
    endloop
  endfacet
  facet normal 0 0 1
    outer loop
      vertex 376.52399455558594 5.023936762594096 25.25
      vertex 377.0090880199167 4.850367545684255 25.25
      vertex 423.47600544441406 5.023936762594096 25.25
    endloop
  endfacet
  facet normal 0 0 1
    outer loop
      vertex 377.0090880199167 4.850367545684255 25.25
      vertex 377.4748328683365 4.630086637828864 25.25
      vertex 422.9909119800833 4.850367545684255 25.25
    endloop
  endfacet
  facet normal 0 1 0
    outer loop
      vertex 300.25 25.25 0.25
      vertex 300.25 25.25 20.25
      vertex 500.25 25.25 20.25
    endloop
  endfacet
  facet normal 0 1 0
    outer loop
      vertex 300.25 25.25 20.25
      vertex 300.25 25.25 25.25
      vertex 500.25 25.25 20.25
    endloop
  endfacet
  facet normal 0 0 1
    outer loop
      vertex 300.25 25.25 25.25
      vertex 320.0519801980198 20.25 25.25
      vertex 500.25 20.25 25.25
    endloop
  endfacet
  facet normal 0 0 -1
    outer loop
      vertex 300.25 20.25 20.25
      vertex 500.25 20.25 20.25
      vertex 374.4854100132698 5.224719815029034 20.25
    endloop
  endfacet
  facet normal 0 0 1
    outer loop
      vertex 320.0519801980198 20.25 25.25
      vertex 375 5.25 25.25
      vertex 500.25 20.25 25.25
    endloop
  endfacet
  facet normal 0 0 -1
    outer loop
      vertex 300.25 -25.25 0.25
      vertex 500.25 -20.25 0.25
      vertex 500.25 -25.25 0.25
    endloop
  endfacet
  facet normal 0 1 0
    outer loop
      vertex 300.25 -20.25 0.25
      vertex 500.25 -20.25 20.25
      vertex 500.25 -20.25 0.25
    endloop
  endfacet
  facet normal 0 -1 0
    outer loop
      vertex 500.25 -25.25 0.25
      vertex 505.25 -25.25 0.25
      vertex 505.25 -25.25 25.25
    endloop
  endfacet
  facet normal 0 0 -1
    outer loop
      vertex 500.25 -25.25 0.25
      vertex 505.25 25.25 0.25
      vertex 505.25 -25.25 0.25
    endloop
  endfacet
  facet normal 0 0 -1
    outer loop
      vertex 500.25 -25.25 0.25
      vertex 500.25 -20.25 0.25
      vertex 505.25 25.25 0.25
    endloop
  endfacet
  facet normal -1 0 0
    outer loop
      vertex 500.25 -20.25 0.25
      vertex 500.25 -20.25 20.25
      vertex 500.25 20.25 0.25
    endloop
  endfacet
  facet normal 1 0 0
    outer loop
      vertex 505.25 -25.25 0.25
      vertex 505.25 25.25 0.25
      vertex 505.25 -25.25 25.25
    endloop
  endfacet
  facet normal 0 -1 0
    outer loop
      vertex 300.25 -25.25 20.25
      vertex 500.25 -25.25 0.25
      vertex 500.25 -25.25 20.25
    endloop
  endfacet
  facet normal 0 0 -1
    outer loop
      vertex 300.25 -20.25 20.25
      vertex 425.5145899867302 -5.224719815029034 20.25
      vertex 500.25 -20.25 20.25
    endloop
  endfacet
  facet normal 0 -1 0
    outer loop
      vertex 300.25 -25.25 20.25
      vertex 500.25 -25.25 20.25
      vertex 500.25 -25.25 25.25
    endloop
  endfacet
  facet normal 0 0 1
    outer loop
      vertex 300.25 -20.25 25.25
      vertex 500.25 -25.25 25.25
      vertex 500.25 -20.25 25.25
    endloop
  endfacet
  facet normal 0 0 1
    outer loop
      vertex 500.25 -20.25 25.25
      vertex 375 -5.25 25.25
      vertex 374.4854100132698 -5.224719815029034 25.25
    endloop
  endfacet
  facet normal 0 0 1
    outer loop
      vertex 500.25 -20.25 25.25
      vertex 375.5145899867302 -5.224719815029034 25.25
      vertex 375 -5.25 25.25
    endloop
  endfacet
  facet normal 0 0 1
    outer loop
      vertex 500.25 -20.25 25.25
      vertex 376.0242241905847 -5.14912272211696 25.25
      vertex 375.5145899867302 -5.224719815029034 25.25
    endloop
  endfacet
  facet normal 0 0 1
    outer loop
      vertex 500.25 -20.25 25.25
      vertex 376.52399455558594 -5.023936762594096 25.25
      vertex 376.0242241905847 -5.14912272211696 25.25
    endloop
  endfacet
  facet normal 0 0 -1
    outer loop
      vertex 377.0090880199167 -4.850367545684255 20.25
      vertex 422.9909119800833 -4.850367545684255 20.25
      vertex 423.47600544441406 -5.023936762594096 20.25
    endloop
  endfacet
  facet normal 0 0 -1
    outer loop
      vertex 422.5251671316635 -4.630086637828864 20.25
      vertex 422.9909119800833 -4.850367545684255 20.25
      vertex 377.4748328683365 -4.630086637828864 20.25
    endloop
  endfacet
  facet normal 0 0 -1
    outer loop
      vertex 422.5251671316635 -4.630086637828864 20.25
      vertex 377.4748328683365 4.630086637828864 20.25
      vertex 422.0832562766471 -4.3652154645883625 20.25
    endloop
  endfacet
  facet normal 0 0 -1
    outer loop
      vertex 377.4748328683365 4.630086637828864 20.25
      vertex 421.6694352581409 -4.0583048801543695 20.25
      vertex 422.0832562766471 -4.3652154645883625 20.25
    endloop
  endfacet
  facet normal 0 0 -1
    outer loop
      vertex 377.4748328683365 4.630086637828864 20.25
      vertex 420.94169511984563 -3.330564741859139 20.25
      vertex 421.2876893987706 -3.7123106012293747 20.25
    endloop
  endfacet
  facet normal 0 0 -1
    outer loop
      vertex 377.4748328683365 4.630086637828864 20.25
      vertex 421.2876893987706 -3.7123106012293747 20.25
      vertex 421.6694352581409 -4.0583048801543695 20.25
    endloop
  endfacet
  facet normal 0 0 -1
    outer loop
      vertex 377.4748328683365 4.630086637828864 20.25
      vertex 420.63478453541165 -2.916743723352911 20.25
      vertex 420.94169511984563 -3.330564741859139 20.25
    endloop
  endfacet
  facet normal 0 0 -1
    outer loop
      vertex 377.4748328683365 4.630086637828864 20.25
      vertex 420.36991336217113 -2.4748328683364877 20.25
      vertex 420.63478453541165 -2.916743723352911 20.25
    endloop
  endfacet
  facet normal 0.5956993044924468 0.803207531480635 0
    outer loop
      vertex 421.6694352581409 -4.0583048801543695 25.25
      vertex 422.0832562766471 -4.3652154645883625 20.25
      vertex 421.6694352581409 -4.0583048801543695 20.25
    endloop
  endfacet
  facet normal 0.6715589548469996 0.7409511253549762 0
    outer loop
      vertex 421.6694352581409 -4.0583048801543695 20.25
      vertex 421.2876893987706 -3.7123106012293747 20.25
      vertex 421.2876893987706 -3.7123106012293747 25.25
    endloop
  endfacet
  facet normal 0.7409511253549629 0.6715589548470142 0
    outer loop
      vertex 420.94169511984563 -3.330564741859139 25.25
      vertex 421.2876893987706 -3.7123106012293747 20.25
      vertex 420.94169511984563 -3.330564741859139 20.25
    endloop
  endfacet
  facet normal 0.33688985339224076 0.9415440651830135 0
    outer loop
      vertex 422.9909119800833 -4.850367545684255 20.25
      vertex 422.9909119800833 -4.850367545684255 25.25
      vertex 423.47600544441406 -5.023936762594096 20.25
    endloop
  endfacet
  facet normal 0.14673047445535914 0.9891765099647812 0
    outer loop
      vertex 423.9757758094153 -5.14912272211696 20.25
      vertex 423.9757758094153 -5.14912272211696 25.25
      vertex 424.4854100132698 -5.224719815029034 20.25
    endloop
  endfacet
  facet normal 0.04906767432741812 0.9987954562051724 0
    outer loop
      vertex 424.4854100132698 -5.224719815029034 20.25
      vertex 424.4854100132698 -5.224719815029034 25.25
      vertex 425 -5.25 20.25
    endloop
  endfacet
  facet normal -0.04906767432741812 0.9987954562051724 0
    outer loop
      vertex 425 -5.25 20.25
      vertex 425 -5.25 25.25
      vertex 425.5145899867302 -5.224719815029034 20.25
    endloop
  endfacet
  facet normal 0.24298017990325857 0.9700312531945454 0
    outer loop
      vertex 423.47600544441406 -5.023936762594096 20.25
      vertex 423.47600544441406 -5.023936762594096 25.25
      vertex 423.9757758094153 -5.14912272211696 20.25
    endloop
  endfacet
  facet normal -0.14673047445535914 0.9891765099647812 0
    outer loop
      vertex 425.5145899867302 -5.224719815029034 20.25
      vertex 425.5145899867302 -5.224719815029034 25.25
      vertex 426.0242241905847 -5.14912272211696 20.25
    endloop
  endfacet
  facet normal -0.24298017990325857 0.9700312531945454 0
    outer loop
      vertex 426.0242241905847 -5.14912272211696 25.25
      vertex 426.52399455558594 -5.023936762594096 20.25
      vertex 426.0242241905847 -5.14912272211696 20.25
    endloop
  endfacet
  facet normal -0.33688985339224076 0.9415440651830135 0
    outer loop
      vertex 426.52399455558594 -5.023936762594096 25.25
      vertex 427.0090880199167 -4.850367545684255 20.25
      vertex 426.52399455558594 -5.023936762594096 20.25
    endloop
  endfacet
  facet normal -0.4275550934302761 0.9039892931234461 0
    outer loop
      vertex 427.0090880199167 -4.850367545684255 25.25
      vertex 427.4748328683365 -4.630086637828864 20.25
      vertex 427.0090880199167 -4.850367545684255 20.25
    endloop
  endfacet
  facet normal 0.4275550934302761 0.9039892931234461 0
    outer loop
      vertex 422.5251671316635 -4.630086637828864 20.25
      vertex 422.5251671316635 -4.630086637828864 25.25
      vertex 422.9909119800833 -4.850367545684255 20.25
    endloop
  endfacet
  facet normal 0.5141027441932157 0.8577286100002757 0
    outer loop
      vertex 422.5251671316635 -4.630086637828864 20.25
      vertex 422.0832562766471 -4.3652154645883625 20.25
      vertex 422.0832562766471 -4.3652154645883625 25.25
    endloop
  endfacet
  facet normal -0.5141027441932157 0.8577286100002757 0
    outer loop
      vertex 427.4748328683365 -4.630086637828864 25.25
      vertex 427.9167437233529 -4.3652154645883625 20.25
      vertex 427.4748328683365 -4.630086637828864 20.25
    endloop
  endfacet
  facet normal -0.5956993044924468 0.803207531480635 0
    outer loop
      vertex 427.9167437233529 -4.3652154645883625 25.25
      vertex 428.3305647418591 -4.0583048801543695 20.25
      vertex 427.9167437233529 -4.3652154645883625 20.25
    endloop
  endfacet
  facet normal 0.8032075314806589 0.5956993044924146 0
    outer loop
      vertex 420.63478453541165 -2.916743723352911 25.25
      vertex 420.94169511984563 -3.330564741859139 20.25
      vertex 420.63478453541165 -2.916743723352911 20.25
    endloop
  endfacet
  facet normal 0.8577286100002544 0.5141027441932513 0
    outer loop
      vertex 420.36991336217113 -2.4748328683364877 25.25
      vertex 420.63478453541165 -2.916743723352911 20.25
      vertex 420.36991336217113 -2.4748328683364877 20.25
    endloop
  endfacet
  facet normal 0.9039892931234393 0.4275550934302905 0
    outer loop
      vertex 420.14963245431574 -2.0090880199167214 25.25
      vertex 420.36991336217113 -2.4748328683364877 20.25
      vertex 420.14963245431574 -2.0090880199167214 20.25
    endloop
  endfacet
  facet normal 0.9415440651830389 0.33688985339216904 0
    outer loop
      vertex 419.9760632374059 -1.5239945555859273 25.25
      vertex 420.14963245431574 -2.0090880199167214 20.25
      vertex 419.9760632374059 -1.5239945555859273 20.25
    endloop
  endfacet
  facet normal 0.9700312531945424 0.2429801799032699 0
    outer loop
      vertex 419.85087727788306 -1.0242241905846734 25.25
      vertex 419.9760632374059 -1.5239945555859273 20.25
      vertex 419.85087727788306 -1.0242241905846734 20.25
    endloop
  endfacet
  facet normal 0.9891765099647684 0.14673047445544768 0
    outer loop
      vertex 419.77528018497094 -0.5145899867301932 25.25
      vertex 419.85087727788306 -1.0242241905846734 20.25
      vertex 419.77528018497094 -0.5145899867301932 20.25
    endloop
  endfacet
  facet normal 0.9987954562051751 0.04906767432736416 0
    outer loop
      vertex 419.75 0 25.25
      vertex 419.77528018497094 -0.5145899867301932 20.25
      vertex 419.75 0 20.25
    endloop
  endfacet
  facet normal 0 0 1
    outer loop
      vertex 377.0090880199167 -4.850367545684255 25.25
      vertex 422.9909119800833 -4.850367545684255 25.25
      vertex 422.5251671316635 -4.630086637828864 25.25
    endloop
  endfacet
  facet normal 0 0 1
    outer loop
      vertex 376.52399455558594 -5.023936762594096 25.25
      vertex 424.4854100132698 -5.224719815029034 25.25
      vertex 423.9757758094153 -5.14912272211696 25.25
    endloop
  endfacet
  facet normal 0 0 1
    outer loop
      vertex 376.52399455558594 -5.023936762594096 25.25
      vertex 425 -5.25 25.25
      vertex 424.4854100132698 -5.224719815029034 25.25
    endloop
  endfacet
  facet normal 0 0 1
    outer loop
      vertex 376.52399455558594 -5.023936762594096 25.25
      vertex 423.47600544441406 -5.023936762594096 25.25
      vertex 422.9909119800833 -4.850367545684255 25.25
    endloop
  endfacet
  facet normal 0 0 1
    outer loop
      vertex 376.52399455558594 -5.023936762594096 25.25
      vertex 423.9757758094153 -5.14912272211696 25.25
      vertex 423.47600544441406 -5.023936762594096 25.25
    endloop
  endfacet
  facet normal 0 0 1
    outer loop
      vertex 377.4748328683365 -4.630086637828864 25.25
      vertex 422.5251671316635 -4.630086637828864 25.25
      vertex 422.0832562766471 -4.3652154645883625 25.25
    endloop
  endfacet
  facet normal 0 0 1
    outer loop
      vertex 377.4748328683365 -4.630086637828864 25.25
      vertex 422.0832562766471 -4.3652154645883625 25.25
      vertex 421.6694352581409 -4.0583048801543695 25.25
    endloop
  endfacet
  facet normal 0 0 1
    outer loop
      vertex 377.4748328683365 -4.630086637828864 25.25
      vertex 421.6694352581409 -4.0583048801543695 25.25
      vertex 421.2876893987706 -3.7123106012293747 25.25
    endloop
  endfacet
  facet normal 0 0 1
    outer loop
      vertex 377.4748328683365 -4.630086637828864 25.25
      vertex 421.2876893987706 -3.7123106012293747 25.25
      vertex 420.94169511984563 -3.330564741859139 25.25
    endloop
  endfacet
  facet normal 0 0 1
    outer loop
      vertex 377.4748328683365 -4.630086637828864 25.25
      vertex 420.94169511984563 -3.330564741859139 25.25
      vertex 420.63478453541165 -2.916743723352911 25.25
    endloop
  endfacet
  facet normal 0 0 1
    outer loop
      vertex 377.4748328683365 -4.630086637828864 25.25
      vertex 420.63478453541165 -2.916743723352911 25.25
      vertex 420.36991336217113 -2.4748328683364877 25.25
    endloop
  endfacet
  facet normal 0 0 1
    outer loop
      vertex 377.4748328683365 -4.630086637828864 25.25
      vertex 420.14963245431574 -2.0090880199167214 25.25
      vertex 419.9760632374059 -1.5239945555859273 25.25
    endloop
  endfacet
  facet normal 0 0 1
    outer loop
      vertex 377.4748328683365 -4.630086637828864 25.25
      vertex 419.9760632374059 -1.5239945555859273 25.25
      vertex 419.85087727788306 -1.0242241905846734 25.25
    endloop
  endfacet
  facet normal 0 0 1
    outer loop
      vertex 377.4748328683365 -4.630086637828864 25.25
      vertex 419.85087727788306 -1.0242241905846734 25.25
      vertex 419.77528018497094 -0.5145899867301932 25.25
    endloop
  endfacet
  facet normal 0 0 1
    outer loop
      vertex 377.4748328683365 -4.630086637828864 25.25
      vertex 419.77528018497094 -0.5145899867301932 25.25
      vertex 419.75 0 25.25
    endloop
  endfacet
  facet normal 0 0 1
    outer loop
      vertex 377.4748328683365 -4.630086637828864 25.25
      vertex 420.36991336217113 -2.4748328683364877 25.25
      vertex 420.14963245431574 -2.0090880199167214 25.25
    endloop
  endfacet
  facet normal 0 0 1
    outer loop
      vertex 377.4748328683365 -4.630086637828864 25.25
      vertex 419.75 0 25.25
      vertex 419.77528018497094 0.5145899867301932 25.25
    endloop
  endfacet
  facet normal 0 0 1
    outer loop
      vertex 377.4748328683365 -4.630086637828864 25.25
      vertex 419.77528018497094 0.5145899867301932 25.25
      vertex 419.85087727788306 1.0242241905846734 25.25
    endloop
  endfacet
  facet normal 0 0 1
    outer loop
      vertex 377.4748328683365 -4.630086637828864 25.25
      vertex 419.85087727788306 1.0242241905846734 25.25
      vertex 419.9760632374059 1.5239945555859273 25.25
    endloop
  endfacet
  facet normal 0 0 1
    outer loop
      vertex 377.4748328683365 -4.630086637828864 25.25
      vertex 419.9760632374059 1.5239945555859273 25.25
      vertex 420.14963245431574 2.0090880199167214 25.25
    endloop
  endfacet
  facet normal 0 0 1
    outer loop
      vertex 377.4748328683365 -4.630086637828864 25.25
      vertex 420.14963245431574 2.0090880199167214 25.25
      vertex 420.36991336217113 2.4748328683364877 25.25
    endloop
  endfacet
  facet normal 0.5956993044924468 0.803207531480635 0
    outer loop
      vertex 422.0832562766471 -4.3652154645883625 25.25
      vertex 422.0832562766471 -4.3652154645883625 20.25
      vertex 421.6694352581409 -4.0583048801543695 25.25
    endloop
  endfacet
  facet normal 0.6715589548469996 0.7409511253549762 0
    outer loop
      vertex 421.6694352581409 -4.0583048801543695 25.25
      vertex 421.6694352581409 -4.0583048801543695 20.25
      vertex 421.2876893987706 -3.7123106012293747 25.25
    endloop
  endfacet
  facet normal 0.7409511253549629 0.6715589548470142 0
    outer loop
      vertex 420.94169511984563 -3.330564741859139 25.25
      vertex 421.2876893987706 -3.7123106012293747 25.25
      vertex 421.2876893987706 -3.7123106012293747 20.25
    endloop
  endfacet
  facet normal 0.8032075314806589 0.5956993044924146 0
    outer loop
      vertex 420.63478453541165 -2.916743723352911 25.25
      vertex 420.94169511984563 -3.330564741859139 25.25
      vertex 420.94169511984563 -3.330564741859139 20.25
    endloop
  endfacet
  facet normal 0.33688985339224076 0.9415440651830135 0
    outer loop
      vertex 423.47600544441406 -5.023936762594096 20.25
      vertex 422.9909119800833 -4.850367545684255 25.25
      vertex 423.47600544441406 -5.023936762594096 25.25
    endloop
  endfacet
  facet normal 0.4275550934302761 0.9039892931234461 0
    outer loop
      vertex 422.9909119800833 -4.850367545684255 20.25
      vertex 422.5251671316635 -4.630086637828864 25.25
      vertex 422.9909119800833 -4.850367545684255 25.25
    endloop
  endfacet
  facet normal 0.14673047445535914 0.9891765099647812 0
    outer loop
      vertex 424.4854100132698 -5.224719815029034 20.25
      vertex 423.9757758094153 -5.14912272211696 25.25
      vertex 424.4854100132698 -5.224719815029034 25.25
    endloop
  endfacet
  facet normal 0.04906767432741812 0.9987954562051724 0
    outer loop
      vertex 425 -5.25 20.25
      vertex 424.4854100132698 -5.224719815029034 25.25
      vertex 425 -5.25 25.25
    endloop
  endfacet
  facet normal 0.24298017990325857 0.9700312531945454 0
    outer loop
      vertex 423.9757758094153 -5.14912272211696 20.25
      vertex 423.47600544441406 -5.023936762594096 25.25
      vertex 423.9757758094153 -5.14912272211696 25.25
    endloop
  endfacet
  facet normal -0.04906767432741812 0.9987954562051724 0
    outer loop
      vertex 425.5145899867302 -5.224719815029034 20.25
      vertex 425 -5.25 25.25
      vertex 425.5145899867302 -5.224719815029034 25.25
    endloop
  endfacet
  facet normal -0.14673047445535914 0.9891765099647812 0
    outer loop
      vertex 426.0242241905847 -5.14912272211696 25.25
      vertex 426.0242241905847 -5.14912272211696 20.25
      vertex 425.5145899867302 -5.224719815029034 25.25
    endloop
  endfacet
  facet normal -0.24298017990325857 0.9700312531945454 0
    outer loop
      vertex 426.52399455558594 -5.023936762594096 25.25
      vertex 426.52399455558594 -5.023936762594096 20.25
      vertex 426.0242241905847 -5.14912272211696 25.25
    endloop
  endfacet
  facet normal -0.33688985339224076 0.9415440651830135 0
    outer loop
      vertex 427.0090880199167 -4.850367545684255 25.25
      vertex 427.0090880199167 -4.850367545684255 20.25
      vertex 426.52399455558594 -5.023936762594096 25.25
    endloop
  endfacet
  facet normal 0.5141027441932157 0.8577286100002757 0
    outer loop
      vertex 422.5251671316635 -4.630086637828864 20.25
      vertex 422.0832562766471 -4.3652154645883625 25.25
      vertex 422.5251671316635 -4.630086637828864 25.25
    endloop
  endfacet
  facet normal -0.4275550934302761 0.9039892931234461 0
    outer loop
      vertex 427.4748328683365 -4.630086637828864 25.25
      vertex 427.4748328683365 -4.630086637828864 20.25
      vertex 427.0090880199167 -4.850367545684255 25.25
    endloop
  endfacet
  facet normal -0.5141027441932157 0.8577286100002757 0
    outer loop
      vertex 427.9167437233529 -4.3652154645883625 25.25
      vertex 427.9167437233529 -4.3652154645883625 20.25
      vertex 427.4748328683365 -4.630086637828864 25.25
    endloop
  endfacet
  facet normal -0.5956993044924468 0.803207531480635 0
    outer loop
      vertex 428.3305647418591 -4.0583048801543695 25.25
      vertex 428.3305647418591 -4.0583048801543695 20.25
      vertex 427.9167437233529 -4.3652154645883625 25.25
    endloop
  endfacet
  facet normal 0.8577286100002544 0.5141027441932513 0
    outer loop
      vertex 420.36991336217113 -2.4748328683364877 25.25
      vertex 420.63478453541165 -2.916743723352911 25.25
      vertex 420.63478453541165 -2.916743723352911 20.25
    endloop
  endfacet
  facet normal 0.9039892931234393 0.4275550934302905 0
    outer loop
      vertex 420.14963245431574 -2.0090880199167214 25.25
      vertex 420.36991336217113 -2.4748328683364877 25.25
      vertex 420.36991336217113 -2.4748328683364877 20.25
    endloop
  endfacet
  facet normal 0.9415440651830389 0.33688985339216904 0
    outer loop
      vertex 419.9760632374059 -1.5239945555859273 25.25
      vertex 420.14963245431574 -2.0090880199167214 25.25
      vertex 420.14963245431574 -2.0090880199167214 20.25
    endloop
  endfacet
  facet normal 0.9700312531945424 0.2429801799032699 0
    outer loop
      vertex 419.85087727788306 -1.0242241905846734 25.25
      vertex 419.9760632374059 -1.5239945555859273 25.25
      vertex 419.9760632374059 -1.5239945555859273 20.25
    endloop
  endfacet
  facet normal 0.9891765099647684 0.14673047445544768 0
    outer loop
      vertex 419.77528018497094 -0.5145899867301932 25.25
      vertex 419.85087727788306 -1.0242241905846734 25.25
      vertex 419.85087727788306 -1.0242241905846734 20.25
    endloop
  endfacet
  facet normal 0.9987954562051751 0.04906767432736416 0
    outer loop
      vertex 419.75 0 25.25
      vertex 419.77528018497094 -0.5145899867301932 25.25
      vertex 419.77528018497094 -0.5145899867301932 20.25
    endloop
  endfacet
  facet normal 0 0 -1
    outer loop
      vertex 500.25 -20.25 20.25
      vertex 425.5145899867302 -5.224719815029034 20.25
      vertex 426.0242241905847 -5.14912272211696 20.25
    endloop
  endfacet
  facet normal 0 0 -1
    outer loop
      vertex 500.25 -20.25 20.25
      vertex 426.0242241905847 -5.14912272211696 20.25
      vertex 426.52399455558594 -5.023936762594096 20.25
    endloop
  endfacet
  facet normal 0 0 -1
    outer loop
      vertex 500.25 -20.25 20.25
      vertex 426.52399455558594 -5.023936762594096 20.25
      vertex 427.0090880199167 -4.850367545684255 20.25
    endloop
  endfacet
  facet normal 0 0 -1
    outer loop
      vertex 500.25 -20.25 20.25
      vertex 427.0090880199167 -4.850367545684255 20.25
      vertex 427.4748328683365 -4.630086637828864 20.25
    endloop
  endfacet
  facet normal 0 0 1
    outer loop
      vertex 500.25 -20.25 25.25
      vertex 425 -5.25 25.25
      vertex 376.52399455558594 -5.023936762594096 25.25
    endloop
  endfacet
  facet normal 0 0 1
    outer loop
      vertex 500.25 -20.25 25.25
      vertex 425.5145899867302 -5.224719815029034 25.25
      vertex 425 -5.25 25.25
    endloop
  endfacet
  facet normal 0 0 1
    outer loop
      vertex 500.25 -20.25 25.25
      vertex 426.0242241905847 -5.14912272211696 25.25
      vertex 425.5145899867302 -5.224719815029034 25.25
    endloop
  endfacet
  facet normal 0 0 1
    outer loop
      vertex 500.25 -20.25 25.25
      vertex 426.52399455558594 -5.023936762594096 25.25
      vertex 426.0242241905847 -5.14912272211696 25.25
    endloop
  endfacet
  facet normal -0.6715589548469996 0.7409511253549762 0
    outer loop
      vertex 428.3305647418591 -4.0583048801543695 25.25
      vertex 428.7123106012294 -3.7123106012293747 20.25
      vertex 428.3305647418591 -4.0583048801543695 20.25
    endloop
  endfacet
  facet normal -0.7409511253549629 0.6715589548470142 0
    outer loop
      vertex 428.7123106012294 -3.7123106012293747 20.25
      vertex 428.7123106012294 -3.7123106012293747 25.25
      vertex 429.05830488015437 -3.330564741859139 20.25
    endloop
  endfacet
  facet normal -0.8032075314806589 0.5956993044924146 0
    outer loop
      vertex 429.05830488015437 -3.330564741859139 25.25
      vertex 429.36521546458835 -2.916743723352911 20.25
      vertex 429.05830488015437 -3.330564741859139 20.25
    endloop
  endfacet
  facet normal -0.8577286100002544 0.5141027441932513 0
    outer loop
      vertex 429.36521546458835 -2.916743723352911 25.25
      vertex 429.63008663782887 -2.4748328683364877 20.25
      vertex 429.36521546458835 -2.916743723352911 20.25
    endloop
  endfacet
  facet normal -0.9039892931234393 0.4275550934302905 0
    outer loop
      vertex 429.63008663782887 -2.4748328683364877 25.25
      vertex 429.85036754568426 -2.0090880199167214 20.25
      vertex 429.63008663782887 -2.4748328683364877 20.25
    endloop
  endfacet
  facet normal -0.9415440651830389 0.33688985339216904 0
    outer loop
      vertex 429.85036754568426 -2.0090880199167214 25.25
      vertex 430.0239367625941 -1.5239945555859273 20.25
      vertex 429.85036754568426 -2.0090880199167214 20.25
    endloop
  endfacet
  facet normal -0.9700312531945424 0.2429801799032699 0
    outer loop
      vertex 430.0239367625941 -1.5239945555859273 25.25
      vertex 430.14912272211694 -1.0242241905846734 20.25
      vertex 430.0239367625941 -1.5239945555859273 20.25
    endloop
  endfacet
  facet normal -0.9891765099647684 0.14673047445544768 0
    outer loop
      vertex 430.14912272211694 -1.0242241905846734 25.25
      vertex 430.22471981502906 -0.5145899867301932 20.25
      vertex 430.14912272211694 -1.0242241905846734 20.25
    endloop
  endfacet
  facet normal -0.9987954562051751 0.04906767432736416 0
    outer loop
      vertex 430.22471981502906 -0.5145899867301932 20.25
      vertex 430.22471981502906 -0.5145899867301932 25.25
      vertex 430.25 0 20.25
    endloop
  endfacet
  facet normal 0 0 -1
    outer loop
      vertex 427.4748328683365 -4.630086637828864 20.25
      vertex 427.9167437233529 -4.3652154645883625 20.25
      vertex 472.5251671316635 -4.630086637828864 20.25
    endloop
  endfacet
  facet normal 0 0 -1
    outer loop
      vertex 427.9167437233529 -4.3652154645883625 20.25
      vertex 428.3305647418591 -4.0583048801543695 20.25
      vertex 472.0832562766471 -4.3652154645883625 20.25
    endloop
  endfacet
  facet normal 0 0 -1
    outer loop
      vertex 428.3305647418591 -4.0583048801543695 20.25
      vertex 428.7123106012294 -3.7123106012293747 20.25
      vertex 471.6694352581409 -4.0583048801543695 20.25
    endloop
  endfacet
  facet normal 0 0 -1
    outer loop
      vertex 428.7123106012294 -3.7123106012293747 20.25
      vertex 429.05830488015437 -3.330564741859139 20.25
      vertex 471.2876893987706 -3.7123106012293747 20.25
    endloop
  endfacet
  facet normal 0 0 -1
    outer loop
      vertex 429.36521546458835 -2.916743723352911 20.25
      vertex 470.94169511984563 -3.330564741859139 20.25
      vertex 429.05830488015437 -3.330564741859139 20.25
    endloop
  endfacet
  facet normal 0 0 -1
    outer loop
      vertex 429.63008663782887 -2.4748328683364877 20.25
      vertex 470.63478453541165 -2.916743723352911 20.25
      vertex 429.36521546458835 -2.916743723352911 20.25
    endloop
  endfacet
  facet normal 0 0 -1
    outer loop
      vertex 429.85036754568426 -2.0090880199167214 20.25
      vertex 470.36991336217113 -2.4748328683364877 20.25
      vertex 429.63008663782887 -2.4748328683364877 20.25
    endloop
  endfacet
  facet normal 0 0 -1
    outer loop
      vertex 430.0239367625941 -1.5239945555859273 20.25
      vertex 470.14963245431574 -2.0090880199167214 20.25
      vertex 429.85036754568426 -2.0090880199167214 20.25
    endloop
  endfacet
  facet normal 0 0 -1
    outer loop
      vertex 430.14912272211694 -1.0242241905846734 20.25
      vertex 469.9760632374059 -1.5239945555859273 20.25
      vertex 430.0239367625941 -1.5239945555859273 20.25
    endloop
  endfacet
  facet normal 0 0 -1
    outer loop
      vertex 430.22471981502906 -0.5145899867301932 20.25
      vertex 469.85087727788306 -1.0242241905846734 20.25
      vertex 430.14912272211694 -1.0242241905846734 20.25
    endloop
  endfacet
  facet normal 0 0 -1
    outer loop
      vertex 469.77528018497094 -0.5145899867301932 20.25
      vertex 430.22471981502906 -0.5145899867301932 20.25
      vertex 430.25 0 20.25
    endloop
  endfacet
  facet normal -0.6715589548469996 0.7409511253549762 0
    outer loop
      vertex 428.7123106012294 -3.7123106012293747 25.25
      vertex 428.7123106012294 -3.7123106012293747 20.25
      vertex 428.3305647418591 -4.0583048801543695 25.25
    endloop
  endfacet
  facet normal -0.7409511253549629 0.6715589548470142 0
    outer loop
      vertex 428.7123106012294 -3.7123106012293747 25.25
      vertex 429.05830488015437 -3.330564741859139 25.25
      vertex 429.05830488015437 -3.330564741859139 20.25
    endloop
  endfacet
  facet normal -0.8032075314806589 0.5956993044924146 0
    outer loop
      vertex 429.05830488015437 -3.330564741859139 25.25
      vertex 429.36521546458835 -2.916743723352911 25.25
      vertex 429.36521546458835 -2.916743723352911 20.25
    endloop
  endfacet
  facet normal -0.8577286100002544 0.5141027441932513 0
    outer loop
      vertex 429.36521546458835 -2.916743723352911 25.25
      vertex 429.63008663782887 -2.4748328683364877 25.25
      vertex 429.63008663782887 -2.4748328683364877 20.25
    endloop
  endfacet
  facet normal -0.9039892931234393 0.4275550934302905 0
    outer loop
      vertex 429.63008663782887 -2.4748328683364877 25.25
      vertex 429.85036754568426 -2.0090880199167214 25.25
      vertex 429.85036754568426 -2.0090880199167214 20.25
    endloop
  endfacet
  facet normal -0.9415440651830389 0.33688985339216904 0
    outer loop
      vertex 429.85036754568426 -2.0090880199167214 25.25
      vertex 430.0239367625941 -1.5239945555859273 25.25
      vertex 430.0239367625941 -1.5239945555859273 20.25
    endloop
  endfacet
  facet normal -0.9700312531945424 0.2429801799032699 0
    outer loop
      vertex 430.0239367625941 -1.5239945555859273 25.25
      vertex 430.14912272211694 -1.0242241905846734 25.25
      vertex 430.14912272211694 -1.0242241905846734 20.25
    endloop
  endfacet
  facet normal -0.9891765099647684 0.14673047445544768 0
    outer loop
      vertex 430.14912272211694 -1.0242241905846734 25.25
      vertex 430.22471981502906 -0.5145899867301932 25.25
      vertex 430.22471981502906 -0.5145899867301932 20.25
    endloop
  endfacet
  facet normal -0.9987954562051751 0.04906767432736416 0
    outer loop
      vertex 430.22471981502906 -0.5145899867301932 25.25
      vertex 430.25 0 25.25
      vertex 430.25 0 20.25
    endloop
  endfacet
  facet normal 0 0 1
    outer loop
      vertex 427.0090880199167 -4.850367545684255 25.25
      vertex 426.52399455558594 -5.023936762594096 25.25
      vertex 472.9909119800833 -4.850367545684255 25.25
    endloop
  endfacet
  facet normal 0 0 1
    outer loop
      vertex 427.4748328683365 -4.630086637828864 25.25
      vertex 427.0090880199167 -4.850367545684255 25.25
      vertex 472.5251671316635 -4.630086637828864 25.25
    endloop
  endfacet
  facet normal 0 0 1
    outer loop
      vertex 427.9167437233529 -4.3652154645883625 25.25
      vertex 427.4748328683365 -4.630086637828864 25.25
      vertex 472.0832562766471 -4.3652154645883625 25.25
    endloop
  endfacet
  facet normal 0 0 1
    outer loop
      vertex 428.3305647418591 -4.0583048801543695 25.25
      vertex 427.9167437233529 -4.3652154645883625 25.25
      vertex 471.6694352581409 -4.0583048801543695 25.25
    endloop
  endfacet
  facet normal 0 0 1
    outer loop
      vertex 428.7123106012294 -3.7123106012293747 25.25
      vertex 428.3305647418591 -4.0583048801543695 25.25
      vertex 471.2876893987706 -3.7123106012293747 25.25
    endloop
  endfacet
  facet normal 0 0 1
    outer loop
      vertex 428.7123106012294 -3.7123106012293747 25.25
      vertex 470.94169511984563 -3.330564741859139 25.25
      vertex 429.05830488015437 -3.330564741859139 25.25
    endloop
  endfacet
  facet normal 0 0 1
    outer loop
      vertex 429.05830488015437 -3.330564741859139 25.25
      vertex 470.63478453541165 -2.916743723352911 25.25
      vertex 429.36521546458835 -2.916743723352911 25.25
    endloop
  endfacet
  facet normal 0 0 1
    outer loop
      vertex 429.36521546458835 -2.916743723352911 25.25
      vertex 470.36991336217113 -2.4748328683364877 25.25
      vertex 429.63008663782887 -2.4748328683364877 25.25
    endloop
  endfacet
  facet normal 0 0 1
    outer loop
      vertex 429.63008663782887 -2.4748328683364877 25.25
      vertex 470.14963245431574 -2.0090880199167214 25.25
      vertex 429.85036754568426 -2.0090880199167214 25.25
    endloop
  endfacet
  facet normal 0 0 1
    outer loop
      vertex 429.85036754568426 -2.0090880199167214 25.25
      vertex 469.9760632374059 -1.5239945555859273 25.25
      vertex 430.0239367625941 -1.5239945555859273 25.25
    endloop
  endfacet
  facet normal 0 0 1
    outer loop
      vertex 430.0239367625941 -1.5239945555859273 25.25
      vertex 469.85087727788306 -1.0242241905846734 25.25
      vertex 430.14912272211694 -1.0242241905846734 25.25
    endloop
  endfacet
  facet normal 0 0 1
    outer loop
      vertex 430.14912272211694 -1.0242241905846734 25.25
      vertex 469.77528018497094 -0.5145899867301932 25.25
      vertex 430.22471981502906 -0.5145899867301932 25.25
    endloop
  endfacet
  facet normal 0 0 1
    outer loop
      vertex 469.75 0 25.25
      vertex 430.25 0 25.25
      vertex 430.22471981502906 -0.5145899867301932 25.25
    endloop
  endfacet
  facet normal 0 -1 0
    outer loop
      vertex 500.25 -25.25 0.25
      vertex 505.25 -25.25 25.25
      vertex 500.25 -25.25 20.25
    endloop
  endfacet
  facet normal 0 -1 0
    outer loop
      vertex 500.25 -25.25 20.25
      vertex 505.25 -25.25 25.25
      vertex 500.25 -25.25 25.25
    endloop
  endfacet
  facet normal 0 0 1
    outer loop
      vertex 500.25 -25.25 25.25
      vertex 505.25 -25.25 25.25
      vertex 500.25 -20.25 25.25
    endloop
  endfacet
  facet normal 0 0 -1
    outer loop
      vertex 500.25 -20.25 20.25
      vertex 427.4748328683365 -4.630086637828864 20.25
      vertex 472.5251671316635 -4.630086637828864 20.25
    endloop
  endfacet
  facet normal 0 0 1
    outer loop
      vertex 500.25 -20.25 25.25
      vertex 473.47600544441406 -5.023936762594096 25.25
      vertex 426.52399455558594 -5.023936762594096 25.25
    endloop
  endfacet
  facet normal 0 0 -1
    outer loop
      vertex 429.05830488015437 -3.330564741859139 20.25
      vertex 470.94169511984563 -3.330564741859139 20.25
      vertex 471.2876893987706 -3.7123106012293747 20.25
    endloop
  endfacet
  facet normal 0 0 -1
    outer loop
      vertex 472.0832562766471 -4.3652154645883625 20.25
      vertex 472.5251671316635 -4.630086637828864 20.25
      vertex 427.9167437233529 -4.3652154645883625 20.25
    endloop
  endfacet
  facet normal 0 0 -1
    outer loop
      vertex 428.3305647418591 -4.0583048801543695 20.25
      vertex 471.6694352581409 -4.0583048801543695 20.25
      vertex 472.0832562766471 -4.3652154645883625 20.25
    endloop
  endfacet
  facet normal 0 0 -1
    outer loop
      vertex 428.7123106012294 -3.7123106012293747 20.25
      vertex 471.2876893987706 -3.7123106012293747 20.25
      vertex 471.6694352581409 -4.0583048801543695 20.25
    endloop
  endfacet
  facet normal 0 0 -1
    outer loop
      vertex 470.94169511984563 -3.330564741859139 20.25
      vertex 429.36521546458835 -2.916743723352911 20.25
      vertex 470.63478453541165 -2.916743723352911 20.25
    endloop
  endfacet
  facet normal 0 0 -1
    outer loop
      vertex 470.63478453541165 -2.916743723352911 20.25
      vertex 429.63008663782887 -2.4748328683364877 20.25
      vertex 470.36991336217113 -2.4748328683364877 20.25
    endloop
  endfacet
  facet normal 0 0 -1
    outer loop
      vertex 470.36991336217113 -2.4748328683364877 20.25
      vertex 429.85036754568426 -2.0090880199167214 20.25
      vertex 470.14963245431574 -2.0090880199167214 20.25
    endloop
  endfacet
  facet normal 0 0 -1
    outer loop
      vertex 430.0239367625941 -1.5239945555859273 20.25
      vertex 469.9760632374059 -1.5239945555859273 20.25
      vertex 470.14963245431574 -2.0090880199167214 20.25
    endloop
  endfacet
  facet normal 0 0 -1
    outer loop
      vertex 430.14912272211694 -1.0242241905846734 20.25
      vertex 469.85087727788306 -1.0242241905846734 20.25
      vertex 469.9760632374059 -1.5239945555859273 20.25
    endloop
  endfacet
  facet normal 0 0 -1
    outer loop
      vertex 469.85087727788306 -1.0242241905846734 20.25
      vertex 430.22471981502906 -0.5145899867301932 20.25
      vertex 469.77528018497094 -0.5145899867301932 20.25
    endloop
  endfacet
  facet normal 0 0 -1
    outer loop
      vertex 469.77528018497094 -0.5145899867301932 20.25
      vertex 430.25 0 20.25
      vertex 469.75 0 20.25
    endloop
  endfacet
  facet normal 0.33688985339224076 0.9415440651830135 0
    outer loop
      vertex 472.9909119800833 -4.850367545684255 25.25
      vertex 473.47600544441406 -5.023936762594096 20.25
      vertex 472.9909119800833 -4.850367545684255 20.25
    endloop
  endfacet
  facet normal 0.5141027441932157 0.8577286100002757 0
    outer loop
      vertex 472.0832562766471 -4.3652154645883625 25.25
      vertex 472.5251671316635 -4.630086637828864 20.25
      vertex 472.0832562766471 -4.3652154645883625 20.25
    endloop
  endfacet
  facet normal 0.4275550934302761 0.9039892931234461 0
    outer loop
      vertex 472.5251671316635 -4.630086637828864 25.25
      vertex 472.9909119800833 -4.850367545684255 20.25
      vertex 472.5251671316635 -4.630086637828864 20.25
    endloop
  endfacet
  facet normal 0.5956993044924468 0.803207531480635 0
    outer loop
      vertex 471.6694352581409 -4.0583048801543695 25.25
      vertex 472.0832562766471 -4.3652154645883625 20.25
      vertex 471.6694352581409 -4.0583048801543695 20.25
    endloop
  endfacet
  facet normal 0.6715589548469996 0.7409511253549762 0
    outer loop
      vertex 471.6694352581409 -4.0583048801543695 20.25
      vertex 471.2876893987706 -3.7123106012293747 20.25
      vertex 471.2876893987706 -3.7123106012293747 25.25
    endloop
  endfacet
  facet normal 0.7409511253549629 0.6715589548470142 0
    outer loop
      vertex 470.94169511984563 -3.330564741859139 25.25
      vertex 471.2876893987706 -3.7123106012293747 20.25
      vertex 470.94169511984563 -3.330564741859139 20.25
    endloop
  endfacet
  facet normal 0.14673047445535914 0.9891765099647812 0
    outer loop
      vertex 473.9757758094153 -5.14912272211696 25.25
      vertex 474.4854100132698 -5.224719815029034 20.25
      vertex 473.9757758094153 -5.14912272211696 20.25
    endloop
  endfacet
  facet normal 0.04906767432741812 0.9987954562051724 0
    outer loop
      vertex 474.4854100132698 -5.224719815029034 25.25
      vertex 475 -5.25 20.25
      vertex 474.4854100132698 -5.224719815029034 20.25
    endloop
  endfacet
  facet normal 0.24298017990325857 0.9700312531945454 0
    outer loop
      vertex 473.47600544441406 -5.023936762594096 25.25
      vertex 473.9757758094153 -5.14912272211696 20.25
      vertex 473.47600544441406 -5.023936762594096 20.25
    endloop
  endfacet
  facet normal -0.04906767432741812 0.9987954562051724 0
    outer loop
      vertex 475 -5.25 25.25
      vertex 475.5145899867302 -5.224719815029034 20.25
      vertex 475 -5.25 20.25
    endloop
  endfacet
  facet normal -0.14673047445535914 0.9891765099647812 0
    outer loop
      vertex 475.5145899867302 -5.224719815029034 25.25
      vertex 476.0242241905847 -5.14912272211696 20.25
      vertex 475.5145899867302 -5.224719815029034 20.25
    endloop
  endfacet
  facet normal -0.24298017990325857 0.9700312531945454 0
    outer loop
      vertex 476.0242241905847 -5.14912272211696 25.25
      vertex 476.52399455558594 -5.023936762594096 20.25
      vertex 476.0242241905847 -5.14912272211696 20.25
    endloop
  endfacet
  facet normal -0.33688985339224076 0.9415440651830135 0
    outer loop
      vertex 476.52399455558594 -5.023936762594096 25.25
      vertex 477.0090880199167 -4.850367545684255 20.25
      vertex 476.52399455558594 -5.023936762594096 20.25
    endloop
  endfacet
  facet normal -0.4275550934302761 0.9039892931234461 0
    outer loop
      vertex 477.0090880199167 -4.850367545684255 25.25
      vertex 477.4748328683365 -4.630086637828864 20.25
      vertex 477.0090880199167 -4.850367545684255 20.25
    endloop
  endfacet
  facet normal -0.5141027441932157 0.8577286100002757 0
    outer loop
      vertex 477.4748328683365 -4.630086637828864 25.25
      vertex 477.9167437233529 -4.3652154645883625 20.25
      vertex 477.4748328683365 -4.630086637828864 20.25
    endloop
  endfacet
  facet normal -0.5956993044924468 0.803207531480635 0
    outer loop
      vertex 477.9167437233529 -4.3652154645883625 25.25
      vertex 478.3305647418591 -4.0583048801543695 20.25
      vertex 477.9167437233529 -4.3652154645883625 20.25
    endloop
  endfacet
  facet normal -0.6715589548469996 0.7409511253549762 0
    outer loop
      vertex 478.3305647418591 -4.0583048801543695 25.25
      vertex 478.7123106012294 -3.7123106012293747 20.25
      vertex 478.3305647418591 -4.0583048801543695 20.25
    endloop
  endfacet
  facet normal -0.7409511253549629 0.6715589548470142 0
    outer loop
      vertex 478.7123106012294 -3.7123106012293747 20.25
      vertex 478.7123106012294 -3.7123106012293747 25.25
      vertex 479.05830488015437 -3.330564741859139 20.25
    endloop
  endfacet
  facet normal -0.8032075314806589 0.5956993044924146 0
    outer loop
      vertex 479.05830488015437 -3.330564741859139 25.25
      vertex 479.36521546458835 -2.916743723352911 20.25
      vertex 479.05830488015437 -3.330564741859139 20.25
    endloop
  endfacet
  facet normal 0.8032075314806589 0.5956993044924146 0
    outer loop
      vertex 470.63478453541165 -2.916743723352911 25.25
      vertex 470.94169511984563 -3.330564741859139 20.25
      vertex 470.63478453541165 -2.916743723352911 20.25
    endloop
  endfacet
  facet normal 0.8577286100002544 0.5141027441932513 0
    outer loop
      vertex 470.36991336217113 -2.4748328683364877 25.25
      vertex 470.63478453541165 -2.916743723352911 20.25
      vertex 470.36991336217113 -2.4748328683364877 20.25
    endloop
  endfacet
  facet normal 0.9039892931234393 0.4275550934302905 0
    outer loop
      vertex 470.14963245431574 -2.0090880199167214 25.25
      vertex 470.36991336217113 -2.4748328683364877 20.25
      vertex 470.14963245431574 -2.0090880199167214 20.25
    endloop
  endfacet
  facet normal 0.9415440651830389 0.33688985339216904 0
    outer loop
      vertex 469.9760632374059 -1.5239945555859273 25.25
      vertex 470.14963245431574 -2.0090880199167214 20.25
      vertex 469.9760632374059 -1.5239945555859273 20.25
    endloop
  endfacet
  facet normal 0.9700312531945424 0.2429801799032699 0
    outer loop
      vertex 469.85087727788306 -1.0242241905846734 25.25
      vertex 469.9760632374059 -1.5239945555859273 20.25
      vertex 469.85087727788306 -1.0242241905846734 20.25
    endloop
  endfacet
  facet normal 0.9891765099647684 0.14673047445544768 0
    outer loop
      vertex 469.77528018497094 -0.5145899867301932 25.25
      vertex 469.85087727788306 -1.0242241905846734 20.25
      vertex 469.77528018497094 -0.5145899867301932 20.25
    endloop
  endfacet
  facet normal 0.9987954562051751 0.04906767432736416 0
    outer loop
      vertex 469.75 0 25.25
      vertex 469.77528018497094 -0.5145899867301932 20.25
      vertex 469.75 0 20.25
    endloop
  endfacet
  facet normal -0.8577286100002544 0.5141027441932513 0
    outer loop
      vertex 479.36521546458835 -2.916743723352911 25.25
      vertex 479.63008663782887 -2.4748328683364877 20.25
      vertex 479.36521546458835 -2.916743723352911 20.25
    endloop
  endfacet
  facet normal 0 0 1
    outer loop
      vertex 426.52399455558594 -5.023936762594096 25.25
      vertex 473.47600544441406 -5.023936762594096 25.25
      vertex 472.9909119800833 -4.850367545684255 25.25
    endloop
  endfacet
  facet normal 0 0 1
    outer loop
      vertex 427.0090880199167 -4.850367545684255 25.25
      vertex 472.9909119800833 -4.850367545684255 25.25
      vertex 472.5251671316635 -4.630086637828864 25.25
    endloop
  endfacet
  facet normal 0 0 1
    outer loop
      vertex 428.3305647418591 -4.0583048801543695 25.25
      vertex 471.6694352581409 -4.0583048801543695 25.25
      vertex 471.2876893987706 -3.7123106012293747 25.25
    endloop
  endfacet
  facet normal 0 0 1
    outer loop
      vertex 428.7123106012294 -3.7123106012293747 25.25
      vertex 471.2876893987706 -3.7123106012293747 25.25
      vertex 470.94169511984563 -3.330564741859139 25.25
    endloop
  endfacet
  facet normal 0 0 1
    outer loop
      vertex 429.05830488015437 -3.330564741859139 25.25
      vertex 470.94169511984563 -3.330564741859139 25.25
      vertex 470.63478453541165 -2.916743723352911 25.25
    endloop
  endfacet
  facet normal 0 0 1
    outer loop
      vertex 427.4748328683365 -4.630086637828864 25.25
      vertex 472.5251671316635 -4.630086637828864 25.25
      vertex 472.0832562766471 -4.3652154645883625 25.25
    endloop
  endfacet
  facet normal 0 0 1
    outer loop
      vertex 427.9167437233529 -4.3652154645883625 25.25
      vertex 472.0832562766471 -4.3652154645883625 25.25
      vertex 471.6694352581409 -4.0583048801543695 25.25
    endloop
  endfacet
  facet normal 0 0 1
    outer loop
      vertex 429.36521546458835 -2.916743723352911 25.25
      vertex 470.63478453541165 -2.916743723352911 25.25
      vertex 470.36991336217113 -2.4748328683364877 25.25
    endloop
  endfacet
  facet normal 0 0 1
    outer loop
      vertex 429.63008663782887 -2.4748328683364877 25.25
      vertex 470.36991336217113 -2.4748328683364877 25.25
      vertex 470.14963245431574 -2.0090880199167214 25.25
    endloop
  endfacet
  facet normal 0 0 1
    outer loop
      vertex 429.85036754568426 -2.0090880199167214 25.25
      vertex 470.14963245431574 -2.0090880199167214 25.25
      vertex 469.9760632374059 -1.5239945555859273 25.25
    endloop
  endfacet
  facet normal 0 0 1
    outer loop
      vertex 430.0239367625941 -1.5239945555859273 25.25
      vertex 469.9760632374059 -1.5239945555859273 25.25
      vertex 469.85087727788306 -1.0242241905846734 25.25
    endloop
  endfacet
  facet normal 0 0 1
    outer loop
      vertex 430.14912272211694 -1.0242241905846734 25.25
      vertex 469.85087727788306 -1.0242241905846734 25.25
      vertex 469.77528018497094 -0.5145899867301932 25.25
    endloop
  endfacet
  facet normal 0 0 1
    outer loop
      vertex 469.75 0 25.25
      vertex 430.22471981502906 -0.5145899867301932 25.25
      vertex 469.77528018497094 -0.5145899867301932 25.25
    endloop
  endfacet
  facet normal 0.4275550934302761 0.9039892931234461 0
    outer loop
      vertex 472.9909119800833 -4.850367545684255 25.25
      vertex 472.9909119800833 -4.850367545684255 20.25
      vertex 472.5251671316635 -4.630086637828864 25.25
    endloop
  endfacet
  facet normal 0.5141027441932157 0.8577286100002757 0
    outer loop
      vertex 472.5251671316635 -4.630086637828864 25.25
      vertex 472.5251671316635 -4.630086637828864 20.25
      vertex 472.0832562766471 -4.3652154645883625 25.25
    endloop
  endfacet
  facet normal 0.5956993044924468 0.803207531480635 0
    outer loop
      vertex 472.0832562766471 -4.3652154645883625 25.25
      vertex 472.0832562766471 -4.3652154645883625 20.25
      vertex 471.6694352581409 -4.0583048801543695 25.25
    endloop
  endfacet
  facet normal 0.6715589548469996 0.7409511253549762 0
    outer loop
      vertex 471.6694352581409 -4.0583048801543695 25.25
      vertex 471.6694352581409 -4.0583048801543695 20.25
      vertex 471.2876893987706 -3.7123106012293747 25.25
    endloop
  endfacet
  facet normal 0.7409511253549629 0.6715589548470142 0
    outer loop
      vertex 470.94169511984563 -3.330564741859139 25.25
      vertex 471.2876893987706 -3.7123106012293747 25.25
      vertex 471.2876893987706 -3.7123106012293747 20.25
    endloop
  endfacet
  facet normal 0.8032075314806589 0.5956993044924146 0
    outer loop
      vertex 470.63478453541165 -2.916743723352911 25.25
      vertex 470.94169511984563 -3.330564741859139 25.25
      vertex 470.94169511984563 -3.330564741859139 20.25
    endloop
  endfacet
  facet normal 0.14673047445535914 0.9891765099647812 0
    outer loop
      vertex 474.4854100132698 -5.224719815029034 25.25
      vertex 474.4854100132698 -5.224719815029034 20.25
      vertex 473.9757758094153 -5.14912272211696 25.25
    endloop
  endfacet
  facet normal 0.33688985339224076 0.9415440651830135 0
    outer loop
      vertex 473.47600544441406 -5.023936762594096 25.25
      vertex 473.47600544441406 -5.023936762594096 20.25
      vertex 472.9909119800833 -4.850367545684255 25.25
    endloop
  endfacet
  facet normal 0.24298017990325857 0.9700312531945454 0
    outer loop
      vertex 473.9757758094153 -5.14912272211696 25.25
      vertex 473.9757758094153 -5.14912272211696 20.25
      vertex 473.47600544441406 -5.023936762594096 25.25
    endloop
  endfacet
  facet normal 0.04906767432741812 0.9987954562051724 0
    outer loop
      vertex 475 -5.25 25.25
      vertex 475 -5.25 20.25
      vertex 474.4854100132698 -5.224719815029034 25.25
    endloop
  endfacet
  facet normal -0.04906767432741812 0.9987954562051724 0
    outer loop
      vertex 475.5145899867302 -5.224719815029034 25.25
      vertex 475.5145899867302 -5.224719815029034 20.25
      vertex 475 -5.25 25.25
    endloop
  endfacet
  facet normal -0.14673047445535914 0.9891765099647812 0
    outer loop
      vertex 476.0242241905847 -5.14912272211696 25.25
      vertex 476.0242241905847 -5.14912272211696 20.25
      vertex 475.5145899867302 -5.224719815029034 25.25
    endloop
  endfacet
  facet normal -0.24298017990325857 0.9700312531945454 0
    outer loop
      vertex 476.52399455558594 -5.023936762594096 25.25
      vertex 476.52399455558594 -5.023936762594096 20.25
      vertex 476.0242241905847 -5.14912272211696 25.25
    endloop
  endfacet
  facet normal -0.33688985339224076 0.9415440651830135 0
    outer loop
      vertex 477.0090880199167 -4.850367545684255 25.25
      vertex 477.0090880199167 -4.850367545684255 20.25
      vertex 476.52399455558594 -5.023936762594096 25.25
    endloop
  endfacet
  facet normal -0.4275550934302761 0.9039892931234461 0
    outer loop
      vertex 477.4748328683365 -4.630086637828864 25.25
      vertex 477.4748328683365 -4.630086637828864 20.25
      vertex 477.0090880199167 -4.850367545684255 25.25
    endloop
  endfacet
  facet normal -0.5141027441932157 0.8577286100002757 0
    outer loop
      vertex 477.9167437233529 -4.3652154645883625 25.25
      vertex 477.9167437233529 -4.3652154645883625 20.25
      vertex 477.4748328683365 -4.630086637828864 25.25
    endloop
  endfacet
  facet normal -0.5956993044924468 0.803207531480635 0
    outer loop
      vertex 478.3305647418591 -4.0583048801543695 25.25
      vertex 478.3305647418591 -4.0583048801543695 20.25
      vertex 477.9167437233529 -4.3652154645883625 25.25
    endloop
  endfacet
  facet normal -0.6715589548469996 0.7409511253549762 0
    outer loop
      vertex 478.7123106012294 -3.7123106012293747 25.25
      vertex 478.7123106012294 -3.7123106012293747 20.25
      vertex 478.3305647418591 -4.0583048801543695 25.25
    endloop
  endfacet
  facet normal -0.7409511253549629 0.6715589548470142 0
    outer loop
      vertex 478.7123106012294 -3.7123106012293747 25.25
      vertex 479.05830488015437 -3.330564741859139 25.25
      vertex 479.05830488015437 -3.330564741859139 20.25
    endloop
  endfacet
  facet normal 0.8577286100002544 0.5141027441932513 0
    outer loop
      vertex 470.36991336217113 -2.4748328683364877 25.25
      vertex 470.63478453541165 -2.916743723352911 25.25
      vertex 470.63478453541165 -2.916743723352911 20.25
    endloop
  endfacet
  facet normal 0.9039892931234393 0.4275550934302905 0
    outer loop
      vertex 470.14963245431574 -2.0090880199167214 25.25
      vertex 470.36991336217113 -2.4748328683364877 25.25
      vertex 470.36991336217113 -2.4748328683364877 20.25
    endloop
  endfacet
  facet normal 0.9415440651830389 0.33688985339216904 0
    outer loop
      vertex 469.9760632374059 -1.5239945555859273 25.25
      vertex 470.14963245431574 -2.0090880199167214 25.25
      vertex 470.14963245431574 -2.0090880199167214 20.25
    endloop
  endfacet
  facet normal 0.9700312531945424 0.2429801799032699 0
    outer loop
      vertex 469.85087727788306 -1.0242241905846734 25.25
      vertex 469.9760632374059 -1.5239945555859273 25.25
      vertex 469.9760632374059 -1.5239945555859273 20.25
    endloop
  endfacet
  facet normal 0.9891765099647684 0.14673047445544768 0
    outer loop
      vertex 469.77528018497094 -0.5145899867301932 25.25
      vertex 469.85087727788306 -1.0242241905846734 25.25
      vertex 469.85087727788306 -1.0242241905846734 20.25
    endloop
  endfacet
  facet normal 0.9987954562051751 0.04906767432736416 0
    outer loop
      vertex 469.75 0 25.25
      vertex 469.77528018497094 -0.5145899867301932 25.25
      vertex 469.77528018497094 -0.5145899867301932 20.25
    endloop
  endfacet
  facet normal -0.8032075314806589 0.5956993044924146 0
    outer loop
      vertex 479.05830488015437 -3.330564741859139 25.25
      vertex 479.36521546458835 -2.916743723352911 25.25
      vertex 479.36521546458835 -2.916743723352911 20.25
    endloop
  endfacet
  facet normal -0.8577286100002544 0.5141027441932513 0
    outer loop
      vertex 479.36521546458835 -2.916743723352911 25.25
      vertex 479.63008663782887 -2.4748328683364877 25.25
      vertex 479.63008663782887 -2.4748328683364877 20.25
    endloop
  endfacet
  facet normal 0 0 -1
    outer loop
      vertex 500.25 -20.25 20.25
      vertex 472.5251671316635 -4.630086637828864 20.25
      vertex 472.9909119800833 -4.850367545684255 20.25
    endloop
  endfacet
  facet normal 0 0 -1
    outer loop
      vertex 500.25 -20.25 20.25
      vertex 473.47600544441406 -5.023936762594096 20.25
      vertex 473.9757758094153 -5.14912272211696 20.25
    endloop
  endfacet
  facet normal 0 0 -1
    outer loop
      vertex 500.25 -20.25 20.25
      vertex 472.9909119800833 -4.850367545684255 20.25
      vertex 473.47600544441406 -5.023936762594096 20.25
    endloop
  endfacet
  facet normal 0 0 -1
    outer loop
      vertex 500.25 -20.25 20.25
      vertex 473.9757758094153 -5.14912272211696 20.25
      vertex 474.4854100132698 -5.224719815029034 20.25
    endloop
  endfacet
  facet normal 0 0 -1
    outer loop
      vertex 500.25 -20.25 20.25
      vertex 474.4854100132698 -5.224719815029034 20.25
      vertex 475 -5.25 20.25
    endloop
  endfacet
  facet normal 0 0 -1
    outer loop
      vertex 500.25 -20.25 20.25
      vertex 475 -5.25 20.25
      vertex 475.5145899867302 -5.224719815029034 20.25
    endloop
  endfacet
  facet normal 0 0 -1
    outer loop
      vertex 500.25 -20.25 20.25
      vertex 475.5145899867302 -5.224719815029034 20.25
      vertex 476.0242241905847 -5.14912272211696 20.25
    endloop
  endfacet
  facet normal 0 0 -1
    outer loop
      vertex 500.25 -20.25 20.25
      vertex 476.0242241905847 -5.14912272211696 20.25
      vertex 476.52399455558594 -5.023936762594096 20.25
    endloop
  endfacet
  facet normal 0 0 -1
    outer loop
      vertex 500.25 -20.25 20.25
      vertex 476.52399455558594 -5.023936762594096 20.25
      vertex 477.0090880199167 -4.850367545684255 20.25
    endloop
  endfacet
  facet normal 0 0 -1
    outer loop
      vertex 500.25 -20.25 20.25
      vertex 477.0090880199167 -4.850367545684255 20.25
      vertex 477.4748328683365 -4.630086637828864 20.25
    endloop
  endfacet
  facet normal 0 0 -1
    outer loop
      vertex 500.25 -20.25 20.25
      vertex 477.4748328683365 -4.630086637828864 20.25
      vertex 477.9167437233529 -4.3652154645883625 20.25
    endloop
  endfacet
  facet normal 0 0 -1
    outer loop
      vertex 500.25 -20.25 20.25
      vertex 477.9167437233529 -4.3652154645883625 20.25
      vertex 478.3305647418591 -4.0583048801543695 20.25
    endloop
  endfacet
  facet normal 0 0 -1
    outer loop
      vertex 500.25 -20.25 20.25
      vertex 478.3305647418591 -4.0583048801543695 20.25
      vertex 478.7123106012294 -3.7123106012293747 20.25
    endloop
  endfacet
  facet normal 0 0 -1
    outer loop
      vertex 500.25 -20.25 20.25
      vertex 478.7123106012294 -3.7123106012293747 20.25
      vertex 479.05830488015437 -3.330564741859139 20.25
    endloop
  endfacet
  facet normal 0 0 -1
    outer loop
      vertex 500.25 -20.25 20.25
      vertex 479.05830488015437 -3.330564741859139 20.25
      vertex 479.36521546458835 -2.916743723352911 20.25
    endloop
  endfacet
  facet normal 0 0 -1
    outer loop
      vertex 500.25 -20.25 20.25
      vertex 479.36521546458835 -2.916743723352911 20.25
      vertex 479.63008663782887 -2.4748328683364877 20.25
    endloop
  endfacet
  facet normal 0 0 -1
    outer loop
      vertex 500.25 -20.25 20.25
      vertex 479.63008663782887 -2.4748328683364877 20.25
      vertex 479.85036754568426 -2.0090880199167214 20.25
    endloop
  endfacet
  facet normal 0 0 1
    outer loop
      vertex 500.25 -20.25 25.25
      vertex 473.9757758094153 -5.14912272211696 25.25
      vertex 473.47600544441406 -5.023936762594096 25.25
    endloop
  endfacet
  facet normal 0 0 1
    outer loop
      vertex 500.25 -20.25 25.25
      vertex 474.4854100132698 -5.224719815029034 25.25
      vertex 473.9757758094153 -5.14912272211696 25.25
    endloop
  endfacet
  facet normal 0 0 1
    outer loop
      vertex 500.25 -20.25 25.25
      vertex 475 -5.25 25.25
      vertex 474.4854100132698 -5.224719815029034 25.25
    endloop
  endfacet
  facet normal 0 0 1
    outer loop
      vertex 500.25 -20.25 25.25
      vertex 475.5145899867302 -5.224719815029034 25.25
      vertex 475 -5.25 25.25
    endloop
  endfacet
  facet normal 0 0 1
    outer loop
      vertex 500.25 -20.25 25.25
      vertex 476.0242241905847 -5.14912272211696 25.25
      vertex 475.5145899867302 -5.224719815029034 25.25
    endloop
  endfacet
  facet normal 0 0 1
    outer loop
      vertex 500.25 -20.25 25.25
      vertex 476.52399455558594 -5.023936762594096 25.25
      vertex 476.0242241905847 -5.14912272211696 25.25
    endloop
  endfacet
  facet normal 0 0 1
    outer loop
      vertex 500.25 -20.25 25.25
      vertex 477.0090880199167 -4.850367545684255 25.25
      vertex 476.52399455558594 -5.023936762594096 25.25
    endloop
  endfacet
  facet normal 0 0 1
    outer loop
      vertex 500.25 -20.25 25.25
      vertex 477.4748328683365 -4.630086637828864 25.25
      vertex 477.0090880199167 -4.850367545684255 25.25
    endloop
  endfacet
  facet normal 0 0 1
    outer loop
      vertex 500.25 -20.25 25.25
      vertex 477.9167437233529 -4.3652154645883625 25.25
      vertex 477.4748328683365 -4.630086637828864 25.25
    endloop
  endfacet
  facet normal 0 0 1
    outer loop
      vertex 500.25 -20.25 25.25
      vertex 478.3305647418591 -4.0583048801543695 25.25
      vertex 477.9167437233529 -4.3652154645883625 25.25
    endloop
  endfacet
  facet normal 0 0 1
    outer loop
      vertex 500.25 -20.25 25.25
      vertex 478.7123106012294 -3.7123106012293747 25.25
      vertex 478.3305647418591 -4.0583048801543695 25.25
    endloop
  endfacet
  facet normal 0 0 1
    outer loop
      vertex 500.25 -20.25 25.25
      vertex 479.05830488015437 -3.330564741859139 25.25
      vertex 478.7123106012294 -3.7123106012293747 25.25
    endloop
  endfacet
  facet normal 0 0 1
    outer loop
      vertex 500.25 -20.25 25.25
      vertex 479.36521546458835 -2.916743723352911 25.25
      vertex 479.05830488015437 -3.330564741859139 25.25
    endloop
  endfacet
  facet normal 0 0 1
    outer loop
      vertex 500.25 -20.25 25.25
      vertex 479.63008663782887 -2.4748328683364877 25.25
      vertex 479.36521546458835 -2.916743723352911 25.25
    endloop
  endfacet
  facet normal 0 0 1
    outer loop
      vertex 500.25 -20.25 25.25
      vertex 479.85036754568426 -2.0090880199167214 25.25
      vertex 479.63008663782887 -2.4748328683364877 25.25
    endloop
  endfacet
  facet normal 0 0 1
    outer loop
      vertex 500.25 -20.25 25.25
      vertex 480.0239367625941 -1.5239945555859273 25.25
      vertex 479.85036754568426 -2.0090880199167214 25.25
    endloop
  endfacet
  facet normal 0 0 1
    outer loop
      vertex 500.25 -20.25 25.25
      vertex 480.14912272211694 -1.0242241905846734 25.25
      vertex 480.0239367625941 -1.5239945555859273 25.25
    endloop
  endfacet
  facet normal 0 0 1
    outer loop
      vertex 500.25 -20.25 25.25
      vertex 480.22471981502906 -0.5145899867301932 25.25
      vertex 480.14912272211694 -1.0242241905846734 25.25
    endloop
  endfacet
  facet normal 0 0 1
    outer loop
      vertex 500.25 -20.25 25.25
      vertex 480.25 0 25.25
      vertex 480.22471981502906 -0.5145899867301932 25.25
    endloop
  endfacet
  facet normal 0 0 1
    outer loop
      vertex 505.25 -25.25 25.25
      vertex 500.25 20.25 25.25
      vertex 500.25 -20.25 25.25
    endloop
  endfacet
  facet normal -0.9039892931234393 0.4275550934302905 0
    outer loop
      vertex 479.63008663782887 -2.4748328683364877 25.25
      vertex 479.85036754568426 -2.0090880199167214 20.25
      vertex 479.63008663782887 -2.4748328683364877 20.25
    endloop
  endfacet
  facet normal -0.9415440651830389 0.33688985339216904 0
    outer loop
      vertex 479.85036754568426 -2.0090880199167214 25.25
      vertex 480.0239367625941 -1.5239945555859273 20.25
      vertex 479.85036754568426 -2.0090880199167214 20.25
    endloop
  endfacet
  facet normal -0.9700312531945424 0.2429801799032699 0
    outer loop
      vertex 480.0239367625941 -1.5239945555859273 25.25
      vertex 480.14912272211694 -1.0242241905846734 20.25
      vertex 480.0239367625941 -1.5239945555859273 20.25
    endloop
  endfacet
  facet normal -0.9891765099647684 0.14673047445544768 0
    outer loop
      vertex 480.14912272211694 -1.0242241905846734 25.25
      vertex 480.22471981502906 -0.5145899867301932 20.25
      vertex 480.14912272211694 -1.0242241905846734 20.25
    endloop
  endfacet
  facet normal -0.9987954562051751 0.04906767432736416 0
    outer loop
      vertex 480.22471981502906 -0.5145899867301932 20.25
      vertex 480.22471981502906 -0.5145899867301932 25.25
      vertex 480.25 0 20.25
    endloop
  endfacet
  facet normal 0 0 -1
    outer loop
      vertex 500.25 -20.25 20.25
      vertex 479.85036754568426 -2.0090880199167214 20.25
      vertex 500.25 20.25 20.25
    endloop
  endfacet
  facet normal -0.9039892931234393 0.4275550934302905 0
    outer loop
      vertex 479.63008663782887 -2.4748328683364877 25.25
      vertex 479.85036754568426 -2.0090880199167214 25.25
      vertex 479.85036754568426 -2.0090880199167214 20.25
    endloop
  endfacet
  facet normal -0.9415440651830389 0.33688985339216904 0
    outer loop
      vertex 479.85036754568426 -2.0090880199167214 25.25
      vertex 480.0239367625941 -1.5239945555859273 25.25
      vertex 480.0239367625941 -1.5239945555859273 20.25
    endloop
  endfacet
  facet normal -0.9700312531945424 0.2429801799032699 0
    outer loop
      vertex 480.0239367625941 -1.5239945555859273 25.25
      vertex 480.14912272211694 -1.0242241905846734 25.25
      vertex 480.14912272211694 -1.0242241905846734 20.25
    endloop
  endfacet
  facet normal -0.9891765099647684 0.14673047445544768 0
    outer loop
      vertex 480.14912272211694 -1.0242241905846734 25.25
      vertex 480.22471981502906 -0.5145899867301932 25.25
      vertex 480.22471981502906 -0.5145899867301932 20.25
    endloop
  endfacet
  facet normal -0.9987954562051751 0.04906767432736416 0
    outer loop
      vertex 480.22471981502906 -0.5145899867301932 25.25
      vertex 480.25 0 25.25
      vertex 480.25 0 20.25
    endloop
  endfacet
  facet normal 0 0 -1
    outer loop
      vertex 300.25 20.25 0.25
      vertex 500.25 25.25 0.25
      vertex 500.25 20.25 0.25
    endloop
  endfacet
  facet normal 0 1 0
    outer loop
      vertex 300.25 25.25 0.25
      vertex 500.25 25.25 20.25
      vertex 500.25 25.25 0.25
    endloop
  endfacet
  facet normal 0 0 -1
    outer loop
      vertex 500.25 -20.25 0.25
      vertex 500.25 20.25 0.25
      vertex 505.25 25.25 0.25
    endloop
  endfacet
  facet normal 0 0 -1
    outer loop
      vertex 500.25 20.25 0.25
      vertex 500.25 25.25 0.25
      vertex 505.25 25.25 0.25
    endloop
  endfacet
  facet normal 0 1 0
    outer loop
      vertex 500.25 25.25 0.25
      vertex 500.25 25.25 20.25
      vertex 505.25 25.25 0.25
    endloop
  endfacet
  facet normal 0 0 -1
    outer loop
      vertex 377.4748328683365 4.630086637828864 20.25
      vertex 419.9760632374059 -1.5239945555859273 20.25
      vertex 420.14963245431574 -2.0090880199167214 20.25
    endloop
  endfacet
  facet normal 0 0 -1
    outer loop
      vertex 377.4748328683365 4.630086637828864 20.25
      vertex 419.85087727788306 -1.0242241905846734 20.25
      vertex 419.9760632374059 -1.5239945555859273 20.25
    endloop
  endfacet
  facet normal 0 0 -1
    outer loop
      vertex 377.4748328683365 4.630086637828864 20.25
      vertex 419.77528018497094 -0.5145899867301932 20.25
      vertex 419.85087727788306 -1.0242241905846734 20.25
    endloop
  endfacet
  facet normal 0 0 -1
    outer loop
      vertex 377.4748328683365 4.630086637828864 20.25
      vertex 419.75 0 20.25
      vertex 419.77528018497094 -0.5145899867301932 20.25
    endloop
  endfacet
  facet normal 0 0 -1
    outer loop
      vertex 377.4748328683365 4.630086637828864 20.25
      vertex 420.14963245431574 -2.0090880199167214 20.25
      vertex 420.36991336217113 -2.4748328683364877 20.25
    endloop
  endfacet
  facet normal 0 0 -1
    outer loop
      vertex 377.4748328683365 4.630086637828864 20.25
      vertex 419.77528018497094 0.5145899867301932 20.25
      vertex 419.75 0 20.25
    endloop
  endfacet
  facet normal 0 0 -1
    outer loop
      vertex 377.4748328683365 4.630086637828864 20.25
      vertex 419.85087727788306 1.0242241905846734 20.25
      vertex 419.77528018497094 0.5145899867301932 20.25
    endloop
  endfacet
  facet normal 0 0 -1
    outer loop
      vertex 377.4748328683365 4.630086637828864 20.25
      vertex 419.9760632374059 1.5239945555859273 20.25
      vertex 419.85087727788306 1.0242241905846734 20.25
    endloop
  endfacet
  facet normal 0 0 -1
    outer loop
      vertex 377.4748328683365 4.630086637828864 20.25
      vertex 420.14963245431574 2.0090880199167214 20.25
      vertex 419.9760632374059 1.5239945555859273 20.25
    endloop
  endfacet
  facet normal 0 0 -1
    outer loop
      vertex 377.4748328683365 4.630086637828864 20.25
      vertex 420.36991336217113 2.4748328683364877 20.25
      vertex 420.14963245431574 2.0090880199167214 20.25
    endloop
  endfacet
  facet normal 0 0 -1
    outer loop
      vertex 377.4748328683365 4.630086637828864 20.25
      vertex 420.63478453541165 2.916743723352911 20.25
      vertex 420.36991336217113 2.4748328683364877 20.25
    endloop
  endfacet
  facet normal 0 0 -1
    outer loop
      vertex 377.4748328683365 4.630086637828864 20.25
      vertex 420.94169511984563 3.330564741859139 20.25
      vertex 420.63478453541165 2.916743723352911 20.25
    endloop
  endfacet
  facet normal 0 0 -1
    outer loop
      vertex 377.4748328683365 4.630086637828864 20.25
      vertex 421.2876893987706 3.7123106012293747 20.25
      vertex 420.94169511984563 3.330564741859139 20.25
    endloop
  endfacet
  facet normal 0 0 -1
    outer loop
      vertex 377.4748328683365 4.630086637828864 20.25
      vertex 421.6694352581409 4.0583048801543695 20.25
      vertex 421.2876893987706 3.7123106012293747 20.25
    endloop
  endfacet
  facet normal 0 0 -1
    outer loop
      vertex 377.4748328683365 4.630086637828864 20.25
      vertex 422.0832562766471 4.3652154645883625 20.25
      vertex 421.6694352581409 4.0583048801543695 20.25
    endloop
  endfacet
  facet normal 0 0 -1
    outer loop
      vertex 377.4748328683365 4.630086637828864 20.25
      vertex 422.5251671316635 4.630086637828864 20.25
      vertex 422.0832562766471 4.3652154645883625 20.25
    endloop
  endfacet
  facet normal 0 0 -1
    outer loop
      vertex 377.0090880199167 4.850367545684255 20.25
      vertex 422.9909119800833 4.850367545684255 20.25
      vertex 422.5251671316635 4.630086637828864 20.25
    endloop
  endfacet
  facet normal 0 0 -1
    outer loop
      vertex 376.52399455558594 5.023936762594096 20.25
      vertex 423.47600544441406 5.023936762594096 20.25
      vertex 422.9909119800833 4.850367545684255 20.25
    endloop
  endfacet
  facet normal 0 0 -1
    outer loop
      vertex 376.52399455558594 5.023936762594096 20.25
      vertex 423.9757758094153 5.14912272211696 20.25
      vertex 423.47600544441406 5.023936762594096 20.25
    endloop
  endfacet
  facet normal 0 0 -1
    outer loop
      vertex 376.52399455558594 5.023936762594096 20.25
      vertex 424.4854100132698 5.224719815029034 20.25
      vertex 423.9757758094153 5.14912272211696 20.25
    endloop
  endfacet
  facet normal 0 0 -1
    outer loop
      vertex 376.52399455558594 5.023936762594096 20.25
      vertex 425 5.25 20.25
      vertex 424.4854100132698 5.224719815029034 20.25
    endloop
  endfacet
  facet normal 0.9987954562051751 -0.04906767432736416 0
    outer loop
      vertex 419.77528018497094 0.5145899867301932 25.25
      vertex 419.75 0 20.25
      vertex 419.77528018497094 0.5145899867301932 20.25
    endloop
  endfacet
  facet normal 0.9891765099647684 -0.14673047445544768 0
    outer loop
      vertex 419.85087727788306 1.0242241905846734 25.25
      vertex 419.77528018497094 0.5145899867301932 20.25
      vertex 419.85087727788306 1.0242241905846734 20.25
    endloop
  endfacet
  facet normal 0.9700312531945424 -0.2429801799032699 0
    outer loop
      vertex 419.9760632374059 1.5239945555859273 25.25
      vertex 419.85087727788306 1.0242241905846734 20.25
      vertex 419.9760632374059 1.5239945555859273 20.25
    endloop
  endfacet
  facet normal 0.9415440651830389 -0.33688985339216904 0
    outer loop
      vertex 420.14963245431574 2.0090880199167214 25.25
      vertex 419.9760632374059 1.5239945555859273 20.25
      vertex 420.14963245431574 2.0090880199167214 20.25
    endloop
  endfacet
  facet normal 0.9039892931234393 -0.4275550934302905 0
    outer loop
      vertex 420.36991336217113 2.4748328683364877 25.25
      vertex 420.14963245431574 2.0090880199167214 20.25
      vertex 420.36991336217113 2.4748328683364877 20.25
    endloop
  endfacet
  facet normal 0.8577286100002544 -0.5141027441932513 0
    outer loop
      vertex 420.63478453541165 2.916743723352911 25.25
      vertex 420.36991336217113 2.4748328683364877 20.25
      vertex 420.63478453541165 2.916743723352911 20.25
    endloop
  endfacet
  facet normal 0.8032075314806589 -0.5956993044924146 0
    outer loop
      vertex 420.94169511984563 3.330564741859139 25.25
      vertex 420.63478453541165 2.916743723352911 20.25
      vertex 420.94169511984563 3.330564741859139 20.25
    endloop
  endfacet
  facet normal 0.7409511253549629 -0.6715589548470142 0
    outer loop
      vertex 421.2876893987706 3.7123106012293747 25.25
      vertex 420.94169511984563 3.330564741859139 20.25
      vertex 421.2876893987706 3.7123106012293747 20.25
    endloop
  endfacet
  facet normal 0.6715589548469996 -0.7409511253549762 0
    outer loop
      vertex 421.6694352581409 4.0583048801543695 25.25
      vertex 421.2876893987706 3.7123106012293747 20.25
      vertex 421.6694352581409 4.0583048801543695 20.25
    endloop
  endfacet
  facet normal 0.5956993044924468 -0.803207531480635 0
    outer loop
      vertex 422.0832562766471 4.3652154645883625 25.25
      vertex 421.6694352581409 4.0583048801543695 20.25
      vertex 422.0832562766471 4.3652154645883625 20.25
    endloop
  endfacet
  facet normal 0.5141027441932157 -0.8577286100002757 0
    outer loop
      vertex 422.5251671316635 4.630086637828864 25.25
      vertex 422.0832562766471 4.3652154645883625 20.25
      vertex 422.5251671316635 4.630086637828864 20.25
    endloop
  endfacet
  facet normal -0.5956993044924468 -0.803207531480635 0
    outer loop
      vertex 428.3305647418591 4.0583048801543695 25.25
      vertex 427.9167437233529 4.3652154645883625 20.25
      vertex 428.3305647418591 4.0583048801543695 20.25
    endloop
  endfacet
  facet normal -0.4275550934302761 -0.9039892931234461 0
    outer loop
      vertex 427.4748328683365 4.630086637828864 25.25
      vertex 427.0090880199167 4.850367545684255 20.25
      vertex 427.4748328683365 4.630086637828864 20.25
    endloop
  endfacet
  facet normal -0.5141027441932157 -0.8577286100002757 0
    outer loop
      vertex 427.9167437233529 4.3652154645883625 25.25
      vertex 427.4748328683365 4.630086637828864 20.25
      vertex 427.9167437233529 4.3652154645883625 20.25
    endloop
  endfacet
  facet normal 0.4275550934302761 -0.9039892931234461 0
    outer loop
      vertex 422.9909119800833 4.850367545684255 25.25
      vertex 422.5251671316635 4.630086637828864 20.25
      vertex 422.9909119800833 4.850367545684255 20.25
    endloop
  endfacet
  facet normal 0.33688985339224076 -0.9415440651830135 0
    outer loop
      vertex 423.47600544441406 5.023936762594096 25.25
      vertex 422.9909119800833 4.850367545684255 20.25
      vertex 423.47600544441406 5.023936762594096 20.25
    endloop
  endfacet
  facet normal 0.24298017990325857 -0.9700312531945454 0
    outer loop
      vertex 423.9757758094153 5.14912272211696 25.25
      vertex 423.47600544441406 5.023936762594096 20.25
      vertex 423.9757758094153 5.14912272211696 20.25
    endloop
  endfacet
  facet normal 0.14673047445535914 -0.9891765099647812 0
    outer loop
      vertex 424.4854100132698 5.224719815029034 25.25
      vertex 423.9757758094153 5.14912272211696 20.25
      vertex 424.4854100132698 5.224719815029034 20.25
    endloop
  endfacet
  facet normal 0.04906767432741812 -0.9987954562051724 0
    outer loop
      vertex 425 5.25 25.25
      vertex 424.4854100132698 5.224719815029034 20.25
      vertex 425 5.25 20.25
    endloop
  endfacet
  facet normal -0.24298017990325857 -0.9700312531945454 0
    outer loop
      vertex 426.52399455558594 5.023936762594096 25.25
      vertex 426.0242241905847 5.14912272211696 20.25
      vertex 426.52399455558594 5.023936762594096 20.25
    endloop
  endfacet
  facet normal -0.04906767432741812 -0.9987954562051724 0
    outer loop
      vertex 425.5145899867302 5.224719815029034 25.25
      vertex 425 5.25 20.25
      vertex 425.5145899867302 5.224719815029034 20.25
    endloop
  endfacet
  facet normal -0.14673047445535914 -0.9891765099647812 0
    outer loop
      vertex 426.0242241905847 5.14912272211696 25.25
      vertex 425.5145899867302 5.224719815029034 20.25
      vertex 426.0242241905847 5.14912272211696 20.25
    endloop
  endfacet
  facet normal -0.33688985339224076 -0.9415440651830135 0
    outer loop
      vertex 427.0090880199167 4.850367545684255 25.25
      vertex 426.52399455558594 5.023936762594096 20.25
      vertex 427.0090880199167 4.850367545684255 20.25
    endloop
  endfacet
  facet normal 0 0 1
    outer loop
      vertex 377.4748328683365 -4.630086637828864 25.25
      vertex 420.36991336217113 2.4748328683364877 25.25
      vertex 420.63478453541165 2.916743723352911 25.25
    endloop
  endfacet
  facet normal 0 0 1
    outer loop
      vertex 377.4748328683365 -4.630086637828864 25.25
      vertex 420.63478453541165 2.916743723352911 25.25
      vertex 420.94169511984563 3.330564741859139 25.25
    endloop
  endfacet
  facet normal 0 0 1
    outer loop
      vertex 377.4748328683365 -4.630086637828864 25.25
      vertex 420.94169511984563 3.330564741859139 25.25
      vertex 421.2876893987706 3.7123106012293747 25.25
    endloop
  endfacet
  facet normal 0 0 1
    outer loop
      vertex 377.4748328683365 -4.630086637828864 25.25
      vertex 421.2876893987706 3.7123106012293747 25.25
      vertex 421.6694352581409 4.0583048801543695 25.25
    endloop
  endfacet
  facet normal 0 0 1
    outer loop
      vertex 377.4748328683365 -4.630086637828864 25.25
      vertex 421.6694352581409 4.0583048801543695 25.25
      vertex 422.0832562766471 4.3652154645883625 25.25
    endloop
  endfacet
  facet normal 0 0 1
    outer loop
      vertex 377.4748328683365 -4.630086637828864 25.25
      vertex 422.0832562766471 4.3652154645883625 25.25
      vertex 422.5251671316635 4.630086637828864 25.25
    endloop
  endfacet
  facet normal 0 0 1
    outer loop
      vertex 422.5251671316635 4.630086637828864 25.25
      vertex 422.9909119800833 4.850367545684255 25.25
      vertex 377.4748328683365 4.630086637828864 25.25
    endloop
  endfacet
  facet normal 0 0 1
    outer loop
      vertex 377.0090880199167 4.850367545684255 25.25
      vertex 422.9909119800833 4.850367545684255 25.25
      vertex 423.47600544441406 5.023936762594096 25.25
    endloop
  endfacet
  facet normal 0 0 1
    outer loop
      vertex 376.52399455558594 5.023936762594096 25.25
      vertex 423.47600544441406 5.023936762594096 25.25
      vertex 423.9757758094153 5.14912272211696 25.25
    endloop
  endfacet
  facet normal 0 0 1
    outer loop
      vertex 376.52399455558594 5.023936762594096 25.25
      vertex 423.9757758094153 5.14912272211696 25.25
      vertex 424.4854100132698 5.224719815029034 25.25
    endloop
  endfacet
  facet normal 0 0 1
    outer loop
      vertex 376.52399455558594 5.023936762594096 25.25
      vertex 424.4854100132698 5.224719815029034 25.25
      vertex 425 5.25 25.25
    endloop
  endfacet
  facet normal 0.9987954562051751 -0.04906767432736416 0
    outer loop
      vertex 419.77528018497094 0.5145899867301932 25.25
      vertex 419.75 0 25.25
      vertex 419.75 0 20.25
    endloop
  endfacet
  facet normal 0.9891765099647684 -0.14673047445544768 0
    outer loop
      vertex 419.85087727788306 1.0242241905846734 25.25
      vertex 419.77528018497094 0.5145899867301932 25.25
      vertex 419.77528018497094 0.5145899867301932 20.25
    endloop
  endfacet
  facet normal 0.9700312531945424 -0.2429801799032699 0
    outer loop
      vertex 419.9760632374059 1.5239945555859273 25.25
      vertex 419.85087727788306 1.0242241905846734 25.25
      vertex 419.85087727788306 1.0242241905846734 20.25
    endloop
  endfacet
  facet normal 0.9415440651830389 -0.33688985339216904 0
    outer loop
      vertex 420.14963245431574 2.0090880199167214 25.25
      vertex 419.9760632374059 1.5239945555859273 25.25
      vertex 419.9760632374059 1.5239945555859273 20.25
    endloop
  endfacet
  facet normal 0.9039892931234393 -0.4275550934302905 0
    outer loop
      vertex 420.36991336217113 2.4748328683364877 25.25
      vertex 420.14963245431574 2.0090880199167214 25.25
      vertex 420.14963245431574 2.0090880199167214 20.25
    endloop
  endfacet
  facet normal 0.8577286100002544 -0.5141027441932513 0
    outer loop
      vertex 420.63478453541165 2.916743723352911 25.25
      vertex 420.36991336217113 2.4748328683364877 25.25
      vertex 420.36991336217113 2.4748328683364877 20.25
    endloop
  endfacet
  facet normal 0.8032075314806589 -0.5956993044924146 0
    outer loop
      vertex 420.94169511984563 3.330564741859139 25.25
      vertex 420.63478453541165 2.916743723352911 25.25
      vertex 420.63478453541165 2.916743723352911 20.25
    endloop
  endfacet
  facet normal 0.7409511253549629 -0.6715589548470142 0
    outer loop
      vertex 421.2876893987706 3.7123106012293747 25.25
      vertex 420.94169511984563 3.330564741859139 25.25
      vertex 420.94169511984563 3.330564741859139 20.25
    endloop
  endfacet
  facet normal 0.6715589548469996 -0.7409511253549762 0
    outer loop
      vertex 421.2876893987706 3.7123106012293747 25.25
      vertex 421.2876893987706 3.7123106012293747 20.25
      vertex 421.6694352581409 4.0583048801543695 25.25
    endloop
  endfacet
  facet normal 0.5956993044924468 -0.803207531480635 0
    outer loop
      vertex 421.6694352581409 4.0583048801543695 25.25
      vertex 421.6694352581409 4.0583048801543695 20.25
      vertex 422.0832562766471 4.3652154645883625 25.25
    endloop
  endfacet
  facet normal 0.5141027441932157 -0.8577286100002757 0
    outer loop
      vertex 422.5251671316635 4.630086637828864 25.25
      vertex 422.0832562766471 4.3652154645883625 25.25
      vertex 422.0832562766471 4.3652154645883625 20.25
    endloop
  endfacet
  facet normal 0.4275550934302761 -0.9039892931234461 0
    outer loop
      vertex 422.5251671316635 4.630086637828864 25.25
      vertex 422.5251671316635 4.630086637828864 20.25
      vertex 422.9909119800833 4.850367545684255 25.25
    endloop
  endfacet
  facet normal -0.5956993044924468 -0.803207531480635 0
    outer loop
      vertex 427.9167437233529 4.3652154645883625 25.25
      vertex 427.9167437233529 4.3652154645883625 20.25
      vertex 428.3305647418591 4.0583048801543695 25.25
    endloop
  endfacet
  facet normal -0.5141027441932157 -0.8577286100002757 0
    outer loop
      vertex 427.4748328683365 4.630086637828864 25.25
      vertex 427.4748328683365 4.630086637828864 20.25
      vertex 427.9167437233529 4.3652154645883625 25.25
    endloop
  endfacet
  facet normal 0.33688985339224076 -0.9415440651830135 0
    outer loop
      vertex 422.9909119800833 4.850367545684255 25.25
      vertex 422.9909119800833 4.850367545684255 20.25
      vertex 423.47600544441406 5.023936762594096 25.25
    endloop
  endfacet
  facet normal 0.24298017990325857 -0.9700312531945454 0
    outer loop
      vertex 423.47600544441406 5.023936762594096 25.25
      vertex 423.47600544441406 5.023936762594096 20.25
      vertex 423.9757758094153 5.14912272211696 25.25
    endloop
  endfacet
  facet normal 0.14673047445535914 -0.9891765099647812 0
    outer loop
      vertex 423.9757758094153 5.14912272211696 25.25
      vertex 423.9757758094153 5.14912272211696 20.25
      vertex 424.4854100132698 5.224719815029034 25.25
    endloop
  endfacet
  facet normal 0.04906767432741812 -0.9987954562051724 0
    outer loop
      vertex 424.4854100132698 5.224719815029034 25.25
      vertex 424.4854100132698 5.224719815029034 20.25
      vertex 425 5.25 25.25
    endloop
  endfacet
  facet normal -0.04906767432741812 -0.9987954562051724 0
    outer loop
      vertex 425 5.25 25.25
      vertex 425 5.25 20.25
      vertex 425.5145899867302 5.224719815029034 25.25
    endloop
  endfacet
  facet normal -0.24298017990325857 -0.9700312531945454 0
    outer loop
      vertex 426.0242241905847 5.14912272211696 25.25
      vertex 426.0242241905847 5.14912272211696 20.25
      vertex 426.52399455558594 5.023936762594096 25.25
    endloop
  endfacet
  facet normal -0.33688985339224076 -0.9415440651830135 0
    outer loop
      vertex 426.52399455558594 5.023936762594096 25.25
      vertex 426.52399455558594 5.023936762594096 20.25
      vertex 427.0090880199167 4.850367545684255 25.25
    endloop
  endfacet
  facet normal -0.14673047445535914 -0.9891765099647812 0
    outer loop
      vertex 425.5145899867302 5.224719815029034 25.25
      vertex 425.5145899867302 5.224719815029034 20.25
      vertex 426.0242241905847 5.14912272211696 25.25
    endloop
  endfacet
  facet normal -0.4275550934302761 -0.9039892931234461 0
    outer loop
      vertex 427.0090880199167 4.850367545684255 25.25
      vertex 427.0090880199167 4.850367545684255 20.25
      vertex 427.4748328683365 4.630086637828864 25.25
    endloop
  endfacet
  facet normal 0 0 -1
    outer loop
      vertex 500.25 20.25 20.25
      vertex 375 5.25 20.25
      vertex 374.4854100132698 5.224719815029034 20.25
    endloop
  endfacet
  facet normal 0 0 -1
    outer loop
      vertex 500.25 20.25 20.25
      vertex 375.5145899867302 5.224719815029034 20.25
      vertex 375 5.25 20.25
    endloop
  endfacet
  facet normal 0 0 -1
    outer loop
      vertex 500.25 20.25 20.25
      vertex 376.0242241905847 5.14912272211696 20.25
      vertex 375.5145899867302 5.224719815029034 20.25
    endloop
  endfacet
  facet normal 0 0 -1
    outer loop
      vertex 500.25 20.25 20.25
      vertex 376.52399455558594 5.023936762594096 20.25
      vertex 376.0242241905847 5.14912272211696 20.25
    endloop
  endfacet
  facet normal 0 0 1
    outer loop
      vertex 500.25 20.25 25.25
      vertex 375 5.25 25.25
      vertex 375.5145899867302 5.224719815029034 25.25
    endloop
  endfacet
  facet normal 0 0 1
    outer loop
      vertex 500.25 20.25 25.25
      vertex 375.5145899867302 5.224719815029034 25.25
      vertex 376.0242241905847 5.14912272211696 25.25
    endloop
  endfacet
  facet normal 0 0 1
    outer loop
      vertex 500.25 20.25 25.25
      vertex 376.0242241905847 5.14912272211696 25.25
      vertex 376.52399455558594 5.023936762594096 25.25
    endloop
  endfacet
  facet normal -0.9987954562051751 -0.04906767432736416 0
    outer loop
      vertex 430.25 0 20.25
      vertex 430.25 0 25.25
      vertex 430.22471981502906 0.5145899867301932 20.25
    endloop
  endfacet
  facet normal -0.9891765099647684 -0.14673047445544768 0
    outer loop
      vertex 430.22471981502906 0.5145899867301932 25.25
      vertex 430.14912272211694 1.0242241905846734 20.25
      vertex 430.22471981502906 0.5145899867301932 20.25
    endloop
  endfacet
  facet normal -0.9700312531945424 -0.2429801799032699 0
    outer loop
      vertex 430.14912272211694 1.0242241905846734 25.25
      vertex 430.0239367625941 1.5239945555859273 20.25
      vertex 430.14912272211694 1.0242241905846734 20.25
    endloop
  endfacet
  facet normal -0.9415440651830389 -0.33688985339216904 0
    outer loop
      vertex 430.0239367625941 1.5239945555859273 25.25
      vertex 429.85036754568426 2.0090880199167214 20.25
      vertex 430.0239367625941 1.5239945555859273 20.25
    endloop
  endfacet
  facet normal -0.9039892931234393 -0.4275550934302905 0
    outer loop
      vertex 429.85036754568426 2.0090880199167214 25.25
      vertex 429.63008663782887 2.4748328683364877 20.25
      vertex 429.85036754568426 2.0090880199167214 20.25
    endloop
  endfacet
  facet normal -0.8577286100002544 -0.5141027441932513 0
    outer loop
      vertex 429.63008663782887 2.4748328683364877 25.25
      vertex 429.36521546458835 2.916743723352911 20.25
      vertex 429.63008663782887 2.4748328683364877 20.25
    endloop
  endfacet
  facet normal -0.8032075314806589 -0.5956993044924146 0
    outer loop
      vertex 429.36521546458835 2.916743723352911 25.25
      vertex 429.05830488015437 3.330564741859139 20.25
      vertex 429.36521546458835 2.916743723352911 20.25
    endloop
  endfacet
  facet normal -0.7409511253549629 -0.6715589548470142 0
    outer loop
      vertex 429.05830488015437 3.330564741859139 25.25
      vertex 428.7123106012294 3.7123106012293747 20.25
      vertex 429.05830488015437 3.330564741859139 20.25
    endloop
  endfacet
  facet normal -0.6715589548469996 -0.7409511253549762 0
    outer loop
      vertex 428.7123106012294 3.7123106012293747 25.25
      vertex 428.3305647418591 4.0583048801543695 20.25
      vertex 428.7123106012294 3.7123106012293747 20.25
    endloop
  endfacet
  facet normal 0 0 -1
    outer loop
      vertex 430.25 0 20.25
      vertex 430.22471981502906 0.5145899867301932 20.25
      vertex 469.75 0 20.25
    endloop
  endfacet
  facet normal 0 0 -1
    outer loop
      vertex 430.14912272211694 1.0242241905846734 20.25
      vertex 469.77528018497094 0.5145899867301932 20.25
      vertex 430.22471981502906 0.5145899867301932 20.25
    endloop
  endfacet
  facet normal 0 0 -1
    outer loop
      vertex 430.0239367625941 1.5239945555859273 20.25
      vertex 469.85087727788306 1.0242241905846734 20.25
      vertex 430.14912272211694 1.0242241905846734 20.25
    endloop
  endfacet
  facet normal 0 0 -1
    outer loop
      vertex 429.85036754568426 2.0090880199167214 20.25
      vertex 469.9760632374059 1.5239945555859273 20.25
      vertex 430.0239367625941 1.5239945555859273 20.25
    endloop
  endfacet
  facet normal 0 0 -1
    outer loop
      vertex 429.63008663782887 2.4748328683364877 20.25
      vertex 470.14963245431574 2.0090880199167214 20.25
      vertex 429.85036754568426 2.0090880199167214 20.25
    endloop
  endfacet
  facet normal 0 0 -1
    outer loop
      vertex 429.36521546458835 2.916743723352911 20.25
      vertex 470.36991336217113 2.4748328683364877 20.25
      vertex 429.63008663782887 2.4748328683364877 20.25
    endloop
  endfacet
  facet normal 0 0 -1
    outer loop
      vertex 429.05830488015437 3.330564741859139 20.25
      vertex 470.63478453541165 2.916743723352911 20.25
      vertex 429.36521546458835 2.916743723352911 20.25
    endloop
  endfacet
  facet normal 0 0 -1
    outer loop
      vertex 471.2876893987706 3.7123106012293747 20.25
      vertex 428.7123106012294 3.7123106012293747 20.25
      vertex 428.3305647418591 4.0583048801543695 20.25
    endloop
  endfacet
  facet normal 0 0 -1
    outer loop
      vertex 428.7123106012294 3.7123106012293747 20.25
      vertex 470.94169511984563 3.330564741859139 20.25
      vertex 429.05830488015437 3.330564741859139 20.25
    endloop
  endfacet
  facet normal 0 0 -1
    outer loop
      vertex 428.3305647418591 4.0583048801543695 20.25
      vertex 427.9167437233529 4.3652154645883625 20.25
      vertex 471.6694352581409 4.0583048801543695 20.25
    endloop
  endfacet
  facet normal 0 0 -1
    outer loop
      vertex 427.9167437233529 4.3652154645883625 20.25
      vertex 427.4748328683365 4.630086637828864 20.25
      vertex 472.0832562766471 4.3652154645883625 20.25
    endloop
  endfacet
  facet normal 0 0 -1
    outer loop
      vertex 427.4748328683365 4.630086637828864 20.25
      vertex 427.0090880199167 4.850367545684255 20.25
      vertex 472.5251671316635 4.630086637828864 20.25
    endloop
  endfacet
  facet normal 0 0 -1
    outer loop
      vertex 427.0090880199167 4.850367545684255 20.25
      vertex 426.52399455558594 5.023936762594096 20.25
      vertex 472.9909119800833 4.850367545684255 20.25
    endloop
  endfacet
  facet normal -0.9987954562051751 -0.04906767432736416 0
    outer loop
      vertex 430.25 0 25.25
      vertex 430.22471981502906 0.5145899867301932 25.25
      vertex 430.22471981502906 0.5145899867301932 20.25
    endloop
  endfacet
  facet normal -0.9891765099647684 -0.14673047445544768 0
    outer loop
      vertex 430.22471981502906 0.5145899867301932 25.25
      vertex 430.14912272211694 1.0242241905846734 25.25
      vertex 430.14912272211694 1.0242241905846734 20.25
    endloop
  endfacet
  facet normal -0.9700312531945424 -0.2429801799032699 0
    outer loop
      vertex 430.14912272211694 1.0242241905846734 25.25
      vertex 430.0239367625941 1.5239945555859273 25.25
      vertex 430.0239367625941 1.5239945555859273 20.25
    endloop
  endfacet
  facet normal -0.9415440651830389 -0.33688985339216904 0
    outer loop
      vertex 430.0239367625941 1.5239945555859273 25.25
      vertex 429.85036754568426 2.0090880199167214 25.25
      vertex 429.85036754568426 2.0090880199167214 20.25
    endloop
  endfacet
  facet normal -0.9039892931234393 -0.4275550934302905 0
    outer loop
      vertex 429.85036754568426 2.0090880199167214 25.25
      vertex 429.63008663782887 2.4748328683364877 25.25
      vertex 429.63008663782887 2.4748328683364877 20.25
    endloop
  endfacet
  facet normal -0.8577286100002544 -0.5141027441932513 0
    outer loop
      vertex 429.63008663782887 2.4748328683364877 25.25
      vertex 429.36521546458835 2.916743723352911 25.25
      vertex 429.36521546458835 2.916743723352911 20.25
    endloop
  endfacet
  facet normal -0.8032075314806589 -0.5956993044924146 0
    outer loop
      vertex 429.36521546458835 2.916743723352911 25.25
      vertex 429.05830488015437 3.330564741859139 25.25
      vertex 429.05830488015437 3.330564741859139 20.25
    endloop
  endfacet
  facet normal -0.7409511253549629 -0.6715589548470142 0
    outer loop
      vertex 429.05830488015437 3.330564741859139 25.25
      vertex 428.7123106012294 3.7123106012293747 25.25
      vertex 428.7123106012294 3.7123106012293747 20.25
    endloop
  endfacet
  facet normal -0.6715589548469996 -0.7409511253549762 0
    outer loop
      vertex 428.3305647418591 4.0583048801543695 25.25
      vertex 428.3305647418591 4.0583048801543695 20.25
      vertex 428.7123106012294 3.7123106012293747 25.25
    endloop
  endfacet
  facet normal 0 0 1
    outer loop
      vertex 430.25 0 25.25
      vertex 469.77528018497094 0.5145899867301932 25.25
      vertex 430.22471981502906 0.5145899867301932 25.25
    endloop
  endfacet
  facet normal 0 0 1
    outer loop
      vertex 430.22471981502906 0.5145899867301932 25.25
      vertex 469.85087727788306 1.0242241905846734 25.25
      vertex 430.14912272211694 1.0242241905846734 25.25
    endloop
  endfacet
  facet normal 0 0 1
    outer loop
      vertex 430.14912272211694 1.0242241905846734 25.25
      vertex 469.9760632374059 1.5239945555859273 25.25
      vertex 430.0239367625941 1.5239945555859273 25.25
    endloop
  endfacet
  facet normal 0 0 1
    outer loop
      vertex 430.0239367625941 1.5239945555859273 25.25
      vertex 470.14963245431574 2.0090880199167214 25.25
      vertex 429.85036754568426 2.0090880199167214 25.25
    endloop
  endfacet
  facet normal 0 0 1
    outer loop
      vertex 429.85036754568426 2.0090880199167214 25.25
      vertex 470.36991336217113 2.4748328683364877 25.25
      vertex 429.63008663782887 2.4748328683364877 25.25
    endloop
  endfacet
  facet normal 0 0 1
    outer loop
      vertex 429.63008663782887 2.4748328683364877 25.25
      vertex 470.63478453541165 2.916743723352911 25.25
      vertex 429.36521546458835 2.916743723352911 25.25
    endloop
  endfacet
  facet normal 0 0 1
    outer loop
      vertex 429.36521546458835 2.916743723352911 25.25
      vertex 470.94169511984563 3.330564741859139 25.25
      vertex 429.05830488015437 3.330564741859139 25.25
    endloop
  endfacet
  facet normal 0 0 1
    outer loop
      vertex 429.05830488015437 3.330564741859139 25.25
      vertex 471.2876893987706 3.7123106012293747 25.25
      vertex 428.7123106012294 3.7123106012293747 25.25
    endloop
  endfacet
  facet normal 0 0 1
    outer loop
      vertex 428.3305647418591 4.0583048801543695 25.25
      vertex 428.7123106012294 3.7123106012293747 25.25
      vertex 471.6694352581409 4.0583048801543695 25.25
    endloop
  endfacet
  facet normal 0 0 1
    outer loop
      vertex 427.9167437233529 4.3652154645883625 25.25
      vertex 428.3305647418591 4.0583048801543695 25.25
      vertex 472.0832562766471 4.3652154645883625 25.25
    endloop
  endfacet
  facet normal 0 0 1
    outer loop
      vertex 427.4748328683365 4.630086637828864 25.25
      vertex 427.9167437233529 4.3652154645883625 25.25
      vertex 472.5251671316635 4.630086637828864 25.25
    endloop
  endfacet
  facet normal 0 0 1
    outer loop
      vertex 427.0090880199167 4.850367545684255 25.25
      vertex 427.4748328683365 4.630086637828864 25.25
      vertex 472.9909119800833 4.850367545684255 25.25
    endloop
  endfacet
  facet normal 0 0 1
    outer loop
      vertex 426.52399455558594 5.023936762594096 25.25
      vertex 427.0090880199167 4.850367545684255 25.25
      vertex 473.47600544441406 5.023936762594096 25.25
    endloop
  endfacet
  facet normal 0 0 1
    outer loop
      vertex 426.0242241905847 5.14912272211696 25.25
      vertex 426.52399455558594 5.023936762594096 25.25
      vertex 473.9757758094153 5.14912272211696 25.25
    endloop
  endfacet
  facet normal 0 0 -1
    outer loop
      vertex 500.25 20.25 20.25
      vertex 425 5.25 20.25
      vertex 376.52399455558594 5.023936762594096 20.25
    endloop
  endfacet
  facet normal 0 0 -1
    outer loop
      vertex 500.25 20.25 20.25
      vertex 425.5145899867302 5.224719815029034 20.25
      vertex 425 5.25 20.25
    endloop
  endfacet
  facet normal 0 0 -1
    outer loop
      vertex 500.25 20.25 20.25
      vertex 426.0242241905847 5.14912272211696 20.25
      vertex 425.5145899867302 5.224719815029034 20.25
    endloop
  endfacet
  facet normal 0 0 -1
    outer loop
      vertex 500.25 20.25 20.25
      vertex 426.52399455558594 5.023936762594096 20.25
      vertex 426.0242241905847 5.14912272211696 20.25
    endloop
  endfacet
  facet normal 0 0 1
    outer loop
      vertex 500.25 20.25 25.25
      vertex 376.52399455558594 5.023936762594096 25.25
      vertex 425 5.25 25.25
    endloop
  endfacet
  facet normal 0 0 1
    outer loop
      vertex 500.25 20.25 25.25
      vertex 425 5.25 25.25
      vertex 425.5145899867302 5.224719815029034 25.25
    endloop
  endfacet
  facet normal 0 0 1
    outer loop
      vertex 500.25 20.25 25.25
      vertex 425.5145899867302 5.224719815029034 25.25
      vertex 426.0242241905847 5.14912272211696 25.25
    endloop
  endfacet
  facet normal 0 -1 0
    outer loop
      vertex 300.25 20.25 20.25
      vertex 500.25 20.25 0.25
      vertex 500.25 20.25 20.25
    endloop
  endfacet
  facet normal 0 1 0
    outer loop
      vertex 300.25 25.25 25.25
      vertex 500.25 25.25 25.25
      vertex 500.25 25.25 20.25
    endloop
  endfacet
  facet normal 0 0 1
    outer loop
      vertex 300.25 25.25 25.25
      vertex 500.25 20.25 25.25
      vertex 500.25 25.25 25.25
    endloop
  endfacet
  facet normal -1 0 0
    outer loop
      vertex 500.25 -20.25 20.25
      vertex 500.25 20.25 20.25
      vertex 500.25 20.25 0.25
    endloop
  endfacet
  facet normal 1 0 0
    outer loop
      vertex 505.25 -25.25 25.25
      vertex 505.25 25.25 0.25
      vertex 505.25 25.25 25.25
    endloop
  endfacet
  facet normal 0 0 -1
    outer loop
      vertex 430.22471981502906 0.5145899867301932 20.25
      vertex 469.77528018497094 0.5145899867301932 20.25
      vertex 469.75 0 20.25
    endloop
  endfacet
  facet normal 0 0 -1
    outer loop
      vertex 430.14912272211694 1.0242241905846734 20.25
      vertex 469.85087727788306 1.0242241905846734 20.25
      vertex 469.77528018497094 0.5145899867301932 20.25
    endloop
  endfacet
  facet normal 0 0 -1
    outer loop
      vertex 430.0239367625941 1.5239945555859273 20.25
      vertex 469.9760632374059 1.5239945555859273 20.25
      vertex 469.85087727788306 1.0242241905846734 20.25
    endloop
  endfacet
  facet normal 0 0 -1
    outer loop
      vertex 429.85036754568426 2.0090880199167214 20.25
      vertex 470.14963245431574 2.0090880199167214 20.25
      vertex 469.9760632374059 1.5239945555859273 20.25
    endloop
  endfacet
  facet normal 0 0 -1
    outer loop
      vertex 429.63008663782887 2.4748328683364877 20.25
      vertex 470.36991336217113 2.4748328683364877 20.25
      vertex 470.14963245431574 2.0090880199167214 20.25
    endloop
  endfacet
  facet normal 0 0 -1
    outer loop
      vertex 429.36521546458835 2.916743723352911 20.25
      vertex 470.63478453541165 2.916743723352911 20.25
      vertex 470.36991336217113 2.4748328683364877 20.25
    endloop
  endfacet
  facet normal 0 0 -1
    outer loop
      vertex 429.05830488015437 3.330564741859139 20.25
      vertex 470.94169511984563 3.330564741859139 20.25
      vertex 470.63478453541165 2.916743723352911 20.25
    endloop
  endfacet
  facet normal 0 0 -1
    outer loop
      vertex 428.7123106012294 3.7123106012293747 20.25
      vertex 471.2876893987706 3.7123106012293747 20.25
      vertex 470.94169511984563 3.330564741859139 20.25
    endloop
  endfacet
  facet normal 0 0 -1
    outer loop
      vertex 428.3305647418591 4.0583048801543695 20.25
      vertex 471.6694352581409 4.0583048801543695 20.25
      vertex 471.2876893987706 3.7123106012293747 20.25
    endloop
  endfacet
  facet normal 0 0 -1
    outer loop
      vertex 427.9167437233529 4.3652154645883625 20.25
      vertex 472.0832562766471 4.3652154645883625 20.25
      vertex 471.6694352581409 4.0583048801543695 20.25
    endloop
  endfacet
  facet normal 0 0 -1
    outer loop
      vertex 427.4748328683365 4.630086637828864 20.25
      vertex 472.5251671316635 4.630086637828864 20.25
      vertex 472.0832562766471 4.3652154645883625 20.25
    endloop
  endfacet
  facet normal 0 0 -1
    outer loop
      vertex 427.0090880199167 4.850367545684255 20.25
      vertex 472.9909119800833 4.850367545684255 20.25
      vertex 472.5251671316635 4.630086637828864 20.25
    endloop
  endfacet
  facet normal 0 0 -1
    outer loop
      vertex 426.52399455558594 5.023936762594096 20.25
      vertex 473.47600544441406 5.023936762594096 20.25
      vertex 472.9909119800833 4.850367545684255 20.25
    endloop
  endfacet
  facet normal 0.9987954562051751 -0.04906767432736416 0
    outer loop
      vertex 469.77528018497094 0.5145899867301932 25.25
      vertex 469.75 0 20.25
      vertex 469.77528018497094 0.5145899867301932 20.25
    endloop
  endfacet
  facet normal 0.9891765099647684 -0.14673047445544768 0
    outer loop
      vertex 469.85087727788306 1.0242241905846734 25.25
      vertex 469.77528018497094 0.5145899867301932 20.25
      vertex 469.85087727788306 1.0242241905846734 20.25
    endloop
  endfacet
  facet normal 0.9700312531945424 -0.2429801799032699 0
    outer loop
      vertex 469.9760632374059 1.5239945555859273 25.25
      vertex 469.85087727788306 1.0242241905846734 20.25
      vertex 469.9760632374059 1.5239945555859273 20.25
    endloop
  endfacet
  facet normal 0.9415440651830389 -0.33688985339216904 0
    outer loop
      vertex 470.14963245431574 2.0090880199167214 25.25
      vertex 469.9760632374059 1.5239945555859273 20.25
      vertex 470.14963245431574 2.0090880199167214 20.25
    endloop
  endfacet
  facet normal 0.9039892931234393 -0.4275550934302905 0
    outer loop
      vertex 470.36991336217113 2.4748328683364877 25.25
      vertex 470.14963245431574 2.0090880199167214 20.25
      vertex 470.36991336217113 2.4748328683364877 20.25
    endloop
  endfacet
  facet normal 0.8577286100002544 -0.5141027441932513 0
    outer loop
      vertex 470.63478453541165 2.916743723352911 25.25
      vertex 470.36991336217113 2.4748328683364877 20.25
      vertex 470.63478453541165 2.916743723352911 20.25
    endloop
  endfacet
  facet normal -0.8577286100002544 -0.5141027441932513 0
    outer loop
      vertex 479.63008663782887 2.4748328683364877 25.25
      vertex 479.36521546458835 2.916743723352911 20.25
      vertex 479.63008663782887 2.4748328683364877 20.25
    endloop
  endfacet
  facet normal -0.8032075314806589 -0.5956993044924146 0
    outer loop
      vertex 479.36521546458835 2.916743723352911 25.25
      vertex 479.05830488015437 3.330564741859139 20.25
      vertex 479.36521546458835 2.916743723352911 20.25
    endloop
  endfacet
  facet normal 0.8032075314806589 -0.5956993044924146 0
    outer loop
      vertex 470.94169511984563 3.330564741859139 25.25
      vertex 470.63478453541165 2.916743723352911 20.25
      vertex 470.94169511984563 3.330564741859139 20.25
    endloop
  endfacet
  facet normal 0.7409511253549629 -0.6715589548470142 0
    outer loop
      vertex 471.2876893987706 3.7123106012293747 25.25
      vertex 470.94169511984563 3.330564741859139 20.25
      vertex 471.2876893987706 3.7123106012293747 20.25
    endloop
  endfacet
  facet normal 0.6715589548469996 -0.7409511253549762 0
    outer loop
      vertex 471.6694352581409 4.0583048801543695 25.25
      vertex 471.2876893987706 3.7123106012293747 20.25
      vertex 471.6694352581409 4.0583048801543695 20.25
    endloop
  endfacet
  facet normal 0.5956993044924468 -0.803207531480635 0
    outer loop
      vertex 472.0832562766471 4.3652154645883625 25.25
      vertex 471.6694352581409 4.0583048801543695 20.25
      vertex 472.0832562766471 4.3652154645883625 20.25
    endloop
  endfacet
  facet normal 0.5141027441932157 -0.8577286100002757 0
    outer loop
      vertex 472.5251671316635 4.630086637828864 25.25
      vertex 472.0832562766471 4.3652154645883625 20.25
      vertex 472.5251671316635 4.630086637828864 20.25
    endloop
  endfacet
  facet normal 0.4275550934302761 -0.9039892931234461 0
    outer loop
      vertex 472.9909119800833 4.850367545684255 25.25
      vertex 472.5251671316635 4.630086637828864 20.25
      vertex 472.9909119800833 4.850367545684255 20.25
    endloop
  endfacet
  facet normal -0.7409511253549629 -0.6715589548470142 0
    outer loop
      vertex 479.05830488015437 3.330564741859139 25.25
      vertex 478.7123106012294 3.7123106012293747 20.25
      vertex 479.05830488015437 3.330564741859139 20.25
    endloop
  endfacet
  facet normal -0.6715589548469996 -0.7409511253549762 0
    outer loop
      vertex 478.7123106012294 3.7123106012293747 25.25
      vertex 478.3305647418591 4.0583048801543695 20.25
      vertex 478.7123106012294 3.7123106012293747 20.25
    endloop
  endfacet
  facet normal -0.5141027441932157 -0.8577286100002757 0
    outer loop
      vertex 477.9167437233529 4.3652154645883625 25.25
      vertex 477.4748328683365 4.630086637828864 20.25
      vertex 477.9167437233529 4.3652154645883625 20.25
    endloop
  endfacet
  facet normal -0.4275550934302761 -0.9039892931234461 0
    outer loop
      vertex 477.4748328683365 4.630086637828864 25.25
      vertex 477.0090880199167 4.850367545684255 20.25
      vertex 477.4748328683365 4.630086637828864 20.25
    endloop
  endfacet
  facet normal -0.5956993044924468 -0.803207531480635 0
    outer loop
      vertex 478.3305647418591 4.0583048801543695 25.25
      vertex 477.9167437233529 4.3652154645883625 20.25
      vertex 478.3305647418591 4.0583048801543695 20.25
    endloop
  endfacet
  facet normal 0.33688985339224076 -0.9415440651830135 0
    outer loop
      vertex 473.47600544441406 5.023936762594096 25.25
      vertex 472.9909119800833 4.850367545684255 20.25
      vertex 473.47600544441406 5.023936762594096 20.25
    endloop
  endfacet
  facet normal 0.24298017990325857 -0.9700312531945454 0
    outer loop
      vertex 473.9757758094153 5.14912272211696 25.25
      vertex 473.47600544441406 5.023936762594096 20.25
      vertex 473.9757758094153 5.14912272211696 20.25
    endloop
  endfacet
  facet normal 0.14673047445535914 -0.9891765099647812 0
    outer loop
      vertex 474.4854100132698 5.224719815029034 25.25
      vertex 473.9757758094153 5.14912272211696 20.25
      vertex 474.4854100132698 5.224719815029034 20.25
    endloop
  endfacet
  facet normal -0.24298017990325857 -0.9700312531945454 0
    outer loop
      vertex 476.52399455558594 5.023936762594096 25.25
      vertex 476.0242241905847 5.14912272211696 20.25
      vertex 476.52399455558594 5.023936762594096 20.25
    endloop
  endfacet
  facet normal 0.04906767432741812 -0.9987954562051724 0
    outer loop
      vertex 475 5.25 25.25
      vertex 474.4854100132698 5.224719815029034 20.25
      vertex 475 5.25 20.25
    endloop
  endfacet
  facet normal -0.04906767432741812 -0.9987954562051724 0
    outer loop
      vertex 475.5145899867302 5.224719815029034 25.25
      vertex 475 5.25 20.25
      vertex 475.5145899867302 5.224719815029034 20.25
    endloop
  endfacet
  facet normal -0.14673047445535914 -0.9891765099647812 0
    outer loop
      vertex 476.0242241905847 5.14912272211696 25.25
      vertex 475.5145899867302 5.224719815029034 20.25
      vertex 476.0242241905847 5.14912272211696 20.25
    endloop
  endfacet
  facet normal -0.33688985339224076 -0.9415440651830135 0
    outer loop
      vertex 477.0090880199167 4.850367545684255 25.25
      vertex 476.52399455558594 5.023936762594096 20.25
      vertex 477.0090880199167 4.850367545684255 20.25
    endloop
  endfacet
  facet normal 0 0 1
    outer loop
      vertex 430.25 0 25.25
      vertex 469.75 0 25.25
      vertex 469.77528018497094 0.5145899867301932 25.25
    endloop
  endfacet
  facet normal 0 0 1
    outer loop
      vertex 430.22471981502906 0.5145899867301932 25.25
      vertex 469.77528018497094 0.5145899867301932 25.25
      vertex 469.85087727788306 1.0242241905846734 25.25
    endloop
  endfacet
  facet normal 0 0 1
    outer loop
      vertex 430.14912272211694 1.0242241905846734 25.25
      vertex 469.85087727788306 1.0242241905846734 25.25
      vertex 469.9760632374059 1.5239945555859273 25.25
    endloop
  endfacet
  facet normal 0 0 1
    outer loop
      vertex 430.0239367625941 1.5239945555859273 25.25
      vertex 469.9760632374059 1.5239945555859273 25.25
      vertex 470.14963245431574 2.0090880199167214 25.25
    endloop
  endfacet
  facet normal 0 0 1
    outer loop
      vertex 429.85036754568426 2.0090880199167214 25.25
      vertex 470.14963245431574 2.0090880199167214 25.25
      vertex 470.36991336217113 2.4748328683364877 25.25
    endloop
  endfacet
  facet normal 0 0 1
    outer loop
      vertex 429.63008663782887 2.4748328683364877 25.25
      vertex 470.36991336217113 2.4748328683364877 25.25
      vertex 470.63478453541165 2.916743723352911 25.25
    endloop
  endfacet
  facet normal 0 0 1
    outer loop
      vertex 429.36521546458835 2.916743723352911 25.25
      vertex 470.63478453541165 2.916743723352911 25.25
      vertex 470.94169511984563 3.330564741859139 25.25
    endloop
  endfacet
  facet normal 0 0 1
    outer loop
      vertex 429.05830488015437 3.330564741859139 25.25
      vertex 470.94169511984563 3.330564741859139 25.25
      vertex 471.2876893987706 3.7123106012293747 25.25
    endloop
  endfacet
  facet normal 0 0 1
    outer loop
      vertex 471.2876893987706 3.7123106012293747 25.25
      vertex 471.6694352581409 4.0583048801543695 25.25
      vertex 428.7123106012294 3.7123106012293747 25.25
    endloop
  endfacet
  facet normal 0 0 1
    outer loop
      vertex 428.3305647418591 4.0583048801543695 25.25
      vertex 471.6694352581409 4.0583048801543695 25.25
      vertex 472.0832562766471 4.3652154645883625 25.25
    endloop
  endfacet
  facet normal 0 0 1
    outer loop
      vertex 427.9167437233529 4.3652154645883625 25.25
      vertex 472.0832562766471 4.3652154645883625 25.25
      vertex 472.5251671316635 4.630086637828864 25.25
    endloop
  endfacet
  facet normal 0 0 1
    outer loop
      vertex 427.4748328683365 4.630086637828864 25.25
      vertex 472.5251671316635 4.630086637828864 25.25
      vertex 472.9909119800833 4.850367545684255 25.25
    endloop
  endfacet
  facet normal 0 0 1
    outer loop
      vertex 427.0090880199167 4.850367545684255 25.25
      vertex 472.9909119800833 4.850367545684255 25.25
      vertex 473.47600544441406 5.023936762594096 25.25
    endloop
  endfacet
  facet normal 0 0 1
    outer loop
      vertex 426.52399455558594 5.023936762594096 25.25
      vertex 473.47600544441406 5.023936762594096 25.25
      vertex 473.9757758094153 5.14912272211696 25.25
    endloop
  endfacet
  facet normal 0 0 1
    outer loop
      vertex 426.0242241905847 5.14912272211696 25.25
      vertex 473.9757758094153 5.14912272211696 25.25
      vertex 474.4854100132698 5.224719815029034 25.25
    endloop
  endfacet
  facet normal 0 0 1
    outer loop
      vertex 426.0242241905847 5.14912272211696 25.25
      vertex 474.4854100132698 5.224719815029034 25.25
      vertex 475 5.25 25.25
    endloop
  endfacet
  facet normal 0.9987954562051751 -0.04906767432736416 0
    outer loop
      vertex 469.77528018497094 0.5145899867301932 25.25
      vertex 469.75 0 25.25
      vertex 469.75 0 20.25
    endloop
  endfacet
  facet normal 0.9891765099647684 -0.14673047445544768 0
    outer loop
      vertex 469.85087727788306 1.0242241905846734 25.25
      vertex 469.77528018497094 0.5145899867301932 25.25
      vertex 469.77528018497094 0.5145899867301932 20.25
    endloop
  endfacet
  facet normal 0.9700312531945424 -0.2429801799032699 0
    outer loop
      vertex 469.9760632374059 1.5239945555859273 25.25
      vertex 469.85087727788306 1.0242241905846734 25.25
      vertex 469.85087727788306 1.0242241905846734 20.25
    endloop
  endfacet
  facet normal 0.9415440651830389 -0.33688985339216904 0
    outer loop
      vertex 470.14963245431574 2.0090880199167214 25.25
      vertex 469.9760632374059 1.5239945555859273 25.25
      vertex 469.9760632374059 1.5239945555859273 20.25
    endloop
  endfacet
  facet normal 0.9039892931234393 -0.4275550934302905 0
    outer loop
      vertex 470.36991336217113 2.4748328683364877 25.25
      vertex 470.14963245431574 2.0090880199167214 25.25
      vertex 470.14963245431574 2.0090880199167214 20.25
    endloop
  endfacet
  facet normal 0.8577286100002544 -0.5141027441932513 0
    outer loop
      vertex 470.63478453541165 2.916743723352911 25.25
      vertex 470.36991336217113 2.4748328683364877 25.25
      vertex 470.36991336217113 2.4748328683364877 20.25
    endloop
  endfacet
  facet normal 0.8032075314806589 -0.5956993044924146 0
    outer loop
      vertex 470.94169511984563 3.330564741859139 25.25
      vertex 470.63478453541165 2.916743723352911 25.25
      vertex 470.63478453541165 2.916743723352911 20.25
    endloop
  endfacet
  facet normal -0.8577286100002544 -0.5141027441932513 0
    outer loop
      vertex 479.63008663782887 2.4748328683364877 25.25
      vertex 479.36521546458835 2.916743723352911 25.25
      vertex 479.36521546458835 2.916743723352911 20.25
    endloop
  endfacet
  facet normal 0.7409511253549629 -0.6715589548470142 0
    outer loop
      vertex 471.2876893987706 3.7123106012293747 25.25
      vertex 470.94169511984563 3.330564741859139 25.25
      vertex 470.94169511984563 3.330564741859139 20.25
    endloop
  endfacet
  facet normal 0.6715589548469996 -0.7409511253549762 0
    outer loop
      vertex 471.2876893987706 3.7123106012293747 25.25
      vertex 471.2876893987706 3.7123106012293747 20.25
      vertex 471.6694352581409 4.0583048801543695 25.25
    endloop
  endfacet
  facet normal 0.5956993044924468 -0.803207531480635 0
    outer loop
      vertex 471.6694352581409 4.0583048801543695 25.25
      vertex 471.6694352581409 4.0583048801543695 20.25
      vertex 472.0832562766471 4.3652154645883625 25.25
    endloop
  endfacet
  facet normal 0.5141027441932157 -0.8577286100002757 0
    outer loop
      vertex 472.0832562766471 4.3652154645883625 25.25
      vertex 472.0832562766471 4.3652154645883625 20.25
      vertex 472.5251671316635 4.630086637828864 25.25
    endloop
  endfacet
  facet normal 0.4275550934302761 -0.9039892931234461 0
    outer loop
      vertex 472.5251671316635 4.630086637828864 25.25
      vertex 472.5251671316635 4.630086637828864 20.25
      vertex 472.9909119800833 4.850367545684255 25.25
    endloop
  endfacet
  facet normal 0.33688985339224076 -0.9415440651830135 0
    outer loop
      vertex 472.9909119800833 4.850367545684255 25.25
      vertex 472.9909119800833 4.850367545684255 20.25
      vertex 473.47600544441406 5.023936762594096 25.25
    endloop
  endfacet
  facet normal -0.8032075314806589 -0.5956993044924146 0
    outer loop
      vertex 479.36521546458835 2.916743723352911 25.25
      vertex 479.05830488015437 3.330564741859139 25.25
      vertex 479.05830488015437 3.330564741859139 20.25
    endloop
  endfacet
  facet normal -0.6715589548469996 -0.7409511253549762 0
    outer loop
      vertex 478.3305647418591 4.0583048801543695 25.25
      vertex 478.3305647418591 4.0583048801543695 20.25
      vertex 478.7123106012294 3.7123106012293747 25.25
    endloop
  endfacet
  facet normal -0.7409511253549629 -0.6715589548470142 0
    outer loop
      vertex 479.05830488015437 3.330564741859139 25.25
      vertex 478.7123106012294 3.7123106012293747 25.25
      vertex 478.7123106012294 3.7123106012293747 20.25
    endloop
  endfacet
  facet normal -0.5141027441932157 -0.8577286100002757 0
    outer loop
      vertex 477.4748328683365 4.630086637828864 25.25
      vertex 477.4748328683365 4.630086637828864 20.25
      vertex 477.9167437233529 4.3652154645883625 25.25
    endloop
  endfacet
  facet normal -0.5956993044924468 -0.803207531480635 0
    outer loop
      vertex 477.9167437233529 4.3652154645883625 25.25
      vertex 477.9167437233529 4.3652154645883625 20.25
      vertex 478.3305647418591 4.0583048801543695 25.25
    endloop
  endfacet
  facet normal 0.24298017990325857 -0.9700312531945454 0
    outer loop
      vertex 473.47600544441406 5.023936762594096 25.25
      vertex 473.47600544441406 5.023936762594096 20.25
      vertex 473.9757758094153 5.14912272211696 25.25
    endloop
  endfacet
  facet normal 0.14673047445535914 -0.9891765099647812 0
    outer loop
      vertex 473.9757758094153 5.14912272211696 25.25
      vertex 473.9757758094153 5.14912272211696 20.25
      vertex 474.4854100132698 5.224719815029034 25.25
    endloop
  endfacet
  facet normal 0.04906767432741812 -0.9987954562051724 0
    outer loop
      vertex 474.4854100132698 5.224719815029034 25.25
      vertex 474.4854100132698 5.224719815029034 20.25
      vertex 475 5.25 25.25
    endloop
  endfacet
  facet normal -0.24298017990325857 -0.9700312531945454 0
    outer loop
      vertex 476.0242241905847 5.14912272211696 25.25
      vertex 476.0242241905847 5.14912272211696 20.25
      vertex 476.52399455558594 5.023936762594096 25.25
    endloop
  endfacet
  facet normal -0.04906767432741812 -0.9987954562051724 0
    outer loop
      vertex 475 5.25 25.25
      vertex 475 5.25 20.25
      vertex 475.5145899867302 5.224719815029034 25.25
    endloop
  endfacet
  facet normal -0.14673047445535914 -0.9891765099647812 0
    outer loop
      vertex 475.5145899867302 5.224719815029034 25.25
      vertex 475.5145899867302 5.224719815029034 20.25
      vertex 476.0242241905847 5.14912272211696 25.25
    endloop
  endfacet
  facet normal -0.4275550934302761 -0.9039892931234461 0
    outer loop
      vertex 477.0090880199167 4.850367545684255 25.25
      vertex 477.0090880199167 4.850367545684255 20.25
      vertex 477.4748328683365 4.630086637828864 25.25
    endloop
  endfacet
  facet normal -0.33688985339224076 -0.9415440651830135 0
    outer loop
      vertex 476.52399455558594 5.023936762594096 25.25
      vertex 476.52399455558594 5.023936762594096 20.25
      vertex 477.0090880199167 4.850367545684255 25.25
    endloop
  endfacet
  facet normal 0 0 -1
    outer loop
      vertex 500.25 20.25 20.25
      vertex 473.47600544441406 5.023936762594096 20.25
      vertex 426.52399455558594 5.023936762594096 20.25
    endloop
  endfacet
  facet normal 0 0 1
    outer loop
      vertex 500.25 20.25 25.25
      vertex 426.0242241905847 5.14912272211696 25.25
      vertex 475 5.25 25.25
    endloop
  endfacet
  facet normal -0.9987954562051751 -0.04906767432736416 0
    outer loop
      vertex 480.25 0 20.25
      vertex 480.25 0 25.25
      vertex 480.22471981502906 0.5145899867301932 20.25
    endloop
  endfacet
  facet normal -0.9891765099647684 -0.14673047445544768 0
    outer loop
      vertex 480.22471981502906 0.5145899867301932 25.25
      vertex 480.14912272211694 1.0242241905846734 20.25
      vertex 480.22471981502906 0.5145899867301932 20.25
    endloop
  endfacet
  facet normal -0.9700312531945424 -0.2429801799032699 0
    outer loop
      vertex 480.14912272211694 1.0242241905846734 25.25
      vertex 480.0239367625941 1.5239945555859273 20.25
      vertex 480.14912272211694 1.0242241905846734 20.25
    endloop
  endfacet
  facet normal -0.9415440651830389 -0.33688985339216904 0
    outer loop
      vertex 480.0239367625941 1.5239945555859273 25.25
      vertex 479.85036754568426 2.0090880199167214 20.25
      vertex 480.0239367625941 1.5239945555859273 20.25
    endloop
  endfacet
  facet normal -0.9039892931234393 -0.4275550934302905 0
    outer loop
      vertex 479.85036754568426 2.0090880199167214 25.25
      vertex 479.63008663782887 2.4748328683364877 20.25
      vertex 479.85036754568426 2.0090880199167214 20.25
    endloop
  endfacet
  facet normal 0 0 -1
    outer loop
      vertex 500.25 20.25 20.25
      vertex 479.85036754568426 -2.0090880199167214 20.25
      vertex 480.0239367625941 -1.5239945555859273 20.25
    endloop
  endfacet
  facet normal 0 0 -1
    outer loop
      vertex 500.25 20.25 20.25
      vertex 480.0239367625941 -1.5239945555859273 20.25
      vertex 480.14912272211694 -1.0242241905846734 20.25
    endloop
  endfacet
  facet normal 0 0 -1
    outer loop
      vertex 500.25 20.25 20.25
      vertex 480.14912272211694 -1.0242241905846734 20.25
      vertex 480.22471981502906 -0.5145899867301932 20.25
    endloop
  endfacet
  facet normal -0.9987954562051751 -0.04906767432736416 0
    outer loop
      vertex 480.25 0 25.25
      vertex 480.22471981502906 0.5145899867301932 25.25
      vertex 480.22471981502906 0.5145899867301932 20.25
    endloop
  endfacet
  facet normal -0.9891765099647684 -0.14673047445544768 0
    outer loop
      vertex 480.22471981502906 0.5145899867301932 25.25
      vertex 480.14912272211694 1.0242241905846734 25.25
      vertex 480.14912272211694 1.0242241905846734 20.25
    endloop
  endfacet
  facet normal -0.9700312531945424 -0.2429801799032699 0
    outer loop
      vertex 480.14912272211694 1.0242241905846734 25.25
      vertex 480.0239367625941 1.5239945555859273 25.25
      vertex 480.0239367625941 1.5239945555859273 20.25
    endloop
  endfacet
  facet normal -0.9415440651830389 -0.33688985339216904 0
    outer loop
      vertex 480.0239367625941 1.5239945555859273 25.25
      vertex 479.85036754568426 2.0090880199167214 25.25
      vertex 479.85036754568426 2.0090880199167214 20.25
    endloop
  endfacet
  facet normal -0.9039892931234393 -0.4275550934302905 0
    outer loop
      vertex 479.85036754568426 2.0090880199167214 25.25
      vertex 479.63008663782887 2.4748328683364877 25.25
      vertex 479.63008663782887 2.4748328683364877 20.25
    endloop
  endfacet
  facet normal 0 0 1
    outer loop
      vertex 500.25 -20.25 25.25
      vertex 500.25 20.25 25.25
      vertex 480.25 0 25.25
    endloop
  endfacet
  facet normal 0 0 -1
    outer loop
      vertex 500.25 20.25 20.25
      vertex 479.05830488015437 3.330564741859139 20.25
      vertex 478.7123106012294 3.7123106012293747 20.25
    endloop
  endfacet
  facet normal 0 0 -1
    outer loop
      vertex 500.25 20.25 20.25
      vertex 478.7123106012294 3.7123106012293747 20.25
      vertex 478.3305647418591 4.0583048801543695 20.25
    endloop
  endfacet
  facet normal 0 0 -1
    outer loop
      vertex 500.25 20.25 20.25
      vertex 480.22471981502906 -0.5145899867301932 20.25
      vertex 480.25 0 20.25
    endloop
  endfacet
  facet normal 0 0 -1
    outer loop
      vertex 500.25 20.25 20.25
      vertex 480.25 0 20.25
      vertex 480.22471981502906 0.5145899867301932 20.25
    endloop
  endfacet
  facet normal 0 0 -1
    outer loop
      vertex 500.25 20.25 20.25
      vertex 480.22471981502906 0.5145899867301932 20.25
      vertex 480.14912272211694 1.0242241905846734 20.25
    endloop
  endfacet
  facet normal 0 0 -1
    outer loop
      vertex 500.25 20.25 20.25
      vertex 480.14912272211694 1.0242241905846734 20.25
      vertex 480.0239367625941 1.5239945555859273 20.25
    endloop
  endfacet
  facet normal 0 0 -1
    outer loop
      vertex 500.25 20.25 20.25
      vertex 480.0239367625941 1.5239945555859273 20.25
      vertex 479.85036754568426 2.0090880199167214 20.25
    endloop
  endfacet
  facet normal 0 0 -1
    outer loop
      vertex 500.25 20.25 20.25
      vertex 479.85036754568426 2.0090880199167214 20.25
      vertex 479.63008663782887 2.4748328683364877 20.25
    endloop
  endfacet
  facet normal 0 0 -1
    outer loop
      vertex 500.25 20.25 20.25
      vertex 479.63008663782887 2.4748328683364877 20.25
      vertex 479.36521546458835 2.916743723352911 20.25
    endloop
  endfacet
  facet normal 0 0 -1
    outer loop
      vertex 500.25 20.25 20.25
      vertex 479.36521546458835 2.916743723352911 20.25
      vertex 479.05830488015437 3.330564741859139 20.25
    endloop
  endfacet
  facet normal 0 0 -1
    outer loop
      vertex 500.25 20.25 20.25
      vertex 473.9757758094153 5.14912272211696 20.25
      vertex 473.47600544441406 5.023936762594096 20.25
    endloop
  endfacet
  facet normal 0 0 -1
    outer loop
      vertex 500.25 20.25 20.25
      vertex 474.4854100132698 5.224719815029034 20.25
      vertex 473.9757758094153 5.14912272211696 20.25
    endloop
  endfacet
  facet normal 0 0 -1
    outer loop
      vertex 500.25 20.25 20.25
      vertex 475 5.25 20.25
      vertex 474.4854100132698 5.224719815029034 20.25
    endloop
  endfacet
  facet normal 0 0 -1
    outer loop
      vertex 500.25 20.25 20.25
      vertex 475.5145899867302 5.224719815029034 20.25
      vertex 475 5.25 20.25
    endloop
  endfacet
  facet normal 0 0 -1
    outer loop
      vertex 500.25 20.25 20.25
      vertex 476.0242241905847 5.14912272211696 20.25
      vertex 475.5145899867302 5.224719815029034 20.25
    endloop
  endfacet
  facet normal 0 0 -1
    outer loop
      vertex 500.25 20.25 20.25
      vertex 476.52399455558594 5.023936762594096 20.25
      vertex 476.0242241905847 5.14912272211696 20.25
    endloop
  endfacet
  facet normal 0 0 -1
    outer loop
      vertex 500.25 20.25 20.25
      vertex 477.9167437233529 4.3652154645883625 20.25
      vertex 477.4748328683365 4.630086637828864 20.25
    endloop
  endfacet
  facet normal 0 0 -1
    outer loop
      vertex 500.25 20.25 20.25
      vertex 478.3305647418591 4.0583048801543695 20.25
      vertex 477.9167437233529 4.3652154645883625 20.25
    endloop
  endfacet
  facet normal 0 0 -1
    outer loop
      vertex 500.25 20.25 20.25
      vertex 477.0090880199167 4.850367545684255 20.25
      vertex 476.52399455558594 5.023936762594096 20.25
    endloop
  endfacet
  facet normal 0 0 -1
    outer loop
      vertex 500.25 20.25 20.25
      vertex 477.4748328683365 4.630086637828864 20.25
      vertex 477.0090880199167 4.850367545684255 20.25
    endloop
  endfacet
  facet normal 0 0 1
    outer loop
      vertex 500.25 20.25 25.25
      vertex 478.7123106012294 3.7123106012293747 25.25
      vertex 479.05830488015437 3.330564741859139 25.25
    endloop
  endfacet
  facet normal 0 0 1
    outer loop
      vertex 500.25 20.25 25.25
      vertex 478.3305647418591 4.0583048801543695 25.25
      vertex 478.7123106012294 3.7123106012293747 25.25
    endloop
  endfacet
  facet normal 0 0 1
    outer loop
      vertex 500.25 20.25 25.25
      vertex 480.22471981502906 0.5145899867301932 25.25
      vertex 480.25 0 25.25
    endloop
  endfacet
  facet normal 0 0 1
    outer loop
      vertex 500.25 20.25 25.25
      vertex 480.14912272211694 1.0242241905846734 25.25
      vertex 480.22471981502906 0.5145899867301932 25.25
    endloop
  endfacet
  facet normal 0 0 1
    outer loop
      vertex 500.25 20.25 25.25
      vertex 480.0239367625941 1.5239945555859273 25.25
      vertex 480.14912272211694 1.0242241905846734 25.25
    endloop
  endfacet
  facet normal 0 0 1
    outer loop
      vertex 500.25 20.25 25.25
      vertex 479.85036754568426 2.0090880199167214 25.25
      vertex 480.0239367625941 1.5239945555859273 25.25
    endloop
  endfacet
  facet normal 0 0 1
    outer loop
      vertex 500.25 20.25 25.25
      vertex 479.63008663782887 2.4748328683364877 25.25
      vertex 479.85036754568426 2.0090880199167214 25.25
    endloop
  endfacet
  facet normal 0 0 1
    outer loop
      vertex 500.25 20.25 25.25
      vertex 479.36521546458835 2.916743723352911 25.25
      vertex 479.63008663782887 2.4748328683364877 25.25
    endloop
  endfacet
  facet normal 0 0 1
    outer loop
      vertex 500.25 20.25 25.25
      vertex 479.05830488015437 3.330564741859139 25.25
      vertex 479.36521546458835 2.916743723352911 25.25
    endloop
  endfacet
  facet normal 0 0 1
    outer loop
      vertex 500.25 20.25 25.25
      vertex 475 5.25 25.25
      vertex 475.5145899867302 5.224719815029034 25.25
    endloop
  endfacet
  facet normal 0 0 1
    outer loop
      vertex 500.25 20.25 25.25
      vertex 475.5145899867302 5.224719815029034 25.25
      vertex 476.0242241905847 5.14912272211696 25.25
    endloop
  endfacet
  facet normal 0 0 1
    outer loop
      vertex 500.25 20.25 25.25
      vertex 476.0242241905847 5.14912272211696 25.25
      vertex 476.52399455558594 5.023936762594096 25.25
    endloop
  endfacet
  facet normal 0 0 1
    outer loop
      vertex 500.25 20.25 25.25
      vertex 477.4748328683365 4.630086637828864 25.25
      vertex 477.9167437233529 4.3652154645883625 25.25
    endloop
  endfacet
  facet normal 0 0 1
    outer loop
      vertex 500.25 20.25 25.25
      vertex 477.9167437233529 4.3652154645883625 25.25
      vertex 478.3305647418591 4.0583048801543695 25.25
    endloop
  endfacet
  facet normal 0 0 1
    outer loop
      vertex 500.25 20.25 25.25
      vertex 476.52399455558594 5.023936762594096 25.25
      vertex 477.0090880199167 4.850367545684255 25.25
    endloop
  endfacet
  facet normal 0 0 1
    outer loop
      vertex 500.25 20.25 25.25
      vertex 477.0090880199167 4.850367545684255 25.25
      vertex 477.4748328683365 4.630086637828864 25.25
    endloop
  endfacet
  facet normal 0 0 1
    outer loop
      vertex 505.25 -25.25 25.25
      vertex 500.25 25.25 25.25
      vertex 500.25 20.25 25.25
    endloop
  endfacet
  facet normal 0 0 1
    outer loop
      vertex 505.25 -25.25 25.25
      vertex 505.25 25.25 25.25
      vertex 500.25 25.25 25.25
    endloop
  endfacet
  facet normal 0 1 0
    outer loop
      vertex 505.25 25.25 0.25
      vertex 500.25 25.25 20.25
      vertex 500.25 25.25 25.25
    endloop
  endfacet
  facet normal 0 1 0
    outer loop
      vertex 505.25 25.25 0.25
      vertex 500.25 25.25 25.25
      vertex 505.25 25.25 25.25
    endloop
  endfacet
endsolid OpenSCAD_Model
