solid OpenSCAD_Model
  facet normal -0.7409511253549599 0.6715589548470174 0
    outer loop
      vertex -7.923357146968054 6.502531162677366 7
      vertex -7.247844507162113 7.247844507162113 7
      vertex -7.923357146968054 6.502531162677366 2
    endloop
  endfacet
  facet normal -0.6715589548470174 0.7409511253549599 0
    outer loop
      vertex -6.502531162677366 7.923357146968054 7
      vertex -6.502531162677366 7.923357146968054 2
      vertex -7.247844507162113 7.247844507162113 7
    endloop
  endfacet
  facet normal -0.8032075314806455 0.5956993044924326 0
    outer loop
      vertex -7.923357146968054 6.502531162677366 7
      vertex -7.923357146968054 6.502531162677366 2
      vertex -8.522563526101088 5.694594888450922 2
    endloop
  endfacet
  facet normal -0.5956993044924326 0.8032075314806455 0
    outer loop
      vertex -6.502531162677366 7.923357146968054 7
      vertex -5.694594888450922 8.522563526101088 2
      vertex -6.502531162677366 7.923357146968054 2
    endloop
  endfacet
  facet normal -0.7409511253549599 0.6715589548470174 0
    outer loop
      vertex -7.247844507162113 7.247844507162113 7
      vertex -7.247844507162113 7.247844507162113 2
      vertex -7.923357146968054 6.502531162677366 2
    endloop
  endfacet
  facet normal -0.6715589548470174 0.7409511253549599 0
    outer loop
      vertex -7.247844507162113 7.247844507162113 7
      vertex -6.502531162677366 7.923357146968054 2
      vertex -7.247844507162113 7.247844507162113 2
    endloop
  endfacet
  facet normal -0.903989293123443 0.4275550934302826 0
    outer loop
      vertex -9.46976520824069 3.9225051817421703 7
      vertex -9.039692959570639 4.831816552466476 7
      vertex -9.46976520824069 3.9225051817421703 2
    endloop
  endfacet
  facet normal -0.9415440651830207 0.3368898533922199 0
    outer loop
      vertex -9.46976520824069 3.9225051817421703 7
      vertex -9.808638441255141 2.9754179418582387 2
      vertex -9.808638441255141 2.9754179418582387 7
    endloop
  endfacet
  facet normal 0 0 1
    outer loop
      vertex -10.053049124133112 1.9996758006653146 7
      vertex -10.200643448390018 1.0046756883779961 7
      vertex -10.053049124133112 -1.9996758006653146 7
    endloop
  endfacet
  facet normal 0 0 1
    outer loop
      vertex -9.46976520824069 3.9225051817421703 7
      vertex -9.808638441255141 2.9754179418582387 7
      vertex -9.46976520824069 -3.9225051817421703 7
    endloop
  endfacet
  facet normal 0 0 1
    outer loop
      vertex -10.053049124133112 1.9996758006653146 7
      vertex -9.808638441255141 -2.9754179418582387 7
      vertex -9.808638441255141 2.9754179418582387 7
    endloop
  endfacet
  facet normal -0.970031253194544 0.24298017990326404 0
    outer loop
      vertex -10.053049124133112 1.9996758006653146 7
      vertex -9.808638441255141 2.9754179418582387 7
      vertex -10.053049124133112 1.9996758006653146 2
    endloop
  endfacet
  facet normal -0.9891765099647809 0.14673047445536136 0
    outer loop
      vertex -10.053049124133112 1.9996758006653146 7
      vertex -10.200643448390018 1.0046756883779961 2
      vertex -10.200643448390018 1.0046756883779961 7
    endloop
  endfacet
  facet normal -0.9987954562051724 0.04906767432741819 0
    outer loop
      vertex -10.200643448390018 1.0046756883779961 7
      vertex -10.25 0 2
      vertex -10.25 0 7
    endloop
  endfacet
  facet normal -0.8577286100002717 0.5141027441932222 0
    outer loop
      vertex -8.522563526101088 5.694594888450922 7
      vertex -9.039692959570639 4.831816552466476 2
      vertex -9.039692959570639 4.831816552466476 7
    endloop
  endfacet
  facet normal -0.8032075314806455 0.5956993044924326 0
    outer loop
      vertex -7.923357146968054 6.502531162677366 7
      vertex -8.522563526101088 5.694594888450922 2
      vertex -8.522563526101088 5.694594888450922 7
    endloop
  endfacet
  facet normal 0 0 1
    outer loop
      vertex -8.522563526101088 5.694594888450922 7
      vertex -9.039692959570639 4.831816552466476 7
      vertex -8.522563526101088 -5.694594888450922 7
    endloop
  endfacet
  facet normal 0 0 1
    outer loop
      vertex -7.923357146968054 6.502531162677366 7
      vertex -8.522563526101088 5.694594888450922 7
      vertex -7.923357146968054 -6.502531162677366 7
    endloop
  endfacet
  facet normal 0 0 1
    outer loop
      vertex -9.46976520824069 3.9225051817421703 7
      vertex -9.039692959570639 -4.831816552466476 7
      vertex -9.039692959570639 4.831816552466476 7
    endloop
  endfacet
  facet normal 0 0 1
    outer loop
      vertex -7.923357146968054 6.502531162677366 7
      vertex -7.247844507162113 -7.247844507162113 7
      vertex -7.247844507162113 7.247844507162113 7
    endloop
  endfacet
  facet normal 0 0 1
    outer loop
      vertex -6.502531162677366 7.923357146968054 7
      vertex -7.247844507162113 7.247844507162113 7
      vertex -6.502531162677366 -7.923357146968054 7
    endloop
  endfacet
  facet normal -0.9415440651830207 0.3368898533922199 0
    outer loop
      vertex -9.46976520824069 3.9225051817421703 7
      vertex -9.46976520824069 3.9225051817421703 2
      vertex -9.808638441255141 2.9754179418582387 2
    endloop
  endfacet
  facet normal -0.9891765099647809 0.14673047445536136 0
    outer loop
      vertex -10.053049124133112 1.9996758006653146 7
      vertex -10.053049124133112 1.9996758006653146 2
      vertex -10.200643448390018 1.0046756883779961 2
    endloop
  endfacet
  facet normal -0.970031253194544 0.24298017990326404 0
    outer loop
      vertex -9.808638441255141 2.9754179418582387 7
      vertex -9.808638441255141 2.9754179418582387 2
      vertex -10.053049124133112 1.9996758006653146 2
    endloop
  endfacet
  facet normal -0.9987954562051724 0.04906767432741819 0
    outer loop
      vertex -10.200643448390018 1.0046756883779961 7
      vertex -10.200643448390018 1.0046756883779961 2
      vertex -10.25 0 2
    endloop
  endfacet
  facet normal -0.8577286100002717 0.5141027441932222 0
    outer loop
      vertex -8.522563526101088 5.694594888450922 7
      vertex -8.522563526101088 5.694594888450922 2
      vertex -9.039692959570639 4.831816552466476 2
    endloop
  endfacet
  facet normal -0.903989293123443 0.4275550934302826 0
    outer loop
      vertex -9.039692959570639 4.831816552466476 7
      vertex -9.039692959570639 4.831816552466476 2
      vertex -9.46976520824069 3.9225051817421703 2
    endloop
  endfacet
  facet normal -0.4275550934302826 0.903989293123443 0
    outer loop
      vertex -3.9225051817421703 9.46976520824069 7
      vertex -3.9225051817421703 9.46976520824069 2
      vertex -4.831816552466476 9.039692959570639 7
    endloop
  endfacet
  facet normal -0.3368898533922199 0.9415440651830207 0
    outer loop
      vertex -3.9225051817421703 9.46976520824069 7
      vertex -2.9754179418582387 9.808638441255141 7
      vertex -2.9754179418582387 9.808638441255141 2
    endloop
  endfacet
  facet normal 0 0 1
    outer loop
      vertex -5.694594888450922 8.522563526101088 7
      vertex -4.630086637828864 2.4748328683364877 7
      vertex -4.831816552466476 9.039692959570639 7
    endloop
  endfacet
  facet normal 0 0 1
    outer loop
      vertex -3.9225051817421703 9.46976520824069 7
      vertex -2.916743723352911 4.3652154645883625 7
      vertex -2.9754179418582387 9.808638441255141 7
    endloop
  endfacet
  facet normal 0 0 1
    outer loop
      vertex -3.9225051817421703 9.46976520824069 7
      vertex -4.831816552466476 9.039692959570639 7
      vertex -3.7123106012293747 3.7123106012293747 7
    endloop
  endfacet
  facet normal -0.5956993044924326 0.8032075314806455 0
    outer loop
      vertex -6.502531162677366 7.923357146968054 7
      vertex -5.694594888450922 8.522563526101088 7
      vertex -5.694594888450922 8.522563526101088 2
    endloop
  endfacet
  facet normal -0.5141027441932222 0.8577286100002717 0
    outer loop
      vertex -5.694594888450922 8.522563526101088 7
      vertex -4.831816552466476 9.039692959570639 7
      vertex -4.831816552466476 9.039692959570639 2
    endloop
  endfacet
  facet normal -0.24298017990326404 0.970031253194544 0
    outer loop
      vertex -2.9754179418582387 9.808638441255141 7
      vertex -1.9996758006653146 10.053049124133112 7
      vertex -1.9996758006653146 10.053049124133112 2
    endloop
  endfacet
  facet normal -0.14673047445536136 0.9891765099647809 0
    outer loop
      vertex -1.9996758006653146 10.053049124133112 7
      vertex -1.0046756883779961 10.200643448390018 7
      vertex -1.0046756883779961 10.200643448390018 2
    endloop
  endfacet
  facet normal -0.04906767432741819 0.9987954562051724 0
    outer loop
      vertex -1.0046756883779961 10.200643448390018 7
      vertex 0 10.25 7
      vertex 0 10.25 2
    endloop
  endfacet
  facet normal 0 0 1
    outer loop
      vertex -2.9754179418582387 9.808638441255141 7
      vertex -1.5239945555859273 5.023936762594096 7
      vertex -1.9996758006653146 10.053049124133112 7
    endloop
  endfacet
  facet normal 0 0 1
    outer loop
      vertex -2.9754179418582387 9.808638441255141 7
      vertex -2.916743723352911 4.3652154645883625 7
      vertex -2.4748328683364877 4.630086637828864 7
    endloop
  endfacet
  facet normal 0 0 1
    outer loop
      vertex -2.9754179418582387 9.808638441255141 7
      vertex -2.4748328683364877 4.630086637828864 7
      vertex -2.0090880199167214 4.850367545684255 7
    endloop
  endfacet
  facet normal 0 0 1
    outer loop
      vertex -2.9754179418582387 9.808638441255141 7
      vertex -2.0090880199167214 4.850367545684255 7
      vertex -1.5239945555859273 5.023936762594096 7
    endloop
  endfacet
  facet normal 0 0 1
    outer loop
      vertex -1.9996758006653146 10.053049124133112 7
      vertex -0.5145899867301932 5.224719815029034 7
      vertex -1.0046756883779961 10.200643448390018 7
    endloop
  endfacet
  facet normal 0 0 1
    outer loop
      vertex -1.0046756883779961 10.200643448390018 7
      vertex -0.5145899867301932 5.224719815029034 7
      vertex 0 10.25 7
    endloop
  endfacet
  facet normal 0 0 1
    outer loop
      vertex -1.9996758006653146 10.053049124133112 7
      vertex -1.5239945555859273 5.023936762594096 7
      vertex -1.0242241905846734 5.14912272211696 7
    endloop
  endfacet
  facet normal 0 0 1
    outer loop
      vertex -1.9996758006653146 10.053049124133112 7
      vertex -1.0242241905846734 5.14912272211696 7
      vertex -0.5145899867301932 5.224719815029034 7
    endloop
  endfacet
  facet normal 0 0 1
    outer loop
      vertex 0 10.25 7
      vertex -0.5145899867301932 5.224719815029034 7
      vertex 0 5.25 7
    endloop
  endfacet
  facet normal -0.3368898533922199 0.9415440651830207 0
    outer loop
      vertex -3.9225051817421703 9.46976520824069 7
      vertex -2.9754179418582387 9.808638441255141 2
      vertex -3.9225051817421703 9.46976520824069 2
    endloop
  endfacet
  facet normal -0.5141027441932222 0.8577286100002717 0
    outer loop
      vertex -5.694594888450922 8.522563526101088 7
      vertex -4.831816552466476 9.039692959570639 2
      vertex -5.694594888450922 8.522563526101088 2
    endloop
  endfacet
  facet normal -0.4275550934302826 0.903989293123443 0
    outer loop
      vertex -4.831816552466476 9.039692959570639 7
      vertex -3.9225051817421703 9.46976520824069 2
      vertex -4.831816552466476 9.039692959570639 2
    endloop
  endfacet
  facet normal -0.24298017990326404 0.970031253194544 0
    outer loop
      vertex -2.9754179418582387 9.808638441255141 7
      vertex -1.9996758006653146 10.053049124133112 2
      vertex -2.9754179418582387 9.808638441255141 2
    endloop
  endfacet
  facet normal -0.14673047445536136 0.9891765099647809 0
    outer loop
      vertex -1.9996758006653146 10.053049124133112 7
      vertex -1.0046756883779961 10.200643448390018 2
      vertex -1.9996758006653146 10.053049124133112 2
    endloop
  endfacet
  facet normal -0.04906767432741819 0.9987954562051724 0
    outer loop
      vertex -1.0046756883779961 10.200643448390018 7
      vertex 0 10.25 2
      vertex -1.0046756883779961 10.200643448390018 2
    endloop
  endfacet
  facet normal 0 0 1
    outer loop
      vertex -4.831816552466476 9.039692959570639 7
      vertex -4.630086637828864 2.4748328683364877 7
      vertex -4.3652154645883625 2.916743723352911 7
    endloop
  endfacet
  facet normal 0 0 1
    outer loop
      vertex -5.694594888450922 8.522563526101088 7
      vertex -4.850367545684255 2.0090880199167214 7
      vertex -4.630086637828864 2.4748328683364877 7
    endloop
  endfacet
  facet normal 0 0 1
    outer loop
      vertex -5.694594888450922 8.522563526101088 7
      vertex -5.023936762594096 1.5239945555859273 7
      vertex -4.850367545684255 2.0090880199167214 7
    endloop
  endfacet
  facet normal 0 0 1
    outer loop
      vertex -5.694594888450922 8.522563526101088 7
      vertex -5.14912272211696 1.0242241905846734 7
      vertex -5.023936762594096 1.5239945555859273 7
    endloop
  endfacet
  facet normal 0 0 1
    outer loop
      vertex -5.694594888450922 8.522563526101088 7
      vertex -5.224719815029034 0.5145899867301932 7
      vertex -5.14912272211696 1.0242241905846734 7
    endloop
  endfacet
  facet normal 0 0 1
    outer loop
      vertex -4.831816552466476 9.039692959570639 7
      vertex -4.0583048801543695 3.330564741859139 7
      vertex -3.7123106012293747 3.7123106012293747 7
    endloop
  endfacet
  facet normal 0 0 1
    outer loop
      vertex -4.831816552466476 9.039692959570639 7
      vertex -4.3652154645883625 2.916743723352911 7
      vertex -4.0583048801543695 3.330564741859139 7
    endloop
  endfacet
  facet normal 0 0 1
    outer loop
      vertex -3.9225051817421703 9.46976520824069 7
      vertex -3.7123106012293747 3.7123106012293747 7
      vertex -3.330564741859139 4.0583048801543695 7
    endloop
  endfacet
  facet normal 0 0 1
    outer loop
      vertex -3.9225051817421703 9.46976520824069 7
      vertex -3.330564741859139 4.0583048801543695 7
      vertex -2.916743723352911 4.3652154645883625 7
    endloop
  endfacet
  facet normal 0 0 1
    outer loop
      vertex -6.502531162677366 7.923357146968054 7
      vertex -5.694594888450922 -8.522563526101088 7
      vertex -5.694594888450922 8.522563526101088 7
    endloop
  endfacet
  facet normal 0 0 1
    outer loop
      vertex -5.694594888450922 8.522563526101088 7
      vertex -5.25 0 7
      vertex -5.224719815029034 0.5145899867301932 7
    endloop
  endfacet
  facet normal 0.7409511253549591 -0.6715589548470184 0
    outer loop
      vertex -3.7123106012293747 3.7123106012293747 7
      vertex -4.0583048801543695 3.330564741859139 7
      vertex -4.0583048801543695 3.330564741859139 0
    endloop
  endfacet
  facet normal 0.5956993044924324 -0.8032075314806457 0
    outer loop
      vertex -3.330564741859139 4.0583048801543695 7
      vertex -3.330564741859139 4.0583048801543695 0
      vertex -2.916743723352911 4.3652154645883625 7
    endloop
  endfacet
  facet normal 0.6715589548470184 -0.7409511253549591 0
    outer loop
      vertex -3.7123106012293747 3.7123106012293747 7
      vertex -3.7123106012293747 3.7123106012293747 0
      vertex -3.330564741859139 4.0583048801543695 7
    endloop
  endfacet
  facet normal 0.9039892931234433 -0.4275550934302821 0
    outer loop
      vertex -4.630086637828864 2.4748328683364877 7
      vertex -4.850367545684255 2.0090880199167214 7
      vertex -4.850367545684255 2.0090880199167214 0
    endloop
  endfacet
  facet normal 0.941544065183021 -0.3368898533922196 0
    outer loop
      vertex -4.850367545684255 2.0090880199167214 7
      vertex -5.023936762594096 1.5239945555859273 7
      vertex -5.023936762594096 1.5239945555859273 0
    endloop
  endfacet
  facet normal 0.9700312531945436 -0.24298017990326504 0
    outer loop
      vertex -5.023936762594096 1.5239945555859273 7
      vertex -5.14912272211696 1.0242241905846734 7
      vertex -5.14912272211696 1.0242241905846734 0
    endloop
  endfacet
  facet normal 0.9891765099647809 -0.1467304744553616 0
    outer loop
      vertex -5.14912272211696 1.0242241905846734 7
      vertex -5.224719815029034 0.5145899867301932 7
      vertex -5.224719815029034 0.5145899867301932 0
    endloop
  endfacet
  facet normal 0.9987954562051724 -0.049067674327417474 0
    outer loop
      vertex -5.224719815029034 0.5145899867301932 7
      vertex -5.25 0 7
      vertex -5.25 0 0
    endloop
  endfacet
  facet normal 0.8032075314806457 -0.5956993044924324 0
    outer loop
      vertex -4.0583048801543695 3.330564741859139 7
      vertex -4.3652154645883625 2.916743723352911 7
      vertex -4.3652154645883625 2.916743723352911 0
    endloop
  endfacet
  facet normal 0.8577286100002718 -0.5141027441932221 0
    outer loop
      vertex -4.3652154645883625 2.916743723352911 7
      vertex -4.630086637828864 2.4748328683364877 7
      vertex -4.630086637828864 2.4748328683364877 0
    endloop
  endfacet
  facet normal 0.4275550934302821 -0.9039892931234433 0
    outer loop
      vertex -2.4748328683364877 4.630086637828864 7
      vertex -2.4748328683364877 4.630086637828864 0
      vertex -2.0090880199167214 4.850367545684255 7
    endloop
  endfacet
  facet normal 0.3368898533922196 -0.941544065183021 0
    outer loop
      vertex -1.5239945555859273 5.023936762594096 7
      vertex -2.0090880199167214 4.850367545684255 7
      vertex -2.0090880199167214 4.850367545684255 0
    endloop
  endfacet
  facet normal 0.5141027441932221 -0.8577286100002718 0
    outer loop
      vertex -2.916743723352911 4.3652154645883625 0
      vertex -2.4748328683364877 4.630086637828864 7
      vertex -2.916743723352911 4.3652154645883625 7
    endloop
  endfacet
  facet normal 0.24298017990326504 -0.9700312531945436 0
    outer loop
      vertex -1.5239945555859273 5.023936762594096 7
      vertex -1.5239945555859273 5.023936762594096 0
      vertex -1.0242241905846734 5.14912272211696 7
    endloop
  endfacet
  facet normal 0.1467304744553616 -0.9891765099647809 0
    outer loop
      vertex -0.5145899867301932 5.224719815029034 7
      vertex -1.0242241905846734 5.14912272211696 7
      vertex -1.0242241905846734 5.14912272211696 0
    endloop
  endfacet
  facet normal 0.049067674327417474 -0.9987954562051724 0
    outer loop
      vertex -0.5145899867301932 5.224719815029034 7
      vertex -0.5145899867301932 5.224719815029034 0
      vertex 0 5.25 7
    endloop
  endfacet
  facet normal 0 0 1
    outer loop
      vertex -9.469378053693529 7.7713177310046575 2
      vertex -10.18550275070618 6.8057353544901265 2
      vertex -9.46976520824069 3.9225051817421703 2
    endloop
  endfacet
  facet normal 0 0 1
    outer loop
      vertex -6.8057353544901265 10.18550275070618 2
      vertex -6.502531162677366 7.923357146968054 2
      vertex -5.774610026118471 10.80353548826735 2
    endloop
  endfacet
  facet normal 0 0 1
    outer loop
      vertex -7.7713177310046575 9.469378053693529 2
      vertex -8.662058069535208 8.662058069535208 2
      vertex -7.923357146968054 6.502531162677366 2
    endloop
  endfacet
  facet normal 0 0 1
    outer loop
      vertex -9.469378053693529 7.7713177310046575 2
      vertex -9.039692959570639 4.831816552466476 2
      vertex -8.662058069535208 8.662058069535208 2
    endloop
  endfacet
  facet normal 0 0 1
    outer loop
      vertex -8.662058069535208 8.662058069535208 2
      vertex -9.039692959570639 4.831816552466476 2
      vertex -8.522563526101088 5.694594888450922 2
    endloop
  endfacet
  facet normal 0 0 1
    outer loop
      vertex -8.662058069535208 8.662058069535208 2
      vertex -8.522563526101088 5.694594888450922 2
      vertex -7.923357146968054 6.502531162677366 2
    endloop
  endfacet
  facet normal 0 0 1
    outer loop
      vertex -7.7713177310046575 9.469378053693529 2
      vertex -7.247844507162113 7.247844507162113 2
      vertex -6.8057353544901265 10.18550275070618 2
    endloop
  endfacet
  facet normal 0 0 1
    outer loop
      vertex -7.7713177310046575 9.469378053693529 2
      vertex -7.923357146968054 6.502531162677366 2
      vertex -7.247844507162113 7.247844507162113 2
    endloop
  endfacet
  facet normal 0 0 1
    outer loop
      vertex -6.8057353544901265 10.18550275070618 2
      vertex -7.247844507162113 7.247844507162113 2
      vertex -6.502531162677366 7.923357146968054 2
    endloop
  endfacet
  facet normal -0.7409511253549593 0.6715589548470183 0
    outer loop
      vertex -9.469378053693529 7.7713177310046575 2
      vertex -8.662058069535208 8.662058069535208 2
      vertex -9.469378053693529 7.7713177310046575 0
    endloop
  endfacet
  facet normal -0.8032075314806454 0.5956993044924328 0
    outer loop
      vertex -9.469378053693529 7.7713177310046575 2
      vertex -10.18550275070618 6.8057353544901265 0
      vertex -10.18550275070618 6.8057353544901265 2
    endloop
  endfacet
  facet normal -0.8577286100002717 0.5141027441932223 0
    outer loop
      vertex -10.18550275070618 6.8057353544901265 2
      vertex -10.18550275070618 6.8057353544901265 0
      vertex -10.80353548826735 5.774610026118471 0
    endloop
  endfacet
  facet normal -0.8032075314806454 0.5956993044924328 0
    outer loop
      vertex -9.469378053693529 7.7713177310046575 2
      vertex -9.469378053693529 7.7713177310046575 0
      vertex -10.18550275070618 6.8057353544901265 0
    endloop
  endfacet
  facet normal -0.6715589548470183 0.7409511253549593 0
    outer loop
      vertex -7.7713177310046575 9.469378053693529 2
      vertex -7.7713177310046575 9.469378053693529 0
      vertex -8.662058069535208 8.662058069535208 2
    endloop
  endfacet
  facet normal -0.5956993044924328 0.8032075314806454 0
    outer loop
      vertex -7.7713177310046575 9.469378053693529 2
      vertex -6.8057353544901265 10.18550275070618 2
      vertex -6.8057353544901265 10.18550275070618 0
    endloop
  endfacet
  facet normal -0.5956993044924328 0.8032075314806454 0
    outer loop
      vertex -7.7713177310046575 9.469378053693529 2
      vertex -6.8057353544901265 10.18550275070618 0
      vertex -7.7713177310046575 9.469378053693529 0
    endloop
  endfacet
  facet normal -0.5141027441932223 0.8577286100002717 0
    outer loop
      vertex -6.8057353544901265 10.18550275070618 2
      vertex -5.774610026118471 10.80353548826735 0
      vertex -6.8057353544901265 10.18550275070618 0
    endloop
  endfacet
  facet normal -0.7409511253549593 0.6715589548470183 0
    outer loop
      vertex -8.662058069535208 8.662058069535208 2
      vertex -8.662058069535208 8.662058069535208 0
      vertex -9.469378053693529 7.7713177310046575 0
    endloop
  endfacet
  facet normal -0.6715589548470183 0.7409511253549593 0
    outer loop
      vertex -8.662058069535208 8.662058069535208 2
      vertex -7.7713177310046575 9.469378053693529 0
      vertex -8.662058069535208 8.662058069535208 0
    endloop
  endfacet
  facet normal 0 0 1
    outer loop
      vertex -9.469378053693529 7.7713177310046575 2
      vertex -9.46976520824069 3.9225051817421703 2
      vertex -9.039692959570639 4.831816552466476 2
    endloop
  endfacet
  facet normal 0 0 1
    outer loop
      vertex -10.18550275070618 6.8057353544901265 2
      vertex -10.80353548826735 5.774610026118471 2
      vertex -10.200643448390018 1.0046756883779961 2
    endloop
  endfacet
  facet normal 0 0 1
    outer loop
      vertex -10.18550275070618 6.8057353544901265 2
      vertex -10.053049124133112 1.9996758006653146 2
      vertex -9.808638441255141 2.9754179418582387 2
    endloop
  endfacet
  facet normal 0 0 1
    outer loop
      vertex -10.18550275070618 6.8057353544901265 2
      vertex -10.200643448390018 1.0046756883779961 2
      vertex -10.053049124133112 1.9996758006653146 2
    endloop
  endfacet
  facet normal 0 0 1
    outer loop
      vertex -10.18550275070618 6.8057353544901265 2
      vertex -9.808638441255141 2.9754179418582387 2
      vertex -9.46976520824069 3.9225051817421703 2
    endloop
  endfacet
  facet normal 0 0 1
    outer loop
      vertex -10.80353548826735 5.774610026118471 2
      vertex -11.317524273263263 4.68787204647235 2
      vertex -10.80353548826735 -5.774610026118471 2
    endloop
  endfacet
  facet normal 0 0 1
    outer loop
      vertex -11.722519112719558 3.5559872963671637 2
      vertex -12.014619684939573 2.389856444697571 2
      vertex -11.722519112719558 -3.5559872963671637 2
    endloop
  endfacet
  facet normal 0 0 1
    outer loop
      vertex -12.014619684939573 2.389856444697571 2
      vertex -12.191012901734412 1.2007099690371175 2
      vertex -12.014619684939573 -2.389856444697571 2
    endloop
  endfacet
  facet normal 0 0 1
    outer loop
      vertex -11.317524273263263 4.68787204647235 2
      vertex -11.722519112719558 3.5559872963671637 2
      vertex -11.317524273263263 -4.68787204647235 2
    endloop
  endfacet
  facet normal 0 0 1
    outer loop
      vertex -10.80353548826735 5.774610026118471 2
      vertex -10.25 0 2
      vertex -10.200643448390018 1.0046756883779961 2
    endloop
  endfacet
  facet normal -0.9039892931234434 0.42755509343028186 0
    outer loop
      vertex -10.80353548826735 5.774610026118471 2
      vertex -11.317524273263263 4.68787204647235 0
      vertex -11.317524273263263 4.68787204647235 2
    endloop
  endfacet
  facet normal -0.9415440651830211 0.33688985339221933 0
    outer loop
      vertex -11.317524273263263 4.68787204647235 2
      vertex -11.722519112719558 3.5559872963671637 0
      vertex -11.722519112719558 3.5559872963671637 2
    endloop
  endfacet
  facet normal -0.8577286100002717 0.5141027441932223 0
    outer loop
      vertex -10.18550275070618 6.8057353544901265 2
      vertex -10.80353548826735 5.774610026118471 0
      vertex -10.80353548826735 5.774610026118471 2
    endloop
  endfacet
  facet normal -0.9039892931234434 0.42755509343028186 0
    outer loop
      vertex -10.80353548826735 5.774610026118471 2
      vertex -10.80353548826735 5.774610026118471 0
      vertex -11.317524273263263 4.68787204647235 0
    endloop
  endfacet
  facet normal -0.9700312531945439 0.24298017990326434 0
    outer loop
      vertex -11.722519112719558 3.5559872963671637 2
      vertex -11.722519112719558 3.5559872963671637 0
      vertex -12.014619684939573 2.389856444697571 0
    endloop
  endfacet
  facet normal -0.9415440651830211 0.33688985339221933 0
    outer loop
      vertex -11.317524273263263 4.68787204647235 2
      vertex -11.317524273263263 4.68787204647235 0
      vertex -11.722519112719558 3.5559872963671637 0
    endloop
  endfacet
  facet normal -0.9700312531945439 0.24298017990326434 0
    outer loop
      vertex -11.722519112719558 3.5559872963671637 2
      vertex -12.014619684939573 2.389856444697571 0
      vertex -12.014619684939573 2.389856444697571 2
    endloop
  endfacet
  facet normal -0.9891765099647809 0.14673047445536186 0
    outer loop
      vertex -12.014619684939573 2.389856444697571 2
      vertex -12.191012901734412 1.2007099690371175 0
      vertex -12.191012901734412 1.2007099690371175 2
    endloop
  endfacet
  facet normal -0.9987954562051723 0.04906767432741771 0
    outer loop
      vertex -12.191012901734412 1.2007099690371175 2
      vertex -12.25 0 0
      vertex -12.25 0 2
    endloop
  endfacet
  facet normal -0.9891765099647809 0.14673047445536186 0
    outer loop
      vertex -12.014619684939573 2.389856444697571 2
      vertex -12.014619684939573 2.389856444697571 0
      vertex -12.191012901734412 1.2007099690371175 0
    endloop
  endfacet
  facet normal 0 0 -1
    outer loop
      vertex -11.317524273263263 4.68787204647235 0
      vertex -11.722519112719558 -3.5559872963671637 0
      vertex -11.722519112719558 3.5559872963671637 0
    endloop
  endfacet
  facet normal 0 0 -1
    outer loop
      vertex -10.80353548826735 5.774610026118471 0
      vertex -11.317524273263263 -4.68787204647235 0
      vertex -11.317524273263263 4.68787204647235 0
    endloop
  endfacet
  facet normal -0.9987954562051723 0.04906767432741771 0
    outer loop
      vertex -12.191012901734412 1.2007099690371175 2
      vertex -12.191012901734412 1.2007099690371175 0
      vertex -12.25 0 0
    endloop
  endfacet
  facet normal 0 0 -1
    outer loop
      vertex -11.722519112719558 3.5559872963671637 0
      vertex -12.014619684939573 -2.389856444697571 0
      vertex -12.014619684939573 2.389856444697571 0
    endloop
  endfacet
  facet normal 0 0 -1
    outer loop
      vertex -12.014619684939573 2.389856444697571 0
      vertex -12.191012901734412 -1.2007099690371175 0
      vertex -12.191012901734412 1.2007099690371175 0
    endloop
  endfacet
  facet normal 0 0 -1
    outer loop
      vertex -10.18550275070618 6.8057353544901265 0
      vertex -10.80353548826735 -5.774610026118471 0
      vertex -10.80353548826735 5.774610026118471 0
    endloop
  endfacet
  facet normal 0 0 -1
    outer loop
      vertex -9.469378053693529 7.7713177310046575 0
      vertex -10.18550275070618 -6.8057353544901265 0
      vertex -10.18550275070618 6.8057353544901265 0
    endloop
  endfacet
  facet normal 0 0 -1
    outer loop
      vertex -9.469378053693529 7.7713177310046575 0
      vertex -8.662058069535208 8.662058069535208 0
      vertex -9.469378053693529 -7.7713177310046575 0
    endloop
  endfacet
  facet normal 0 0 -1
    outer loop
      vertex -7.7713177310046575 9.469378053693529 0
      vertex -8.662058069535208 -8.662058069535208 0
      vertex -8.662058069535208 8.662058069535208 0
    endloop
  endfacet
  facet normal 0 0 -1
    outer loop
      vertex -7.7713177310046575 9.469378053693529 0
      vertex -6.8057353544901265 10.18550275070618 0
      vertex -7.7713177310046575 -9.469378053693529 0
    endloop
  endfacet
  facet normal 0 0 -1
    outer loop
      vertex -6.8057353544901265 10.18550275070618 0
      vertex -5.774610026118471 10.80353548826735 0
      vertex -6.8057353544901265 -10.18550275070618 0
    endloop
  endfacet
  facet normal 0 0 1
    outer loop
      vertex -5.774610026118471 10.80353548826735 2
      vertex -5.694594888450922 8.522563526101088 2
      vertex -4.831816552466476 9.039692959570639 2
    endloop
  endfacet
  facet normal 0 0 1
    outer loop
      vertex -5.774610026118471 10.80353548826735 2
      vertex -4.831816552466476 9.039692959570639 2
      vertex -4.68787204647235 11.317524273263263 2
    endloop
  endfacet
  facet normal 0 0 1
    outer loop
      vertex -4.68787204647235 11.317524273263263 2
      vertex -3.9225051817421703 9.46976520824069 2
      vertex -3.5559872963671637 11.722519112719558 2
    endloop
  endfacet
  facet normal 0 0 1
    outer loop
      vertex -4.68787204647235 11.317524273263263 2
      vertex -4.831816552466476 9.039692959570639 2
      vertex -3.9225051817421703 9.46976520824069 2
    endloop
  endfacet
  facet normal 0 0 1
    outer loop
      vertex -3.5559872963671637 11.722519112719558 2
      vertex -3.9225051817421703 9.46976520824069 2
      vertex -2.9754179418582387 9.808638441255141 2
    endloop
  endfacet
  facet normal 0 0 1
    outer loop
      vertex -6.502531162677366 7.923357146968054 2
      vertex -5.694594888450922 8.522563526101088 2
      vertex -5.774610026118471 10.80353548826735 2
    endloop
  endfacet
  facet normal 0 0 1
    outer loop
      vertex -3.5559872963671637 11.722519112719558 2
      vertex -2.9754179418582387 9.808638441255141 2
      vertex -2.389856444697571 12.014619684939573 2
    endloop
  endfacet
  facet normal 0 0 1
    outer loop
      vertex -2.389856444697571 12.014619684939573 2
      vertex -1.9996758006653146 10.053049124133112 2
      vertex -1.2007099690371175 12.191012901734412 2
    endloop
  endfacet
  facet normal 0 0 1
    outer loop
      vertex -2.389856444697571 12.014619684939573 2
      vertex -2.9754179418582387 9.808638441255141 2
      vertex -1.9996758006653146 10.053049124133112 2
    endloop
  endfacet
  facet normal 0 0 1
    outer loop
      vertex -1.9996758006653146 10.053049124133112 2
      vertex -1.0046756883779961 10.200643448390018 2
      vertex -1.2007099690371175 12.191012901734412 2
    endloop
  endfacet
  facet normal 0 0 1
    outer loop
      vertex -1.2007099690371175 12.191012901734412 2
      vertex 0 10.25 2
      vertex 0 12.25 2
    endloop
  endfacet
  facet normal 0 0 1
    outer loop
      vertex -1.2007099690371175 12.191012901734412 2
      vertex -1.0046756883779961 10.200643448390018 2
      vertex 0 10.25 2
    endloop
  endfacet
  facet normal -0.42755509343028186 0.9039892931234434 0
    outer loop
      vertex -5.774610026118471 10.80353548826735 2
      vertex -4.68787204647235 11.317524273263263 2
      vertex -4.68787204647235 11.317524273263263 0
    endloop
  endfacet
  facet normal -0.5141027441932223 0.8577286100002717 0
    outer loop
      vertex -6.8057353544901265 10.18550275070618 2
      vertex -5.774610026118471 10.80353548826735 2
      vertex -5.774610026118471 10.80353548826735 0
    endloop
  endfacet
  facet normal -0.33688985339221933 0.9415440651830211 0
    outer loop
      vertex -4.68787204647235 11.317524273263263 2
      vertex -3.5559872963671637 11.722519112719558 2
      vertex -3.5559872963671637 11.722519112719558 0
    endloop
  endfacet
  facet normal -0.42755509343028186 0.9039892931234434 0
    outer loop
      vertex -5.774610026118471 10.80353548826735 2
      vertex -4.68787204647235 11.317524273263263 0
      vertex -5.774610026118471 10.80353548826735 0
    endloop
  endfacet
  facet normal -0.33688985339221933 0.9415440651830211 0
    outer loop
      vertex -4.68787204647235 11.317524273263263 2
      vertex -3.5559872963671637 11.722519112719558 0
      vertex -4.68787204647235 11.317524273263263 0
    endloop
  endfacet
  facet normal -0.24298017990326434 0.9700312531945439 0
    outer loop
      vertex -3.5559872963671637 11.722519112719558 2
      vertex -2.389856444697571 12.014619684939573 0
      vertex -3.5559872963671637 11.722519112719558 0
    endloop
  endfacet
  facet normal 0 0 -1
    outer loop
      vertex -5.774610026118471 10.80353548826735 0
      vertex -4.68787204647235 11.317524273263263 0
      vertex -5.224719815029034 0.5145899867301932 0
    endloop
  endfacet
  facet normal 0 0 -1
    outer loop
      vertex -4.68787204647235 11.317524273263263 0
      vertex -3.5559872963671637 11.722519112719558 0
      vertex -4.0583048801543695 3.330564741859139 0
    endloop
  endfacet
  facet normal 0 0 -1
    outer loop
      vertex -3.5559872963671637 11.722519112719558 0
      vertex -3.7123106012293747 3.7123106012293747 0
      vertex -4.0583048801543695 3.330564741859139 0
    endloop
  endfacet
  facet normal 0 0 -1
    outer loop
      vertex -3.5559872963671637 11.722519112719558 0
      vertex -3.330564741859139 4.0583048801543695 0
      vertex -3.7123106012293747 3.7123106012293747 0
    endloop
  endfacet
  facet normal 0 0 -1
    outer loop
      vertex -3.5559872963671637 11.722519112719558 0
      vertex -2.916743723352911 4.3652154645883625 0
      vertex -3.330564741859139 4.0583048801543695 0
    endloop
  endfacet
  facet normal -0.24298017990326434 0.9700312531945439 0
    outer loop
      vertex -3.5559872963671637 11.722519112719558 2
      vertex -2.389856444697571 12.014619684939573 2
      vertex -2.389856444697571 12.014619684939573 0
    endloop
  endfacet
  facet normal -0.14673047445536186 0.9891765099647809 0
    outer loop
      vertex -2.389856444697571 12.014619684939573 2
      vertex -1.2007099690371175 12.191012901734412 2
      vertex -1.2007099690371175 12.191012901734412 0
    endloop
  endfacet
  facet normal -0.04906767432741771 0.9987954562051723 0
    outer loop
      vertex -1.2007099690371175 12.191012901734412 2
      vertex 0 12.25 2
      vertex 0 12.25 0
    endloop
  endfacet
  facet normal -0.14673047445536186 0.9891765099647809 0
    outer loop
      vertex -2.389856444697571 12.014619684939573 2
      vertex -1.2007099690371175 12.191012901734412 0
      vertex -2.389856444697571 12.014619684939573 0
    endloop
  endfacet
  facet normal 0 0 -1
    outer loop
      vertex -3.5559872963671637 11.722519112719558 0
      vertex -2.389856444697571 12.014619684939573 0
      vertex -2.916743723352911 4.3652154645883625 0
    endloop
  endfacet
  facet normal 0 0 -1
    outer loop
      vertex -2.389856444697571 12.014619684939573 0
      vertex -1.2007099690371175 12.191012901734412 0
      vertex -2.0090880199167214 4.850367545684255 0
    endloop
  endfacet
  facet normal -0.04906767432741771 0.9987954562051723 0
    outer loop
      vertex -1.2007099690371175 12.191012901734412 2
      vertex 0 12.25 0
      vertex -1.2007099690371175 12.191012901734412 0
    endloop
  endfacet
  facet normal 0 0 -1
    outer loop
      vertex -1.2007099690371175 12.191012901734412 0
      vertex 0 12.25 0
      vertex -0.5145899867301932 5.224719815029034 0
    endloop
  endfacet
  facet normal 0 0 -1
    outer loop
      vertex -2.389856444697571 12.014619684939573 0
      vertex -2.4748328683364877 4.630086637828864 0
      vertex -2.916743723352911 4.3652154645883625 0
    endloop
  endfacet
  facet normal 0 0 -1
    outer loop
      vertex -2.389856444697571 12.014619684939573 0
      vertex -2.0090880199167214 4.850367545684255 0
      vertex -2.4748328683364877 4.630086637828864 0
    endloop
  endfacet
  facet normal 0 0 -1
    outer loop
      vertex -1.2007099690371175 12.191012901734412 0
      vertex -1.5239945555859273 5.023936762594096 0
      vertex -2.0090880199167214 4.850367545684255 0
    endloop
  endfacet
  facet normal 0 0 -1
    outer loop
      vertex -1.2007099690371175 12.191012901734412 0
      vertex -1.0242241905846734 5.14912272211696 0
      vertex -1.5239945555859273 5.023936762594096 0
    endloop
  endfacet
  facet normal 0 0 -1
    outer loop
      vertex -1.2007099690371175 12.191012901734412 0
      vertex -0.5145899867301932 5.224719815029034 0
      vertex -1.0242241905846734 5.14912272211696 0
    endloop
  endfacet
  facet normal 0 0 -1
    outer loop
      vertex 0 12.25 0
      vertex 0 5.25 0
      vertex -0.5145899867301932 5.224719815029034 0
    endloop
  endfacet
  facet normal 0.8032075314806457 -0.5956993044924324 0
    outer loop
      vertex -4.0583048801543695 3.330564741859139 7
      vertex -4.3652154645883625 2.916743723352911 0
      vertex -4.0583048801543695 3.330564741859139 0
    endloop
  endfacet
  facet normal 0.6715589548470184 -0.7409511253549591 0
    outer loop
      vertex -3.330564741859139 4.0583048801543695 7
      vertex -3.7123106012293747 3.7123106012293747 0
      vertex -3.330564741859139 4.0583048801543695 0
    endloop
  endfacet
  facet normal 0.7409511253549591 -0.6715589548470184 0
    outer loop
      vertex -4.0583048801543695 3.330564741859139 0
      vertex -3.7123106012293747 3.7123106012293747 0
      vertex -3.7123106012293747 3.7123106012293747 7
    endloop
  endfacet
  facet normal 0.9039892931234433 -0.4275550934302821 0
    outer loop
      vertex -4.850367545684255 2.0090880199167214 0
      vertex -4.630086637828864 2.4748328683364877 0
      vertex -4.630086637828864 2.4748328683364877 7
    endloop
  endfacet
  facet normal 0.941544065183021 -0.3368898533922196 0
    outer loop
      vertex -4.850367545684255 2.0090880199167214 7
      vertex -5.023936762594096 1.5239945555859273 0
      vertex -4.850367545684255 2.0090880199167214 0
    endloop
  endfacet
  facet normal 0.9700312531945436 -0.24298017990326504 0
    outer loop
      vertex -5.023936762594096 1.5239945555859273 7
      vertex -5.14912272211696 1.0242241905846734 0
      vertex -5.023936762594096 1.5239945555859273 0
    endloop
  endfacet
  facet normal 0.9891765099647809 -0.1467304744553616 0
    outer loop
      vertex -5.224719815029034 0.5145899867301932 0
      vertex -5.14912272211696 1.0242241905846734 0
      vertex -5.14912272211696 1.0242241905846734 7
    endloop
  endfacet
  facet normal 0.9987954562051724 -0.049067674327417474 0
    outer loop
      vertex -5.224719815029034 0.5145899867301932 7
      vertex -5.25 0 0
      vertex -5.224719815029034 0.5145899867301932 0
    endloop
  endfacet
  facet normal 0.8577286100002718 -0.5141027441932221 0
    outer loop
      vertex -4.3652154645883625 2.916743723352911 7
      vertex -4.630086637828864 2.4748328683364877 0
      vertex -4.3652154645883625 2.916743723352911 0
    endloop
  endfacet
  facet normal 0.4275550934302821 -0.9039892931234433 0
    outer loop
      vertex -2.0090880199167214 4.850367545684255 7
      vertex -2.4748328683364877 4.630086637828864 0
      vertex -2.0090880199167214 4.850367545684255 0
    endloop
  endfacet
  facet normal 0.3368898533922196 -0.941544065183021 0
    outer loop
      vertex -2.0090880199167214 4.850367545684255 0
      vertex -1.5239945555859273 5.023936762594096 0
      vertex -1.5239945555859273 5.023936762594096 7
    endloop
  endfacet
  facet normal 0.5956993044924324 -0.8032075314806457 0
    outer loop
      vertex -2.916743723352911 4.3652154645883625 0
      vertex -2.916743723352911 4.3652154645883625 7
      vertex -3.330564741859139 4.0583048801543695 0
    endloop
  endfacet
  facet normal 0.5141027441932221 -0.8577286100002718 0
    outer loop
      vertex -2.4748328683364877 4.630086637828864 7
      vertex -2.916743723352911 4.3652154645883625 0
      vertex -2.4748328683364877 4.630086637828864 0
    endloop
  endfacet
  facet normal 0.24298017990326504 -0.9700312531945436 0
    outer loop
      vertex -1.0242241905846734 5.14912272211696 7
      vertex -1.5239945555859273 5.023936762594096 0
      vertex -1.0242241905846734 5.14912272211696 0
    endloop
  endfacet
  facet normal 0.1467304744553616 -0.9891765099647809 0
    outer loop
      vertex -0.5145899867301932 5.224719815029034 7
      vertex -1.0242241905846734 5.14912272211696 0
      vertex -0.5145899867301932 5.224719815029034 0
    endloop
  endfacet
  facet normal 0.049067674327417474 -0.9987954562051724 0
    outer loop
      vertex 0 5.25 7
      vertex -0.5145899867301932 5.224719815029034 0
      vertex 0 5.25 0
    endloop
  endfacet
  facet normal 0 0 -1
    outer loop
      vertex -4.68787204647235 11.317524273263263 0
      vertex -4.630086637828864 2.4748328683364877 0
      vertex -4.850367545684255 2.0090880199167214 0
    endloop
  endfacet
  facet normal 0 0 -1
    outer loop
      vertex -4.68787204647235 11.317524273263263 0
      vertex -4.850367545684255 2.0090880199167214 0
      vertex -5.023936762594096 1.5239945555859273 0
    endloop
  endfacet
  facet normal 0 0 -1
    outer loop
      vertex -4.68787204647235 11.317524273263263 0
      vertex -5.023936762594096 1.5239945555859273 0
      vertex -5.14912272211696 1.0242241905846734 0
    endloop
  endfacet
  facet normal 0 0 -1
    outer loop
      vertex -5.774610026118471 10.80353548826735 0
      vertex -5.224719815029034 0.5145899867301932 0
      vertex -5.25 0 0
    endloop
  endfacet
  facet normal 0 0 -1
    outer loop
      vertex -4.68787204647235 11.317524273263263 0
      vertex -5.14912272211696 1.0242241905846734 0
      vertex -5.224719815029034 0.5145899867301932 0
    endloop
  endfacet
  facet normal 0 0 -1
    outer loop
      vertex -4.68787204647235 11.317524273263263 0
      vertex -4.0583048801543695 3.330564741859139 0
      vertex -4.3652154645883625 2.916743723352911 0
    endloop
  endfacet
  facet normal 0 0 -1
    outer loop
      vertex -4.68787204647235 11.317524273263263 0
      vertex -4.3652154645883625 2.916743723352911 0
      vertex -4.630086637828864 2.4748328683364877 0
    endloop
  endfacet
  facet normal 0 0 1
    outer loop
      vertex -10.200643448390018 1.0046756883779961 7
      vertex -10.25 0 7
      vertex -10.200643448390018 -1.0046756883779961 7
    endloop
  endfacet
  facet normal 0 0 1
    outer loop
      vertex -10.200643448390018 1.0046756883779961 7
      vertex -10.200643448390018 -1.0046756883779961 7
      vertex -10.053049124133112 -1.9996758006653146 7
    endloop
  endfacet
  facet normal 0 0 1
    outer loop
      vertex -10.053049124133112 1.9996758006653146 7
      vertex -10.053049124133112 -1.9996758006653146 7
      vertex -9.808638441255141 -2.9754179418582387 7
    endloop
  endfacet
  facet normal 0 0 1
    outer loop
      vertex -9.808638441255141 2.9754179418582387 7
      vertex -9.808638441255141 -2.9754179418582387 7
      vertex -9.46976520824069 -3.9225051817421703 7
    endloop
  endfacet
  facet normal 0 0 1
    outer loop
      vertex -9.46976520824069 3.9225051817421703 7
      vertex -9.46976520824069 -3.9225051817421703 7
      vertex -9.039692959570639 -4.831816552466476 7
    endloop
  endfacet
  facet normal -0.9987954562051724 -0.04906767432741819 0
    outer loop
      vertex -10.25 0 7
      vertex -10.200643448390018 -1.0046756883779961 2
      vertex -10.200643448390018 -1.0046756883779961 7
    endloop
  endfacet
  facet normal -0.9891765099647809 -0.14673047445536136 0
    outer loop
      vertex -10.200643448390018 -1.0046756883779961 7
      vertex -10.053049124133112 -1.9996758006653146 2
      vertex -10.053049124133112 -1.9996758006653146 7
    endloop
  endfacet
  facet normal -0.970031253194544 -0.24298017990326404 0
    outer loop
      vertex -10.053049124133112 -1.9996758006653146 7
      vertex -9.808638441255141 -2.9754179418582387 2
      vertex -9.808638441255141 -2.9754179418582387 7
    endloop
  endfacet
  facet normal -0.9415440651830207 -0.3368898533922199 0
    outer loop
      vertex -9.808638441255141 -2.9754179418582387 7
      vertex -9.46976520824069 -3.9225051817421703 2
      vertex -9.46976520824069 -3.9225051817421703 7
    endloop
  endfacet
  facet normal 0 0 1
    outer loop
      vertex -9.039692959570639 4.831816552466476 7
      vertex -9.039692959570639 -4.831816552466476 7
      vertex -8.522563526101088 -5.694594888450922 7
    endloop
  endfacet
  facet normal 0 0 1
    outer loop
      vertex -8.522563526101088 5.694594888450922 7
      vertex -8.522563526101088 -5.694594888450922 7
      vertex -7.923357146968054 -6.502531162677366 7
    endloop
  endfacet
  facet normal 0 0 1
    outer loop
      vertex -7.923357146968054 6.502531162677366 7
      vertex -7.923357146968054 -6.502531162677366 7
      vertex -7.247844507162113 -7.247844507162113 7
    endloop
  endfacet
  facet normal 0 0 1
    outer loop
      vertex -7.247844507162113 7.247844507162113 7
      vertex -7.247844507162113 -7.247844507162113 7
      vertex -6.502531162677366 -7.923357146968054 7
    endloop
  endfacet
  facet normal 0 0 1
    outer loop
      vertex -6.502531162677366 7.923357146968054 7
      vertex -6.502531162677366 -7.923357146968054 7
      vertex -5.694594888450922 -8.522563526101088 7
    endloop
  endfacet
  facet normal -0.903989293123443 -0.4275550934302826 0
    outer loop
      vertex -9.46976520824069 -3.9225051817421703 7
      vertex -9.039692959570639 -4.831816552466476 2
      vertex -9.039692959570639 -4.831816552466476 7
    endloop
  endfacet
  facet normal -0.8577286100002717 -0.5141027441932222 0
    outer loop
      vertex -9.039692959570639 -4.831816552466476 7
      vertex -8.522563526101088 -5.694594888450922 2
      vertex -8.522563526101088 -5.694594888450922 7
    endloop
  endfacet
  facet normal -0.9987954562051724 -0.04906767432741819 0
    outer loop
      vertex -10.25 0 7
      vertex -10.25 0 2
      vertex -10.200643448390018 -1.0046756883779961 2
    endloop
  endfacet
  facet normal -0.9891765099647809 -0.14673047445536136 0
    outer loop
      vertex -10.200643448390018 -1.0046756883779961 7
      vertex -10.200643448390018 -1.0046756883779961 2
      vertex -10.053049124133112 -1.9996758006653146 2
    endloop
  endfacet
  facet normal -0.970031253194544 -0.24298017990326404 0
    outer loop
      vertex -10.053049124133112 -1.9996758006653146 7
      vertex -10.053049124133112 -1.9996758006653146 2
      vertex -9.808638441255141 -2.9754179418582387 2
    endloop
  endfacet
  facet normal -0.9415440651830207 -0.3368898533922199 0
    outer loop
      vertex -9.808638441255141 -2.9754179418582387 7
      vertex -9.808638441255141 -2.9754179418582387 2
      vertex -9.46976520824069 -3.9225051817421703 2
    endloop
  endfacet
  facet normal -0.903989293123443 -0.4275550934302826 0
    outer loop
      vertex -9.46976520824069 -3.9225051817421703 7
      vertex -9.46976520824069 -3.9225051817421703 2
      vertex -9.039692959570639 -4.831816552466476 2
    endloop
  endfacet
  facet normal -0.8577286100002717 -0.5141027441932222 0
    outer loop
      vertex -9.039692959570639 -4.831816552466476 7
      vertex -9.039692959570639 -4.831816552466476 2
      vertex -8.522563526101088 -5.694594888450922 2
    endloop
  endfacet
  facet normal -0.8032075314806455 -0.5956993044924326 0
    outer loop
      vertex -8.522563526101088 -5.694594888450922 7
      vertex -8.522563526101088 -5.694594888450922 2
      vertex -7.923357146968054 -6.502531162677366 2
    endloop
  endfacet
  facet normal -0.8032075314806455 -0.5956993044924326 0
    outer loop
      vertex -8.522563526101088 -5.694594888450922 7
      vertex -7.923357146968054 -6.502531162677366 2
      vertex -7.923357146968054 -6.502531162677366 7
    endloop
  endfacet
  facet normal -0.7409511253549599 -0.6715589548470174 0
    outer loop
      vertex -7.923357146968054 -6.502531162677366 7
      vertex -7.247844507162113 -7.247844507162113 2
      vertex -7.247844507162113 -7.247844507162113 7
    endloop
  endfacet
  facet normal -0.6715589548470174 -0.7409511253549599 0
    outer loop
      vertex -7.247844507162113 -7.247844507162113 7
      vertex -7.247844507162113 -7.247844507162113 2
      vertex -6.502531162677366 -7.923357146968054 7
    endloop
  endfacet
  facet normal -0.5956993044924326 -0.8032075314806455 0
    outer loop
      vertex -6.502531162677366 -7.923357146968054 7
      vertex -6.502531162677366 -7.923357146968054 2
      vertex -5.694594888450922 -8.522563526101088 7
    endloop
  endfacet
  facet normal -0.7409511253549599 -0.6715589548470174 0
    outer loop
      vertex -7.923357146968054 -6.502531162677366 7
      vertex -7.923357146968054 -6.502531162677366 2
      vertex -7.247844507162113 -7.247844507162113 2
    endloop
  endfacet
  facet normal -0.6715589548470174 -0.7409511253549599 0
    outer loop
      vertex -6.502531162677366 -7.923357146968054 7
      vertex -7.247844507162113 -7.247844507162113 2
      vertex -6.502531162677366 -7.923357146968054 2
    endloop
  endfacet
  facet normal 0 0 1
    outer loop
      vertex -5.694594888450922 8.522563526101088 7
      vertex -4.831816552466476 -9.039692959570639 7
      vertex -5.25 0 7
    endloop
  endfacet
  facet normal 0 0 1
    outer loop
      vertex -5.694594888450922 8.522563526101088 7
      vertex -5.694594888450922 -8.522563526101088 7
      vertex -4.831816552466476 -9.039692959570639 7
    endloop
  endfacet
  facet normal 0 0 1
    outer loop
      vertex -4.831816552466476 -9.039692959570639 7
      vertex -5.224719815029034 -0.5145899867301932 7
      vertex -5.25 0 7
    endloop
  endfacet
  facet normal 0 0 1
    outer loop
      vertex -4.831816552466476 -9.039692959570639 7
      vertex -5.14912272211696 -1.0242241905846734 7
      vertex -5.224719815029034 -0.5145899867301932 7
    endloop
  endfacet
  facet normal 0 0 1
    outer loop
      vertex -4.831816552466476 -9.039692959570639 7
      vertex -5.023936762594096 -1.5239945555859273 7
      vertex -5.14912272211696 -1.0242241905846734 7
    endloop
  endfacet
  facet normal 0 0 1
    outer loop
      vertex -4.831816552466476 -9.039692959570639 7
      vertex -4.850367545684255 -2.0090880199167214 7
      vertex -5.023936762594096 -1.5239945555859273 7
    endloop
  endfacet
  facet normal 0 0 1
    outer loop
      vertex -4.831816552466476 -9.039692959570639 7
      vertex -4.630086637828864 -2.4748328683364877 7
      vertex -4.850367545684255 -2.0090880199167214 7
    endloop
  endfacet
  facet normal 0 0 1
    outer loop
      vertex -4.831816552466476 -9.039692959570639 7
      vertex -4.3652154645883625 -2.916743723352911 7
      vertex -4.630086637828864 -2.4748328683364877 7
    endloop
  endfacet
  facet normal 0 0 1
    outer loop
      vertex -3.9225051817421703 -9.46976520824069 7
      vertex -4.0583048801543695 -3.330564741859139 7
      vertex -4.3652154645883625 -2.916743723352911 7
    endloop
  endfacet
  facet normal 0 0 1
    outer loop
      vertex -3.9225051817421703 -9.46976520824069 7
      vertex -3.7123106012293747 -3.7123106012293747 7
      vertex -4.0583048801543695 -3.330564741859139 7
    endloop
  endfacet
  facet normal 0 0 1
    outer loop
      vertex -3.9225051817421703 -9.46976520824069 7
      vertex -3.330564741859139 -4.0583048801543695 7
      vertex -3.7123106012293747 -3.7123106012293747 7
    endloop
  endfacet
  facet normal 0 0 1
    outer loop
      vertex -2.9754179418582387 -9.808638441255141 7
      vertex -2.916743723352911 -4.3652154645883625 7
      vertex -3.330564741859139 -4.0583048801543695 7
    endloop
  endfacet
  facet normal 0.9987954562051724 0.049067674327417474 0
    outer loop
      vertex -5.25 0 7
      vertex -5.224719815029034 -0.5145899867301932 7
      vertex -5.224719815029034 -0.5145899867301932 0
    endloop
  endfacet
  facet normal 0.9891765099647809 0.1467304744553616 0
    outer loop
      vertex -5.224719815029034 -0.5145899867301932 7
      vertex -5.14912272211696 -1.0242241905846734 7
      vertex -5.14912272211696 -1.0242241905846734 0
    endloop
  endfacet
  facet normal 0.9700312531945436 0.24298017990326504 0
    outer loop
      vertex -5.14912272211696 -1.0242241905846734 7
      vertex -5.023936762594096 -1.5239945555859273 7
      vertex -5.023936762594096 -1.5239945555859273 0
    endloop
  endfacet
  facet normal 0.941544065183021 0.3368898533922196 0
    outer loop
      vertex -5.023936762594096 -1.5239945555859273 7
      vertex -4.850367545684255 -2.0090880199167214 7
      vertex -4.850367545684255 -2.0090880199167214 0
    endloop
  endfacet
  facet normal 0.9039892931234433 0.4275550934302821 0
    outer loop
      vertex -4.630086637828864 -2.4748328683364877 0
      vertex -4.850367545684255 -2.0090880199167214 7
      vertex -4.630086637828864 -2.4748328683364877 7
    endloop
  endfacet
  facet normal 0.8577286100002718 0.5141027441932221 0
    outer loop
      vertex -4.3652154645883625 -2.916743723352911 0
      vertex -4.630086637828864 -2.4748328683364877 7
      vertex -4.3652154645883625 -2.916743723352911 7
    endloop
  endfacet
  facet normal 0.8032075314806457 0.5956993044924324 0
    outer loop
      vertex -4.3652154645883625 -2.916743723352911 7
      vertex -4.0583048801543695 -3.330564741859139 7
      vertex -4.0583048801543695 -3.330564741859139 0
    endloop
  endfacet
  facet normal 0.7409511253549591 0.6715589548470184 0
    outer loop
      vertex -4.0583048801543695 -3.330564741859139 7
      vertex -3.7123106012293747 -3.7123106012293747 7
      vertex -3.7123106012293747 -3.7123106012293747 0
    endloop
  endfacet
  facet normal 0.6715589548470184 0.7409511253549591 0
    outer loop
      vertex -3.330564741859139 -4.0583048801543695 0
      vertex -3.7123106012293747 -3.7123106012293747 7
      vertex -3.330564741859139 -4.0583048801543695 7
    endloop
  endfacet
  facet normal 0.5956993044924324 0.8032075314806457 0
    outer loop
      vertex -2.916743723352911 -4.3652154645883625 7
      vertex -2.916743723352911 -4.3652154645883625 0
      vertex -3.330564741859139 -4.0583048801543695 7
    endloop
  endfacet
  facet normal 0.5141027441932221 0.8577286100002718 0
    outer loop
      vertex -2.4748328683364877 -4.630086637828864 7
      vertex -2.4748328683364877 -4.630086637828864 0
      vertex -2.916743723352911 -4.3652154645883625 7
    endloop
  endfacet
  facet normal 0.4275550934302821 0.9039892931234433 0
    outer loop
      vertex -2.0090880199167214 -4.850367545684255 0
      vertex -2.4748328683364877 -4.630086637828864 7
      vertex -2.0090880199167214 -4.850367545684255 7
    endloop
  endfacet
  facet normal 0.3368898533922196 0.941544065183021 0
    outer loop
      vertex -1.5239945555859273 -5.023936762594096 7
      vertex -1.5239945555859273 -5.023936762594096 0
      vertex -2.0090880199167214 -4.850367545684255 7
    endloop
  endfacet
  facet normal 0.24298017990326504 0.9700312531945436 0
    outer loop
      vertex -1.0242241905846734 -5.14912272211696 7
      vertex -1.0242241905846734 -5.14912272211696 0
      vertex -1.5239945555859273 -5.023936762594096 7
    endloop
  endfacet
  facet normal 0.1467304744553616 0.9891765099647809 0
    outer loop
      vertex -0.5145899867301932 -5.224719815029034 7
      vertex -0.5145899867301932 -5.224719815029034 0
      vertex -1.0242241905846734 -5.14912272211696 7
    endloop
  endfacet
  facet normal 0.049067674327417474 0.9987954562051724 0
    outer loop
      vertex -0.5145899867301932 -5.224719815029034 7
      vertex 0 -5.25 7
      vertex 0 -5.25 0
    endloop
  endfacet
  facet normal 0 0 1
    outer loop
      vertex -4.831816552466476 -9.039692959570639 7
      vertex -3.9225051817421703 -9.46976520824069 7
      vertex -4.3652154645883625 -2.916743723352911 7
    endloop
  endfacet
  facet normal 0 0 1
    outer loop
      vertex -3.9225051817421703 -9.46976520824069 7
      vertex -2.9754179418582387 -9.808638441255141 7
      vertex -3.330564741859139 -4.0583048801543695 7
    endloop
  endfacet
  facet normal -0.5141027441932222 -0.8577286100002717 0
    outer loop
      vertex -5.694594888450922 -8.522563526101088 7
      vertex -5.694594888450922 -8.522563526101088 2
      vertex -4.831816552466476 -9.039692959570639 7
    endloop
  endfacet
  facet normal -0.4275550934302826 -0.903989293123443 0
    outer loop
      vertex -4.831816552466476 -9.039692959570639 7
      vertex -4.831816552466476 -9.039692959570639 2
      vertex -3.9225051817421703 -9.46976520824069 7
    endloop
  endfacet
  facet normal -0.3368898533922199 -0.9415440651830207 0
    outer loop
      vertex -3.9225051817421703 -9.46976520824069 7
      vertex -3.9225051817421703 -9.46976520824069 2
      vertex -2.9754179418582387 -9.808638441255141 7
    endloop
  endfacet
  facet normal 0 0 1
    outer loop
      vertex -2.9754179418582387 -9.808638441255141 7
      vertex -2.4748328683364877 -4.630086637828864 7
      vertex -2.916743723352911 -4.3652154645883625 7
    endloop
  endfacet
  facet normal 0 0 1
    outer loop
      vertex -1.9996758006653146 -10.053049124133112 7
      vertex -2.0090880199167214 -4.850367545684255 7
      vertex -2.4748328683364877 -4.630086637828864 7
    endloop
  endfacet
  facet normal 0 0 1
    outer loop
      vertex -1.9996758006653146 -10.053049124133112 7
      vertex -1.5239945555859273 -5.023936762594096 7
      vertex -2.0090880199167214 -4.850367545684255 7
    endloop
  endfacet
  facet normal 0 0 1
    outer loop
      vertex -2.9754179418582387 -9.808638441255141 7
      vertex -1.9996758006653146 -10.053049124133112 7
      vertex -2.4748328683364877 -4.630086637828864 7
    endloop
  endfacet
  facet normal 0 0 1
    outer loop
      vertex -1.0046756883779961 -10.200643448390018 7
      vertex -1.0242241905846734 -5.14912272211696 7
      vertex -1.5239945555859273 -5.023936762594096 7
    endloop
  endfacet
  facet normal 0 0 1
    outer loop
      vertex -1.0046756883779961 -10.200643448390018 7
      vertex -0.5145899867301932 -5.224719815029034 7
      vertex -1.0242241905846734 -5.14912272211696 7
    endloop
  endfacet
  facet normal 0 0 1
    outer loop
      vertex 0 -10.25 7
      vertex 0 -5.25 7
      vertex -0.5145899867301932 -5.224719815029034 7
    endloop
  endfacet
  facet normal 0 0 1
    outer loop
      vertex -1.9996758006653146 -10.053049124133112 7
      vertex -1.0046756883779961 -10.200643448390018 7
      vertex -1.5239945555859273 -5.023936762594096 7
    endloop
  endfacet
  facet normal 0 0 1
    outer loop
      vertex -1.0046756883779961 -10.200643448390018 7
      vertex 0 -10.25 7
      vertex -0.5145899867301932 -5.224719815029034 7
    endloop
  endfacet
  facet normal -0.24298017990326404 -0.970031253194544 0
    outer loop
      vertex -2.9754179418582387 -9.808638441255141 7
      vertex -2.9754179418582387 -9.808638441255141 2
      vertex -1.9996758006653146 -10.053049124133112 7
    endloop
  endfacet
  facet normal -0.14673047445536136 -0.9891765099647809 0
    outer loop
      vertex -1.9996758006653146 -10.053049124133112 7
      vertex -1.9996758006653146 -10.053049124133112 2
      vertex -1.0046756883779961 -10.200643448390018 7
    endloop
  endfacet
  facet normal -0.04906767432741819 -0.9987954562051724 0
    outer loop
      vertex -1.0046756883779961 -10.200643448390018 7
      vertex -1.0046756883779961 -10.200643448390018 2
      vertex 0 -10.25 7
    endloop
  endfacet
  facet normal -0.5956993044924326 -0.8032075314806455 0
    outer loop
      vertex -5.694594888450922 -8.522563526101088 7
      vertex -6.502531162677366 -7.923357146968054 2
      vertex -5.694594888450922 -8.522563526101088 2
    endloop
  endfacet
  facet normal -0.5141027441932222 -0.8577286100002717 0
    outer loop
      vertex -4.831816552466476 -9.039692959570639 7
      vertex -5.694594888450922 -8.522563526101088 2
      vertex -4.831816552466476 -9.039692959570639 2
    endloop
  endfacet
  facet normal -0.4275550934302826 -0.903989293123443 0
    outer loop
      vertex -3.9225051817421703 -9.46976520824069 7
      vertex -4.831816552466476 -9.039692959570639 2
      vertex -3.9225051817421703 -9.46976520824069 2
    endloop
  endfacet
  facet normal -0.3368898533922199 -0.9415440651830207 0
    outer loop
      vertex -2.9754179418582387 -9.808638441255141 7
      vertex -3.9225051817421703 -9.46976520824069 2
      vertex -2.9754179418582387 -9.808638441255141 2
    endloop
  endfacet
  facet normal -0.24298017990326404 -0.970031253194544 0
    outer loop
      vertex -1.9996758006653146 -10.053049124133112 7
      vertex -2.9754179418582387 -9.808638441255141 2
      vertex -1.9996758006653146 -10.053049124133112 2
    endloop
  endfacet
  facet normal -0.14673047445536136 -0.9891765099647809 0
    outer loop
      vertex -1.0046756883779961 -10.200643448390018 7
      vertex -1.9996758006653146 -10.053049124133112 2
      vertex -1.0046756883779961 -10.200643448390018 2
    endloop
  endfacet
  facet normal -0.04906767432741819 -0.9987954562051724 0
    outer loop
      vertex -1.0046756883779961 -10.200643448390018 2
      vertex 0 -10.25 2
      vertex 0 -10.25 7
    endloop
  endfacet
  facet normal 0 0 1
    outer loop
      vertex -12.191012901734412 1.2007099690371175 2
      vertex -12.25 0 2
      vertex -12.191012901734412 -1.2007099690371175 2
    endloop
  endfacet
  facet normal 0 0 1
    outer loop
      vertex -12.191012901734412 1.2007099690371175 2
      vertex -12.191012901734412 -1.2007099690371175 2
      vertex -12.014619684939573 -2.389856444697571 2
    endloop
  endfacet
  facet normal 0 0 1
    outer loop
      vertex -12.014619684939573 2.389856444697571 2
      vertex -12.014619684939573 -2.389856444697571 2
      vertex -11.722519112719558 -3.5559872963671637 2
    endloop
  endfacet
  facet normal 0 0 1
    outer loop
      vertex -11.722519112719558 3.5559872963671637 2
      vertex -11.722519112719558 -3.5559872963671637 2
      vertex -11.317524273263263 -4.68787204647235 2
    endloop
  endfacet
  facet normal 0 0 1
    outer loop
      vertex -11.317524273263263 4.68787204647235 2
      vertex -11.317524273263263 -4.68787204647235 2
      vertex -10.80353548826735 -5.774610026118471 2
    endloop
  endfacet
  facet normal 0 0 1
    outer loop
      vertex -10.80353548826735 5.774610026118471 2
      vertex -10.18550275070618 -6.8057353544901265 2
      vertex -10.25 0 2
    endloop
  endfacet
  facet normal 0 0 1
    outer loop
      vertex -10.80353548826735 5.774610026118471 2
      vertex -10.80353548826735 -5.774610026118471 2
      vertex -10.18550275070618 -6.8057353544901265 2
    endloop
  endfacet
  facet normal 0 0 1
    outer loop
      vertex -10.25 0 2
      vertex -10.18550275070618 -6.8057353544901265 2
      vertex -10.200643448390018 -1.0046756883779961 2
    endloop
  endfacet
  facet normal 0 0 1
    outer loop
      vertex -10.200643448390018 -1.0046756883779961 2
      vertex -10.18550275070618 -6.8057353544901265 2
      vertex -10.053049124133112 -1.9996758006653146 2
    endloop
  endfacet
  facet normal 0 0 1
    outer loop
      vertex -10.053049124133112 -1.9996758006653146 2
      vertex -10.18550275070618 -6.8057353544901265 2
      vertex -9.808638441255141 -2.9754179418582387 2
    endloop
  endfacet
  facet normal 0 0 1
    outer loop
      vertex -9.808638441255141 -2.9754179418582387 2
      vertex -10.18550275070618 -6.8057353544901265 2
      vertex -9.46976520824069 -3.9225051817421703 2
    endloop
  endfacet
  facet normal 0 0 1
    outer loop
      vertex -9.46976520824069 -3.9225051817421703 2
      vertex -9.469378053693529 -7.7713177310046575 2
      vertex -9.039692959570639 -4.831816552466476 2
    endloop
  endfacet
  facet normal 0 0 1
    outer loop
      vertex -9.039692959570639 -4.831816552466476 2
      vertex -9.469378053693529 -7.7713177310046575 2
      vertex -8.522563526101088 -5.694594888450922 2
    endloop
  endfacet
  facet normal -0.9987954562051723 -0.04906767432741771 0
    outer loop
      vertex -12.25 0 2
      vertex -12.191012901734412 -1.2007099690371175 0
      vertex -12.191012901734412 -1.2007099690371175 2
    endloop
  endfacet
  facet normal -0.9891765099647809 -0.14673047445536186 0
    outer loop
      vertex -12.191012901734412 -1.2007099690371175 2
      vertex -12.014619684939573 -2.389856444697571 0
      vertex -12.014619684939573 -2.389856444697571 2
    endloop
  endfacet
  facet normal -0.9987954562051723 -0.04906767432741771 0
    outer loop
      vertex -12.25 0 2
      vertex -12.25 0 0
      vertex -12.191012901734412 -1.2007099690371175 0
    endloop
  endfacet
  facet normal 0 0 -1
    outer loop
      vertex -12.191012901734412 1.2007099690371175 0
      vertex -12.191012901734412 -1.2007099690371175 0
      vertex -12.25 0 0
    endloop
  endfacet
  facet normal 0 0 -1
    outer loop
      vertex -12.014619684939573 2.389856444697571 0
      vertex -12.014619684939573 -2.389856444697571 0
      vertex -12.191012901734412 -1.2007099690371175 0
    endloop
  endfacet
  facet normal 0 0 -1
    outer loop
      vertex -11.722519112719558 3.5559872963671637 0
      vertex -11.722519112719558 -3.5559872963671637 0
      vertex -12.014619684939573 -2.389856444697571 0
    endloop
  endfacet
  facet normal 0 0 -1
    outer loop
      vertex -11.317524273263263 4.68787204647235 0
      vertex -11.317524273263263 -4.68787204647235 0
      vertex -11.722519112719558 -3.5559872963671637 0
    endloop
  endfacet
  facet normal -0.9891765099647809 -0.14673047445536186 0
    outer loop
      vertex -12.191012901734412 -1.2007099690371175 2
      vertex -12.191012901734412 -1.2007099690371175 0
      vertex -12.014619684939573 -2.389856444697571 0
    endloop
  endfacet
  facet normal -0.9700312531945439 -0.24298017990326434 0
    outer loop
      vertex -12.014619684939573 -2.389856444697571 2
      vertex -12.014619684939573 -2.389856444697571 0
      vertex -11.722519112719558 -3.5559872963671637 0
    endloop
  endfacet
  facet normal 0 0 -1
    outer loop
      vertex -10.80353548826735 5.774610026118471 0
      vertex -10.80353548826735 -5.774610026118471 0
      vertex -11.317524273263263 -4.68787204647235 0
    endloop
  endfacet
  facet normal 0 0 -1
    outer loop
      vertex -10.18550275070618 6.8057353544901265 0
      vertex -10.18550275070618 -6.8057353544901265 0
      vertex -10.80353548826735 -5.774610026118471 0
    endloop
  endfacet
  facet normal 0 0 -1
    outer loop
      vertex -9.469378053693529 7.7713177310046575 0
      vertex -9.469378053693529 -7.7713177310046575 0
      vertex -10.18550275070618 -6.8057353544901265 0
    endloop
  endfacet
  facet normal -0.9700312531945439 -0.24298017990326434 0
    outer loop
      vertex -12.014619684939573 -2.389856444697571 2
      vertex -11.722519112719558 -3.5559872963671637 0
      vertex -11.722519112719558 -3.5559872963671637 2
    endloop
  endfacet
  facet normal -0.9415440651830211 -0.33688985339221933 0
    outer loop
      vertex -11.722519112719558 -3.5559872963671637 2
      vertex -11.317524273263263 -4.68787204647235 0
      vertex -11.317524273263263 -4.68787204647235 2
    endloop
  endfacet
  facet normal -0.9039892931234434 -0.42755509343028186 0
    outer loop
      vertex -11.317524273263263 -4.68787204647235 2
      vertex -10.80353548826735 -5.774610026118471 0
      vertex -10.80353548826735 -5.774610026118471 2
    endloop
  endfacet
  facet normal -0.9415440651830211 -0.33688985339221933 0
    outer loop
      vertex -11.722519112719558 -3.5559872963671637 2
      vertex -11.722519112719558 -3.5559872963671637 0
      vertex -11.317524273263263 -4.68787204647235 0
    endloop
  endfacet
  facet normal -0.9039892931234434 -0.42755509343028186 0
    outer loop
      vertex -11.317524273263263 -4.68787204647235 2
      vertex -11.317524273263263 -4.68787204647235 0
      vertex -10.80353548826735 -5.774610026118471 0
    endloop
  endfacet
  facet normal -0.8577286100002717 -0.5141027441932223 0
    outer loop
      vertex -10.80353548826735 -5.774610026118471 2
      vertex -10.80353548826735 -5.774610026118471 0
      vertex -10.18550275070618 -6.8057353544901265 0
    endloop
  endfacet
  facet normal 0 0 -1
    outer loop
      vertex -8.662058069535208 8.662058069535208 0
      vertex -8.662058069535208 -8.662058069535208 0
      vertex -9.469378053693529 -7.7713177310046575 0
    endloop
  endfacet
  facet normal 0 0 -1
    outer loop
      vertex -7.7713177310046575 9.469378053693529 0
      vertex -7.7713177310046575 -9.469378053693529 0
      vertex -8.662058069535208 -8.662058069535208 0
    endloop
  endfacet
  facet normal 0 0 -1
    outer loop
      vertex -6.8057353544901265 10.18550275070618 0
      vertex -6.8057353544901265 -10.18550275070618 0
      vertex -7.7713177310046575 -9.469378053693529 0
    endloop
  endfacet
  facet normal 0 0 1
    outer loop
      vertex -9.46976520824069 -3.9225051817421703 2
      vertex -10.18550275070618 -6.8057353544901265 2
      vertex -9.469378053693529 -7.7713177310046575 2
    endloop
  endfacet
  facet normal 0 0 1
    outer loop
      vertex -8.522563526101088 -5.694594888450922 2
      vertex -9.469378053693529 -7.7713177310046575 2
      vertex -8.662058069535208 -8.662058069535208 2
    endloop
  endfacet
  facet normal 0 0 1
    outer loop
      vertex -8.522563526101088 -5.694594888450922 2
      vertex -8.662058069535208 -8.662058069535208 2
      vertex -7.923357146968054 -6.502531162677366 2
    endloop
  endfacet
  facet normal 0 0 1
    outer loop
      vertex -7.923357146968054 -6.502531162677366 2
      vertex -8.662058069535208 -8.662058069535208 2
      vertex -7.247844507162113 -7.247844507162113 2
    endloop
  endfacet
  facet normal 0 0 1
    outer loop
      vertex -8.662058069535208 -8.662058069535208 2
      vertex -7.7713177310046575 -9.469378053693529 2
      vertex -7.247844507162113 -7.247844507162113 2
    endloop
  endfacet
  facet normal 0 0 1
    outer loop
      vertex -7.247844507162113 -7.247844507162113 2
      vertex -7.7713177310046575 -9.469378053693529 2
      vertex -6.502531162677366 -7.923357146968054 2
    endloop
  endfacet
  facet normal 0 0 1
    outer loop
      vertex -6.502531162677366 -7.923357146968054 2
      vertex -6.8057353544901265 -10.18550275070618 2
      vertex -5.694594888450922 -8.522563526101088 2
    endloop
  endfacet
  facet normal 0 0 1
    outer loop
      vertex -6.502531162677366 -7.923357146968054 2
      vertex -7.7713177310046575 -9.469378053693529 2
      vertex -6.8057353544901265 -10.18550275070618 2
    endloop
  endfacet
  facet normal -0.8577286100002717 -0.5141027441932223 0
    outer loop
      vertex -10.80353548826735 -5.774610026118471 2
      vertex -10.18550275070618 -6.8057353544901265 0
      vertex -10.18550275070618 -6.8057353544901265 2
    endloop
  endfacet
  facet normal -0.8032075314806454 -0.5956993044924328 0
    outer loop
      vertex -10.18550275070618 -6.8057353544901265 2
      vertex -9.469378053693529 -7.7713177310046575 0
      vertex -9.469378053693529 -7.7713177310046575 2
    endloop
  endfacet
  facet normal -0.8032075314806454 -0.5956993044924328 0
    outer loop
      vertex -10.18550275070618 -6.8057353544901265 2
      vertex -10.18550275070618 -6.8057353544901265 0
      vertex -9.469378053693529 -7.7713177310046575 0
    endloop
  endfacet
  facet normal -0.7409511253549593 -0.6715589548470183 0
    outer loop
      vertex -9.469378053693529 -7.7713177310046575 2
      vertex -9.469378053693529 -7.7713177310046575 0
      vertex -8.662058069535208 -8.662058069535208 0
    endloop
  endfacet
  facet normal -0.7409511253549593 -0.6715589548470183 0
    outer loop
      vertex -9.469378053693529 -7.7713177310046575 2
      vertex -8.662058069535208 -8.662058069535208 0
      vertex -8.662058069535208 -8.662058069535208 2
    endloop
  endfacet
  facet normal -0.6715589548470183 -0.7409511253549593 0
    outer loop
      vertex -8.662058069535208 -8.662058069535208 2
      vertex -8.662058069535208 -8.662058069535208 0
      vertex -7.7713177310046575 -9.469378053693529 2
    endloop
  endfacet
  facet normal -0.5956993044924328 -0.8032075314806454 0
    outer loop
      vertex -7.7713177310046575 -9.469378053693529 2
      vertex -7.7713177310046575 -9.469378053693529 0
      vertex -6.8057353544901265 -10.18550275070618 2
    endloop
  endfacet
  facet normal -0.5141027441932223 -0.8577286100002717 0
    outer loop
      vertex -6.8057353544901265 -10.18550275070618 2
      vertex -6.8057353544901265 -10.18550275070618 0
      vertex -5.774610026118471 -10.80353548826735 2
    endloop
  endfacet
  facet normal -0.6715589548470183 -0.7409511253549593 0
    outer loop
      vertex -7.7713177310046575 -9.469378053693529 2
      vertex -8.662058069535208 -8.662058069535208 0
      vertex -7.7713177310046575 -9.469378053693529 0
    endloop
  endfacet
  facet normal -0.5956993044924328 -0.8032075314806454 0
    outer loop
      vertex -6.8057353544901265 -10.18550275070618 2
      vertex -7.7713177310046575 -9.469378053693529 0
      vertex -6.8057353544901265 -10.18550275070618 0
    endloop
  endfacet
  facet normal 0.9987954562051724 0.049067674327417474 0
    outer loop
      vertex -5.224719815029034 -0.5145899867301932 0
      vertex -5.25 0 0
      vertex -5.25 0 7
    endloop
  endfacet
  facet normal 0.9891765099647809 0.1467304744553616 0
    outer loop
      vertex -5.224719815029034 -0.5145899867301932 7
      vertex -5.14912272211696 -1.0242241905846734 0
      vertex -5.224719815029034 -0.5145899867301932 0
    endloop
  endfacet
  facet normal 0.9700312531945436 0.24298017990326504 0
    outer loop
      vertex -5.14912272211696 -1.0242241905846734 7
      vertex -5.023936762594096 -1.5239945555859273 0
      vertex -5.14912272211696 -1.0242241905846734 0
    endloop
  endfacet
  facet normal 0.941544065183021 0.3368898533922196 0
    outer loop
      vertex -5.023936762594096 -1.5239945555859273 7
      vertex -4.850367545684255 -2.0090880199167214 0
      vertex -5.023936762594096 -1.5239945555859273 0
    endloop
  endfacet
  facet normal 0.9039892931234433 0.4275550934302821 0
    outer loop
      vertex -4.630086637828864 -2.4748328683364877 0
      vertex -4.850367545684255 -2.0090880199167214 0
      vertex -4.850367545684255 -2.0090880199167214 7
    endloop
  endfacet
  facet normal 0.8577286100002718 0.5141027441932221 0
    outer loop
      vertex -4.3652154645883625 -2.916743723352911 0
      vertex -4.630086637828864 -2.4748328683364877 0
      vertex -4.630086637828864 -2.4748328683364877 7
    endloop
  endfacet
  facet normal 0.8032075314806457 0.5956993044924324 0
    outer loop
      vertex -4.0583048801543695 -3.330564741859139 0
      vertex -4.3652154645883625 -2.916743723352911 0
      vertex -4.3652154645883625 -2.916743723352911 7
    endloop
  endfacet
  facet normal 0.7409511253549591 0.6715589548470184 0
    outer loop
      vertex -4.0583048801543695 -3.330564741859139 7
      vertex -3.7123106012293747 -3.7123106012293747 0
      vertex -4.0583048801543695 -3.330564741859139 0
    endloop
  endfacet
  facet normal 0.6715589548470184 0.7409511253549591 0
    outer loop
      vertex -3.7123106012293747 -3.7123106012293747 7
      vertex -3.330564741859139 -4.0583048801543695 0
      vertex -3.7123106012293747 -3.7123106012293747 0
    endloop
  endfacet
  facet normal 0.5956993044924324 0.8032075314806457 0
    outer loop
      vertex -3.330564741859139 -4.0583048801543695 0
      vertex -3.330564741859139 -4.0583048801543695 7
      vertex -2.916743723352911 -4.3652154645883625 0
    endloop
  endfacet
  facet normal 0.5141027441932221 0.8577286100002718 0
    outer loop
      vertex -2.916743723352911 -4.3652154645883625 7
      vertex -2.4748328683364877 -4.630086637828864 0
      vertex -2.916743723352911 -4.3652154645883625 0
    endloop
  endfacet
  facet normal 0.4275550934302821 0.9039892931234433 0
    outer loop
      vertex -2.4748328683364877 -4.630086637828864 7
      vertex -2.0090880199167214 -4.850367545684255 0
      vertex -2.4748328683364877 -4.630086637828864 0
    endloop
  endfacet
  facet normal 0.3368898533922196 0.941544065183021 0
    outer loop
      vertex -2.0090880199167214 -4.850367545684255 7
      vertex -1.5239945555859273 -5.023936762594096 0
      vertex -2.0090880199167214 -4.850367545684255 0
    endloop
  endfacet
  facet normal 0.24298017990326504 0.9700312531945436 0
    outer loop
      vertex -1.5239945555859273 -5.023936762594096 7
      vertex -1.0242241905846734 -5.14912272211696 0
      vertex -1.5239945555859273 -5.023936762594096 0
    endloop
  endfacet
  facet normal 0.1467304744553616 0.9891765099647809 0
    outer loop
      vertex -1.0242241905846734 -5.14912272211696 7
      vertex -0.5145899867301932 -5.224719815029034 0
      vertex -1.0242241905846734 -5.14912272211696 0
    endloop
  endfacet
  facet normal 0.049067674327417474 0.9987954562051724 0
    outer loop
      vertex 0 -5.25 0
      vertex -0.5145899867301932 -5.224719815029034 0
      vertex -0.5145899867301932 -5.224719815029034 7
    endloop
  endfacet
  facet normal 0 0 -1
    outer loop
      vertex -5.774610026118471 10.80353548826735 0
      vertex -5.25 0 0
      vertex -5.774610026118471 -10.80353548826735 0
    endloop
  endfacet
  facet normal 0 0 -1
    outer loop
      vertex -5.774610026118471 10.80353548826735 0
      vertex -5.774610026118471 -10.80353548826735 0
      vertex -6.8057353544901265 -10.18550275070618 0
    endloop
  endfacet
  facet normal 0 0 -1
    outer loop
      vertex -5.774610026118471 -10.80353548826735 0
      vertex -5.25 0 0
      vertex -5.224719815029034 -0.5145899867301932 0
    endloop
  endfacet
  facet normal 0 0 -1
    outer loop
      vertex -5.774610026118471 -10.80353548826735 0
      vertex -5.224719815029034 -0.5145899867301932 0
      vertex -5.14912272211696 -1.0242241905846734 0
    endloop
  endfacet
  facet normal 0 0 -1
    outer loop
      vertex -5.774610026118471 -10.80353548826735 0
      vertex -5.14912272211696 -1.0242241905846734 0
      vertex -5.023936762594096 -1.5239945555859273 0
    endloop
  endfacet
  facet normal 0 0 -1
    outer loop
      vertex -5.774610026118471 -10.80353548826735 0
      vertex -5.023936762594096 -1.5239945555859273 0
      vertex -4.850367545684255 -2.0090880199167214 0
    endloop
  endfacet
  facet normal 0 0 -1
    outer loop
      vertex -5.774610026118471 -10.80353548826735 0
      vertex -4.850367545684255 -2.0090880199167214 0
      vertex -4.630086637828864 -2.4748328683364877 0
    endloop
  endfacet
  facet normal 0 0 -1
    outer loop
      vertex -4.68787204647235 -11.317524273263263 0
      vertex -4.630086637828864 -2.4748328683364877 0
      vertex -4.3652154645883625 -2.916743723352911 0
    endloop
  endfacet
  facet normal 0 0 -1
    outer loop
      vertex -4.68787204647235 -11.317524273263263 0
      vertex -4.3652154645883625 -2.916743723352911 0
      vertex -4.0583048801543695 -3.330564741859139 0
    endloop
  endfacet
  facet normal 0 0 -1
    outer loop
      vertex -4.68787204647235 -11.317524273263263 0
      vertex -4.0583048801543695 -3.330564741859139 0
      vertex -3.7123106012293747 -3.7123106012293747 0
    endloop
  endfacet
  facet normal 0 0 1
    outer loop
      vertex -6.8057353544901265 -10.18550275070618 2
      vertex -5.774610026118471 -10.80353548826735 2
      vertex -5.694594888450922 -8.522563526101088 2
    endloop
  endfacet
  facet normal 0 0 1
    outer loop
      vertex -5.694594888450922 -8.522563526101088 2
      vertex -5.774610026118471 -10.80353548826735 2
      vertex -4.831816552466476 -9.039692959570639 2
    endloop
  endfacet
  facet normal 0 0 1
    outer loop
      vertex -4.831816552466476 -9.039692959570639 2
      vertex -5.774610026118471 -10.80353548826735 2
      vertex -3.9225051817421703 -9.46976520824069 2
    endloop
  endfacet
  facet normal 0 0 1
    outer loop
      vertex -5.774610026118471 -10.80353548826735 2
      vertex -4.68787204647235 -11.317524273263263 2
      vertex -3.9225051817421703 -9.46976520824069 2
    endloop
  endfacet
  facet normal 0 0 1
    outer loop
      vertex -4.68787204647235 -11.317524273263263 2
      vertex -2.9754179418582387 -9.808638441255141 2
      vertex -3.9225051817421703 -9.46976520824069 2
    endloop
  endfacet
  facet normal 0 0 1
    outer loop
      vertex -4.68787204647235 -11.317524273263263 2
      vertex -3.5559872963671637 -11.722519112719558 2
      vertex -2.9754179418582387 -9.808638441255141 2
    endloop
  endfacet
  facet normal 0 0 1
    outer loop
      vertex -3.5559872963671637 -11.722519112719558 2
      vertex -1.9996758006653146 -10.053049124133112 2
      vertex -2.9754179418582387 -9.808638441255141 2
    endloop
  endfacet
  facet normal 0 0 1
    outer loop
      vertex -3.5559872963671637 -11.722519112719558 2
      vertex -2.389856444697571 -12.014619684939573 2
      vertex -1.9996758006653146 -10.053049124133112 2
    endloop
  endfacet
  facet normal 0 0 1
    outer loop
      vertex -1.9996758006653146 -10.053049124133112 2
      vertex -2.389856444697571 -12.014619684939573 2
      vertex -1.0046756883779961 -10.200643448390018 2
    endloop
  endfacet
  facet normal 0 0 1
    outer loop
      vertex -2.389856444697571 -12.014619684939573 2
      vertex -1.2007099690371175 -12.191012901734412 2
      vertex -1.0046756883779961 -10.200643448390018 2
    endloop
  endfacet
  facet normal 0 0 1
    outer loop
      vertex -1.0046756883779961 -10.200643448390018 2
      vertex -1.2007099690371175 -12.191012901734412 2
      vertex 0 -10.25 2
    endloop
  endfacet
  facet normal 0 0 1
    outer loop
      vertex -1.2007099690371175 -12.191012901734412 2
      vertex 0 -12.25 2
      vertex 0 -10.25 2
    endloop
  endfacet
  facet normal 0 0 -1
    outer loop
      vertex -5.774610026118471 -10.80353548826735 0
      vertex -4.630086637828864 -2.4748328683364877 0
      vertex -4.68787204647235 -11.317524273263263 0
    endloop
  endfacet
  facet normal 0 0 -1
    outer loop
      vertex -4.68787204647235 -11.317524273263263 0
      vertex -3.7123106012293747 -3.7123106012293747 0
      vertex -3.330564741859139 -4.0583048801543695 0
    endloop
  endfacet
  facet normal 0 0 -1
    outer loop
      vertex -3.5559872963671637 -11.722519112719558 0
      vertex -3.330564741859139 -4.0583048801543695 0
      vertex -2.916743723352911 -4.3652154645883625 0
    endloop
  endfacet
  facet normal 0 0 -1
    outer loop
      vertex -4.68787204647235 -11.317524273263263 0
      vertex -3.330564741859139 -4.0583048801543695 0
      vertex -3.5559872963671637 -11.722519112719558 0
    endloop
  endfacet
  facet normal -0.42755509343028186 -0.9039892931234434 0
    outer loop
      vertex -5.774610026118471 -10.80353548826735 2
      vertex -5.774610026118471 -10.80353548826735 0
      vertex -4.68787204647235 -11.317524273263263 2
    endloop
  endfacet
  facet normal -0.33688985339221933 -0.9415440651830211 0
    outer loop
      vertex -4.68787204647235 -11.317524273263263 2
      vertex -4.68787204647235 -11.317524273263263 0
      vertex -3.5559872963671637 -11.722519112719558 2
    endloop
  endfacet
  facet normal -0.24298017990326434 -0.9700312531945439 0
    outer loop
      vertex -3.5559872963671637 -11.722519112719558 2
      vertex -3.5559872963671637 -11.722519112719558 0
      vertex -2.389856444697571 -12.014619684939573 2
    endloop
  endfacet
  facet normal -0.5141027441932223 -0.8577286100002717 0
    outer loop
      vertex -6.8057353544901265 -10.18550275070618 0
      vertex -5.774610026118471 -10.80353548826735 0
      vertex -5.774610026118471 -10.80353548826735 2
    endloop
  endfacet
  facet normal -0.42755509343028186 -0.9039892931234434 0
    outer loop
      vertex -4.68787204647235 -11.317524273263263 2
      vertex -5.774610026118471 -10.80353548826735 0
      vertex -4.68787204647235 -11.317524273263263 0
    endloop
  endfacet
  facet normal -0.33688985339221933 -0.9415440651830211 0
    outer loop
      vertex -3.5559872963671637 -11.722519112719558 2
      vertex -4.68787204647235 -11.317524273263263 0
      vertex -3.5559872963671637 -11.722519112719558 0
    endloop
  endfacet
  facet normal 0 0 -1
    outer loop
      vertex -3.5559872963671637 -11.722519112719558 0
      vertex -2.916743723352911 -4.3652154645883625 0
      vertex -2.4748328683364877 -4.630086637828864 0
    endloop
  endfacet
  facet normal 0 0 -1
    outer loop
      vertex -3.5559872963671637 -11.722519112719558 0
      vertex -2.4748328683364877 -4.630086637828864 0
      vertex -2.0090880199167214 -4.850367545684255 0
    endloop
  endfacet
  facet normal 0 0 -1
    outer loop
      vertex -2.389856444697571 -12.014619684939573 0
      vertex -2.0090880199167214 -4.850367545684255 0
      vertex -1.5239945555859273 -5.023936762594096 0
    endloop
  endfacet
  facet normal 0 0 -1
    outer loop
      vertex -2.389856444697571 -12.014619684939573 0
      vertex -1.5239945555859273 -5.023936762594096 0
      vertex -1.0242241905846734 -5.14912272211696 0
    endloop
  endfacet
  facet normal 0 0 -1
    outer loop
      vertex -1.2007099690371175 -12.191012901734412 0
      vertex -1.0242241905846734 -5.14912272211696 0
      vertex -0.5145899867301932 -5.224719815029034 0
    endloop
  endfacet
  facet normal 0 0 -1
    outer loop
      vertex 0 -12.25 0
      vertex -0.5145899867301932 -5.224719815029034 0
      vertex 0 -5.25 0
    endloop
  endfacet
  facet normal -0.14673047445536186 -0.9891765099647809 0
    outer loop
      vertex -2.389856444697571 -12.014619684939573 2
      vertex -2.389856444697571 -12.014619684939573 0
      vertex -1.2007099690371175 -12.191012901734412 2
    endloop
  endfacet
  facet normal -0.04906767432741771 -0.9987954562051723 0
    outer loop
      vertex -1.2007099690371175 -12.191012901734412 2
      vertex -1.2007099690371175 -12.191012901734412 0
      vertex 0 -12.25 2
    endloop
  endfacet
  facet normal 0 0 -1
    outer loop
      vertex -3.5559872963671637 -11.722519112719558 0
      vertex -2.0090880199167214 -4.850367545684255 0
      vertex -2.389856444697571 -12.014619684939573 0
    endloop
  endfacet
  facet normal 0 0 -1
    outer loop
      vertex -2.389856444697571 -12.014619684939573 0
      vertex -1.0242241905846734 -5.14912272211696 0
      vertex -1.2007099690371175 -12.191012901734412 0
    endloop
  endfacet
  facet normal -0.24298017990326434 -0.9700312531945439 0
    outer loop
      vertex -2.389856444697571 -12.014619684939573 2
      vertex -3.5559872963671637 -11.722519112719558 0
      vertex -2.389856444697571 -12.014619684939573 0
    endloop
  endfacet
  facet normal -0.14673047445536186 -0.9891765099647809 0
    outer loop
      vertex -1.2007099690371175 -12.191012901734412 2
      vertex -2.389856444697571 -12.014619684939573 0
      vertex -1.2007099690371175 -12.191012901734412 0
    endloop
  endfacet
  facet normal 0 0 -1
    outer loop
      vertex -1.2007099690371175 -12.191012901734412 0
      vertex -0.5145899867301932 -5.224719815029034 0
      vertex 0 -12.25 0
    endloop
  endfacet
  facet normal -0.04906767432741771 -0.9987954562051723 0
    outer loop
      vertex -1.2007099690371175 -12.191012901734412 0
      vertex 0 -12.25 0
      vertex 0 -12.25 2
    endloop
  endfacet
  facet normal 0.04906767432741819 0.9987954562051724 0
    outer loop
      vertex 0 10.25 7
      vertex 1.0046756883779961 10.200643448390018 7
      vertex 1.0046756883779961 10.200643448390018 2
    endloop
  endfacet
  facet normal 0.14673047445536136 0.9891765099647809 0
    outer loop
      vertex 1.0046756883779961 10.200643448390018 7
      vertex 1.9996758006653146 10.053049124133112 7
      vertex 1.9996758006653146 10.053049124133112 2
    endloop
  endfacet
  facet normal 0.24298017990326404 0.970031253194544 0
    outer loop
      vertex 1.9996758006653146 10.053049124133112 7
      vertex 2.9754179418582387 9.808638441255141 7
      vertex 2.9754179418582387 9.808638441255141 2
    endloop
  endfacet
  facet normal 0 0 1
    outer loop
      vertex 0 10.25 7
      vertex 0.5145899867301932 5.224719815029034 7
      vertex 1.0046756883779961 10.200643448390018 7
    endloop
  endfacet
  facet normal 0 0 1
    outer loop
      vertex 1.0046756883779961 10.200643448390018 7
      vertex 1.5239945555859273 5.023936762594096 7
      vertex 1.9996758006653146 10.053049124133112 7
    endloop
  endfacet
  facet normal 0 0 1
    outer loop
      vertex 0 10.25 7
      vertex 0 5.25 7
      vertex 0.5145899867301932 5.224719815029034 7
    endloop
  endfacet
  facet normal 0 0 1
    outer loop
      vertex 1.0046756883779961 10.200643448390018 7
      vertex 0.5145899867301932 5.224719815029034 7
      vertex 1.0242241905846734 5.14912272211696 7
    endloop
  endfacet
  facet normal 0 0 1
    outer loop
      vertex 1.0046756883779961 10.200643448390018 7
      vertex 1.0242241905846734 5.14912272211696 7
      vertex 1.5239945555859273 5.023936762594096 7
    endloop
  endfacet
  facet normal 0 0 1
    outer loop
      vertex 1.9996758006653146 10.053049124133112 7
      vertex 2.4748328683364877 4.630086637828864 7
      vertex 2.9754179418582387 9.808638441255141 7
    endloop
  endfacet
  facet normal 0 0 1
    outer loop
      vertex 1.9996758006653146 10.053049124133112 7
      vertex 1.5239945555859273 5.023936762594096 7
      vertex 2.0090880199167214 4.850367545684255 7
    endloop
  endfacet
  facet normal 0 0 1
    outer loop
      vertex 1.9996758006653146 10.053049124133112 7
      vertex 2.0090880199167214 4.850367545684255 7
      vertex 2.4748328683364877 4.630086637828864 7
    endloop
  endfacet
  facet normal 0 0 1
    outer loop
      vertex 2.9754179418582387 9.808638441255141 7
      vertex 2.4748328683364877 4.630086637828864 7
      vertex 2.916743723352911 4.3652154645883625 7
    endloop
  endfacet
  facet normal 0.3368898533922199 0.9415440651830207 0
    outer loop
      vertex 2.9754179418582387 9.808638441255141 7
      vertex 3.9225051817421703 9.46976520824069 7
      vertex 3.9225051817421703 9.46976520824069 2
    endloop
  endfacet
  facet normal 0 0 1
    outer loop
      vertex 2.9754179418582387 9.808638441255141 7
      vertex 3.330564741859139 4.0583048801543695 7
      vertex 3.9225051817421703 9.46976520824069 7
    endloop
  endfacet
  facet normal 0 0 1
    outer loop
      vertex 3.9225051817421703 9.46976520824069 7
      vertex 4.3652154645883625 2.916743723352911 7
      vertex 4.831816552466476 9.039692959570639 7
    endloop
  endfacet
  facet normal 0.4275550934302826 0.903989293123443 0
    outer loop
      vertex 3.9225051817421703 9.46976520824069 7
      vertex 4.831816552466476 9.039692959570639 7
      vertex 4.831816552466476 9.039692959570639 2
    endloop
  endfacet
  facet normal 0.5141027441932222 0.8577286100002717 0
    outer loop
      vertex 4.831816552466476 9.039692959570639 7
      vertex 5.694594888450922 8.522563526101088 7
      vertex 5.694594888450922 8.522563526101088 2
    endloop
  endfacet
  facet normal 0.04906767432741819 0.9987954562051724 0
    outer loop
      vertex 0 10.25 7
      vertex 1.0046756883779961 10.200643448390018 2
      vertex 0 10.25 2
    endloop
  endfacet
  facet normal 0.14673047445536136 0.9891765099647809 0
    outer loop
      vertex 1.0046756883779961 10.200643448390018 7
      vertex 1.9996758006653146 10.053049124133112 2
      vertex 1.0046756883779961 10.200643448390018 2
    endloop
  endfacet
  facet normal 0.24298017990326404 0.970031253194544 0
    outer loop
      vertex 1.9996758006653146 10.053049124133112 7
      vertex 2.9754179418582387 9.808638441255141 2
      vertex 1.9996758006653146 10.053049124133112 2
    endloop
  endfacet
  facet normal 0.3368898533922199 0.9415440651830207 0
    outer loop
      vertex 2.9754179418582387 9.808638441255141 7
      vertex 3.9225051817421703 9.46976520824069 2
      vertex 2.9754179418582387 9.808638441255141 2
    endloop
  endfacet
  facet normal 0.4275550934302826 0.903989293123443 0
    outer loop
      vertex 3.9225051817421703 9.46976520824069 7
      vertex 4.831816552466476 9.039692959570639 2
      vertex 3.9225051817421703 9.46976520824069 2
    endloop
  endfacet
  facet normal 0.5141027441932222 0.8577286100002717 0
    outer loop
      vertex 4.831816552466476 9.039692959570639 7
      vertex 5.694594888450922 8.522563526101088 2
      vertex 4.831816552466476 9.039692959570639 2
    endloop
  endfacet
  facet normal 0.5956993044924326 0.8032075314806455 0
    outer loop
      vertex 5.694594888450922 8.522563526101088 7
      vertex 6.502531162677366 7.923357146968054 2
      vertex 5.694594888450922 8.522563526101088 2
    endloop
  endfacet
  facet normal 0 0 1
    outer loop
      vertex 2.9754179418582387 9.808638441255141 7
      vertex 2.916743723352911 4.3652154645883625 7
      vertex 3.330564741859139 4.0583048801543695 7
    endloop
  endfacet
  facet normal 0 0 1
    outer loop
      vertex 3.9225051817421703 9.46976520824069 7
      vertex 3.330564741859139 4.0583048801543695 7
      vertex 3.7123106012293747 3.7123106012293747 7
    endloop
  endfacet
  facet normal 0 0 1
    outer loop
      vertex 3.9225051817421703 9.46976520824069 7
      vertex 3.7123106012293747 3.7123106012293747 7
      vertex 4.0583048801543695 3.330564741859139 7
    endloop
  endfacet
  facet normal 0 0 1
    outer loop
      vertex 3.9225051817421703 9.46976520824069 7
      vertex 4.0583048801543695 3.330564741859139 7
      vertex 4.3652154645883625 2.916743723352911 7
    endloop
  endfacet
  facet normal 0 0 1
    outer loop
      vertex 4.831816552466476 9.039692959570639 7
      vertex 4.3652154645883625 2.916743723352911 7
      vertex 4.630086637828864 2.4748328683364877 7
    endloop
  endfacet
  facet normal 0 0 1
    outer loop
      vertex 4.831816552466476 9.039692959570639 7
      vertex 4.630086637828864 2.4748328683364877 7
      vertex 4.850367545684255 2.0090880199167214 7
    endloop
  endfacet
  facet normal 0 0 1
    outer loop
      vertex 4.831816552466476 9.039692959570639 7
      vertex 4.850367545684255 2.0090880199167214 7
      vertex 5.023936762594096 1.5239945555859273 7
    endloop
  endfacet
  facet normal 0 0 1
    outer loop
      vertex 4.831816552466476 9.039692959570639 7
      vertex 5.023936762594096 1.5239945555859273 7
      vertex 5.14912272211696 1.0242241905846734 7
    endloop
  endfacet
  facet normal 0 0 1
    outer loop
      vertex 4.831816552466476 9.039692959570639 7
      vertex 5.14912272211696 1.0242241905846734 7
      vertex 5.224719815029034 0.5145899867301932 7
    endloop
  endfacet
  facet normal 0 0 1
    outer loop
      vertex 4.831816552466476 9.039692959570639 7
      vertex 5.224719815029034 0.5145899867301932 7
      vertex 5.25 0 7
    endloop
  endfacet
  facet normal 0 0 1
    outer loop
      vertex 4.831816552466476 9.039692959570639 7
      vertex 5.694594888450922 -8.522563526101088 7
      vertex 5.694594888450922 8.522563526101088 7
    endloop
  endfacet
  facet normal 0 0 1
    outer loop
      vertex 4.831816552466476 9.039692959570639 7
      vertex 5.25 0 7
      vertex 5.694594888450922 -8.522563526101088 7
    endloop
  endfacet
  facet normal -0.049067674327417474 -0.9987954562051724 0
    outer loop
      vertex 0 5.25 0
      vertex 0.5145899867301932 5.224719815029034 7
      vertex 0 5.25 7
    endloop
  endfacet
  facet normal -0.1467304744553616 -0.9891765099647809 0
    outer loop
      vertex 0.5145899867301932 5.224719815029034 7
      vertex 0.5145899867301932 5.224719815029034 0
      vertex 1.0242241905846734 5.14912272211696 7
    endloop
  endfacet
  facet normal -0.24298017990326504 -0.9700312531945436 0
    outer loop
      vertex 1.0242241905846734 5.14912272211696 7
      vertex 1.0242241905846734 5.14912272211696 0
      vertex 1.5239945555859273 5.023936762594096 7
    endloop
  endfacet
  facet normal -0.3368898533922196 -0.941544065183021 0
    outer loop
      vertex 1.5239945555859273 5.023936762594096 7
      vertex 1.5239945555859273 5.023936762594096 0
      vertex 2.0090880199167214 4.850367545684255 7
    endloop
  endfacet
  facet normal -0.4275550934302821 -0.9039892931234433 0
    outer loop
      vertex 2.0090880199167214 4.850367545684255 0
      vertex 2.4748328683364877 4.630086637828864 7
      vertex 2.0090880199167214 4.850367545684255 7
    endloop
  endfacet
  facet normal -0.5141027441932221 -0.8577286100002718 0
    outer loop
      vertex 2.4748328683364877 4.630086637828864 7
      vertex 2.4748328683364877 4.630086637828864 0
      vertex 2.916743723352911 4.3652154645883625 7
    endloop
  endfacet
  facet normal -0.5956993044924324 -0.8032075314806457 0
    outer loop
      vertex 2.916743723352911 4.3652154645883625 7
      vertex 2.916743723352911 4.3652154645883625 0
      vertex 3.330564741859139 4.0583048801543695 7
    endloop
  endfacet
  facet normal -0.6715589548470184 -0.7409511253549591 0
    outer loop
      vertex 3.330564741859139 4.0583048801543695 7
      vertex 3.330564741859139 4.0583048801543695 0
      vertex 3.7123106012293747 3.7123106012293747 7
    endloop
  endfacet
  facet normal -0.7409511253549591 -0.6715589548470184 0
    outer loop
      vertex 4.0583048801543695 3.330564741859139 7
      vertex 3.7123106012293747 3.7123106012293747 7
      vertex 3.7123106012293747 3.7123106012293747 0
    endloop
  endfacet
  facet normal -0.8032075314806457 -0.5956993044924324 0
    outer loop
      vertex 4.3652154645883625 2.916743723352911 7
      vertex 4.0583048801543695 3.330564741859139 7
      vertex 4.0583048801543695 3.330564741859139 0
    endloop
  endfacet
  facet normal -0.8577286100002718 -0.5141027441932221 0
    outer loop
      vertex 4.630086637828864 2.4748328683364877 7
      vertex 4.3652154645883625 2.916743723352911 7
      vertex 4.3652154645883625 2.916743723352911 0
    endloop
  endfacet
  facet normal -0.9039892931234433 -0.4275550934302821 0
    outer loop
      vertex 4.850367545684255 2.0090880199167214 7
      vertex 4.630086637828864 2.4748328683364877 7
      vertex 4.630086637828864 2.4748328683364877 0
    endloop
  endfacet
  facet normal -0.941544065183021 -0.3368898533922196 0
    outer loop
      vertex 4.850367545684255 2.0090880199167214 0
      vertex 5.023936762594096 1.5239945555859273 7
      vertex 4.850367545684255 2.0090880199167214 7
    endloop
  endfacet
  facet normal -0.9700312531945436 -0.24298017990326504 0
    outer loop
      vertex 5.023936762594096 1.5239945555859273 0
      vertex 5.14912272211696 1.0242241905846734 7
      vertex 5.023936762594096 1.5239945555859273 7
    endloop
  endfacet
  facet normal -0.9891765099647809 -0.1467304744553616 0
    outer loop
      vertex 5.14912272211696 1.0242241905846734 0
      vertex 5.224719815029034 0.5145899867301932 7
      vertex 5.14912272211696 1.0242241905846734 7
    endloop
  endfacet
  facet normal -0.9987954562051724 -0.049067674327417474 0
    outer loop
      vertex 5.224719815029034 0.5145899867301932 7
      vertex 5.224719815029034 0.5145899867301932 0
      vertex 5.25 0 7
    endloop
  endfacet
  facet normal 0.5956993044924326 0.8032075314806455 0
    outer loop
      vertex 5.694594888450922 8.522563526101088 7
      vertex 6.502531162677366 7.923357146968054 7
      vertex 6.502531162677366 7.923357146968054 2
    endloop
  endfacet
  facet normal 0.6715589548470174 0.7409511253549599 0
    outer loop
      vertex 6.502531162677366 7.923357146968054 7
      vertex 7.247844507162113 7.247844507162113 7
      vertex 7.247844507162113 7.247844507162113 2
    endloop
  endfacet
  facet normal 0.7409511253549599 0.6715589548470174 0
    outer loop
      vertex 7.247844507162113 7.247844507162113 7
      vertex 7.923357146968054 6.502531162677366 7
      vertex 7.247844507162113 7.247844507162113 2
    endloop
  endfacet
  facet normal 0.8032075314806455 0.5956993044924326 0
    outer loop
      vertex 7.923357146968054 6.502531162677366 7
      vertex 8.522563526101088 5.694594888450922 7
      vertex 7.923357146968054 6.502531162677366 2
    endloop
  endfacet
  facet normal 0.6715589548470174 0.7409511253549599 0
    outer loop
      vertex 6.502531162677366 7.923357146968054 7
      vertex 7.247844507162113 7.247844507162113 2
      vertex 6.502531162677366 7.923357146968054 2
    endloop
  endfacet
  facet normal 0.7409511253549599 0.6715589548470174 0
    outer loop
      vertex 7.923357146968054 6.502531162677366 7
      vertex 7.923357146968054 6.502531162677366 2
      vertex 7.247844507162113 7.247844507162113 2
    endloop
  endfacet
  facet normal 0.8577286100002717 0.5141027441932222 0
    outer loop
      vertex 8.522563526101088 5.694594888450922 7
      vertex 9.039692959570639 4.831816552466476 7
      vertex 8.522563526101088 5.694594888450922 2
    endloop
  endfacet
  facet normal 0.903989293123443 0.4275550934302826 0
    outer loop
      vertex 9.039692959570639 4.831816552466476 7
      vertex 9.46976520824069 3.9225051817421703 7
      vertex 9.039692959570639 4.831816552466476 2
    endloop
  endfacet
  facet normal 0 0 1
    outer loop
      vertex 5.694594888450922 8.522563526101088 7
      vertex 6.502531162677366 -7.923357146968054 7
      vertex 6.502531162677366 7.923357146968054 7
    endloop
  endfacet
  facet normal 0 0 1
    outer loop
      vertex 6.502531162677366 7.923357146968054 7
      vertex 7.247844507162113 -7.247844507162113 7
      vertex 7.247844507162113 7.247844507162113 7
    endloop
  endfacet
  facet normal 0 0 1
    outer loop
      vertex 7.247844507162113 7.247844507162113 7
      vertex 7.923357146968054 -6.502531162677366 7
      vertex 7.923357146968054 6.502531162677366 7
    endloop
  endfacet
  facet normal 0 0 1
    outer loop
      vertex 7.923357146968054 6.502531162677366 7
      vertex 8.522563526101088 -5.694594888450922 7
      vertex 8.522563526101088 5.694594888450922 7
    endloop
  endfacet
  facet normal 0 0 1
    outer loop
      vertex 8.522563526101088 5.694594888450922 7
      vertex 9.039692959570639 -4.831816552466476 7
      vertex 9.039692959570639 4.831816552466476 7
    endloop
  endfacet
  facet normal 0.9415440651830207 0.3368898533922199 0
    outer loop
      vertex 9.46976520824069 3.9225051817421703 7
      vertex 9.808638441255141 2.9754179418582387 7
      vertex 9.46976520824069 3.9225051817421703 2
    endloop
  endfacet
  facet normal 0 0 1
    outer loop
      vertex 9.039692959570639 4.831816552466476 7
      vertex 9.46976520824069 -3.9225051817421703 7
      vertex 9.46976520824069 3.9225051817421703 7
    endloop
  endfacet
  facet normal 0 0 1
    outer loop
      vertex 9.46976520824069 3.9225051817421703 7
      vertex 9.808638441255141 -2.9754179418582387 7
      vertex 9.808638441255141 2.9754179418582387 7
    endloop
  endfacet
  facet normal 0 0 1
    outer loop
      vertex 9.808638441255141 2.9754179418582387 7
      vertex 10.053049124133112 -1.9996758006653146 7
      vertex 10.053049124133112 1.9996758006653146 7
    endloop
  endfacet
  facet normal 0 0 1
    outer loop
      vertex 10.053049124133112 1.9996758006653146 7
      vertex 10.200643448390018 -1.0046756883779961 7
      vertex 10.200643448390018 1.0046756883779961 7
    endloop
  endfacet
  facet normal 0.970031253194544 0.24298017990326404 0
    outer loop
      vertex 9.808638441255141 2.9754179418582387 7
      vertex 10.053049124133112 1.9996758006653146 7
      vertex 9.808638441255141 2.9754179418582387 2
    endloop
  endfacet
  facet normal 0.9891765099647809 0.14673047445536136 0
    outer loop
      vertex 10.053049124133112 1.9996758006653146 7
      vertex 10.200643448390018 1.0046756883779961 7
      vertex 10.053049124133112 1.9996758006653146 2
    endloop
  endfacet
  facet normal 0.9987954562051724 0.04906767432741819 0
    outer loop
      vertex 10.200643448390018 1.0046756883779961 7
      vertex 10.25 0 7
      vertex 10.200643448390018 1.0046756883779961 2
    endloop
  endfacet
  facet normal 0.8032075314806455 0.5956993044924326 0
    outer loop
      vertex 8.522563526101088 5.694594888450922 7
      vertex 8.522563526101088 5.694594888450922 2
      vertex 7.923357146968054 6.502531162677366 2
    endloop
  endfacet
  facet normal 0.8577286100002717 0.5141027441932222 0
    outer loop
      vertex 9.039692959570639 4.831816552466476 7
      vertex 9.039692959570639 4.831816552466476 2
      vertex 8.522563526101088 5.694594888450922 2
    endloop
  endfacet
  facet normal 0.903989293123443 0.4275550934302826 0
    outer loop
      vertex 9.46976520824069 3.9225051817421703 7
      vertex 9.46976520824069 3.9225051817421703 2
      vertex 9.039692959570639 4.831816552466476 2
    endloop
  endfacet
  facet normal 0.9415440651830207 0.3368898533922199 0
    outer loop
      vertex 9.808638441255141 2.9754179418582387 7
      vertex 9.808638441255141 2.9754179418582387 2
      vertex 9.46976520824069 3.9225051817421703 2
    endloop
  endfacet
  facet normal 0.970031253194544 0.24298017990326404 0
    outer loop
      vertex 10.053049124133112 1.9996758006653146 7
      vertex 10.053049124133112 1.9996758006653146 2
      vertex 9.808638441255141 2.9754179418582387 2
    endloop
  endfacet
  facet normal 0.9891765099647809 0.14673047445536136 0
    outer loop
      vertex 10.200643448390018 1.0046756883779961 7
      vertex 10.200643448390018 1.0046756883779961 2
      vertex 10.053049124133112 1.9996758006653146 2
    endloop
  endfacet
  facet normal 0.9987954562051724 0.04906767432741819 0
    outer loop
      vertex 10.200643448390018 1.0046756883779961 2
      vertex 10.25 0 7
      vertex 10.25 0 2
    endloop
  endfacet
  facet normal 0 0 1
    outer loop
      vertex 0 12.25 2
      vertex 0 10.25 2
      vertex 1.2007099690371175 12.191012901734412 2
    endloop
  endfacet
  facet normal 0 0 1
    outer loop
      vertex 1.2007099690371175 12.191012901734412 2
      vertex 0 10.25 2
      vertex 1.0046756883779961 10.200643448390018 2
    endloop
  endfacet
  facet normal 0 0 1
    outer loop
      vertex 1.2007099690371175 12.191012901734412 2
      vertex 1.0046756883779961 10.200643448390018 2
      vertex 2.389856444697571 12.014619684939573 2
    endloop
  endfacet
  facet normal 0 0 1
    outer loop
      vertex 1.0046756883779961 10.200643448390018 2
      vertex 1.9996758006653146 10.053049124133112 2
      vertex 2.389856444697571 12.014619684939573 2
    endloop
  endfacet
  facet normal 0 0 1
    outer loop
      vertex 2.389856444697571 12.014619684939573 2
      vertex 1.9996758006653146 10.053049124133112 2
      vertex 3.5559872963671637 11.722519112719558 2
    endloop
  endfacet
  facet normal 0 0 1
    outer loop
      vertex 1.9996758006653146 10.053049124133112 2
      vertex 2.9754179418582387 9.808638441255141 2
      vertex 3.5559872963671637 11.722519112719558 2
    endloop
  endfacet
  facet normal 0 0 1
    outer loop
      vertex 2.9754179418582387 9.808638441255141 2
      vertex 4.68787204647235 11.317524273263263 2
      vertex 3.5559872963671637 11.722519112719558 2
    endloop
  endfacet
  facet normal 0 0 1
    outer loop
      vertex 2.9754179418582387 9.808638441255141 2
      vertex 3.9225051817421703 9.46976520824069 2
      vertex 4.68787204647235 11.317524273263263 2
    endloop
  endfacet
  facet normal 0 0 1
    outer loop
      vertex 3.9225051817421703 9.46976520824069 2
      vertex 5.774610026118471 10.80353548826735 2
      vertex 4.68787204647235 11.317524273263263 2
    endloop
  endfacet
  facet normal 0 0 1
    outer loop
      vertex 3.9225051817421703 9.46976520824069 2
      vertex 4.831816552466476 9.039692959570639 2
      vertex 5.774610026118471 10.80353548826735 2
    endloop
  endfacet
  facet normal 0 0 1
    outer loop
      vertex 5.774610026118471 10.80353548826735 2
      vertex 4.831816552466476 9.039692959570639 2
      vertex 5.694594888450922 8.522563526101088 2
    endloop
  endfacet
  facet normal 0 0 1
    outer loop
      vertex 5.774610026118471 10.80353548826735 2
      vertex 5.694594888450922 8.522563526101088 2
      vertex 6.8057353544901265 10.18550275070618 2
    endloop
  endfacet
  facet normal 0.04906767432741771 0.9987954562051723 0
    outer loop
      vertex 0 12.25 2
      vertex 1.2007099690371175 12.191012901734412 2
      vertex 1.2007099690371175 12.191012901734412 0
    endloop
  endfacet
  facet normal 0.14673047445536186 0.9891765099647809 0
    outer loop
      vertex 1.2007099690371175 12.191012901734412 2
      vertex 2.389856444697571 12.014619684939573 2
      vertex 2.389856444697571 12.014619684939573 0
    endloop
  endfacet
  facet normal 0.04906767432741771 0.9987954562051723 0
    outer loop
      vertex 0 12.25 2
      vertex 1.2007099690371175 12.191012901734412 0
      vertex 0 12.25 0
    endloop
  endfacet
  facet normal 0 0 -1
    outer loop
      vertex 0 12.25 0
      vertex 1.2007099690371175 12.191012901734412 0
      vertex 0.5145899867301932 5.224719815029034 0
    endloop
  endfacet
  facet normal 0.14673047445536186 0.9891765099647809 0
    outer loop
      vertex 1.2007099690371175 12.191012901734412 2
      vertex 2.389856444697571 12.014619684939573 0
      vertex 1.2007099690371175 12.191012901734412 0
    endloop
  endfacet
  facet normal 0.24298017990326434 0.9700312531945439 0
    outer loop
      vertex 2.389856444697571 12.014619684939573 2
      vertex 3.5559872963671637 11.722519112719558 0
      vertex 2.389856444697571 12.014619684939573 0
    endloop
  endfacet
  facet normal 0 0 -1
    outer loop
      vertex 1.2007099690371175 12.191012901734412 0
      vertex 2.389856444697571 12.014619684939573 0
      vertex 1.0242241905846734 5.14912272211696 0
    endloop
  endfacet
  facet normal 0 0 -1
    outer loop
      vertex 2.389856444697571 12.014619684939573 0
      vertex 3.5559872963671637 11.722519112719558 0
      vertex 2.0090880199167214 4.850367545684255 0
    endloop
  endfacet
  facet normal 0 0 -1
    outer loop
      vertex 0 12.25 0
      vertex 0.5145899867301932 5.224719815029034 0
      vertex 0 5.25 0
    endloop
  endfacet
  facet normal 0 0 -1
    outer loop
      vertex 1.2007099690371175 12.191012901734412 0
      vertex 1.0242241905846734 5.14912272211696 0
      vertex 0.5145899867301932 5.224719815029034 0
    endloop
  endfacet
  facet normal 0 0 -1
    outer loop
      vertex 2.389856444697571 12.014619684939573 0
      vertex 1.5239945555859273 5.023936762594096 0
      vertex 1.0242241905846734 5.14912272211696 0
    endloop
  endfacet
  facet normal 0 0 -1
    outer loop
      vertex 2.389856444697571 12.014619684939573 0
      vertex 2.0090880199167214 4.850367545684255 0
      vertex 1.5239945555859273 5.023936762594096 0
    endloop
  endfacet
  facet normal 0 0 -1
    outer loop
      vertex 3.5559872963671637 11.722519112719558 0
      vertex 2.4748328683364877 4.630086637828864 0
      vertex 2.0090880199167214 4.850367545684255 0
    endloop
  endfacet
  facet normal 0 0 -1
    outer loop
      vertex 3.5559872963671637 11.722519112719558 0
      vertex 2.916743723352911 4.3652154645883625 0
      vertex 2.4748328683364877 4.630086637828864 0
    endloop
  endfacet
  facet normal 0.24298017990326434 0.9700312531945439 0
    outer loop
      vertex 2.389856444697571 12.014619684939573 2
      vertex 3.5559872963671637 11.722519112719558 2
      vertex 3.5559872963671637 11.722519112719558 0
    endloop
  endfacet
  facet normal 0.33688985339221933 0.9415440651830211 0
    outer loop
      vertex 3.5559872963671637 11.722519112719558 2
      vertex 4.68787204647235 11.317524273263263 2
      vertex 4.68787204647235 11.317524273263263 0
    endloop
  endfacet
  facet normal 0.42755509343028186 0.9039892931234434 0
    outer loop
      vertex 4.68787204647235 11.317524273263263 2
      vertex 5.774610026118471 10.80353548826735 2
      vertex 5.774610026118471 10.80353548826735 0
    endloop
  endfacet
  facet normal 0.33688985339221933 0.9415440651830211 0
    outer loop
      vertex 3.5559872963671637 11.722519112719558 2
      vertex 4.68787204647235 11.317524273263263 0
      vertex 3.5559872963671637 11.722519112719558 0
    endloop
  endfacet
  facet normal 0.42755509343028186 0.9039892931234434 0
    outer loop
      vertex 4.68787204647235 11.317524273263263 2
      vertex 5.774610026118471 10.80353548826735 0
      vertex 4.68787204647235 11.317524273263263 0
    endloop
  endfacet
  facet normal 0.5141027441932223 0.8577286100002717 0
    outer loop
      vertex 5.774610026118471 10.80353548826735 2
      vertex 6.8057353544901265 10.18550275070618 0
      vertex 5.774610026118471 10.80353548826735 0
    endloop
  endfacet
  facet normal 0 0 -1
    outer loop
      vertex 3.5559872963671637 11.722519112719558 0
      vertex 4.68787204647235 11.317524273263263 0
      vertex 3.330564741859139 4.0583048801543695 0
    endloop
  endfacet
  facet normal 0 0 -1
    outer loop
      vertex 3.5559872963671637 11.722519112719558 0
      vertex 3.330564741859139 4.0583048801543695 0
      vertex 2.916743723352911 4.3652154645883625 0
    endloop
  endfacet
  facet normal 0 0 -1
    outer loop
      vertex 4.68787204647235 11.317524273263263 0
      vertex 3.7123106012293747 3.7123106012293747 0
      vertex 3.330564741859139 4.0583048801543695 0
    endloop
  endfacet
  facet normal 0 0 -1
    outer loop
      vertex 4.68787204647235 11.317524273263263 0
      vertex 5.774610026118471 10.80353548826735 0
      vertex 4.630086637828864 2.4748328683364877 0
    endloop
  endfacet
  facet normal -0.049067674327417474 -0.9987954562051724 0
    outer loop
      vertex 0.5145899867301932 5.224719815029034 7
      vertex 0 5.25 0
      vertex 0.5145899867301932 5.224719815029034 0
    endloop
  endfacet
  facet normal -0.1467304744553616 -0.9891765099647809 0
    outer loop
      vertex 1.0242241905846734 5.14912272211696 7
      vertex 0.5145899867301932 5.224719815029034 0
      vertex 1.0242241905846734 5.14912272211696 0
    endloop
  endfacet
  facet normal -0.24298017990326504 -0.9700312531945436 0
    outer loop
      vertex 1.5239945555859273 5.023936762594096 7
      vertex 1.0242241905846734 5.14912272211696 0
      vertex 1.5239945555859273 5.023936762594096 0
    endloop
  endfacet
  facet normal -0.3368898533922196 -0.941544065183021 0
    outer loop
      vertex 2.0090880199167214 4.850367545684255 7
      vertex 1.5239945555859273 5.023936762594096 0
      vertex 2.0090880199167214 4.850367545684255 0
    endloop
  endfacet
  facet normal -0.4275550934302821 -0.9039892931234433 0
    outer loop
      vertex 2.4748328683364877 4.630086637828864 7
      vertex 2.0090880199167214 4.850367545684255 0
      vertex 2.4748328683364877 4.630086637828864 0
    endloop
  endfacet
  facet normal -0.5141027441932221 -0.8577286100002718 0
    outer loop
      vertex 2.916743723352911 4.3652154645883625 7
      vertex 2.4748328683364877 4.630086637828864 0
      vertex 2.916743723352911 4.3652154645883625 0
    endloop
  endfacet
  facet normal -0.5956993044924324 -0.8032075314806457 0
    outer loop
      vertex 3.330564741859139 4.0583048801543695 7
      vertex 2.916743723352911 4.3652154645883625 0
      vertex 3.330564741859139 4.0583048801543695 0
    endloop
  endfacet
  facet normal -0.6715589548470184 -0.7409511253549591 0
    outer loop
      vertex 3.7123106012293747 3.7123106012293747 7
      vertex 3.330564741859139 4.0583048801543695 0
      vertex 3.7123106012293747 3.7123106012293747 0
    endloop
  endfacet
  facet normal -0.7409511253549591 -0.6715589548470184 0
    outer loop
      vertex 3.7123106012293747 3.7123106012293747 0
      vertex 4.0583048801543695 3.330564741859139 0
      vertex 4.0583048801543695 3.330564741859139 7
    endloop
  endfacet
  facet normal -0.8032075314806457 -0.5956993044924324 0
    outer loop
      vertex 4.0583048801543695 3.330564741859139 0
      vertex 4.3652154645883625 2.916743723352911 0
      vertex 4.3652154645883625 2.916743723352911 7
    endloop
  endfacet
  facet normal -0.8577286100002718 -0.5141027441932221 0
    outer loop
      vertex 4.630086637828864 2.4748328683364877 7
      vertex 4.3652154645883625 2.916743723352911 0
      vertex 4.630086637828864 2.4748328683364877 0
    endloop
  endfacet
  facet normal -0.9039892931234433 -0.4275550934302821 0
    outer loop
      vertex 4.630086637828864 2.4748328683364877 0
      vertex 4.850367545684255 2.0090880199167214 0
      vertex 4.850367545684255 2.0090880199167214 7
    endloop
  endfacet
  facet normal -0.941544065183021 -0.3368898533922196 0
    outer loop
      vertex 4.850367545684255 2.0090880199167214 0
      vertex 5.023936762594096 1.5239945555859273 0
      vertex 5.023936762594096 1.5239945555859273 7
    endloop
  endfacet
  facet normal -0.9700312531945436 -0.24298017990326504 0
    outer loop
      vertex 5.023936762594096 1.5239945555859273 0
      vertex 5.14912272211696 1.0242241905846734 0
      vertex 5.14912272211696 1.0242241905846734 7
    endloop
  endfacet
  facet normal -0.9891765099647809 -0.1467304744553616 0
    outer loop
      vertex 5.14912272211696 1.0242241905846734 0
      vertex 5.224719815029034 0.5145899867301932 0
      vertex 5.224719815029034 0.5145899867301932 7
    endloop
  endfacet
  facet normal -0.9987954562051724 -0.049067674327417474 0
    outer loop
      vertex 5.224719815029034 0.5145899867301932 0
      vertex 5.25 0 0
      vertex 5.25 0 7
    endloop
  endfacet
  facet normal 0 0 -1
    outer loop
      vertex 4.68787204647235 11.317524273263263 0
      vertex 4.0583048801543695 3.330564741859139 0
      vertex 3.7123106012293747 3.7123106012293747 0
    endloop
  endfacet
  facet normal 0 0 -1
    outer loop
      vertex 4.68787204647235 11.317524273263263 0
      vertex 4.3652154645883625 2.916743723352911 0
      vertex 4.0583048801543695 3.330564741859139 0
    endloop
  endfacet
  facet normal 0 0 -1
    outer loop
      vertex 4.68787204647235 11.317524273263263 0
      vertex 4.630086637828864 2.4748328683364877 0
      vertex 4.3652154645883625 2.916743723352911 0
    endloop
  endfacet
  facet normal 0 0 -1
    outer loop
      vertex 5.774610026118471 10.80353548826735 0
      vertex 4.850367545684255 2.0090880199167214 0
      vertex 4.630086637828864 2.4748328683364877 0
    endloop
  endfacet
  facet normal 0 0 -1
    outer loop
      vertex 5.774610026118471 10.80353548826735 0
      vertex 5.023936762594096 1.5239945555859273 0
      vertex 4.850367545684255 2.0090880199167214 0
    endloop
  endfacet
  facet normal 0 0 -1
    outer loop
      vertex 5.774610026118471 10.80353548826735 0
      vertex 5.14912272211696 1.0242241905846734 0
      vertex 5.023936762594096 1.5239945555859273 0
    endloop
  endfacet
  facet normal 0 0 -1
    outer loop
      vertex 5.774610026118471 10.80353548826735 0
      vertex 5.224719815029034 0.5145899867301932 0
      vertex 5.14912272211696 1.0242241905846734 0
    endloop
  endfacet
  facet normal 0 0 -1
    outer loop
      vertex 5.774610026118471 10.80353548826735 0
      vertex 5.25 0 0
      vertex 5.224719815029034 0.5145899867301932 0
    endloop
  endfacet
  facet normal 0 0 -1
    outer loop
      vertex 5.774610026118471 10.80353548826735 0
      vertex 6.8057353544901265 10.18550275070618 0
      vertex 5.774610026118471 -10.80353548826735 0
    endloop
  endfacet
  facet normal 0 0 1
    outer loop
      vertex 6.8057353544901265 10.18550275070618 2
      vertex 6.502531162677366 7.923357146968054 2
      vertex 7.7713177310046575 9.469378053693529 2
    endloop
  endfacet
  facet normal 0 0 1
    outer loop
      vertex 5.694594888450922 8.522563526101088 2
      vertex 6.502531162677366 7.923357146968054 2
      vertex 6.8057353544901265 10.18550275070618 2
    endloop
  endfacet
  facet normal 0 0 1
    outer loop
      vertex 7.7713177310046575 9.469378053693529 2
      vertex 6.502531162677366 7.923357146968054 2
      vertex 7.247844507162113 7.247844507162113 2
    endloop
  endfacet
  facet normal 0 0 1
    outer loop
      vertex 7.7713177310046575 9.469378053693529 2
      vertex 7.247844507162113 7.247844507162113 2
      vertex 8.662058069535208 8.662058069535208 2
    endloop
  endfacet
  facet normal 0 0 1
    outer loop
      vertex 7.247844507162113 7.247844507162113 2
      vertex 7.923357146968054 6.502531162677366 2
      vertex 8.662058069535208 8.662058069535208 2
    endloop
  endfacet
  facet normal 0 0 1
    outer loop
      vertex 8.662058069535208 8.662058069535208 2
      vertex 7.923357146968054 6.502531162677366 2
      vertex 8.522563526101088 5.694594888450922 2
    endloop
  endfacet
  facet normal 0 0 1
    outer loop
      vertex 8.662058069535208 8.662058069535208 2
      vertex 8.522563526101088 5.694594888450922 2
      vertex 9.469378053693529 7.7713177310046575 2
    endloop
  endfacet
  facet normal 0 0 1
    outer loop
      vertex 9.469378053693529 7.7713177310046575 2
      vertex 9.46976520824069 3.9225051817421703 2
      vertex 10.18550275070618 6.8057353544901265 2
    endloop
  endfacet
  facet normal 0.5141027441932223 0.8577286100002717 0
    outer loop
      vertex 5.774610026118471 10.80353548826735 2
      vertex 6.8057353544901265 10.18550275070618 2
      vertex 6.8057353544901265 10.18550275070618 0
    endloop
  endfacet
  facet normal 0.5956993044924328 0.8032075314806454 0
    outer loop
      vertex 6.8057353544901265 10.18550275070618 2
      vertex 7.7713177310046575 9.469378053693529 2
      vertex 7.7713177310046575 9.469378053693529 0
    endloop
  endfacet
  facet normal 0.5956993044924328 0.8032075314806454 0
    outer loop
      vertex 6.8057353544901265 10.18550275070618 2
      vertex 7.7713177310046575 9.469378053693529 0
      vertex 6.8057353544901265 10.18550275070618 0
    endloop
  endfacet
  facet normal 0.6715589548470183 0.7409511253549593 0
    outer loop
      vertex 7.7713177310046575 9.469378053693529 2
      vertex 8.662058069535208 8.662058069535208 0
      vertex 7.7713177310046575 9.469378053693529 0
    endloop
  endfacet
  facet normal 0.6715589548470183 0.7409511253549593 0
    outer loop
      vertex 7.7713177310046575 9.469378053693529 2
      vertex 8.662058069535208 8.662058069535208 2
      vertex 8.662058069535208 8.662058069535208 0
    endloop
  endfacet
  facet normal 0.7409511253549593 0.6715589548470183 0
    outer loop
      vertex 8.662058069535208 8.662058069535208 2
      vertex 9.469378053693529 7.7713177310046575 2
      vertex 8.662058069535208 8.662058069535208 0
    endloop
  endfacet
  facet normal 0.8032075314806454 0.5956993044924328 0
    outer loop
      vertex 9.469378053693529 7.7713177310046575 2
      vertex 10.18550275070618 6.8057353544901265 2
      vertex 9.469378053693529 7.7713177310046575 0
    endloop
  endfacet
  facet normal 0.8577286100002717 0.5141027441932223 0
    outer loop
      vertex 10.18550275070618 6.8057353544901265 2
      vertex 10.80353548826735 5.774610026118471 2
      vertex 10.18550275070618 6.8057353544901265 0
    endloop
  endfacet
  facet normal 0.7409511253549593 0.6715589548470183 0
    outer loop
      vertex 9.469378053693529 7.7713177310046575 2
      vertex 9.469378053693529 7.7713177310046575 0
      vertex 8.662058069535208 8.662058069535208 0
    endloop
  endfacet
  facet normal 0.8032075314806454 0.5956993044924328 0
    outer loop
      vertex 10.18550275070618 6.8057353544901265 2
      vertex 10.18550275070618 6.8057353544901265 0
      vertex 9.469378053693529 7.7713177310046575 0
    endloop
  endfacet
  facet normal 0 0 1
    outer loop
      vertex 9.469378053693529 7.7713177310046575 2
      vertex 8.522563526101088 5.694594888450922 2
      vertex 9.039692959570639 4.831816552466476 2
    endloop
  endfacet
  facet normal 0 0 1
    outer loop
      vertex 9.469378053693529 7.7713177310046575 2
      vertex 9.039692959570639 4.831816552466476 2
      vertex 9.46976520824069 3.9225051817421703 2
    endloop
  endfacet
  facet normal 0 0 1
    outer loop
      vertex 10.18550275070618 6.8057353544901265 2
      vertex 9.46976520824069 3.9225051817421703 2
      vertex 9.808638441255141 2.9754179418582387 2
    endloop
  endfacet
  facet normal 0 0 1
    outer loop
      vertex 10.18550275070618 6.8057353544901265 2
      vertex 9.808638441255141 2.9754179418582387 2
      vertex 10.053049124133112 1.9996758006653146 2
    endloop
  endfacet
  facet normal 0 0 1
    outer loop
      vertex 10.18550275070618 6.8057353544901265 2
      vertex 10.053049124133112 1.9996758006653146 2
      vertex 10.200643448390018 1.0046756883779961 2
    endloop
  endfacet
  facet normal 0 0 1
    outer loop
      vertex 10.18550275070618 6.8057353544901265 2
      vertex 10.200643448390018 1.0046756883779961 2
      vertex 10.25 0 2
    endloop
  endfacet
  facet normal 0 0 1
    outer loop
      vertex 10.18550275070618 6.8057353544901265 2
      vertex 10.80353548826735 -5.774610026118471 2
      vertex 10.80353548826735 5.774610026118471 2
    endloop
  endfacet
  facet normal 0 0 1
    outer loop
      vertex 10.18550275070618 6.8057353544901265 2
      vertex 10.25 0 2
      vertex 10.80353548826735 -5.774610026118471 2
    endloop
  endfacet
  facet normal 0 0 1
    outer loop
      vertex 10.80353548826735 5.774610026118471 2
      vertex 11.317524273263263 -4.68787204647235 2
      vertex 11.317524273263263 4.68787204647235 2
    endloop
  endfacet
  facet normal 0 0 1
    outer loop
      vertex 11.317524273263263 4.68787204647235 2
      vertex 11.722519112719558 -3.5559872963671637 2
      vertex 11.722519112719558 3.5559872963671637 2
    endloop
  endfacet
  facet normal 0 0 1
    outer loop
      vertex 11.722519112719558 3.5559872963671637 2
      vertex 12.014619684939573 -2.389856444697571 2
      vertex 12.014619684939573 2.389856444697571 2
    endloop
  endfacet
  facet normal 0 0 1
    outer loop
      vertex 12.014619684939573 2.389856444697571 2
      vertex 12.191012901734412 -1.2007099690371175 2
      vertex 12.191012901734412 1.2007099690371175 2
    endloop
  endfacet
  facet normal 0 0 -1
    outer loop
      vertex 6.8057353544901265 10.18550275070618 0
      vertex 7.7713177310046575 9.469378053693529 0
      vertex 6.8057353544901265 -10.18550275070618 0
    endloop
  endfacet
  facet normal 0 0 -1
    outer loop
      vertex 7.7713177310046575 9.469378053693529 0
      vertex 8.662058069535208 8.662058069535208 0
      vertex 7.7713177310046575 -9.469378053693529 0
    endloop
  endfacet
  facet normal 0 0 -1
    outer loop
      vertex 8.662058069535208 8.662058069535208 0
      vertex 9.469378053693529 7.7713177310046575 0
      vertex 8.662058069535208 -8.662058069535208 0
    endloop
  endfacet
  facet normal 0.9039892931234434 0.42755509343028186 0
    outer loop
      vertex 10.80353548826735 5.774610026118471 2
      vertex 11.317524273263263 4.68787204647235 2
      vertex 10.80353548826735 5.774610026118471 0
    endloop
  endfacet
  facet normal 0.9415440651830211 0.33688985339221933 0
    outer loop
      vertex 11.317524273263263 4.68787204647235 2
      vertex 11.722519112719558 3.5559872963671637 2
      vertex 11.317524273263263 4.68787204647235 0
    endloop
  endfacet
  facet normal 0.9700312531945439 0.24298017990326434 0
    outer loop
      vertex 11.722519112719558 3.5559872963671637 2
      vertex 12.014619684939573 2.389856444697571 2
      vertex 11.722519112719558 3.5559872963671637 0
    endloop
  endfacet
  facet normal 0.8577286100002717 0.5141027441932223 0
    outer loop
      vertex 10.18550275070618 6.8057353544901265 0
      vertex 10.80353548826735 5.774610026118471 2
      vertex 10.80353548826735 5.774610026118471 0
    endloop
  endfacet
  facet normal 0.9039892931234434 0.42755509343028186 0
    outer loop
      vertex 11.317524273263263 4.68787204647235 2
      vertex 11.317524273263263 4.68787204647235 0
      vertex 10.80353548826735 5.774610026118471 0
    endloop
  endfacet
  facet normal 0.9415440651830211 0.33688985339221933 0
    outer loop
      vertex 11.722519112719558 3.5559872963671637 2
      vertex 11.722519112719558 3.5559872963671637 0
      vertex 11.317524273263263 4.68787204647235 0
    endloop
  endfacet
  facet normal 0.9891765099647809 0.14673047445536186 0
    outer loop
      vertex 12.014619684939573 2.389856444697571 2
      vertex 12.191012901734412 1.2007099690371175 2
      vertex 12.014619684939573 2.389856444697571 0
    endloop
  endfacet
  facet normal 0.9987954562051723 0.04906767432741771 0
    outer loop
      vertex 12.191012901734412 1.2007099690371175 2
      vertex 12.25 0 2
      vertex 12.191012901734412 1.2007099690371175 0
    endloop
  endfacet
  facet normal 0 0 -1
    outer loop
      vertex 9.469378053693529 7.7713177310046575 0
      vertex 10.18550275070618 6.8057353544901265 0
      vertex 9.469378053693529 -7.7713177310046575 0
    endloop
  endfacet
  facet normal 0 0 -1
    outer loop
      vertex 10.18550275070618 6.8057353544901265 0
      vertex 10.80353548826735 5.774610026118471 0
      vertex 10.18550275070618 -6.8057353544901265 0
    endloop
  endfacet
  facet normal 0.9700312531945439 0.24298017990326434 0
    outer loop
      vertex 12.014619684939573 2.389856444697571 2
      vertex 12.014619684939573 2.389856444697571 0
      vertex 11.722519112719558 3.5559872963671637 0
    endloop
  endfacet
  facet normal 0.9891765099647809 0.14673047445536186 0
    outer loop
      vertex 12.191012901734412 1.2007099690371175 2
      vertex 12.191012901734412 1.2007099690371175 0
      vertex 12.014619684939573 2.389856444697571 0
    endloop
  endfacet
  facet normal 0 0 -1
    outer loop
      vertex 10.80353548826735 5.774610026118471 0
      vertex 11.317524273263263 4.68787204647235 0
      vertex 10.80353548826735 -5.774610026118471 0
    endloop
  endfacet
  facet normal 0.9987954562051723 0.04906767432741771 0
    outer loop
      vertex 12.191012901734412 1.2007099690371175 0
      vertex 12.25 0 2
      vertex 12.25 0 0
    endloop
  endfacet
  facet normal 0 0 -1
    outer loop
      vertex 11.317524273263263 4.68787204647235 0
      vertex 11.722519112719558 3.5559872963671637 0
      vertex 11.317524273263263 -4.68787204647235 0
    endloop
  endfacet
  facet normal 0 0 -1
    outer loop
      vertex 11.722519112719558 3.5559872963671637 0
      vertex 12.014619684939573 2.389856444697571 0
      vertex 11.722519112719558 -3.5559872963671637 0
    endloop
  endfacet
  facet normal 0 0 -1
    outer loop
      vertex 12.014619684939573 2.389856444697571 0
      vertex 12.191012901734412 1.2007099690371175 0
      vertex 12.014619684939573 -2.389856444697571 0
    endloop
  endfacet
  facet normal 0 0 1
    outer loop
      vertex 5.694594888450922 -8.522563526101088 7
      vertex 5.25 0 7
      vertex 5.224719815029034 -0.5145899867301932 7
    endloop
  endfacet
  facet normal 0 0 1
    outer loop
      vertex 5.694594888450922 8.522563526101088 7
      vertex 5.694594888450922 -8.522563526101088 7
      vertex 6.502531162677366 -7.923357146968054 7
    endloop
  endfacet
  facet normal 0 0 1
    outer loop
      vertex 3.9225051817421703 -9.46976520824069 7
      vertex 3.330564741859139 -4.0583048801543695 7
      vertex 2.916743723352911 -4.3652154645883625 7
    endloop
  endfacet
  facet normal 0 0 1
    outer loop
      vertex 3.9225051817421703 -9.46976520824069 7
      vertex 3.7123106012293747 -3.7123106012293747 7
      vertex 3.330564741859139 -4.0583048801543695 7
    endloop
  endfacet
  facet normal 0 0 1
    outer loop
      vertex 4.831816552466476 -9.039692959570639 7
      vertex 4.3652154645883625 -2.916743723352911 7
      vertex 4.0583048801543695 -3.330564741859139 7
    endloop
  endfacet
  facet normal 0 0 1
    outer loop
      vertex 4.831816552466476 -9.039692959570639 7
      vertex 4.0583048801543695 -3.330564741859139 7
      vertex 3.7123106012293747 -3.7123106012293747 7
    endloop
  endfacet
  facet normal 0 0 1
    outer loop
      vertex 5.694594888450922 -8.522563526101088 7
      vertex 5.224719815029034 -0.5145899867301932 7
      vertex 5.14912272211696 -1.0242241905846734 7
    endloop
  endfacet
  facet normal 0 0 1
    outer loop
      vertex 5.694594888450922 -8.522563526101088 7
      vertex 5.14912272211696 -1.0242241905846734 7
      vertex 5.023936762594096 -1.5239945555859273 7
    endloop
  endfacet
  facet normal 0 0 1
    outer loop
      vertex 5.694594888450922 -8.522563526101088 7
      vertex 5.023936762594096 -1.5239945555859273 7
      vertex 4.850367545684255 -2.0090880199167214 7
    endloop
  endfacet
  facet normal 0 0 1
    outer loop
      vertex 5.694594888450922 -8.522563526101088 7
      vertex 4.850367545684255 -2.0090880199167214 7
      vertex 4.630086637828864 -2.4748328683364877 7
    endloop
  endfacet
  facet normal 0 0 1
    outer loop
      vertex 4.831816552466476 -9.039692959570639 7
      vertex 4.630086637828864 -2.4748328683364877 7
      vertex 4.3652154645883625 -2.916743723352911 7
    endloop
  endfacet
  facet normal -0.049067674327417474 0.9987954562051724 0
    outer loop
      vertex 0.5145899867301932 -5.224719815029034 7
      vertex 0.5145899867301932 -5.224719815029034 0
      vertex 0 -5.25 7
    endloop
  endfacet
  facet normal -0.1467304744553616 0.9891765099647809 0
    outer loop
      vertex 0.5145899867301932 -5.224719815029034 7
      vertex 1.0242241905846734 -5.14912272211696 7
      vertex 1.0242241905846734 -5.14912272211696 0
    endloop
  endfacet
  facet normal -0.24298017990326504 0.9700312531945436 0
    outer loop
      vertex 1.5239945555859273 -5.023936762594096 0
      vertex 1.0242241905846734 -5.14912272211696 7
      vertex 1.5239945555859273 -5.023936762594096 7
    endloop
  endfacet
  facet normal -0.5141027441932221 0.8577286100002718 0
    outer loop
      vertex 2.916743723352911 -4.3652154645883625 7
      vertex 2.916743723352911 -4.3652154645883625 0
      vertex 2.4748328683364877 -4.630086637828864 7
    endloop
  endfacet
  facet normal -0.3368898533922196 0.941544065183021 0
    outer loop
      vertex 1.5239945555859273 -5.023936762594096 7
      vertex 2.0090880199167214 -4.850367545684255 7
      vertex 2.0090880199167214 -4.850367545684255 0
    endloop
  endfacet
  facet normal -0.4275550934302821 0.9039892931234433 0
    outer loop
      vertex 2.4748328683364877 -4.630086637828864 0
      vertex 2.0090880199167214 -4.850367545684255 7
      vertex 2.4748328683364877 -4.630086637828864 7
    endloop
  endfacet
  facet normal -0.8577286100002718 0.5141027441932221 0
    outer loop
      vertex 4.3652154645883625 -2.916743723352911 7
      vertex 4.630086637828864 -2.4748328683364877 7
      vertex 4.630086637828864 -2.4748328683364877 0
    endloop
  endfacet
  facet normal -0.8032075314806457 0.5956993044924324 0
    outer loop
      vertex 4.0583048801543695 -3.330564741859139 7
      vertex 4.3652154645883625 -2.916743723352911 7
      vertex 4.3652154645883625 -2.916743723352911 0
    endloop
  endfacet
  facet normal -0.9987954562051724 0.049067674327417474 0
    outer loop
      vertex 5.25 0 7
      vertex 5.25 0 0
      vertex 5.224719815029034 -0.5145899867301932 7
    endloop
  endfacet
  facet normal -0.9891765099647809 0.1467304744553616 0
    outer loop
      vertex 5.14912272211696 -1.0242241905846734 7
      vertex 5.224719815029034 -0.5145899867301932 7
      vertex 5.224719815029034 -0.5145899867301932 0
    endloop
  endfacet
  facet normal -0.9700312531945436 0.24298017990326504 0
    outer loop
      vertex 5.14912272211696 -1.0242241905846734 0
      vertex 5.023936762594096 -1.5239945555859273 7
      vertex 5.14912272211696 -1.0242241905846734 7
    endloop
  endfacet
  facet normal -0.941544065183021 0.3368898533922196 0
    outer loop
      vertex 5.023936762594096 -1.5239945555859273 0
      vertex 4.850367545684255 -2.0090880199167214 7
      vertex 5.023936762594096 -1.5239945555859273 7
    endloop
  endfacet
  facet normal -0.9039892931234433 0.4275550934302821 0
    outer loop
      vertex 4.630086637828864 -2.4748328683364877 7
      vertex 4.850367545684255 -2.0090880199167214 7
      vertex 4.850367545684255 -2.0090880199167214 0
    endloop
  endfacet
  facet normal -0.6715589548470184 0.7409511253549591 0
    outer loop
      vertex 3.330564741859139 -4.0583048801543695 7
      vertex 3.7123106012293747 -3.7123106012293747 7
      vertex 3.7123106012293747 -3.7123106012293747 0
    endloop
  endfacet
  facet normal -0.5956993044924324 0.8032075314806457 0
    outer loop
      vertex 3.330564741859139 -4.0583048801543695 7
      vertex 3.330564741859139 -4.0583048801543695 0
      vertex 2.916743723352911 -4.3652154645883625 7
    endloop
  endfacet
  facet normal -0.7409511253549591 0.6715589548470184 0
    outer loop
      vertex 3.7123106012293747 -3.7123106012293747 7
      vertex 4.0583048801543695 -3.330564741859139 7
      vertex 4.0583048801543695 -3.330564741859139 0
    endloop
  endfacet
  facet normal 0 0 1
    outer loop
      vertex 0 -10.25 7
      vertex 0.5145899867301932 -5.224719815029034 7
      vertex 0 -5.25 7
    endloop
  endfacet
  facet normal 0 0 1
    outer loop
      vertex 1.9996758006653146 -10.053049124133112 7
      vertex 1.0242241905846734 -5.14912272211696 7
      vertex 0.5145899867301932 -5.224719815029034 7
    endloop
  endfacet
  facet normal 0 0 1
    outer loop
      vertex 1.9996758006653146 -10.053049124133112 7
      vertex 1.5239945555859273 -5.023936762594096 7
      vertex 1.0242241905846734 -5.14912272211696 7
    endloop
  endfacet
  facet normal 0 0 1
    outer loop
      vertex 0 -10.25 7
      vertex 1.0046756883779961 -10.200643448390018 7
      vertex 0.5145899867301932 -5.224719815029034 7
    endloop
  endfacet
  facet normal 0 0 1
    outer loop
      vertex 1.0046756883779961 -10.200643448390018 7
      vertex 1.9996758006653146 -10.053049124133112 7
      vertex 0.5145899867301932 -5.224719815029034 7
    endloop
  endfacet
  facet normal 0 0 1
    outer loop
      vertex 2.9754179418582387 -9.808638441255141 7
      vertex 2.0090880199167214 -4.850367545684255 7
      vertex 1.5239945555859273 -5.023936762594096 7
    endloop
  endfacet
  facet normal 0 0 1
    outer loop
      vertex 2.9754179418582387 -9.808638441255141 7
      vertex 2.4748328683364877 -4.630086637828864 7
      vertex 2.0090880199167214 -4.850367545684255 7
    endloop
  endfacet
  facet normal 0 0 1
    outer loop
      vertex 2.9754179418582387 -9.808638441255141 7
      vertex 2.916743723352911 -4.3652154645883625 7
      vertex 2.4748328683364877 -4.630086637828864 7
    endloop
  endfacet
  facet normal 0 0 1
    outer loop
      vertex 1.9996758006653146 -10.053049124133112 7
      vertex 2.9754179418582387 -9.808638441255141 7
      vertex 1.5239945555859273 -5.023936762594096 7
    endloop
  endfacet
  facet normal 0.04906767432741819 -0.9987954562051724 0
    outer loop
      vertex 0 -10.25 7
      vertex 0 -10.25 2
      vertex 1.0046756883779961 -10.200643448390018 7
    endloop
  endfacet
  facet normal 0.14673047445536136 -0.9891765099647809 0
    outer loop
      vertex 1.0046756883779961 -10.200643448390018 7
      vertex 1.0046756883779961 -10.200643448390018 2
      vertex 1.9996758006653146 -10.053049124133112 7
    endloop
  endfacet
  facet normal 0.24298017990326404 -0.970031253194544 0
    outer loop
      vertex 1.9996758006653146 -10.053049124133112 7
      vertex 1.9996758006653146 -10.053049124133112 2
      vertex 2.9754179418582387 -9.808638441255141 7
    endloop
  endfacet
  facet normal 0 0 1
    outer loop
      vertex 4.831816552466476 -9.039692959570639 7
      vertex 3.7123106012293747 -3.7123106012293747 7
      vertex 3.9225051817421703 -9.46976520824069 7
    endloop
  endfacet
  facet normal 0 0 1
    outer loop
      vertex 2.9754179418582387 -9.808638441255141 7
      vertex 3.9225051817421703 -9.46976520824069 7
      vertex 2.916743723352911 -4.3652154645883625 7
    endloop
  endfacet
  facet normal 0 0 1
    outer loop
      vertex 4.831816552466476 -9.039692959570639 7
      vertex 5.694594888450922 -8.522563526101088 7
      vertex 4.630086637828864 -2.4748328683364877 7
    endloop
  endfacet
  facet normal 0.5141027441932222 -0.8577286100002717 0
    outer loop
      vertex 4.831816552466476 -9.039692959570639 7
      vertex 4.831816552466476 -9.039692959570639 2
      vertex 5.694594888450922 -8.522563526101088 7
    endloop
  endfacet
  facet normal 0.5956993044924326 -0.8032075314806455 0
    outer loop
      vertex 5.694594888450922 -8.522563526101088 7
      vertex 5.694594888450922 -8.522563526101088 2
      vertex 6.502531162677366 -7.923357146968054 7
    endloop
  endfacet
  facet normal 0.3368898533922199 -0.9415440651830207 0
    outer loop
      vertex 2.9754179418582387 -9.808638441255141 7
      vertex 2.9754179418582387 -9.808638441255141 2
      vertex 3.9225051817421703 -9.46976520824069 7
    endloop
  endfacet
  facet normal 0.4275550934302826 -0.903989293123443 0
    outer loop
      vertex 4.831816552466476 -9.039692959570639 7
      vertex 3.9225051817421703 -9.46976520824069 7
      vertex 3.9225051817421703 -9.46976520824069 2
    endloop
  endfacet
  facet normal 0.04906767432741819 -0.9987954562051724 0
    outer loop
      vertex 1.0046756883779961 -10.200643448390018 7
      vertex 0 -10.25 2
      vertex 1.0046756883779961 -10.200643448390018 2
    endloop
  endfacet
  facet normal 0.14673047445536136 -0.9891765099647809 0
    outer loop
      vertex 1.9996758006653146 -10.053049124133112 7
      vertex 1.0046756883779961 -10.200643448390018 2
      vertex 1.9996758006653146 -10.053049124133112 2
    endloop
  endfacet
  facet normal 0.24298017990326404 -0.970031253194544 0
    outer loop
      vertex 2.9754179418582387 -9.808638441255141 7
      vertex 1.9996758006653146 -10.053049124133112 2
      vertex 2.9754179418582387 -9.808638441255141 2
    endloop
  endfacet
  facet normal 0.4275550934302826 -0.903989293123443 0
    outer loop
      vertex 4.831816552466476 -9.039692959570639 7
      vertex 3.9225051817421703 -9.46976520824069 2
      vertex 4.831816552466476 -9.039692959570639 2
    endloop
  endfacet
  facet normal 0.5141027441932222 -0.8577286100002717 0
    outer loop
      vertex 5.694594888450922 -8.522563526101088 7
      vertex 4.831816552466476 -9.039692959570639 2
      vertex 5.694594888450922 -8.522563526101088 2
    endloop
  endfacet
  facet normal 0.3368898533922199 -0.9415440651830207 0
    outer loop
      vertex 3.9225051817421703 -9.46976520824069 7
      vertex 2.9754179418582387 -9.808638441255141 2
      vertex 3.9225051817421703 -9.46976520824069 2
    endloop
  endfacet
  facet normal 0 0 1
    outer loop
      vertex 6.502531162677366 7.923357146968054 7
      vertex 6.502531162677366 -7.923357146968054 7
      vertex 7.247844507162113 -7.247844507162113 7
    endloop
  endfacet
  facet normal 0 0 1
    outer loop
      vertex 7.247844507162113 7.247844507162113 7
      vertex 7.247844507162113 -7.247844507162113 7
      vertex 7.923357146968054 -6.502531162677366 7
    endloop
  endfacet
  facet normal 0 0 1
    outer loop
      vertex 9.039692959570639 4.831816552466476 7
      vertex 9.039692959570639 -4.831816552466476 7
      vertex 9.46976520824069 -3.9225051817421703 7
    endloop
  endfacet
  facet normal 0 0 1
    outer loop
      vertex 7.923357146968054 6.502531162677366 7
      vertex 7.923357146968054 -6.502531162677366 7
      vertex 8.522563526101088 -5.694594888450922 7
    endloop
  endfacet
  facet normal 0 0 1
    outer loop
      vertex 8.522563526101088 5.694594888450922 7
      vertex 8.522563526101088 -5.694594888450922 7
      vertex 9.039692959570639 -4.831816552466476 7
    endloop
  endfacet
  facet normal 0.8032075314806455 -0.5956993044924326 0
    outer loop
      vertex 8.522563526101088 -5.694594888450922 7
      vertex 7.923357146968054 -6.502531162677366 7
      vertex 8.522563526101088 -5.694594888450922 2
    endloop
  endfacet
  facet normal 0.8577286100002717 -0.5141027441932222 0
    outer loop
      vertex 9.039692959570639 -4.831816552466476 7
      vertex 8.522563526101088 -5.694594888450922 7
      vertex 9.039692959570639 -4.831816552466476 2
    endloop
  endfacet
  facet normal 0 0 1
    outer loop
      vertex 9.808638441255141 2.9754179418582387 7
      vertex 9.808638441255141 -2.9754179418582387 7
      vertex 10.053049124133112 -1.9996758006653146 7
    endloop
  endfacet
  facet normal 0 0 1
    outer loop
      vertex 9.46976520824069 3.9225051817421703 7
      vertex 9.46976520824069 -3.9225051817421703 7
      vertex 9.808638441255141 -2.9754179418582387 7
    endloop
  endfacet
  facet normal 0 0 1
    outer loop
      vertex 10.053049124133112 1.9996758006653146 7
      vertex 10.053049124133112 -1.9996758006653146 7
      vertex 10.200643448390018 -1.0046756883779961 7
    endloop
  endfacet
  facet normal 0 0 1
    outer loop
      vertex 10.200643448390018 1.0046756883779961 7
      vertex 10.200643448390018 -1.0046756883779961 7
      vertex 10.25 0 7
    endloop
  endfacet
  facet normal 0.9987954562051724 -0.04906767432741819 0
    outer loop
      vertex 10.25 0 7
      vertex 10.200643448390018 -1.0046756883779961 7
      vertex 10.25 0 2
    endloop
  endfacet
  facet normal 0.9891765099647809 -0.14673047445536136 0
    outer loop
      vertex 10.200643448390018 -1.0046756883779961 7
      vertex 10.053049124133112 -1.9996758006653146 7
      vertex 10.200643448390018 -1.0046756883779961 2
    endloop
  endfacet
  facet normal 0.970031253194544 -0.24298017990326404 0
    outer loop
      vertex 9.808638441255141 -2.9754179418582387 7
      vertex 10.053049124133112 -1.9996758006653146 2
      vertex 10.053049124133112 -1.9996758006653146 7
    endloop
  endfacet
  facet normal 0.9415440651830207 -0.3368898533922199 0
    outer loop
      vertex 9.808638441255141 -2.9754179418582387 7
      vertex 9.46976520824069 -3.9225051817421703 7
      vertex 9.808638441255141 -2.9754179418582387 2
    endloop
  endfacet
  facet normal 0.903989293123443 -0.4275550934302826 0
    outer loop
      vertex 9.039692959570639 -4.831816552466476 7
      vertex 9.46976520824069 -3.9225051817421703 2
      vertex 9.46976520824069 -3.9225051817421703 7
    endloop
  endfacet
  facet normal 0.903989293123443 -0.4275550934302826 0
    outer loop
      vertex 9.039692959570639 -4.831816552466476 7
      vertex 9.039692959570639 -4.831816552466476 2
      vertex 9.46976520824069 -3.9225051817421703 2
    endloop
  endfacet
  facet normal 0.8577286100002717 -0.5141027441932222 0
    outer loop
      vertex 8.522563526101088 -5.694594888450922 7
      vertex 8.522563526101088 -5.694594888450922 2
      vertex 9.039692959570639 -4.831816552466476 2
    endloop
  endfacet
  facet normal 0.9987954562051724 -0.04906767432741819 0
    outer loop
      vertex 10.200643448390018 -1.0046756883779961 7
      vertex 10.200643448390018 -1.0046756883779961 2
      vertex 10.25 0 2
    endloop
  endfacet
  facet normal 0.970031253194544 -0.24298017990326404 0
    outer loop
      vertex 9.808638441255141 -2.9754179418582387 7
      vertex 9.808638441255141 -2.9754179418582387 2
      vertex 10.053049124133112 -1.9996758006653146 2
    endloop
  endfacet
  facet normal 0.9891765099647809 -0.14673047445536136 0
    outer loop
      vertex 10.053049124133112 -1.9996758006653146 7
      vertex 10.053049124133112 -1.9996758006653146 2
      vertex 10.200643448390018 -1.0046756883779961 2
    endloop
  endfacet
  facet normal 0.9415440651830207 -0.3368898533922199 0
    outer loop
      vertex 9.46976520824069 -3.9225051817421703 7
      vertex 9.46976520824069 -3.9225051817421703 2
      vertex 9.808638441255141 -2.9754179418582387 2
    endloop
  endfacet
  facet normal 0.6715589548470174 -0.7409511253549599 0
    outer loop
      vertex 7.247844507162113 -7.247844507162113 7
      vertex 6.502531162677366 -7.923357146968054 7
      vertex 6.502531162677366 -7.923357146968054 2
    endloop
  endfacet
  facet normal 0.7409511253549599 -0.6715589548470174 0
    outer loop
      vertex 7.247844507162113 -7.247844507162113 7
      vertex 7.923357146968054 -6.502531162677366 2
      vertex 7.923357146968054 -6.502531162677366 7
    endloop
  endfacet
  facet normal 0.6715589548470174 -0.7409511253549599 0
    outer loop
      vertex 7.247844507162113 -7.247844507162113 7
      vertex 6.502531162677366 -7.923357146968054 2
      vertex 7.247844507162113 -7.247844507162113 2
    endloop
  endfacet
  facet normal 0.7409511253549599 -0.6715589548470174 0
    outer loop
      vertex 7.247844507162113 -7.247844507162113 7
      vertex 7.247844507162113 -7.247844507162113 2
      vertex 7.923357146968054 -6.502531162677366 2
    endloop
  endfacet
  facet normal 0.5956993044924326 -0.8032075314806455 0
    outer loop
      vertex 6.502531162677366 -7.923357146968054 7
      vertex 5.694594888450922 -8.522563526101088 2
      vertex 6.502531162677366 -7.923357146968054 2
    endloop
  endfacet
  facet normal 0.8032075314806455 -0.5956993044924326 0
    outer loop
      vertex 7.923357146968054 -6.502531162677366 7
      vertex 7.923357146968054 -6.502531162677366 2
      vertex 8.522563526101088 -5.694594888450922 2
    endloop
  endfacet
  facet normal -0.049067674327417474 0.9987954562051724 0
    outer loop
      vertex 0 -5.25 7
      vertex 0.5145899867301932 -5.224719815029034 0
      vertex 0 -5.25 0
    endloop
  endfacet
  facet normal -0.1467304744553616 0.9891765099647809 0
    outer loop
      vertex 0.5145899867301932 -5.224719815029034 7
      vertex 1.0242241905846734 -5.14912272211696 0
      vertex 0.5145899867301932 -5.224719815029034 0
    endloop
  endfacet
  facet normal -0.24298017990326504 0.9700312531945436 0
    outer loop
      vertex 1.0242241905846734 -5.14912272211696 7
      vertex 1.5239945555859273 -5.023936762594096 0
      vertex 1.0242241905846734 -5.14912272211696 0
    endloop
  endfacet
  facet normal -0.5141027441932221 0.8577286100002718 0
    outer loop
      vertex 2.4748328683364877 -4.630086637828864 0
      vertex 2.4748328683364877 -4.630086637828864 7
      vertex 2.916743723352911 -4.3652154645883625 0
    endloop
  endfacet
  facet normal -0.5956993044924324 0.8032075314806457 0
    outer loop
      vertex 2.916743723352911 -4.3652154645883625 7
      vertex 3.330564741859139 -4.0583048801543695 0
      vertex 2.916743723352911 -4.3652154645883625 0
    endloop
  endfacet
  facet normal -0.3368898533922196 0.941544065183021 0
    outer loop
      vertex 2.0090880199167214 -4.850367545684255 0
      vertex 1.5239945555859273 -5.023936762594096 0
      vertex 1.5239945555859273 -5.023936762594096 7
    endloop
  endfacet
  facet normal -0.4275550934302821 0.9039892931234433 0
    outer loop
      vertex 2.0090880199167214 -4.850367545684255 7
      vertex 2.4748328683364877 -4.630086637828864 0
      vertex 2.0090880199167214 -4.850367545684255 0
    endloop
  endfacet
  facet normal -0.8577286100002718 0.5141027441932221 0
    outer loop
      vertex 4.3652154645883625 -2.916743723352911 7
      vertex 4.630086637828864 -2.4748328683364877 0
      vertex 4.3652154645883625 -2.916743723352911 0
    endloop
  endfacet
  facet normal -0.9987954562051724 0.049067674327417474 0
    outer loop
      vertex 5.224719815029034 -0.5145899867301932 7
      vertex 5.25 0 0
      vertex 5.224719815029034 -0.5145899867301932 0
    endloop
  endfacet
  facet normal -0.9891765099647809 0.1467304744553616 0
    outer loop
      vertex 5.224719815029034 -0.5145899867301932 0
      vertex 5.14912272211696 -1.0242241905846734 0
      vertex 5.14912272211696 -1.0242241905846734 7
    endloop
  endfacet
  facet normal -0.9700312531945436 0.24298017990326504 0
    outer loop
      vertex 5.14912272211696 -1.0242241905846734 0
      vertex 5.023936762594096 -1.5239945555859273 0
      vertex 5.023936762594096 -1.5239945555859273 7
    endloop
  endfacet
  facet normal -0.941544065183021 0.3368898533922196 0
    outer loop
      vertex 5.023936762594096 -1.5239945555859273 0
      vertex 4.850367545684255 -2.0090880199167214 0
      vertex 4.850367545684255 -2.0090880199167214 7
    endloop
  endfacet
  facet normal -0.9039892931234433 0.4275550934302821 0
    outer loop
      vertex 4.850367545684255 -2.0090880199167214 0
      vertex 4.630086637828864 -2.4748328683364877 0
      vertex 4.630086637828864 -2.4748328683364877 7
    endloop
  endfacet
  facet normal -0.7409511253549591 0.6715589548470184 0
    outer loop
      vertex 4.0583048801543695 -3.330564741859139 0
      vertex 3.7123106012293747 -3.7123106012293747 0
      vertex 3.7123106012293747 -3.7123106012293747 7
    endloop
  endfacet
  facet normal -0.6715589548470184 0.7409511253549591 0
    outer loop
      vertex 3.330564741859139 -4.0583048801543695 7
      vertex 3.7123106012293747 -3.7123106012293747 0
      vertex 3.330564741859139 -4.0583048801543695 0
    endloop
  endfacet
  facet normal -0.8032075314806457 0.5956993044924324 0
    outer loop
      vertex 4.0583048801543695 -3.330564741859139 7
      vertex 4.3652154645883625 -2.916743723352911 0
      vertex 4.0583048801543695 -3.330564741859139 0
    endloop
  endfacet
  facet normal 0 0 -1
    outer loop
      vertex 5.774610026118471 10.80353548826735 0
      vertex 5.774610026118471 -10.80353548826735 0
      vertex 5.25 0 0
    endloop
  endfacet
  facet normal 0 0 -1
    outer loop
      vertex 4.68787204647235 -11.317524273263263 0
      vertex 4.3652154645883625 -2.916743723352911 0
      vertex 4.630086637828864 -2.4748328683364877 0
    endloop
  endfacet
  facet normal 0 0 -1
    outer loop
      vertex 4.68787204647235 -11.317524273263263 0
      vertex 4.0583048801543695 -3.330564741859139 0
      vertex 4.3652154645883625 -2.916743723352911 0
    endloop
  endfacet
  facet normal 0 0 -1
    outer loop
      vertex 4.68787204647235 -11.317524273263263 0
      vertex 5.14912272211696 -1.0242241905846734 0
      vertex 5.224719815029034 -0.5145899867301932 0
    endloop
  endfacet
  facet normal 0 0 -1
    outer loop
      vertex 5.774610026118471 -10.80353548826735 0
      vertex 5.224719815029034 -0.5145899867301932 0
      vertex 5.25 0 0
    endloop
  endfacet
  facet normal 0 0 -1
    outer loop
      vertex 4.68787204647235 -11.317524273263263 0
      vertex 5.023936762594096 -1.5239945555859273 0
      vertex 5.14912272211696 -1.0242241905846734 0
    endloop
  endfacet
  facet normal 0 0 -1
    outer loop
      vertex 4.68787204647235 -11.317524273263263 0
      vertex 4.850367545684255 -2.0090880199167214 0
      vertex 5.023936762594096 -1.5239945555859273 0
    endloop
  endfacet
  facet normal 0 0 -1
    outer loop
      vertex 4.68787204647235 -11.317524273263263 0
      vertex 4.630086637828864 -2.4748328683364877 0
      vertex 4.850367545684255 -2.0090880199167214 0
    endloop
  endfacet
  facet normal 0 0 1
    outer loop
      vertex 0 -10.25 2
      vertex 1.2007099690371175 -12.191012901734412 2
      vertex 1.0046756883779961 -10.200643448390018 2
    endloop
  endfacet
  facet normal 0 0 1
    outer loop
      vertex 0 -10.25 2
      vertex 0 -12.25 2
      vertex 1.2007099690371175 -12.191012901734412 2
    endloop
  endfacet
  facet normal 0 0 1
    outer loop
      vertex 1.0046756883779961 -10.200643448390018 2
      vertex 1.2007099690371175 -12.191012901734412 2
      vertex 1.9996758006653146 -10.053049124133112 2
    endloop
  endfacet
  facet normal 0 0 1
    outer loop
      vertex 1.9996758006653146 -10.053049124133112 2
      vertex 2.389856444697571 -12.014619684939573 2
      vertex 2.9754179418582387 -9.808638441255141 2
    endloop
  endfacet
  facet normal 0 0 1
    outer loop
      vertex 1.2007099690371175 -12.191012901734412 2
      vertex 2.389856444697571 -12.014619684939573 2
      vertex 1.9996758006653146 -10.053049124133112 2
    endloop
  endfacet
  facet normal 0 0 1
    outer loop
      vertex 2.9754179418582387 -9.808638441255141 2
      vertex 2.389856444697571 -12.014619684939573 2
      vertex 3.5559872963671637 -11.722519112719558 2
    endloop
  endfacet
  facet normal 0 0 1
    outer loop
      vertex 5.694594888450922 -8.522563526101088 2
      vertex 5.774610026118471 -10.80353548826735 2
      vertex 6.502531162677366 -7.923357146968054 2
    endloop
  endfacet
  facet normal 0 0 1
    outer loop
      vertex 2.9754179418582387 -9.808638441255141 2
      vertex 3.5559872963671637 -11.722519112719558 2
      vertex 3.9225051817421703 -9.46976520824069 2
    endloop
  endfacet
  facet normal 0 0 1
    outer loop
      vertex 4.831816552466476 -9.039692959570639 2
      vertex 3.9225051817421703 -9.46976520824069 2
      vertex 4.68787204647235 -11.317524273263263 2
    endloop
  endfacet
  facet normal 0 0 1
    outer loop
      vertex 3.9225051817421703 -9.46976520824069 2
      vertex 3.5559872963671637 -11.722519112719558 2
      vertex 4.68787204647235 -11.317524273263263 2
    endloop
  endfacet
  facet normal 0 0 1
    outer loop
      vertex 4.831816552466476 -9.039692959570639 2
      vertex 4.68787204647235 -11.317524273263263 2
      vertex 5.774610026118471 -10.80353548826735 2
    endloop
  endfacet
  facet normal 0 0 1
    outer loop
      vertex 4.831816552466476 -9.039692959570639 2
      vertex 5.774610026118471 -10.80353548826735 2
      vertex 5.694594888450922 -8.522563526101088 2
    endloop
  endfacet
  facet normal 0 0 -1
    outer loop
      vertex 0 -12.25 0
      vertex 0 -5.25 0
      vertex 0.5145899867301932 -5.224719815029034 0
    endloop
  endfacet
  facet normal 0 0 -1
    outer loop
      vertex 1.2007099690371175 -12.191012901734412 0
      vertex 0.5145899867301932 -5.224719815029034 0
      vertex 1.0242241905846734 -5.14912272211696 0
    endloop
  endfacet
  facet normal 0 0 -1
    outer loop
      vertex 1.2007099690371175 -12.191012901734412 0
      vertex 1.0242241905846734 -5.14912272211696 0
      vertex 1.5239945555859273 -5.023936762594096 0
    endloop
  endfacet
  facet normal 0 0 -1
    outer loop
      vertex 1.2007099690371175 -12.191012901734412 0
      vertex 1.5239945555859273 -5.023936762594096 0
      vertex 2.0090880199167214 -4.850367545684255 0
    endloop
  endfacet
  facet normal 0 0 -1
    outer loop
      vertex 2.389856444697571 -12.014619684939573 0
      vertex 2.0090880199167214 -4.850367545684255 0
      vertex 2.4748328683364877 -4.630086637828864 0
    endloop
  endfacet
  facet normal 0 0 -1
    outer loop
      vertex 2.389856444697571 -12.014619684939573 0
      vertex 2.4748328683364877 -4.630086637828864 0
      vertex 2.916743723352911 -4.3652154645883625 0
    endloop
  endfacet
  facet normal 0.04906767432741771 -0.9987954562051723 0
    outer loop
      vertex 0 -12.25 2
      vertex 0 -12.25 0
      vertex 1.2007099690371175 -12.191012901734412 2
    endloop
  endfacet
  facet normal 0.14673047445536186 -0.9891765099647809 0
    outer loop
      vertex 1.2007099690371175 -12.191012901734412 2
      vertex 1.2007099690371175 -12.191012901734412 0
      vertex 2.389856444697571 -12.014619684939573 2
    endloop
  endfacet
  facet normal 0.24298017990326434 -0.9700312531945439 0
    outer loop
      vertex 2.389856444697571 -12.014619684939573 2
      vertex 2.389856444697571 -12.014619684939573 0
      vertex 3.5559872963671637 -11.722519112719558 2
    endloop
  endfacet
  facet normal 0 0 -1
    outer loop
      vertex 0 -12.25 0
      vertex 0.5145899867301932 -5.224719815029034 0
      vertex 1.2007099690371175 -12.191012901734412 0
    endloop
  endfacet
  facet normal 0.04906767432741771 -0.9987954562051723 0
    outer loop
      vertex 1.2007099690371175 -12.191012901734412 2
      vertex 0 -12.25 0
      vertex 1.2007099690371175 -12.191012901734412 0
    endloop
  endfacet
  facet normal 0 0 -1
    outer loop
      vertex 1.2007099690371175 -12.191012901734412 0
      vertex 2.0090880199167214 -4.850367545684255 0
      vertex 2.389856444697571 -12.014619684939573 0
    endloop
  endfacet
  facet normal 0 0 -1
    outer loop
      vertex 2.389856444697571 -12.014619684939573 0
      vertex 2.916743723352911 -4.3652154645883625 0
      vertex 3.5559872963671637 -11.722519112719558 0
    endloop
  endfacet
  facet normal 0.14673047445536186 -0.9891765099647809 0
    outer loop
      vertex 2.389856444697571 -12.014619684939573 2
      vertex 1.2007099690371175 -12.191012901734412 0
      vertex 2.389856444697571 -12.014619684939573 0
    endloop
  endfacet
  facet normal 0 0 -1
    outer loop
      vertex 3.5559872963671637 -11.722519112719558 0
      vertex 2.916743723352911 -4.3652154645883625 0
      vertex 3.330564741859139 -4.0583048801543695 0
    endloop
  endfacet
  facet normal 0 0 -1
    outer loop
      vertex 3.5559872963671637 -11.722519112719558 0
      vertex 3.330564741859139 -4.0583048801543695 0
      vertex 3.7123106012293747 -3.7123106012293747 0
    endloop
  endfacet
  facet normal 0 0 -1
    outer loop
      vertex 3.5559872963671637 -11.722519112719558 0
      vertex 3.7123106012293747 -3.7123106012293747 0
      vertex 4.0583048801543695 -3.330564741859139 0
    endloop
  endfacet
  facet normal 0 0 -1
    outer loop
      vertex 3.5559872963671637 -11.722519112719558 0
      vertex 4.0583048801543695 -3.330564741859139 0
      vertex 4.68787204647235 -11.317524273263263 0
    endloop
  endfacet
  facet normal 0 0 -1
    outer loop
      vertex 4.68787204647235 -11.317524273263263 0
      vertex 5.224719815029034 -0.5145899867301932 0
      vertex 5.774610026118471 -10.80353548826735 0
    endloop
  endfacet
  facet normal 0.33688985339221933 -0.9415440651830211 0
    outer loop
      vertex 3.5559872963671637 -11.722519112719558 2
      vertex 3.5559872963671637 -11.722519112719558 0
      vertex 4.68787204647235 -11.317524273263263 2
    endloop
  endfacet
  facet normal 0.5141027441932223 -0.8577286100002717 0
    outer loop
      vertex 5.774610026118471 -10.80353548826735 2
      vertex 5.774610026118471 -10.80353548826735 0
      vertex 6.8057353544901265 -10.18550275070618 2
    endloop
  endfacet
  facet normal 0.42755509343028186 -0.9039892931234434 0
    outer loop
      vertex 4.68787204647235 -11.317524273263263 2
      vertex 4.68787204647235 -11.317524273263263 0
      vertex 5.774610026118471 -10.80353548826735 2
    endloop
  endfacet
  facet normal 0.24298017990326434 -0.9700312531945439 0
    outer loop
      vertex 3.5559872963671637 -11.722519112719558 2
      vertex 2.389856444697571 -12.014619684939573 0
      vertex 3.5559872963671637 -11.722519112719558 0
    endloop
  endfacet
  facet normal 0.33688985339221933 -0.9415440651830211 0
    outer loop
      vertex 4.68787204647235 -11.317524273263263 2
      vertex 3.5559872963671637 -11.722519112719558 0
      vertex 4.68787204647235 -11.317524273263263 0
    endloop
  endfacet
  facet normal 0.42755509343028186 -0.9039892931234434 0
    outer loop
      vertex 5.774610026118471 -10.80353548826735 2
      vertex 4.68787204647235 -11.317524273263263 0
      vertex 5.774610026118471 -10.80353548826735 0
    endloop
  endfacet
  facet normal 0 0 1
    outer loop
      vertex 10.25 0 2
      vertex 10.200643448390018 -1.0046756883779961 2
      vertex 10.80353548826735 -5.774610026118471 2
    endloop
  endfacet
  facet normal 0 0 1
    outer loop
      vertex 11.317524273263263 4.68787204647235 2
      vertex 11.317524273263263 -4.68787204647235 2
      vertex 11.722519112719558 -3.5559872963671637 2
    endloop
  endfacet
  facet normal 0 0 1
    outer loop
      vertex 12.191012901734412 1.2007099690371175 2
      vertex 12.191012901734412 -1.2007099690371175 2
      vertex 12.25 0 2
    endloop
  endfacet
  facet normal 0 0 1
    outer loop
      vertex 12.014619684939573 2.389856444697571 2
      vertex 12.014619684939573 -2.389856444697571 2
      vertex 12.191012901734412 -1.2007099690371175 2
    endloop
  endfacet
  facet normal 0 0 1
    outer loop
      vertex 11.722519112719558 3.5559872963671637 2
      vertex 11.722519112719558 -3.5559872963671637 2
      vertex 12.014619684939573 -2.389856444697571 2
    endloop
  endfacet
  facet normal 0 0 1
    outer loop
      vertex 10.80353548826735 5.774610026118471 2
      vertex 10.80353548826735 -5.774610026118471 2
      vertex 11.317524273263263 -4.68787204647235 2
    endloop
  endfacet
  facet normal 0 0 1
    outer loop
      vertex 9.808638441255141 -2.9754179418582387 2
      vertex 9.46976520824069 -3.9225051817421703 2
      vertex 10.18550275070618 -6.8057353544901265 2
    endloop
  endfacet
  facet normal 0 0 1
    outer loop
      vertex 10.200643448390018 -1.0046756883779961 2
      vertex 10.053049124133112 -1.9996758006653146 2
      vertex 10.18550275070618 -6.8057353544901265 2
    endloop
  endfacet
  facet normal 0 0 1
    outer loop
      vertex 9.808638441255141 -2.9754179418582387 2
      vertex 10.18550275070618 -6.8057353544901265 2
      vertex 10.053049124133112 -1.9996758006653146 2
    endloop
  endfacet
  facet normal 0 0 1
    outer loop
      vertex 10.200643448390018 -1.0046756883779961 2
      vertex 10.18550275070618 -6.8057353544901265 2
      vertex 10.80353548826735 -5.774610026118471 2
    endloop
  endfacet
  facet normal 0 0 1
    outer loop
      vertex 9.039692959570639 -4.831816552466476 2
      vertex 9.469378053693529 -7.7713177310046575 2
      vertex 9.46976520824069 -3.9225051817421703 2
    endloop
  endfacet
  facet normal 0 0 -1
    outer loop
      vertex 6.8057353544901265 10.18550275070618 0
      vertex 6.8057353544901265 -10.18550275070618 0
      vertex 5.774610026118471 -10.80353548826735 0
    endloop
  endfacet
  facet normal 0 0 -1
    outer loop
      vertex 7.7713177310046575 9.469378053693529 0
      vertex 7.7713177310046575 -9.469378053693529 0
      vertex 6.8057353544901265 -10.18550275070618 0
    endloop
  endfacet
  facet normal 0 0 -1
    outer loop
      vertex 8.662058069535208 8.662058069535208 0
      vertex 8.662058069535208 -8.662058069535208 0
      vertex 7.7713177310046575 -9.469378053693529 0
    endloop
  endfacet
  facet normal 0.9987954562051723 -0.04906767432741771 0
    outer loop
      vertex 12.25 0 2
      vertex 12.191012901734412 -1.2007099690371175 2
      vertex 12.25 0 0
    endloop
  endfacet
  facet normal 0.9891765099647809 -0.14673047445536186 0
    outer loop
      vertex 12.191012901734412 -1.2007099690371175 2
      vertex 12.014619684939573 -2.389856444697571 2
      vertex 12.191012901734412 -1.2007099690371175 0
    endloop
  endfacet
  facet normal 0.9700312531945439 -0.24298017990326434 0
    outer loop
      vertex 12.014619684939573 -2.389856444697571 2
      vertex 11.722519112719558 -3.5559872963671637 2
      vertex 12.014619684939573 -2.389856444697571 0
    endloop
  endfacet
  facet normal 0 0 -1
    outer loop
      vertex 9.469378053693529 7.7713177310046575 0
      vertex 9.469378053693529 -7.7713177310046575 0
      vertex 8.662058069535208 -8.662058069535208 0
    endloop
  endfacet
  facet normal 0 0 -1
    outer loop
      vertex 10.18550275070618 6.8057353544901265 0
      vertex 10.18550275070618 -6.8057353544901265 0
      vertex 9.469378053693529 -7.7713177310046575 0
    endloop
  endfacet
  facet normal 0 0 -1
    outer loop
      vertex 10.80353548826735 5.774610026118471 0
      vertex 10.80353548826735 -5.774610026118471 0
      vertex 10.18550275070618 -6.8057353544901265 0
    endloop
  endfacet
  facet normal 0.9987954562051723 -0.04906767432741771 0
    outer loop
      vertex 12.191012901734412 -1.2007099690371175 2
      vertex 12.191012901734412 -1.2007099690371175 0
      vertex 12.25 0 0
    endloop
  endfacet
  facet normal 0 0 -1
    outer loop
      vertex 12.191012901734412 1.2007099690371175 0
      vertex 12.25 0 0
      vertex 12.191012901734412 -1.2007099690371175 0
    endloop
  endfacet
  facet normal 0 0 -1
    outer loop
      vertex 12.191012901734412 1.2007099690371175 0
      vertex 12.191012901734412 -1.2007099690371175 0
      vertex 12.014619684939573 -2.389856444697571 0
    endloop
  endfacet
  facet normal 0 0 -1
    outer loop
      vertex 12.014619684939573 2.389856444697571 0
      vertex 12.014619684939573 -2.389856444697571 0
      vertex 11.722519112719558 -3.5559872963671637 0
    endloop
  endfacet
  facet normal 0.9891765099647809 -0.14673047445536186 0
    outer loop
      vertex 12.014619684939573 -2.389856444697571 2
      vertex 12.014619684939573 -2.389856444697571 0
      vertex 12.191012901734412 -1.2007099690371175 0
    endloop
  endfacet
  facet normal 0 0 -1
    outer loop
      vertex 11.317524273263263 4.68787204647235 0
      vertex 11.317524273263263 -4.68787204647235 0
      vertex 10.80353548826735 -5.774610026118471 0
    endloop
  endfacet
  facet normal 0 0 -1
    outer loop
      vertex 11.722519112719558 3.5559872963671637 0
      vertex 11.722519112719558 -3.5559872963671637 0
      vertex 11.317524273263263 -4.68787204647235 0
    endloop
  endfacet
  facet normal 0.8577286100002717 -0.5141027441932223 0
    outer loop
      vertex 10.80353548826735 -5.774610026118471 2
      vertex 10.18550275070618 -6.8057353544901265 2
      vertex 10.80353548826735 -5.774610026118471 0
    endloop
  endfacet
  facet normal 0.9415440651830211 -0.33688985339221933 0
    outer loop
      vertex 11.722519112719558 -3.5559872963671637 2
      vertex 11.317524273263263 -4.68787204647235 2
      vertex 11.722519112719558 -3.5559872963671637 0
    endloop
  endfacet
  facet normal 0.9039892931234434 -0.42755509343028186 0
    outer loop
      vertex 11.317524273263263 -4.68787204647235 2
      vertex 10.80353548826735 -5.774610026118471 2
      vertex 11.317524273263263 -4.68787204647235 0
    endloop
  endfacet
  facet normal 0.9415440651830211 -0.33688985339221933 0
    outer loop
      vertex 11.317524273263263 -4.68787204647235 2
      vertex 11.317524273263263 -4.68787204647235 0
      vertex 11.722519112719558 -3.5559872963671637 0
    endloop
  endfacet
  facet normal 0.9700312531945439 -0.24298017990326434 0
    outer loop
      vertex 11.722519112719558 -3.5559872963671637 2
      vertex 11.722519112719558 -3.5559872963671637 0
      vertex 12.014619684939573 -2.389856444697571 0
    endloop
  endfacet
  facet normal 0.9039892931234434 -0.42755509343028186 0
    outer loop
      vertex 10.80353548826735 -5.774610026118471 2
      vertex 10.80353548826735 -5.774610026118471 0
      vertex 11.317524273263263 -4.68787204647235 0
    endloop
  endfacet
  facet normal 0 0 1
    outer loop
      vertex 7.247844507162113 -7.247844507162113 2
      vertex 6.502531162677366 -7.923357146968054 2
      vertex 6.8057353544901265 -10.18550275070618 2
    endloop
  endfacet
  facet normal 0 0 1
    outer loop
      vertex 7.247844507162113 -7.247844507162113 2
      vertex 7.7713177310046575 -9.469378053693529 2
      vertex 7.923357146968054 -6.502531162677366 2
    endloop
  endfacet
  facet normal 0 0 1
    outer loop
      vertex 7.247844507162113 -7.247844507162113 2
      vertex 6.8057353544901265 -10.18550275070618 2
      vertex 7.7713177310046575 -9.469378053693529 2
    endloop
  endfacet
  facet normal 0 0 1
    outer loop
      vertex 8.522563526101088 -5.694594888450922 2
      vertex 7.923357146968054 -6.502531162677366 2
      vertex 8.662058069535208 -8.662058069535208 2
    endloop
  endfacet
  facet normal 0 0 1
    outer loop
      vertex 9.039692959570639 -4.831816552466476 2
      vertex 8.522563526101088 -5.694594888450922 2
      vertex 8.662058069535208 -8.662058069535208 2
    endloop
  endfacet
  facet normal 0 0 1
    outer loop
      vertex 9.039692959570639 -4.831816552466476 2
      vertex 8.662058069535208 -8.662058069535208 2
      vertex 9.469378053693529 -7.7713177310046575 2
    endloop
  endfacet
  facet normal 0 0 1
    outer loop
      vertex 7.923357146968054 -6.502531162677366 2
      vertex 7.7713177310046575 -9.469378053693529 2
      vertex 8.662058069535208 -8.662058069535208 2
    endloop
  endfacet
  facet normal 0 0 1
    outer loop
      vertex 5.774610026118471 -10.80353548826735 2
      vertex 6.8057353544901265 -10.18550275070618 2
      vertex 6.502531162677366 -7.923357146968054 2
    endloop
  endfacet
  facet normal 0 0 1
    outer loop
      vertex 9.46976520824069 -3.9225051817421703 2
      vertex 9.469378053693529 -7.7713177310046575 2
      vertex 10.18550275070618 -6.8057353544901265 2
    endloop
  endfacet
  facet normal 0.6715589548470183 -0.7409511253549593 0
    outer loop
      vertex 8.662058069535208 -8.662058069535208 2
      vertex 7.7713177310046575 -9.469378053693529 0
      vertex 8.662058069535208 -8.662058069535208 0
    endloop
  endfacet
  facet normal 0.7409511253549593 -0.6715589548470183 0
    outer loop
      vertex 8.662058069535208 -8.662058069535208 2
      vertex 8.662058069535208 -8.662058069535208 0
      vertex 9.469378053693529 -7.7713177310046575 0
    endloop
  endfacet
  facet normal 0.5956993044924328 -0.8032075314806454 0
    outer loop
      vertex 6.8057353544901265 -10.18550275070618 2
      vertex 6.8057353544901265 -10.18550275070618 0
      vertex 7.7713177310046575 -9.469378053693529 2
    endloop
  endfacet
  facet normal 0.6715589548470183 -0.7409511253549593 0
    outer loop
      vertex 8.662058069535208 -8.662058069535208 2
      vertex 7.7713177310046575 -9.469378053693529 2
      vertex 7.7713177310046575 -9.469378053693529 0
    endloop
  endfacet
  facet normal 0.5141027441932223 -0.8577286100002717 0
    outer loop
      vertex 5.774610026118471 -10.80353548826735 0
      vertex 6.8057353544901265 -10.18550275070618 0
      vertex 6.8057353544901265 -10.18550275070618 2
    endloop
  endfacet
  facet normal 0.5956993044924328 -0.8032075314806454 0
    outer loop
      vertex 7.7713177310046575 -9.469378053693529 2
      vertex 6.8057353544901265 -10.18550275070618 0
      vertex 7.7713177310046575 -9.469378053693529 0
    endloop
  endfacet
  facet normal 0.8032075314806454 -0.5956993044924328 0
    outer loop
      vertex 10.18550275070618 -6.8057353544901265 2
      vertex 9.469378053693529 -7.7713177310046575 2
      vertex 10.18550275070618 -6.8057353544901265 0
    endloop
  endfacet
  facet normal 0.7409511253549593 -0.6715589548470183 0
    outer loop
      vertex 8.662058069535208 -8.662058069535208 2
      vertex 9.469378053693529 -7.7713177310046575 0
      vertex 9.469378053693529 -7.7713177310046575 2
    endloop
  endfacet
  facet normal 0.8032075314806454 -0.5956993044924328 0
    outer loop
      vertex 9.469378053693529 -7.7713177310046575 2
      vertex 9.469378053693529 -7.7713177310046575 0
      vertex 10.18550275070618 -6.8057353544901265 0
    endloop
  endfacet
  facet normal 0.8577286100002717 -0.5141027441932223 0
    outer loop
      vertex 10.80353548826735 -5.774610026118471 0
      vertex 10.18550275070618 -6.8057353544901265 2
      vertex 10.18550275070618 -6.8057353544901265 0
    endloop
  endfacet
endsolid OpenSCAD_Model
