solid OpenSCAD_Model
  facet normal -1 0 0
    outer loop
      vertex 330.25 -25.25 0.25
      vertex 330.25 -20.25 20.25
      vertex 330.25 -20.25 0.25
    endloop
  endfacet
  facet normal 0 0 -1
    outer loop
      vertex 330.25 -25.25 0.25
      vertex 330.25 -20.25 0.25
      vertex 500.25 -20.25 0.25
    endloop
  endfacet
  facet normal -1 0 0
    outer loop
      vertex 330.25 -25.25 0.25
      vertex 330.25 -25.25 20.25
      vertex 330.25 -20.25 25.25
    endloop
  endfacet
  facet normal -1 0 0
    outer loop
      vertex 330.25 -25.25 0.25
      vertex 330.25 -20.25 25.25
      vertex 330.25 -20.25 20.25
    endloop
  endfacet
  facet normal -1 0 0
    outer loop
      vertex 330.25 -25.25 20.25
      vertex 330.25 -25.25 25.25
      vertex 330.25 -20.25 25.25
    endloop
  endfacet
  facet normal 0 0 -1
    outer loop
      vertex 330.25 -20.25 20.25
      vertex 337.9389787914933 -6.794276383698683 20.25
      vertex 338.61485871368546 -6.963575490862936 20.25
    endloop
  endfacet
  facet normal 0 0 -1
    outer loop
      vertex 330.25 -20.25 20.25
      vertex 337.28294763020784 -6.559544680830135 20.25
      vertex 337.9389787914933 -6.794276383698683 20.25
    endloop
  endfacet
  facet normal 0 0 -1
    outer loop
      vertex 330.25 -20.25 20.25
      vertex 334.09656575265194 -3.9445486544391755 20.25
      vertex 334.51162578112456 -4.504192317561882 20.25
    endloop
  endfacet
  facet normal 0 0 -1
    outer loop
      vertex 330.25 -20.25 20.25
      vertex 336.0554513455608 -5.903434247348071 20.25
      vertex 336.65308316853543 -6.261640976873321 20.25
    endloop
  endfacet
  facet normal 0 0 -1
    outer loop
      vertex 330.25 -20.25 20.25
      vertex 335.4958076824381 -5.488374218875433 20.25
      vertex 336.0554513455608 -5.903434247348071 20.25
    endloop
  endfacet
  facet normal 0 0 -1
    outer loop
      vertex 330.25 -20.25 20.25
      vertex 336.65308316853543 -6.261640976873321 20.25
      vertex 337.28294763020784 -6.559544680830135 20.25
    endloop
  endfacet
  facet normal 0 0 -1
    outer loop
      vertex 330.25 -20.25 20.25
      vertex 334.97954185357554 -5.020458146424487 20.25
      vertex 335.4958076824381 -5.488374218875433 20.25
    endloop
  endfacet
  facet normal 0 0 -1
    outer loop
      vertex 330.25 -20.25 20.25
      vertex 334.51162578112456 -4.504192317561882 20.25
      vertex 334.97954185357554 -5.020458146424487 20.25
    endloop
  endfacet
  facet normal 0 0 -1
    outer loop
      vertex 330.25 -20.25 20.25
      vertex 339.3040783036601 -7.065811559372598 20.25
      vertex 340 -7.1 20.25
    endloop
  endfacet
  facet normal 0 0 -1
    outer loop
      vertex 330.25 -20.25 20.25
      vertex 340 -7.1 20.25
      vertex 340.6959216963399 -7.065811559372598 20.25
    endloop
  endfacet
  facet normal 0 0 -1
    outer loop
      vertex 330.25 -20.25 20.25
      vertex 338.61485871368546 -6.963575490862936 20.25
      vertex 339.3040783036601 -7.065811559372598 20.25
    endloop
  endfacet
  facet normal 0 0 -1
    outer loop
      vertex 330.25 -20.25 20.25
      vertex 340.6959216963399 -7.065811559372598 20.25
      vertex 341.38514128631454 -6.963575490862936 20.25
    endloop
  endfacet
  facet normal 0 0 -1
    outer loop
      vertex 330.25 -20.25 20.25
      vertex 341.38514128631454 -6.963575490862936 20.25
      vertex 342.0610212085067 -6.794276383698683 20.25
    endloop
  endfacet
  facet normal 0 0 -1
    outer loop
      vertex 330.25 -20.25 20.25
      vertex 342.0610212085067 -6.794276383698683 20.25
      vertex 342.71705236979216 -6.559544680830135 20.25
    endloop
  endfacet
  facet normal 0 0 -1
    outer loop
      vertex 330.25 -20.25 20.25
      vertex 333.7383590231267 -3.346916831464583 20.25
      vertex 334.09656575265194 -3.9445486544391755 20.25
    endloop
  endfacet
  facet normal 0 0 -1
    outer loop
      vertex 330.25 -20.25 20.25
      vertex 333.44045531916987 -2.717052369792137 20.25
      vertex 333.7383590231267 -3.346916831464583 20.25
    endloop
  endfacet
  facet normal 0 0 -1
    outer loop
      vertex 330.25 -20.25 20.25
      vertex 333.2057236163013 -2.0610212085066824 20.25
      vertex 333.44045531916987 -2.717052369792137 20.25
    endloop
  endfacet
  facet normal 0 0 -1
    outer loop
      vertex 330.25 -20.25 20.25
      vertex 333.0364245091371 -1.3851412863145105 20.25
      vertex 333.2057236163013 -2.0610212085066824 20.25
    endloop
  endfacet
  facet normal 0 0 -1
    outer loop
      vertex 330.25 -20.25 20.25
      vertex 332.9341884406274 -0.6959216963398802 20.25
      vertex 333.0364245091371 -1.3851412863145105 20.25
    endloop
  endfacet
  facet normal 0 0 -1
    outer loop
      vertex 330.25 -20.25 20.25
      vertex 332.9 0 20.25
      vertex 332.9341884406274 -0.6959216963398802 20.25
    endloop
  endfacet
  facet normal 0.4275550934303 0.9039892931234349 0
    outer loop
      vertex 336.65308316853543 -6.261640976873321 20.25
      vertex 336.65308316853543 -6.261640976873321 25.25
      vertex 337.28294763020784 -6.559544680830135 20.25
    endloop
  endfacet
  facet normal 0.24298017990326568 0.9700312531945436 0
    outer loop
      vertex 337.9389787914933 -6.794276383698683 20.25
      vertex 337.9389787914933 -6.794276383698683 25.25
      vertex 338.61485871368546 -6.963575490862936 20.25
    endloop
  endfacet
  facet normal 0.3368898533922205 0.9415440651830206 0
    outer loop
      vertex 337.28294763020784 -6.559544680830135 20.25
      vertex 337.28294763020784 -6.559544680830135 25.25
      vertex 337.9389787914933 -6.794276383698683 20.25
    endloop
  endfacet
  facet normal 0.14673047445536047 0.9891765099647811 0
    outer loop
      vertex 338.61485871368546 -6.963575490862936 20.25
      vertex 338.61485871368546 -6.963575490862936 25.25
      vertex 339.3040783036601 -7.065811559372598 20.25
    endloop
  endfacet
  facet normal 0.04906767432741624 0.9987954562051725 0
    outer loop
      vertex 339.3040783036601 -7.065811559372598 20.25
      vertex 339.3040783036601 -7.065811559372598 25.25
      vertex 340 -7.1 20.25
    endloop
  endfacet
  facet normal -0.04906767432741624 0.9987954562051725 0
    outer loop
      vertex 340 -7.1 20.25
      vertex 340 -7.1 25.25
      vertex 340.6959216963399 -7.065811559372598 20.25
    endloop
  endfacet
  facet normal -0.14673047445536047 0.9891765099647811 0
    outer loop
      vertex 340.6959216963399 -7.065811559372598 20.25
      vertex 340.6959216963399 -7.065811559372598 25.25
      vertex 341.38514128631454 -6.963575490862936 20.25
    endloop
  endfacet
  facet normal 0 0 -1
    outer loop
      vertex 330.25 -20.25 20.25
      vertex 342.71705236979216 -6.559544680830135 20.25
      vertex 357.28294763020784 -6.559544680830135 20.25
    endloop
  endfacet
  facet normal 0 0 -1
    outer loop
      vertex 330.25 -20.25 20.25
      vertex 357.28294763020784 -6.559544680830135 20.25
      vertex 357.9389787914933 -6.794276383698683 20.25
    endloop
  endfacet
  facet normal 0 0 -1
    outer loop
      vertex 330.25 -20.25 20.25
      vertex 357.9389787914933 -6.794276383698683 20.25
      vertex 358.61485871368546 -6.963575490862936 20.25
    endloop
  endfacet
  facet normal 0 0 -1
    outer loop
      vertex 330.25 -20.25 20.25
      vertex 358.61485871368546 -6.963575490862936 20.25
      vertex 359.3040783036601 -7.065811559372598 20.25
    endloop
  endfacet
  facet normal 0 0 -1
    outer loop
      vertex 330.25 -20.25 20.25
      vertex 359.3040783036601 -7.065811559372598 20.25
      vertex 360 -7.1 20.25
    endloop
  endfacet
  facet normal 0 0 -1
    outer loop
      vertex 330.25 -20.25 20.25
      vertex 360 -7.1 20.25
      vertex 360.6959216963399 -7.065811559372598 20.25
    endloop
  endfacet
  facet normal 0 0 -1
    outer loop
      vertex 330.25 -20.25 20.25
      vertex 360.6959216963399 -7.065811559372598 20.25
      vertex 361.38514128631454 -6.963575490862936 20.25
    endloop
  endfacet
  facet normal 0 0 -1
    outer loop
      vertex 342.71705236979216 -6.559544680830135 20.25
      vertex 343.34691683146457 -6.261640976873321 20.25
      vertex 357.28294763020784 -6.559544680830135 20.25
    endloop
  endfacet
  facet normal -0.24298017990326568 0.9700312531945436 0
    outer loop
      vertex 341.38514128631454 -6.963575490862936 20.25
      vertex 341.38514128631454 -6.963575490862936 25.25
      vertex 342.0610212085067 -6.794276383698683 20.25
    endloop
  endfacet
  facet normal -0.3368898533922205 0.9415440651830206 0
    outer loop
      vertex 342.0610212085067 -6.794276383698683 20.25
      vertex 342.0610212085067 -6.794276383698683 25.25
      vertex 342.71705236979216 -6.559544680830135 20.25
    endloop
  endfacet
  facet normal -0.4275550934303 0.9039892931234349 0
    outer loop
      vertex 342.71705236979216 -6.559544680830135 20.25
      vertex 342.71705236979216 -6.559544680830135 25.25
      vertex 343.34691683146457 -6.261640976873321 20.25
    endloop
  endfacet
  facet normal 0 0 1
    outer loop
      vertex 330.25 -20.25 25.25
      vertex 338.61485871368546 -6.963575490862936 25.25
      vertex 337.9389787914933 -6.794276383698683 25.25
    endloop
  endfacet
  facet normal 0 0 1
    outer loop
      vertex 330.25 -20.25 25.25
      vertex 337.9389787914933 -6.794276383698683 25.25
      vertex 337.28294763020784 -6.559544680830135 25.25
    endloop
  endfacet
  facet normal 0 0 1
    outer loop
      vertex 330.25 -20.25 25.25
      vertex 334.51162578112456 -4.504192317561882 25.25
      vertex 334.09656575265194 -3.9445486544391755 25.25
    endloop
  endfacet
  facet normal 0 0 1
    outer loop
      vertex 330.25 -20.25 25.25
      vertex 336.65308316853543 -6.261640976873321 25.25
      vertex 336.0554513455608 -5.903434247348071 25.25
    endloop
  endfacet
  facet normal 0 0 1
    outer loop
      vertex 330.25 -20.25 25.25
      vertex 336.0554513455608 -5.903434247348071 25.25
      vertex 335.4958076824381 -5.488374218875433 25.25
    endloop
  endfacet
  facet normal 0 0 1
    outer loop
      vertex 330.25 -20.25 25.25
      vertex 337.28294763020784 -6.559544680830135 25.25
      vertex 336.65308316853543 -6.261640976873321 25.25
    endloop
  endfacet
  facet normal 0 0 1
    outer loop
      vertex 330.25 -20.25 25.25
      vertex 335.4958076824381 -5.488374218875433 25.25
      vertex 334.97954185357554 -5.020458146424487 25.25
    endloop
  endfacet
  facet normal 0 0 1
    outer loop
      vertex 330.25 -20.25 25.25
      vertex 334.97954185357554 -5.020458146424487 25.25
      vertex 334.51162578112456 -4.504192317561882 25.25
    endloop
  endfacet
  facet normal 0 0 1
    outer loop
      vertex 330.25 -20.25 25.25
      vertex 340 -7.1 25.25
      vertex 339.3040783036601 -7.065811559372598 25.25
    endloop
  endfacet
  facet normal 0 0 1
    outer loop
      vertex 330.25 -20.25 25.25
      vertex 340.6959216963399 -7.065811559372598 25.25
      vertex 340 -7.1 25.25
    endloop
  endfacet
  facet normal 0 0 1
    outer loop
      vertex 330.25 -20.25 25.25
      vertex 339.3040783036601 -7.065811559372598 25.25
      vertex 338.61485871368546 -6.963575490862936 25.25
    endloop
  endfacet
  facet normal 0 0 1
    outer loop
      vertex 330.25 -20.25 25.25
      vertex 341.38514128631454 -6.963575490862936 25.25
      vertex 340.6959216963399 -7.065811559372598 25.25
    endloop
  endfacet
  facet normal -1 0 0
    outer loop
      vertex 330.25 -20.25 20.25
      vertex 330.25 -20.25 25.25
      vertex 330.25 20.25 25.25
    endloop
  endfacet
  facet normal 0.4275550934303 0.9039892931234349 0
    outer loop
      vertex 337.28294763020784 -6.559544680830135 20.25
      vertex 336.65308316853543 -6.261640976873321 25.25
      vertex 337.28294763020784 -6.559544680830135 25.25
    endloop
  endfacet
  facet normal 0.3368898533922205 0.9415440651830206 0
    outer loop
      vertex 337.9389787914933 -6.794276383698683 20.25
      vertex 337.28294763020784 -6.559544680830135 25.25
      vertex 337.9389787914933 -6.794276383698683 25.25
    endloop
  endfacet
  facet normal 0.24298017990326568 0.9700312531945436 0
    outer loop
      vertex 338.61485871368546 -6.963575490862936 20.25
      vertex 337.9389787914933 -6.794276383698683 25.25
      vertex 338.61485871368546 -6.963575490862936 25.25
    endloop
  endfacet
  facet normal 0.14673047445536047 0.9891765099647811 0
    outer loop
      vertex 339.3040783036601 -7.065811559372598 20.25
      vertex 338.61485871368546 -6.963575490862936 25.25
      vertex 339.3040783036601 -7.065811559372598 25.25
    endloop
  endfacet
  facet normal 0.04906767432741624 0.9987954562051725 0
    outer loop
      vertex 340 -7.1 20.25
      vertex 339.3040783036601 -7.065811559372598 25.25
      vertex 340 -7.1 25.25
    endloop
  endfacet
  facet normal -0.04906767432741624 0.9987954562051725 0
    outer loop
      vertex 340.6959216963399 -7.065811559372598 20.25
      vertex 340 -7.1 25.25
      vertex 340.6959216963399 -7.065811559372598 25.25
    endloop
  endfacet
  facet normal -0.14673047445536047 0.9891765099647811 0
    outer loop
      vertex 341.38514128631454 -6.963575490862936 20.25
      vertex 340.6959216963399 -7.065811559372598 25.25
      vertex 341.38514128631454 -6.963575490862936 25.25
    endloop
  endfacet
  facet normal 0 0 1
    outer loop
      vertex 330.25 -20.25 25.25
      vertex 334.09656575265194 -3.9445486544391755 25.25
      vertex 333.7383590231267 -3.346916831464583 25.25
    endloop
  endfacet
  facet normal 0 0 1
    outer loop
      vertex 330.25 -20.25 25.25
      vertex 333.7383590231267 -3.346916831464583 25.25
      vertex 333.44045531916987 -2.717052369792137 25.25
    endloop
  endfacet
  facet normal 0 0 1
    outer loop
      vertex 330.25 -20.25 25.25
      vertex 333.44045531916987 -2.717052369792137 25.25
      vertex 333.2057236163013 -2.0610212085066824 25.25
    endloop
  endfacet
  facet normal 0 0 1
    outer loop
      vertex 330.25 -20.25 25.25
      vertex 333.2057236163013 -2.0610212085066824 25.25
      vertex 333.0364245091371 -1.3851412863145105 25.25
    endloop
  endfacet
  facet normal 0 0 1
    outer loop
      vertex 330.25 -20.25 25.25
      vertex 333.0364245091371 -1.3851412863145105 25.25
      vertex 332.9341884406274 -0.6959216963398802 25.25
    endloop
  endfacet
  facet normal 0 0 1
    outer loop
      vertex 330.25 -20.25 25.25
      vertex 358.61485871368546 -6.963575490862936 25.25
      vertex 341.38514128631454 -6.963575490862936 25.25
    endloop
  endfacet
  facet normal 0 0 1
    outer loop
      vertex 330.25 -20.25 25.25
      vertex 359.3040783036601 -7.065811559372598 25.25
      vertex 358.61485871368546 -6.963575490862936 25.25
    endloop
  endfacet
  facet normal 0 0 1
    outer loop
      vertex 330.25 -20.25 25.25
      vertex 360 -7.1 25.25
      vertex 359.3040783036601 -7.065811559372598 25.25
    endloop
  endfacet
  facet normal 0 0 1
    outer loop
      vertex 330.25 -20.25 25.25
      vertex 360.6959216963399 -7.065811559372598 25.25
      vertex 360 -7.1 25.25
    endloop
  endfacet
  facet normal 0 0 1
    outer loop
      vertex 330.25 -20.25 25.25
      vertex 361.38514128631454 -6.963575490862936 25.25
      vertex 360.6959216963399 -7.065811559372598 25.25
    endloop
  endfacet
  facet normal -0.24298017990326568 0.9700312531945436 0
    outer loop
      vertex 342.0610212085067 -6.794276383698683 20.25
      vertex 341.38514128631454 -6.963575490862936 25.25
      vertex 342.0610212085067 -6.794276383698683 25.25
    endloop
  endfacet
  facet normal -0.3368898533922205 0.9415440651830206 0
    outer loop
      vertex 342.71705236979216 -6.559544680830135 20.25
      vertex 342.0610212085067 -6.794276383698683 25.25
      vertex 342.71705236979216 -6.559544680830135 25.25
    endloop
  endfacet
  facet normal -0.4275550934303 0.9039892931234349 0
    outer loop
      vertex 343.34691683146457 -6.261640976873321 20.25
      vertex 342.71705236979216 -6.559544680830135 25.25
      vertex 343.34691683146457 -6.261640976873321 25.25
    endloop
  endfacet
  facet normal 0 0 1
    outer loop
      vertex 342.0610212085067 -6.794276383698683 25.25
      vertex 341.38514128631454 -6.963575490862936 25.25
      vertex 357.9389787914933 -6.794276383698683 25.25
    endloop
  endfacet
  facet normal 0 0 1
    outer loop
      vertex 342.71705236979216 -6.559544680830135 25.25
      vertex 342.0610212085067 -6.794276383698683 25.25
      vertex 357.28294763020784 -6.559544680830135 25.25
    endloop
  endfacet
  facet normal 0 0 1
    outer loop
      vertex 343.34691683146457 -6.261640976873321 25.25
      vertex 342.71705236979216 -6.559544680830135 25.25
      vertex 356.65308316853543 -6.261640976873321 25.25
    endloop
  endfacet
  facet normal 0.5956993044924381 0.8032075314806414 0
    outer loop
      vertex 335.4958076824381 -5.488374218875433 20.25
      vertex 335.4958076824381 -5.488374218875433 25.25
      vertex 336.0554513455608 -5.903434247348071 20.25
    endloop
  endfacet
  facet normal 0.6715589548470419 0.7409511253549379 0
    outer loop
      vertex 335.4958076824381 -5.488374218875433 20.25
      vertex 334.97954185357554 -5.020458146424487 20.25
      vertex 334.97954185357554 -5.020458146424487 25.25
    endloop
  endfacet
  facet normal 0.803207531480655 0.5956993044924198 0
    outer loop
      vertex 334.51162578112456 -4.504192317561882 20.25
      vertex 334.09656575265194 -3.9445486544391755 20.25
      vertex 334.09656575265194 -3.9445486544391755 25.25
    endloop
  endfacet
  facet normal 0.7409511253549376 0.6715589548470421 0
    outer loop
      vertex 334.97954185357554 -5.020458146424487 20.25
      vertex 334.51162578112456 -4.504192317561882 20.25
      vertex 334.51162578112456 -4.504192317561882 25.25
    endloop
  endfacet
  facet normal 0.8577286100002717 0.5141027441932223 0
    outer loop
      vertex 334.09656575265194 -3.9445486544391755 20.25
      vertex 333.7383590231267 -3.346916831464583 20.25
      vertex 333.7383590231267 -3.346916831464583 25.25
    endloop
  endfacet
  facet normal 0.5141027441932049 0.8577286100002821 0
    outer loop
      vertex 336.0554513455608 -5.903434247348071 20.25
      vertex 336.0554513455608 -5.903434247348071 25.25
      vertex 336.65308316853543 -6.261640976873321 20.25
    endloop
  endfacet
  facet normal 0.9039892931234408 0.4275550934302873 0
    outer loop
      vertex 333.7383590231267 -3.346916831464583 20.25
      vertex 333.44045531916987 -2.717052369792137 20.25
      vertex 333.44045531916987 -2.717052369792137 25.25
    endloop
  endfacet
  facet normal 0.9415440651830222 0.33688985339221594 0
    outer loop
      vertex 333.44045531916987 -2.717052369792137 20.25
      vertex 333.2057236163013 -2.0610212085066824 20.25
      vertex 333.2057236163013 -2.0610212085066824 25.25
    endloop
  endfacet
  facet normal 0.9700312531945452 0.242980179903259 0
    outer loop
      vertex 333.2057236163013 -2.0610212085066824 20.25
      vertex 333.0364245091371 -1.3851412863145105 20.25
      vertex 333.0364245091371 -1.3851412863145105 25.25
    endloop
  endfacet
  facet normal 0.9891765099647766 0.14673047445539142 0
    outer loop
      vertex 333.0364245091371 -1.3851412863145105 20.25
      vertex 332.9341884406274 -0.6959216963398802 20.25
      vertex 332.9341884406274 -0.6959216963398802 25.25
    endloop
  endfacet
  facet normal 0.9987954562051713 0.04906767432744013 0
    outer loop
      vertex 332.9341884406274 -0.6959216963398802 20.25
      vertex 332.9 0 20.25
      vertex 332.9 0 25.25
    endloop
  endfacet
  facet normal 0 0 -1
    outer loop
      vertex 343.34691683146457 -6.261640976873321 20.25
      vertex 343.9445486544392 -5.903434247348071 20.25
      vertex 356.65308316853543 -6.261640976873321 20.25
    endloop
  endfacet
  facet normal 0 0 -1
    outer loop
      vertex 343.9445486544392 -5.903434247348071 20.25
      vertex 344.5041923175619 -5.488374218875433 20.25
      vertex 356.0554513455608 -5.903434247348071 20.25
    endloop
  endfacet
  facet normal 0 0 -1
    outer loop
      vertex 344.5041923175619 -5.488374218875433 20.25
      vertex 345.02045814642446 -5.020458146424487 20.25
      vertex 355.4958076824381 -5.488374218875433 20.25
    endloop
  endfacet
  facet normal 0 0 -1
    outer loop
      vertex 345.02045814642446 -5.020458146424487 20.25
      vertex 345.48837421887544 -4.504192317561882 20.25
      vertex 354.97954185357554 -5.020458146424487 20.25
    endloop
  endfacet
  facet normal 0 0 -1
    outer loop
      vertex 344.5041923175619 -5.488374218875433 20.25
      vertex 355.4958076824381 -5.488374218875433 20.25
      vertex 356.0554513455608 -5.903434247348071 20.25
    endloop
  endfacet
  facet normal 0 0 -1
    outer loop
      vertex 345.02045814642446 -5.020458146424487 20.25
      vertex 354.97954185357554 -5.020458146424487 20.25
      vertex 355.4958076824381 -5.488374218875433 20.25
    endloop
  endfacet
  facet normal 0 0 -1
    outer loop
      vertex 345.90343424734806 -3.9445486544391755 20.25
      vertex 354.51162578112456 -4.504192317561882 20.25
      vertex 345.48837421887544 -4.504192317561882 20.25
    endloop
  endfacet
  facet normal 0 0 -1
    outer loop
      vertex 346.2616409768733 -3.346916831464583 20.25
      vertex 354.09656575265194 -3.9445486544391755 20.25
      vertex 345.90343424734806 -3.9445486544391755 20.25
    endloop
  endfacet
  facet normal 0 0 -1
    outer loop
      vertex 354.97954185357554 -5.020458146424487 20.25
      vertex 345.48837421887544 -4.504192317561882 20.25
      vertex 354.51162578112456 -4.504192317561882 20.25
    endloop
  endfacet
  facet normal 0 0 -1
    outer loop
      vertex 345.90343424734806 -3.9445486544391755 20.25
      vertex 354.09656575265194 -3.9445486544391755 20.25
      vertex 354.51162578112456 -4.504192317561882 20.25
    endloop
  endfacet
  facet normal 0 0 -1
    outer loop
      vertex 354.09656575265194 -3.9445486544391755 20.25
      vertex 346.2616409768733 -3.346916831464583 20.25
      vertex 353.7383590231267 -3.346916831464583 20.25
    endloop
  endfacet
  facet normal -0.5141027441932049 0.8577286100002821 0
    outer loop
      vertex 343.34691683146457 -6.261640976873321 20.25
      vertex 343.34691683146457 -6.261640976873321 25.25
      vertex 343.9445486544392 -5.903434247348071 20.25
    endloop
  endfacet
  facet normal -0.5956993044924381 0.8032075314806414 0
    outer loop
      vertex 343.9445486544392 -5.903434247348071 20.25
      vertex 343.9445486544392 -5.903434247348071 25.25
      vertex 344.5041923175619 -5.488374218875433 20.25
    endloop
  endfacet
  facet normal -0.6715589548470419 0.7409511253549379 0
    outer loop
      vertex 344.5041923175619 -5.488374218875433 20.25
      vertex 344.5041923175619 -5.488374218875433 25.25
      vertex 345.02045814642446 -5.020458146424487 20.25
    endloop
  endfacet
  facet normal -0.7409511253549376 0.6715589548470421 0
    outer loop
      vertex 345.02045814642446 -5.020458146424487 20.25
      vertex 345.02045814642446 -5.020458146424487 25.25
      vertex 345.48837421887544 -4.504192317561882 20.25
    endloop
  endfacet
  facet normal -0.803207531480655 0.5956993044924198 0
    outer loop
      vertex 345.90343424734806 -3.9445486544391755 20.25
      vertex 345.48837421887544 -4.504192317561882 20.25
      vertex 345.48837421887544 -4.504192317561882 25.25
    endloop
  endfacet
  facet normal -0.8577286100002717 0.5141027441932223 0
    outer loop
      vertex 346.2616409768733 -3.346916831464583 20.25
      vertex 345.90343424734806 -3.9445486544391755 20.25
      vertex 345.90343424734806 -3.9445486544391755 25.25
    endloop
  endfacet
  facet normal 0 0 -1
    outer loop
      vertex 346.55954468083013 -2.717052369792137 20.25
      vertex 353.7383590231267 -3.346916831464583 20.25
      vertex 346.2616409768733 -3.346916831464583 20.25
    endloop
  endfacet
  facet normal 0 0 -1
    outer loop
      vertex 346.7942763836987 -2.0610212085066824 20.25
      vertex 353.44045531916987 -2.717052369792137 20.25
      vertex 346.55954468083013 -2.717052369792137 20.25
    endloop
  endfacet
  facet normal 0 0 -1
    outer loop
      vertex 346.9635754908629 -1.3851412863145105 20.25
      vertex 353.2057236163013 -2.0610212085066824 20.25
      vertex 346.7942763836987 -2.0610212085066824 20.25
    endloop
  endfacet
  facet normal 0 0 -1
    outer loop
      vertex 346.55954468083013 -2.717052369792137 20.25
      vertex 353.44045531916987 -2.717052369792137 20.25
      vertex 353.7383590231267 -3.346916831464583 20.25
    endloop
  endfacet
  facet normal 0 0 -1
    outer loop
      vertex 353.44045531916987 -2.717052369792137 20.25
      vertex 346.7942763836987 -2.0610212085066824 20.25
      vertex 353.2057236163013 -2.0610212085066824 20.25
    endloop
  endfacet
  facet normal 0 0 -1
    outer loop
      vertex 346.9635754908629 -1.3851412863145105 20.25
      vertex 353.0364245091371 -1.3851412863145105 20.25
      vertex 353.2057236163013 -2.0610212085066824 20.25
    endloop
  endfacet
  facet normal 0 0 -1
    outer loop
      vertex 347.0658115593726 -0.6959216963398802 20.25
      vertex 353.0364245091371 -1.3851412863145105 20.25
      vertex 346.9635754908629 -1.3851412863145105 20.25
    endloop
  endfacet
  facet normal 0 0 -1
    outer loop
      vertex 352.9341884406274 -0.6959216963398802 20.25
      vertex 347.0658115593726 -0.6959216963398802 20.25
      vertex 347.1 0 20.25
    endloop
  endfacet
  facet normal 0 0 -1
    outer loop
      vertex 353.0364245091371 -1.3851412863145105 20.25
      vertex 347.0658115593726 -0.6959216963398802 20.25
      vertex 352.9341884406274 -0.6959216963398802 20.25
    endloop
  endfacet
  facet normal 0 0 -1
    outer loop
      vertex 352.9341884406274 -0.6959216963398802 20.25
      vertex 347.1 0 20.25
      vertex 352.9 0 20.25
    endloop
  endfacet
  facet normal -0.9039892931234408 0.4275550934302873 0
    outer loop
      vertex 346.55954468083013 -2.717052369792137 20.25
      vertex 346.2616409768733 -3.346916831464583 20.25
      vertex 346.2616409768733 -3.346916831464583 25.25
    endloop
  endfacet
  facet normal -0.9415440651830222 0.33688985339221594 0
    outer loop
      vertex 346.7942763836987 -2.0610212085066824 20.25
      vertex 346.55954468083013 -2.717052369792137 20.25
      vertex 346.55954468083013 -2.717052369792137 25.25
    endloop
  endfacet
  facet normal -0.9700312531945452 0.242980179903259 0
    outer loop
      vertex 346.9635754908629 -1.3851412863145105 20.25
      vertex 346.7942763836987 -2.0610212085066824 20.25
      vertex 346.7942763836987 -2.0610212085066824 25.25
    endloop
  endfacet
  facet normal -0.9891765099647766 0.14673047445539142 0
    outer loop
      vertex 347.0658115593726 -0.6959216963398802 20.25
      vertex 346.9635754908629 -1.3851412863145105 20.25
      vertex 346.9635754908629 -1.3851412863145105 25.25
    endloop
  endfacet
  facet normal -0.9987954562051713 0.04906767432744013 0
    outer loop
      vertex 347.0658115593726 -0.6959216963398802 20.25
      vertex 347.0658115593726 -0.6959216963398802 25.25
      vertex 347.1 0 20.25
    endloop
  endfacet
  facet normal 0.6715589548470419 0.7409511253549379 0
    outer loop
      vertex 335.4958076824381 -5.488374218875433 20.25
      vertex 334.97954185357554 -5.020458146424487 25.25
      vertex 335.4958076824381 -5.488374218875433 25.25
    endloop
  endfacet
  facet normal 0.7409511253549376 0.6715589548470421 0
    outer loop
      vertex 334.97954185357554 -5.020458146424487 20.25
      vertex 334.51162578112456 -4.504192317561882 25.25
      vertex 334.97954185357554 -5.020458146424487 25.25
    endloop
  endfacet
  facet normal 0.803207531480655 0.5956993044924198 0
    outer loop
      vertex 334.51162578112456 -4.504192317561882 20.25
      vertex 334.09656575265194 -3.9445486544391755 25.25
      vertex 334.51162578112456 -4.504192317561882 25.25
    endloop
  endfacet
  facet normal 0.8577286100002717 0.5141027441932223 0
    outer loop
      vertex 334.09656575265194 -3.9445486544391755 20.25
      vertex 333.7383590231267 -3.346916831464583 25.25
      vertex 334.09656575265194 -3.9445486544391755 25.25
    endloop
  endfacet
  facet normal 0.5141027441932049 0.8577286100002821 0
    outer loop
      vertex 336.65308316853543 -6.261640976873321 20.25
      vertex 336.0554513455608 -5.903434247348071 25.25
      vertex 336.65308316853543 -6.261640976873321 25.25
    endloop
  endfacet
  facet normal 0.5956993044924381 0.8032075314806414 0
    outer loop
      vertex 336.0554513455608 -5.903434247348071 20.25
      vertex 335.4958076824381 -5.488374218875433 25.25
      vertex 336.0554513455608 -5.903434247348071 25.25
    endloop
  endfacet
  facet normal 0.9039892931234408 0.4275550934302873 0
    outer loop
      vertex 333.7383590231267 -3.346916831464583 20.25
      vertex 333.44045531916987 -2.717052369792137 25.25
      vertex 333.7383590231267 -3.346916831464583 25.25
    endloop
  endfacet
  facet normal 0.9415440651830222 0.33688985339221594 0
    outer loop
      vertex 333.44045531916987 -2.717052369792137 20.25
      vertex 333.2057236163013 -2.0610212085066824 25.25
      vertex 333.44045531916987 -2.717052369792137 25.25
    endloop
  endfacet
  facet normal 0.9700312531945452 0.242980179903259 0
    outer loop
      vertex 333.2057236163013 -2.0610212085066824 20.25
      vertex 333.0364245091371 -1.3851412863145105 25.25
      vertex 333.2057236163013 -2.0610212085066824 25.25
    endloop
  endfacet
  facet normal 0.9987954562051713 0.04906767432744013 0
    outer loop
      vertex 332.9341884406274 -0.6959216963398802 20.25
      vertex 332.9 0 25.25
      vertex 332.9341884406274 -0.6959216963398802 25.25
    endloop
  endfacet
  facet normal 0.9891765099647766 0.14673047445539142 0
    outer loop
      vertex 333.0364245091371 -1.3851412863145105 20.25
      vertex 332.9341884406274 -0.6959216963398802 25.25
      vertex 333.0364245091371 -1.3851412863145105 25.25
    endloop
  endfacet
  facet normal 0 0 1
    outer loop
      vertex 330.25 -20.25 25.25
      vertex 332.9341884406274 -0.6959216963398802 25.25
      vertex 330.25 20.25 25.25
    endloop
  endfacet
  facet normal -0.5141027441932049 0.8577286100002821 0
    outer loop
      vertex 343.9445486544392 -5.903434247348071 20.25
      vertex 343.34691683146457 -6.261640976873321 25.25
      vertex 343.9445486544392 -5.903434247348071 25.25
    endloop
  endfacet
  facet normal -0.5956993044924381 0.8032075314806414 0
    outer loop
      vertex 344.5041923175619 -5.488374218875433 20.25
      vertex 343.9445486544392 -5.903434247348071 25.25
      vertex 344.5041923175619 -5.488374218875433 25.25
    endloop
  endfacet
  facet normal -0.6715589548470419 0.7409511253549379 0
    outer loop
      vertex 345.02045814642446 -5.020458146424487 20.25
      vertex 344.5041923175619 -5.488374218875433 25.25
      vertex 345.02045814642446 -5.020458146424487 25.25
    endloop
  endfacet
  facet normal -0.7409511253549376 0.6715589548470421 0
    outer loop
      vertex 345.48837421887544 -4.504192317561882 20.25
      vertex 345.02045814642446 -5.020458146424487 25.25
      vertex 345.48837421887544 -4.504192317561882 25.25
    endloop
  endfacet
  facet normal -0.803207531480655 0.5956993044924198 0
    outer loop
      vertex 345.90343424734806 -3.9445486544391755 20.25
      vertex 345.48837421887544 -4.504192317561882 25.25
      vertex 345.90343424734806 -3.9445486544391755 25.25
    endloop
  endfacet
  facet normal -0.8577286100002717 0.5141027441932223 0
    outer loop
      vertex 346.2616409768733 -3.346916831464583 20.25
      vertex 345.90343424734806 -3.9445486544391755 25.25
      vertex 346.2616409768733 -3.346916831464583 25.25
    endloop
  endfacet
  facet normal 0 0 1
    outer loop
      vertex 343.9445486544392 -5.903434247348071 25.25
      vertex 343.34691683146457 -6.261640976873321 25.25
      vertex 356.0554513455608 -5.903434247348071 25.25
    endloop
  endfacet
  facet normal 0 0 1
    outer loop
      vertex 344.5041923175619 -5.488374218875433 25.25
      vertex 343.9445486544392 -5.903434247348071 25.25
      vertex 355.4958076824381 -5.488374218875433 25.25
    endloop
  endfacet
  facet normal 0 0 1
    outer loop
      vertex 345.02045814642446 -5.020458146424487 25.25
      vertex 344.5041923175619 -5.488374218875433 25.25
      vertex 354.97954185357554 -5.020458146424487 25.25
    endloop
  endfacet
  facet normal 0 0 1
    outer loop
      vertex 343.34691683146457 -6.261640976873321 25.25
      vertex 356.65308316853543 -6.261640976873321 25.25
      vertex 356.0554513455608 -5.903434247348071 25.25
    endloop
  endfacet
  facet normal 0 0 1
    outer loop
      vertex 343.9445486544392 -5.903434247348071 25.25
      vertex 356.0554513455608 -5.903434247348071 25.25
      vertex 355.4958076824381 -5.488374218875433 25.25
    endloop
  endfacet
  facet normal 0 0 1
    outer loop
      vertex 344.5041923175619 -5.488374218875433 25.25
      vertex 355.4958076824381 -5.488374218875433 25.25
      vertex 354.97954185357554 -5.020458146424487 25.25
    endloop
  endfacet
  facet normal 0 0 1
    outer loop
      vertex 345.02045814642446 -5.020458146424487 25.25
      vertex 354.97954185357554 -5.020458146424487 25.25
      vertex 354.51162578112456 -4.504192317561882 25.25
    endloop
  endfacet
  facet normal 0 0 1
    outer loop
      vertex 345.02045814642446 -5.020458146424487 25.25
      vertex 354.51162578112456 -4.504192317561882 25.25
      vertex 345.48837421887544 -4.504192317561882 25.25
    endloop
  endfacet
  facet normal 0 0 1
    outer loop
      vertex 345.48837421887544 -4.504192317561882 25.25
      vertex 354.09656575265194 -3.9445486544391755 25.25
      vertex 345.90343424734806 -3.9445486544391755 25.25
    endloop
  endfacet
  facet normal 0 0 1
    outer loop
      vertex 345.90343424734806 -3.9445486544391755 25.25
      vertex 353.7383590231267 -3.346916831464583 25.25
      vertex 346.2616409768733 -3.346916831464583 25.25
    endloop
  endfacet
  facet normal 0 0 1
    outer loop
      vertex 345.48837421887544 -4.504192317561882 25.25
      vertex 354.51162578112456 -4.504192317561882 25.25
      vertex 354.09656575265194 -3.9445486544391755 25.25
    endloop
  endfacet
  facet normal 0 0 1
    outer loop
      vertex 345.90343424734806 -3.9445486544391755 25.25
      vertex 354.09656575265194 -3.9445486544391755 25.25
      vertex 353.7383590231267 -3.346916831464583 25.25
    endloop
  endfacet
  facet normal -0.9039892931234408 0.4275550934302873 0
    outer loop
      vertex 346.55954468083013 -2.717052369792137 20.25
      vertex 346.2616409768733 -3.346916831464583 25.25
      vertex 346.55954468083013 -2.717052369792137 25.25
    endloop
  endfacet
  facet normal -0.9415440651830222 0.33688985339221594 0
    outer loop
      vertex 346.7942763836987 -2.0610212085066824 20.25
      vertex 346.55954468083013 -2.717052369792137 25.25
      vertex 346.7942763836987 -2.0610212085066824 25.25
    endloop
  endfacet
  facet normal -0.9700312531945452 0.242980179903259 0
    outer loop
      vertex 346.9635754908629 -1.3851412863145105 20.25
      vertex 346.7942763836987 -2.0610212085066824 25.25
      vertex 346.9635754908629 -1.3851412863145105 25.25
    endloop
  endfacet
  facet normal -0.9891765099647766 0.14673047445539142 0
    outer loop
      vertex 347.0658115593726 -0.6959216963398802 20.25
      vertex 346.9635754908629 -1.3851412863145105 25.25
      vertex 347.0658115593726 -0.6959216963398802 25.25
    endloop
  endfacet
  facet normal -0.9987954562051713 0.04906767432744013 0
    outer loop
      vertex 347.1 0 25.25
      vertex 347.1 0 20.25
      vertex 347.0658115593726 -0.6959216963398802 25.25
    endloop
  endfacet
  facet normal 0 0 1
    outer loop
      vertex 346.2616409768733 -3.346916831464583 25.25
      vertex 353.44045531916987 -2.717052369792137 25.25
      vertex 346.55954468083013 -2.717052369792137 25.25
    endloop
  endfacet
  facet normal 0 0 1
    outer loop
      vertex 346.55954468083013 -2.717052369792137 25.25
      vertex 353.2057236163013 -2.0610212085066824 25.25
      vertex 346.7942763836987 -2.0610212085066824 25.25
    endloop
  endfacet
  facet normal 0 0 1
    outer loop
      vertex 346.7942763836987 -2.0610212085066824 25.25
      vertex 353.0364245091371 -1.3851412863145105 25.25
      vertex 346.9635754908629 -1.3851412863145105 25.25
    endloop
  endfacet
  facet normal 0 0 1
    outer loop
      vertex 346.2616409768733 -3.346916831464583 25.25
      vertex 353.7383590231267 -3.346916831464583 25.25
      vertex 353.44045531916987 -2.717052369792137 25.25
    endloop
  endfacet
  facet normal 0 0 1
    outer loop
      vertex 346.55954468083013 -2.717052369792137 25.25
      vertex 353.44045531916987 -2.717052369792137 25.25
      vertex 353.2057236163013 -2.0610212085066824 25.25
    endloop
  endfacet
  facet normal 0 0 1
    outer loop
      vertex 346.7942763836987 -2.0610212085066824 25.25
      vertex 353.2057236163013 -2.0610212085066824 25.25
      vertex 353.0364245091371 -1.3851412863145105 25.25
    endloop
  endfacet
  facet normal 0 0 1
    outer loop
      vertex 346.9635754908629 -1.3851412863145105 25.25
      vertex 352.9341884406274 -0.6959216963398802 25.25
      vertex 347.0658115593726 -0.6959216963398802 25.25
    endloop
  endfacet
  facet normal 0 0 1
    outer loop
      vertex 347.1 0 25.25
      vertex 347.0658115593726 -0.6959216963398802 25.25
      vertex 352.9 0 25.25
    endloop
  endfacet
  facet normal 0 0 1
    outer loop
      vertex 346.9635754908629 -1.3851412863145105 25.25
      vertex 353.0364245091371 -1.3851412863145105 25.25
      vertex 352.9341884406274 -0.6959216963398802 25.25
    endloop
  endfacet
  facet normal 0 0 1
    outer loop
      vertex 352.9 0 25.25
      vertex 347.0658115593726 -0.6959216963398802 25.25
      vertex 352.9341884406274 -0.6959216963398802 25.25
    endloop
  endfacet
  facet normal 0 0 -1
    outer loop
      vertex 330.25 -20.25 20.25
      vertex 361.38514128631454 -6.963575490862936 20.25
      vertex 378.61485871368546 -6.963575490862936 20.25
    endloop
  endfacet
  facet normal 0 0 -1
    outer loop
      vertex 330.25 -20.25 20.25
      vertex 378.61485871368546 -6.963575490862936 20.25
      vertex 379.3040783036601 -7.065811559372598 20.25
    endloop
  endfacet
  facet normal 0 0 -1
    outer loop
      vertex 356.65308316853543 -6.261640976873321 20.25
      vertex 357.28294763020784 -6.559544680830135 20.25
      vertex 343.34691683146457 -6.261640976873321 20.25
    endloop
  endfacet
  facet normal 0.4275550934303 0.9039892931234349 0
    outer loop
      vertex 356.65308316853543 -6.261640976873321 20.25
      vertex 356.65308316853543 -6.261640976873321 25.25
      vertex 357.28294763020784 -6.559544680830135 20.25
    endloop
  endfacet
  facet normal 0.3368898533922205 0.9415440651830206 0
    outer loop
      vertex 357.28294763020784 -6.559544680830135 20.25
      vertex 357.28294763020784 -6.559544680830135 25.25
      vertex 357.9389787914933 -6.794276383698683 20.25
    endloop
  endfacet
  facet normal 0.24298017990326568 0.9700312531945436 0
    outer loop
      vertex 357.9389787914933 -6.794276383698683 20.25
      vertex 357.9389787914933 -6.794276383698683 25.25
      vertex 358.61485871368546 -6.963575490862936 20.25
    endloop
  endfacet
  facet normal 0.14673047445536047 0.9891765099647811 0
    outer loop
      vertex 358.61485871368546 -6.963575490862936 20.25
      vertex 358.61485871368546 -6.963575490862936 25.25
      vertex 359.3040783036601 -7.065811559372598 20.25
    endloop
  endfacet
  facet normal 0.04906767432741624 0.9987954562051725 0
    outer loop
      vertex 359.3040783036601 -7.065811559372598 20.25
      vertex 359.3040783036601 -7.065811559372598 25.25
      vertex 360 -7.1 20.25
    endloop
  endfacet
  facet normal -0.04906767432741624 0.9987954562051725 0
    outer loop
      vertex 360 -7.1 20.25
      vertex 360 -7.1 25.25
      vertex 360.6959216963399 -7.065811559372598 20.25
    endloop
  endfacet
  facet normal -0.14673047445536047 0.9891765099647811 0
    outer loop
      vertex 360.6959216963399 -7.065811559372598 20.25
      vertex 360.6959216963399 -7.065811559372598 25.25
      vertex 361.38514128631454 -6.963575490862936 20.25
    endloop
  endfacet
  facet normal -0.24298017990326568 0.9700312531945436 0
    outer loop
      vertex 361.38514128631454 -6.963575490862936 20.25
      vertex 361.38514128631454 -6.963575490862936 25.25
      vertex 362.0610212085067 -6.794276383698683 20.25
    endloop
  endfacet
  facet normal -0.3368898533922205 0.9415440651830206 0
    outer loop
      vertex 362.0610212085067 -6.794276383698683 20.25
      vertex 362.0610212085067 -6.794276383698683 25.25
      vertex 362.71705236979216 -6.559544680830135 20.25
    endloop
  endfacet
  facet normal -0.4275550934303 0.9039892931234349 0
    outer loop
      vertex 362.71705236979216 -6.559544680830135 20.25
      vertex 362.71705236979216 -6.559544680830135 25.25
      vertex 363.34691683146457 -6.261640976873321 20.25
    endloop
  endfacet
  facet normal 0 0 -1
    outer loop
      vertex 330.25 -20.25 20.25
      vertex 379.3040783036601 -7.065811559372598 20.25
      vertex 380 -7.1 20.25
    endloop
  endfacet
  facet normal 0 0 -1
    outer loop
      vertex 330.25 -20.25 20.25
      vertex 380 -7.1 20.25
      vertex 380.6959216963399 -7.065811559372598 20.25
    endloop
  endfacet
  facet normal 0 0 -1
    outer loop
      vertex 330.25 -20.25 20.25
      vertex 380.6959216963399 -7.065811559372598 20.25
      vertex 400 -7.1 20.25
    endloop
  endfacet
  facet normal 0 0 -1
    outer loop
      vertex 361.38514128631454 -6.963575490862936 20.25
      vertex 362.0610212085067 -6.794276383698683 20.25
      vertex 378.61485871368546 -6.963575490862936 20.25
    endloop
  endfacet
  facet normal 0 0 -1
    outer loop
      vertex 362.0610212085067 -6.794276383698683 20.25
      vertex 362.71705236979216 -6.559544680830135 20.25
      vertex 377.9389787914933 -6.794276383698683 20.25
    endloop
  endfacet
  facet normal 0 0 -1
    outer loop
      vertex 362.71705236979216 -6.559544680830135 20.25
      vertex 363.34691683146457 -6.261640976873321 20.25
      vertex 377.28294763020784 -6.559544680830135 20.25
    endloop
  endfacet
  facet normal 0 0 -1
    outer loop
      vertex 376.65308316853543 -6.261640976873321 20.25
      vertex 377.28294763020784 -6.559544680830135 20.25
      vertex 363.34691683146457 -6.261640976873321 20.25
    endloop
  endfacet
  facet normal 0 0 -1
    outer loop
      vertex 377.9389787914933 -6.794276383698683 20.25
      vertex 378.61485871368546 -6.963575490862936 20.25
      vertex 362.0610212085067 -6.794276383698683 20.25
    endloop
  endfacet
  facet normal 0 0 -1
    outer loop
      vertex 377.28294763020784 -6.559544680830135 20.25
      vertex 377.9389787914933 -6.794276383698683 20.25
      vertex 362.71705236979216 -6.559544680830135 20.25
    endloop
  endfacet
  facet normal 0 0 1
    outer loop
      vertex 330.25 -20.25 25.25
      vertex 378.61485871368546 -6.963575490862936 25.25
      vertex 361.38514128631454 -6.963575490862936 25.25
    endloop
  endfacet
  facet normal 0 0 1
    outer loop
      vertex 330.25 -20.25 25.25
      vertex 379.3040783036601 -7.065811559372598 25.25
      vertex 378.61485871368546 -6.963575490862936 25.25
    endloop
  endfacet
  facet normal 0.4275550934303 0.9039892931234349 0
    outer loop
      vertex 357.28294763020784 -6.559544680830135 20.25
      vertex 356.65308316853543 -6.261640976873321 25.25
      vertex 357.28294763020784 -6.559544680830135 25.25
    endloop
  endfacet
  facet normal 0.3368898533922205 0.9415440651830206 0
    outer loop
      vertex 357.9389787914933 -6.794276383698683 20.25
      vertex 357.28294763020784 -6.559544680830135 25.25
      vertex 357.9389787914933 -6.794276383698683 25.25
    endloop
  endfacet
  facet normal 0.24298017990326568 0.9700312531945436 0
    outer loop
      vertex 358.61485871368546 -6.963575490862936 20.25
      vertex 357.9389787914933 -6.794276383698683 25.25
      vertex 358.61485871368546 -6.963575490862936 25.25
    endloop
  endfacet
  facet normal 0.14673047445536047 0.9891765099647811 0
    outer loop
      vertex 359.3040783036601 -7.065811559372598 20.25
      vertex 358.61485871368546 -6.963575490862936 25.25
      vertex 359.3040783036601 -7.065811559372598 25.25
    endloop
  endfacet
  facet normal 0.04906767432741624 0.9987954562051725 0
    outer loop
      vertex 360 -7.1 20.25
      vertex 359.3040783036601 -7.065811559372598 25.25
      vertex 360 -7.1 25.25
    endloop
  endfacet
  facet normal -0.04906767432741624 0.9987954562051725 0
    outer loop
      vertex 360.6959216963399 -7.065811559372598 20.25
      vertex 360 -7.1 25.25
      vertex 360.6959216963399 -7.065811559372598 25.25
    endloop
  endfacet
  facet normal -0.14673047445536047 0.9891765099647811 0
    outer loop
      vertex 361.38514128631454 -6.963575490862936 20.25
      vertex 360.6959216963399 -7.065811559372598 25.25
      vertex 361.38514128631454 -6.963575490862936 25.25
    endloop
  endfacet
  facet normal -0.24298017990326568 0.9700312531945436 0
    outer loop
      vertex 362.0610212085067 -6.794276383698683 20.25
      vertex 361.38514128631454 -6.963575490862936 25.25
      vertex 362.0610212085067 -6.794276383698683 25.25
    endloop
  endfacet
  facet normal -0.3368898533922205 0.9415440651830206 0
    outer loop
      vertex 362.71705236979216 -6.559544680830135 20.25
      vertex 362.0610212085067 -6.794276383698683 25.25
      vertex 362.71705236979216 -6.559544680830135 25.25
    endloop
  endfacet
  facet normal 0 0 1
    outer loop
      vertex 341.38514128631454 -6.963575490862936 25.25
      vertex 358.61485871368546 -6.963575490862936 25.25
      vertex 357.9389787914933 -6.794276383698683 25.25
    endloop
  endfacet
  facet normal 0 0 1
    outer loop
      vertex 342.0610212085067 -6.794276383698683 25.25
      vertex 357.9389787914933 -6.794276383698683 25.25
      vertex 357.28294763020784 -6.559544680830135 25.25
    endloop
  endfacet
  facet normal 0 0 1
    outer loop
      vertex 342.71705236979216 -6.559544680830135 25.25
      vertex 357.28294763020784 -6.559544680830135 25.25
      vertex 356.65308316853543 -6.261640976873321 25.25
    endloop
  endfacet
  facet normal 0 0 1
    outer loop
      vertex 330.25 -20.25 25.25
      vertex 380 -7.1 25.25
      vertex 379.3040783036601 -7.065811559372598 25.25
    endloop
  endfacet
  facet normal 0 0 1
    outer loop
      vertex 330.25 -20.25 25.25
      vertex 380.6959216963399 -7.065811559372598 25.25
      vertex 380 -7.1 25.25
    endloop
  endfacet
  facet normal 0 0 1
    outer loop
      vertex 330.25 -20.25 25.25
      vertex 381.38514128631454 -6.963575490862936 25.25
      vertex 380.6959216963399 -7.065811559372598 25.25
    endloop
  endfacet
  facet normal 0 0 1
    outer loop
      vertex 330.25 -20.25 25.25
      vertex 382.0610212085067 -6.794276383698683 25.25
      vertex 381.38514128631454 -6.963575490862936 25.25
    endloop
  endfacet
  facet normal 0 0 1
    outer loop
      vertex 330.25 -20.25 25.25
      vertex 394.51162578112456 -4.504192317561882 25.25
      vertex 382.0610212085067 -6.794276383698683 25.25
    endloop
  endfacet
  facet normal 0 0 1
    outer loop
      vertex 330.25 -20.25 25.25
      vertex 396.0554513455608 -5.903434247348071 25.25
      vertex 395.4958076824381 -5.488374218875433 25.25
    endloop
  endfacet
  facet normal 0 0 1
    outer loop
      vertex 330.25 -20.25 25.25
      vertex 394.97954185357554 -5.020458146424487 25.25
      vertex 394.51162578112456 -4.504192317561882 25.25
    endloop
  endfacet
  facet normal 0 0 1
    outer loop
      vertex 330.25 -20.25 25.25
      vertex 395.4958076824381 -5.488374218875433 25.25
      vertex 394.97954185357554 -5.020458146424487 25.25
    endloop
  endfacet
  facet normal -0.4275550934303 0.9039892931234349 0
    outer loop
      vertex 363.34691683146457 -6.261640976873321 20.25
      vertex 362.71705236979216 -6.559544680830135 25.25
      vertex 363.34691683146457 -6.261640976873321 25.25
    endloop
  endfacet
  facet normal 0 0 1
    outer loop
      vertex 362.0610212085067 -6.794276383698683 25.25
      vertex 361.38514128631454 -6.963575490862936 25.25
      vertex 377.9389787914933 -6.794276383698683 25.25
    endloop
  endfacet
  facet normal 0 0 1
    outer loop
      vertex 362.71705236979216 -6.559544680830135 25.25
      vertex 362.0610212085067 -6.794276383698683 25.25
      vertex 377.28294763020784 -6.559544680830135 25.25
    endloop
  endfacet
  facet normal 0 0 1
    outer loop
      vertex 363.34691683146457 -6.261640976873321 25.25
      vertex 362.71705236979216 -6.559544680830135 25.25
      vertex 376.65308316853543 -6.261640976873321 25.25
    endloop
  endfacet
  facet normal 0 0 1
    outer loop
      vertex 362.0610212085067 -6.794276383698683 25.25
      vertex 377.9389787914933 -6.794276383698683 25.25
      vertex 377.28294763020784 -6.559544680830135 25.25
    endloop
  endfacet
  facet normal 0 0 1
    outer loop
      vertex 362.71705236979216 -6.559544680830135 25.25
      vertex 377.28294763020784 -6.559544680830135 25.25
      vertex 376.65308316853543 -6.261640976873321 25.25
    endloop
  endfacet
  facet normal 0 0 1
    outer loop
      vertex 361.38514128631454 -6.963575490862936 25.25
      vertex 378.61485871368546 -6.963575490862936 25.25
      vertex 377.9389787914933 -6.794276383698683 25.25
    endloop
  endfacet
  facet normal 0 0 -1
    outer loop
      vertex 343.9445486544392 -5.903434247348071 20.25
      vertex 356.0554513455608 -5.903434247348071 20.25
      vertex 356.65308316853543 -6.261640976873321 20.25
    endloop
  endfacet
  facet normal 0.5956993044924381 0.8032075314806414 0
    outer loop
      vertex 355.4958076824381 -5.488374218875433 20.25
      vertex 355.4958076824381 -5.488374218875433 25.25
      vertex 356.0554513455608 -5.903434247348071 20.25
    endloop
  endfacet
  facet normal 0.5141027441932049 0.8577286100002821 0
    outer loop
      vertex 356.0554513455608 -5.903434247348071 20.25
      vertex 356.0554513455608 -5.903434247348071 25.25
      vertex 356.65308316853543 -6.261640976873321 20.25
    endloop
  endfacet
  facet normal 0.6715589548470419 0.7409511253549379 0
    outer loop
      vertex 355.4958076824381 -5.488374218875433 20.25
      vertex 354.97954185357554 -5.020458146424487 20.25
      vertex 354.97954185357554 -5.020458146424487 25.25
    endloop
  endfacet
  facet normal 0.7409511253549376 0.6715589548470421 0
    outer loop
      vertex 354.97954185357554 -5.020458146424487 20.25
      vertex 354.51162578112456 -4.504192317561882 20.25
      vertex 354.51162578112456 -4.504192317561882 25.25
    endloop
  endfacet
  facet normal 0.803207531480655 0.5956993044924198 0
    outer loop
      vertex 354.51162578112456 -4.504192317561882 20.25
      vertex 354.09656575265194 -3.9445486544391755 20.25
      vertex 354.09656575265194 -3.9445486544391755 25.25
    endloop
  endfacet
  facet normal 0.8577286100002717 0.5141027441932223 0
    outer loop
      vertex 354.09656575265194 -3.9445486544391755 20.25
      vertex 353.7383590231267 -3.346916831464583 20.25
      vertex 353.7383590231267 -3.346916831464583 25.25
    endloop
  endfacet
  facet normal 0.9039892931234408 0.4275550934302873 0
    outer loop
      vertex 353.7383590231267 -3.346916831464583 20.25
      vertex 353.44045531916987 -2.717052369792137 20.25
      vertex 353.44045531916987 -2.717052369792137 25.25
    endloop
  endfacet
  facet normal 0.9415440651830222 0.33688985339221594 0
    outer loop
      vertex 353.44045531916987 -2.717052369792137 20.25
      vertex 353.2057236163013 -2.0610212085066824 20.25
      vertex 353.2057236163013 -2.0610212085066824 25.25
    endloop
  endfacet
  facet normal 0.9700312531945452 0.242980179903259 0
    outer loop
      vertex 353.2057236163013 -2.0610212085066824 20.25
      vertex 353.0364245091371 -1.3851412863145105 20.25
      vertex 353.0364245091371 -1.3851412863145105 25.25
    endloop
  endfacet
  facet normal 0.9891765099647766 0.14673047445539142 0
    outer loop
      vertex 353.0364245091371 -1.3851412863145105 20.25
      vertex 352.9341884406274 -0.6959216963398802 20.25
      vertex 352.9341884406274 -0.6959216963398802 25.25
    endloop
  endfacet
  facet normal 0.9987954562051713 0.04906767432744013 0
    outer loop
      vertex 352.9341884406274 -0.6959216963398802 20.25
      vertex 352.9 0 20.25
      vertex 352.9 0 25.25
    endloop
  endfacet
  facet normal 0 0 -1
    outer loop
      vertex 363.34691683146457 -6.261640976873321 20.25
      vertex 363.9445486544392 -5.903434247348071 20.25
      vertex 376.65308316853543 -6.261640976873321 20.25
    endloop
  endfacet
  facet normal 0 0 -1
    outer loop
      vertex 363.9445486544392 -5.903434247348071 20.25
      vertex 364.5041923175619 -5.488374218875433 20.25
      vertex 376.0554513455608 -5.903434247348071 20.25
    endloop
  endfacet
  facet normal 0 0 -1
    outer loop
      vertex 364.5041923175619 -5.488374218875433 20.25
      vertex 365.02045814642446 -5.020458146424487 20.25
      vertex 375.4958076824381 -5.488374218875433 20.25
    endloop
  endfacet
  facet normal 0 0 -1
    outer loop
      vertex 365.02045814642446 -5.020458146424487 20.25
      vertex 365.48837421887544 -4.504192317561882 20.25
      vertex 374.97954185357554 -5.020458146424487 20.25
    endloop
  endfacet
  facet normal 0 0 -1
    outer loop
      vertex 363.9445486544392 -5.903434247348071 20.25
      vertex 376.0554513455608 -5.903434247348071 20.25
      vertex 376.65308316853543 -6.261640976873321 20.25
    endloop
  endfacet
  facet normal 0 0 -1
    outer loop
      vertex 364.5041923175619 -5.488374218875433 20.25
      vertex 375.4958076824381 -5.488374218875433 20.25
      vertex 376.0554513455608 -5.903434247348071 20.25
    endloop
  endfacet
  facet normal 0 0 -1
    outer loop
      vertex 365.02045814642446 -5.020458146424487 20.25
      vertex 374.97954185357554 -5.020458146424487 20.25
      vertex 375.4958076824381 -5.488374218875433 20.25
    endloop
  endfacet
  facet normal 0 0 -1
    outer loop
      vertex 365.90343424734806 -3.9445486544391755 20.25
      vertex 374.51162578112456 -4.504192317561882 20.25
      vertex 365.48837421887544 -4.504192317561882 20.25
    endloop
  endfacet
  facet normal 0 0 -1
    outer loop
      vertex 366.2616409768733 -3.346916831464583 20.25
      vertex 374.09656575265194 -3.9445486544391755 20.25
      vertex 365.90343424734806 -3.9445486544391755 20.25
    endloop
  endfacet
  facet normal 0 0 -1
    outer loop
      vertex 374.97954185357554 -5.020458146424487 20.25
      vertex 365.48837421887544 -4.504192317561882 20.25
      vertex 374.51162578112456 -4.504192317561882 20.25
    endloop
  endfacet
  facet normal 0 0 -1
    outer loop
      vertex 365.90343424734806 -3.9445486544391755 20.25
      vertex 374.09656575265194 -3.9445486544391755 20.25
      vertex 374.51162578112456 -4.504192317561882 20.25
    endloop
  endfacet
  facet normal 0 0 -1
    outer loop
      vertex 374.09656575265194 -3.9445486544391755 20.25
      vertex 366.2616409768733 -3.346916831464583 20.25
      vertex 373.7383590231267 -3.346916831464583 20.25
    endloop
  endfacet
  facet normal -0.5141027441932049 0.8577286100002821 0
    outer loop
      vertex 363.34691683146457 -6.261640976873321 20.25
      vertex 363.34691683146457 -6.261640976873321 25.25
      vertex 363.9445486544392 -5.903434247348071 20.25
    endloop
  endfacet
  facet normal -0.5956993044924381 0.8032075314806414 0
    outer loop
      vertex 363.9445486544392 -5.903434247348071 20.25
      vertex 363.9445486544392 -5.903434247348071 25.25
      vertex 364.5041923175619 -5.488374218875433 20.25
    endloop
  endfacet
  facet normal -0.6715589548470419 0.7409511253549379 0
    outer loop
      vertex 364.5041923175619 -5.488374218875433 20.25
      vertex 364.5041923175619 -5.488374218875433 25.25
      vertex 365.02045814642446 -5.020458146424487 20.25
    endloop
  endfacet
  facet normal -0.7409511253549376 0.6715589548470421 0
    outer loop
      vertex 365.02045814642446 -5.020458146424487 20.25
      vertex 365.02045814642446 -5.020458146424487 25.25
      vertex 365.48837421887544 -4.504192317561882 20.25
    endloop
  endfacet
  facet normal -0.803207531480655 0.5956993044924198 0
    outer loop
      vertex 365.90343424734806 -3.9445486544391755 20.25
      vertex 365.48837421887544 -4.504192317561882 20.25
      vertex 365.48837421887544 -4.504192317561882 25.25
    endloop
  endfacet
  facet normal -0.8577286100002717 0.5141027441932223 0
    outer loop
      vertex 366.2616409768733 -3.346916831464583 20.25
      vertex 365.90343424734806 -3.9445486544391755 20.25
      vertex 365.90343424734806 -3.9445486544391755 25.25
    endloop
  endfacet
  facet normal 0.8577286100002717 0.5141027441932223 0
    outer loop
      vertex 374.09656575265194 -3.9445486544391755 20.25
      vertex 373.7383590231267 -3.346916831464583 20.25
      vertex 373.7383590231267 -3.346916831464583 25.25
    endloop
  endfacet
  facet normal 0 0 -1
    outer loop
      vertex 366.55954468083013 -2.717052369792137 20.25
      vertex 373.7383590231267 -3.346916831464583 20.25
      vertex 366.2616409768733 -3.346916831464583 20.25
    endloop
  endfacet
  facet normal 0 0 -1
    outer loop
      vertex 366.7942763836987 -2.0610212085066824 20.25
      vertex 373.44045531916987 -2.717052369792137 20.25
      vertex 366.55954468083013 -2.717052369792137 20.25
    endloop
  endfacet
  facet normal 0 0 -1
    outer loop
      vertex 366.55954468083013 -2.717052369792137 20.25
      vertex 373.44045531916987 -2.717052369792137 20.25
      vertex 373.7383590231267 -3.346916831464583 20.25
    endloop
  endfacet
  facet normal 0 0 -1
    outer loop
      vertex 366.9635754908629 -1.3851412863145105 20.25
      vertex 373.2057236163013 -2.0610212085066824 20.25
      vertex 366.7942763836987 -2.0610212085066824 20.25
    endloop
  endfacet
  facet normal 0 0 -1
    outer loop
      vertex 373.44045531916987 -2.717052369792137 20.25
      vertex 366.7942763836987 -2.0610212085066824 20.25
      vertex 373.2057236163013 -2.0610212085066824 20.25
    endloop
  endfacet
  facet normal 0 0 -1
    outer loop
      vertex 366.9635754908629 -1.3851412863145105 20.25
      vertex 373.0364245091371 -1.3851412863145105 20.25
      vertex 373.2057236163013 -2.0610212085066824 20.25
    endloop
  endfacet
  facet normal 0 0 -1
    outer loop
      vertex 367.0658115593726 -0.6959216963398802 20.25
      vertex 373.0364245091371 -1.3851412863145105 20.25
      vertex 366.9635754908629 -1.3851412863145105 20.25
    endloop
  endfacet
  facet normal 0 0 -1
    outer loop
      vertex 373.0364245091371 -1.3851412863145105 20.25
      vertex 367.0658115593726 -0.6959216963398802 20.25
      vertex 372.9341884406274 -0.6959216963398802 20.25
    endloop
  endfacet
  facet normal 0 0 -1
    outer loop
      vertex 372.9341884406274 -0.6959216963398802 20.25
      vertex 367.0658115593726 -0.6959216963398802 20.25
      vertex 367.1 0 20.25
    endloop
  endfacet
  facet normal 0 0 -1
    outer loop
      vertex 372.9341884406274 -0.6959216963398802 20.25
      vertex 367.1 0 20.25
      vertex 372.9 0 20.25
    endloop
  endfacet
  facet normal -0.9039892931234408 0.4275550934302873 0
    outer loop
      vertex 366.55954468083013 -2.717052369792137 20.25
      vertex 366.2616409768733 -3.346916831464583 20.25
      vertex 366.2616409768733 -3.346916831464583 25.25
    endloop
  endfacet
  facet normal -0.9415440651830222 0.33688985339221594 0
    outer loop
      vertex 366.7942763836987 -2.0610212085066824 20.25
      vertex 366.55954468083013 -2.717052369792137 20.25
      vertex 366.55954468083013 -2.717052369792137 25.25
    endloop
  endfacet
  facet normal -0.9700312531945452 0.242980179903259 0
    outer loop
      vertex 366.9635754908629 -1.3851412863145105 20.25
      vertex 366.7942763836987 -2.0610212085066824 20.25
      vertex 366.7942763836987 -2.0610212085066824 25.25
    endloop
  endfacet
  facet normal -0.9891765099647766 0.14673047445539142 0
    outer loop
      vertex 367.0658115593726 -0.6959216963398802 20.25
      vertex 366.9635754908629 -1.3851412863145105 20.25
      vertex 366.9635754908629 -1.3851412863145105 25.25
    endloop
  endfacet
  facet normal -0.9987954562051713 0.04906767432744013 0
    outer loop
      vertex 367.0658115593726 -0.6959216963398802 20.25
      vertex 367.0658115593726 -0.6959216963398802 25.25
      vertex 367.1 0 20.25
    endloop
  endfacet
  facet normal 0.9039892931234408 0.4275550934302873 0
    outer loop
      vertex 373.7383590231267 -3.346916831464583 20.25
      vertex 373.44045531916987 -2.717052369792137 20.25
      vertex 373.44045531916987 -2.717052369792137 25.25
    endloop
  endfacet
  facet normal 0.9415440651830222 0.33688985339221594 0
    outer loop
      vertex 373.44045531916987 -2.717052369792137 20.25
      vertex 373.2057236163013 -2.0610212085066824 20.25
      vertex 373.2057236163013 -2.0610212085066824 25.25
    endloop
  endfacet
  facet normal 0.9700312531945452 0.242980179903259 0
    outer loop
      vertex 373.2057236163013 -2.0610212085066824 20.25
      vertex 373.0364245091371 -1.3851412863145105 20.25
      vertex 373.0364245091371 -1.3851412863145105 25.25
    endloop
  endfacet
  facet normal 0.9891765099647766 0.14673047445539142 0
    outer loop
      vertex 373.0364245091371 -1.3851412863145105 20.25
      vertex 372.9341884406274 -0.6959216963398802 20.25
      vertex 372.9341884406274 -0.6959216963398802 25.25
    endloop
  endfacet
  facet normal 0.9987954562051713 0.04906767432744013 0
    outer loop
      vertex 372.9341884406274 -0.6959216963398802 20.25
      vertex 372.9 0 20.25
      vertex 372.9 0 25.25
    endloop
  endfacet
  facet normal 0.7409511253549376 0.6715589548470421 0
    outer loop
      vertex 354.97954185357554 -5.020458146424487 20.25
      vertex 354.51162578112456 -4.504192317561882 25.25
      vertex 354.97954185357554 -5.020458146424487 25.25
    endloop
  endfacet
  facet normal 0.5956993044924381 0.8032075314806414 0
    outer loop
      vertex 356.0554513455608 -5.903434247348071 20.25
      vertex 355.4958076824381 -5.488374218875433 25.25
      vertex 356.0554513455608 -5.903434247348071 25.25
    endloop
  endfacet
  facet normal 0.5141027441932049 0.8577286100002821 0
    outer loop
      vertex 356.65308316853543 -6.261640976873321 20.25
      vertex 356.0554513455608 -5.903434247348071 25.25
      vertex 356.65308316853543 -6.261640976873321 25.25
    endloop
  endfacet
  facet normal 0.6715589548470419 0.7409511253549379 0
    outer loop
      vertex 355.4958076824381 -5.488374218875433 20.25
      vertex 354.97954185357554 -5.020458146424487 25.25
      vertex 355.4958076824381 -5.488374218875433 25.25
    endloop
  endfacet
  facet normal 0.803207531480655 0.5956993044924198 0
    outer loop
      vertex 354.51162578112456 -4.504192317561882 20.25
      vertex 354.09656575265194 -3.9445486544391755 25.25
      vertex 354.51162578112456 -4.504192317561882 25.25
    endloop
  endfacet
  facet normal 0.8577286100002717 0.5141027441932223 0
    outer loop
      vertex 354.09656575265194 -3.9445486544391755 20.25
      vertex 353.7383590231267 -3.346916831464583 25.25
      vertex 354.09656575265194 -3.9445486544391755 25.25
    endloop
  endfacet
  facet normal 0.9415440651830222 0.33688985339221594 0
    outer loop
      vertex 353.44045531916987 -2.717052369792137 20.25
      vertex 353.2057236163013 -2.0610212085066824 25.25
      vertex 353.44045531916987 -2.717052369792137 25.25
    endloop
  endfacet
  facet normal 0.9039892931234408 0.4275550934302873 0
    outer loop
      vertex 353.7383590231267 -3.346916831464583 20.25
      vertex 353.44045531916987 -2.717052369792137 25.25
      vertex 353.7383590231267 -3.346916831464583 25.25
    endloop
  endfacet
  facet normal 0.9700312531945452 0.242980179903259 0
    outer loop
      vertex 353.2057236163013 -2.0610212085066824 20.25
      vertex 353.0364245091371 -1.3851412863145105 25.25
      vertex 353.2057236163013 -2.0610212085066824 25.25
    endloop
  endfacet
  facet normal 0.9891765099647766 0.14673047445539142 0
    outer loop
      vertex 353.0364245091371 -1.3851412863145105 20.25
      vertex 352.9341884406274 -0.6959216963398802 25.25
      vertex 353.0364245091371 -1.3851412863145105 25.25
    endloop
  endfacet
  facet normal 0.9987954562051713 0.04906767432744013 0
    outer loop
      vertex 352.9341884406274 -0.6959216963398802 20.25
      vertex 352.9 0 25.25
      vertex 352.9341884406274 -0.6959216963398802 25.25
    endloop
  endfacet
  facet normal -0.5141027441932049 0.8577286100002821 0
    outer loop
      vertex 363.9445486544392 -5.903434247348071 20.25
      vertex 363.34691683146457 -6.261640976873321 25.25
      vertex 363.9445486544392 -5.903434247348071 25.25
    endloop
  endfacet
  facet normal -0.5956993044924381 0.8032075314806414 0
    outer loop
      vertex 364.5041923175619 -5.488374218875433 20.25
      vertex 363.9445486544392 -5.903434247348071 25.25
      vertex 364.5041923175619 -5.488374218875433 25.25
    endloop
  endfacet
  facet normal -0.6715589548470419 0.7409511253549379 0
    outer loop
      vertex 365.02045814642446 -5.020458146424487 20.25
      vertex 364.5041923175619 -5.488374218875433 25.25
      vertex 365.02045814642446 -5.020458146424487 25.25
    endloop
  endfacet
  facet normal -0.7409511253549376 0.6715589548470421 0
    outer loop
      vertex 365.48837421887544 -4.504192317561882 20.25
      vertex 365.02045814642446 -5.020458146424487 25.25
      vertex 365.48837421887544 -4.504192317561882 25.25
    endloop
  endfacet
  facet normal -0.803207531480655 0.5956993044924198 0
    outer loop
      vertex 365.90343424734806 -3.9445486544391755 20.25
      vertex 365.48837421887544 -4.504192317561882 25.25
      vertex 365.90343424734806 -3.9445486544391755 25.25
    endloop
  endfacet
  facet normal -0.8577286100002717 0.5141027441932223 0
    outer loop
      vertex 366.2616409768733 -3.346916831464583 20.25
      vertex 365.90343424734806 -3.9445486544391755 25.25
      vertex 366.2616409768733 -3.346916831464583 25.25
    endloop
  endfacet
  facet normal 0.8577286100002717 0.5141027441932223 0
    outer loop
      vertex 374.09656575265194 -3.9445486544391755 20.25
      vertex 373.7383590231267 -3.346916831464583 25.25
      vertex 374.09656575265194 -3.9445486544391755 25.25
    endloop
  endfacet
  facet normal 0 0 1
    outer loop
      vertex 363.9445486544392 -5.903434247348071 25.25
      vertex 363.34691683146457 -6.261640976873321 25.25
      vertex 376.0554513455608 -5.903434247348071 25.25
    endloop
  endfacet
  facet normal 0 0 1
    outer loop
      vertex 364.5041923175619 -5.488374218875433 25.25
      vertex 363.9445486544392 -5.903434247348071 25.25
      vertex 375.4958076824381 -5.488374218875433 25.25
    endloop
  endfacet
  facet normal 0 0 1
    outer loop
      vertex 365.02045814642446 -5.020458146424487 25.25
      vertex 364.5041923175619 -5.488374218875433 25.25
      vertex 374.97954185357554 -5.020458146424487 25.25
    endloop
  endfacet
  facet normal 0 0 1
    outer loop
      vertex 365.02045814642446 -5.020458146424487 25.25
      vertex 374.51162578112456 -4.504192317561882 25.25
      vertex 365.48837421887544 -4.504192317561882 25.25
    endloop
  endfacet
  facet normal 0 0 1
    outer loop
      vertex 365.48837421887544 -4.504192317561882 25.25
      vertex 374.09656575265194 -3.9445486544391755 25.25
      vertex 365.90343424734806 -3.9445486544391755 25.25
    endloop
  endfacet
  facet normal 0 0 1
    outer loop
      vertex 363.34691683146457 -6.261640976873321 25.25
      vertex 376.65308316853543 -6.261640976873321 25.25
      vertex 376.0554513455608 -5.903434247348071 25.25
    endloop
  endfacet
  facet normal 0 0 1
    outer loop
      vertex 363.9445486544392 -5.903434247348071 25.25
      vertex 376.0554513455608 -5.903434247348071 25.25
      vertex 375.4958076824381 -5.488374218875433 25.25
    endloop
  endfacet
  facet normal 0 0 1
    outer loop
      vertex 364.5041923175619 -5.488374218875433 25.25
      vertex 375.4958076824381 -5.488374218875433 25.25
      vertex 374.97954185357554 -5.020458146424487 25.25
    endloop
  endfacet
  facet normal 0 0 1
    outer loop
      vertex 365.02045814642446 -5.020458146424487 25.25
      vertex 374.97954185357554 -5.020458146424487 25.25
      vertex 374.51162578112456 -4.504192317561882 25.25
    endloop
  endfacet
  facet normal 0 0 1
    outer loop
      vertex 365.90343424734806 -3.9445486544391755 25.25
      vertex 373.7383590231267 -3.346916831464583 25.25
      vertex 366.2616409768733 -3.346916831464583 25.25
    endloop
  endfacet
  facet normal 0 0 1
    outer loop
      vertex 365.90343424734806 -3.9445486544391755 25.25
      vertex 374.09656575265194 -3.9445486544391755 25.25
      vertex 373.7383590231267 -3.346916831464583 25.25
    endloop
  endfacet
  facet normal 0 0 1
    outer loop
      vertex 365.48837421887544 -4.504192317561882 25.25
      vertex 374.51162578112456 -4.504192317561882 25.25
      vertex 374.09656575265194 -3.9445486544391755 25.25
    endloop
  endfacet
  facet normal -0.9039892931234408 0.4275550934302873 0
    outer loop
      vertex 366.55954468083013 -2.717052369792137 20.25
      vertex 366.2616409768733 -3.346916831464583 25.25
      vertex 366.55954468083013 -2.717052369792137 25.25
    endloop
  endfacet
  facet normal -0.9415440651830222 0.33688985339221594 0
    outer loop
      vertex 366.7942763836987 -2.0610212085066824 20.25
      vertex 366.55954468083013 -2.717052369792137 25.25
      vertex 366.7942763836987 -2.0610212085066824 25.25
    endloop
  endfacet
  facet normal -0.9700312531945452 0.242980179903259 0
    outer loop
      vertex 366.9635754908629 -1.3851412863145105 20.25
      vertex 366.7942763836987 -2.0610212085066824 25.25
      vertex 366.9635754908629 -1.3851412863145105 25.25
    endloop
  endfacet
  facet normal -0.9891765099647766 0.14673047445539142 0
    outer loop
      vertex 367.0658115593726 -0.6959216963398802 20.25
      vertex 366.9635754908629 -1.3851412863145105 25.25
      vertex 367.0658115593726 -0.6959216963398802 25.25
    endloop
  endfacet
  facet normal -0.9987954562051713 0.04906767432744013 0
    outer loop
      vertex 367.1 0 25.25
      vertex 367.1 0 20.25
      vertex 367.0658115593726 -0.6959216963398802 25.25
    endloop
  endfacet
  facet normal 0.9039892931234408 0.4275550934302873 0
    outer loop
      vertex 373.7383590231267 -3.346916831464583 20.25
      vertex 373.44045531916987 -2.717052369792137 25.25
      vertex 373.7383590231267 -3.346916831464583 25.25
    endloop
  endfacet
  facet normal 0.9415440651830222 0.33688985339221594 0
    outer loop
      vertex 373.44045531916987 -2.717052369792137 20.25
      vertex 373.2057236163013 -2.0610212085066824 25.25
      vertex 373.44045531916987 -2.717052369792137 25.25
    endloop
  endfacet
  facet normal 0.9700312531945452 0.242980179903259 0
    outer loop
      vertex 373.2057236163013 -2.0610212085066824 20.25
      vertex 373.0364245091371 -1.3851412863145105 25.25
      vertex 373.2057236163013 -2.0610212085066824 25.25
    endloop
  endfacet
  facet normal 0.9891765099647766 0.14673047445539142 0
    outer loop
      vertex 373.0364245091371 -1.3851412863145105 20.25
      vertex 372.9341884406274 -0.6959216963398802 25.25
      vertex 373.0364245091371 -1.3851412863145105 25.25
    endloop
  endfacet
  facet normal 0.9987954562051713 0.04906767432744013 0
    outer loop
      vertex 372.9341884406274 -0.6959216963398802 20.25
      vertex 372.9 0 25.25
      vertex 372.9341884406274 -0.6959216963398802 25.25
    endloop
  endfacet
  facet normal 0 0 1
    outer loop
      vertex 366.2616409768733 -3.346916831464583 25.25
      vertex 373.44045531916987 -2.717052369792137 25.25
      vertex 366.55954468083013 -2.717052369792137 25.25
    endloop
  endfacet
  facet normal 0 0 1
    outer loop
      vertex 366.2616409768733 -3.346916831464583 25.25
      vertex 373.7383590231267 -3.346916831464583 25.25
      vertex 373.44045531916987 -2.717052369792137 25.25
    endloop
  endfacet
  facet normal 0 0 1
    outer loop
      vertex 366.55954468083013 -2.717052369792137 25.25
      vertex 373.44045531916987 -2.717052369792137 25.25
      vertex 373.2057236163013 -2.0610212085066824 25.25
    endloop
  endfacet
  facet normal 0 0 1
    outer loop
      vertex 366.55954468083013 -2.717052369792137 25.25
      vertex 373.2057236163013 -2.0610212085066824 25.25
      vertex 366.7942763836987 -2.0610212085066824 25.25
    endloop
  endfacet
  facet normal 0 0 1
    outer loop
      vertex 366.7942763836987 -2.0610212085066824 25.25
      vertex 373.0364245091371 -1.3851412863145105 25.25
      vertex 366.9635754908629 -1.3851412863145105 25.25
    endloop
  endfacet
  facet normal 0 0 1
    outer loop
      vertex 366.7942763836987 -2.0610212085066824 25.25
      vertex 373.2057236163013 -2.0610212085066824 25.25
      vertex 373.0364245091371 -1.3851412863145105 25.25
    endloop
  endfacet
  facet normal 0 0 1
    outer loop
      vertex 366.9635754908629 -1.3851412863145105 25.25
      vertex 372.9341884406274 -0.6959216963398802 25.25
      vertex 367.0658115593726 -0.6959216963398802 25.25
    endloop
  endfacet
  facet normal 0 0 1
    outer loop
      vertex 366.9635754908629 -1.3851412863145105 25.25
      vertex 373.0364245091371 -1.3851412863145105 25.25
      vertex 372.9341884406274 -0.6959216963398802 25.25
    endloop
  endfacet
  facet normal 0 0 1
    outer loop
      vertex 367.1 0 25.25
      vertex 367.0658115593726 -0.6959216963398802 25.25
      vertex 372.9 0 25.25
    endloop
  endfacet
  facet normal 0 0 1
    outer loop
      vertex 372.9 0 25.25
      vertex 367.0658115593726 -0.6959216963398802 25.25
      vertex 372.9341884406274 -0.6959216963398802 25.25
    endloop
  endfacet
  facet normal 0 -1 0
    outer loop
      vertex 330.25 -25.25 0.25
      vertex 466.25 -25.25 20.25
      vertex 330.25 -25.25 20.25
    endloop
  endfacet
  facet normal 0 1 0
    outer loop
      vertex 330.25 -20.25 0.25
      vertex 330.25 -20.25 20.25
      vertex 500.25 -20.25 20.25
    endloop
  endfacet
  facet normal 0 -1 0
    outer loop
      vertex 330.25 -25.25 20.25
      vertex 500.25 -25.25 25.25
      vertex 330.25 -25.25 25.25
    endloop
  endfacet
  facet normal 0 0 1
    outer loop
      vertex 330.25 -25.25 25.25
      vertex 500.25 -25.25 25.25
      vertex 330.25 -20.25 25.25
    endloop
  endfacet
  facet normal 0 0 -1
    outer loop
      vertex 330.25 -20.25 20.25
      vertex 400 -7.1 20.25
      vertex 400.6959216963399 -7.065811559372598 20.25
    endloop
  endfacet
  facet normal 0 0 -1
    outer loop
      vertex 330.25 -20.25 20.25
      vertex 400.6959216963399 -7.065811559372598 20.25
      vertex 419.3040783036601 -7.065811559372598 20.25
    endloop
  endfacet
  facet normal 0.4275550934303 0.9039892931234349 0
    outer loop
      vertex 376.65308316853543 -6.261640976873321 20.25
      vertex 376.65308316853543 -6.261640976873321 25.25
      vertex 377.28294763020784 -6.559544680830135 20.25
    endloop
  endfacet
  facet normal 0.3368898533922205 0.9415440651830206 0
    outer loop
      vertex 377.28294763020784 -6.559544680830135 20.25
      vertex 377.28294763020784 -6.559544680830135 25.25
      vertex 377.9389787914933 -6.794276383698683 20.25
    endloop
  endfacet
  facet normal 0.24298017990326568 0.9700312531945436 0
    outer loop
      vertex 377.9389787914933 -6.794276383698683 20.25
      vertex 377.9389787914933 -6.794276383698683 25.25
      vertex 378.61485871368546 -6.963575490862936 20.25
    endloop
  endfacet
  facet normal 0.14673047445536047 0.9891765099647811 0
    outer loop
      vertex 378.61485871368546 -6.963575490862936 20.25
      vertex 378.61485871368546 -6.963575490862936 25.25
      vertex 379.3040783036601 -7.065811559372598 20.25
    endloop
  endfacet
  facet normal 0.04906767432741624 0.9987954562051725 0
    outer loop
      vertex 379.3040783036601 -7.065811559372598 20.25
      vertex 379.3040783036601 -7.065811559372598 25.25
      vertex 380 -7.1 20.25
    endloop
  endfacet
  facet normal -0.04906767432741624 0.9987954562051725 0
    outer loop
      vertex 380 -7.1 20.25
      vertex 380 -7.1 25.25
      vertex 380.6959216963399 -7.065811559372598 20.25
    endloop
  endfacet
  facet normal -0.14673047445536047 0.9891765099647811 0
    outer loop
      vertex 380.6959216963399 -7.065811559372598 20.25
      vertex 380.6959216963399 -7.065811559372598 25.25
      vertex 381.38514128631454 -6.963575490862936 20.25
    endloop
  endfacet
  facet normal -0.24298017990326568 0.9700312531945436 0
    outer loop
      vertex 381.38514128631454 -6.963575490862936 20.25
      vertex 381.38514128631454 -6.963575490862936 25.25
      vertex 382.0610212085067 -6.794276383698683 20.25
    endloop
  endfacet
  facet normal -0.3368898533922205 0.9415440651830206 0
    outer loop
      vertex 382.0610212085067 -6.794276383698683 20.25
      vertex 382.0610212085067 -6.794276383698683 25.25
      vertex 382.71705236979216 -6.559544680830135 20.25
    endloop
  endfacet
  facet normal -0.4275550934303 0.9039892931234349 0
    outer loop
      vertex 382.71705236979216 -6.559544680830135 20.25
      vertex 382.71705236979216 -6.559544680830135 25.25
      vertex 383.34691683146457 -6.261640976873321 20.25
    endloop
  endfacet
  facet normal 0 0 -1
    outer loop
      vertex 330.25 -20.25 20.25
      vertex 419.3040783036601 -7.065811559372598 20.25
      vertex 420 -7.1 20.25
    endloop
  endfacet
  facet normal 0 0 -1
    outer loop
      vertex 330.25 -20.25 20.25
      vertex 420 -7.1 20.25
      vertex 420.6959216963399 -7.065811559372598 20.25
    endloop
  endfacet
  facet normal 0 0 -1
    outer loop
      vertex 380.6959216963399 -7.065811559372598 20.25
      vertex 381.38514128631454 -6.963575490862936 20.25
      vertex 399.3040783036601 -7.065811559372598 20.25
    endloop
  endfacet
  facet normal 0 0 -1
    outer loop
      vertex 381.38514128631454 -6.963575490862936 20.25
      vertex 382.0610212085067 -6.794276383698683 20.25
      vertex 398.61485871368546 -6.963575490862936 20.25
    endloop
  endfacet
  facet normal 0 0 -1
    outer loop
      vertex 382.0610212085067 -6.794276383698683 20.25
      vertex 382.71705236979216 -6.559544680830135 20.25
      vertex 397.9389787914933 -6.794276383698683 20.25
    endloop
  endfacet
  facet normal 0 0 -1
    outer loop
      vertex 382.71705236979216 -6.559544680830135 20.25
      vertex 383.34691683146457 -6.261640976873321 20.25
      vertex 397.28294763020784 -6.559544680830135 20.25
    endloop
  endfacet
  facet normal 0 0 -1
    outer loop
      vertex 381.38514128631454 -6.963575490862936 20.25
      vertex 398.61485871368546 -6.963575490862936 20.25
      vertex 399.3040783036601 -7.065811559372598 20.25
    endloop
  endfacet
  facet normal 0 0 -1
    outer loop
      vertex 382.0610212085067 -6.794276383698683 20.25
      vertex 397.9389787914933 -6.794276383698683 20.25
      vertex 398.61485871368546 -6.963575490862936 20.25
    endloop
  endfacet
  facet normal 0 0 -1
    outer loop
      vertex 383.34691683146457 -6.261640976873321 20.25
      vertex 396.65308316853543 -6.261640976873321 20.25
      vertex 397.28294763020784 -6.559544680830135 20.25
    endloop
  endfacet
  facet normal 0 0 -1
    outer loop
      vertex 382.71705236979216 -6.559544680830135 20.25
      vertex 397.28294763020784 -6.559544680830135 20.25
      vertex 397.9389787914933 -6.794276383698683 20.25
    endloop
  endfacet
  facet normal 0 0 -1
    outer loop
      vertex 380.6959216963399 -7.065811559372598 20.25
      vertex 399.3040783036601 -7.065811559372598 20.25
      vertex 400 -7.1 20.25
    endloop
  endfacet
  facet normal 0 0 1
    outer loop
      vertex 330.25 -20.25 25.25
      vertex 397.9389787914933 -6.794276383698683 25.25
      vertex 397.28294763020784 -6.559544680830135 25.25
    endloop
  endfacet
  facet normal 0 0 1
    outer loop
      vertex 330.25 -20.25 25.25
      vertex 400 -7.1 25.25
      vertex 399.3040783036601 -7.065811559372598 25.25
    endloop
  endfacet
  facet normal 0 0 1
    outer loop
      vertex 330.25 -20.25 25.25
      vertex 398.61485871368546 -6.963575490862936 25.25
      vertex 397.9389787914933 -6.794276383698683 25.25
    endloop
  endfacet
  facet normal 0 0 1
    outer loop
      vertex 330.25 -20.25 25.25
      vertex 399.3040783036601 -7.065811559372598 25.25
      vertex 398.61485871368546 -6.963575490862936 25.25
    endloop
  endfacet
  facet normal 0 0 1
    outer loop
      vertex 330.25 -20.25 25.25
      vertex 400.6959216963399 -7.065811559372598 25.25
      vertex 400 -7.1 25.25
    endloop
  endfacet
  facet normal 0 0 1
    outer loop
      vertex 330.25 -20.25 25.25
      vertex 396.65308316853543 -6.261640976873321 25.25
      vertex 396.0554513455608 -5.903434247348071 25.25
    endloop
  endfacet
  facet normal 0 0 1
    outer loop
      vertex 330.25 -20.25 25.25
      vertex 397.28294763020784 -6.559544680830135 25.25
      vertex 396.65308316853543 -6.261640976873321 25.25
    endloop
  endfacet
  facet normal 0 0 1
    outer loop
      vertex 330.25 -20.25 25.25
      vertex 419.3040783036601 -7.065811559372598 25.25
      vertex 400.6959216963399 -7.065811559372598 25.25
    endloop
  endfacet
  facet normal 0.3368898533922205 0.9415440651830206 0
    outer loop
      vertex 377.9389787914933 -6.794276383698683 20.25
      vertex 377.28294763020784 -6.559544680830135 25.25
      vertex 377.9389787914933 -6.794276383698683 25.25
    endloop
  endfacet
  facet normal 0.4275550934303 0.9039892931234349 0
    outer loop
      vertex 377.28294763020784 -6.559544680830135 20.25
      vertex 376.65308316853543 -6.261640976873321 25.25
      vertex 377.28294763020784 -6.559544680830135 25.25
    endloop
  endfacet
  facet normal 0.24298017990326568 0.9700312531945436 0
    outer loop
      vertex 378.61485871368546 -6.963575490862936 20.25
      vertex 377.9389787914933 -6.794276383698683 25.25
      vertex 378.61485871368546 -6.963575490862936 25.25
    endloop
  endfacet
  facet normal 0.14673047445536047 0.9891765099647811 0
    outer loop
      vertex 379.3040783036601 -7.065811559372598 20.25
      vertex 378.61485871368546 -6.963575490862936 25.25
      vertex 379.3040783036601 -7.065811559372598 25.25
    endloop
  endfacet
  facet normal 0.04906767432741624 0.9987954562051725 0
    outer loop
      vertex 380 -7.1 20.25
      vertex 379.3040783036601 -7.065811559372598 25.25
      vertex 380 -7.1 25.25
    endloop
  endfacet
  facet normal -0.04906767432741624 0.9987954562051725 0
    outer loop
      vertex 380.6959216963399 -7.065811559372598 20.25
      vertex 380 -7.1 25.25
      vertex 380.6959216963399 -7.065811559372598 25.25
    endloop
  endfacet
  facet normal -0.14673047445536047 0.9891765099647811 0
    outer loop
      vertex 381.38514128631454 -6.963575490862936 20.25
      vertex 380.6959216963399 -7.065811559372598 25.25
      vertex 381.38514128631454 -6.963575490862936 25.25
    endloop
  endfacet
  facet normal -0.24298017990326568 0.9700312531945436 0
    outer loop
      vertex 382.0610212085067 -6.794276383698683 20.25
      vertex 381.38514128631454 -6.963575490862936 25.25
      vertex 382.0610212085067 -6.794276383698683 25.25
    endloop
  endfacet
  facet normal -0.3368898533922205 0.9415440651830206 0
    outer loop
      vertex 382.71705236979216 -6.559544680830135 20.25
      vertex 382.0610212085067 -6.794276383698683 25.25
      vertex 382.71705236979216 -6.559544680830135 25.25
    endloop
  endfacet
  facet normal -0.4275550934303 0.9039892931234349 0
    outer loop
      vertex 383.34691683146457 -6.261640976873321 20.25
      vertex 382.71705236979216 -6.559544680830135 25.25
      vertex 383.34691683146457 -6.261640976873321 25.25
    endloop
  endfacet
  facet normal 0 0 1
    outer loop
      vertex 330.25 -20.25 25.25
      vertex 420 -7.1 25.25
      vertex 419.3040783036601 -7.065811559372598 25.25
    endloop
  endfacet
  facet normal 0 0 1
    outer loop
      vertex 330.25 -20.25 25.25
      vertex 437.28294763020784 -6.559544680830135 25.25
      vertex 420 -7.1 25.25
    endloop
  endfacet
  facet normal 0.5141027441932049 0.8577286100002821 0
    outer loop
      vertex 376.0554513455608 -5.903434247348071 20.25
      vertex 376.0554513455608 -5.903434247348071 25.25
      vertex 376.65308316853543 -6.261640976873321 20.25
    endloop
  endfacet
  facet normal 0.5956993044924381 0.8032075314806414 0
    outer loop
      vertex 375.4958076824381 -5.488374218875433 20.25
      vertex 375.4958076824381 -5.488374218875433 25.25
      vertex 376.0554513455608 -5.903434247348071 20.25
    endloop
  endfacet
  facet normal 0.6715589548470419 0.7409511253549379 0
    outer loop
      vertex 375.4958076824381 -5.488374218875433 20.25
      vertex 374.97954185357554 -5.020458146424487 20.25
      vertex 374.97954185357554 -5.020458146424487 25.25
    endloop
  endfacet
  facet normal 0.7409511253549376 0.6715589548470421 0
    outer loop
      vertex 374.97954185357554 -5.020458146424487 20.25
      vertex 374.51162578112456 -4.504192317561882 20.25
      vertex 374.51162578112456 -4.504192317561882 25.25
    endloop
  endfacet
  facet normal 0.803207531480655 0.5956993044924198 0
    outer loop
      vertex 374.51162578112456 -4.504192317561882 20.25
      vertex 374.09656575265194 -3.9445486544391755 20.25
      vertex 374.09656575265194 -3.9445486544391755 25.25
    endloop
  endfacet
  facet normal -0.5141027441932049 0.8577286100002821 0
    outer loop
      vertex 383.34691683146457 -6.261640976873321 20.25
      vertex 383.34691683146457 -6.261640976873321 25.25
      vertex 383.9445486544392 -5.903434247348071 20.25
    endloop
  endfacet
  facet normal -0.5956993044924381 0.8032075314806414 0
    outer loop
      vertex 383.9445486544392 -5.903434247348071 20.25
      vertex 383.9445486544392 -5.903434247348071 25.25
      vertex 384.5041923175619 -5.488374218875433 20.25
    endloop
  endfacet
  facet normal -0.6715589548470419 0.7409511253549379 0
    outer loop
      vertex 384.5041923175619 -5.488374218875433 20.25
      vertex 384.5041923175619 -5.488374218875433 25.25
      vertex 385.02045814642446 -5.020458146424487 20.25
    endloop
  endfacet
  facet normal 0 0 -1
    outer loop
      vertex 383.34691683146457 -6.261640976873321 20.25
      vertex 383.9445486544392 -5.903434247348071 20.25
      vertex 396.65308316853543 -6.261640976873321 20.25
    endloop
  endfacet
  facet normal 0 0 -1
    outer loop
      vertex 383.9445486544392 -5.903434247348071 20.25
      vertex 384.5041923175619 -5.488374218875433 20.25
      vertex 396.0554513455608 -5.903434247348071 20.25
    endloop
  endfacet
  facet normal 0 0 -1
    outer loop
      vertex 384.5041923175619 -5.488374218875433 20.25
      vertex 385.02045814642446 -5.020458146424487 20.25
      vertex 395.4958076824381 -5.488374218875433 20.25
    endloop
  endfacet
  facet normal 0 0 -1
    outer loop
      vertex 385.02045814642446 -5.020458146424487 20.25
      vertex 385.48837421887544 -4.504192317561882 20.25
      vertex 394.97954185357554 -5.020458146424487 20.25
    endloop
  endfacet
  facet normal 0 0 -1
    outer loop
      vertex 385.90343424734806 -3.9445486544391755 20.25
      vertex 394.51162578112456 -4.504192317561882 20.25
      vertex 385.48837421887544 -4.504192317561882 20.25
    endloop
  endfacet
  facet normal 0 0 -1
    outer loop
      vertex 386.2616409768733 -3.346916831464583 20.25
      vertex 394.09656575265194 -3.9445486544391755 20.25
      vertex 385.90343424734806 -3.9445486544391755 20.25
    endloop
  endfacet
  facet normal 0 0 -1
    outer loop
      vertex 383.9445486544392 -5.903434247348071 20.25
      vertex 396.0554513455608 -5.903434247348071 20.25
      vertex 396.65308316853543 -6.261640976873321 20.25
    endloop
  endfacet
  facet normal 0 0 -1
    outer loop
      vertex 384.5041923175619 -5.488374218875433 20.25
      vertex 395.4958076824381 -5.488374218875433 20.25
      vertex 396.0554513455608 -5.903434247348071 20.25
    endloop
  endfacet
  facet normal 0 0 -1
    outer loop
      vertex 385.02045814642446 -5.020458146424487 20.25
      vertex 394.97954185357554 -5.020458146424487 20.25
      vertex 395.4958076824381 -5.488374218875433 20.25
    endloop
  endfacet
  facet normal 0 0 -1
    outer loop
      vertex 385.48837421887544 -4.504192317561882 20.25
      vertex 394.51162578112456 -4.504192317561882 20.25
      vertex 394.97954185357554 -5.020458146424487 20.25
    endloop
  endfacet
  facet normal 0 0 -1
    outer loop
      vertex 385.90343424734806 -3.9445486544391755 20.25
      vertex 394.09656575265194 -3.9445486544391755 20.25
      vertex 394.51162578112456 -4.504192317561882 20.25
    endloop
  endfacet
  facet normal 0 0 -1
    outer loop
      vertex 386.2616409768733 -3.346916831464583 20.25
      vertex 393.7383590231267 -3.346916831464583 20.25
      vertex 394.09656575265194 -3.9445486544391755 20.25
    endloop
  endfacet
  facet normal -0.7409511253549376 0.6715589548470421 0
    outer loop
      vertex 385.02045814642446 -5.020458146424487 20.25
      vertex 385.02045814642446 -5.020458146424487 25.25
      vertex 385.48837421887544 -4.504192317561882 20.25
    endloop
  endfacet
  facet normal -0.803207531480655 0.5956993044924198 0
    outer loop
      vertex 385.90343424734806 -3.9445486544391755 20.25
      vertex 385.48837421887544 -4.504192317561882 20.25
      vertex 385.48837421887544 -4.504192317561882 25.25
    endloop
  endfacet
  facet normal -0.8577286100002717 0.5141027441932223 0
    outer loop
      vertex 386.2616409768733 -3.346916831464583 20.25
      vertex 385.90343424734806 -3.9445486544391755 20.25
      vertex 385.90343424734806 -3.9445486544391755 25.25
    endloop
  endfacet
  facet normal 0.5956993044924381 0.8032075314806414 0
    outer loop
      vertex 395.4958076824381 -5.488374218875433 20.25
      vertex 395.4958076824381 -5.488374218875433 25.25
      vertex 396.0554513455608 -5.903434247348071 20.25
    endloop
  endfacet
  facet normal 0.6715589548470419 0.7409511253549379 0
    outer loop
      vertex 395.4958076824381 -5.488374218875433 20.25
      vertex 394.97954185357554 -5.020458146424487 20.25
      vertex 394.97954185357554 -5.020458146424487 25.25
    endloop
  endfacet
  facet normal 0.803207531480655 0.5956993044924198 0
    outer loop
      vertex 394.51162578112456 -4.504192317561882 20.25
      vertex 394.09656575265194 -3.9445486544391755 20.25
      vertex 394.09656575265194 -3.9445486544391755 25.25
    endloop
  endfacet
  facet normal 0.7409511253549376 0.6715589548470421 0
    outer loop
      vertex 394.97954185357554 -5.020458146424487 20.25
      vertex 394.51162578112456 -4.504192317561882 20.25
      vertex 394.51162578112456 -4.504192317561882 25.25
    endloop
  endfacet
  facet normal 0.8577286100002717 0.5141027441932223 0
    outer loop
      vertex 394.09656575265194 -3.9445486544391755 20.25
      vertex 393.7383590231267 -3.346916831464583 20.25
      vertex 393.7383590231267 -3.346916831464583 25.25
    endloop
  endfacet
  facet normal 0 0 -1
    outer loop
      vertex 386.55954468083013 -2.717052369792137 20.25
      vertex 393.7383590231267 -3.346916831464583 20.25
      vertex 386.2616409768733 -3.346916831464583 20.25
    endloop
  endfacet
  facet normal 0 0 -1
    outer loop
      vertex 386.7942763836987 -2.0610212085066824 20.25
      vertex 393.44045531916987 -2.717052369792137 20.25
      vertex 386.55954468083013 -2.717052369792137 20.25
    endloop
  endfacet
  facet normal 0 0 -1
    outer loop
      vertex 386.9635754908629 -1.3851412863145105 20.25
      vertex 393.2057236163013 -2.0610212085066824 20.25
      vertex 386.7942763836987 -2.0610212085066824 20.25
    endloop
  endfacet
  facet normal 0 0 -1
    outer loop
      vertex 387.0658115593726 -0.6959216963398802 20.25
      vertex 393.0364245091371 -1.3851412863145105 20.25
      vertex 386.9635754908629 -1.3851412863145105 20.25
    endloop
  endfacet
  facet normal 0 0 -1
    outer loop
      vertex 392.9341884406274 -0.6959216963398802 20.25
      vertex 387.0658115593726 -0.6959216963398802 20.25
      vertex 387.1 0 20.25
    endloop
  endfacet
  facet normal 0 0 -1
    outer loop
      vertex 386.55954468083013 -2.717052369792137 20.25
      vertex 393.44045531916987 -2.717052369792137 20.25
      vertex 393.7383590231267 -3.346916831464583 20.25
    endloop
  endfacet
  facet normal 0 0 -1
    outer loop
      vertex 386.7942763836987 -2.0610212085066824 20.25
      vertex 393.2057236163013 -2.0610212085066824 20.25
      vertex 393.44045531916987 -2.717052369792137 20.25
    endloop
  endfacet
  facet normal 0 0 -1
    outer loop
      vertex 386.9635754908629 -1.3851412863145105 20.25
      vertex 393.0364245091371 -1.3851412863145105 20.25
      vertex 393.2057236163013 -2.0610212085066824 20.25
    endloop
  endfacet
  facet normal 0 0 -1
    outer loop
      vertex 387.0658115593726 -0.6959216963398802 20.25
      vertex 392.9341884406274 -0.6959216963398802 20.25
      vertex 393.0364245091371 -1.3851412863145105 20.25
    endloop
  endfacet
  facet normal 0 0 -1
    outer loop
      vertex 392.9341884406274 -0.6959216963398802 20.25
      vertex 387.1 0 20.25
      vertex 392.9 0 20.25
    endloop
  endfacet
  facet normal -0.9039892931234408 0.4275550934302873 0
    outer loop
      vertex 386.55954468083013 -2.717052369792137 20.25
      vertex 386.2616409768733 -3.346916831464583 20.25
      vertex 386.2616409768733 -3.346916831464583 25.25
    endloop
  endfacet
  facet normal -0.9415440651830222 0.33688985339221594 0
    outer loop
      vertex 386.7942763836987 -2.0610212085066824 20.25
      vertex 386.55954468083013 -2.717052369792137 20.25
      vertex 386.55954468083013 -2.717052369792137 25.25
    endloop
  endfacet
  facet normal -0.9700312531945452 0.242980179903259 0
    outer loop
      vertex 386.9635754908629 -1.3851412863145105 20.25
      vertex 386.7942763836987 -2.0610212085066824 20.25
      vertex 386.7942763836987 -2.0610212085066824 25.25
    endloop
  endfacet
  facet normal -0.9891765099647766 0.14673047445539142 0
    outer loop
      vertex 387.0658115593726 -0.6959216963398802 20.25
      vertex 386.9635754908629 -1.3851412863145105 20.25
      vertex 386.9635754908629 -1.3851412863145105 25.25
    endloop
  endfacet
  facet normal -0.9987954562051713 0.04906767432744013 0
    outer loop
      vertex 387.0658115593726 -0.6959216963398802 20.25
      vertex 387.0658115593726 -0.6959216963398802 25.25
      vertex 387.1 0 20.25
    endloop
  endfacet
  facet normal 0.9700312531945452 0.242980179903259 0
    outer loop
      vertex 393.2057236163013 -2.0610212085066824 20.25
      vertex 393.0364245091371 -1.3851412863145105 20.25
      vertex 393.0364245091371 -1.3851412863145105 25.25
    endloop
  endfacet
  facet normal 0.9039892931234408 0.4275550934302873 0
    outer loop
      vertex 393.7383590231267 -3.346916831464583 20.25
      vertex 393.44045531916987 -2.717052369792137 20.25
      vertex 393.44045531916987 -2.717052369792137 25.25
    endloop
  endfacet
  facet normal 0.9415440651830222 0.33688985339221594 0
    outer loop
      vertex 393.44045531916987 -2.717052369792137 20.25
      vertex 393.2057236163013 -2.0610212085066824 20.25
      vertex 393.2057236163013 -2.0610212085066824 25.25
    endloop
  endfacet
  facet normal 0.9891765099647766 0.14673047445539142 0
    outer loop
      vertex 393.0364245091371 -1.3851412863145105 20.25
      vertex 392.9341884406274 -0.6959216963398802 20.25
      vertex 392.9341884406274 -0.6959216963398802 25.25
    endloop
  endfacet
  facet normal 0.9987954562051713 0.04906767432744013 0
    outer loop
      vertex 392.9341884406274 -0.6959216963398802 20.25
      vertex 392.9 0 20.25
      vertex 392.9 0 25.25
    endloop
  endfacet
  facet normal 0.5141027441932049 0.8577286100002821 0
    outer loop
      vertex 376.65308316853543 -6.261640976873321 20.25
      vertex 376.0554513455608 -5.903434247348071 25.25
      vertex 376.65308316853543 -6.261640976873321 25.25
    endloop
  endfacet
  facet normal 0.5956993044924381 0.8032075314806414 0
    outer loop
      vertex 376.0554513455608 -5.903434247348071 20.25
      vertex 375.4958076824381 -5.488374218875433 25.25
      vertex 376.0554513455608 -5.903434247348071 25.25
    endloop
  endfacet
  facet normal 0.6715589548470419 0.7409511253549379 0
    outer loop
      vertex 375.4958076824381 -5.488374218875433 20.25
      vertex 374.97954185357554 -5.020458146424487 25.25
      vertex 375.4958076824381 -5.488374218875433 25.25
    endloop
  endfacet
  facet normal 0.7409511253549376 0.6715589548470421 0
    outer loop
      vertex 374.97954185357554 -5.020458146424487 20.25
      vertex 374.51162578112456 -4.504192317561882 25.25
      vertex 374.97954185357554 -5.020458146424487 25.25
    endloop
  endfacet
  facet normal 0.803207531480655 0.5956993044924198 0
    outer loop
      vertex 374.51162578112456 -4.504192317561882 20.25
      vertex 374.09656575265194 -3.9445486544391755 25.25
      vertex 374.51162578112456 -4.504192317561882 25.25
    endloop
  endfacet
  facet normal -0.5141027441932049 0.8577286100002821 0
    outer loop
      vertex 383.9445486544392 -5.903434247348071 20.25
      vertex 383.34691683146457 -6.261640976873321 25.25
      vertex 383.9445486544392 -5.903434247348071 25.25
    endloop
  endfacet
  facet normal -0.5956993044924381 0.8032075314806414 0
    outer loop
      vertex 384.5041923175619 -5.488374218875433 20.25
      vertex 383.9445486544392 -5.903434247348071 25.25
      vertex 384.5041923175619 -5.488374218875433 25.25
    endloop
  endfacet
  facet normal -0.6715589548470419 0.7409511253549379 0
    outer loop
      vertex 385.02045814642446 -5.020458146424487 20.25
      vertex 384.5041923175619 -5.488374218875433 25.25
      vertex 385.02045814642446 -5.020458146424487 25.25
    endloop
  endfacet
  facet normal -0.7409511253549376 0.6715589548470421 0
    outer loop
      vertex 385.48837421887544 -4.504192317561882 20.25
      vertex 385.02045814642446 -5.020458146424487 25.25
      vertex 385.48837421887544 -4.504192317561882 25.25
    endloop
  endfacet
  facet normal -0.803207531480655 0.5956993044924198 0
    outer loop
      vertex 385.90343424734806 -3.9445486544391755 20.25
      vertex 385.48837421887544 -4.504192317561882 25.25
      vertex 385.90343424734806 -3.9445486544391755 25.25
    endloop
  endfacet
  facet normal -0.8577286100002717 0.5141027441932223 0
    outer loop
      vertex 386.2616409768733 -3.346916831464583 20.25
      vertex 385.90343424734806 -3.9445486544391755 25.25
      vertex 386.2616409768733 -3.346916831464583 25.25
    endloop
  endfacet
  facet normal 0.5956993044924381 0.8032075314806414 0
    outer loop
      vertex 396.0554513455608 -5.903434247348071 20.25
      vertex 395.4958076824381 -5.488374218875433 25.25
      vertex 396.0554513455608 -5.903434247348071 25.25
    endloop
  endfacet
  facet normal 0.6715589548470419 0.7409511253549379 0
    outer loop
      vertex 395.4958076824381 -5.488374218875433 20.25
      vertex 394.97954185357554 -5.020458146424487 25.25
      vertex 395.4958076824381 -5.488374218875433 25.25
    endloop
  endfacet
  facet normal 0.7409511253549376 0.6715589548470421 0
    outer loop
      vertex 394.51162578112456 -4.504192317561882 25.25
      vertex 394.97954185357554 -5.020458146424487 25.25
      vertex 394.97954185357554 -5.020458146424487 20.25
    endloop
  endfacet
  facet normal 0.803207531480655 0.5956993044924198 0
    outer loop
      vertex 394.51162578112456 -4.504192317561882 20.25
      vertex 394.09656575265194 -3.9445486544391755 25.25
      vertex 394.51162578112456 -4.504192317561882 25.25
    endloop
  endfacet
  facet normal 0.8577286100002717 0.5141027441932223 0
    outer loop
      vertex 394.09656575265194 -3.9445486544391755 20.25
      vertex 393.7383590231267 -3.346916831464583 25.25
      vertex 394.09656575265194 -3.9445486544391755 25.25
    endloop
  endfacet
  facet normal 0 0 1
    outer loop
      vertex 394.51162578112456 -4.504192317561882 25.25
      vertex 382.71705236979216 -6.559544680830135 25.25
      vertex 382.0610212085067 -6.794276383698683 25.25
    endloop
  endfacet
  facet normal 0 0 1
    outer loop
      vertex 394.51162578112456 -4.504192317561882 25.25
      vertex 383.34691683146457 -6.261640976873321 25.25
      vertex 382.71705236979216 -6.559544680830135 25.25
    endloop
  endfacet
  facet normal 0 0 1
    outer loop
      vertex 394.51162578112456 -4.504192317561882 25.25
      vertex 383.9445486544392 -5.903434247348071 25.25
      vertex 383.34691683146457 -6.261640976873321 25.25
    endloop
  endfacet
  facet normal 0 0 1
    outer loop
      vertex 394.51162578112456 -4.504192317561882 25.25
      vertex 384.5041923175619 -5.488374218875433 25.25
      vertex 383.9445486544392 -5.903434247348071 25.25
    endloop
  endfacet
  facet normal 0 0 1
    outer loop
      vertex 394.51162578112456 -4.504192317561882 25.25
      vertex 385.02045814642446 -5.020458146424487 25.25
      vertex 384.5041923175619 -5.488374218875433 25.25
    endloop
  endfacet
  facet normal 0 0 1
    outer loop
      vertex 385.02045814642446 -5.020458146424487 25.25
      vertex 394.51162578112456 -4.504192317561882 25.25
      vertex 385.48837421887544 -4.504192317561882 25.25
    endloop
  endfacet
  facet normal 0 0 1
    outer loop
      vertex 385.48837421887544 -4.504192317561882 25.25
      vertex 394.09656575265194 -3.9445486544391755 25.25
      vertex 385.90343424734806 -3.9445486544391755 25.25
    endloop
  endfacet
  facet normal 0 0 1
    outer loop
      vertex 385.90343424734806 -3.9445486544391755 25.25
      vertex 393.7383590231267 -3.346916831464583 25.25
      vertex 386.2616409768733 -3.346916831464583 25.25
    endloop
  endfacet
  facet normal 0 0 1
    outer loop
      vertex 385.48837421887544 -4.504192317561882 25.25
      vertex 394.51162578112456 -4.504192317561882 25.25
      vertex 394.09656575265194 -3.9445486544391755 25.25
    endloop
  endfacet
  facet normal 0 0 1
    outer loop
      vertex 385.90343424734806 -3.9445486544391755 25.25
      vertex 394.09656575265194 -3.9445486544391755 25.25
      vertex 393.7383590231267 -3.346916831464583 25.25
    endloop
  endfacet
  facet normal -0.9039892931234408 0.4275550934302873 0
    outer loop
      vertex 386.55954468083013 -2.717052369792137 20.25
      vertex 386.2616409768733 -3.346916831464583 25.25
      vertex 386.55954468083013 -2.717052369792137 25.25
    endloop
  endfacet
  facet normal -0.9415440651830222 0.33688985339221594 0
    outer loop
      vertex 386.7942763836987 -2.0610212085066824 20.25
      vertex 386.55954468083013 -2.717052369792137 25.25
      vertex 386.7942763836987 -2.0610212085066824 25.25
    endloop
  endfacet
  facet normal -0.9700312531945452 0.242980179903259 0
    outer loop
      vertex 386.9635754908629 -1.3851412863145105 20.25
      vertex 386.7942763836987 -2.0610212085066824 25.25
      vertex 386.9635754908629 -1.3851412863145105 25.25
    endloop
  endfacet
  facet normal -0.9891765099647766 0.14673047445539142 0
    outer loop
      vertex 387.0658115593726 -0.6959216963398802 20.25
      vertex 386.9635754908629 -1.3851412863145105 25.25
      vertex 387.0658115593726 -0.6959216963398802 25.25
    endloop
  endfacet
  facet normal -0.9987954562051713 0.04906767432744013 0
    outer loop
      vertex 387.1 0 20.25
      vertex 387.0658115593726 -0.6959216963398802 25.25
      vertex 387.1 0 25.25
    endloop
  endfacet
  facet normal 0.9039892931234408 0.4275550934302873 0
    outer loop
      vertex 393.7383590231267 -3.346916831464583 20.25
      vertex 393.44045531916987 -2.717052369792137 25.25
      vertex 393.7383590231267 -3.346916831464583 25.25
    endloop
  endfacet
  facet normal 0.9415440651830222 0.33688985339221594 0
    outer loop
      vertex 393.44045531916987 -2.717052369792137 20.25
      vertex 393.2057236163013 -2.0610212085066824 25.25
      vertex 393.44045531916987 -2.717052369792137 25.25
    endloop
  endfacet
  facet normal 0.9700312531945452 0.242980179903259 0
    outer loop
      vertex 393.2057236163013 -2.0610212085066824 20.25
      vertex 393.0364245091371 -1.3851412863145105 25.25
      vertex 393.2057236163013 -2.0610212085066824 25.25
    endloop
  endfacet
  facet normal 0.9891765099647766 0.14673047445539142 0
    outer loop
      vertex 393.0364245091371 -1.3851412863145105 20.25
      vertex 392.9341884406274 -0.6959216963398802 25.25
      vertex 393.0364245091371 -1.3851412863145105 25.25
    endloop
  endfacet
  facet normal 0.9987954562051713 0.04906767432744013 0
    outer loop
      vertex 392.9341884406274 -0.6959216963398802 20.25
      vertex 392.9 0 25.25
      vertex 392.9341884406274 -0.6959216963398802 25.25
    endloop
  endfacet
  facet normal 0 0 1
    outer loop
      vertex 386.2616409768733 -3.346916831464583 25.25
      vertex 393.44045531916987 -2.717052369792137 25.25
      vertex 386.55954468083013 -2.717052369792137 25.25
    endloop
  endfacet
  facet normal 0 0 1
    outer loop
      vertex 386.55954468083013 -2.717052369792137 25.25
      vertex 393.2057236163013 -2.0610212085066824 25.25
      vertex 386.7942763836987 -2.0610212085066824 25.25
    endloop
  endfacet
  facet normal 0 0 1
    outer loop
      vertex 386.7942763836987 -2.0610212085066824 25.25
      vertex 393.0364245091371 -1.3851412863145105 25.25
      vertex 386.9635754908629 -1.3851412863145105 25.25
    endloop
  endfacet
  facet normal 0 0 1
    outer loop
      vertex 386.9635754908629 -1.3851412863145105 25.25
      vertex 392.9341884406274 -0.6959216963398802 25.25
      vertex 387.0658115593726 -0.6959216963398802 25.25
    endloop
  endfacet
  facet normal 0 0 1
    outer loop
      vertex 387.0658115593726 -0.6959216963398802 25.25
      vertex 392.9 0 25.25
      vertex 387.1 0 25.25
    endloop
  endfacet
  facet normal 0 0 1
    outer loop
      vertex 386.2616409768733 -3.346916831464583 25.25
      vertex 393.7383590231267 -3.346916831464583 25.25
      vertex 393.44045531916987 -2.717052369792137 25.25
    endloop
  endfacet
  facet normal 0 0 1
    outer loop
      vertex 386.55954468083013 -2.717052369792137 25.25
      vertex 393.44045531916987 -2.717052369792137 25.25
      vertex 393.2057236163013 -2.0610212085066824 25.25
    endloop
  endfacet
  facet normal 0 0 1
    outer loop
      vertex 386.7942763836987 -2.0610212085066824 25.25
      vertex 393.2057236163013 -2.0610212085066824 25.25
      vertex 393.0364245091371 -1.3851412863145105 25.25
    endloop
  endfacet
  facet normal 0 0 1
    outer loop
      vertex 386.9635754908629 -1.3851412863145105 25.25
      vertex 393.0364245091371 -1.3851412863145105 25.25
      vertex 392.9341884406274 -0.6959216963398802 25.25
    endloop
  endfacet
  facet normal 0 0 1
    outer loop
      vertex 392.9 0 25.25
      vertex 387.0658115593726 -0.6959216963398802 25.25
      vertex 392.9341884406274 -0.6959216963398802 25.25
    endloop
  endfacet
  facet normal 0 0 -1
    outer loop
      vertex 330.25 -20.25 20.25
      vertex 420.6959216963399 -7.065811559372598 20.25
      vertex 438.61485871368546 -6.963575490862936 20.25
    endloop
  endfacet
  facet normal 0 0 -1
    outer loop
      vertex 330.25 -20.25 20.25
      vertex 439.3040783036601 -7.065811559372598 20.25
      vertex 440 -7.1 20.25
    endloop
  endfacet
  facet normal 0 0 -1
    outer loop
      vertex 330.25 -20.25 20.25
      vertex 438.61485871368546 -6.963575490862936 20.25
      vertex 439.3040783036601 -7.065811559372598 20.25
    endloop
  endfacet
  facet normal 0.4275550934303 0.9039892931234349 0
    outer loop
      vertex 396.65308316853543 -6.261640976873321 20.25
      vertex 396.65308316853543 -6.261640976873321 25.25
      vertex 397.28294763020784 -6.559544680830135 20.25
    endloop
  endfacet
  facet normal 0.24298017990326568 0.9700312531945436 0
    outer loop
      vertex 397.9389787914933 -6.794276383698683 20.25
      vertex 397.9389787914933 -6.794276383698683 25.25
      vertex 398.61485871368546 -6.963575490862936 20.25
    endloop
  endfacet
  facet normal 0.3368898533922205 0.9415440651830206 0
    outer loop
      vertex 397.28294763020784 -6.559544680830135 20.25
      vertex 397.28294763020784 -6.559544680830135 25.25
      vertex 397.9389787914933 -6.794276383698683 20.25
    endloop
  endfacet
  facet normal 0.14673047445536047 0.9891765099647811 0
    outer loop
      vertex 398.61485871368546 -6.963575490862936 20.25
      vertex 398.61485871368546 -6.963575490862936 25.25
      vertex 399.3040783036601 -7.065811559372598 20.25
    endloop
  endfacet
  facet normal 0.04906767432741624 0.9987954562051725 0
    outer loop
      vertex 399.3040783036601 -7.065811559372598 20.25
      vertex 399.3040783036601 -7.065811559372598 25.25
      vertex 400 -7.1 20.25
    endloop
  endfacet
  facet normal -0.04906767432741624 0.9987954562051725 0
    outer loop
      vertex 400 -7.1 20.25
      vertex 400 -7.1 25.25
      vertex 400.6959216963399 -7.065811559372598 20.25
    endloop
  endfacet
  facet normal -0.14673047445536047 0.9891765099647811 0
    outer loop
      vertex 400.6959216963399 -7.065811559372598 20.25
      vertex 400.6959216963399 -7.065811559372598 25.25
      vertex 401.38514128631454 -6.963575490862936 20.25
    endloop
  endfacet
  facet normal -0.24298017990326568 0.9700312531945436 0
    outer loop
      vertex 401.38514128631454 -6.963575490862936 20.25
      vertex 401.38514128631454 -6.963575490862936 25.25
      vertex 402.0610212085067 -6.794276383698683 20.25
    endloop
  endfacet
  facet normal -0.3368898533922205 0.9415440651830206 0
    outer loop
      vertex 402.0610212085067 -6.794276383698683 20.25
      vertex 402.0610212085067 -6.794276383698683 25.25
      vertex 402.71705236979216 -6.559544680830135 20.25
    endloop
  endfacet
  facet normal -0.4275550934303 0.9039892931234349 0
    outer loop
      vertex 402.71705236979216 -6.559544680830135 20.25
      vertex 402.71705236979216 -6.559544680830135 25.25
      vertex 403.34691683146457 -6.261640976873321 20.25
    endloop
  endfacet
  facet normal 0 0 -1
    outer loop
      vertex 400.6959216963399 -7.065811559372598 20.25
      vertex 401.38514128631454 -6.963575490862936 20.25
      vertex 419.3040783036601 -7.065811559372598 20.25
    endloop
  endfacet
  facet normal 0 0 -1
    outer loop
      vertex 401.38514128631454 -6.963575490862936 20.25
      vertex 402.0610212085067 -6.794276383698683 20.25
      vertex 418.61485871368546 -6.963575490862936 20.25
    endloop
  endfacet
  facet normal 0 0 -1
    outer loop
      vertex 402.0610212085067 -6.794276383698683 20.25
      vertex 402.71705236979216 -6.559544680830135 20.25
      vertex 417.9389787914933 -6.794276383698683 20.25
    endloop
  endfacet
  facet normal 0 0 -1
    outer loop
      vertex 402.71705236979216 -6.559544680830135 20.25
      vertex 403.34691683146457 -6.261640976873321 20.25
      vertex 417.28294763020784 -6.559544680830135 20.25
    endloop
  endfacet
  facet normal 0 0 -1
    outer loop
      vertex 417.9389787914933 -6.794276383698683 20.25
      vertex 418.61485871368546 -6.963575490862936 20.25
      vertex 402.0610212085067 -6.794276383698683 20.25
    endloop
  endfacet
  facet normal 0 0 -1
    outer loop
      vertex 418.61485871368546 -6.963575490862936 20.25
      vertex 419.3040783036601 -7.065811559372598 20.25
      vertex 401.38514128631454 -6.963575490862936 20.25
    endloop
  endfacet
  facet normal 0 0 -1
    outer loop
      vertex 417.28294763020784 -6.559544680830135 20.25
      vertex 417.9389787914933 -6.794276383698683 20.25
      vertex 402.71705236979216 -6.559544680830135 20.25
    endloop
  endfacet
  facet normal 0 0 -1
    outer loop
      vertex 416.65308316853543 -6.261640976873321 20.25
      vertex 417.28294763020784 -6.559544680830135 20.25
      vertex 403.34691683146457 -6.261640976873321 20.25
    endloop
  endfacet
  facet normal 0.4275550934303 0.9039892931234349 0
    outer loop
      vertex 416.65308316853543 -6.261640976873321 20.25
      vertex 416.65308316853543 -6.261640976873321 25.25
      vertex 417.28294763020784 -6.559544680830135 20.25
    endloop
  endfacet
  facet normal 0.3368898533922205 0.9415440651830206 0
    outer loop
      vertex 417.28294763020784 -6.559544680830135 20.25
      vertex 417.28294763020784 -6.559544680830135 25.25
      vertex 417.9389787914933 -6.794276383698683 20.25
    endloop
  endfacet
  facet normal 0 0 1
    outer loop
      vertex 330.25 -20.25 25.25
      vertex 437.9389787914933 -6.794276383698683 25.25
      vertex 437.28294763020784 -6.559544680830135 25.25
    endloop
  endfacet
  facet normal 0 0 1
    outer loop
      vertex 330.25 -20.25 25.25
      vertex 438.61485871368546 -6.963575490862936 25.25
      vertex 437.9389787914933 -6.794276383698683 25.25
    endloop
  endfacet
  facet normal 0 0 1
    outer loop
      vertex 330.25 -20.25 25.25
      vertex 440 -7.1 25.25
      vertex 439.3040783036601 -7.065811559372598 25.25
    endloop
  endfacet
  facet normal 0 0 1
    outer loop
      vertex 330.25 -20.25 25.25
      vertex 440.6959216963399 -7.065811559372598 25.25
      vertex 440 -7.1 25.25
    endloop
  endfacet
  facet normal 0 0 1
    outer loop
      vertex 330.25 -20.25 25.25
      vertex 439.3040783036601 -7.065811559372598 25.25
      vertex 438.61485871368546 -6.963575490862936 25.25
    endloop
  endfacet
  facet normal 0.4275550934303 0.9039892931234349 0
    outer loop
      vertex 397.28294763020784 -6.559544680830135 20.25
      vertex 396.65308316853543 -6.261640976873321 25.25
      vertex 397.28294763020784 -6.559544680830135 25.25
    endloop
  endfacet
  facet normal 0.3368898533922205 0.9415440651830206 0
    outer loop
      vertex 397.9389787914933 -6.794276383698683 20.25
      vertex 397.28294763020784 -6.559544680830135 25.25
      vertex 397.9389787914933 -6.794276383698683 25.25
    endloop
  endfacet
  facet normal 0.24298017990326568 0.9700312531945436 0
    outer loop
      vertex 398.61485871368546 -6.963575490862936 20.25
      vertex 397.9389787914933 -6.794276383698683 25.25
      vertex 398.61485871368546 -6.963575490862936 25.25
    endloop
  endfacet
  facet normal 0.14673047445536047 0.9891765099647811 0
    outer loop
      vertex 399.3040783036601 -7.065811559372598 20.25
      vertex 398.61485871368546 -6.963575490862936 25.25
      vertex 399.3040783036601 -7.065811559372598 25.25
    endloop
  endfacet
  facet normal 0.04906767432741624 0.9987954562051725 0
    outer loop
      vertex 400 -7.1 20.25
      vertex 399.3040783036601 -7.065811559372598 25.25
      vertex 400 -7.1 25.25
    endloop
  endfacet
  facet normal -0.04906767432741624 0.9987954562051725 0
    outer loop
      vertex 400.6959216963399 -7.065811559372598 20.25
      vertex 400 -7.1 25.25
      vertex 400.6959216963399 -7.065811559372598 25.25
    endloop
  endfacet
  facet normal -0.14673047445536047 0.9891765099647811 0
    outer loop
      vertex 401.38514128631454 -6.963575490862936 20.25
      vertex 400.6959216963399 -7.065811559372598 25.25
      vertex 401.38514128631454 -6.963575490862936 25.25
    endloop
  endfacet
  facet normal -0.24298017990326568 0.9700312531945436 0
    outer loop
      vertex 402.0610212085067 -6.794276383698683 20.25
      vertex 401.38514128631454 -6.963575490862936 25.25
      vertex 402.0610212085067 -6.794276383698683 25.25
    endloop
  endfacet
  facet normal -0.3368898533922205 0.9415440651830206 0
    outer loop
      vertex 402.71705236979216 -6.559544680830135 20.25
      vertex 402.0610212085067 -6.794276383698683 25.25
      vertex 402.71705236979216 -6.559544680830135 25.25
    endloop
  endfacet
  facet normal -0.4275550934303 0.9039892931234349 0
    outer loop
      vertex 403.34691683146457 -6.261640976873321 20.25
      vertex 402.71705236979216 -6.559544680830135 25.25
      vertex 403.34691683146457 -6.261640976873321 25.25
    endloop
  endfacet
  facet normal 0.3368898533922205 0.9415440651830206 0
    outer loop
      vertex 417.9389787914933 -6.794276383698683 20.25
      vertex 417.28294763020784 -6.559544680830135 25.25
      vertex 417.9389787914933 -6.794276383698683 25.25
    endloop
  endfacet
  facet normal 0.4275550934303 0.9039892931234349 0
    outer loop
      vertex 417.28294763020784 -6.559544680830135 20.25
      vertex 416.65308316853543 -6.261640976873321 25.25
      vertex 417.28294763020784 -6.559544680830135 25.25
    endloop
  endfacet
  facet normal 0 0 1
    outer loop
      vertex 401.38514128631454 -6.963575490862936 25.25
      vertex 400.6959216963399 -7.065811559372598 25.25
      vertex 418.61485871368546 -6.963575490862936 25.25
    endloop
  endfacet
  facet normal 0 0 1
    outer loop
      vertex 402.0610212085067 -6.794276383698683 25.25
      vertex 401.38514128631454 -6.963575490862936 25.25
      vertex 417.9389787914933 -6.794276383698683 25.25
    endloop
  endfacet
  facet normal 0 0 1
    outer loop
      vertex 402.71705236979216 -6.559544680830135 25.25
      vertex 402.0610212085067 -6.794276383698683 25.25
      vertex 417.28294763020784 -6.559544680830135 25.25
    endloop
  endfacet
  facet normal 0 0 1
    outer loop
      vertex 403.34691683146457 -6.261640976873321 25.25
      vertex 402.71705236979216 -6.559544680830135 25.25
      vertex 416.65308316853543 -6.261640976873321 25.25
    endloop
  endfacet
  facet normal 0 0 1
    outer loop
      vertex 402.71705236979216 -6.559544680830135 25.25
      vertex 417.28294763020784 -6.559544680830135 25.25
      vertex 416.65308316853543 -6.261640976873321 25.25
    endloop
  endfacet
  facet normal 0 0 1
    outer loop
      vertex 400.6959216963399 -7.065811559372598 25.25
      vertex 419.3040783036601 -7.065811559372598 25.25
      vertex 418.61485871368546 -6.963575490862936 25.25
    endloop
  endfacet
  facet normal 0 0 1
    outer loop
      vertex 401.38514128631454 -6.963575490862936 25.25
      vertex 418.61485871368546 -6.963575490862936 25.25
      vertex 417.9389787914933 -6.794276383698683 25.25
    endloop
  endfacet
  facet normal 0 0 1
    outer loop
      vertex 402.0610212085067 -6.794276383698683 25.25
      vertex 417.9389787914933 -6.794276383698683 25.25
      vertex 417.28294763020784 -6.559544680830135 25.25
    endloop
  endfacet
  facet normal 0.5141027441932049 0.8577286100002821 0
    outer loop
      vertex 396.0554513455608 -5.903434247348071 20.25
      vertex 396.0554513455608 -5.903434247348071 25.25
      vertex 396.65308316853543 -6.261640976873321 20.25
    endloop
  endfacet
  facet normal -0.5141027441932049 0.8577286100002821 0
    outer loop
      vertex 403.34691683146457 -6.261640976873321 20.25
      vertex 403.34691683146457 -6.261640976873321 25.25
      vertex 403.9445486544392 -5.903434247348071 20.25
    endloop
  endfacet
  facet normal -0.5956993044924381 0.8032075314806414 0
    outer loop
      vertex 403.9445486544392 -5.903434247348071 20.25
      vertex 403.9445486544392 -5.903434247348071 25.25
      vertex 404.5041923175619 -5.488374218875433 20.25
    endloop
  endfacet
  facet normal -0.6715589548470419 0.7409511253549379 0
    outer loop
      vertex 404.5041923175619 -5.488374218875433 20.25
      vertex 404.5041923175619 -5.488374218875433 25.25
      vertex 405.02045814642446 -5.020458146424487 20.25
    endloop
  endfacet
  facet normal -0.7409511253549376 0.6715589548470421 0
    outer loop
      vertex 405.02045814642446 -5.020458146424487 20.25
      vertex 405.02045814642446 -5.020458146424487 25.25
      vertex 405.48837421887544 -4.504192317561882 20.25
    endloop
  endfacet
  facet normal -0.803207531480655 0.5956993044924198 0
    outer loop
      vertex 405.90343424734806 -3.9445486544391755 20.25
      vertex 405.48837421887544 -4.504192317561882 20.25
      vertex 405.48837421887544 -4.504192317561882 25.25
    endloop
  endfacet
  facet normal -0.8577286100002717 0.5141027441932223 0
    outer loop
      vertex 406.2616409768733 -3.346916831464583 20.25
      vertex 405.90343424734806 -3.9445486544391755 20.25
      vertex 405.90343424734806 -3.9445486544391755 25.25
    endloop
  endfacet
  facet normal -0.9039892931234408 0.4275550934302873 0
    outer loop
      vertex 406.55954468083013 -2.717052369792137 20.25
      vertex 406.2616409768733 -3.346916831464583 20.25
      vertex 406.2616409768733 -3.346916831464583 25.25
    endloop
  endfacet
  facet normal -0.9415440651830222 0.33688985339221594 0
    outer loop
      vertex 406.7942763836987 -2.0610212085066824 20.25
      vertex 406.55954468083013 -2.717052369792137 20.25
      vertex 406.55954468083013 -2.717052369792137 25.25
    endloop
  endfacet
  facet normal 0 0 -1
    outer loop
      vertex 403.34691683146457 -6.261640976873321 20.25
      vertex 403.9445486544392 -5.903434247348071 20.25
      vertex 416.65308316853543 -6.261640976873321 20.25
    endloop
  endfacet
  facet normal 0 0 -1
    outer loop
      vertex 403.9445486544392 -5.903434247348071 20.25
      vertex 404.5041923175619 -5.488374218875433 20.25
      vertex 416.0554513455608 -5.903434247348071 20.25
    endloop
  endfacet
  facet normal 0 0 -1
    outer loop
      vertex 404.5041923175619 -5.488374218875433 20.25
      vertex 405.02045814642446 -5.020458146424487 20.25
      vertex 415.4958076824381 -5.488374218875433 20.25
    endloop
  endfacet
  facet normal 0 0 -1
    outer loop
      vertex 405.02045814642446 -5.020458146424487 20.25
      vertex 405.48837421887544 -4.504192317561882 20.25
      vertex 414.97954185357554 -5.020458146424487 20.25
    endloop
  endfacet
  facet normal 0 0 -1
    outer loop
      vertex 403.9445486544392 -5.903434247348071 20.25
      vertex 416.0554513455608 -5.903434247348071 20.25
      vertex 416.65308316853543 -6.261640976873321 20.25
    endloop
  endfacet
  facet normal 0 0 -1
    outer loop
      vertex 404.5041923175619 -5.488374218875433 20.25
      vertex 415.4958076824381 -5.488374218875433 20.25
      vertex 416.0554513455608 -5.903434247348071 20.25
    endloop
  endfacet
  facet normal 0 0 -1
    outer loop
      vertex 405.02045814642446 -5.020458146424487 20.25
      vertex 414.97954185357554 -5.020458146424487 20.25
      vertex 415.4958076824381 -5.488374218875433 20.25
    endloop
  endfacet
  facet normal 0 0 -1
    outer loop
      vertex 405.90343424734806 -3.9445486544391755 20.25
      vertex 414.51162578112456 -4.504192317561882 20.25
      vertex 405.48837421887544 -4.504192317561882 20.25
    endloop
  endfacet
  facet normal 0 0 -1
    outer loop
      vertex 406.2616409768733 -3.346916831464583 20.25
      vertex 414.09656575265194 -3.9445486544391755 20.25
      vertex 405.90343424734806 -3.9445486544391755 20.25
    endloop
  endfacet
  facet normal 0 0 -1
    outer loop
      vertex 414.97954185357554 -5.020458146424487 20.25
      vertex 405.48837421887544 -4.504192317561882 20.25
      vertex 414.51162578112456 -4.504192317561882 20.25
    endloop
  endfacet
  facet normal 0 0 -1
    outer loop
      vertex 405.90343424734806 -3.9445486544391755 20.25
      vertex 414.09656575265194 -3.9445486544391755 20.25
      vertex 414.51162578112456 -4.504192317561882 20.25
    endloop
  endfacet
  facet normal 0 0 -1
    outer loop
      vertex 414.09656575265194 -3.9445486544391755 20.25
      vertex 406.2616409768733 -3.346916831464583 20.25
      vertex 413.7383590231267 -3.346916831464583 20.25
    endloop
  endfacet
  facet normal 0.5141027441932049 0.8577286100002821 0
    outer loop
      vertex 416.0554513455608 -5.903434247348071 20.25
      vertex 416.0554513455608 -5.903434247348071 25.25
      vertex 416.65308316853543 -6.261640976873321 20.25
    endloop
  endfacet
  facet normal 0.5956993044924381 0.8032075314806414 0
    outer loop
      vertex 415.4958076824381 -5.488374218875433 20.25
      vertex 415.4958076824381 -5.488374218875433 25.25
      vertex 416.0554513455608 -5.903434247348071 20.25
    endloop
  endfacet
  facet normal 0.6715589548470419 0.7409511253549379 0
    outer loop
      vertex 415.4958076824381 -5.488374218875433 20.25
      vertex 414.97954185357554 -5.020458146424487 20.25
      vertex 414.97954185357554 -5.020458146424487 25.25
    endloop
  endfacet
  facet normal 0.7409511253549376 0.6715589548470421 0
    outer loop
      vertex 414.97954185357554 -5.020458146424487 20.25
      vertex 414.51162578112456 -4.504192317561882 20.25
      vertex 414.51162578112456 -4.504192317561882 25.25
    endloop
  endfacet
  facet normal 0.803207531480655 0.5956993044924198 0
    outer loop
      vertex 414.51162578112456 -4.504192317561882 20.25
      vertex 414.09656575265194 -3.9445486544391755 20.25
      vertex 414.09656575265194 -3.9445486544391755 25.25
    endloop
  endfacet
  facet normal 0.8577286100002717 0.5141027441932223 0
    outer loop
      vertex 414.09656575265194 -3.9445486544391755 20.25
      vertex 413.7383590231267 -3.346916831464583 20.25
      vertex 413.7383590231267 -3.346916831464583 25.25
    endloop
  endfacet
  facet normal 0 0 -1
    outer loop
      vertex 406.55954468083013 -2.717052369792137 20.25
      vertex 413.7383590231267 -3.346916831464583 20.25
      vertex 406.2616409768733 -3.346916831464583 20.25
    endloop
  endfacet
  facet normal 0 0 -1
    outer loop
      vertex 406.7942763836987 -2.0610212085066824 20.25
      vertex 413.44045531916987 -2.717052369792137 20.25
      vertex 406.55954468083013 -2.717052369792137 20.25
    endloop
  endfacet
  facet normal 0 0 -1
    outer loop
      vertex 406.9635754908629 -1.3851412863145105 20.25
      vertex 413.2057236163013 -2.0610212085066824 20.25
      vertex 406.7942763836987 -2.0610212085066824 20.25
    endloop
  endfacet
  facet normal 0 0 -1
    outer loop
      vertex 406.55954468083013 -2.717052369792137 20.25
      vertex 413.44045531916987 -2.717052369792137 20.25
      vertex 413.7383590231267 -3.346916831464583 20.25
    endloop
  endfacet
  facet normal 0 0 -1
    outer loop
      vertex 413.44045531916987 -2.717052369792137 20.25
      vertex 406.7942763836987 -2.0610212085066824 20.25
      vertex 413.2057236163013 -2.0610212085066824 20.25
    endloop
  endfacet
  facet normal 0 0 -1
    outer loop
      vertex 406.9635754908629 -1.3851412863145105 20.25
      vertex 413.0364245091371 -1.3851412863145105 20.25
      vertex 413.2057236163013 -2.0610212085066824 20.25
    endloop
  endfacet
  facet normal 0 0 -1
    outer loop
      vertex 407.0658115593726 -0.6959216963398802 20.25
      vertex 413.0364245091371 -1.3851412863145105 20.25
      vertex 406.9635754908629 -1.3851412863145105 20.25
    endloop
  endfacet
  facet normal 0 0 -1
    outer loop
      vertex 412.9341884406274 -0.6959216963398802 20.25
      vertex 407.0658115593726 -0.6959216963398802 20.25
      vertex 407.1 0 20.25
    endloop
  endfacet
  facet normal 0 0 -1
    outer loop
      vertex 413.0364245091371 -1.3851412863145105 20.25
      vertex 407.0658115593726 -0.6959216963398802 20.25
      vertex 412.9341884406274 -0.6959216963398802 20.25
    endloop
  endfacet
  facet normal 0 0 -1
    outer loop
      vertex 412.9341884406274 -0.6959216963398802 20.25
      vertex 407.1 0 20.25
      vertex 412.9 0 20.25
    endloop
  endfacet
  facet normal -0.9700312531945452 0.242980179903259 0
    outer loop
      vertex 406.9635754908629 -1.3851412863145105 20.25
      vertex 406.7942763836987 -2.0610212085066824 20.25
      vertex 406.7942763836987 -2.0610212085066824 25.25
    endloop
  endfacet
  facet normal -0.9891765099647766 0.14673047445539142 0
    outer loop
      vertex 407.0658115593726 -0.6959216963398802 20.25
      vertex 406.9635754908629 -1.3851412863145105 20.25
      vertex 406.9635754908629 -1.3851412863145105 25.25
    endloop
  endfacet
  facet normal -0.9987954562051713 0.04906767432744013 0
    outer loop
      vertex 407.0658115593726 -0.6959216963398802 20.25
      vertex 407.0658115593726 -0.6959216963398802 25.25
      vertex 407.1 0 20.25
    endloop
  endfacet
  facet normal 0.9039892931234408 0.4275550934302873 0
    outer loop
      vertex 413.7383590231267 -3.346916831464583 20.25
      vertex 413.44045531916987 -2.717052369792137 20.25
      vertex 413.44045531916987 -2.717052369792137 25.25
    endloop
  endfacet
  facet normal 0.9415440651830222 0.33688985339221594 0
    outer loop
      vertex 413.44045531916987 -2.717052369792137 20.25
      vertex 413.2057236163013 -2.0610212085066824 20.25
      vertex 413.2057236163013 -2.0610212085066824 25.25
    endloop
  endfacet
  facet normal 0.9700312531945452 0.242980179903259 0
    outer loop
      vertex 413.2057236163013 -2.0610212085066824 20.25
      vertex 413.0364245091371 -1.3851412863145105 20.25
      vertex 413.0364245091371 -1.3851412863145105 25.25
    endloop
  endfacet
  facet normal 0.9891765099647766 0.14673047445539142 0
    outer loop
      vertex 413.0364245091371 -1.3851412863145105 20.25
      vertex 412.9341884406274 -0.6959216963398802 20.25
      vertex 412.9341884406274 -0.6959216963398802 25.25
    endloop
  endfacet
  facet normal 0.9987954562051713 0.04906767432744013 0
    outer loop
      vertex 412.9341884406274 -0.6959216963398802 20.25
      vertex 412.9 0 20.25
      vertex 412.9 0 25.25
    endloop
  endfacet
  facet normal 0.5141027441932049 0.8577286100002821 0
    outer loop
      vertex 396.65308316853543 -6.261640976873321 20.25
      vertex 396.0554513455608 -5.903434247348071 25.25
      vertex 396.65308316853543 -6.261640976873321 25.25
    endloop
  endfacet
  facet normal -0.5141027441932049 0.8577286100002821 0
    outer loop
      vertex 403.9445486544392 -5.903434247348071 20.25
      vertex 403.34691683146457 -6.261640976873321 25.25
      vertex 403.9445486544392 -5.903434247348071 25.25
    endloop
  endfacet
  facet normal -0.5956993044924381 0.8032075314806414 0
    outer loop
      vertex 404.5041923175619 -5.488374218875433 20.25
      vertex 403.9445486544392 -5.903434247348071 25.25
      vertex 404.5041923175619 -5.488374218875433 25.25
    endloop
  endfacet
  facet normal -0.6715589548470419 0.7409511253549379 0
    outer loop
      vertex 405.02045814642446 -5.020458146424487 20.25
      vertex 404.5041923175619 -5.488374218875433 25.25
      vertex 405.02045814642446 -5.020458146424487 25.25
    endloop
  endfacet
  facet normal -0.7409511253549376 0.6715589548470421 0
    outer loop
      vertex 405.48837421887544 -4.504192317561882 20.25
      vertex 405.02045814642446 -5.020458146424487 25.25
      vertex 405.48837421887544 -4.504192317561882 25.25
    endloop
  endfacet
  facet normal -0.803207531480655 0.5956993044924198 0
    outer loop
      vertex 405.90343424734806 -3.9445486544391755 20.25
      vertex 405.48837421887544 -4.504192317561882 25.25
      vertex 405.90343424734806 -3.9445486544391755 25.25
    endloop
  endfacet
  facet normal -0.8577286100002717 0.5141027441932223 0
    outer loop
      vertex 406.2616409768733 -3.346916831464583 20.25
      vertex 405.90343424734806 -3.9445486544391755 25.25
      vertex 406.2616409768733 -3.346916831464583 25.25
    endloop
  endfacet
  facet normal -0.9039892931234408 0.4275550934302873 0
    outer loop
      vertex 406.55954468083013 -2.717052369792137 20.25
      vertex 406.2616409768733 -3.346916831464583 25.25
      vertex 406.55954468083013 -2.717052369792137 25.25
    endloop
  endfacet
  facet normal -0.9415440651830222 0.33688985339221594 0
    outer loop
      vertex 406.7942763836987 -2.0610212085066824 20.25
      vertex 406.55954468083013 -2.717052369792137 25.25
      vertex 406.7942763836987 -2.0610212085066824 25.25
    endloop
  endfacet
  facet normal 0.7409511253549376 0.6715589548470421 0
    outer loop
      vertex 414.97954185357554 -5.020458146424487 20.25
      vertex 414.51162578112456 -4.504192317561882 25.25
      vertex 414.97954185357554 -5.020458146424487 25.25
    endloop
  endfacet
  facet normal 0.5956993044924381 0.8032075314806414 0
    outer loop
      vertex 416.0554513455608 -5.903434247348071 20.25
      vertex 415.4958076824381 -5.488374218875433 25.25
      vertex 416.0554513455608 -5.903434247348071 25.25
    endloop
  endfacet
  facet normal 0.5141027441932049 0.8577286100002821 0
    outer loop
      vertex 416.65308316853543 -6.261640976873321 20.25
      vertex 416.0554513455608 -5.903434247348071 25.25
      vertex 416.65308316853543 -6.261640976873321 25.25
    endloop
  endfacet
  facet normal 0.6715589548470419 0.7409511253549379 0
    outer loop
      vertex 415.4958076824381 -5.488374218875433 20.25
      vertex 414.97954185357554 -5.020458146424487 25.25
      vertex 415.4958076824381 -5.488374218875433 25.25
    endloop
  endfacet
  facet normal 0.803207531480655 0.5956993044924198 0
    outer loop
      vertex 414.51162578112456 -4.504192317561882 20.25
      vertex 414.09656575265194 -3.9445486544391755 25.25
      vertex 414.51162578112456 -4.504192317561882 25.25
    endloop
  endfacet
  facet normal 0.8577286100002717 0.5141027441932223 0
    outer loop
      vertex 414.09656575265194 -3.9445486544391755 20.25
      vertex 413.7383590231267 -3.346916831464583 25.25
      vertex 414.09656575265194 -3.9445486544391755 25.25
    endloop
  endfacet
  facet normal 0 0 1
    outer loop
      vertex 403.9445486544392 -5.903434247348071 25.25
      vertex 403.34691683146457 -6.261640976873321 25.25
      vertex 416.0554513455608 -5.903434247348071 25.25
    endloop
  endfacet
  facet normal 0 0 1
    outer loop
      vertex 404.5041923175619 -5.488374218875433 25.25
      vertex 403.9445486544392 -5.903434247348071 25.25
      vertex 415.4958076824381 -5.488374218875433 25.25
    endloop
  endfacet
  facet normal 0 0 1
    outer loop
      vertex 405.02045814642446 -5.020458146424487 25.25
      vertex 404.5041923175619 -5.488374218875433 25.25
      vertex 414.97954185357554 -5.020458146424487 25.25
    endloop
  endfacet
  facet normal 0 0 1
    outer loop
      vertex 403.34691683146457 -6.261640976873321 25.25
      vertex 416.65308316853543 -6.261640976873321 25.25
      vertex 416.0554513455608 -5.903434247348071 25.25
    endloop
  endfacet
  facet normal 0 0 1
    outer loop
      vertex 403.9445486544392 -5.903434247348071 25.25
      vertex 416.0554513455608 -5.903434247348071 25.25
      vertex 415.4958076824381 -5.488374218875433 25.25
    endloop
  endfacet
  facet normal 0 0 1
    outer loop
      vertex 404.5041923175619 -5.488374218875433 25.25
      vertex 415.4958076824381 -5.488374218875433 25.25
      vertex 414.97954185357554 -5.020458146424487 25.25
    endloop
  endfacet
  facet normal 0 0 1
    outer loop
      vertex 405.02045814642446 -5.020458146424487 25.25
      vertex 414.97954185357554 -5.020458146424487 25.25
      vertex 414.51162578112456 -4.504192317561882 25.25
    endloop
  endfacet
  facet normal 0 0 1
    outer loop
      vertex 405.02045814642446 -5.020458146424487 25.25
      vertex 414.51162578112456 -4.504192317561882 25.25
      vertex 405.48837421887544 -4.504192317561882 25.25
    endloop
  endfacet
  facet normal 0 0 1
    outer loop
      vertex 405.48837421887544 -4.504192317561882 25.25
      vertex 414.09656575265194 -3.9445486544391755 25.25
      vertex 405.90343424734806 -3.9445486544391755 25.25
    endloop
  endfacet
  facet normal 0 0 1
    outer loop
      vertex 405.90343424734806 -3.9445486544391755 25.25
      vertex 413.7383590231267 -3.346916831464583 25.25
      vertex 406.2616409768733 -3.346916831464583 25.25
    endloop
  endfacet
  facet normal 0 0 1
    outer loop
      vertex 405.48837421887544 -4.504192317561882 25.25
      vertex 414.51162578112456 -4.504192317561882 25.25
      vertex 414.09656575265194 -3.9445486544391755 25.25
    endloop
  endfacet
  facet normal 0 0 1
    outer loop
      vertex 405.90343424734806 -3.9445486544391755 25.25
      vertex 414.09656575265194 -3.9445486544391755 25.25
      vertex 413.7383590231267 -3.346916831464583 25.25
    endloop
  endfacet
  facet normal -0.9700312531945452 0.242980179903259 0
    outer loop
      vertex 406.9635754908629 -1.3851412863145105 20.25
      vertex 406.7942763836987 -2.0610212085066824 25.25
      vertex 406.9635754908629 -1.3851412863145105 25.25
    endloop
  endfacet
  facet normal -0.9891765099647766 0.14673047445539142 0
    outer loop
      vertex 407.0658115593726 -0.6959216963398802 20.25
      vertex 406.9635754908629 -1.3851412863145105 25.25
      vertex 407.0658115593726 -0.6959216963398802 25.25
    endloop
  endfacet
  facet normal -0.9987954562051713 0.04906767432744013 0
    outer loop
      vertex 407.1 0 20.25
      vertex 407.0658115593726 -0.6959216963398802 25.25
      vertex 407.1 0 25.25
    endloop
  endfacet
  facet normal 0.9039892931234408 0.4275550934302873 0
    outer loop
      vertex 413.7383590231267 -3.346916831464583 20.25
      vertex 413.44045531916987 -2.717052369792137 25.25
      vertex 413.7383590231267 -3.346916831464583 25.25
    endloop
  endfacet
  facet normal 0.9415440651830222 0.33688985339221594 0
    outer loop
      vertex 413.44045531916987 -2.717052369792137 20.25
      vertex 413.2057236163013 -2.0610212085066824 25.25
      vertex 413.44045531916987 -2.717052369792137 25.25
    endloop
  endfacet
  facet normal 0.9700312531945452 0.242980179903259 0
    outer loop
      vertex 413.2057236163013 -2.0610212085066824 20.25
      vertex 413.0364245091371 -1.3851412863145105 25.25
      vertex 413.2057236163013 -2.0610212085066824 25.25
    endloop
  endfacet
  facet normal 0.9891765099647766 0.14673047445539142 0
    outer loop
      vertex 413.0364245091371 -1.3851412863145105 20.25
      vertex 412.9341884406274 -0.6959216963398802 25.25
      vertex 413.0364245091371 -1.3851412863145105 25.25
    endloop
  endfacet
  facet normal 0.9987954562051713 0.04906767432744013 0
    outer loop
      vertex 412.9 0 25.25
      vertex 412.9341884406274 -0.6959216963398802 25.25
      vertex 412.9341884406274 -0.6959216963398802 20.25
    endloop
  endfacet
  facet normal 0 0 1
    outer loop
      vertex 406.2616409768733 -3.346916831464583 25.25
      vertex 413.44045531916987 -2.717052369792137 25.25
      vertex 406.55954468083013 -2.717052369792137 25.25
    endloop
  endfacet
  facet normal 0 0 1
    outer loop
      vertex 406.55954468083013 -2.717052369792137 25.25
      vertex 413.2057236163013 -2.0610212085066824 25.25
      vertex 406.7942763836987 -2.0610212085066824 25.25
    endloop
  endfacet
  facet normal 0 0 1
    outer loop
      vertex 406.2616409768733 -3.346916831464583 25.25
      vertex 413.7383590231267 -3.346916831464583 25.25
      vertex 413.44045531916987 -2.717052369792137 25.25
    endloop
  endfacet
  facet normal 0 0 1
    outer loop
      vertex 406.55954468083013 -2.717052369792137 25.25
      vertex 413.44045531916987 -2.717052369792137 25.25
      vertex 413.2057236163013 -2.0610212085066824 25.25
    endloop
  endfacet
  facet normal 0 0 1
    outer loop
      vertex 406.7942763836987 -2.0610212085066824 25.25
      vertex 413.2057236163013 -2.0610212085066824 25.25
      vertex 413.0364245091371 -1.3851412863145105 25.25
    endloop
  endfacet
  facet normal 0 0 1
    outer loop
      vertex 412.9 0 25.25
      vertex 406.9635754908629 -1.3851412863145105 25.25
      vertex 406.7942763836987 -2.0610212085066824 25.25
    endloop
  endfacet
  facet normal 0 0 1
    outer loop
      vertex 412.9 0 25.25
      vertex 407.0658115593726 -0.6959216963398802 25.25
      vertex 406.9635754908629 -1.3851412863145105 25.25
    endloop
  endfacet
  facet normal 0 0 1
    outer loop
      vertex 412.9 0 25.25
      vertex 407.1 0 25.25
      vertex 407.0658115593726 -0.6959216963398802 25.25
    endloop
  endfacet
  facet normal 0 0 1
    outer loop
      vertex 406.7942763836987 -2.0610212085066824 25.25
      vertex 412.9341884406274 -0.6959216963398802 25.25
      vertex 412.9 0 25.25
    endloop
  endfacet
  facet normal 0 0 1
    outer loop
      vertex 406.7942763836987 -2.0610212085066824 25.25
      vertex 413.0364245091371 -1.3851412863145105 25.25
      vertex 412.9341884406274 -0.6959216963398802 25.25
    endloop
  endfacet
  facet normal -1 0 0
    outer loop
      vertex 330.25 20.25 0.25
      vertex 330.25 25.25 25.25
      vertex 330.25 25.25 0.25
    endloop
  endfacet
  facet normal 0 0 -1
    outer loop
      vertex 330.25 20.25 0.25
      vertex 330.25 25.25 0.25
      vertex 500.25 25.25 0.25
    endloop
  endfacet
  facet normal 0 -1 0
    outer loop
      vertex 330.25 20.25 0.25
      vertex 500.25 20.25 0.25
      vertex 330.25 20.25 20.25
    endloop
  endfacet
  facet normal 0 1 0
    outer loop
      vertex 330.25 25.25 0.25
      vertex 364.25 25.25 20.25
      vertex 500.25 25.25 0.25
    endloop
  endfacet
  facet normal 0 0 -1
    outer loop
      vertex 330.25 -20.25 20.25
      vertex 330.25 20.25 20.25
      vertex 332.9 0 20.25
    endloop
  endfacet
  facet normal 0.9987954562051713 -0.04906767432744013 0
    outer loop
      vertex 332.9 0 20.25
      vertex 332.9341884406274 0.6959216963398802 20.25
      vertex 332.9341884406274 0.6959216963398802 25.25
    endloop
  endfacet
  facet normal 0.9891765099647766 -0.14673047445539142 0
    outer loop
      vertex 332.9341884406274 0.6959216963398802 20.25
      vertex 333.0364245091371 1.3851412863145105 20.25
      vertex 333.0364245091371 1.3851412863145105 25.25
    endloop
  endfacet
  facet normal 0.9700312531945452 -0.242980179903259 0
    outer loop
      vertex 333.0364245091371 1.3851412863145105 20.25
      vertex 333.2057236163013 2.0610212085066824 20.25
      vertex 333.2057236163013 2.0610212085066824 25.25
    endloop
  endfacet
  facet normal 0.9415440651830222 -0.33688985339221594 0
    outer loop
      vertex 333.2057236163013 2.0610212085066824 20.25
      vertex 333.44045531916987 2.717052369792137 20.25
      vertex 333.44045531916987 2.717052369792137 25.25
    endloop
  endfacet
  facet normal 0.9039892931234408 -0.4275550934302873 0
    outer loop
      vertex 333.44045531916987 2.717052369792137 20.25
      vertex 333.7383590231267 3.346916831464583 20.25
      vertex 333.7383590231267 3.346916831464583 25.25
    endloop
  endfacet
  facet normal 0.8577286100002717 -0.5141027441932223 0
    outer loop
      vertex 333.7383590231267 3.346916831464583 20.25
      vertex 334.09656575265194 3.9445486544391755 20.25
      vertex 334.09656575265194 3.9445486544391755 25.25
    endloop
  endfacet
  facet normal 0.803207531480655 -0.5956993044924198 0
    outer loop
      vertex 334.09656575265194 3.9445486544391755 20.25
      vertex 334.51162578112456 4.504192317561882 20.25
      vertex 334.51162578112456 4.504192317561882 25.25
    endloop
  endfacet
  facet normal 0.7409511253549376 -0.6715589548470421 0
    outer loop
      vertex 334.51162578112456 4.504192317561882 20.25
      vertex 334.97954185357554 5.020458146424487 20.25
      vertex 334.97954185357554 5.020458146424487 25.25
    endloop
  endfacet
  facet normal 0.6715589548470419 -0.7409511253549379 0
    outer loop
      vertex 335.4958076824381 5.488374218875433 20.25
      vertex 335.4958076824381 5.488374218875433 25.25
      vertex 334.97954185357554 5.020458146424487 20.25
    endloop
  endfacet
  facet normal 0.5956993044924381 -0.8032075314806414 0
    outer loop
      vertex 336.0554513455608 5.903434247348071 20.25
      vertex 336.0554513455608 5.903434247348071 25.25
      vertex 335.4958076824381 5.488374218875433 20.25
    endloop
  endfacet
  facet normal 0.5141027441932049 -0.8577286100002821 0
    outer loop
      vertex 336.65308316853543 6.261640976873321 20.25
      vertex 336.65308316853543 6.261640976873321 25.25
      vertex 336.0554513455608 5.903434247348071 20.25
    endloop
  endfacet
  facet normal 0 0 -1
    outer loop
      vertex 347.1 0 20.25
      vertex 347.0658115593726 0.6959216963398802 20.25
      vertex 352.9 0 20.25
    endloop
  endfacet
  facet normal 0 0 -1
    outer loop
      vertex 346.9635754908629 1.3851412863145105 20.25
      vertex 352.9341884406274 0.6959216963398802 20.25
      vertex 347.0658115593726 0.6959216963398802 20.25
    endloop
  endfacet
  facet normal 0 0 -1
    outer loop
      vertex 347.0658115593726 0.6959216963398802 20.25
      vertex 352.9341884406274 0.6959216963398802 20.25
      vertex 352.9 0 20.25
    endloop
  endfacet
  facet normal 0 0 -1
    outer loop
      vertex 346.9635754908629 1.3851412863145105 20.25
      vertex 353.0364245091371 1.3851412863145105 20.25
      vertex 352.9341884406274 0.6959216963398802 20.25
    endloop
  endfacet
  facet normal 0 0 -1
    outer loop
      vertex 346.7942763836987 2.0610212085066824 20.25
      vertex 353.0364245091371 1.3851412863145105 20.25
      vertex 346.9635754908629 1.3851412863145105 20.25
    endloop
  endfacet
  facet normal 0 0 -1
    outer loop
      vertex 346.55954468083013 2.717052369792137 20.25
      vertex 353.2057236163013 2.0610212085066824 20.25
      vertex 346.7942763836987 2.0610212085066824 20.25
    endloop
  endfacet
  facet normal 0 0 -1
    outer loop
      vertex 346.2616409768733 3.346916831464583 20.25
      vertex 353.44045531916987 2.717052369792137 20.25
      vertex 346.55954468083013 2.717052369792137 20.25
    endloop
  endfacet
  facet normal 0 0 -1
    outer loop
      vertex 346.7942763836987 2.0610212085066824 20.25
      vertex 353.2057236163013 2.0610212085066824 20.25
      vertex 353.0364245091371 1.3851412863145105 20.25
    endloop
  endfacet
  facet normal 0 0 -1
    outer loop
      vertex 346.55954468083013 2.717052369792137 20.25
      vertex 353.44045531916987 2.717052369792137 20.25
      vertex 353.2057236163013 2.0610212085066824 20.25
    endloop
  endfacet
  facet normal 0 0 -1
    outer loop
      vertex 346.2616409768733 3.346916831464583 20.25
      vertex 353.7383590231267 3.346916831464583 20.25
      vertex 353.44045531916987 2.717052369792137 20.25
    endloop
  endfacet
  facet normal -0.9039892931234408 -0.4275550934302873 0
    outer loop
      vertex 346.2616409768733 3.346916831464583 20.25
      vertex 346.55954468083013 2.717052369792137 20.25
      vertex 346.55954468083013 2.717052369792137 25.25
    endloop
  endfacet
  facet normal -0.9987954562051713 -0.04906767432744013 0
    outer loop
      vertex 347.1 0 20.25
      vertex 347.1 0 25.25
      vertex 347.0658115593726 0.6959216963398802 20.25
    endloop
  endfacet
  facet normal -0.9891765099647766 -0.14673047445539142 0
    outer loop
      vertex 346.9635754908629 1.3851412863145105 20.25
      vertex 347.0658115593726 0.6959216963398802 20.25
      vertex 347.0658115593726 0.6959216963398802 25.25
    endloop
  endfacet
  facet normal -0.9700312531945452 -0.242980179903259 0
    outer loop
      vertex 346.7942763836987 2.0610212085066824 20.25
      vertex 346.9635754908629 1.3851412863145105 20.25
      vertex 346.9635754908629 1.3851412863145105 25.25
    endloop
  endfacet
  facet normal -0.9415440651830222 -0.33688985339221594 0
    outer loop
      vertex 346.55954468083013 2.717052369792137 20.25
      vertex 346.7942763836987 2.0610212085066824 20.25
      vertex 346.7942763836987 2.0610212085066824 25.25
    endloop
  endfacet
  facet normal 0 0 -1
    outer loop
      vertex 345.90343424734806 3.9445486544391755 20.25
      vertex 353.7383590231267 3.346916831464583 20.25
      vertex 346.2616409768733 3.346916831464583 20.25
    endloop
  endfacet
  facet normal 0 0 -1
    outer loop
      vertex 345.48837421887544 4.504192317561882 20.25
      vertex 354.09656575265194 3.9445486544391755 20.25
      vertex 345.90343424734806 3.9445486544391755 20.25
    endloop
  endfacet
  facet normal 0 0 -1
    outer loop
      vertex 345.02045814642446 5.020458146424487 20.25
      vertex 354.51162578112456 4.504192317561882 20.25
      vertex 345.48837421887544 4.504192317561882 20.25
    endloop
  endfacet
  facet normal 0 0 -1
    outer loop
      vertex 345.90343424734806 3.9445486544391755 20.25
      vertex 354.09656575265194 3.9445486544391755 20.25
      vertex 353.7383590231267 3.346916831464583 20.25
    endloop
  endfacet
  facet normal 0 0 -1
    outer loop
      vertex 345.48837421887544 4.504192317561882 20.25
      vertex 354.51162578112456 4.504192317561882 20.25
      vertex 354.09656575265194 3.9445486544391755 20.25
    endloop
  endfacet
  facet normal 0 0 -1
    outer loop
      vertex 345.02045814642446 5.020458146424487 20.25
      vertex 344.5041923175619 5.488374218875433 20.25
      vertex 354.97954185357554 5.020458146424487 20.25
    endloop
  endfacet
  facet normal 0 0 -1
    outer loop
      vertex 344.5041923175619 5.488374218875433 20.25
      vertex 343.9445486544392 5.903434247348071 20.25
      vertex 355.4958076824381 5.488374218875433 20.25
    endloop
  endfacet
  facet normal 0 0 -1
    outer loop
      vertex 343.9445486544392 5.903434247348071 20.25
      vertex 343.34691683146457 6.261640976873321 20.25
      vertex 356.0554513455608 5.903434247348071 20.25
    endloop
  endfacet
  facet normal 0 0 -1
    outer loop
      vertex 345.02045814642446 5.020458146424487 20.25
      vertex 354.97954185357554 5.020458146424487 20.25
      vertex 354.51162578112456 4.504192317561882 20.25
    endloop
  endfacet
  facet normal 0 0 -1
    outer loop
      vertex 344.5041923175619 5.488374218875433 20.25
      vertex 355.4958076824381 5.488374218875433 20.25
      vertex 354.97954185357554 5.020458146424487 20.25
    endloop
  endfacet
  facet normal 0 0 -1
    outer loop
      vertex 343.9445486544392 5.903434247348071 20.25
      vertex 356.0554513455608 5.903434247348071 20.25
      vertex 355.4958076824381 5.488374218875433 20.25
    endloop
  endfacet
  facet normal 0 0 -1
    outer loop
      vertex 343.34691683146457 6.261640976873321 20.25
      vertex 356.65308316853543 6.261640976873321 20.25
      vertex 356.0554513455608 5.903434247348071 20.25
    endloop
  endfacet
  facet normal -0.8577286100002717 -0.5141027441932223 0
    outer loop
      vertex 345.90343424734806 3.9445486544391755 20.25
      vertex 346.2616409768733 3.346916831464583 20.25
      vertex 346.2616409768733 3.346916831464583 25.25
    endloop
  endfacet
  facet normal -0.803207531480655 -0.5956993044924198 0
    outer loop
      vertex 345.48837421887544 4.504192317561882 20.25
      vertex 345.90343424734806 3.9445486544391755 20.25
      vertex 345.90343424734806 3.9445486544391755 25.25
    endloop
  endfacet
  facet normal -0.7409511253549376 -0.6715589548470421 0
    outer loop
      vertex 345.02045814642446 5.020458146424487 20.25
      vertex 345.48837421887544 4.504192317561882 20.25
      vertex 345.48837421887544 4.504192317561882 25.25
    endloop
  endfacet
  facet normal -0.5141027441932049 -0.8577286100002821 0
    outer loop
      vertex 343.9445486544392 5.903434247348071 20.25
      vertex 343.9445486544392 5.903434247348071 25.25
      vertex 343.34691683146457 6.261640976873321 20.25
    endloop
  endfacet
  facet normal -0.6715589548470419 -0.7409511253549379 0
    outer loop
      vertex 345.02045814642446 5.020458146424487 20.25
      vertex 345.02045814642446 5.020458146424487 25.25
      vertex 344.5041923175619 5.488374218875433 20.25
    endloop
  endfacet
  facet normal -0.5956993044924381 -0.8032075314806414 0
    outer loop
      vertex 344.5041923175619 5.488374218875433 20.25
      vertex 344.5041923175619 5.488374218875433 25.25
      vertex 343.9445486544392 5.903434247348071 20.25
    endloop
  endfacet
  facet normal 0.9987954562051713 -0.04906767432744013 0
    outer loop
      vertex 332.9 0 20.25
      vertex 332.9341884406274 0.6959216963398802 25.25
      vertex 332.9 0 25.25
    endloop
  endfacet
  facet normal 0.9891765099647766 -0.14673047445539142 0
    outer loop
      vertex 332.9341884406274 0.6959216963398802 20.25
      vertex 333.0364245091371 1.3851412863145105 25.25
      vertex 332.9341884406274 0.6959216963398802 25.25
    endloop
  endfacet
  facet normal 0.9700312531945452 -0.242980179903259 0
    outer loop
      vertex 333.0364245091371 1.3851412863145105 20.25
      vertex 333.2057236163013 2.0610212085066824 25.25
      vertex 333.0364245091371 1.3851412863145105 25.25
    endloop
  endfacet
  facet normal 0.9415440651830222 -0.33688985339221594 0
    outer loop
      vertex 333.2057236163013 2.0610212085066824 20.25
      vertex 333.44045531916987 2.717052369792137 25.25
      vertex 333.2057236163013 2.0610212085066824 25.25
    endloop
  endfacet
  facet normal 0.9039892931234408 -0.4275550934302873 0
    outer loop
      vertex 333.44045531916987 2.717052369792137 20.25
      vertex 333.7383590231267 3.346916831464583 25.25
      vertex 333.44045531916987 2.717052369792137 25.25
    endloop
  endfacet
  facet normal 0.8577286100002717 -0.5141027441932223 0
    outer loop
      vertex 333.7383590231267 3.346916831464583 20.25
      vertex 334.09656575265194 3.9445486544391755 25.25
      vertex 333.7383590231267 3.346916831464583 25.25
    endloop
  endfacet
  facet normal 0.803207531480655 -0.5956993044924198 0
    outer loop
      vertex 334.09656575265194 3.9445486544391755 20.25
      vertex 334.51162578112456 4.504192317561882 25.25
      vertex 334.09656575265194 3.9445486544391755 25.25
    endloop
  endfacet
  facet normal 0.7409511253549376 -0.6715589548470421 0
    outer loop
      vertex 334.51162578112456 4.504192317561882 20.25
      vertex 334.97954185357554 5.020458146424487 25.25
      vertex 334.51162578112456 4.504192317561882 25.25
    endloop
  endfacet
  facet normal 0.6715589548470419 -0.7409511253549379 0
    outer loop
      vertex 334.97954185357554 5.020458146424487 20.25
      vertex 335.4958076824381 5.488374218875433 25.25
      vertex 334.97954185357554 5.020458146424487 25.25
    endloop
  endfacet
  facet normal 0.5956993044924381 -0.8032075314806414 0
    outer loop
      vertex 335.4958076824381 5.488374218875433 20.25
      vertex 336.0554513455608 5.903434247348071 25.25
      vertex 335.4958076824381 5.488374218875433 25.25
    endloop
  endfacet
  facet normal 0.5141027441932049 -0.8577286100002821 0
    outer loop
      vertex 336.0554513455608 5.903434247348071 20.25
      vertex 336.65308316853543 6.261640976873321 25.25
      vertex 336.0554513455608 5.903434247348071 25.25
    endloop
  endfacet
  facet normal -0.9415440651830222 -0.33688985339221594 0
    outer loop
      vertex 346.55954468083013 2.717052369792137 20.25
      vertex 346.7942763836987 2.0610212085066824 25.25
      vertex 346.55954468083013 2.717052369792137 25.25
    endloop
  endfacet
  facet normal -0.9039892931234408 -0.4275550934302873 0
    outer loop
      vertex 346.2616409768733 3.346916831464583 20.25
      vertex 346.55954468083013 2.717052369792137 25.25
      vertex 346.2616409768733 3.346916831464583 25.25
    endloop
  endfacet
  facet normal -0.9987954562051713 -0.04906767432744013 0
    outer loop
      vertex 347.0658115593726 0.6959216963398802 20.25
      vertex 347.1 0 25.25
      vertex 347.0658115593726 0.6959216963398802 25.25
    endloop
  endfacet
  facet normal -0.9891765099647766 -0.14673047445539142 0
    outer loop
      vertex 346.9635754908629 1.3851412863145105 20.25
      vertex 347.0658115593726 0.6959216963398802 25.25
      vertex 346.9635754908629 1.3851412863145105 25.25
    endloop
  endfacet
  facet normal -0.9700312531945452 -0.242980179903259 0
    outer loop
      vertex 346.7942763836987 2.0610212085066824 20.25
      vertex 346.9635754908629 1.3851412863145105 25.25
      vertex 346.7942763836987 2.0610212085066824 25.25
    endloop
  endfacet
  facet normal 0 0 1
    outer loop
      vertex 347.1 0 25.25
      vertex 352.9341884406274 0.6959216963398802 25.25
      vertex 347.0658115593726 0.6959216963398802 25.25
    endloop
  endfacet
  facet normal 0 0 1
    outer loop
      vertex 347.0658115593726 0.6959216963398802 25.25
      vertex 353.0364245091371 1.3851412863145105 25.25
      vertex 346.9635754908629 1.3851412863145105 25.25
    endloop
  endfacet
  facet normal 0 0 1
    outer loop
      vertex 347.1 0 25.25
      vertex 352.9 0 25.25
      vertex 352.9341884406274 0.6959216963398802 25.25
    endloop
  endfacet
  facet normal 0 0 1
    outer loop
      vertex 353.0364245091371 1.3851412863145105 25.25
      vertex 347.0658115593726 0.6959216963398802 25.25
      vertex 352.9341884406274 0.6959216963398802 25.25
    endloop
  endfacet
  facet normal 0 0 1
    outer loop
      vertex 346.9635754908629 1.3851412863145105 25.25
      vertex 353.2057236163013 2.0610212085066824 25.25
      vertex 346.7942763836987 2.0610212085066824 25.25
    endloop
  endfacet
  facet normal 0 0 1
    outer loop
      vertex 346.7942763836987 2.0610212085066824 25.25
      vertex 353.44045531916987 2.717052369792137 25.25
      vertex 346.55954468083013 2.717052369792137 25.25
    endloop
  endfacet
  facet normal 0 0 1
    outer loop
      vertex 346.55954468083013 2.717052369792137 25.25
      vertex 353.7383590231267 3.346916831464583 25.25
      vertex 346.2616409768733 3.346916831464583 25.25
    endloop
  endfacet
  facet normal 0 0 1
    outer loop
      vertex 346.9635754908629 1.3851412863145105 25.25
      vertex 353.0364245091371 1.3851412863145105 25.25
      vertex 353.2057236163013 2.0610212085066824 25.25
    endloop
  endfacet
  facet normal 0 0 1
    outer loop
      vertex 353.44045531916987 2.717052369792137 25.25
      vertex 346.7942763836987 2.0610212085066824 25.25
      vertex 353.2057236163013 2.0610212085066824 25.25
    endloop
  endfacet
  facet normal 0 0 1
    outer loop
      vertex 346.55954468083013 2.717052369792137 25.25
      vertex 353.44045531916987 2.717052369792137 25.25
      vertex 353.7383590231267 3.346916831464583 25.25
    endloop
  endfacet
  facet normal -0.8577286100002717 -0.5141027441932223 0
    outer loop
      vertex 345.90343424734806 3.9445486544391755 20.25
      vertex 346.2616409768733 3.346916831464583 25.25
      vertex 345.90343424734806 3.9445486544391755 25.25
    endloop
  endfacet
  facet normal -0.803207531480655 -0.5956993044924198 0
    outer loop
      vertex 345.48837421887544 4.504192317561882 20.25
      vertex 345.90343424734806 3.9445486544391755 25.25
      vertex 345.48837421887544 4.504192317561882 25.25
    endloop
  endfacet
  facet normal -0.5141027441932049 -0.8577286100002821 0
    outer loop
      vertex 343.34691683146457 6.261640976873321 20.25
      vertex 343.9445486544392 5.903434247348071 25.25
      vertex 343.34691683146457 6.261640976873321 25.25
    endloop
  endfacet
  facet normal -0.7409511253549376 -0.6715589548470421 0
    outer loop
      vertex 345.02045814642446 5.020458146424487 20.25
      vertex 345.48837421887544 4.504192317561882 25.25
      vertex 345.02045814642446 5.020458146424487 25.25
    endloop
  endfacet
  facet normal -0.6715589548470419 -0.7409511253549379 0
    outer loop
      vertex 344.5041923175619 5.488374218875433 20.25
      vertex 345.02045814642446 5.020458146424487 25.25
      vertex 344.5041923175619 5.488374218875433 25.25
    endloop
  endfacet
  facet normal -0.5956993044924381 -0.8032075314806414 0
    outer loop
      vertex 343.9445486544392 5.903434247348071 20.25
      vertex 344.5041923175619 5.488374218875433 25.25
      vertex 343.9445486544392 5.903434247348071 25.25
    endloop
  endfacet
  facet normal 0 0 1
    outer loop
      vertex 346.2616409768733 3.346916831464583 25.25
      vertex 354.09656575265194 3.9445486544391755 25.25
      vertex 345.90343424734806 3.9445486544391755 25.25
    endloop
  endfacet
  facet normal 0 0 1
    outer loop
      vertex 345.90343424734806 3.9445486544391755 25.25
      vertex 354.51162578112456 4.504192317561882 25.25
      vertex 345.48837421887544 4.504192317561882 25.25
    endloop
  endfacet
  facet normal 0 0 1
    outer loop
      vertex 354.09656575265194 3.9445486544391755 25.25
      vertex 346.2616409768733 3.346916831464583 25.25
      vertex 353.7383590231267 3.346916831464583 25.25
    endloop
  endfacet
  facet normal 0 0 1
    outer loop
      vertex 345.90343424734806 3.9445486544391755 25.25
      vertex 354.09656575265194 3.9445486544391755 25.25
      vertex 354.51162578112456 4.504192317561882 25.25
    endloop
  endfacet
  facet normal 0 0 1
    outer loop
      vertex 354.97954185357554 5.020458146424487 25.25
      vertex 345.48837421887544 4.504192317561882 25.25
      vertex 354.51162578112456 4.504192317561882 25.25
    endloop
  endfacet
  facet normal 0 0 1
    outer loop
      vertex 345.48837421887544 4.504192317561882 25.25
      vertex 354.97954185357554 5.020458146424487 25.25
      vertex 345.02045814642446 5.020458146424487 25.25
    endloop
  endfacet
  facet normal 0 0 1
    outer loop
      vertex 344.5041923175619 5.488374218875433 25.25
      vertex 345.02045814642446 5.020458146424487 25.25
      vertex 355.4958076824381 5.488374218875433 25.25
    endloop
  endfacet
  facet normal 0 0 1
    outer loop
      vertex 343.34691683146457 6.261640976873321 25.25
      vertex 343.9445486544392 5.903434247348071 25.25
      vertex 356.65308316853543 6.261640976873321 25.25
    endloop
  endfacet
  facet normal 0 0 1
    outer loop
      vertex 343.9445486544392 5.903434247348071 25.25
      vertex 344.5041923175619 5.488374218875433 25.25
      vertex 356.0554513455608 5.903434247348071 25.25
    endloop
  endfacet
  facet normal 0 0 1
    outer loop
      vertex 354.97954185357554 5.020458146424487 25.25
      vertex 355.4958076824381 5.488374218875433 25.25
      vertex 345.02045814642446 5.020458146424487 25.25
    endloop
  endfacet
  facet normal 0 0 1
    outer loop
      vertex 344.5041923175619 5.488374218875433 25.25
      vertex 355.4958076824381 5.488374218875433 25.25
      vertex 356.0554513455608 5.903434247348071 25.25
    endloop
  endfacet
  facet normal 0 0 -1
    outer loop
      vertex 330.25 20.25 20.25
      vertex 332.9341884406274 0.6959216963398802 20.25
      vertex 332.9 0 20.25
    endloop
  endfacet
  facet normal 0 0 -1
    outer loop
      vertex 330.25 20.25 20.25
      vertex 333.0364245091371 1.3851412863145105 20.25
      vertex 332.9341884406274 0.6959216963398802 20.25
    endloop
  endfacet
  facet normal 0 0 -1
    outer loop
      vertex 330.25 20.25 20.25
      vertex 333.2057236163013 2.0610212085066824 20.25
      vertex 333.0364245091371 1.3851412863145105 20.25
    endloop
  endfacet
  facet normal 0 0 -1
    outer loop
      vertex 330.25 20.25 20.25
      vertex 333.44045531916987 2.717052369792137 20.25
      vertex 333.2057236163013 2.0610212085066824 20.25
    endloop
  endfacet
  facet normal 0 0 -1
    outer loop
      vertex 330.25 20.25 20.25
      vertex 333.7383590231267 3.346916831464583 20.25
      vertex 333.44045531916987 2.717052369792137 20.25
    endloop
  endfacet
  facet normal 0 0 -1
    outer loop
      vertex 330.25 20.25 20.25
      vertex 334.09656575265194 3.9445486544391755 20.25
      vertex 333.7383590231267 3.346916831464583 20.25
    endloop
  endfacet
  facet normal -1 0 0
    outer loop
      vertex 330.25 -20.25 20.25
      vertex 330.25 20.25 25.25
      vertex 330.25 20.25 20.25
    endloop
  endfacet
  facet normal 0.4275550934303 -0.9039892931234349 0
    outer loop
      vertex 337.28294763020784 6.559544680830135 20.25
      vertex 337.28294763020784 6.559544680830135 25.25
      vertex 336.65308316853543 6.261640976873321 20.25
    endloop
  endfacet
  facet normal 0.3368898533922205 -0.9415440651830206 0
    outer loop
      vertex 337.9389787914933 6.794276383698683 20.25
      vertex 337.9389787914933 6.794276383698683 25.25
      vertex 337.28294763020784 6.559544680830135 20.25
    endloop
  endfacet
  facet normal 0.24298017990326568 -0.9700312531945436 0
    outer loop
      vertex 338.61485871368546 6.963575490862936 20.25
      vertex 338.61485871368546 6.963575490862936 25.25
      vertex 337.9389787914933 6.794276383698683 20.25
    endloop
  endfacet
  facet normal 0.14673047445536047 -0.9891765099647811 0
    outer loop
      vertex 339.3040783036601 7.065811559372598 20.25
      vertex 339.3040783036601 7.065811559372598 25.25
      vertex 338.61485871368546 6.963575490862936 20.25
    endloop
  endfacet
  facet normal 0.04906767432741624 -0.9987954562051725 0
    outer loop
      vertex 340 7.1 20.25
      vertex 340 7.1 25.25
      vertex 339.3040783036601 7.065811559372598 20.25
    endloop
  endfacet
  facet normal -0.04906767432741624 -0.9987954562051725 0
    outer loop
      vertex 340.6959216963399 7.065811559372598 20.25
      vertex 340.6959216963399 7.065811559372598 25.25
      vertex 340 7.1 20.25
    endloop
  endfacet
  facet normal -0.14673047445536047 -0.9891765099647811 0
    outer loop
      vertex 341.38514128631454 6.963575490862936 20.25
      vertex 341.38514128631454 6.963575490862936 25.25
      vertex 340.6959216963399 7.065811559372598 20.25
    endloop
  endfacet
  facet normal 0 0 -1
    outer loop
      vertex 330.25 20.25 20.25
      vertex 334.51162578112456 4.504192317561882 20.25
      vertex 334.09656575265194 3.9445486544391755 20.25
    endloop
  endfacet
  facet normal 0 0 -1
    outer loop
      vertex 330.25 20.25 20.25
      vertex 334.97954185357554 5.020458146424487 20.25
      vertex 334.51162578112456 4.504192317561882 20.25
    endloop
  endfacet
  facet normal 0 0 -1
    outer loop
      vertex 330.25 20.25 20.25
      vertex 335.4958076824381 5.488374218875433 20.25
      vertex 334.97954185357554 5.020458146424487 20.25
    endloop
  endfacet
  facet normal 0 0 -1
    outer loop
      vertex 330.25 20.25 20.25
      vertex 336.0554513455608 5.903434247348071 20.25
      vertex 335.4958076824381 5.488374218875433 20.25
    endloop
  endfacet
  facet normal 0 0 -1
    outer loop
      vertex 330.25 20.25 20.25
      vertex 336.65308316853543 6.261640976873321 20.25
      vertex 336.0554513455608 5.903434247348071 20.25
    endloop
  endfacet
  facet normal 0 0 -1
    outer loop
      vertex 330.25 20.25 20.25
      vertex 337.28294763020784 6.559544680830135 20.25
      vertex 336.65308316853543 6.261640976873321 20.25
    endloop
  endfacet
  facet normal 0 0 -1
    outer loop
      vertex 330.25 20.25 20.25
      vertex 337.9389787914933 6.794276383698683 20.25
      vertex 337.28294763020784 6.559544680830135 20.25
    endloop
  endfacet
  facet normal 0 0 -1
    outer loop
      vertex 330.25 20.25 20.25
      vertex 338.61485871368546 6.963575490862936 20.25
      vertex 337.9389787914933 6.794276383698683 20.25
    endloop
  endfacet
  facet normal 0 0 -1
    outer loop
      vertex 330.25 20.25 20.25
      vertex 339.3040783036601 7.065811559372598 20.25
      vertex 338.61485871368546 6.963575490862936 20.25
    endloop
  endfacet
  facet normal 0 0 -1
    outer loop
      vertex 330.25 20.25 20.25
      vertex 340 7.1 20.25
      vertex 339.3040783036601 7.065811559372598 20.25
    endloop
  endfacet
  facet normal 0 0 -1
    outer loop
      vertex 330.25 20.25 20.25
      vertex 340.6959216963399 7.065811559372598 20.25
      vertex 340 7.1 20.25
    endloop
  endfacet
  facet normal 0 0 -1
    outer loop
      vertex 330.25 20.25 20.25
      vertex 341.38514128631454 6.963575490862936 20.25
      vertex 340.6959216963399 7.065811559372598 20.25
    endloop
  endfacet
  facet normal 0 0 -1
    outer loop
      vertex 330.25 20.25 20.25
      vertex 342.71705236979216 6.559544680830135 20.25
      vertex 342.0610212085067 6.794276383698683 20.25
    endloop
  endfacet
  facet normal 0 0 -1
    outer loop
      vertex 330.25 20.25 20.25
      vertex 342.0610212085067 6.794276383698683 20.25
      vertex 341.38514128631454 6.963575490862936 20.25
    endloop
  endfacet
  facet normal 0 0 -1
    outer loop
      vertex 343.34691683146457 6.261640976873321 20.25
      vertex 342.71705236979216 6.559544680830135 20.25
      vertex 356.65308316853543 6.261640976873321 20.25
    endloop
  endfacet
  facet normal -0.3368898533922205 -0.9415440651830206 0
    outer loop
      vertex 342.71705236979216 6.559544680830135 20.25
      vertex 342.71705236979216 6.559544680830135 25.25
      vertex 342.0610212085067 6.794276383698683 20.25
    endloop
  endfacet
  facet normal -0.24298017990326568 -0.9700312531945436 0
    outer loop
      vertex 342.0610212085067 6.794276383698683 20.25
      vertex 342.0610212085067 6.794276383698683 25.25
      vertex 341.38514128631454 6.963575490862936 20.25
    endloop
  endfacet
  facet normal -0.4275550934303 -0.9039892931234349 0
    outer loop
      vertex 343.34691683146457 6.261640976873321 20.25
      vertex 343.34691683146457 6.261640976873321 25.25
      vertex 342.71705236979216 6.559544680830135 20.25
    endloop
  endfacet
  facet normal 0 0 -1
    outer loop
      vertex 330.25 20.25 20.25
      vertex 356.65308316853543 6.261640976873321 20.25
      vertex 342.71705236979216 6.559544680830135 20.25
    endloop
  endfacet
  facet normal 0 0 -1
    outer loop
      vertex 330.25 20.25 20.25
      vertex 357.28294763020784 6.559544680830135 20.25
      vertex 356.65308316853543 6.261640976873321 20.25
    endloop
  endfacet
  facet normal 0 0 -1
    outer loop
      vertex 330.25 20.25 20.25
      vertex 357.9389787914933 6.794276383698683 20.25
      vertex 357.28294763020784 6.559544680830135 20.25
    endloop
  endfacet
  facet normal 0 0 -1
    outer loop
      vertex 330.25 20.25 20.25
      vertex 358.61485871368546 6.963575490862936 20.25
      vertex 357.9389787914933 6.794276383698683 20.25
    endloop
  endfacet
  facet normal 0 0 -1
    outer loop
      vertex 330.25 20.25 20.25
      vertex 359.3040783036601 7.065811559372598 20.25
      vertex 358.61485871368546 6.963575490862936 20.25
    endloop
  endfacet
  facet normal 0 0 -1
    outer loop
      vertex 330.25 20.25 20.25
      vertex 360 7.1 20.25
      vertex 359.3040783036601 7.065811559372598 20.25
    endloop
  endfacet
  facet normal 0 0 -1
    outer loop
      vertex 330.25 20.25 20.25
      vertex 360.6959216963399 7.065811559372598 20.25
      vertex 360 7.1 20.25
    endloop
  endfacet
  facet normal 0 0 -1
    outer loop
      vertex 330.25 20.25 20.25
      vertex 361.38514128631454 6.963575490862936 20.25
      vertex 360.6959216963399 7.065811559372598 20.25
    endloop
  endfacet
  facet normal 0.4275550934303 -0.9039892931234349 0
    outer loop
      vertex 336.65308316853543 6.261640976873321 20.25
      vertex 337.28294763020784 6.559544680830135 25.25
      vertex 336.65308316853543 6.261640976873321 25.25
    endloop
  endfacet
  facet normal 0.3368898533922205 -0.9415440651830206 0
    outer loop
      vertex 337.28294763020784 6.559544680830135 20.25
      vertex 337.9389787914933 6.794276383698683 25.25
      vertex 337.28294763020784 6.559544680830135 25.25
    endloop
  endfacet
  facet normal 0.24298017990326568 -0.9700312531945436 0
    outer loop
      vertex 337.9389787914933 6.794276383698683 20.25
      vertex 338.61485871368546 6.963575490862936 25.25
      vertex 337.9389787914933 6.794276383698683 25.25
    endloop
  endfacet
  facet normal 0.14673047445536047 -0.9891765099647811 0
    outer loop
      vertex 338.61485871368546 6.963575490862936 20.25
      vertex 339.3040783036601 7.065811559372598 25.25
      vertex 338.61485871368546 6.963575490862936 25.25
    endloop
  endfacet
  facet normal 0.04906767432741624 -0.9987954562051725 0
    outer loop
      vertex 339.3040783036601 7.065811559372598 20.25
      vertex 340 7.1 25.25
      vertex 339.3040783036601 7.065811559372598 25.25
    endloop
  endfacet
  facet normal -0.04906767432741624 -0.9987954562051725 0
    outer loop
      vertex 340 7.1 20.25
      vertex 340.6959216963399 7.065811559372598 25.25
      vertex 340 7.1 25.25
    endloop
  endfacet
  facet normal -0.14673047445536047 -0.9891765099647811 0
    outer loop
      vertex 340.6959216963399 7.065811559372598 20.25
      vertex 341.38514128631454 6.963575490862936 25.25
      vertex 340.6959216963399 7.065811559372598 25.25
    endloop
  endfacet
  facet normal 0 0 1
    outer loop
      vertex 330.25 20.25 25.25
      vertex 332.9341884406274 -0.6959216963398802 25.25
      vertex 332.9 0 25.25
    endloop
  endfacet
  facet normal 0 0 1
    outer loop
      vertex 330.25 20.25 25.25
      vertex 332.9 0 25.25
      vertex 332.9341884406274 0.6959216963398802 25.25
    endloop
  endfacet
  facet normal 0 0 1
    outer loop
      vertex 330.25 20.25 25.25
      vertex 332.9341884406274 0.6959216963398802 25.25
      vertex 333.0364245091371 1.3851412863145105 25.25
    endloop
  endfacet
  facet normal 0 0 1
    outer loop
      vertex 330.25 20.25 25.25
      vertex 333.0364245091371 1.3851412863145105 25.25
      vertex 333.2057236163013 2.0610212085066824 25.25
    endloop
  endfacet
  facet normal 0 0 1
    outer loop
      vertex 330.25 20.25 25.25
      vertex 333.2057236163013 2.0610212085066824 25.25
      vertex 333.44045531916987 2.717052369792137 25.25
    endloop
  endfacet
  facet normal 0 0 1
    outer loop
      vertex 330.25 20.25 25.25
      vertex 333.44045531916987 2.717052369792137 25.25
      vertex 333.7383590231267 3.346916831464583 25.25
    endloop
  endfacet
  facet normal 0 0 1
    outer loop
      vertex 330.25 20.25 25.25
      vertex 333.7383590231267 3.346916831464583 25.25
      vertex 334.09656575265194 3.9445486544391755 25.25
    endloop
  endfacet
  facet normal 0 0 1
    outer loop
      vertex 330.25 20.25 25.25
      vertex 334.09656575265194 3.9445486544391755 25.25
      vertex 334.51162578112456 4.504192317561882 25.25
    endloop
  endfacet
  facet normal 0 0 1
    outer loop
      vertex 330.25 20.25 25.25
      vertex 334.51162578112456 4.504192317561882 25.25
      vertex 334.97954185357554 5.020458146424487 25.25
    endloop
  endfacet
  facet normal 0 0 1
    outer loop
      vertex 330.25 20.25 25.25
      vertex 334.97954185357554 5.020458146424487 25.25
      vertex 335.4958076824381 5.488374218875433 25.25
    endloop
  endfacet
  facet normal 0 0 1
    outer loop
      vertex 330.25 20.25 25.25
      vertex 335.4958076824381 5.488374218875433 25.25
      vertex 336.0554513455608 5.903434247348071 25.25
    endloop
  endfacet
  facet normal 0 0 1
    outer loop
      vertex 330.25 20.25 25.25
      vertex 336.0554513455608 5.903434247348071 25.25
      vertex 336.65308316853543 6.261640976873321 25.25
    endloop
  endfacet
  facet normal 0 0 1
    outer loop
      vertex 330.25 20.25 25.25
      vertex 336.65308316853543 6.261640976873321 25.25
      vertex 337.28294763020784 6.559544680830135 25.25
    endloop
  endfacet
  facet normal 0 0 1
    outer loop
      vertex 330.25 20.25 25.25
      vertex 337.28294763020784 6.559544680830135 25.25
      vertex 337.9389787914933 6.794276383698683 25.25
    endloop
  endfacet
  facet normal 0 0 1
    outer loop
      vertex 330.25 20.25 25.25
      vertex 337.9389787914933 6.794276383698683 25.25
      vertex 338.61485871368546 6.963575490862936 25.25
    endloop
  endfacet
  facet normal 0 0 1
    outer loop
      vertex 330.25 20.25 25.25
      vertex 338.61485871368546 6.963575490862936 25.25
      vertex 339.3040783036601 7.065811559372598 25.25
    endloop
  endfacet
  facet normal 0 0 1
    outer loop
      vertex 330.25 20.25 25.25
      vertex 339.3040783036601 7.065811559372598 25.25
      vertex 340 7.1 25.25
    endloop
  endfacet
  facet normal 0 0 1
    outer loop
      vertex 330.25 20.25 25.25
      vertex 340 7.1 25.25
      vertex 340.6959216963399 7.065811559372598 25.25
    endloop
  endfacet
  facet normal 0 0 1
    outer loop
      vertex 330.25 20.25 25.25
      vertex 340.6959216963399 7.065811559372598 25.25
      vertex 341.38514128631454 6.963575490862936 25.25
    endloop
  endfacet
  facet normal -0.24298017990326568 -0.9700312531945436 0
    outer loop
      vertex 341.38514128631454 6.963575490862936 20.25
      vertex 342.0610212085067 6.794276383698683 25.25
      vertex 341.38514128631454 6.963575490862936 25.25
    endloop
  endfacet
  facet normal -0.3368898533922205 -0.9415440651830206 0
    outer loop
      vertex 342.0610212085067 6.794276383698683 20.25
      vertex 342.71705236979216 6.559544680830135 25.25
      vertex 342.0610212085067 6.794276383698683 25.25
    endloop
  endfacet
  facet normal -0.4275550934303 -0.9039892931234349 0
    outer loop
      vertex 342.71705236979216 6.559544680830135 20.25
      vertex 343.34691683146457 6.261640976873321 25.25
      vertex 342.71705236979216 6.559544680830135 25.25
    endloop
  endfacet
  facet normal 0 0 1
    outer loop
      vertex 342.71705236979216 6.559544680830135 25.25
      vertex 343.34691683146457 6.261640976873321 25.25
      vertex 357.28294763020784 6.559544680830135 25.25
    endloop
  endfacet
  facet normal 0 0 1
    outer loop
      vertex 342.0610212085067 6.794276383698683 25.25
      vertex 342.71705236979216 6.559544680830135 25.25
      vertex 357.9389787914933 6.794276383698683 25.25
    endloop
  endfacet
  facet normal 0 0 1
    outer loop
      vertex 341.38514128631454 6.963575490862936 25.25
      vertex 342.0610212085067 6.794276383698683 25.25
      vertex 358.61485871368546 6.963575490862936 25.25
    endloop
  endfacet
  facet normal 0 0 1
    outer loop
      vertex 330.25 20.25 25.25
      vertex 341.38514128631454 6.963575490862936 25.25
      vertex 358.61485871368546 6.963575490862936 25.25
    endloop
  endfacet
  facet normal 0 0 1
    outer loop
      vertex 330.25 20.25 25.25
      vertex 358.61485871368546 6.963575490862936 25.25
      vertex 359.3040783036601 7.065811559372598 25.25
    endloop
  endfacet
  facet normal 0 0 1
    outer loop
      vertex 330.25 20.25 25.25
      vertex 359.3040783036601 7.065811559372598 25.25
      vertex 360 7.1 25.25
    endloop
  endfacet
  facet normal 0 0 1
    outer loop
      vertex 330.25 20.25 25.25
      vertex 360 7.1 25.25
      vertex 360.6959216963399 7.065811559372598 25.25
    endloop
  endfacet
  facet normal 0 0 1
    outer loop
      vertex 330.25 20.25 25.25
      vertex 360.6959216963399 7.065811559372598 25.25
      vertex 361.38514128631454 6.963575490862936 25.25
    endloop
  endfacet
  facet normal 0.9987954562051713 -0.04906767432744013 0
    outer loop
      vertex 352.9 0 20.25
      vertex 352.9341884406274 0.6959216963398802 20.25
      vertex 352.9341884406274 0.6959216963398802 25.25
    endloop
  endfacet
  facet normal 0.9891765099647766 -0.14673047445539142 0
    outer loop
      vertex 352.9341884406274 0.6959216963398802 20.25
      vertex 353.0364245091371 1.3851412863145105 20.25
      vertex 353.0364245091371 1.3851412863145105 25.25
    endloop
  endfacet
  facet normal 0.9700312531945452 -0.242980179903259 0
    outer loop
      vertex 353.0364245091371 1.3851412863145105 20.25
      vertex 353.2057236163013 2.0610212085066824 20.25
      vertex 353.2057236163013 2.0610212085066824 25.25
    endloop
  endfacet
  facet normal 0.9415440651830222 -0.33688985339221594 0
    outer loop
      vertex 353.2057236163013 2.0610212085066824 20.25
      vertex 353.44045531916987 2.717052369792137 20.25
      vertex 353.44045531916987 2.717052369792137 25.25
    endloop
  endfacet
  facet normal 0.9039892931234408 -0.4275550934302873 0
    outer loop
      vertex 353.44045531916987 2.717052369792137 20.25
      vertex 353.7383590231267 3.346916831464583 20.25
      vertex 353.7383590231267 3.346916831464583 25.25
    endloop
  endfacet
  facet normal 0.8577286100002717 -0.5141027441932223 0
    outer loop
      vertex 353.7383590231267 3.346916831464583 20.25
      vertex 354.09656575265194 3.9445486544391755 20.25
      vertex 354.09656575265194 3.9445486544391755 25.25
    endloop
  endfacet
  facet normal 0.803207531480655 -0.5956993044924198 0
    outer loop
      vertex 354.09656575265194 3.9445486544391755 20.25
      vertex 354.51162578112456 4.504192317561882 20.25
      vertex 354.51162578112456 4.504192317561882 25.25
    endloop
  endfacet
  facet normal 0.7409511253549376 -0.6715589548470421 0
    outer loop
      vertex 354.51162578112456 4.504192317561882 20.25
      vertex 354.97954185357554 5.020458146424487 20.25
      vertex 354.97954185357554 5.020458146424487 25.25
    endloop
  endfacet
  facet normal 0.6715589548470419 -0.7409511253549379 0
    outer loop
      vertex 355.4958076824381 5.488374218875433 20.25
      vertex 355.4958076824381 5.488374218875433 25.25
      vertex 354.97954185357554 5.020458146424487 20.25
    endloop
  endfacet
  facet normal 0.5956993044924381 -0.8032075314806414 0
    outer loop
      vertex 356.0554513455608 5.903434247348071 20.25
      vertex 356.0554513455608 5.903434247348071 25.25
      vertex 355.4958076824381 5.488374218875433 20.25
    endloop
  endfacet
  facet normal 0.5141027441932049 -0.8577286100002821 0
    outer loop
      vertex 356.65308316853543 6.261640976873321 20.25
      vertex 356.65308316853543 6.261640976873321 25.25
      vertex 356.0554513455608 5.903434247348071 20.25
    endloop
  endfacet
  facet normal 0 0 -1
    outer loop
      vertex 367.1 0 20.25
      vertex 367.0658115593726 0.6959216963398802 20.25
      vertex 372.9 0 20.25
    endloop
  endfacet
  facet normal 0 0 -1
    outer loop
      vertex 367.0658115593726 0.6959216963398802 20.25
      vertex 372.9341884406274 0.6959216963398802 20.25
      vertex 372.9 0 20.25
    endloop
  endfacet
  facet normal 0 0 -1
    outer loop
      vertex 366.9635754908629 1.3851412863145105 20.25
      vertex 372.9341884406274 0.6959216963398802 20.25
      vertex 367.0658115593726 0.6959216963398802 20.25
    endloop
  endfacet
  facet normal 0 0 -1
    outer loop
      vertex 366.9635754908629 1.3851412863145105 20.25
      vertex 373.0364245091371 1.3851412863145105 20.25
      vertex 372.9341884406274 0.6959216963398802 20.25
    endloop
  endfacet
  facet normal 0 0 -1
    outer loop
      vertex 366.7942763836987 2.0610212085066824 20.25
      vertex 373.0364245091371 1.3851412863145105 20.25
      vertex 366.9635754908629 1.3851412863145105 20.25
    endloop
  endfacet
  facet normal 0 0 -1
    outer loop
      vertex 366.55954468083013 2.717052369792137 20.25
      vertex 373.2057236163013 2.0610212085066824 20.25
      vertex 366.7942763836987 2.0610212085066824 20.25
    endloop
  endfacet
  facet normal 0 0 -1
    outer loop
      vertex 366.7942763836987 2.0610212085066824 20.25
      vertex 373.2057236163013 2.0610212085066824 20.25
      vertex 373.0364245091371 1.3851412863145105 20.25
    endloop
  endfacet
  facet normal 0 0 -1
    outer loop
      vertex 366.2616409768733 3.346916831464583 20.25
      vertex 373.44045531916987 2.717052369792137 20.25
      vertex 366.55954468083013 2.717052369792137 20.25
    endloop
  endfacet
  facet normal 0 0 -1
    outer loop
      vertex 366.55954468083013 2.717052369792137 20.25
      vertex 373.44045531916987 2.717052369792137 20.25
      vertex 373.2057236163013 2.0610212085066824 20.25
    endloop
  endfacet
  facet normal 0 0 -1
    outer loop
      vertex 366.2616409768733 3.346916831464583 20.25
      vertex 373.7383590231267 3.346916831464583 20.25
      vertex 373.44045531916987 2.717052369792137 20.25
    endloop
  endfacet
  facet normal -0.9987954562051713 -0.04906767432744013 0
    outer loop
      vertex 367.1 0 20.25
      vertex 367.1 0 25.25
      vertex 367.0658115593726 0.6959216963398802 20.25
    endloop
  endfacet
  facet normal -0.9891765099647766 -0.14673047445539142 0
    outer loop
      vertex 366.9635754908629 1.3851412863145105 20.25
      vertex 367.0658115593726 0.6959216963398802 20.25
      vertex 367.0658115593726 0.6959216963398802 25.25
    endloop
  endfacet
  facet normal -0.9700312531945452 -0.242980179903259 0
    outer loop
      vertex 366.7942763836987 2.0610212085066824 20.25
      vertex 366.9635754908629 1.3851412863145105 20.25
      vertex 366.9635754908629 1.3851412863145105 25.25
    endloop
  endfacet
  facet normal -0.9415440651830222 -0.33688985339221594 0
    outer loop
      vertex 366.55954468083013 2.717052369792137 20.25
      vertex 366.7942763836987 2.0610212085066824 20.25
      vertex 366.7942763836987 2.0610212085066824 25.25
    endloop
  endfacet
  facet normal -0.9039892931234408 -0.4275550934302873 0
    outer loop
      vertex 366.2616409768733 3.346916831464583 20.25
      vertex 366.55954468083013 2.717052369792137 20.25
      vertex 366.55954468083013 2.717052369792137 25.25
    endloop
  endfacet
  facet normal 0.9987954562051713 -0.04906767432744013 0
    outer loop
      vertex 372.9 0 20.25
      vertex 372.9341884406274 0.6959216963398802 20.25
      vertex 372.9341884406274 0.6959216963398802 25.25
    endloop
  endfacet
  facet normal 0.9891765099647766 -0.14673047445539142 0
    outer loop
      vertex 372.9341884406274 0.6959216963398802 20.25
      vertex 373.0364245091371 1.3851412863145105 20.25
      vertex 373.0364245091371 1.3851412863145105 25.25
    endloop
  endfacet
  facet normal 0.9700312531945452 -0.242980179903259 0
    outer loop
      vertex 373.0364245091371 1.3851412863145105 20.25
      vertex 373.2057236163013 2.0610212085066824 20.25
      vertex 373.2057236163013 2.0610212085066824 25.25
    endloop
  endfacet
  facet normal 0.9415440651830222 -0.33688985339221594 0
    outer loop
      vertex 373.2057236163013 2.0610212085066824 20.25
      vertex 373.44045531916987 2.717052369792137 20.25
      vertex 373.44045531916987 2.717052369792137 25.25
    endloop
  endfacet
  facet normal 0.9039892931234408 -0.4275550934302873 0
    outer loop
      vertex 373.44045531916987 2.717052369792137 20.25
      vertex 373.7383590231267 3.346916831464583 20.25
      vertex 373.7383590231267 3.346916831464583 25.25
    endloop
  endfacet
  facet normal 0 0 -1
    outer loop
      vertex 365.48837421887544 4.504192317561882 20.25
      vertex 374.09656575265194 3.9445486544391755 20.25
      vertex 365.90343424734806 3.9445486544391755 20.25
    endloop
  endfacet
  facet normal 0 0 -1
    outer loop
      vertex 365.02045814642446 5.020458146424487 20.25
      vertex 374.51162578112456 4.504192317561882 20.25
      vertex 365.48837421887544 4.504192317561882 20.25
    endloop
  endfacet
  facet normal 0 0 -1
    outer loop
      vertex 365.02045814642446 5.020458146424487 20.25
      vertex 364.5041923175619 5.488374218875433 20.25
      vertex 374.97954185357554 5.020458146424487 20.25
    endloop
  endfacet
  facet normal 0 0 -1
    outer loop
      vertex 364.5041923175619 5.488374218875433 20.25
      vertex 363.9445486544392 5.903434247348071 20.25
      vertex 375.4958076824381 5.488374218875433 20.25
    endloop
  endfacet
  facet normal 0 0 -1
    outer loop
      vertex 363.9445486544392 5.903434247348071 20.25
      vertex 363.34691683146457 6.261640976873321 20.25
      vertex 376.0554513455608 5.903434247348071 20.25
    endloop
  endfacet
  facet normal 0 0 -1
    outer loop
      vertex 365.90343424734806 3.9445486544391755 20.25
      vertex 373.7383590231267 3.346916831464583 20.25
      vertex 366.2616409768733 3.346916831464583 20.25
    endloop
  endfacet
  facet normal 0 0 -1
    outer loop
      vertex 365.90343424734806 3.9445486544391755 20.25
      vertex 374.09656575265194 3.9445486544391755 20.25
      vertex 373.7383590231267 3.346916831464583 20.25
    endloop
  endfacet
  facet normal 0 0 -1
    outer loop
      vertex 365.48837421887544 4.504192317561882 20.25
      vertex 374.51162578112456 4.504192317561882 20.25
      vertex 374.09656575265194 3.9445486544391755 20.25
    endloop
  endfacet
  facet normal 0 0 -1
    outer loop
      vertex 365.02045814642446 5.020458146424487 20.25
      vertex 374.97954185357554 5.020458146424487 20.25
      vertex 374.51162578112456 4.504192317561882 20.25
    endloop
  endfacet
  facet normal 0 0 -1
    outer loop
      vertex 364.5041923175619 5.488374218875433 20.25
      vertex 375.4958076824381 5.488374218875433 20.25
      vertex 374.97954185357554 5.020458146424487 20.25
    endloop
  endfacet
  facet normal 0 0 -1
    outer loop
      vertex 363.9445486544392 5.903434247348071 20.25
      vertex 376.0554513455608 5.903434247348071 20.25
      vertex 375.4958076824381 5.488374218875433 20.25
    endloop
  endfacet
  facet normal 0 0 -1
    outer loop
      vertex 363.34691683146457 6.261640976873321 20.25
      vertex 376.65308316853543 6.261640976873321 20.25
      vertex 376.0554513455608 5.903434247348071 20.25
    endloop
  endfacet
  facet normal -0.803207531480655 -0.5956993044924198 0
    outer loop
      vertex 365.48837421887544 4.504192317561882 20.25
      vertex 365.90343424734806 3.9445486544391755 20.25
      vertex 365.90343424734806 3.9445486544391755 25.25
    endloop
  endfacet
  facet normal -0.7409511253549376 -0.6715589548470421 0
    outer loop
      vertex 365.02045814642446 5.020458146424487 20.25
      vertex 365.48837421887544 4.504192317561882 20.25
      vertex 365.48837421887544 4.504192317561882 25.25
    endloop
  endfacet
  facet normal -0.8577286100002717 -0.5141027441932223 0
    outer loop
      vertex 365.90343424734806 3.9445486544391755 20.25
      vertex 366.2616409768733 3.346916831464583 20.25
      vertex 366.2616409768733 3.346916831464583 25.25
    endloop
  endfacet
  facet normal -0.6715589548470419 -0.7409511253549379 0
    outer loop
      vertex 365.02045814642446 5.020458146424487 20.25
      vertex 365.02045814642446 5.020458146424487 25.25
      vertex 364.5041923175619 5.488374218875433 20.25
    endloop
  endfacet
  facet normal -0.5956993044924381 -0.8032075314806414 0
    outer loop
      vertex 364.5041923175619 5.488374218875433 20.25
      vertex 364.5041923175619 5.488374218875433 25.25
      vertex 363.9445486544392 5.903434247348071 20.25
    endloop
  endfacet
  facet normal -0.5141027441932049 -0.8577286100002821 0
    outer loop
      vertex 363.9445486544392 5.903434247348071 20.25
      vertex 363.9445486544392 5.903434247348071 25.25
      vertex 363.34691683146457 6.261640976873321 20.25
    endloop
  endfacet
  facet normal 0.8577286100002717 -0.5141027441932223 0
    outer loop
      vertex 373.7383590231267 3.346916831464583 20.25
      vertex 374.09656575265194 3.9445486544391755 20.25
      vertex 374.09656575265194 3.9445486544391755 25.25
    endloop
  endfacet
  facet normal 0.9987954562051713 -0.04906767432744013 0
    outer loop
      vertex 352.9 0 20.25
      vertex 352.9341884406274 0.6959216963398802 25.25
      vertex 352.9 0 25.25
    endloop
  endfacet
  facet normal 0.9891765099647766 -0.14673047445539142 0
    outer loop
      vertex 352.9341884406274 0.6959216963398802 20.25
      vertex 353.0364245091371 1.3851412863145105 25.25
      vertex 352.9341884406274 0.6959216963398802 25.25
    endloop
  endfacet
  facet normal 0.9700312531945452 -0.242980179903259 0
    outer loop
      vertex 353.0364245091371 1.3851412863145105 20.25
      vertex 353.2057236163013 2.0610212085066824 25.25
      vertex 353.0364245091371 1.3851412863145105 25.25
    endloop
  endfacet
  facet normal 0.9415440651830222 -0.33688985339221594 0
    outer loop
      vertex 353.2057236163013 2.0610212085066824 20.25
      vertex 353.44045531916987 2.717052369792137 25.25
      vertex 353.2057236163013 2.0610212085066824 25.25
    endloop
  endfacet
  facet normal 0.9039892931234408 -0.4275550934302873 0
    outer loop
      vertex 353.44045531916987 2.717052369792137 20.25
      vertex 353.7383590231267 3.346916831464583 25.25
      vertex 353.44045531916987 2.717052369792137 25.25
    endloop
  endfacet
  facet normal 0.8577286100002717 -0.5141027441932223 0
    outer loop
      vertex 353.7383590231267 3.346916831464583 20.25
      vertex 354.09656575265194 3.9445486544391755 25.25
      vertex 353.7383590231267 3.346916831464583 25.25
    endloop
  endfacet
  facet normal 0.803207531480655 -0.5956993044924198 0
    outer loop
      vertex 354.09656575265194 3.9445486544391755 20.25
      vertex 354.51162578112456 4.504192317561882 25.25
      vertex 354.09656575265194 3.9445486544391755 25.25
    endloop
  endfacet
  facet normal 0.7409511253549376 -0.6715589548470421 0
    outer loop
      vertex 354.51162578112456 4.504192317561882 20.25
      vertex 354.97954185357554 5.020458146424487 25.25
      vertex 354.51162578112456 4.504192317561882 25.25
    endloop
  endfacet
  facet normal 0.6715589548470419 -0.7409511253549379 0
    outer loop
      vertex 354.97954185357554 5.020458146424487 20.25
      vertex 355.4958076824381 5.488374218875433 25.25
      vertex 354.97954185357554 5.020458146424487 25.25
    endloop
  endfacet
  facet normal 0.5956993044924381 -0.8032075314806414 0
    outer loop
      vertex 355.4958076824381 5.488374218875433 20.25
      vertex 356.0554513455608 5.903434247348071 25.25
      vertex 355.4958076824381 5.488374218875433 25.25
    endloop
  endfacet
  facet normal 0.5141027441932049 -0.8577286100002821 0
    outer loop
      vertex 356.0554513455608 5.903434247348071 20.25
      vertex 356.65308316853543 6.261640976873321 25.25
      vertex 356.0554513455608 5.903434247348071 25.25
    endloop
  endfacet
  facet normal 0 0 1
    outer loop
      vertex 343.9445486544392 5.903434247348071 25.25
      vertex 356.0554513455608 5.903434247348071 25.25
      vertex 356.65308316853543 6.261640976873321 25.25
    endloop
  endfacet
  facet normal -0.9987954562051713 -0.04906767432744013 0
    outer loop
      vertex 367.0658115593726 0.6959216963398802 20.25
      vertex 367.1 0 25.25
      vertex 367.0658115593726 0.6959216963398802 25.25
    endloop
  endfacet
  facet normal -0.9891765099647766 -0.14673047445539142 0
    outer loop
      vertex 366.9635754908629 1.3851412863145105 20.25
      vertex 367.0658115593726 0.6959216963398802 25.25
      vertex 366.9635754908629 1.3851412863145105 25.25
    endloop
  endfacet
  facet normal -0.9700312531945452 -0.242980179903259 0
    outer loop
      vertex 366.7942763836987 2.0610212085066824 20.25
      vertex 366.9635754908629 1.3851412863145105 25.25
      vertex 366.7942763836987 2.0610212085066824 25.25
    endloop
  endfacet
  facet normal -0.9415440651830222 -0.33688985339221594 0
    outer loop
      vertex 366.55954468083013 2.717052369792137 20.25
      vertex 366.7942763836987 2.0610212085066824 25.25
      vertex 366.55954468083013 2.717052369792137 25.25
    endloop
  endfacet
  facet normal -0.9039892931234408 -0.4275550934302873 0
    outer loop
      vertex 366.2616409768733 3.346916831464583 20.25
      vertex 366.55954468083013 2.717052369792137 25.25
      vertex 366.2616409768733 3.346916831464583 25.25
    endloop
  endfacet
  facet normal 0.9987954562051713 -0.04906767432744013 0
    outer loop
      vertex 372.9 0 20.25
      vertex 372.9341884406274 0.6959216963398802 25.25
      vertex 372.9 0 25.25
    endloop
  endfacet
  facet normal 0.9891765099647766 -0.14673047445539142 0
    outer loop
      vertex 372.9341884406274 0.6959216963398802 20.25
      vertex 373.0364245091371 1.3851412863145105 25.25
      vertex 372.9341884406274 0.6959216963398802 25.25
    endloop
  endfacet
  facet normal 0.9700312531945452 -0.242980179903259 0
    outer loop
      vertex 373.0364245091371 1.3851412863145105 20.25
      vertex 373.2057236163013 2.0610212085066824 25.25
      vertex 373.0364245091371 1.3851412863145105 25.25
    endloop
  endfacet
  facet normal 0.9415440651830222 -0.33688985339221594 0
    outer loop
      vertex 373.2057236163013 2.0610212085066824 20.25
      vertex 373.44045531916987 2.717052369792137 25.25
      vertex 373.2057236163013 2.0610212085066824 25.25
    endloop
  endfacet
  facet normal 0.9039892931234408 -0.4275550934302873 0
    outer loop
      vertex 373.44045531916987 2.717052369792137 20.25
      vertex 373.7383590231267 3.346916831464583 25.25
      vertex 373.44045531916987 2.717052369792137 25.25
    endloop
  endfacet
  facet normal 0 0 1
    outer loop
      vertex 367.1 0 25.25
      vertex 372.9341884406274 0.6959216963398802 25.25
      vertex 367.0658115593726 0.6959216963398802 25.25
    endloop
  endfacet
  facet normal 0 0 1
    outer loop
      vertex 367.1 0 25.25
      vertex 372.9 0 25.25
      vertex 372.9341884406274 0.6959216963398802 25.25
    endloop
  endfacet
  facet normal 0 0 1
    outer loop
      vertex 367.0658115593726 0.6959216963398802 25.25
      vertex 373.0364245091371 1.3851412863145105 25.25
      vertex 366.9635754908629 1.3851412863145105 25.25
    endloop
  endfacet
  facet normal 0 0 1
    outer loop
      vertex 373.0364245091371 1.3851412863145105 25.25
      vertex 367.0658115593726 0.6959216963398802 25.25
      vertex 372.9341884406274 0.6959216963398802 25.25
    endloop
  endfacet
  facet normal 0 0 1
    outer loop
      vertex 366.9635754908629 1.3851412863145105 25.25
      vertex 373.2057236163013 2.0610212085066824 25.25
      vertex 366.7942763836987 2.0610212085066824 25.25
    endloop
  endfacet
  facet normal 0 0 1
    outer loop
      vertex 366.9635754908629 1.3851412863145105 25.25
      vertex 373.0364245091371 1.3851412863145105 25.25
      vertex 373.2057236163013 2.0610212085066824 25.25
    endloop
  endfacet
  facet normal 0 0 1
    outer loop
      vertex 373.44045531916987 2.717052369792137 25.25
      vertex 366.7942763836987 2.0610212085066824 25.25
      vertex 373.2057236163013 2.0610212085066824 25.25
    endloop
  endfacet
  facet normal 0 0 1
    outer loop
      vertex 366.7942763836987 2.0610212085066824 25.25
      vertex 373.44045531916987 2.717052369792137 25.25
      vertex 366.55954468083013 2.717052369792137 25.25
    endloop
  endfacet
  facet normal 0 0 1
    outer loop
      vertex 366.55954468083013 2.717052369792137 25.25
      vertex 373.7383590231267 3.346916831464583 25.25
      vertex 366.2616409768733 3.346916831464583 25.25
    endloop
  endfacet
  facet normal 0 0 1
    outer loop
      vertex 366.55954468083013 2.717052369792137 25.25
      vertex 373.44045531916987 2.717052369792137 25.25
      vertex 373.7383590231267 3.346916831464583 25.25
    endloop
  endfacet
  facet normal -0.803207531480655 -0.5956993044924198 0
    outer loop
      vertex 365.48837421887544 4.504192317561882 20.25
      vertex 365.90343424734806 3.9445486544391755 25.25
      vertex 365.48837421887544 4.504192317561882 25.25
    endloop
  endfacet
  facet normal -0.8577286100002717 -0.5141027441932223 0
    outer loop
      vertex 365.90343424734806 3.9445486544391755 20.25
      vertex 366.2616409768733 3.346916831464583 25.25
      vertex 365.90343424734806 3.9445486544391755 25.25
    endloop
  endfacet
  facet normal -0.7409511253549376 -0.6715589548470421 0
    outer loop
      vertex 365.02045814642446 5.020458146424487 20.25
      vertex 365.48837421887544 4.504192317561882 25.25
      vertex 365.02045814642446 5.020458146424487 25.25
    endloop
  endfacet
  facet normal -0.6715589548470419 -0.7409511253549379 0
    outer loop
      vertex 364.5041923175619 5.488374218875433 20.25
      vertex 365.02045814642446 5.020458146424487 25.25
      vertex 364.5041923175619 5.488374218875433 25.25
    endloop
  endfacet
  facet normal -0.5956993044924381 -0.8032075314806414 0
    outer loop
      vertex 363.9445486544392 5.903434247348071 20.25
      vertex 364.5041923175619 5.488374218875433 25.25
      vertex 363.9445486544392 5.903434247348071 25.25
    endloop
  endfacet
  facet normal -0.5141027441932049 -0.8577286100002821 0
    outer loop
      vertex 363.34691683146457 6.261640976873321 20.25
      vertex 363.9445486544392 5.903434247348071 25.25
      vertex 363.34691683146457 6.261640976873321 25.25
    endloop
  endfacet
  facet normal 0.8577286100002717 -0.5141027441932223 0
    outer loop
      vertex 373.7383590231267 3.346916831464583 20.25
      vertex 374.09656575265194 3.9445486544391755 25.25
      vertex 373.7383590231267 3.346916831464583 25.25
    endloop
  endfacet
  facet normal 0 0 1
    outer loop
      vertex 365.48837421887544 4.504192317561882 25.25
      vertex 374.97954185357554 5.020458146424487 25.25
      vertex 365.02045814642446 5.020458146424487 25.25
    endloop
  endfacet
  facet normal 0 0 1
    outer loop
      vertex 364.5041923175619 5.488374218875433 25.25
      vertex 365.02045814642446 5.020458146424487 25.25
      vertex 375.4958076824381 5.488374218875433 25.25
    endloop
  endfacet
  facet normal 0 0 1
    outer loop
      vertex 363.9445486544392 5.903434247348071 25.25
      vertex 364.5041923175619 5.488374218875433 25.25
      vertex 376.0554513455608 5.903434247348071 25.25
    endloop
  endfacet
  facet normal 0 0 1
    outer loop
      vertex 363.34691683146457 6.261640976873321 25.25
      vertex 363.9445486544392 5.903434247348071 25.25
      vertex 376.65308316853543 6.261640976873321 25.25
    endloop
  endfacet
  facet normal 0 0 1
    outer loop
      vertex 366.2616409768733 3.346916831464583 25.25
      vertex 374.09656575265194 3.9445486544391755 25.25
      vertex 365.90343424734806 3.9445486544391755 25.25
    endloop
  endfacet
  facet normal 0 0 1
    outer loop
      vertex 365.90343424734806 3.9445486544391755 25.25
      vertex 374.51162578112456 4.504192317561882 25.25
      vertex 365.48837421887544 4.504192317561882 25.25
    endloop
  endfacet
  facet normal 0 0 1
    outer loop
      vertex 374.09656575265194 3.9445486544391755 25.25
      vertex 366.2616409768733 3.346916831464583 25.25
      vertex 373.7383590231267 3.346916831464583 25.25
    endloop
  endfacet
  facet normal 0 0 1
    outer loop
      vertex 365.90343424734806 3.9445486544391755 25.25
      vertex 374.09656575265194 3.9445486544391755 25.25
      vertex 374.51162578112456 4.504192317561882 25.25
    endloop
  endfacet
  facet normal 0 0 1
    outer loop
      vertex 374.97954185357554 5.020458146424487 25.25
      vertex 365.48837421887544 4.504192317561882 25.25
      vertex 374.51162578112456 4.504192317561882 25.25
    endloop
  endfacet
  facet normal 0 0 1
    outer loop
      vertex 374.97954185357554 5.020458146424487 25.25
      vertex 375.4958076824381 5.488374218875433 25.25
      vertex 365.02045814642446 5.020458146424487 25.25
    endloop
  endfacet
  facet normal 0 0 1
    outer loop
      vertex 364.5041923175619 5.488374218875433 25.25
      vertex 375.4958076824381 5.488374218875433 25.25
      vertex 376.0554513455608 5.903434247348071 25.25
    endloop
  endfacet
  facet normal 0 0 1
    outer loop
      vertex 363.9445486544392 5.903434247348071 25.25
      vertex 376.0554513455608 5.903434247348071 25.25
      vertex 376.65308316853543 6.261640976873321 25.25
    endloop
  endfacet
  facet normal 0.4275550934303 -0.9039892931234349 0
    outer loop
      vertex 357.28294763020784 6.559544680830135 20.25
      vertex 357.28294763020784 6.559544680830135 25.25
      vertex 356.65308316853543 6.261640976873321 20.25
    endloop
  endfacet
  facet normal 0.3368898533922205 -0.9415440651830206 0
    outer loop
      vertex 357.9389787914933 6.794276383698683 20.25
      vertex 357.9389787914933 6.794276383698683 25.25
      vertex 357.28294763020784 6.559544680830135 20.25
    endloop
  endfacet
  facet normal 0.24298017990326568 -0.9700312531945436 0
    outer loop
      vertex 358.61485871368546 6.963575490862936 20.25
      vertex 358.61485871368546 6.963575490862936 25.25
      vertex 357.9389787914933 6.794276383698683 20.25
    endloop
  endfacet
  facet normal 0.14673047445536047 -0.9891765099647811 0
    outer loop
      vertex 359.3040783036601 7.065811559372598 20.25
      vertex 359.3040783036601 7.065811559372598 25.25
      vertex 358.61485871368546 6.963575490862936 20.25
    endloop
  endfacet
  facet normal 0.04906767432741624 -0.9987954562051725 0
    outer loop
      vertex 360 7.1 20.25
      vertex 360 7.1 25.25
      vertex 359.3040783036601 7.065811559372598 20.25
    endloop
  endfacet
  facet normal -0.04906767432741624 -0.9987954562051725 0
    outer loop
      vertex 360.6959216963399 7.065811559372598 20.25
      vertex 360.6959216963399 7.065811559372598 25.25
      vertex 360 7.1 20.25
    endloop
  endfacet
  facet normal -0.14673047445536047 -0.9891765099647811 0
    outer loop
      vertex 361.38514128631454 6.963575490862936 20.25
      vertex 361.38514128631454 6.963575490862936 25.25
      vertex 360.6959216963399 7.065811559372598 20.25
    endloop
  endfacet
  facet normal -0.3368898533922205 -0.9415440651830206 0
    outer loop
      vertex 362.71705236979216 6.559544680830135 20.25
      vertex 362.71705236979216 6.559544680830135 25.25
      vertex 362.0610212085067 6.794276383698683 20.25
    endloop
  endfacet
  facet normal -0.24298017990326568 -0.9700312531945436 0
    outer loop
      vertex 362.0610212085067 6.794276383698683 20.25
      vertex 362.0610212085067 6.794276383698683 25.25
      vertex 361.38514128631454 6.963575490862936 20.25
    endloop
  endfacet
  facet normal 0 0 -1
    outer loop
      vertex 330.25 20.25 20.25
      vertex 377.9389787914933 6.794276383698683 20.25
      vertex 361.38514128631454 6.963575490862936 20.25
    endloop
  endfacet
  facet normal 0 0 -1
    outer loop
      vertex 330.25 20.25 20.25
      vertex 378.61485871368546 6.963575490862936 20.25
      vertex 377.9389787914933 6.794276383698683 20.25
    endloop
  endfacet
  facet normal 0 0 -1
    outer loop
      vertex 330.25 20.25 20.25
      vertex 379.3040783036601 7.065811559372598 20.25
      vertex 378.61485871368546 6.963575490862936 20.25
    endloop
  endfacet
  facet normal 0 0 -1
    outer loop
      vertex 362.0610212085067 6.794276383698683 20.25
      vertex 361.38514128631454 6.963575490862936 20.25
      vertex 377.9389787914933 6.794276383698683 20.25
    endloop
  endfacet
  facet normal 0 0 -1
    outer loop
      vertex 363.34691683146457 6.261640976873321 20.25
      vertex 362.71705236979216 6.559544680830135 20.25
      vertex 376.65308316853543 6.261640976873321 20.25
    endloop
  endfacet
  facet normal 0 0 -1
    outer loop
      vertex 362.71705236979216 6.559544680830135 20.25
      vertex 362.0610212085067 6.794276383698683 20.25
      vertex 377.28294763020784 6.559544680830135 20.25
    endloop
  endfacet
  facet normal 0 0 -1
    outer loop
      vertex 362.71705236979216 6.559544680830135 20.25
      vertex 377.28294763020784 6.559544680830135 20.25
      vertex 376.65308316853543 6.261640976873321 20.25
    endloop
  endfacet
  facet normal 0 0 -1
    outer loop
      vertex 362.0610212085067 6.794276383698683 20.25
      vertex 377.9389787914933 6.794276383698683 20.25
      vertex 377.28294763020784 6.559544680830135 20.25
    endloop
  endfacet
  facet normal -0.4275550934303 -0.9039892931234349 0
    outer loop
      vertex 363.34691683146457 6.261640976873321 20.25
      vertex 363.34691683146457 6.261640976873321 25.25
      vertex 362.71705236979216 6.559544680830135 20.25
    endloop
  endfacet
  facet normal 0 0 -1
    outer loop
      vertex 330.25 20.25 20.25
      vertex 381.38514128631454 6.963575490862936 20.25
      vertex 380.6959216963399 7.065811559372598 20.25
    endloop
  endfacet
  facet normal 0 0 -1
    outer loop
      vertex 330.25 20.25 20.25
      vertex 380 7.1 20.25
      vertex 379.3040783036601 7.065811559372598 20.25
    endloop
  endfacet
  facet normal 0 0 -1
    outer loop
      vertex 330.25 20.25 20.25
      vertex 380.6959216963399 7.065811559372598 20.25
      vertex 380 7.1 20.25
    endloop
  endfacet
  facet normal 0 0 -1
    outer loop
      vertex 330.25 20.25 20.25
      vertex 382.0610212085067 6.794276383698683 20.25
      vertex 381.38514128631454 6.963575490862936 20.25
    endloop
  endfacet
  facet normal 0 0 -1
    outer loop
      vertex 330.25 20.25 20.25
      vertex 394.09656575265194 3.9445486544391755 20.25
      vertex 382.0610212085067 6.794276383698683 20.25
    endloop
  endfacet
  facet normal 0 0 -1
    outer loop
      vertex 330.25 20.25 20.25
      vertex 394.51162578112456 4.504192317561882 20.25
      vertex 394.09656575265194 3.9445486544391755 20.25
    endloop
  endfacet
  facet normal 0 0 -1
    outer loop
      vertex 330.25 20.25 20.25
      vertex 394.97954185357554 5.020458146424487 20.25
      vertex 394.51162578112456 4.504192317561882 20.25
    endloop
  endfacet
  facet normal 0 0 -1
    outer loop
      vertex 330.25 20.25 20.25
      vertex 395.4958076824381 5.488374218875433 20.25
      vertex 394.97954185357554 5.020458146424487 20.25
    endloop
  endfacet
  facet normal 0 0 -1
    outer loop
      vertex 330.25 20.25 20.25
      vertex 396.0554513455608 5.903434247348071 20.25
      vertex 395.4958076824381 5.488374218875433 20.25
    endloop
  endfacet
  facet normal 0.4275550934303 -0.9039892931234349 0
    outer loop
      vertex 356.65308316853543 6.261640976873321 20.25
      vertex 357.28294763020784 6.559544680830135 25.25
      vertex 356.65308316853543 6.261640976873321 25.25
    endloop
  endfacet
  facet normal 0.3368898533922205 -0.9415440651830206 0
    outer loop
      vertex 357.28294763020784 6.559544680830135 20.25
      vertex 357.9389787914933 6.794276383698683 25.25
      vertex 357.28294763020784 6.559544680830135 25.25
    endloop
  endfacet
  facet normal 0.24298017990326568 -0.9700312531945436 0
    outer loop
      vertex 357.9389787914933 6.794276383698683 20.25
      vertex 358.61485871368546 6.963575490862936 25.25
      vertex 357.9389787914933 6.794276383698683 25.25
    endloop
  endfacet
  facet normal 0.14673047445536047 -0.9891765099647811 0
    outer loop
      vertex 358.61485871368546 6.963575490862936 20.25
      vertex 359.3040783036601 7.065811559372598 25.25
      vertex 358.61485871368546 6.963575490862936 25.25
    endloop
  endfacet
  facet normal 0.04906767432741624 -0.9987954562051725 0
    outer loop
      vertex 359.3040783036601 7.065811559372598 20.25
      vertex 360 7.1 25.25
      vertex 359.3040783036601 7.065811559372598 25.25
    endloop
  endfacet
  facet normal -0.04906767432741624 -0.9987954562051725 0
    outer loop
      vertex 360 7.1 20.25
      vertex 360.6959216963399 7.065811559372598 25.25
      vertex 360 7.1 25.25
    endloop
  endfacet
  facet normal -0.14673047445536047 -0.9891765099647811 0
    outer loop
      vertex 360.6959216963399 7.065811559372598 20.25
      vertex 361.38514128631454 6.963575490862936 25.25
      vertex 360.6959216963399 7.065811559372598 25.25
    endloop
  endfacet
  facet normal -0.24298017990326568 -0.9700312531945436 0
    outer loop
      vertex 361.38514128631454 6.963575490862936 20.25
      vertex 362.0610212085067 6.794276383698683 25.25
      vertex 361.38514128631454 6.963575490862936 25.25
    endloop
  endfacet
  facet normal -0.4275550934303 -0.9039892931234349 0
    outer loop
      vertex 362.71705236979216 6.559544680830135 20.25
      vertex 363.34691683146457 6.261640976873321 25.25
      vertex 362.71705236979216 6.559544680830135 25.25
    endloop
  endfacet
  facet normal -0.3368898533922205 -0.9415440651830206 0
    outer loop
      vertex 362.0610212085067 6.794276383698683 20.25
      vertex 362.71705236979216 6.559544680830135 25.25
      vertex 362.0610212085067 6.794276383698683 25.25
    endloop
  endfacet
  facet normal 0 0 1
    outer loop
      vertex 356.65308316853543 6.261640976873321 25.25
      vertex 357.28294763020784 6.559544680830135 25.25
      vertex 343.34691683146457 6.261640976873321 25.25
    endloop
  endfacet
  facet normal 0 0 1
    outer loop
      vertex 357.28294763020784 6.559544680830135 25.25
      vertex 357.9389787914933 6.794276383698683 25.25
      vertex 342.71705236979216 6.559544680830135 25.25
    endloop
  endfacet
  facet normal 0 0 1
    outer loop
      vertex 357.9389787914933 6.794276383698683 25.25
      vertex 358.61485871368546 6.963575490862936 25.25
      vertex 342.0610212085067 6.794276383698683 25.25
    endloop
  endfacet
  facet normal 0 0 1
    outer loop
      vertex 330.25 20.25 25.25
      vertex 361.38514128631454 6.963575490862936 25.25
      vertex 378.61485871368546 6.963575490862936 25.25
    endloop
  endfacet
  facet normal 0 0 1
    outer loop
      vertex 330.25 20.25 25.25
      vertex 378.61485871368546 6.963575490862936 25.25
      vertex 379.3040783036601 7.065811559372598 25.25
    endloop
  endfacet
  facet normal 0 0 1
    outer loop
      vertex 362.71705236979216 6.559544680830135 25.25
      vertex 363.34691683146457 6.261640976873321 25.25
      vertex 377.28294763020784 6.559544680830135 25.25
    endloop
  endfacet
  facet normal 0 0 1
    outer loop
      vertex 362.0610212085067 6.794276383698683 25.25
      vertex 362.71705236979216 6.559544680830135 25.25
      vertex 377.9389787914933 6.794276383698683 25.25
    endloop
  endfacet
  facet normal 0 0 1
    outer loop
      vertex 361.38514128631454 6.963575490862936 25.25
      vertex 362.0610212085067 6.794276383698683 25.25
      vertex 378.61485871368546 6.963575490862936 25.25
    endloop
  endfacet
  facet normal 0 0 1
    outer loop
      vertex 376.65308316853543 6.261640976873321 25.25
      vertex 377.28294763020784 6.559544680830135 25.25
      vertex 363.34691683146457 6.261640976873321 25.25
    endloop
  endfacet
  facet normal 0 0 1
    outer loop
      vertex 377.28294763020784 6.559544680830135 25.25
      vertex 377.9389787914933 6.794276383698683 25.25
      vertex 362.71705236979216 6.559544680830135 25.25
    endloop
  endfacet
  facet normal 0 0 1
    outer loop
      vertex 377.9389787914933 6.794276383698683 25.25
      vertex 378.61485871368546 6.963575490862936 25.25
      vertex 362.0610212085067 6.794276383698683 25.25
    endloop
  endfacet
  facet normal 0 0 1
    outer loop
      vertex 330.25 20.25 25.25
      vertex 379.3040783036601 7.065811559372598 25.25
      vertex 380 7.1 25.25
    endloop
  endfacet
  facet normal 0 0 1
    outer loop
      vertex 330.25 20.25 25.25
      vertex 380 7.1 25.25
      vertex 380.6959216963399 7.065811559372598 25.25
    endloop
  endfacet
  facet normal 0 0 1
    outer loop
      vertex 330.25 20.25 25.25
      vertex 380.6959216963399 7.065811559372598 25.25
      vertex 399.3040783036601 7.065811559372598 25.25
    endloop
  endfacet
  facet normal -1 0 0
    outer loop
      vertex 330.25 20.25 0.25
      vertex 330.25 20.25 20.25
      vertex 330.25 25.25 25.25
    endloop
  endfacet
  facet normal 0 1 0
    outer loop
      vertex 330.25 25.25 0.25
      vertex 330.25 25.25 25.25
      vertex 364.25 25.25 20.25
    endloop
  endfacet
  facet normal -1 0 0
    outer loop
      vertex 330.25 20.25 20.25
      vertex 330.25 20.25 25.25
      vertex 330.25 25.25 25.25
    endloop
  endfacet
  facet normal 0.803207531480655 -0.5956993044924198 0
    outer loop
      vertex 374.09656575265194 3.9445486544391755 20.25
      vertex 374.51162578112456 4.504192317561882 20.25
      vertex 374.51162578112456 4.504192317561882 25.25
    endloop
  endfacet
  facet normal 0.7409511253549376 -0.6715589548470421 0
    outer loop
      vertex 374.51162578112456 4.504192317561882 20.25
      vertex 374.97954185357554 5.020458146424487 20.25
      vertex 374.97954185357554 5.020458146424487 25.25
    endloop
  endfacet
  facet normal 0.6715589548470419 -0.7409511253549379 0
    outer loop
      vertex 375.4958076824381 5.488374218875433 20.25
      vertex 375.4958076824381 5.488374218875433 25.25
      vertex 374.97954185357554 5.020458146424487 20.25
    endloop
  endfacet
  facet normal 0.5956993044924381 -0.8032075314806414 0
    outer loop
      vertex 376.0554513455608 5.903434247348071 20.25
      vertex 376.0554513455608 5.903434247348071 25.25
      vertex 375.4958076824381 5.488374218875433 20.25
    endloop
  endfacet
  facet normal 0.5141027441932049 -0.8577286100002821 0
    outer loop
      vertex 376.65308316853543 6.261640976873321 20.25
      vertex 376.65308316853543 6.261640976873321 25.25
      vertex 376.0554513455608 5.903434247348071 20.25
    endloop
  endfacet
  facet normal -0.6715589548470419 -0.7409511253549379 0
    outer loop
      vertex 385.02045814642446 5.020458146424487 20.25
      vertex 385.02045814642446 5.020458146424487 25.25
      vertex 384.5041923175619 5.488374218875433 20.25
    endloop
  endfacet
  facet normal -0.5956993044924381 -0.8032075314806414 0
    outer loop
      vertex 384.5041923175619 5.488374218875433 20.25
      vertex 384.5041923175619 5.488374218875433 25.25
      vertex 383.9445486544392 5.903434247348071 20.25
    endloop
  endfacet
  facet normal -0.5141027441932049 -0.8577286100002821 0
    outer loop
      vertex 383.9445486544392 5.903434247348071 20.25
      vertex 383.9445486544392 5.903434247348071 25.25
      vertex 383.34691683146457 6.261640976873321 20.25
    endloop
  endfacet
  facet normal 0 0 -1
    outer loop
      vertex 387.1 0 20.25
      vertex 387.0658115593726 0.6959216963398802 20.25
      vertex 392.9 0 20.25
    endloop
  endfacet
  facet normal 0 0 -1
    outer loop
      vertex 386.9635754908629 1.3851412863145105 20.25
      vertex 392.9341884406274 0.6959216963398802 20.25
      vertex 387.0658115593726 0.6959216963398802 20.25
    endloop
  endfacet
  facet normal 0 0 -1
    outer loop
      vertex 386.7942763836987 2.0610212085066824 20.25
      vertex 393.0364245091371 1.3851412863145105 20.25
      vertex 386.9635754908629 1.3851412863145105 20.25
    endloop
  endfacet
  facet normal 0 0 -1
    outer loop
      vertex 386.55954468083013 2.717052369792137 20.25
      vertex 393.2057236163013 2.0610212085066824 20.25
      vertex 386.7942763836987 2.0610212085066824 20.25
    endloop
  endfacet
  facet normal 0 0 -1
    outer loop
      vertex 386.2616409768733 3.346916831464583 20.25
      vertex 393.44045531916987 2.717052369792137 20.25
      vertex 386.55954468083013 2.717052369792137 20.25
    endloop
  endfacet
  facet normal 0 0 -1
    outer loop
      vertex 387.0658115593726 0.6959216963398802 20.25
      vertex 392.9341884406274 0.6959216963398802 20.25
      vertex 392.9 0 20.25
    endloop
  endfacet
  facet normal 0 0 -1
    outer loop
      vertex 386.9635754908629 1.3851412863145105 20.25
      vertex 393.0364245091371 1.3851412863145105 20.25
      vertex 392.9341884406274 0.6959216963398802 20.25
    endloop
  endfacet
  facet normal 0 0 -1
    outer loop
      vertex 386.7942763836987 2.0610212085066824 20.25
      vertex 393.2057236163013 2.0610212085066824 20.25
      vertex 393.0364245091371 1.3851412863145105 20.25
    endloop
  endfacet
  facet normal 0 0 -1
    outer loop
      vertex 386.55954468083013 2.717052369792137 20.25
      vertex 393.44045531916987 2.717052369792137 20.25
      vertex 393.2057236163013 2.0610212085066824 20.25
    endloop
  endfacet
  facet normal 0 0 -1
    outer loop
      vertex 386.2616409768733 3.346916831464583 20.25
      vertex 393.7383590231267 3.346916831464583 20.25
      vertex 393.44045531916987 2.717052369792137 20.25
    endloop
  endfacet
  facet normal -0.9987954562051713 -0.04906767432744013 0
    outer loop
      vertex 387.1 0 20.25
      vertex 387.1 0 25.25
      vertex 387.0658115593726 0.6959216963398802 20.25
    endloop
  endfacet
  facet normal -0.9891765099647766 -0.14673047445539142 0
    outer loop
      vertex 386.9635754908629 1.3851412863145105 20.25
      vertex 387.0658115593726 0.6959216963398802 20.25
      vertex 387.0658115593726 0.6959216963398802 25.25
    endloop
  endfacet
  facet normal -0.9700312531945452 -0.242980179903259 0
    outer loop
      vertex 386.7942763836987 2.0610212085066824 20.25
      vertex 386.9635754908629 1.3851412863145105 20.25
      vertex 386.9635754908629 1.3851412863145105 25.25
    endloop
  endfacet
  facet normal -0.9415440651830222 -0.33688985339221594 0
    outer loop
      vertex 386.55954468083013 2.717052369792137 20.25
      vertex 386.7942763836987 2.0610212085066824 20.25
      vertex 386.7942763836987 2.0610212085066824 25.25
    endloop
  endfacet
  facet normal -0.9039892931234408 -0.4275550934302873 0
    outer loop
      vertex 386.2616409768733 3.346916831464583 20.25
      vertex 386.55954468083013 2.717052369792137 20.25
      vertex 386.55954468083013 2.717052369792137 25.25
    endloop
  endfacet
  facet normal 0.9987954562051713 -0.04906767432744013 0
    outer loop
      vertex 392.9 0 20.25
      vertex 392.9341884406274 0.6959216963398802 20.25
      vertex 392.9341884406274 0.6959216963398802 25.25
    endloop
  endfacet
  facet normal 0.9891765099647766 -0.14673047445539142 0
    outer loop
      vertex 392.9341884406274 0.6959216963398802 20.25
      vertex 393.0364245091371 1.3851412863145105 20.25
      vertex 393.0364245091371 1.3851412863145105 25.25
    endloop
  endfacet
  facet normal 0.9700312531945452 -0.242980179903259 0
    outer loop
      vertex 393.0364245091371 1.3851412863145105 20.25
      vertex 393.2057236163013 2.0610212085066824 20.25
      vertex 393.2057236163013 2.0610212085066824 25.25
    endloop
  endfacet
  facet normal 0.9415440651830222 -0.33688985339221594 0
    outer loop
      vertex 393.2057236163013 2.0610212085066824 20.25
      vertex 393.44045531916987 2.717052369792137 20.25
      vertex 393.44045531916987 2.717052369792137 25.25
    endloop
  endfacet
  facet normal 0.9039892931234408 -0.4275550934302873 0
    outer loop
      vertex 393.44045531916987 2.717052369792137 20.25
      vertex 393.7383590231267 3.346916831464583 20.25
      vertex 393.7383590231267 3.346916831464583 25.25
    endloop
  endfacet
  facet normal 0 0 -1
    outer loop
      vertex 385.90343424734806 3.9445486544391755 20.25
      vertex 393.7383590231267 3.346916831464583 20.25
      vertex 386.2616409768733 3.346916831464583 20.25
    endloop
  endfacet
  facet normal 0 0 -1
    outer loop
      vertex 385.48837421887544 4.504192317561882 20.25
      vertex 394.09656575265194 3.9445486544391755 20.25
      vertex 385.90343424734806 3.9445486544391755 20.25
    endloop
  endfacet
  facet normal 0 0 -1
    outer loop
      vertex 385.02045814642446 5.020458146424487 20.25
      vertex 394.09656575265194 3.9445486544391755 20.25
      vertex 385.48837421887544 4.504192317561882 20.25
    endloop
  endfacet
  facet normal 0 0 -1
    outer loop
      vertex 384.5041923175619 5.488374218875433 20.25
      vertex 383.9445486544392 5.903434247348071 20.25
      vertex 394.09656575265194 3.9445486544391755 20.25
    endloop
  endfacet
  facet normal 0 0 -1
    outer loop
      vertex 383.9445486544392 5.903434247348071 20.25
      vertex 383.34691683146457 6.261640976873321 20.25
      vertex 394.09656575265194 3.9445486544391755 20.25
    endloop
  endfacet
  facet normal 0 0 -1
    outer loop
      vertex 382.71705236979216 6.559544680830135 20.25
      vertex 382.0610212085067 6.794276383698683 20.25
      vertex 394.09656575265194 3.9445486544391755 20.25
    endloop
  endfacet
  facet normal 0 0 -1
    outer loop
      vertex 383.34691683146457 6.261640976873321 20.25
      vertex 382.71705236979216 6.559544680830135 20.25
      vertex 394.09656575265194 3.9445486544391755 20.25
    endloop
  endfacet
  facet normal 0 0 -1
    outer loop
      vertex 385.02045814642446 5.020458146424487 20.25
      vertex 384.5041923175619 5.488374218875433 20.25
      vertex 394.09656575265194 3.9445486544391755 20.25
    endloop
  endfacet
  facet normal 0 0 -1
    outer loop
      vertex 385.90343424734806 3.9445486544391755 20.25
      vertex 394.09656575265194 3.9445486544391755 20.25
      vertex 393.7383590231267 3.346916831464583 20.25
    endloop
  endfacet
  facet normal -0.8577286100002717 -0.5141027441932223 0
    outer loop
      vertex 385.90343424734806 3.9445486544391755 20.25
      vertex 386.2616409768733 3.346916831464583 20.25
      vertex 386.2616409768733 3.346916831464583 25.25
    endloop
  endfacet
  facet normal -0.803207531480655 -0.5956993044924198 0
    outer loop
      vertex 385.48837421887544 4.504192317561882 20.25
      vertex 385.90343424734806 3.9445486544391755 20.25
      vertex 385.90343424734806 3.9445486544391755 25.25
    endloop
  endfacet
  facet normal -0.7409511253549376 -0.6715589548470421 0
    outer loop
      vertex 385.02045814642446 5.020458146424487 20.25
      vertex 385.48837421887544 4.504192317561882 20.25
      vertex 385.48837421887544 4.504192317561882 25.25
    endloop
  endfacet
  facet normal 0.8577286100002717 -0.5141027441932223 0
    outer loop
      vertex 393.7383590231267 3.346916831464583 20.25
      vertex 394.09656575265194 3.9445486544391755 20.25
      vertex 394.09656575265194 3.9445486544391755 25.25
    endloop
  endfacet
  facet normal 0.803207531480655 -0.5956993044924198 0
    outer loop
      vertex 394.09656575265194 3.9445486544391755 20.25
      vertex 394.51162578112456 4.504192317561882 20.25
      vertex 394.51162578112456 4.504192317561882 25.25
    endloop
  endfacet
  facet normal 0.7409511253549376 -0.6715589548470421 0
    outer loop
      vertex 394.51162578112456 4.504192317561882 20.25
      vertex 394.97954185357554 5.020458146424487 20.25
      vertex 394.97954185357554 5.020458146424487 25.25
    endloop
  endfacet
  facet normal 0.6715589548470419 -0.7409511253549379 0
    outer loop
      vertex 395.4958076824381 5.488374218875433 25.25
      vertex 394.97954185357554 5.020458146424487 20.25
      vertex 395.4958076824381 5.488374218875433 20.25
    endloop
  endfacet
  facet normal 0.5956993044924381 -0.8032075314806414 0
    outer loop
      vertex 396.0554513455608 5.903434247348071 25.25
      vertex 395.4958076824381 5.488374218875433 20.25
      vertex 396.0554513455608 5.903434247348071 20.25
    endloop
  endfacet
  facet normal 0.803207531480655 -0.5956993044924198 0
    outer loop
      vertex 374.09656575265194 3.9445486544391755 20.25
      vertex 374.51162578112456 4.504192317561882 25.25
      vertex 374.09656575265194 3.9445486544391755 25.25
    endloop
  endfacet
  facet normal 0.7409511253549376 -0.6715589548470421 0
    outer loop
      vertex 374.51162578112456 4.504192317561882 20.25
      vertex 374.97954185357554 5.020458146424487 25.25
      vertex 374.51162578112456 4.504192317561882 25.25
    endloop
  endfacet
  facet normal 0.6715589548470419 -0.7409511253549379 0
    outer loop
      vertex 374.97954185357554 5.020458146424487 20.25
      vertex 375.4958076824381 5.488374218875433 25.25
      vertex 374.97954185357554 5.020458146424487 25.25
    endloop
  endfacet
  facet normal 0.5956993044924381 -0.8032075314806414 0
    outer loop
      vertex 375.4958076824381 5.488374218875433 20.25
      vertex 376.0554513455608 5.903434247348071 25.25
      vertex 375.4958076824381 5.488374218875433 25.25
    endloop
  endfacet
  facet normal 0.5141027441932049 -0.8577286100002821 0
    outer loop
      vertex 376.0554513455608 5.903434247348071 20.25
      vertex 376.65308316853543 6.261640976873321 25.25
      vertex 376.0554513455608 5.903434247348071 25.25
    endloop
  endfacet
  facet normal -0.6715589548470419 -0.7409511253549379 0
    outer loop
      vertex 384.5041923175619 5.488374218875433 20.25
      vertex 385.02045814642446 5.020458146424487 25.25
      vertex 384.5041923175619 5.488374218875433 25.25
    endloop
  endfacet
  facet normal -0.5141027441932049 -0.8577286100002821 0
    outer loop
      vertex 383.34691683146457 6.261640976873321 20.25
      vertex 383.9445486544392 5.903434247348071 25.25
      vertex 383.34691683146457 6.261640976873321 25.25
    endloop
  endfacet
  facet normal -0.5956993044924381 -0.8032075314806414 0
    outer loop
      vertex 383.9445486544392 5.903434247348071 20.25
      vertex 384.5041923175619 5.488374218875433 25.25
      vertex 383.9445486544392 5.903434247348071 25.25
    endloop
  endfacet
  facet normal -0.9987954562051713 -0.04906767432744013 0
    outer loop
      vertex 387.0658115593726 0.6959216963398802 20.25
      vertex 387.1 0 25.25
      vertex 387.0658115593726 0.6959216963398802 25.25
    endloop
  endfacet
  facet normal -0.9891765099647766 -0.14673047445539142 0
    outer loop
      vertex 386.9635754908629 1.3851412863145105 20.25
      vertex 387.0658115593726 0.6959216963398802 25.25
      vertex 386.9635754908629 1.3851412863145105 25.25
    endloop
  endfacet
  facet normal -0.9700312531945452 -0.242980179903259 0
    outer loop
      vertex 386.7942763836987 2.0610212085066824 20.25
      vertex 386.9635754908629 1.3851412863145105 25.25
      vertex 386.7942763836987 2.0610212085066824 25.25
    endloop
  endfacet
  facet normal -0.9415440651830222 -0.33688985339221594 0
    outer loop
      vertex 386.55954468083013 2.717052369792137 20.25
      vertex 386.7942763836987 2.0610212085066824 25.25
      vertex 386.55954468083013 2.717052369792137 25.25
    endloop
  endfacet
  facet normal -0.9039892931234408 -0.4275550934302873 0
    outer loop
      vertex 386.2616409768733 3.346916831464583 20.25
      vertex 386.55954468083013 2.717052369792137 25.25
      vertex 386.2616409768733 3.346916831464583 25.25
    endloop
  endfacet
  facet normal 0.9987954562051713 -0.04906767432744013 0
    outer loop
      vertex 392.9 0 20.25
      vertex 392.9341884406274 0.6959216963398802 25.25
      vertex 392.9 0 25.25
    endloop
  endfacet
  facet normal 0.9891765099647766 -0.14673047445539142 0
    outer loop
      vertex 392.9341884406274 0.6959216963398802 20.25
      vertex 393.0364245091371 1.3851412863145105 25.25
      vertex 392.9341884406274 0.6959216963398802 25.25
    endloop
  endfacet
  facet normal 0.9700312531945452 -0.242980179903259 0
    outer loop
      vertex 393.0364245091371 1.3851412863145105 20.25
      vertex 393.2057236163013 2.0610212085066824 25.25
      vertex 393.0364245091371 1.3851412863145105 25.25
    endloop
  endfacet
  facet normal 0.9415440651830222 -0.33688985339221594 0
    outer loop
      vertex 393.2057236163013 2.0610212085066824 20.25
      vertex 393.44045531916987 2.717052369792137 25.25
      vertex 393.2057236163013 2.0610212085066824 25.25
    endloop
  endfacet
  facet normal 0.9039892931234408 -0.4275550934302873 0
    outer loop
      vertex 393.44045531916987 2.717052369792137 20.25
      vertex 393.7383590231267 3.346916831464583 25.25
      vertex 393.44045531916987 2.717052369792137 25.25
    endloop
  endfacet
  facet normal 0 0 1
    outer loop
      vertex 387.1 0 25.25
      vertex 392.9341884406274 0.6959216963398802 25.25
      vertex 387.0658115593726 0.6959216963398802 25.25
    endloop
  endfacet
  facet normal 0 0 1
    outer loop
      vertex 387.0658115593726 0.6959216963398802 25.25
      vertex 393.0364245091371 1.3851412863145105 25.25
      vertex 386.9635754908629 1.3851412863145105 25.25
    endloop
  endfacet
  facet normal 0 0 1
    outer loop
      vertex 386.9635754908629 1.3851412863145105 25.25
      vertex 393.2057236163013 2.0610212085066824 25.25
      vertex 386.7942763836987 2.0610212085066824 25.25
    endloop
  endfacet
  facet normal 0 0 1
    outer loop
      vertex 386.7942763836987 2.0610212085066824 25.25
      vertex 393.44045531916987 2.717052369792137 25.25
      vertex 386.55954468083013 2.717052369792137 25.25
    endloop
  endfacet
  facet normal 0 0 1
    outer loop
      vertex 386.55954468083013 2.717052369792137 25.25
      vertex 393.7383590231267 3.346916831464583 25.25
      vertex 386.2616409768733 3.346916831464583 25.25
    endloop
  endfacet
  facet normal 0 0 1
    outer loop
      vertex 387.1 0 25.25
      vertex 392.9 0 25.25
      vertex 392.9341884406274 0.6959216963398802 25.25
    endloop
  endfacet
  facet normal 0 0 1
    outer loop
      vertex 393.0364245091371 1.3851412863145105 25.25
      vertex 387.0658115593726 0.6959216963398802 25.25
      vertex 392.9341884406274 0.6959216963398802 25.25
    endloop
  endfacet
  facet normal 0 0 1
    outer loop
      vertex 386.9635754908629 1.3851412863145105 25.25
      vertex 393.0364245091371 1.3851412863145105 25.25
      vertex 393.2057236163013 2.0610212085066824 25.25
    endloop
  endfacet
  facet normal 0 0 1
    outer loop
      vertex 393.44045531916987 2.717052369792137 25.25
      vertex 386.7942763836987 2.0610212085066824 25.25
      vertex 393.2057236163013 2.0610212085066824 25.25
    endloop
  endfacet
  facet normal 0 0 1
    outer loop
      vertex 386.55954468083013 2.717052369792137 25.25
      vertex 393.44045531916987 2.717052369792137 25.25
      vertex 393.7383590231267 3.346916831464583 25.25
    endloop
  endfacet
  facet normal -0.8577286100002717 -0.5141027441932223 0
    outer loop
      vertex 385.90343424734806 3.9445486544391755 20.25
      vertex 386.2616409768733 3.346916831464583 25.25
      vertex 385.90343424734806 3.9445486544391755 25.25
    endloop
  endfacet
  facet normal -0.803207531480655 -0.5956993044924198 0
    outer loop
      vertex 385.48837421887544 4.504192317561882 20.25
      vertex 385.90343424734806 3.9445486544391755 25.25
      vertex 385.48837421887544 4.504192317561882 25.25
    endloop
  endfacet
  facet normal -0.7409511253549376 -0.6715589548470421 0
    outer loop
      vertex 385.02045814642446 5.020458146424487 20.25
      vertex 385.48837421887544 4.504192317561882 25.25
      vertex 385.02045814642446 5.020458146424487 25.25
    endloop
  endfacet
  facet normal 0.8577286100002717 -0.5141027441932223 0
    outer loop
      vertex 393.7383590231267 3.346916831464583 20.25
      vertex 394.09656575265194 3.9445486544391755 25.25
      vertex 393.7383590231267 3.346916831464583 25.25
    endloop
  endfacet
  facet normal 0.803207531480655 -0.5956993044924198 0
    outer loop
      vertex 394.09656575265194 3.9445486544391755 20.25
      vertex 394.51162578112456 4.504192317561882 25.25
      vertex 394.09656575265194 3.9445486544391755 25.25
    endloop
  endfacet
  facet normal 0.7409511253549376 -0.6715589548470421 0
    outer loop
      vertex 394.51162578112456 4.504192317561882 20.25
      vertex 394.97954185357554 5.020458146424487 25.25
      vertex 394.51162578112456 4.504192317561882 25.25
    endloop
  endfacet
  facet normal 0.6715589548470419 -0.7409511253549379 0
    outer loop
      vertex 394.97954185357554 5.020458146424487 25.25
      vertex 394.97954185357554 5.020458146424487 20.25
      vertex 395.4958076824381 5.488374218875433 25.25
    endloop
  endfacet
  facet normal 0.5956993044924381 -0.8032075314806414 0
    outer loop
      vertex 395.4958076824381 5.488374218875433 25.25
      vertex 395.4958076824381 5.488374218875433 20.25
      vertex 396.0554513455608 5.903434247348071 25.25
    endloop
  endfacet
  facet normal 0 0 1
    outer loop
      vertex 386.2616409768733 3.346916831464583 25.25
      vertex 394.09656575265194 3.9445486544391755 25.25
      vertex 385.90343424734806 3.9445486544391755 25.25
    endloop
  endfacet
  facet normal 0 0 1
    outer loop
      vertex 385.90343424734806 3.9445486544391755 25.25
      vertex 394.51162578112456 4.504192317561882 25.25
      vertex 385.48837421887544 4.504192317561882 25.25
    endloop
  endfacet
  facet normal 0 0 1
    outer loop
      vertex 385.48837421887544 4.504192317561882 25.25
      vertex 394.97954185357554 5.020458146424487 25.25
      vertex 385.02045814642446 5.020458146424487 25.25
    endloop
  endfacet
  facet normal 0 0 1
    outer loop
      vertex 384.5041923175619 5.488374218875433 25.25
      vertex 385.02045814642446 5.020458146424487 25.25
      vertex 395.4958076824381 5.488374218875433 25.25
    endloop
  endfacet
  facet normal 0 0 1
    outer loop
      vertex 383.9445486544392 5.903434247348071 25.25
      vertex 384.5041923175619 5.488374218875433 25.25
      vertex 396.0554513455608 5.903434247348071 25.25
    endloop
  endfacet
  facet normal 0 0 1
    outer loop
      vertex 383.34691683146457 6.261640976873321 25.25
      vertex 383.9445486544392 5.903434247348071 25.25
      vertex 396.65308316853543 6.261640976873321 25.25
    endloop
  endfacet
  facet normal 0 0 1
    outer loop
      vertex 394.09656575265194 3.9445486544391755 25.25
      vertex 386.2616409768733 3.346916831464583 25.25
      vertex 393.7383590231267 3.346916831464583 25.25
    endloop
  endfacet
  facet normal 0 0 1
    outer loop
      vertex 385.90343424734806 3.9445486544391755 25.25
      vertex 394.09656575265194 3.9445486544391755 25.25
      vertex 394.51162578112456 4.504192317561882 25.25
    endloop
  endfacet
  facet normal 0 0 1
    outer loop
      vertex 394.97954185357554 5.020458146424487 25.25
      vertex 385.48837421887544 4.504192317561882 25.25
      vertex 394.51162578112456 4.504192317561882 25.25
    endloop
  endfacet
  facet normal 0 0 1
    outer loop
      vertex 394.97954185357554 5.020458146424487 25.25
      vertex 395.4958076824381 5.488374218875433 25.25
      vertex 385.02045814642446 5.020458146424487 25.25
    endloop
  endfacet
  facet normal 0 0 1
    outer loop
      vertex 384.5041923175619 5.488374218875433 25.25
      vertex 395.4958076824381 5.488374218875433 25.25
      vertex 396.0554513455608 5.903434247348071 25.25
    endloop
  endfacet
  facet normal 0 0 1
    outer loop
      vertex 383.9445486544392 5.903434247348071 25.25
      vertex 396.0554513455608 5.903434247348071 25.25
      vertex 396.65308316853543 6.261640976873321 25.25
    endloop
  endfacet
  facet normal 0.4275550934303 -0.9039892931234349 0
    outer loop
      vertex 377.28294763020784 6.559544680830135 20.25
      vertex 377.28294763020784 6.559544680830135 25.25
      vertex 376.65308316853543 6.261640976873321 20.25
    endloop
  endfacet
  facet normal 0.3368898533922205 -0.9415440651830206 0
    outer loop
      vertex 377.9389787914933 6.794276383698683 20.25
      vertex 377.9389787914933 6.794276383698683 25.25
      vertex 377.28294763020784 6.559544680830135 20.25
    endloop
  endfacet
  facet normal 0.24298017990326568 -0.9700312531945436 0
    outer loop
      vertex 378.61485871368546 6.963575490862936 20.25
      vertex 378.61485871368546 6.963575490862936 25.25
      vertex 377.9389787914933 6.794276383698683 20.25
    endloop
  endfacet
  facet normal 0.14673047445536047 -0.9891765099647811 0
    outer loop
      vertex 379.3040783036601 7.065811559372598 20.25
      vertex 379.3040783036601 7.065811559372598 25.25
      vertex 378.61485871368546 6.963575490862936 20.25
    endloop
  endfacet
  facet normal 0.04906767432741624 -0.9987954562051725 0
    outer loop
      vertex 380 7.1 20.25
      vertex 380 7.1 25.25
      vertex 379.3040783036601 7.065811559372598 20.25
    endloop
  endfacet
  facet normal -0.04906767432741624 -0.9987954562051725 0
    outer loop
      vertex 380.6959216963399 7.065811559372598 20.25
      vertex 380.6959216963399 7.065811559372598 25.25
      vertex 380 7.1 20.25
    endloop
  endfacet
  facet normal -0.14673047445536047 -0.9891765099647811 0
    outer loop
      vertex 381.38514128631454 6.963575490862936 20.25
      vertex 381.38514128631454 6.963575490862936 25.25
      vertex 380.6959216963399 7.065811559372598 20.25
    endloop
  endfacet
  facet normal -0.24298017990326568 -0.9700312531945436 0
    outer loop
      vertex 382.0610212085067 6.794276383698683 20.25
      vertex 382.0610212085067 6.794276383698683 25.25
      vertex 381.38514128631454 6.963575490862936 20.25
    endloop
  endfacet
  facet normal -0.3368898533922205 -0.9415440651830206 0
    outer loop
      vertex 382.71705236979216 6.559544680830135 20.25
      vertex 382.71705236979216 6.559544680830135 25.25
      vertex 382.0610212085067 6.794276383698683 20.25
    endloop
  endfacet
  facet normal -0.4275550934303 -0.9039892931234349 0
    outer loop
      vertex 383.34691683146457 6.261640976873321 20.25
      vertex 383.34691683146457 6.261640976873321 25.25
      vertex 382.71705236979216 6.559544680830135 20.25
    endloop
  endfacet
  facet normal 0 0 -1
    outer loop
      vertex 330.25 20.25 20.25
      vertex 396.65308316853543 6.261640976873321 20.25
      vertex 396.0554513455608 5.903434247348071 20.25
    endloop
  endfacet
  facet normal 0 0 -1
    outer loop
      vertex 330.25 20.25 20.25
      vertex 397.28294763020784 6.559544680830135 20.25
      vertex 396.65308316853543 6.261640976873321 20.25
    endloop
  endfacet
  facet normal 0 0 -1
    outer loop
      vertex 330.25 20.25 20.25
      vertex 397.9389787914933 6.794276383698683 20.25
      vertex 397.28294763020784 6.559544680830135 20.25
    endloop
  endfacet
  facet normal 0 0 -1
    outer loop
      vertex 330.25 20.25 20.25
      vertex 398.61485871368546 6.963575490862936 20.25
      vertex 397.9389787914933 6.794276383698683 20.25
    endloop
  endfacet
  facet normal 0 0 -1
    outer loop
      vertex 330.25 20.25 20.25
      vertex 399.3040783036601 7.065811559372598 20.25
      vertex 398.61485871368546 6.963575490862936 20.25
    endloop
  endfacet
  facet normal 0 0 -1
    outer loop
      vertex 330.25 20.25 20.25
      vertex 400 7.1 20.25
      vertex 399.3040783036601 7.065811559372598 20.25
    endloop
  endfacet
  facet normal 0 0 -1
    outer loop
      vertex 330.25 20.25 20.25
      vertex 400.6959216963399 7.065811559372598 20.25
      vertex 400 7.1 20.25
    endloop
  endfacet
  facet normal 0 0 -1
    outer loop
      vertex 330.25 20.25 20.25
      vertex 419.3040783036601 7.065811559372598 20.25
      vertex 400.6959216963399 7.065811559372598 20.25
    endloop
  endfacet
  facet normal 0 0 -1
    outer loop
      vertex 330.25 20.25 20.25
      vertex 420 7.1 20.25
      vertex 419.3040783036601 7.065811559372598 20.25
    endloop
  endfacet
  facet normal 0 0 -1
    outer loop
      vertex 330.25 20.25 20.25
      vertex 437.28294763020784 6.559544680830135 20.25
      vertex 420 7.1 20.25
    endloop
  endfacet
  facet normal 0.4275550934303 -0.9039892931234349 0
    outer loop
      vertex 376.65308316853543 6.261640976873321 20.25
      vertex 377.28294763020784 6.559544680830135 25.25
      vertex 376.65308316853543 6.261640976873321 25.25
    endloop
  endfacet
  facet normal 0.3368898533922205 -0.9415440651830206 0
    outer loop
      vertex 377.28294763020784 6.559544680830135 20.25
      vertex 377.9389787914933 6.794276383698683 25.25
      vertex 377.28294763020784 6.559544680830135 25.25
    endloop
  endfacet
  facet normal 0.24298017990326568 -0.9700312531945436 0
    outer loop
      vertex 377.9389787914933 6.794276383698683 20.25
      vertex 378.61485871368546 6.963575490862936 25.25
      vertex 377.9389787914933 6.794276383698683 25.25
    endloop
  endfacet
  facet normal 0.14673047445536047 -0.9891765099647811 0
    outer loop
      vertex 378.61485871368546 6.963575490862936 20.25
      vertex 379.3040783036601 7.065811559372598 25.25
      vertex 378.61485871368546 6.963575490862936 25.25
    endloop
  endfacet
  facet normal 0.04906767432741624 -0.9987954562051725 0
    outer loop
      vertex 379.3040783036601 7.065811559372598 20.25
      vertex 380 7.1 25.25
      vertex 379.3040783036601 7.065811559372598 25.25
    endloop
  endfacet
  facet normal -0.04906767432741624 -0.9987954562051725 0
    outer loop
      vertex 380 7.1 20.25
      vertex 380.6959216963399 7.065811559372598 25.25
      vertex 380 7.1 25.25
    endloop
  endfacet
  facet normal -0.14673047445536047 -0.9891765099647811 0
    outer loop
      vertex 380.6959216963399 7.065811559372598 20.25
      vertex 381.38514128631454 6.963575490862936 25.25
      vertex 380.6959216963399 7.065811559372598 25.25
    endloop
  endfacet
  facet normal -0.24298017990326568 -0.9700312531945436 0
    outer loop
      vertex 381.38514128631454 6.963575490862936 20.25
      vertex 382.0610212085067 6.794276383698683 25.25
      vertex 381.38514128631454 6.963575490862936 25.25
    endloop
  endfacet
  facet normal -0.4275550934303 -0.9039892931234349 0
    outer loop
      vertex 382.71705236979216 6.559544680830135 20.25
      vertex 383.34691683146457 6.261640976873321 25.25
      vertex 382.71705236979216 6.559544680830135 25.25
    endloop
  endfacet
  facet normal -0.3368898533922205 -0.9415440651830206 0
    outer loop
      vertex 382.0610212085067 6.794276383698683 20.25
      vertex 382.71705236979216 6.559544680830135 25.25
      vertex 382.0610212085067 6.794276383698683 25.25
    endloop
  endfacet
  facet normal 0 0 1
    outer loop
      vertex 330.25 20.25 25.25
      vertex 399.3040783036601 7.065811559372598 25.25
      vertex 400 7.1 25.25
    endloop
  endfacet
  facet normal 0 0 1
    outer loop
      vertex 330.25 20.25 25.25
      vertex 400 7.1 25.25
      vertex 420 7.1 25.25
    endloop
  endfacet
  facet normal 0 0 1
    outer loop
      vertex 382.0610212085067 6.794276383698683 25.25
      vertex 382.71705236979216 6.559544680830135 25.25
      vertex 397.9389787914933 6.794276383698683 25.25
    endloop
  endfacet
  facet normal 0 0 1
    outer loop
      vertex 380.6959216963399 7.065811559372598 25.25
      vertex 381.38514128631454 6.963575490862936 25.25
      vertex 399.3040783036601 7.065811559372598 25.25
    endloop
  endfacet
  facet normal 0 0 1
    outer loop
      vertex 381.38514128631454 6.963575490862936 25.25
      vertex 382.0610212085067 6.794276383698683 25.25
      vertex 398.61485871368546 6.963575490862936 25.25
    endloop
  endfacet
  facet normal 0 0 1
    outer loop
      vertex 382.71705236979216 6.559544680830135 25.25
      vertex 383.34691683146457 6.261640976873321 25.25
      vertex 397.28294763020784 6.559544680830135 25.25
    endloop
  endfacet
  facet normal 0 0 1
    outer loop
      vertex 396.65308316853543 6.261640976873321 25.25
      vertex 397.28294763020784 6.559544680830135 25.25
      vertex 383.34691683146457 6.261640976873321 25.25
    endloop
  endfacet
  facet normal 0 0 1
    outer loop
      vertex 397.28294763020784 6.559544680830135 25.25
      vertex 397.9389787914933 6.794276383698683 25.25
      vertex 382.71705236979216 6.559544680830135 25.25
    endloop
  endfacet
  facet normal 0 0 1
    outer loop
      vertex 397.9389787914933 6.794276383698683 25.25
      vertex 398.61485871368546 6.963575490862936 25.25
      vertex 382.0610212085067 6.794276383698683 25.25
    endloop
  endfacet
  facet normal 0 0 1
    outer loop
      vertex 398.61485871368546 6.963575490862936 25.25
      vertex 399.3040783036601 7.065811559372598 25.25
      vertex 381.38514128631454 6.963575490862936 25.25
    endloop
  endfacet
  facet normal 0 0 1
    outer loop
      vertex 330.25 20.25 25.25
      vertex 420 7.1 25.25
      vertex 420.6959216963399 7.065811559372598 25.25
    endloop
  endfacet
  facet normal -0.9415440651830222 -0.33688985339221594 0
    outer loop
      vertex 406.7942763836987 2.0610212085066824 25.25
      vertex 406.55954468083013 2.717052369792137 20.25
      vertex 406.7942763836987 2.0610212085066824 20.25
    endloop
  endfacet
  facet normal -0.9039892931234408 -0.4275550934302873 0
    outer loop
      vertex 406.55954468083013 2.717052369792137 25.25
      vertex 406.2616409768733 3.346916831464583 20.25
      vertex 406.55954468083013 2.717052369792137 20.25
    endloop
  endfacet
  facet normal 0.5141027441932049 -0.8577286100002821 0
    outer loop
      vertex 396.65308316853543 6.261640976873321 25.25
      vertex 396.0554513455608 5.903434247348071 20.25
      vertex 396.65308316853543 6.261640976873321 20.25
    endloop
  endfacet
  facet normal -0.8577286100002717 -0.5141027441932223 0
    outer loop
      vertex 406.2616409768733 3.346916831464583 25.25
      vertex 405.90343424734806 3.9445486544391755 20.25
      vertex 406.2616409768733 3.346916831464583 20.25
    endloop
  endfacet
  facet normal -0.7409511253549376 -0.6715589548470421 0
    outer loop
      vertex 405.48837421887544 4.504192317561882 25.25
      vertex 405.02045814642446 5.020458146424487 20.25
      vertex 405.48837421887544 4.504192317561882 20.25
    endloop
  endfacet
  facet normal -0.803207531480655 -0.5956993044924198 0
    outer loop
      vertex 405.90343424734806 3.9445486544391755 25.25
      vertex 405.48837421887544 4.504192317561882 20.25
      vertex 405.90343424734806 3.9445486544391755 20.25
    endloop
  endfacet
  facet normal -0.5141027441932049 -0.8577286100002821 0
    outer loop
      vertex 403.9445486544392 5.903434247348071 25.25
      vertex 403.34691683146457 6.261640976873321 20.25
      vertex 403.9445486544392 5.903434247348071 20.25
    endloop
  endfacet
  facet normal -0.6715589548470419 -0.7409511253549379 0
    outer loop
      vertex 405.02045814642446 5.020458146424487 25.25
      vertex 404.5041923175619 5.488374218875433 20.25
      vertex 405.02045814642446 5.020458146424487 20.25
    endloop
  endfacet
  facet normal -0.5956993044924381 -0.8032075314806414 0
    outer loop
      vertex 404.5041923175619 5.488374218875433 25.25
      vertex 403.9445486544392 5.903434247348071 20.25
      vertex 404.5041923175619 5.488374218875433 20.25
    endloop
  endfacet
  facet normal 0 0 -1
    outer loop
      vertex 407.1 0 20.25
      vertex 407.0658115593726 0.6959216963398802 20.25
      vertex 412.9 0 20.25
    endloop
  endfacet
  facet normal 0 0 -1
    outer loop
      vertex 412.9 0 20.25
      vertex 407.0658115593726 0.6959216963398802 20.25
      vertex 406.9635754908629 1.3851412863145105 20.25
    endloop
  endfacet
  facet normal 0 0 -1
    outer loop
      vertex 412.9 0 20.25
      vertex 406.9635754908629 1.3851412863145105 20.25
      vertex 406.7942763836987 2.0610212085066824 20.25
    endloop
  endfacet
  facet normal 0 0 -1
    outer loop
      vertex 412.9 0 20.25
      vertex 406.7942763836987 2.0610212085066824 20.25
      vertex 412.9341884406274 0.6959216963398802 20.25
    endloop
  endfacet
  facet normal 0 0 -1
    outer loop
      vertex 406.7942763836987 2.0610212085066824 20.25
      vertex 413.0364245091371 1.3851412863145105 20.25
      vertex 412.9341884406274 0.6959216963398802 20.25
    endloop
  endfacet
  facet normal 0 0 -1
    outer loop
      vertex 406.55954468083013 2.717052369792137 20.25
      vertex 413.2057236163013 2.0610212085066824 20.25
      vertex 406.7942763836987 2.0610212085066824 20.25
    endloop
  endfacet
  facet normal 0 0 -1
    outer loop
      vertex 406.2616409768733 3.346916831464583 20.25
      vertex 413.44045531916987 2.717052369792137 20.25
      vertex 406.55954468083013 2.717052369792137 20.25
    endloop
  endfacet
  facet normal 0 0 -1
    outer loop
      vertex 406.7942763836987 2.0610212085066824 20.25
      vertex 413.2057236163013 2.0610212085066824 20.25
      vertex 413.0364245091371 1.3851412863145105 20.25
    endloop
  endfacet
  facet normal 0 0 -1
    outer loop
      vertex 406.55954468083013 2.717052369792137 20.25
      vertex 413.44045531916987 2.717052369792137 20.25
      vertex 413.2057236163013 2.0610212085066824 20.25
    endloop
  endfacet
  facet normal 0 0 -1
    outer loop
      vertex 406.2616409768733 3.346916831464583 20.25
      vertex 413.7383590231267 3.346916831464583 20.25
      vertex 413.44045531916987 2.717052369792137 20.25
    endloop
  endfacet
  facet normal -0.9987954562051713 -0.04906767432744013 0
    outer loop
      vertex 407.1 0 20.25
      vertex 407.1 0 25.25
      vertex 407.0658115593726 0.6959216963398802 20.25
    endloop
  endfacet
  facet normal -0.9891765099647766 -0.14673047445539142 0
    outer loop
      vertex 406.9635754908629 1.3851412863145105 20.25
      vertex 407.0658115593726 0.6959216963398802 20.25
      vertex 407.0658115593726 0.6959216963398802 25.25
    endloop
  endfacet
  facet normal -0.9700312531945452 -0.242980179903259 0
    outer loop
      vertex 406.7942763836987 2.0610212085066824 20.25
      vertex 406.9635754908629 1.3851412863145105 20.25
      vertex 406.9635754908629 1.3851412863145105 25.25
    endloop
  endfacet
  facet normal 0.9987954562051713 -0.04906767432744013 0
    outer loop
      vertex 412.9 0 20.25
      vertex 412.9341884406274 0.6959216963398802 20.25
      vertex 412.9341884406274 0.6959216963398802 25.25
    endloop
  endfacet
  facet normal 0.9891765099647766 -0.14673047445539142 0
    outer loop
      vertex 413.0364245091371 1.3851412863145105 25.25
      vertex 412.9341884406274 0.6959216963398802 20.25
      vertex 413.0364245091371 1.3851412863145105 20.25
    endloop
  endfacet
  facet normal 0.9700312531945452 -0.242980179903259 0
    outer loop
      vertex 413.2057236163013 2.0610212085066824 25.25
      vertex 413.0364245091371 1.3851412863145105 20.25
      vertex 413.2057236163013 2.0610212085066824 20.25
    endloop
  endfacet
  facet normal 0.9415440651830222 -0.33688985339221594 0
    outer loop
      vertex 413.44045531916987 2.717052369792137 25.25
      vertex 413.2057236163013 2.0610212085066824 20.25
      vertex 413.44045531916987 2.717052369792137 20.25
    endloop
  endfacet
  facet normal 0.9039892931234408 -0.4275550934302873 0
    outer loop
      vertex 413.7383590231267 3.346916831464583 25.25
      vertex 413.44045531916987 2.717052369792137 20.25
      vertex 413.7383590231267 3.346916831464583 20.25
    endloop
  endfacet
  facet normal 0 0 -1
    outer loop
      vertex 405.90343424734806 3.9445486544391755 20.25
      vertex 413.7383590231267 3.346916831464583 20.25
      vertex 406.2616409768733 3.346916831464583 20.25
    endloop
  endfacet
  facet normal 0 0 -1
    outer loop
      vertex 405.48837421887544 4.504192317561882 20.25
      vertex 414.09656575265194 3.9445486544391755 20.25
      vertex 405.90343424734806 3.9445486544391755 20.25
    endloop
  endfacet
  facet normal 0 0 -1
    outer loop
      vertex 405.02045814642446 5.020458146424487 20.25
      vertex 414.51162578112456 4.504192317561882 20.25
      vertex 405.48837421887544 4.504192317561882 20.25
    endloop
  endfacet
  facet normal 0 0 -1
    outer loop
      vertex 405.90343424734806 3.9445486544391755 20.25
      vertex 414.09656575265194 3.9445486544391755 20.25
      vertex 413.7383590231267 3.346916831464583 20.25
    endloop
  endfacet
  facet normal 0 0 -1
    outer loop
      vertex 405.48837421887544 4.504192317561882 20.25
      vertex 414.51162578112456 4.504192317561882 20.25
      vertex 414.09656575265194 3.9445486544391755 20.25
    endloop
  endfacet
  facet normal 0 0 -1
    outer loop
      vertex 405.02045814642446 5.020458146424487 20.25
      vertex 404.5041923175619 5.488374218875433 20.25
      vertex 414.97954185357554 5.020458146424487 20.25
    endloop
  endfacet
  facet normal 0 0 -1
    outer loop
      vertex 404.5041923175619 5.488374218875433 20.25
      vertex 403.9445486544392 5.903434247348071 20.25
      vertex 415.4958076824381 5.488374218875433 20.25
    endloop
  endfacet
  facet normal 0 0 -1
    outer loop
      vertex 403.9445486544392 5.903434247348071 20.25
      vertex 403.34691683146457 6.261640976873321 20.25
      vertex 416.0554513455608 5.903434247348071 20.25
    endloop
  endfacet
  facet normal 0 0 -1
    outer loop
      vertex 405.02045814642446 5.020458146424487 20.25
      vertex 414.97954185357554 5.020458146424487 20.25
      vertex 414.51162578112456 4.504192317561882 20.25
    endloop
  endfacet
  facet normal 0 0 -1
    outer loop
      vertex 404.5041923175619 5.488374218875433 20.25
      vertex 415.4958076824381 5.488374218875433 20.25
      vertex 414.97954185357554 5.020458146424487 20.25
    endloop
  endfacet
  facet normal 0 0 -1
    outer loop
      vertex 403.9445486544392 5.903434247348071 20.25
      vertex 416.0554513455608 5.903434247348071 20.25
      vertex 415.4958076824381 5.488374218875433 20.25
    endloop
  endfacet
  facet normal 0 0 -1
    outer loop
      vertex 403.34691683146457 6.261640976873321 20.25
      vertex 416.65308316853543 6.261640976873321 20.25
      vertex 416.0554513455608 5.903434247348071 20.25
    endloop
  endfacet
  facet normal 0.8577286100002717 -0.5141027441932223 0
    outer loop
      vertex 414.09656575265194 3.9445486544391755 25.25
      vertex 413.7383590231267 3.346916831464583 20.25
      vertex 414.09656575265194 3.9445486544391755 20.25
    endloop
  endfacet
  facet normal 0.803207531480655 -0.5956993044924198 0
    outer loop
      vertex 414.51162578112456 4.504192317561882 25.25
      vertex 414.09656575265194 3.9445486544391755 20.25
      vertex 414.51162578112456 4.504192317561882 20.25
    endloop
  endfacet
  facet normal 0.7409511253549376 -0.6715589548470421 0
    outer loop
      vertex 414.97954185357554 5.020458146424487 25.25
      vertex 414.51162578112456 4.504192317561882 20.25
      vertex 414.97954185357554 5.020458146424487 20.25
    endloop
  endfacet
  facet normal 0.6715589548470419 -0.7409511253549379 0
    outer loop
      vertex 415.4958076824381 5.488374218875433 25.25
      vertex 414.97954185357554 5.020458146424487 20.25
      vertex 415.4958076824381 5.488374218875433 20.25
    endloop
  endfacet
  facet normal 0.5956993044924381 -0.8032075314806414 0
    outer loop
      vertex 416.0554513455608 5.903434247348071 25.25
      vertex 415.4958076824381 5.488374218875433 20.25
      vertex 416.0554513455608 5.903434247348071 20.25
    endloop
  endfacet
  facet normal 0.5141027441932049 -0.8577286100002821 0
    outer loop
      vertex 416.65308316853543 6.261640976873321 25.25
      vertex 416.0554513455608 5.903434247348071 20.25
      vertex 416.65308316853543 6.261640976873321 20.25
    endloop
  endfacet
  facet normal -0.9415440651830222 -0.33688985339221594 0
    outer loop
      vertex 406.7942763836987 2.0610212085066824 25.25
      vertex 406.55954468083013 2.717052369792137 25.25
      vertex 406.55954468083013 2.717052369792137 20.25
    endloop
  endfacet
  facet normal -0.9039892931234408 -0.4275550934302873 0
    outer loop
      vertex 406.55954468083013 2.717052369792137 25.25
      vertex 406.2616409768733 3.346916831464583 25.25
      vertex 406.2616409768733 3.346916831464583 20.25
    endloop
  endfacet
  facet normal 0.5141027441932049 -0.8577286100002821 0
    outer loop
      vertex 396.0554513455608 5.903434247348071 25.25
      vertex 396.0554513455608 5.903434247348071 20.25
      vertex 396.65308316853543 6.261640976873321 25.25
    endloop
  endfacet
  facet normal -0.8577286100002717 -0.5141027441932223 0
    outer loop
      vertex 406.2616409768733 3.346916831464583 25.25
      vertex 405.90343424734806 3.9445486544391755 25.25
      vertex 405.90343424734806 3.9445486544391755 20.25
    endloop
  endfacet
  facet normal -0.803207531480655 -0.5956993044924198 0
    outer loop
      vertex 405.90343424734806 3.9445486544391755 25.25
      vertex 405.48837421887544 4.504192317561882 25.25
      vertex 405.48837421887544 4.504192317561882 20.25
    endloop
  endfacet
  facet normal -0.5141027441932049 -0.8577286100002821 0
    outer loop
      vertex 403.34691683146457 6.261640976873321 25.25
      vertex 403.34691683146457 6.261640976873321 20.25
      vertex 403.9445486544392 5.903434247348071 25.25
    endloop
  endfacet
  facet normal -0.7409511253549376 -0.6715589548470421 0
    outer loop
      vertex 405.48837421887544 4.504192317561882 25.25
      vertex 405.02045814642446 5.020458146424487 25.25
      vertex 405.02045814642446 5.020458146424487 20.25
    endloop
  endfacet
  facet normal -0.6715589548470419 -0.7409511253549379 0
    outer loop
      vertex 404.5041923175619 5.488374218875433 25.25
      vertex 404.5041923175619 5.488374218875433 20.25
      vertex 405.02045814642446 5.020458146424487 25.25
    endloop
  endfacet
  facet normal -0.5956993044924381 -0.8032075314806414 0
    outer loop
      vertex 403.9445486544392 5.903434247348071 25.25
      vertex 403.9445486544392 5.903434247348071 20.25
      vertex 404.5041923175619 5.488374218875433 25.25
    endloop
  endfacet
  facet normal -0.9987954562051713 -0.04906767432744013 0
    outer loop
      vertex 407.0658115593726 0.6959216963398802 20.25
      vertex 407.1 0 25.25
      vertex 407.0658115593726 0.6959216963398802 25.25
    endloop
  endfacet
  facet normal -0.9891765099647766 -0.14673047445539142 0
    outer loop
      vertex 406.9635754908629 1.3851412863145105 20.25
      vertex 407.0658115593726 0.6959216963398802 25.25
      vertex 406.9635754908629 1.3851412863145105 25.25
    endloop
  endfacet
  facet normal -0.9700312531945452 -0.242980179903259 0
    outer loop
      vertex 406.7942763836987 2.0610212085066824 20.25
      vertex 406.9635754908629 1.3851412863145105 25.25
      vertex 406.7942763836987 2.0610212085066824 25.25
    endloop
  endfacet
  facet normal 0.9987954562051713 -0.04906767432744013 0
    outer loop
      vertex 412.9 0 20.25
      vertex 412.9341884406274 0.6959216963398802 25.25
      vertex 412.9 0 25.25
    endloop
  endfacet
  facet normal 0.9891765099647766 -0.14673047445539142 0
    outer loop
      vertex 413.0364245091371 1.3851412863145105 25.25
      vertex 412.9341884406274 0.6959216963398802 25.25
      vertex 412.9341884406274 0.6959216963398802 20.25
    endloop
  endfacet
  facet normal 0.9700312531945452 -0.242980179903259 0
    outer loop
      vertex 413.2057236163013 2.0610212085066824 25.25
      vertex 413.0364245091371 1.3851412863145105 25.25
      vertex 413.0364245091371 1.3851412863145105 20.25
    endloop
  endfacet
  facet normal 0.9415440651830222 -0.33688985339221594 0
    outer loop
      vertex 413.44045531916987 2.717052369792137 25.25
      vertex 413.2057236163013 2.0610212085066824 25.25
      vertex 413.2057236163013 2.0610212085066824 20.25
    endloop
  endfacet
  facet normal 0.9039892931234408 -0.4275550934302873 0
    outer loop
      vertex 413.7383590231267 3.346916831464583 25.25
      vertex 413.44045531916987 2.717052369792137 25.25
      vertex 413.44045531916987 2.717052369792137 20.25
    endloop
  endfacet
  facet normal 0 0 1
    outer loop
      vertex 407.1 0 25.25
      vertex 412.9341884406274 0.6959216963398802 25.25
      vertex 407.0658115593726 0.6959216963398802 25.25
    endloop
  endfacet
  facet normal 0 0 1
    outer loop
      vertex 407.0658115593726 0.6959216963398802 25.25
      vertex 413.0364245091371 1.3851412863145105 25.25
      vertex 406.9635754908629 1.3851412863145105 25.25
    endloop
  endfacet
  facet normal 0 0 1
    outer loop
      vertex 407.1 0 25.25
      vertex 412.9 0 25.25
      vertex 412.9341884406274 0.6959216963398802 25.25
    endloop
  endfacet
  facet normal 0 0 1
    outer loop
      vertex 413.0364245091371 1.3851412863145105 25.25
      vertex 407.0658115593726 0.6959216963398802 25.25
      vertex 412.9341884406274 0.6959216963398802 25.25
    endloop
  endfacet
  facet normal 0 0 1
    outer loop
      vertex 406.9635754908629 1.3851412863145105 25.25
      vertex 413.2057236163013 2.0610212085066824 25.25
      vertex 406.7942763836987 2.0610212085066824 25.25
    endloop
  endfacet
  facet normal 0 0 1
    outer loop
      vertex 406.7942763836987 2.0610212085066824 25.25
      vertex 413.44045531916987 2.717052369792137 25.25
      vertex 406.55954468083013 2.717052369792137 25.25
    endloop
  endfacet
  facet normal 0 0 1
    outer loop
      vertex 406.55954468083013 2.717052369792137 25.25
      vertex 413.7383590231267 3.346916831464583 25.25
      vertex 406.2616409768733 3.346916831464583 25.25
    endloop
  endfacet
  facet normal 0 0 1
    outer loop
      vertex 406.9635754908629 1.3851412863145105 25.25
      vertex 413.0364245091371 1.3851412863145105 25.25
      vertex 413.2057236163013 2.0610212085066824 25.25
    endloop
  endfacet
  facet normal 0 0 1
    outer loop
      vertex 413.44045531916987 2.717052369792137 25.25
      vertex 406.7942763836987 2.0610212085066824 25.25
      vertex 413.2057236163013 2.0610212085066824 25.25
    endloop
  endfacet
  facet normal 0 0 1
    outer loop
      vertex 406.55954468083013 2.717052369792137 25.25
      vertex 413.44045531916987 2.717052369792137 25.25
      vertex 413.7383590231267 3.346916831464583 25.25
    endloop
  endfacet
  facet normal 0.8577286100002717 -0.5141027441932223 0
    outer loop
      vertex 414.09656575265194 3.9445486544391755 25.25
      vertex 413.7383590231267 3.346916831464583 25.25
      vertex 413.7383590231267 3.346916831464583 20.25
    endloop
  endfacet
  facet normal 0.803207531480655 -0.5956993044924198 0
    outer loop
      vertex 414.51162578112456 4.504192317561882 25.25
      vertex 414.09656575265194 3.9445486544391755 25.25
      vertex 414.09656575265194 3.9445486544391755 20.25
    endloop
  endfacet
  facet normal 0.7409511253549376 -0.6715589548470421 0
    outer loop
      vertex 414.97954185357554 5.020458146424487 25.25
      vertex 414.51162578112456 4.504192317561882 25.25
      vertex 414.51162578112456 4.504192317561882 20.25
    endloop
  endfacet
  facet normal 0.6715589548470419 -0.7409511253549379 0
    outer loop
      vertex 414.97954185357554 5.020458146424487 25.25
      vertex 414.97954185357554 5.020458146424487 20.25
      vertex 415.4958076824381 5.488374218875433 25.25
    endloop
  endfacet
  facet normal 0.5956993044924381 -0.8032075314806414 0
    outer loop
      vertex 415.4958076824381 5.488374218875433 25.25
      vertex 415.4958076824381 5.488374218875433 20.25
      vertex 416.0554513455608 5.903434247348071 25.25
    endloop
  endfacet
  facet normal 0.5141027441932049 -0.8577286100002821 0
    outer loop
      vertex 416.0554513455608 5.903434247348071 25.25
      vertex 416.0554513455608 5.903434247348071 20.25
      vertex 416.65308316853543 6.261640976873321 25.25
    endloop
  endfacet
  facet normal 0 0 1
    outer loop
      vertex 406.2616409768733 3.346916831464583 25.25
      vertex 414.09656575265194 3.9445486544391755 25.25
      vertex 405.90343424734806 3.9445486544391755 25.25
    endloop
  endfacet
  facet normal 0 0 1
    outer loop
      vertex 405.90343424734806 3.9445486544391755 25.25
      vertex 414.51162578112456 4.504192317561882 25.25
      vertex 405.48837421887544 4.504192317561882 25.25
    endloop
  endfacet
  facet normal 0 0 1
    outer loop
      vertex 414.09656575265194 3.9445486544391755 25.25
      vertex 406.2616409768733 3.346916831464583 25.25
      vertex 413.7383590231267 3.346916831464583 25.25
    endloop
  endfacet
  facet normal 0 0 1
    outer loop
      vertex 405.90343424734806 3.9445486544391755 25.25
      vertex 414.09656575265194 3.9445486544391755 25.25
      vertex 414.51162578112456 4.504192317561882 25.25
    endloop
  endfacet
  facet normal 0 0 1
    outer loop
      vertex 414.97954185357554 5.020458146424487 25.25
      vertex 405.48837421887544 4.504192317561882 25.25
      vertex 414.51162578112456 4.504192317561882 25.25
    endloop
  endfacet
  facet normal 0 0 1
    outer loop
      vertex 405.48837421887544 4.504192317561882 25.25
      vertex 414.97954185357554 5.020458146424487 25.25
      vertex 405.02045814642446 5.020458146424487 25.25
    endloop
  endfacet
  facet normal 0 0 1
    outer loop
      vertex 404.5041923175619 5.488374218875433 25.25
      vertex 405.02045814642446 5.020458146424487 25.25
      vertex 415.4958076824381 5.488374218875433 25.25
    endloop
  endfacet
  facet normal 0 0 1
    outer loop
      vertex 403.9445486544392 5.903434247348071 25.25
      vertex 404.5041923175619 5.488374218875433 25.25
      vertex 416.0554513455608 5.903434247348071 25.25
    endloop
  endfacet
  facet normal 0 0 1
    outer loop
      vertex 403.34691683146457 6.261640976873321 25.25
      vertex 403.9445486544392 5.903434247348071 25.25
      vertex 416.65308316853543 6.261640976873321 25.25
    endloop
  endfacet
  facet normal 0 0 1
    outer loop
      vertex 414.97954185357554 5.020458146424487 25.25
      vertex 415.4958076824381 5.488374218875433 25.25
      vertex 405.02045814642446 5.020458146424487 25.25
    endloop
  endfacet
  facet normal 0 0 1
    outer loop
      vertex 404.5041923175619 5.488374218875433 25.25
      vertex 415.4958076824381 5.488374218875433 25.25
      vertex 416.0554513455608 5.903434247348071 25.25
    endloop
  endfacet
  facet normal 0 0 1
    outer loop
      vertex 403.9445486544392 5.903434247348071 25.25
      vertex 416.0554513455608 5.903434247348071 25.25
      vertex 416.65308316853543 6.261640976873321 25.25
    endloop
  endfacet
  facet normal 0.4275550934303 -0.9039892931234349 0
    outer loop
      vertex 397.28294763020784 6.559544680830135 25.25
      vertex 396.65308316853543 6.261640976873321 20.25
      vertex 397.28294763020784 6.559544680830135 20.25
    endloop
  endfacet
  facet normal 0.3368898533922205 -0.9415440651830206 0
    outer loop
      vertex 397.9389787914933 6.794276383698683 25.25
      vertex 397.28294763020784 6.559544680830135 20.25
      vertex 397.9389787914933 6.794276383698683 20.25
    endloop
  endfacet
  facet normal 0.24298017990326568 -0.9700312531945436 0
    outer loop
      vertex 398.61485871368546 6.963575490862936 25.25
      vertex 397.9389787914933 6.794276383698683 20.25
      vertex 398.61485871368546 6.963575490862936 20.25
    endloop
  endfacet
  facet normal 0.14673047445536047 -0.9891765099647811 0
    outer loop
      vertex 399.3040783036601 7.065811559372598 25.25
      vertex 398.61485871368546 6.963575490862936 20.25
      vertex 399.3040783036601 7.065811559372598 20.25
    endloop
  endfacet
  facet normal 0.04906767432741624 -0.9987954562051725 0
    outer loop
      vertex 400 7.1 25.25
      vertex 399.3040783036601 7.065811559372598 20.25
      vertex 400 7.1 20.25
    endloop
  endfacet
  facet normal -0.04906767432741624 -0.9987954562051725 0
    outer loop
      vertex 400.6959216963399 7.065811559372598 25.25
      vertex 400 7.1 20.25
      vertex 400.6959216963399 7.065811559372598 20.25
    endloop
  endfacet
  facet normal -0.14673047445536047 -0.9891765099647811 0
    outer loop
      vertex 401.38514128631454 6.963575490862936 25.25
      vertex 400.6959216963399 7.065811559372598 20.25
      vertex 401.38514128631454 6.963575490862936 20.25
    endloop
  endfacet
  facet normal -0.3368898533922205 -0.9415440651830206 0
    outer loop
      vertex 402.71705236979216 6.559544680830135 25.25
      vertex 402.0610212085067 6.794276383698683 20.25
      vertex 402.71705236979216 6.559544680830135 20.25
    endloop
  endfacet
  facet normal -0.24298017990326568 -0.9700312531945436 0
    outer loop
      vertex 402.0610212085067 6.794276383698683 25.25
      vertex 401.38514128631454 6.963575490862936 20.25
      vertex 402.0610212085067 6.794276383698683 20.25
    endloop
  endfacet
  facet normal -0.4275550934303 -0.9039892931234349 0
    outer loop
      vertex 403.34691683146457 6.261640976873321 25.25
      vertex 402.71705236979216 6.559544680830135 20.25
      vertex 403.34691683146457 6.261640976873321 20.25
    endloop
  endfacet
  facet normal 0 0 -1
    outer loop
      vertex 330.25 20.25 20.25
      vertex 437.9389787914933 6.794276383698683 20.25
      vertex 437.28294763020784 6.559544680830135 20.25
    endloop
  endfacet
  facet normal 0 0 -1
    outer loop
      vertex 330.25 20.25 20.25
      vertex 438.61485871368546 6.963575490862936 20.25
      vertex 437.9389787914933 6.794276383698683 20.25
    endloop
  endfacet
  facet normal 0 0 -1
    outer loop
      vertex 330.25 20.25 20.25
      vertex 439.3040783036601 7.065811559372598 20.25
      vertex 438.61485871368546 6.963575490862936 20.25
    endloop
  endfacet
  facet normal 0 0 -1
    outer loop
      vertex 330.25 20.25 20.25
      vertex 440 7.1 20.25
      vertex 439.3040783036601 7.065811559372598 20.25
    endloop
  endfacet
  facet normal 0 0 -1
    outer loop
      vertex 330.25 20.25 20.25
      vertex 440.6959216963399 7.065811559372598 20.25
      vertex 440 7.1 20.25
    endloop
  endfacet
  facet normal 0 0 -1
    outer loop
      vertex 402.71705236979216 6.559544680830135 20.25
      vertex 402.0610212085067 6.794276383698683 20.25
      vertex 417.28294763020784 6.559544680830135 20.25
    endloop
  endfacet
  facet normal 0 0 -1
    outer loop
      vertex 403.34691683146457 6.261640976873321 20.25
      vertex 402.71705236979216 6.559544680830135 20.25
      vertex 416.65308316853543 6.261640976873321 20.25
    endloop
  endfacet
  facet normal 0 0 -1
    outer loop
      vertex 402.0610212085067 6.794276383698683 20.25
      vertex 401.38514128631454 6.963575490862936 20.25
      vertex 417.9389787914933 6.794276383698683 20.25
    endloop
  endfacet
  facet normal 0 0 -1
    outer loop
      vertex 401.38514128631454 6.963575490862936 20.25
      vertex 400.6959216963399 7.065811559372598 20.25
      vertex 418.61485871368546 6.963575490862936 20.25
    endloop
  endfacet
  facet normal 0 0 -1
    outer loop
      vertex 402.71705236979216 6.559544680830135 20.25
      vertex 417.28294763020784 6.559544680830135 20.25
      vertex 416.65308316853543 6.261640976873321 20.25
    endloop
  endfacet
  facet normal 0 0 -1
    outer loop
      vertex 402.0610212085067 6.794276383698683 20.25
      vertex 417.9389787914933 6.794276383698683 20.25
      vertex 417.28294763020784 6.559544680830135 20.25
    endloop
  endfacet
  facet normal 0 0 -1
    outer loop
      vertex 401.38514128631454 6.963575490862936 20.25
      vertex 418.61485871368546 6.963575490862936 20.25
      vertex 417.9389787914933 6.794276383698683 20.25
    endloop
  endfacet
  facet normal 0 0 -1
    outer loop
      vertex 400.6959216963399 7.065811559372598 20.25
      vertex 419.3040783036601 7.065811559372598 20.25
      vertex 418.61485871368546 6.963575490862936 20.25
    endloop
  endfacet
  facet normal 0.4275550934303 -0.9039892931234349 0
    outer loop
      vertex 417.28294763020784 6.559544680830135 25.25
      vertex 416.65308316853543 6.261640976873321 20.25
      vertex 417.28294763020784 6.559544680830135 20.25
    endloop
  endfacet
  facet normal 0.3368898533922205 -0.9415440651830206 0
    outer loop
      vertex 417.9389787914933 6.794276383698683 25.25
      vertex 417.28294763020784 6.559544680830135 20.25
      vertex 417.9389787914933 6.794276383698683 20.25
    endloop
  endfacet
  facet normal 0.4275550934303 -0.9039892931234349 0
    outer loop
      vertex 396.65308316853543 6.261640976873321 25.25
      vertex 396.65308316853543 6.261640976873321 20.25
      vertex 397.28294763020784 6.559544680830135 25.25
    endloop
  endfacet
  facet normal 0.3368898533922205 -0.9415440651830206 0
    outer loop
      vertex 397.28294763020784 6.559544680830135 25.25
      vertex 397.28294763020784 6.559544680830135 20.25
      vertex 397.9389787914933 6.794276383698683 25.25
    endloop
  endfacet
  facet normal 0.24298017990326568 -0.9700312531945436 0
    outer loop
      vertex 397.9389787914933 6.794276383698683 25.25
      vertex 397.9389787914933 6.794276383698683 20.25
      vertex 398.61485871368546 6.963575490862936 25.25
    endloop
  endfacet
  facet normal 0.14673047445536047 -0.9891765099647811 0
    outer loop
      vertex 398.61485871368546 6.963575490862936 25.25
      vertex 398.61485871368546 6.963575490862936 20.25
      vertex 399.3040783036601 7.065811559372598 25.25
    endloop
  endfacet
  facet normal 0.04906767432741624 -0.9987954562051725 0
    outer loop
      vertex 399.3040783036601 7.065811559372598 25.25
      vertex 399.3040783036601 7.065811559372598 20.25
      vertex 400 7.1 25.25
    endloop
  endfacet
  facet normal -0.04906767432741624 -0.9987954562051725 0
    outer loop
      vertex 400 7.1 25.25
      vertex 400 7.1 20.25
      vertex 400.6959216963399 7.065811559372598 25.25
    endloop
  endfacet
  facet normal -0.14673047445536047 -0.9891765099647811 0
    outer loop
      vertex 400.6959216963399 7.065811559372598 25.25
      vertex 400.6959216963399 7.065811559372598 20.25
      vertex 401.38514128631454 6.963575490862936 25.25
    endloop
  endfacet
  facet normal -0.24298017990326568 -0.9700312531945436 0
    outer loop
      vertex 401.38514128631454 6.963575490862936 25.25
      vertex 401.38514128631454 6.963575490862936 20.25
      vertex 402.0610212085067 6.794276383698683 25.25
    endloop
  endfacet
  facet normal -0.3368898533922205 -0.9415440651830206 0
    outer loop
      vertex 402.0610212085067 6.794276383698683 25.25
      vertex 402.0610212085067 6.794276383698683 20.25
      vertex 402.71705236979216 6.559544680830135 25.25
    endloop
  endfacet
  facet normal -0.4275550934303 -0.9039892931234349 0
    outer loop
      vertex 402.71705236979216 6.559544680830135 25.25
      vertex 402.71705236979216 6.559544680830135 20.25
      vertex 403.34691683146457 6.261640976873321 25.25
    endloop
  endfacet
  facet normal 0 0 1
    outer loop
      vertex 330.25 20.25 25.25
      vertex 420.6959216963399 7.065811559372598 25.25
      vertex 438.61485871368546 6.963575490862936 25.25
    endloop
  endfacet
  facet normal 0 0 1
    outer loop
      vertex 330.25 20.25 25.25
      vertex 438.61485871368546 6.963575490862936 25.25
      vertex 439.3040783036601 7.065811559372598 25.25
    endloop
  endfacet
  facet normal 0 0 1
    outer loop
      vertex 330.25 20.25 25.25
      vertex 439.3040783036601 7.065811559372598 25.25
      vertex 440 7.1 25.25
    endloop
  endfacet
  facet normal 0.4275550934303 -0.9039892931234349 0
    outer loop
      vertex 416.65308316853543 6.261640976873321 25.25
      vertex 416.65308316853543 6.261640976873321 20.25
      vertex 417.28294763020784 6.559544680830135 25.25
    endloop
  endfacet
  facet normal 0.3368898533922205 -0.9415440651830206 0
    outer loop
      vertex 417.28294763020784 6.559544680830135 25.25
      vertex 417.28294763020784 6.559544680830135 20.25
      vertex 417.9389787914933 6.794276383698683 25.25
    endloop
  endfacet
  facet normal 0 0 1
    outer loop
      vertex 402.71705236979216 6.559544680830135 25.25
      vertex 403.34691683146457 6.261640976873321 25.25
      vertex 417.28294763020784 6.559544680830135 25.25
    endloop
  endfacet
  facet normal 0 0 1
    outer loop
      vertex 400 7.1 25.25
      vertex 400.6959216963399 7.065811559372598 25.25
      vertex 420 7.1 25.25
    endloop
  endfacet
  facet normal 0 0 1
    outer loop
      vertex 400.6959216963399 7.065811559372598 25.25
      vertex 401.38514128631454 6.963575490862936 25.25
      vertex 419.3040783036601 7.065811559372598 25.25
    endloop
  endfacet
  facet normal 0 0 1
    outer loop
      vertex 401.38514128631454 6.963575490862936 25.25
      vertex 402.0610212085067 6.794276383698683 25.25
      vertex 418.61485871368546 6.963575490862936 25.25
    endloop
  endfacet
  facet normal 0 0 1
    outer loop
      vertex 402.0610212085067 6.794276383698683 25.25
      vertex 402.71705236979216 6.559544680830135 25.25
      vertex 417.9389787914933 6.794276383698683 25.25
    endloop
  endfacet
  facet normal 0 0 1
    outer loop
      vertex 416.65308316853543 6.261640976873321 25.25
      vertex 417.28294763020784 6.559544680830135 25.25
      vertex 403.34691683146457 6.261640976873321 25.25
    endloop
  endfacet
  facet normal 0 0 1
    outer loop
      vertex 417.28294763020784 6.559544680830135 25.25
      vertex 417.9389787914933 6.794276383698683 25.25
      vertex 402.71705236979216 6.559544680830135 25.25
    endloop
  endfacet
  facet normal 0 0 1
    outer loop
      vertex 417.9389787914933 6.794276383698683 25.25
      vertex 418.61485871368546 6.963575490862936 25.25
      vertex 402.0610212085067 6.794276383698683 25.25
    endloop
  endfacet
  facet normal 0 0 1
    outer loop
      vertex 418.61485871368546 6.963575490862936 25.25
      vertex 419.3040783036601 7.065811559372598 25.25
      vertex 401.38514128631454 6.963575490862936 25.25
    endloop
  endfacet
  facet normal 0 0 1
    outer loop
      vertex 400.6959216963399 7.065811559372598 25.25
      vertex 419.3040783036601 7.065811559372598 25.25
      vertex 420 7.1 25.25
    endloop
  endfacet
  facet normal 0 0 1
    outer loop
      vertex 330.25 20.25 25.25
      vertex 500.25 20.25 25.25
      vertex 330.25 25.25 25.25
    endloop
  endfacet
  facet normal 0 1 0
    outer loop
      vertex 330.25 25.25 25.25
      vertex 500.25 25.25 20.25
      vertex 364.25 25.25 20.25
    endloop
  endfacet
  facet normal 0 0 -1
    outer loop
      vertex 330.25 -25.25 0.25
      vertex 500.25 -20.25 0.25
      vertex 500.25 -25.25 0.25
    endloop
  endfacet
  facet normal 0 -1 0
    outer loop
      vertex 330.25 -25.25 0.25
      vertex 500.25 -25.25 0.25
      vertex 466.25 -25.25 20.25
    endloop
  endfacet
  facet normal 0 1 0
    outer loop
      vertex 330.25 -20.25 0.25
      vertex 500.25 -20.25 20.25
      vertex 500.25 -20.25 0.25
    endloop
  endfacet
  facet normal 0 -1 0
    outer loop
      vertex 500.25 -25.25 0.25
      vertex 505.25 -25.25 0.25
      vertex 505.25 -25.25 25.25
    endloop
  endfacet
  facet normal 0 0 -1
    outer loop
      vertex 500.25 -25.25 0.25
      vertex 505.25 25.25 0.25
      vertex 505.25 -25.25 0.25
    endloop
  endfacet
  facet normal 0 0 -1
    outer loop
      vertex 500.25 -25.25 0.25
      vertex 500.25 -20.25 0.25
      vertex 505.25 25.25 0.25
    endloop
  endfacet
  facet normal -1 0 0
    outer loop
      vertex 500.25 -20.25 0.25
      vertex 500.25 -20.25 20.25
      vertex 500.25 20.25 0.25
    endloop
  endfacet
  facet normal 1 0 0
    outer loop
      vertex 505.25 -25.25 0.25
      vertex 505.25 25.25 0.25
      vertex 505.25 -25.25 25.25
    endloop
  endfacet
  facet normal 0 -1 0
    outer loop
      vertex 330.25 -25.25 20.25
      vertex 466.25 -25.25 20.25
      vertex 500.25 -25.25 25.25
    endloop
  endfacet
  facet normal 0 0 -1
    outer loop
      vertex 330.25 -20.25 20.25
      vertex 440 -7.1 20.25
      vertex 500.25 -20.25 20.25
    endloop
  endfacet
  facet normal 0 0 1
    outer loop
      vertex 330.25 -20.25 25.25
      vertex 500.25 -20.25 25.25
      vertex 440.6959216963399 -7.065811559372598 25.25
    endloop
  endfacet
  facet normal 0 0 1
    outer loop
      vertex 330.25 -20.25 25.25
      vertex 500.25 -25.25 25.25
      vertex 500.25 -20.25 25.25
    endloop
  endfacet
  facet normal 0 0 -1
    outer loop
      vertex 420.6959216963399 -7.065811559372598 20.25
      vertex 421.38514128631454 -6.963575490862936 20.25
      vertex 438.61485871368546 -6.963575490862936 20.25
    endloop
  endfacet
  facet normal 0 0 -1
    outer loop
      vertex 421.38514128631454 -6.963575490862936 20.25
      vertex 422.0610212085067 -6.794276383698683 20.25
      vertex 438.61485871368546 -6.963575490862936 20.25
    endloop
  endfacet
  facet normal 0 0 -1
    outer loop
      vertex 422.0610212085067 -6.794276383698683 20.25
      vertex 422.71705236979216 -6.559544680830135 20.25
      vertex 437.9389787914933 -6.794276383698683 20.25
    endloop
  endfacet
  facet normal 0 0 -1
    outer loop
      vertex 422.71705236979216 -6.559544680830135 20.25
      vertex 423.34691683146457 -6.261640976873321 20.25
      vertex 437.28294763020784 -6.559544680830135 20.25
    endloop
  endfacet
  facet normal 0.24298017990326568 0.9700312531945436 0
    outer loop
      vertex 417.9389787914933 -6.794276383698683 20.25
      vertex 417.9389787914933 -6.794276383698683 25.25
      vertex 418.61485871368546 -6.963575490862936 20.25
    endloop
  endfacet
  facet normal 0.14673047445536047 0.9891765099647811 0
    outer loop
      vertex 418.61485871368546 -6.963575490862936 20.25
      vertex 418.61485871368546 -6.963575490862936 25.25
      vertex 419.3040783036601 -7.065811559372598 20.25
    endloop
  endfacet
  facet normal 0.04906767432741624 0.9987954562051725 0
    outer loop
      vertex 419.3040783036601 -7.065811559372598 20.25
      vertex 419.3040783036601 -7.065811559372598 25.25
      vertex 420 -7.1 20.25
    endloop
  endfacet
  facet normal -0.04906767432741624 0.9987954562051725 0
    outer loop
      vertex 420 -7.1 20.25
      vertex 420 -7.1 25.25
      vertex 420.6959216963399 -7.065811559372598 20.25
    endloop
  endfacet
  facet normal -0.14673047445536047 0.9891765099647811 0
    outer loop
      vertex 420.6959216963399 -7.065811559372598 20.25
      vertex 420.6959216963399 -7.065811559372598 25.25
      vertex 421.38514128631454 -6.963575490862936 20.25
    endloop
  endfacet
  facet normal -0.24298017990326568 0.9700312531945436 0
    outer loop
      vertex 421.38514128631454 -6.963575490862936 20.25
      vertex 421.38514128631454 -6.963575490862936 25.25
      vertex 422.0610212085067 -6.794276383698683 20.25
    endloop
  endfacet
  facet normal -0.3368898533922205 0.9415440651830206 0
    outer loop
      vertex 422.0610212085067 -6.794276383698683 20.25
      vertex 422.0610212085067 -6.794276383698683 25.25
      vertex 422.71705236979216 -6.559544680830135 20.25
    endloop
  endfacet
  facet normal -0.4275550934303 0.9039892931234349 0
    outer loop
      vertex 422.71705236979216 -6.559544680830135 20.25
      vertex 422.71705236979216 -6.559544680830135 25.25
      vertex 423.34691683146457 -6.261640976873321 20.25
    endloop
  endfacet
  facet normal 0 0 -1
    outer loop
      vertex 437.28294763020784 -6.559544680830135 20.25
      vertex 437.9389787914933 -6.794276383698683 20.25
      vertex 422.71705236979216 -6.559544680830135 20.25
    endloop
  endfacet
  facet normal 0 0 -1
    outer loop
      vertex 436.65308316853543 -6.261640976873321 20.25
      vertex 437.28294763020784 -6.559544680830135 20.25
      vertex 423.34691683146457 -6.261640976873321 20.25
    endloop
  endfacet
  facet normal 0 0 -1
    outer loop
      vertex 437.9389787914933 -6.794276383698683 20.25
      vertex 438.61485871368546 -6.963575490862936 20.25
      vertex 422.0610212085067 -6.794276383698683 20.25
    endloop
  endfacet
  facet normal 0.4275550934303 0.9039892931234349 0
    outer loop
      vertex 436.65308316853543 -6.261640976873321 20.25
      vertex 436.65308316853543 -6.261640976873321 25.25
      vertex 437.28294763020784 -6.559544680830135 20.25
    endloop
  endfacet
  facet normal 0.24298017990326568 0.9700312531945436 0
    outer loop
      vertex 437.9389787914933 -6.794276383698683 20.25
      vertex 437.9389787914933 -6.794276383698683 25.25
      vertex 438.61485871368546 -6.963575490862936 20.25
    endloop
  endfacet
  facet normal 0.3368898533922205 0.9415440651830206 0
    outer loop
      vertex 437.28294763020784 -6.559544680830135 20.25
      vertex 437.28294763020784 -6.559544680830135 25.25
      vertex 437.9389787914933 -6.794276383698683 20.25
    endloop
  endfacet
  facet normal 0.14673047445536047 0.9891765099647811 0
    outer loop
      vertex 438.61485871368546 -6.963575490862936 20.25
      vertex 438.61485871368546 -6.963575490862936 25.25
      vertex 439.3040783036601 -7.065811559372598 20.25
    endloop
  endfacet
  facet normal 0.04906767432741624 0.9987954562051725 0
    outer loop
      vertex 439.3040783036601 -7.065811559372598 20.25
      vertex 439.3040783036601 -7.065811559372598 25.25
      vertex 440 -7.1 20.25
    endloop
  endfacet
  facet normal 0.24298017990326568 0.9700312531945436 0
    outer loop
      vertex 418.61485871368546 -6.963575490862936 20.25
      vertex 417.9389787914933 -6.794276383698683 25.25
      vertex 418.61485871368546 -6.963575490862936 25.25
    endloop
  endfacet
  facet normal 0.14673047445536047 0.9891765099647811 0
    outer loop
      vertex 419.3040783036601 -7.065811559372598 20.25
      vertex 418.61485871368546 -6.963575490862936 25.25
      vertex 419.3040783036601 -7.065811559372598 25.25
    endloop
  endfacet
  facet normal 0.04906767432741624 0.9987954562051725 0
    outer loop
      vertex 420 -7.1 20.25
      vertex 419.3040783036601 -7.065811559372598 25.25
      vertex 420 -7.1 25.25
    endloop
  endfacet
  facet normal -0.04906767432741624 0.9987954562051725 0
    outer loop
      vertex 420.6959216963399 -7.065811559372598 20.25
      vertex 420 -7.1 25.25
      vertex 420.6959216963399 -7.065811559372598 25.25
    endloop
  endfacet
  facet normal -0.14673047445536047 0.9891765099647811 0
    outer loop
      vertex 421.38514128631454 -6.963575490862936 20.25
      vertex 420.6959216963399 -7.065811559372598 25.25
      vertex 421.38514128631454 -6.963575490862936 25.25
    endloop
  endfacet
  facet normal -0.24298017990326568 0.9700312531945436 0
    outer loop
      vertex 422.0610212085067 -6.794276383698683 20.25
      vertex 421.38514128631454 -6.963575490862936 25.25
      vertex 422.0610212085067 -6.794276383698683 25.25
    endloop
  endfacet
  facet normal -0.3368898533922205 0.9415440651830206 0
    outer loop
      vertex 422.71705236979216 -6.559544680830135 20.25
      vertex 422.0610212085067 -6.794276383698683 25.25
      vertex 422.71705236979216 -6.559544680830135 25.25
    endloop
  endfacet
  facet normal -0.4275550934303 0.9039892931234349 0
    outer loop
      vertex 423.34691683146457 -6.261640976873321 20.25
      vertex 422.71705236979216 -6.559544680830135 25.25
      vertex 423.34691683146457 -6.261640976873321 25.25
    endloop
  endfacet
  facet normal 0 0 1
    outer loop
      vertex 420.6959216963399 -7.065811559372598 25.25
      vertex 420 -7.1 25.25
      vertex 437.28294763020784 -6.559544680830135 25.25
    endloop
  endfacet
  facet normal 0 0 1
    outer loop
      vertex 421.38514128631454 -6.963575490862936 25.25
      vertex 420.6959216963399 -7.065811559372598 25.25
      vertex 437.28294763020784 -6.559544680830135 25.25
    endloop
  endfacet
  facet normal 0 0 1
    outer loop
      vertex 422.0610212085067 -6.794276383698683 25.25
      vertex 421.38514128631454 -6.963575490862936 25.25
      vertex 437.28294763020784 -6.559544680830135 25.25
    endloop
  endfacet
  facet normal 0 0 1
    outer loop
      vertex 422.71705236979216 -6.559544680830135 25.25
      vertex 422.0610212085067 -6.794276383698683 25.25
      vertex 437.28294763020784 -6.559544680830135 25.25
    endloop
  endfacet
  facet normal 0 0 1
    outer loop
      vertex 423.34691683146457 -6.261640976873321 25.25
      vertex 422.71705236979216 -6.559544680830135 25.25
      vertex 436.65308316853543 -6.261640976873321 25.25
    endloop
  endfacet
  facet normal 0.3368898533922205 0.9415440651830206 0
    outer loop
      vertex 437.9389787914933 -6.794276383698683 20.25
      vertex 437.28294763020784 -6.559544680830135 25.25
      vertex 437.9389787914933 -6.794276383698683 25.25
    endloop
  endfacet
  facet normal 0.4275550934303 0.9039892931234349 0
    outer loop
      vertex 437.28294763020784 -6.559544680830135 20.25
      vertex 436.65308316853543 -6.261640976873321 25.25
      vertex 437.28294763020784 -6.559544680830135 25.25
    endloop
  endfacet
  facet normal 0.24298017990326568 0.9700312531945436 0
    outer loop
      vertex 438.61485871368546 -6.963575490862936 20.25
      vertex 437.9389787914933 -6.794276383698683 25.25
      vertex 438.61485871368546 -6.963575490862936 25.25
    endloop
  endfacet
  facet normal 0.14673047445536047 0.9891765099647811 0
    outer loop
      vertex 439.3040783036601 -7.065811559372598 20.25
      vertex 438.61485871368546 -6.963575490862936 25.25
      vertex 439.3040783036601 -7.065811559372598 25.25
    endloop
  endfacet
  facet normal 0 0 1
    outer loop
      vertex 422.71705236979216 -6.559544680830135 25.25
      vertex 437.28294763020784 -6.559544680830135 25.25
      vertex 436.65308316853543 -6.261640976873321 25.25
    endloop
  endfacet
  facet normal 0 0 -1
    outer loop
      vertex 423.34691683146457 -6.261640976873321 20.25
      vertex 423.9445486544392 -5.903434247348071 20.25
      vertex 436.65308316853543 -6.261640976873321 20.25
    endloop
  endfacet
  facet normal 0 0 -1
    outer loop
      vertex 423.9445486544392 -5.903434247348071 20.25
      vertex 424.5041923175619 -5.488374218875433 20.25
      vertex 436.0554513455608 -5.903434247348071 20.25
    endloop
  endfacet
  facet normal 0 0 -1
    outer loop
      vertex 424.5041923175619 -5.488374218875433 20.25
      vertex 425.02045814642446 -5.020458146424487 20.25
      vertex 435.4958076824381 -5.488374218875433 20.25
    endloop
  endfacet
  facet normal 0 0 -1
    outer loop
      vertex 425.02045814642446 -5.020458146424487 20.25
      vertex 425.48837421887544 -4.504192317561882 20.25
      vertex 434.97954185357554 -5.020458146424487 20.25
    endloop
  endfacet
  facet normal -0.5141027441932049 0.8577286100002821 0
    outer loop
      vertex 423.34691683146457 -6.261640976873321 20.25
      vertex 423.34691683146457 -6.261640976873321 25.25
      vertex 423.9445486544392 -5.903434247348071 20.25
    endloop
  endfacet
  facet normal -0.5956993044924381 0.8032075314806414 0
    outer loop
      vertex 423.9445486544392 -5.903434247348071 20.25
      vertex 423.9445486544392 -5.903434247348071 25.25
      vertex 424.5041923175619 -5.488374218875433 20.25
    endloop
  endfacet
  facet normal -0.6715589548470419 0.7409511253549379 0
    outer loop
      vertex 424.5041923175619 -5.488374218875433 20.25
      vertex 424.5041923175619 -5.488374218875433 25.25
      vertex 425.02045814642446 -5.020458146424487 20.25
    endloop
  endfacet
  facet normal -0.7409511253549376 0.6715589548470421 0
    outer loop
      vertex 425.02045814642446 -5.020458146424487 20.25
      vertex 425.02045814642446 -5.020458146424487 25.25
      vertex 425.48837421887544 -4.504192317561882 20.25
    endloop
  endfacet
  facet normal -0.803207531480655 0.5956993044924198 0
    outer loop
      vertex 425.90343424734806 -3.9445486544391755 20.25
      vertex 425.48837421887544 -4.504192317561882 20.25
      vertex 425.48837421887544 -4.504192317561882 25.25
    endloop
  endfacet
  facet normal -0.8577286100002717 0.5141027441932223 0
    outer loop
      vertex 426.2616409768733 -3.346916831464583 20.25
      vertex 425.90343424734806 -3.9445486544391755 20.25
      vertex 425.90343424734806 -3.9445486544391755 25.25
    endloop
  endfacet
  facet normal -0.9039892931234408 0.4275550934302873 0
    outer loop
      vertex 426.55954468083013 -2.717052369792137 20.25
      vertex 426.2616409768733 -3.346916831464583 20.25
      vertex 426.2616409768733 -3.346916831464583 25.25
    endloop
  endfacet
  facet normal -0.9415440651830222 0.33688985339221594 0
    outer loop
      vertex 426.7942763836987 -2.0610212085066824 20.25
      vertex 426.55954468083013 -2.717052369792137 20.25
      vertex 426.55954468083013 -2.717052369792137 25.25
    endloop
  endfacet
  facet normal -0.9700312531945452 0.242980179903259 0
    outer loop
      vertex 426.7942763836987 -2.0610212085066824 25.25
      vertex 426.9635754908629 -1.3851412863145105 20.25
      vertex 426.7942763836987 -2.0610212085066824 20.25
    endloop
  endfacet
  facet normal -0.9891765099647766 0.14673047445539142 0
    outer loop
      vertex 426.9635754908629 -1.3851412863145105 25.25
      vertex 427.0658115593726 -0.6959216963398802 20.25
      vertex 426.9635754908629 -1.3851412863145105 20.25
    endloop
  endfacet
  facet normal -0.9987954562051713 0.04906767432744013 0
    outer loop
      vertex 427.0658115593726 -0.6959216963398802 20.25
      vertex 427.0658115593726 -0.6959216963398802 25.25
      vertex 427.1 0 20.25
    endloop
  endfacet
  facet normal 0 0 -1
    outer loop
      vertex 423.9445486544392 -5.903434247348071 20.25
      vertex 436.0554513455608 -5.903434247348071 20.25
      vertex 436.65308316853543 -6.261640976873321 20.25
    endloop
  endfacet
  facet normal 0 0 -1
    outer loop
      vertex 424.5041923175619 -5.488374218875433 20.25
      vertex 435.4958076824381 -5.488374218875433 20.25
      vertex 436.0554513455608 -5.903434247348071 20.25
    endloop
  endfacet
  facet normal 0 0 -1
    outer loop
      vertex 425.02045814642446 -5.020458146424487 20.25
      vertex 434.97954185357554 -5.020458146424487 20.25
      vertex 435.4958076824381 -5.488374218875433 20.25
    endloop
  endfacet
  facet normal 0 0 -1
    outer loop
      vertex 434.97954185357554 -5.020458146424487 20.25
      vertex 425.48837421887544 -4.504192317561882 20.25
      vertex 425.90343424734806 -3.9445486544391755 20.25
    endloop
  endfacet
  facet normal 0 0 -1
    outer loop
      vertex 434.97954185357554 -5.020458146424487 20.25
      vertex 425.90343424734806 -3.9445486544391755 20.25
      vertex 426.2616409768733 -3.346916831464583 20.25
    endloop
  endfacet
  facet normal 0 0 -1
    outer loop
      vertex 434.97954185357554 -5.020458146424487 20.25
      vertex 426.2616409768733 -3.346916831464583 20.25
      vertex 426.55954468083013 -2.717052369792137 20.25
    endloop
  endfacet
  facet normal 0 0 -1
    outer loop
      vertex 434.97954185357554 -5.020458146424487 20.25
      vertex 426.55954468083013 -2.717052369792137 20.25
      vertex 426.7942763836987 -2.0610212085066824 20.25
    endloop
  endfacet
  facet normal 0 0 -1
    outer loop
      vertex 434.97954185357554 -5.020458146424487 20.25
      vertex 426.7942763836987 -2.0610212085066824 20.25
      vertex 434.51162578112456 -4.504192317561882 20.25
    endloop
  endfacet
  facet normal 0 0 -1
    outer loop
      vertex 426.7942763836987 -2.0610212085066824 20.25
      vertex 434.09656575265194 -3.9445486544391755 20.25
      vertex 434.51162578112456 -4.504192317561882 20.25
    endloop
  endfacet
  facet normal 0.8577286100002717 0.5141027441932223 0
    outer loop
      vertex 433.7383590231267 -3.346916831464583 25.25
      vertex 434.09656575265194 -3.9445486544391755 20.25
      vertex 433.7383590231267 -3.346916831464583 20.25
    endloop
  endfacet
  facet normal 0.5141027441932049 0.8577286100002821 0
    outer loop
      vertex 436.0554513455608 -5.903434247348071 20.25
      vertex 436.0554513455608 -5.903434247348071 25.25
      vertex 436.65308316853543 -6.261640976873321 20.25
    endloop
  endfacet
  facet normal 0.5956993044924381 0.8032075314806414 0
    outer loop
      vertex 435.4958076824381 -5.488374218875433 20.25
      vertex 435.4958076824381 -5.488374218875433 25.25
      vertex 436.0554513455608 -5.903434247348071 20.25
    endloop
  endfacet
  facet normal 0.6715589548470419 0.7409511253549379 0
    outer loop
      vertex 435.4958076824381 -5.488374218875433 20.25
      vertex 434.97954185357554 -5.020458146424487 20.25
      vertex 434.97954185357554 -5.020458146424487 25.25
    endloop
  endfacet
  facet normal 0.7409511253549376 0.6715589548470421 0
    outer loop
      vertex 434.97954185357554 -5.020458146424487 20.25
      vertex 434.51162578112456 -4.504192317561882 20.25
      vertex 434.51162578112456 -4.504192317561882 25.25
    endloop
  endfacet
  facet normal 0.803207531480655 0.5956993044924198 0
    outer loop
      vertex 434.09656575265194 -3.9445486544391755 25.25
      vertex 434.51162578112456 -4.504192317561882 20.25
      vertex 434.09656575265194 -3.9445486544391755 20.25
    endloop
  endfacet
  facet normal 0 0 -1
    outer loop
      vertex 426.7942763836987 -2.0610212085066824 20.25
      vertex 433.44045531916987 -2.717052369792137 20.25
      vertex 433.7383590231267 -3.346916831464583 20.25
    endloop
  endfacet
  facet normal 0 0 -1
    outer loop
      vertex 426.9635754908629 -1.3851412863145105 20.25
      vertex 433.2057236163013 -2.0610212085066824 20.25
      vertex 426.7942763836987 -2.0610212085066824 20.25
    endloop
  endfacet
  facet normal 0 0 -1
    outer loop
      vertex 426.7942763836987 -2.0610212085066824 20.25
      vertex 433.2057236163013 -2.0610212085066824 20.25
      vertex 433.44045531916987 -2.717052369792137 20.25
    endloop
  endfacet
  facet normal 0 0 -1
    outer loop
      vertex 426.9635754908629 -1.3851412863145105 20.25
      vertex 433.0364245091371 -1.3851412863145105 20.25
      vertex 433.2057236163013 -2.0610212085066824 20.25
    endloop
  endfacet
  facet normal 0 0 -1
    outer loop
      vertex 426.7942763836987 -2.0610212085066824 20.25
      vertex 433.7383590231267 -3.346916831464583 20.25
      vertex 434.09656575265194 -3.9445486544391755 20.25
    endloop
  endfacet
  facet normal 0 0 -1
    outer loop
      vertex 427.0658115593726 -0.6959216963398802 20.25
      vertex 433.0364245091371 -1.3851412863145105 20.25
      vertex 426.9635754908629 -1.3851412863145105 20.25
    endloop
  endfacet
  facet normal 0 0 -1
    outer loop
      vertex 427.0658115593726 -0.6959216963398802 20.25
      vertex 432.9341884406274 -0.6959216963398802 20.25
      vertex 433.0364245091371 -1.3851412863145105 20.25
    endloop
  endfacet
  facet normal 0 0 -1
    outer loop
      vertex 432.9341884406274 -0.6959216963398802 20.25
      vertex 427.0658115593726 -0.6959216963398802 20.25
      vertex 427.1 0 20.25
    endloop
  endfacet
  facet normal 0 0 -1
    outer loop
      vertex 432.9341884406274 -0.6959216963398802 20.25
      vertex 427.1 0 20.25
      vertex 432.9 0 20.25
    endloop
  endfacet
  facet normal 0.9039892931234408 0.4275550934302873 0
    outer loop
      vertex 433.44045531916987 -2.717052369792137 25.25
      vertex 433.7383590231267 -3.346916831464583 20.25
      vertex 433.44045531916987 -2.717052369792137 20.25
    endloop
  endfacet
  facet normal 0.9415440651830222 0.33688985339221594 0
    outer loop
      vertex 433.2057236163013 -2.0610212085066824 25.25
      vertex 433.44045531916987 -2.717052369792137 20.25
      vertex 433.2057236163013 -2.0610212085066824 20.25
    endloop
  endfacet
  facet normal 0.9700312531945452 0.242980179903259 0
    outer loop
      vertex 433.0364245091371 -1.3851412863145105 25.25
      vertex 433.2057236163013 -2.0610212085066824 20.25
      vertex 433.0364245091371 -1.3851412863145105 20.25
    endloop
  endfacet
  facet normal 0.9891765099647766 0.14673047445539142 0
    outer loop
      vertex 432.9341884406274 -0.6959216963398802 25.25
      vertex 433.0364245091371 -1.3851412863145105 20.25
      vertex 432.9341884406274 -0.6959216963398802 20.25
    endloop
  endfacet
  facet normal 0.9987954562051713 0.04906767432744013 0
    outer loop
      vertex 432.9 0 25.25
      vertex 432.9341884406274 -0.6959216963398802 20.25
      vertex 432.9 0 20.25
    endloop
  endfacet
  facet normal -0.5141027441932049 0.8577286100002821 0
    outer loop
      vertex 423.9445486544392 -5.903434247348071 20.25
      vertex 423.34691683146457 -6.261640976873321 25.25
      vertex 423.9445486544392 -5.903434247348071 25.25
    endloop
  endfacet
  facet normal -0.5956993044924381 0.8032075314806414 0
    outer loop
      vertex 424.5041923175619 -5.488374218875433 20.25
      vertex 423.9445486544392 -5.903434247348071 25.25
      vertex 424.5041923175619 -5.488374218875433 25.25
    endloop
  endfacet
  facet normal -0.6715589548470419 0.7409511253549379 0
    outer loop
      vertex 425.02045814642446 -5.020458146424487 20.25
      vertex 424.5041923175619 -5.488374218875433 25.25
      vertex 425.02045814642446 -5.020458146424487 25.25
    endloop
  endfacet
  facet normal -0.7409511253549376 0.6715589548470421 0
    outer loop
      vertex 425.48837421887544 -4.504192317561882 20.25
      vertex 425.02045814642446 -5.020458146424487 25.25
      vertex 425.48837421887544 -4.504192317561882 25.25
    endloop
  endfacet
  facet normal -0.803207531480655 0.5956993044924198 0
    outer loop
      vertex 425.90343424734806 -3.9445486544391755 20.25
      vertex 425.48837421887544 -4.504192317561882 25.25
      vertex 425.90343424734806 -3.9445486544391755 25.25
    endloop
  endfacet
  facet normal -0.8577286100002717 0.5141027441932223 0
    outer loop
      vertex 426.2616409768733 -3.346916831464583 20.25
      vertex 425.90343424734806 -3.9445486544391755 25.25
      vertex 426.2616409768733 -3.346916831464583 25.25
    endloop
  endfacet
  facet normal 0 0 1
    outer loop
      vertex 423.9445486544392 -5.903434247348071 25.25
      vertex 423.34691683146457 -6.261640976873321 25.25
      vertex 436.0554513455608 -5.903434247348071 25.25
    endloop
  endfacet
  facet normal 0 0 1
    outer loop
      vertex 424.5041923175619 -5.488374218875433 25.25
      vertex 423.9445486544392 -5.903434247348071 25.25
      vertex 435.4958076824381 -5.488374218875433 25.25
    endloop
  endfacet
  facet normal 0 0 1
    outer loop
      vertex 425.02045814642446 -5.020458146424487 25.25
      vertex 424.5041923175619 -5.488374218875433 25.25
      vertex 434.97954185357554 -5.020458146424487 25.25
    endloop
  endfacet
  facet normal 0 0 1
    outer loop
      vertex 425.02045814642446 -5.020458146424487 25.25
      vertex 434.51162578112456 -4.504192317561882 25.25
      vertex 425.48837421887544 -4.504192317561882 25.25
    endloop
  endfacet
  facet normal 0 0 1
    outer loop
      vertex 425.48837421887544 -4.504192317561882 25.25
      vertex 434.09656575265194 -3.9445486544391755 25.25
      vertex 425.90343424734806 -3.9445486544391755 25.25
    endloop
  endfacet
  facet normal 0 0 1
    outer loop
      vertex 425.90343424734806 -3.9445486544391755 25.25
      vertex 433.7383590231267 -3.346916831464583 25.25
      vertex 426.2616409768733 -3.346916831464583 25.25
    endloop
  endfacet
  facet normal -0.9039892931234408 0.4275550934302873 0
    outer loop
      vertex 426.55954468083013 -2.717052369792137 20.25
      vertex 426.2616409768733 -3.346916831464583 25.25
      vertex 426.55954468083013 -2.717052369792137 25.25
    endloop
  endfacet
  facet normal -0.9415440651830222 0.33688985339221594 0
    outer loop
      vertex 426.55954468083013 -2.717052369792137 25.25
      vertex 426.7942763836987 -2.0610212085066824 25.25
      vertex 426.7942763836987 -2.0610212085066824 20.25
    endloop
  endfacet
  facet normal -0.9700312531945452 0.242980179903259 0
    outer loop
      vertex 426.7942763836987 -2.0610212085066824 25.25
      vertex 426.9635754908629 -1.3851412863145105 25.25
      vertex 426.9635754908629 -1.3851412863145105 20.25
    endloop
  endfacet
  facet normal -0.9891765099647766 0.14673047445539142 0
    outer loop
      vertex 426.9635754908629 -1.3851412863145105 25.25
      vertex 427.0658115593726 -0.6959216963398802 25.25
      vertex 427.0658115593726 -0.6959216963398802 20.25
    endloop
  endfacet
  facet normal -0.9987954562051713 0.04906767432744013 0
    outer loop
      vertex 427.0658115593726 -0.6959216963398802 25.25
      vertex 427.1 0 25.25
      vertex 427.1 0 20.25
    endloop
  endfacet
  facet normal 0.8577286100002717 0.5141027441932223 0
    outer loop
      vertex 433.7383590231267 -3.346916831464583 25.25
      vertex 434.09656575265194 -3.9445486544391755 25.25
      vertex 434.09656575265194 -3.9445486544391755 20.25
    endloop
  endfacet
  facet normal 0.5141027441932049 0.8577286100002821 0
    outer loop
      vertex 436.65308316853543 -6.261640976873321 20.25
      vertex 436.0554513455608 -5.903434247348071 25.25
      vertex 436.65308316853543 -6.261640976873321 25.25
    endloop
  endfacet
  facet normal 0.5956993044924381 0.8032075314806414 0
    outer loop
      vertex 436.0554513455608 -5.903434247348071 20.25
      vertex 435.4958076824381 -5.488374218875433 25.25
      vertex 436.0554513455608 -5.903434247348071 25.25
    endloop
  endfacet
  facet normal 0.6715589548470419 0.7409511253549379 0
    outer loop
      vertex 435.4958076824381 -5.488374218875433 20.25
      vertex 434.97954185357554 -5.020458146424487 25.25
      vertex 435.4958076824381 -5.488374218875433 25.25
    endloop
  endfacet
  facet normal 0.7409511253549376 0.6715589548470421 0
    outer loop
      vertex 434.97954185357554 -5.020458146424487 20.25
      vertex 434.51162578112456 -4.504192317561882 25.25
      vertex 434.97954185357554 -5.020458146424487 25.25
    endloop
  endfacet
  facet normal 0.803207531480655 0.5956993044924198 0
    outer loop
      vertex 434.09656575265194 -3.9445486544391755 25.25
      vertex 434.51162578112456 -4.504192317561882 25.25
      vertex 434.51162578112456 -4.504192317561882 20.25
    endloop
  endfacet
  facet normal 0 0 1
    outer loop
      vertex 423.34691683146457 -6.261640976873321 25.25
      vertex 436.65308316853543 -6.261640976873321 25.25
      vertex 436.0554513455608 -5.903434247348071 25.25
    endloop
  endfacet
  facet normal 0 0 1
    outer loop
      vertex 423.9445486544392 -5.903434247348071 25.25
      vertex 436.0554513455608 -5.903434247348071 25.25
      vertex 435.4958076824381 -5.488374218875433 25.25
    endloop
  endfacet
  facet normal 0 0 1
    outer loop
      vertex 424.5041923175619 -5.488374218875433 25.25
      vertex 435.4958076824381 -5.488374218875433 25.25
      vertex 434.97954185357554 -5.020458146424487 25.25
    endloop
  endfacet
  facet normal 0 0 1
    outer loop
      vertex 425.02045814642446 -5.020458146424487 25.25
      vertex 434.97954185357554 -5.020458146424487 25.25
      vertex 434.51162578112456 -4.504192317561882 25.25
    endloop
  endfacet
  facet normal 0 0 1
    outer loop
      vertex 425.48837421887544 -4.504192317561882 25.25
      vertex 434.51162578112456 -4.504192317561882 25.25
      vertex 434.09656575265194 -3.9445486544391755 25.25
    endloop
  endfacet
  facet normal 0 0 1
    outer loop
      vertex 425.90343424734806 -3.9445486544391755 25.25
      vertex 434.09656575265194 -3.9445486544391755 25.25
      vertex 433.7383590231267 -3.346916831464583 25.25
    endloop
  endfacet
  facet normal 0.9039892931234408 0.4275550934302873 0
    outer loop
      vertex 433.44045531916987 -2.717052369792137 25.25
      vertex 433.7383590231267 -3.346916831464583 25.25
      vertex 433.7383590231267 -3.346916831464583 20.25
    endloop
  endfacet
  facet normal 0.9415440651830222 0.33688985339221594 0
    outer loop
      vertex 433.2057236163013 -2.0610212085066824 25.25
      vertex 433.44045531916987 -2.717052369792137 25.25
      vertex 433.44045531916987 -2.717052369792137 20.25
    endloop
  endfacet
  facet normal 0.9700312531945452 0.242980179903259 0
    outer loop
      vertex 433.0364245091371 -1.3851412863145105 25.25
      vertex 433.2057236163013 -2.0610212085066824 25.25
      vertex 433.2057236163013 -2.0610212085066824 20.25
    endloop
  endfacet
  facet normal 0.9891765099647766 0.14673047445539142 0
    outer loop
      vertex 432.9341884406274 -0.6959216963398802 25.25
      vertex 433.0364245091371 -1.3851412863145105 25.25
      vertex 433.0364245091371 -1.3851412863145105 20.25
    endloop
  endfacet
  facet normal 0.9987954562051713 0.04906767432744013 0
    outer loop
      vertex 432.9 0 25.25
      vertex 432.9341884406274 -0.6959216963398802 25.25
      vertex 432.9341884406274 -0.6959216963398802 20.25
    endloop
  endfacet
  facet normal 0 0 1
    outer loop
      vertex 426.2616409768733 -3.346916831464583 25.25
      vertex 433.44045531916987 -2.717052369792137 25.25
      vertex 426.55954468083013 -2.717052369792137 25.25
    endloop
  endfacet
  facet normal 0 0 1
    outer loop
      vertex 426.2616409768733 -3.346916831464583 25.25
      vertex 433.7383590231267 -3.346916831464583 25.25
      vertex 433.44045531916987 -2.717052369792137 25.25
    endloop
  endfacet
  facet normal 0 0 1
    outer loop
      vertex 426.55954468083013 -2.717052369792137 25.25
      vertex 433.44045531916987 -2.717052369792137 25.25
      vertex 433.2057236163013 -2.0610212085066824 25.25
    endloop
  endfacet
  facet normal 0 0 1
    outer loop
      vertex 426.55954468083013 -2.717052369792137 25.25
      vertex 433.2057236163013 -2.0610212085066824 25.25
      vertex 426.7942763836987 -2.0610212085066824 25.25
    endloop
  endfacet
  facet normal 0 0 1
    outer loop
      vertex 426.7942763836987 -2.0610212085066824 25.25
      vertex 433.0364245091371 -1.3851412863145105 25.25
      vertex 426.9635754908629 -1.3851412863145105 25.25
    endloop
  endfacet
  facet normal 0 0 1
    outer loop
      vertex 426.7942763836987 -2.0610212085066824 25.25
      vertex 433.2057236163013 -2.0610212085066824 25.25
      vertex 433.0364245091371 -1.3851412863145105 25.25
    endloop
  endfacet
  facet normal 0 0 1
    outer loop
      vertex 426.9635754908629 -1.3851412863145105 25.25
      vertex 432.9341884406274 -0.6959216963398802 25.25
      vertex 427.0658115593726 -0.6959216963398802 25.25
    endloop
  endfacet
  facet normal 0 0 1
    outer loop
      vertex 426.9635754908629 -1.3851412863145105 25.25
      vertex 433.0364245091371 -1.3851412863145105 25.25
      vertex 432.9341884406274 -0.6959216963398802 25.25
    endloop
  endfacet
  facet normal 0 0 1
    outer loop
      vertex 427.0658115593726 -0.6959216963398802 25.25
      vertex 432.9 0 25.25
      vertex 427.1 0 25.25
    endloop
  endfacet
  facet normal 0 0 1
    outer loop
      vertex 432.9 0 25.25
      vertex 427.0658115593726 -0.6959216963398802 25.25
      vertex 432.9341884406274 -0.6959216963398802 25.25
    endloop
  endfacet
  facet normal -0.04906767432741624 0.9987954562051725 0
    outer loop
      vertex 440 -7.1 20.25
      vertex 440 -7.1 25.25
      vertex 440.6959216963399 -7.065811559372598 20.25
    endloop
  endfacet
  facet normal -0.14673047445536047 0.9891765099647811 0
    outer loop
      vertex 440.6959216963399 -7.065811559372598 20.25
      vertex 440.6959216963399 -7.065811559372598 25.25
      vertex 441.38514128631454 -6.963575490862936 20.25
    endloop
  endfacet
  facet normal -0.24298017990326568 0.9700312531945436 0
    outer loop
      vertex 441.38514128631454 -6.963575490862936 20.25
      vertex 441.38514128631454 -6.963575490862936 25.25
      vertex 442.0610212085067 -6.794276383698683 20.25
    endloop
  endfacet
  facet normal -0.3368898533922205 0.9415440651830206 0
    outer loop
      vertex 442.0610212085067 -6.794276383698683 20.25
      vertex 442.0610212085067 -6.794276383698683 25.25
      vertex 442.71705236979216 -6.559544680830135 20.25
    endloop
  endfacet
  facet normal -0.4275550934303 0.9039892931234349 0
    outer loop
      vertex 443.34691683146457 -6.261640976873321 20.25
      vertex 442.71705236979216 -6.559544680830135 20.25
      vertex 442.71705236979216 -6.559544680830135 25.25
    endloop
  endfacet
  facet normal 0 0 -1
    outer loop
      vertex 500.25 -20.25 20.25
      vertex 440 -7.1 20.25
      vertex 440.6959216963399 -7.065811559372598 20.25
    endloop
  endfacet
  facet normal 0 0 -1
    outer loop
      vertex 500.25 -20.25 20.25
      vertex 440.6959216963399 -7.065811559372598 20.25
      vertex 441.38514128631454 -6.963575490862936 20.25
    endloop
  endfacet
  facet normal 0 0 -1
    outer loop
      vertex 500.25 -20.25 20.25
      vertex 441.38514128631454 -6.963575490862936 20.25
      vertex 442.0610212085067 -6.794276383698683 20.25
    endloop
  endfacet
  facet normal 0.04906767432741624 0.9987954562051725 0
    outer loop
      vertex 440 -7.1 20.25
      vertex 439.3040783036601 -7.065811559372598 25.25
      vertex 440 -7.1 25.25
    endloop
  endfacet
  facet normal -0.04906767432741624 0.9987954562051725 0
    outer loop
      vertex 440.6959216963399 -7.065811559372598 20.25
      vertex 440 -7.1 25.25
      vertex 440.6959216963399 -7.065811559372598 25.25
    endloop
  endfacet
  facet normal -0.14673047445536047 0.9891765099647811 0
    outer loop
      vertex 441.38514128631454 -6.963575490862936 20.25
      vertex 440.6959216963399 -7.065811559372598 25.25
      vertex 441.38514128631454 -6.963575490862936 25.25
    endloop
  endfacet
  facet normal -0.24298017990326568 0.9700312531945436 0
    outer loop
      vertex 442.0610212085067 -6.794276383698683 20.25
      vertex 441.38514128631454 -6.963575490862936 25.25
      vertex 442.0610212085067 -6.794276383698683 25.25
    endloop
  endfacet
  facet normal -0.3368898533922205 0.9415440651830206 0
    outer loop
      vertex 442.71705236979216 -6.559544680830135 20.25
      vertex 442.0610212085067 -6.794276383698683 25.25
      vertex 442.71705236979216 -6.559544680830135 25.25
    endloop
  endfacet
  facet normal -0.4275550934303 0.9039892931234349 0
    outer loop
      vertex 443.34691683146457 -6.261640976873321 25.25
      vertex 443.34691683146457 -6.261640976873321 20.25
      vertex 442.71705236979216 -6.559544680830135 25.25
    endloop
  endfacet
  facet normal 0 0 1
    outer loop
      vertex 500.25 -20.25 25.25
      vertex 441.38514128631454 -6.963575490862936 25.25
      vertex 440.6959216963399 -7.065811559372598 25.25
    endloop
  endfacet
  facet normal 0 0 1
    outer loop
      vertex 500.25 -20.25 25.25
      vertex 442.0610212085067 -6.794276383698683 25.25
      vertex 441.38514128631454 -6.963575490862936 25.25
    endloop
  endfacet
  facet normal -0.5141027441932049 0.8577286100002821 0
    outer loop
      vertex 443.34691683146457 -6.261640976873321 25.25
      vertex 443.9445486544392 -5.903434247348071 20.25
      vertex 443.34691683146457 -6.261640976873321 20.25
    endloop
  endfacet
  facet normal -0.5956993044924381 0.8032075314806414 0
    outer loop
      vertex 443.9445486544392 -5.903434247348071 25.25
      vertex 444.5041923175619 -5.488374218875433 20.25
      vertex 443.9445486544392 -5.903434247348071 20.25
    endloop
  endfacet
  facet normal -0.6715589548470419 0.7409511253549379 0
    outer loop
      vertex 444.5041923175619 -5.488374218875433 25.25
      vertex 445.02045814642446 -5.020458146424487 20.25
      vertex 444.5041923175619 -5.488374218875433 20.25
    endloop
  endfacet
  facet normal -0.7409511253549376 0.6715589548470421 0
    outer loop
      vertex 445.02045814642446 -5.020458146424487 20.25
      vertex 445.02045814642446 -5.020458146424487 25.25
      vertex 445.48837421887544 -4.504192317561882 20.25
    endloop
  endfacet
  facet normal -0.803207531480655 0.5956993044924198 0
    outer loop
      vertex 445.48837421887544 -4.504192317561882 25.25
      vertex 445.90343424734806 -3.9445486544391755 20.25
      vertex 445.48837421887544 -4.504192317561882 20.25
    endloop
  endfacet
  facet normal -0.8577286100002717 0.5141027441932223 0
    outer loop
      vertex 445.90343424734806 -3.9445486544391755 25.25
      vertex 446.2616409768733 -3.346916831464583 20.25
      vertex 445.90343424734806 -3.9445486544391755 20.25
    endloop
  endfacet
  facet normal -0.9039892931234408 0.4275550934302873 0
    outer loop
      vertex 446.2616409768733 -3.346916831464583 25.25
      vertex 446.55954468083013 -2.717052369792137 20.25
      vertex 446.2616409768733 -3.346916831464583 20.25
    endloop
  endfacet
  facet normal -0.9415440651830222 0.33688985339221594 0
    outer loop
      vertex 446.55954468083013 -2.717052369792137 25.25
      vertex 446.7942763836987 -2.0610212085066824 20.25
      vertex 446.55954468083013 -2.717052369792137 20.25
    endloop
  endfacet
  facet normal -0.9700312531945452 0.242980179903259 0
    outer loop
      vertex 446.7942763836987 -2.0610212085066824 25.25
      vertex 446.9635754908629 -1.3851412863145105 20.25
      vertex 446.7942763836987 -2.0610212085066824 20.25
    endloop
  endfacet
  facet normal -0.9891765099647766 0.14673047445539142 0
    outer loop
      vertex 446.9635754908629 -1.3851412863145105 25.25
      vertex 447.0658115593726 -0.6959216963398802 20.25
      vertex 446.9635754908629 -1.3851412863145105 20.25
    endloop
  endfacet
  facet normal -0.9987954562051713 0.04906767432744013 0
    outer loop
      vertex 447.0658115593726 -0.6959216963398802 20.25
      vertex 447.0658115593726 -0.6959216963398802 25.25
      vertex 447.1 0 20.25
    endloop
  endfacet
  facet normal -0.5141027441932049 0.8577286100002821 0
    outer loop
      vertex 443.9445486544392 -5.903434247348071 25.25
      vertex 443.9445486544392 -5.903434247348071 20.25
      vertex 443.34691683146457 -6.261640976873321 25.25
    endloop
  endfacet
  facet normal -0.5956993044924381 0.8032075314806414 0
    outer loop
      vertex 444.5041923175619 -5.488374218875433 25.25
      vertex 444.5041923175619 -5.488374218875433 20.25
      vertex 443.9445486544392 -5.903434247348071 25.25
    endloop
  endfacet
  facet normal -0.6715589548470419 0.7409511253549379 0
    outer loop
      vertex 445.02045814642446 -5.020458146424487 25.25
      vertex 445.02045814642446 -5.020458146424487 20.25
      vertex 444.5041923175619 -5.488374218875433 25.25
    endloop
  endfacet
  facet normal -0.7409511253549376 0.6715589548470421 0
    outer loop
      vertex 445.02045814642446 -5.020458146424487 25.25
      vertex 445.48837421887544 -4.504192317561882 25.25
      vertex 445.48837421887544 -4.504192317561882 20.25
    endloop
  endfacet
  facet normal -0.803207531480655 0.5956993044924198 0
    outer loop
      vertex 445.48837421887544 -4.504192317561882 25.25
      vertex 445.90343424734806 -3.9445486544391755 25.25
      vertex 445.90343424734806 -3.9445486544391755 20.25
    endloop
  endfacet
  facet normal -0.8577286100002717 0.5141027441932223 0
    outer loop
      vertex 445.90343424734806 -3.9445486544391755 25.25
      vertex 446.2616409768733 -3.346916831464583 25.25
      vertex 446.2616409768733 -3.346916831464583 20.25
    endloop
  endfacet
  facet normal -0.9039892931234408 0.4275550934302873 0
    outer loop
      vertex 446.2616409768733 -3.346916831464583 25.25
      vertex 446.55954468083013 -2.717052369792137 25.25
      vertex 446.55954468083013 -2.717052369792137 20.25
    endloop
  endfacet
  facet normal -0.9415440651830222 0.33688985339221594 0
    outer loop
      vertex 446.55954468083013 -2.717052369792137 25.25
      vertex 446.7942763836987 -2.0610212085066824 25.25
      vertex 446.7942763836987 -2.0610212085066824 20.25
    endloop
  endfacet
  facet normal -0.9700312531945452 0.242980179903259 0
    outer loop
      vertex 446.7942763836987 -2.0610212085066824 25.25
      vertex 446.9635754908629 -1.3851412863145105 25.25
      vertex 446.9635754908629 -1.3851412863145105 20.25
    endloop
  endfacet
  facet normal -0.9891765099647766 0.14673047445539142 0
    outer loop
      vertex 446.9635754908629 -1.3851412863145105 25.25
      vertex 447.0658115593726 -0.6959216963398802 25.25
      vertex 447.0658115593726 -0.6959216963398802 20.25
    endloop
  endfacet
  facet normal -0.9987954562051713 0.04906767432744013 0
    outer loop
      vertex 447.0658115593726 -0.6959216963398802 25.25
      vertex 447.1 0 25.25
      vertex 447.1 0 20.25
    endloop
  endfacet
  facet normal 0 -1 0
    outer loop
      vertex 500.25 -25.25 0.25
      vertex 500.25 -25.25 25.25
      vertex 466.25 -25.25 20.25
    endloop
  endfacet
  facet normal 0 -1 0
    outer loop
      vertex 500.25 -25.25 0.25
      vertex 505.25 -25.25 25.25
      vertex 500.25 -25.25 25.25
    endloop
  endfacet
  facet normal 0 0 1
    outer loop
      vertex 500.25 -25.25 25.25
      vertex 505.25 -25.25 25.25
      vertex 500.25 -20.25 25.25
    endloop
  endfacet
  facet normal 0 0 -1
    outer loop
      vertex 500.25 -20.25 20.25
      vertex 442.0610212085067 -6.794276383698683 20.25
      vertex 442.71705236979216 -6.559544680830135 20.25
    endloop
  endfacet
  facet normal 0 0 -1
    outer loop
      vertex 500.25 -20.25 20.25
      vertex 442.71705236979216 -6.559544680830135 20.25
      vertex 443.34691683146457 -6.261640976873321 20.25
    endloop
  endfacet
  facet normal 0 0 -1
    outer loop
      vertex 500.25 -20.25 20.25
      vertex 443.34691683146457 -6.261640976873321 20.25
      vertex 443.9445486544392 -5.903434247348071 20.25
    endloop
  endfacet
  facet normal 0 0 -1
    outer loop
      vertex 500.25 -20.25 20.25
      vertex 443.9445486544392 -5.903434247348071 20.25
      vertex 444.5041923175619 -5.488374218875433 20.25
    endloop
  endfacet
  facet normal 0 0 -1
    outer loop
      vertex 500.25 -20.25 20.25
      vertex 444.5041923175619 -5.488374218875433 20.25
      vertex 445.02045814642446 -5.020458146424487 20.25
    endloop
  endfacet
  facet normal 0 0 -1
    outer loop
      vertex 500.25 -20.25 20.25
      vertex 445.02045814642446 -5.020458146424487 20.25
      vertex 445.48837421887544 -4.504192317561882 20.25
    endloop
  endfacet
  facet normal 0 0 -1
    outer loop
      vertex 500.25 -20.25 20.25
      vertex 445.48837421887544 -4.504192317561882 20.25
      vertex 445.90343424734806 -3.9445486544391755 20.25
    endloop
  endfacet
  facet normal 0 0 -1
    outer loop
      vertex 500.25 -20.25 20.25
      vertex 445.90343424734806 -3.9445486544391755 20.25
      vertex 446.2616409768733 -3.346916831464583 20.25
    endloop
  endfacet
  facet normal 0 0 -1
    outer loop
      vertex 500.25 -20.25 20.25
      vertex 446.2616409768733 -3.346916831464583 20.25
      vertex 446.55954468083013 -2.717052369792137 20.25
    endloop
  endfacet
  facet normal 0 0 -1
    outer loop
      vertex 500.25 -20.25 20.25
      vertex 446.55954468083013 -2.717052369792137 20.25
      vertex 446.7942763836987 -2.0610212085066824 20.25
    endloop
  endfacet
  facet normal 0 0 -1
    outer loop
      vertex 500.25 -20.25 20.25
      vertex 446.7942763836987 -2.0610212085066824 20.25
      vertex 446.9635754908629 -1.3851412863145105 20.25
    endloop
  endfacet
  facet normal 0 0 1
    outer loop
      vertex 500.25 -20.25 25.25
      vertex 442.71705236979216 -6.559544680830135 25.25
      vertex 442.0610212085067 -6.794276383698683 25.25
    endloop
  endfacet
  facet normal 0 0 1
    outer loop
      vertex 500.25 -20.25 25.25
      vertex 443.34691683146457 -6.261640976873321 25.25
      vertex 442.71705236979216 -6.559544680830135 25.25
    endloop
  endfacet
  facet normal 0 0 1
    outer loop
      vertex 500.25 -20.25 25.25
      vertex 443.9445486544392 -5.903434247348071 25.25
      vertex 443.34691683146457 -6.261640976873321 25.25
    endloop
  endfacet
  facet normal 0 0 1
    outer loop
      vertex 500.25 -20.25 25.25
      vertex 444.5041923175619 -5.488374218875433 25.25
      vertex 443.9445486544392 -5.903434247348071 25.25
    endloop
  endfacet
  facet normal 0 0 1
    outer loop
      vertex 500.25 -20.25 25.25
      vertex 445.02045814642446 -5.020458146424487 25.25
      vertex 444.5041923175619 -5.488374218875433 25.25
    endloop
  endfacet
  facet normal 0 0 1
    outer loop
      vertex 500.25 -20.25 25.25
      vertex 445.48837421887544 -4.504192317561882 25.25
      vertex 445.02045814642446 -5.020458146424487 25.25
    endloop
  endfacet
  facet normal 0 0 1
    outer loop
      vertex 500.25 -20.25 25.25
      vertex 445.90343424734806 -3.9445486544391755 25.25
      vertex 445.48837421887544 -4.504192317561882 25.25
    endloop
  endfacet
  facet normal 0 0 1
    outer loop
      vertex 500.25 -20.25 25.25
      vertex 446.2616409768733 -3.346916831464583 25.25
      vertex 445.90343424734806 -3.9445486544391755 25.25
    endloop
  endfacet
  facet normal 0 0 1
    outer loop
      vertex 500.25 -20.25 25.25
      vertex 446.55954468083013 -2.717052369792137 25.25
      vertex 446.2616409768733 -3.346916831464583 25.25
    endloop
  endfacet
  facet normal 0 0 1
    outer loop
      vertex 500.25 -20.25 25.25
      vertex 446.7942763836987 -2.0610212085066824 25.25
      vertex 446.55954468083013 -2.717052369792137 25.25
    endloop
  endfacet
  facet normal 0 0 1
    outer loop
      vertex 500.25 -20.25 25.25
      vertex 446.9635754908629 -1.3851412863145105 25.25
      vertex 446.7942763836987 -2.0610212085066824 25.25
    endloop
  endfacet
  facet normal 0 0 1
    outer loop
      vertex 500.25 -20.25 25.25
      vertex 447.0658115593726 -0.6959216963398802 25.25
      vertex 446.9635754908629 -1.3851412863145105 25.25
    endloop
  endfacet
  facet normal 0 0 1
    outer loop
      vertex 500.25 -20.25 25.25
      vertex 447.1 0 25.25
      vertex 447.0658115593726 -0.6959216963398802 25.25
    endloop
  endfacet
  facet normal 0 0 1
    outer loop
      vertex 500.25 -20.25 25.25
      vertex 447.0658115593726 0.6959216963398802 25.25
      vertex 447.1 0 25.25
    endloop
  endfacet
  facet normal 0 0 -1
    outer loop
      vertex 500.25 -20.25 20.25
      vertex 446.9635754908629 -1.3851412863145105 20.25
      vertex 500.25 20.25 20.25
    endloop
  endfacet
  facet normal 0 0 1
    outer loop
      vertex 500.25 -20.25 25.25
      vertex 446.9635754908629 1.3851412863145105 25.25
      vertex 447.0658115593726 0.6959216963398802 25.25
    endloop
  endfacet
  facet normal 0 0 1
    outer loop
      vertex 505.25 -25.25 25.25
      vertex 500.25 20.25 25.25
      vertex 500.25 -20.25 25.25
    endloop
  endfacet
  facet normal 0 0 -1
    outer loop
      vertex 330.25 20.25 0.25
      vertex 500.25 25.25 0.25
      vertex 500.25 20.25 0.25
    endloop
  endfacet
  facet normal 0 0 -1
    outer loop
      vertex 500.25 -20.25 0.25
      vertex 500.25 20.25 0.25
      vertex 505.25 25.25 0.25
    endloop
  endfacet
  facet normal 0 0 -1
    outer loop
      vertex 500.25 20.25 0.25
      vertex 500.25 25.25 0.25
      vertex 505.25 25.25 0.25
    endloop
  endfacet
  facet normal 0 1 0
    outer loop
      vertex 500.25 25.25 0.25
      vertex 500.25 25.25 20.25
      vertex 505.25 25.25 0.25
    endloop
  endfacet
  facet normal -0.9987954562051713 -0.04906767432744013 0
    outer loop
      vertex 427.1 0 20.25
      vertex 427.1 0 25.25
      vertex 427.0658115593726 0.6959216963398802 20.25
    endloop
  endfacet
  facet normal -0.9891765099647766 -0.14673047445539142 0
    outer loop
      vertex 427.0658115593726 0.6959216963398802 25.25
      vertex 426.9635754908629 1.3851412863145105 20.25
      vertex 427.0658115593726 0.6959216963398802 20.25
    endloop
  endfacet
  facet normal -0.9700312531945452 -0.242980179903259 0
    outer loop
      vertex 426.9635754908629 1.3851412863145105 25.25
      vertex 426.7942763836987 2.0610212085066824 20.25
      vertex 426.9635754908629 1.3851412863145105 20.25
    endloop
  endfacet
  facet normal -0.9415440651830222 -0.33688985339221594 0
    outer loop
      vertex 426.7942763836987 2.0610212085066824 25.25
      vertex 426.55954468083013 2.717052369792137 20.25
      vertex 426.7942763836987 2.0610212085066824 20.25
    endloop
  endfacet
  facet normal -0.9039892931234408 -0.4275550934302873 0
    outer loop
      vertex 426.55954468083013 2.717052369792137 25.25
      vertex 426.2616409768733 3.346916831464583 20.25
      vertex 426.55954468083013 2.717052369792137 20.25
    endloop
  endfacet
  facet normal 0 0 -1
    outer loop
      vertex 425.90343424734806 3.9445486544391755 20.25
      vertex 433.7383590231267 3.346916831464583 20.25
      vertex 426.2616409768733 3.346916831464583 20.25
    endloop
  endfacet
  facet normal 0 0 -1
    outer loop
      vertex 425.48837421887544 4.504192317561882 20.25
      vertex 434.09656575265194 3.9445486544391755 20.25
      vertex 425.90343424734806 3.9445486544391755 20.25
    endloop
  endfacet
  facet normal 0 0 -1
    outer loop
      vertex 425.02045814642446 5.020458146424487 20.25
      vertex 434.51162578112456 4.504192317561882 20.25
      vertex 425.48837421887544 4.504192317561882 20.25
    endloop
  endfacet
  facet normal 0 0 -1
    outer loop
      vertex 425.02045814642446 5.020458146424487 20.25
      vertex 424.5041923175619 5.488374218875433 20.25
      vertex 434.97954185357554 5.020458146424487 20.25
    endloop
  endfacet
  facet normal 0 0 -1
    outer loop
      vertex 424.5041923175619 5.488374218875433 20.25
      vertex 423.9445486544392 5.903434247348071 20.25
      vertex 435.4958076824381 5.488374218875433 20.25
    endloop
  endfacet
  facet normal 0 0 -1
    outer loop
      vertex 423.9445486544392 5.903434247348071 20.25
      vertex 423.34691683146457 6.261640976873321 20.25
      vertex 436.0554513455608 5.903434247348071 20.25
    endloop
  endfacet
  facet normal -0.803207531480655 -0.5956993044924198 0
    outer loop
      vertex 425.90343424734806 3.9445486544391755 25.25
      vertex 425.48837421887544 4.504192317561882 20.25
      vertex 425.90343424734806 3.9445486544391755 20.25
    endloop
  endfacet
  facet normal -0.7409511253549376 -0.6715589548470421 0
    outer loop
      vertex 425.48837421887544 4.504192317561882 25.25
      vertex 425.02045814642446 5.020458146424487 20.25
      vertex 425.48837421887544 4.504192317561882 20.25
    endloop
  endfacet
  facet normal -0.8577286100002717 -0.5141027441932223 0
    outer loop
      vertex 426.2616409768733 3.346916831464583 25.25
      vertex 425.90343424734806 3.9445486544391755 20.25
      vertex 426.2616409768733 3.346916831464583 20.25
    endloop
  endfacet
  facet normal -0.6715589548470419 -0.7409511253549379 0
    outer loop
      vertex 425.02045814642446 5.020458146424487 25.25
      vertex 424.5041923175619 5.488374218875433 20.25
      vertex 425.02045814642446 5.020458146424487 20.25
    endloop
  endfacet
  facet normal -0.5956993044924381 -0.8032075314806414 0
    outer loop
      vertex 424.5041923175619 5.488374218875433 25.25
      vertex 423.9445486544392 5.903434247348071 20.25
      vertex 424.5041923175619 5.488374218875433 20.25
    endloop
  endfacet
  facet normal -0.5141027441932049 -0.8577286100002821 0
    outer loop
      vertex 423.9445486544392 5.903434247348071 25.25
      vertex 423.34691683146457 6.261640976873321 20.25
      vertex 423.9445486544392 5.903434247348071 20.25
    endloop
  endfacet
  facet normal 0 0 -1
    outer loop
      vertex 427.1 0 20.25
      vertex 427.0658115593726 0.6959216963398802 20.25
      vertex 432.9 0 20.25
    endloop
  endfacet
  facet normal 0 0 -1
    outer loop
      vertex 427.0658115593726 0.6959216963398802 20.25
      vertex 432.9341884406274 0.6959216963398802 20.25
      vertex 432.9 0 20.25
    endloop
  endfacet
  facet normal 0 0 -1
    outer loop
      vertex 426.9635754908629 1.3851412863145105 20.25
      vertex 432.9341884406274 0.6959216963398802 20.25
      vertex 427.0658115593726 0.6959216963398802 20.25
    endloop
  endfacet
  facet normal 0 0 -1
    outer loop
      vertex 426.9635754908629 1.3851412863145105 20.25
      vertex 433.0364245091371 1.3851412863145105 20.25
      vertex 432.9341884406274 0.6959216963398802 20.25
    endloop
  endfacet
  facet normal 0 0 -1
    outer loop
      vertex 426.7942763836987 2.0610212085066824 20.25
      vertex 433.0364245091371 1.3851412863145105 20.25
      vertex 426.9635754908629 1.3851412863145105 20.25
    endloop
  endfacet
  facet normal 0 0 -1
    outer loop
      vertex 426.55954468083013 2.717052369792137 20.25
      vertex 433.2057236163013 2.0610212085066824 20.25
      vertex 426.7942763836987 2.0610212085066824 20.25
    endloop
  endfacet
  facet normal 0 0 -1
    outer loop
      vertex 426.7942763836987 2.0610212085066824 20.25
      vertex 433.2057236163013 2.0610212085066824 20.25
      vertex 433.0364245091371 1.3851412863145105 20.25
    endloop
  endfacet
  facet normal 0 0 -1
    outer loop
      vertex 426.2616409768733 3.346916831464583 20.25
      vertex 433.44045531916987 2.717052369792137 20.25
      vertex 426.55954468083013 2.717052369792137 20.25
    endloop
  endfacet
  facet normal 0 0 -1
    outer loop
      vertex 426.55954468083013 2.717052369792137 20.25
      vertex 433.44045531916987 2.717052369792137 20.25
      vertex 433.2057236163013 2.0610212085066824 20.25
    endloop
  endfacet
  facet normal 0 0 -1
    outer loop
      vertex 426.2616409768733 3.346916831464583 20.25
      vertex 433.7383590231267 3.346916831464583 20.25
      vertex 433.44045531916987 2.717052369792137 20.25
    endloop
  endfacet
  facet normal 0.9987954562051713 -0.04906767432744013 0
    outer loop
      vertex 432.9341884406274 0.6959216963398802 25.25
      vertex 432.9 0 20.25
      vertex 432.9341884406274 0.6959216963398802 20.25
    endloop
  endfacet
  facet normal 0.9891765099647766 -0.14673047445539142 0
    outer loop
      vertex 433.0364245091371 1.3851412863145105 25.25
      vertex 432.9341884406274 0.6959216963398802 20.25
      vertex 433.0364245091371 1.3851412863145105 20.25
    endloop
  endfacet
  facet normal 0.9700312531945452 -0.242980179903259 0
    outer loop
      vertex 433.2057236163013 2.0610212085066824 25.25
      vertex 433.0364245091371 1.3851412863145105 20.25
      vertex 433.2057236163013 2.0610212085066824 20.25
    endloop
  endfacet
  facet normal 0.9415440651830222 -0.33688985339221594 0
    outer loop
      vertex 433.44045531916987 2.717052369792137 25.25
      vertex 433.2057236163013 2.0610212085066824 20.25
      vertex 433.44045531916987 2.717052369792137 20.25
    endloop
  endfacet
  facet normal 0.9039892931234408 -0.4275550934302873 0
    outer loop
      vertex 433.7383590231267 3.346916831464583 25.25
      vertex 433.44045531916987 2.717052369792137 20.25
      vertex 433.7383590231267 3.346916831464583 20.25
    endloop
  endfacet
  facet normal 0 0 -1
    outer loop
      vertex 425.90343424734806 3.9445486544391755 20.25
      vertex 434.09656575265194 3.9445486544391755 20.25
      vertex 433.7383590231267 3.346916831464583 20.25
    endloop
  endfacet
  facet normal 0 0 -1
    outer loop
      vertex 425.48837421887544 4.504192317561882 20.25
      vertex 434.51162578112456 4.504192317561882 20.25
      vertex 434.09656575265194 3.9445486544391755 20.25
    endloop
  endfacet
  facet normal 0 0 -1
    outer loop
      vertex 425.02045814642446 5.020458146424487 20.25
      vertex 434.97954185357554 5.020458146424487 20.25
      vertex 434.51162578112456 4.504192317561882 20.25
    endloop
  endfacet
  facet normal 0 0 -1
    outer loop
      vertex 424.5041923175619 5.488374218875433 20.25
      vertex 435.4958076824381 5.488374218875433 20.25
      vertex 434.97954185357554 5.020458146424487 20.25
    endloop
  endfacet
  facet normal 0 0 -1
    outer loop
      vertex 423.9445486544392 5.903434247348071 20.25
      vertex 436.0554513455608 5.903434247348071 20.25
      vertex 435.4958076824381 5.488374218875433 20.25
    endloop
  endfacet
  facet normal 0 0 -1
    outer loop
      vertex 423.34691683146457 6.261640976873321 20.25
      vertex 436.65308316853543 6.261640976873321 20.25
      vertex 436.0554513455608 5.903434247348071 20.25
    endloop
  endfacet
  facet normal 0.8577286100002717 -0.5141027441932223 0
    outer loop
      vertex 434.09656575265194 3.9445486544391755 25.25
      vertex 433.7383590231267 3.346916831464583 20.25
      vertex 434.09656575265194 3.9445486544391755 20.25
    endloop
  endfacet
  facet normal 0.803207531480655 -0.5956993044924198 0
    outer loop
      vertex 434.51162578112456 4.504192317561882 25.25
      vertex 434.09656575265194 3.9445486544391755 20.25
      vertex 434.51162578112456 4.504192317561882 20.25
    endloop
  endfacet
  facet normal 0.7409511253549376 -0.6715589548470421 0
    outer loop
      vertex 434.97954185357554 5.020458146424487 25.25
      vertex 434.51162578112456 4.504192317561882 20.25
      vertex 434.97954185357554 5.020458146424487 20.25
    endloop
  endfacet
  facet normal 0.6715589548470419 -0.7409511253549379 0
    outer loop
      vertex 435.4958076824381 5.488374218875433 25.25
      vertex 434.97954185357554 5.020458146424487 20.25
      vertex 435.4958076824381 5.488374218875433 20.25
    endloop
  endfacet
  facet normal 0.5956993044924381 -0.8032075314806414 0
    outer loop
      vertex 436.0554513455608 5.903434247348071 25.25
      vertex 435.4958076824381 5.488374218875433 20.25
      vertex 436.0554513455608 5.903434247348071 20.25
    endloop
  endfacet
  facet normal 0.5141027441932049 -0.8577286100002821 0
    outer loop
      vertex 436.65308316853543 6.261640976873321 25.25
      vertex 436.0554513455608 5.903434247348071 20.25
      vertex 436.65308316853543 6.261640976873321 20.25
    endloop
  endfacet
  facet normal -0.9987954562051713 -0.04906767432744013 0
    outer loop
      vertex 427.1 0 25.25
      vertex 427.0658115593726 0.6959216963398802 25.25
      vertex 427.0658115593726 0.6959216963398802 20.25
    endloop
  endfacet
  facet normal -0.9891765099647766 -0.14673047445539142 0
    outer loop
      vertex 427.0658115593726 0.6959216963398802 25.25
      vertex 426.9635754908629 1.3851412863145105 25.25
      vertex 426.9635754908629 1.3851412863145105 20.25
    endloop
  endfacet
  facet normal -0.9700312531945452 -0.242980179903259 0
    outer loop
      vertex 426.9635754908629 1.3851412863145105 25.25
      vertex 426.7942763836987 2.0610212085066824 25.25
      vertex 426.7942763836987 2.0610212085066824 20.25
    endloop
  endfacet
  facet normal -0.9415440651830222 -0.33688985339221594 0
    outer loop
      vertex 426.7942763836987 2.0610212085066824 25.25
      vertex 426.55954468083013 2.717052369792137 25.25
      vertex 426.55954468083013 2.717052369792137 20.25
    endloop
  endfacet
  facet normal -0.9039892931234408 -0.4275550934302873 0
    outer loop
      vertex 426.55954468083013 2.717052369792137 25.25
      vertex 426.2616409768733 3.346916831464583 25.25
      vertex 426.2616409768733 3.346916831464583 20.25
    endloop
  endfacet
  facet normal -0.803207531480655 -0.5956993044924198 0
    outer loop
      vertex 425.90343424734806 3.9445486544391755 25.25
      vertex 425.48837421887544 4.504192317561882 25.25
      vertex 425.48837421887544 4.504192317561882 20.25
    endloop
  endfacet
  facet normal -0.8577286100002717 -0.5141027441932223 0
    outer loop
      vertex 426.2616409768733 3.346916831464583 25.25
      vertex 425.90343424734806 3.9445486544391755 25.25
      vertex 425.90343424734806 3.9445486544391755 20.25
    endloop
  endfacet
  facet normal -0.7409511253549376 -0.6715589548470421 0
    outer loop
      vertex 425.48837421887544 4.504192317561882 25.25
      vertex 425.02045814642446 5.020458146424487 25.25
      vertex 425.02045814642446 5.020458146424487 20.25
    endloop
  endfacet
  facet normal -0.6715589548470419 -0.7409511253549379 0
    outer loop
      vertex 424.5041923175619 5.488374218875433 25.25
      vertex 424.5041923175619 5.488374218875433 20.25
      vertex 425.02045814642446 5.020458146424487 25.25
    endloop
  endfacet
  facet normal -0.5956993044924381 -0.8032075314806414 0
    outer loop
      vertex 423.9445486544392 5.903434247348071 25.25
      vertex 423.9445486544392 5.903434247348071 20.25
      vertex 424.5041923175619 5.488374218875433 25.25
    endloop
  endfacet
  facet normal -0.5141027441932049 -0.8577286100002821 0
    outer loop
      vertex 423.34691683146457 6.261640976873321 25.25
      vertex 423.34691683146457 6.261640976873321 20.25
      vertex 423.9445486544392 5.903434247348071 25.25
    endloop
  endfacet
  facet normal 0 0 1
    outer loop
      vertex 425.48837421887544 4.504192317561882 25.25
      vertex 434.97954185357554 5.020458146424487 25.25
      vertex 425.02045814642446 5.020458146424487 25.25
    endloop
  endfacet
  facet normal 0 0 1
    outer loop
      vertex 424.5041923175619 5.488374218875433 25.25
      vertex 425.02045814642446 5.020458146424487 25.25
      vertex 435.4958076824381 5.488374218875433 25.25
    endloop
  endfacet
  facet normal 0 0 1
    outer loop
      vertex 423.9445486544392 5.903434247348071 25.25
      vertex 424.5041923175619 5.488374218875433 25.25
      vertex 436.0554513455608 5.903434247348071 25.25
    endloop
  endfacet
  facet normal 0 0 1
    outer loop
      vertex 423.34691683146457 6.261640976873321 25.25
      vertex 423.9445486544392 5.903434247348071 25.25
      vertex 436.65308316853543 6.261640976873321 25.25
    endloop
  endfacet
  facet normal 0.9987954562051713 -0.04906767432744013 0
    outer loop
      vertex 432.9341884406274 0.6959216963398802 25.25
      vertex 432.9 0 25.25
      vertex 432.9 0 20.25
    endloop
  endfacet
  facet normal 0.9891765099647766 -0.14673047445539142 0
    outer loop
      vertex 433.0364245091371 1.3851412863145105 25.25
      vertex 432.9341884406274 0.6959216963398802 25.25
      vertex 432.9341884406274 0.6959216963398802 20.25
    endloop
  endfacet
  facet normal 0.9700312531945452 -0.242980179903259 0
    outer loop
      vertex 433.2057236163013 2.0610212085066824 25.25
      vertex 433.0364245091371 1.3851412863145105 25.25
      vertex 433.0364245091371 1.3851412863145105 20.25
    endloop
  endfacet
  facet normal 0.9415440651830222 -0.33688985339221594 0
    outer loop
      vertex 433.44045531916987 2.717052369792137 25.25
      vertex 433.2057236163013 2.0610212085066824 25.25
      vertex 433.2057236163013 2.0610212085066824 20.25
    endloop
  endfacet
  facet normal 0.9039892931234408 -0.4275550934302873 0
    outer loop
      vertex 433.7383590231267 3.346916831464583 25.25
      vertex 433.44045531916987 2.717052369792137 25.25
      vertex 433.44045531916987 2.717052369792137 20.25
    endloop
  endfacet
  facet normal 0 0 1
    outer loop
      vertex 427.1 0 25.25
      vertex 432.9341884406274 0.6959216963398802 25.25
      vertex 427.0658115593726 0.6959216963398802 25.25
    endloop
  endfacet
  facet normal 0 0 1
    outer loop
      vertex 427.1 0 25.25
      vertex 432.9 0 25.25
      vertex 432.9341884406274 0.6959216963398802 25.25
    endloop
  endfacet
  facet normal 0 0 1
    outer loop
      vertex 427.0658115593726 0.6959216963398802 25.25
      vertex 433.0364245091371 1.3851412863145105 25.25
      vertex 426.9635754908629 1.3851412863145105 25.25
    endloop
  endfacet
  facet normal 0 0 1
    outer loop
      vertex 427.0658115593726 0.6959216963398802 25.25
      vertex 432.9341884406274 0.6959216963398802 25.25
      vertex 433.0364245091371 1.3851412863145105 25.25
    endloop
  endfacet
  facet normal 0 0 1
    outer loop
      vertex 426.9635754908629 1.3851412863145105 25.25
      vertex 433.2057236163013 2.0610212085066824 25.25
      vertex 426.7942763836987 2.0610212085066824 25.25
    endloop
  endfacet
  facet normal 0 0 1
    outer loop
      vertex 426.9635754908629 1.3851412863145105 25.25
      vertex 433.0364245091371 1.3851412863145105 25.25
      vertex 433.2057236163013 2.0610212085066824 25.25
    endloop
  endfacet
  facet normal 0 0 1
    outer loop
      vertex 426.7942763836987 2.0610212085066824 25.25
      vertex 433.2057236163013 2.0610212085066824 25.25
      vertex 433.44045531916987 2.717052369792137 25.25
    endloop
  endfacet
  facet normal 0 0 1
    outer loop
      vertex 426.7942763836987 2.0610212085066824 25.25
      vertex 433.44045531916987 2.717052369792137 25.25
      vertex 433.7383590231267 3.346916831464583 25.25
    endloop
  endfacet
  facet normal 0 0 1
    outer loop
      vertex 426.7942763836987 2.0610212085066824 25.25
      vertex 433.7383590231267 3.346916831464583 25.25
      vertex 434.09656575265194 3.9445486544391755 25.25
    endloop
  endfacet
  facet normal 0.8577286100002717 -0.5141027441932223 0
    outer loop
      vertex 434.09656575265194 3.9445486544391755 25.25
      vertex 433.7383590231267 3.346916831464583 25.25
      vertex 433.7383590231267 3.346916831464583 20.25
    endloop
  endfacet
  facet normal 0.803207531480655 -0.5956993044924198 0
    outer loop
      vertex 434.51162578112456 4.504192317561882 25.25
      vertex 434.09656575265194 3.9445486544391755 25.25
      vertex 434.09656575265194 3.9445486544391755 20.25
    endloop
  endfacet
  facet normal 0.7409511253549376 -0.6715589548470421 0
    outer loop
      vertex 434.97954185357554 5.020458146424487 25.25
      vertex 434.51162578112456 4.504192317561882 25.25
      vertex 434.51162578112456 4.504192317561882 20.25
    endloop
  endfacet
  facet normal 0.6715589548470419 -0.7409511253549379 0
    outer loop
      vertex 434.97954185357554 5.020458146424487 25.25
      vertex 434.97954185357554 5.020458146424487 20.25
      vertex 435.4958076824381 5.488374218875433 25.25
    endloop
  endfacet
  facet normal 0.5956993044924381 -0.8032075314806414 0
    outer loop
      vertex 435.4958076824381 5.488374218875433 25.25
      vertex 435.4958076824381 5.488374218875433 20.25
      vertex 436.0554513455608 5.903434247348071 25.25
    endloop
  endfacet
  facet normal 0.5141027441932049 -0.8577286100002821 0
    outer loop
      vertex 436.0554513455608 5.903434247348071 25.25
      vertex 436.0554513455608 5.903434247348071 20.25
      vertex 436.65308316853543 6.261640976873321 25.25
    endloop
  endfacet
  facet normal 0 0 1
    outer loop
      vertex 426.7942763836987 2.0610212085066824 25.25
      vertex 434.97954185357554 5.020458146424487 25.25
      vertex 426.55954468083013 2.717052369792137 25.25
    endloop
  endfacet
  facet normal 0 0 1
    outer loop
      vertex 434.97954185357554 5.020458146424487 25.25
      vertex 426.2616409768733 3.346916831464583 25.25
      vertex 426.55954468083013 2.717052369792137 25.25
    endloop
  endfacet
  facet normal 0 0 1
    outer loop
      vertex 434.97954185357554 5.020458146424487 25.25
      vertex 425.90343424734806 3.9445486544391755 25.25
      vertex 426.2616409768733 3.346916831464583 25.25
    endloop
  endfacet
  facet normal 0 0 1
    outer loop
      vertex 434.97954185357554 5.020458146424487 25.25
      vertex 425.48837421887544 4.504192317561882 25.25
      vertex 425.90343424734806 3.9445486544391755 25.25
    endloop
  endfacet
  facet normal 0 0 1
    outer loop
      vertex 426.7942763836987 2.0610212085066824 25.25
      vertex 434.09656575265194 3.9445486544391755 25.25
      vertex 434.51162578112456 4.504192317561882 25.25
    endloop
  endfacet
  facet normal 0 0 1
    outer loop
      vertex 426.7942763836987 2.0610212085066824 25.25
      vertex 434.51162578112456 4.504192317561882 25.25
      vertex 434.97954185357554 5.020458146424487 25.25
    endloop
  endfacet
  facet normal 0 0 1
    outer loop
      vertex 434.97954185357554 5.020458146424487 25.25
      vertex 435.4958076824381 5.488374218875433 25.25
      vertex 425.02045814642446 5.020458146424487 25.25
    endloop
  endfacet
  facet normal 0 0 1
    outer loop
      vertex 424.5041923175619 5.488374218875433 25.25
      vertex 435.4958076824381 5.488374218875433 25.25
      vertex 436.0554513455608 5.903434247348071 25.25
    endloop
  endfacet
  facet normal 0 0 1
    outer loop
      vertex 423.9445486544392 5.903434247348071 25.25
      vertex 436.0554513455608 5.903434247348071 25.25
      vertex 436.65308316853543 6.261640976873321 25.25
    endloop
  endfacet
  facet normal 0 0 -1
    outer loop
      vertex 437.28294763020784 6.559544680830135 20.25
      vertex 421.38514128631454 6.963575490862936 20.25
      vertex 420.6959216963399 7.065811559372598 20.25
    endloop
  endfacet
  facet normal 0 0 -1
    outer loop
      vertex 437.28294763020784 6.559544680830135 20.25
      vertex 420.6959216963399 7.065811559372598 20.25
      vertex 420 7.1 20.25
    endloop
  endfacet
  facet normal 0 0 -1
    outer loop
      vertex 437.28294763020784 6.559544680830135 20.25
      vertex 422.0610212085067 6.794276383698683 20.25
      vertex 421.38514128631454 6.963575490862936 20.25
    endloop
  endfacet
  facet normal 0 0 -1
    outer loop
      vertex 423.34691683146457 6.261640976873321 20.25
      vertex 422.71705236979216 6.559544680830135 20.25
      vertex 436.65308316853543 6.261640976873321 20.25
    endloop
  endfacet
  facet normal 0 0 -1
    outer loop
      vertex 422.71705236979216 6.559544680830135 20.25
      vertex 422.0610212085067 6.794276383698683 20.25
      vertex 437.28294763020784 6.559544680830135 20.25
    endloop
  endfacet
  facet normal 0.24298017990326568 -0.9700312531945436 0
    outer loop
      vertex 418.61485871368546 6.963575490862936 25.25
      vertex 417.9389787914933 6.794276383698683 20.25
      vertex 418.61485871368546 6.963575490862936 20.25
    endloop
  endfacet
  facet normal 0.14673047445536047 -0.9891765099647811 0
    outer loop
      vertex 419.3040783036601 7.065811559372598 25.25
      vertex 418.61485871368546 6.963575490862936 20.25
      vertex 419.3040783036601 7.065811559372598 20.25
    endloop
  endfacet
  facet normal 0.04906767432741624 -0.9987954562051725 0
    outer loop
      vertex 420 7.1 25.25
      vertex 419.3040783036601 7.065811559372598 20.25
      vertex 420 7.1 20.25
    endloop
  endfacet
  facet normal -0.04906767432741624 -0.9987954562051725 0
    outer loop
      vertex 420.6959216963399 7.065811559372598 25.25
      vertex 420 7.1 20.25
      vertex 420.6959216963399 7.065811559372598 20.25
    endloop
  endfacet
  facet normal -0.14673047445536047 -0.9891765099647811 0
    outer loop
      vertex 421.38514128631454 6.963575490862936 25.25
      vertex 420.6959216963399 7.065811559372598 20.25
      vertex 421.38514128631454 6.963575490862936 20.25
    endloop
  endfacet
  facet normal -0.24298017990326568 -0.9700312531945436 0
    outer loop
      vertex 422.0610212085067 6.794276383698683 25.25
      vertex 421.38514128631454 6.963575490862936 20.25
      vertex 422.0610212085067 6.794276383698683 20.25
    endloop
  endfacet
  facet normal -0.3368898533922205 -0.9415440651830206 0
    outer loop
      vertex 422.71705236979216 6.559544680830135 25.25
      vertex 422.0610212085067 6.794276383698683 20.25
      vertex 422.71705236979216 6.559544680830135 20.25
    endloop
  endfacet
  facet normal -0.4275550934303 -0.9039892931234349 0
    outer loop
      vertex 423.34691683146457 6.261640976873321 25.25
      vertex 422.71705236979216 6.559544680830135 20.25
      vertex 423.34691683146457 6.261640976873321 20.25
    endloop
  endfacet
  facet normal 0 0 -1
    outer loop
      vertex 422.71705236979216 6.559544680830135 20.25
      vertex 437.28294763020784 6.559544680830135 20.25
      vertex 436.65308316853543 6.261640976873321 20.25
    endloop
  endfacet
  facet normal 0.4275550934303 -0.9039892931234349 0
    outer loop
      vertex 437.28294763020784 6.559544680830135 25.25
      vertex 436.65308316853543 6.261640976873321 20.25
      vertex 437.28294763020784 6.559544680830135 20.25
    endloop
  endfacet
  facet normal 0.3368898533922205 -0.9415440651830206 0
    outer loop
      vertex 437.9389787914933 6.794276383698683 25.25
      vertex 437.28294763020784 6.559544680830135 20.25
      vertex 437.9389787914933 6.794276383698683 20.25
    endloop
  endfacet
  facet normal 0.24298017990326568 -0.9700312531945436 0
    outer loop
      vertex 438.61485871368546 6.963575490862936 25.25
      vertex 437.9389787914933 6.794276383698683 20.25
      vertex 438.61485871368546 6.963575490862936 20.25
    endloop
  endfacet
  facet normal 0.14673047445536047 -0.9891765099647811 0
    outer loop
      vertex 439.3040783036601 7.065811559372598 25.25
      vertex 438.61485871368546 6.963575490862936 20.25
      vertex 439.3040783036601 7.065811559372598 20.25
    endloop
  endfacet
  facet normal 0.24298017990326568 -0.9700312531945436 0
    outer loop
      vertex 417.9389787914933 6.794276383698683 25.25
      vertex 417.9389787914933 6.794276383698683 20.25
      vertex 418.61485871368546 6.963575490862936 25.25
    endloop
  endfacet
  facet normal 0.14673047445536047 -0.9891765099647811 0
    outer loop
      vertex 418.61485871368546 6.963575490862936 25.25
      vertex 418.61485871368546 6.963575490862936 20.25
      vertex 419.3040783036601 7.065811559372598 25.25
    endloop
  endfacet
  facet normal 0.04906767432741624 -0.9987954562051725 0
    outer loop
      vertex 419.3040783036601 7.065811559372598 25.25
      vertex 419.3040783036601 7.065811559372598 20.25
      vertex 420 7.1 25.25
    endloop
  endfacet
  facet normal -0.04906767432741624 -0.9987954562051725 0
    outer loop
      vertex 420 7.1 25.25
      vertex 420 7.1 20.25
      vertex 420.6959216963399 7.065811559372598 25.25
    endloop
  endfacet
  facet normal -0.14673047445536047 -0.9891765099647811 0
    outer loop
      vertex 420.6959216963399 7.065811559372598 25.25
      vertex 420.6959216963399 7.065811559372598 20.25
      vertex 421.38514128631454 6.963575490862936 25.25
    endloop
  endfacet
  facet normal -0.24298017990326568 -0.9700312531945436 0
    outer loop
      vertex 421.38514128631454 6.963575490862936 25.25
      vertex 421.38514128631454 6.963575490862936 20.25
      vertex 422.0610212085067 6.794276383698683 25.25
    endloop
  endfacet
  facet normal -0.4275550934303 -0.9039892931234349 0
    outer loop
      vertex 422.71705236979216 6.559544680830135 25.25
      vertex 422.71705236979216 6.559544680830135 20.25
      vertex 423.34691683146457 6.261640976873321 25.25
    endloop
  endfacet
  facet normal -0.3368898533922205 -0.9415440651830206 0
    outer loop
      vertex 422.0610212085067 6.794276383698683 25.25
      vertex 422.0610212085067 6.794276383698683 20.25
      vertex 422.71705236979216 6.559544680830135 25.25
    endloop
  endfacet
  facet normal 0 0 1
    outer loop
      vertex 420.6959216963399 7.065811559372598 25.25
      vertex 421.38514128631454 6.963575490862936 25.25
      vertex 438.61485871368546 6.963575490862936 25.25
    endloop
  endfacet
  facet normal 0 0 1
    outer loop
      vertex 422.71705236979216 6.559544680830135 25.25
      vertex 423.34691683146457 6.261640976873321 25.25
      vertex 437.28294763020784 6.559544680830135 25.25
    endloop
  endfacet
  facet normal 0 0 1
    outer loop
      vertex 422.0610212085067 6.794276383698683 25.25
      vertex 422.71705236979216 6.559544680830135 25.25
      vertex 437.9389787914933 6.794276383698683 25.25
    endloop
  endfacet
  facet normal 0 0 1
    outer loop
      vertex 421.38514128631454 6.963575490862936 25.25
      vertex 422.0610212085067 6.794276383698683 25.25
      vertex 438.61485871368546 6.963575490862936 25.25
    endloop
  endfacet
  facet normal 0.4275550934303 -0.9039892931234349 0
    outer loop
      vertex 436.65308316853543 6.261640976873321 25.25
      vertex 436.65308316853543 6.261640976873321 20.25
      vertex 437.28294763020784 6.559544680830135 25.25
    endloop
  endfacet
  facet normal 0.3368898533922205 -0.9415440651830206 0
    outer loop
      vertex 437.28294763020784 6.559544680830135 25.25
      vertex 437.28294763020784 6.559544680830135 20.25
      vertex 437.9389787914933 6.794276383698683 25.25
    endloop
  endfacet
  facet normal 0.24298017990326568 -0.9700312531945436 0
    outer loop
      vertex 437.9389787914933 6.794276383698683 25.25
      vertex 437.9389787914933 6.794276383698683 20.25
      vertex 438.61485871368546 6.963575490862936 25.25
    endloop
  endfacet
  facet normal 0.14673047445536047 -0.9891765099647811 0
    outer loop
      vertex 438.61485871368546 6.963575490862936 25.25
      vertex 438.61485871368546 6.963575490862936 20.25
      vertex 439.3040783036601 7.065811559372598 25.25
    endloop
  endfacet
  facet normal 0.04906767432741624 -0.9987954562051725 0
    outer loop
      vertex 439.3040783036601 7.065811559372598 25.25
      vertex 439.3040783036601 7.065811559372598 20.25
      vertex 440 7.1 25.25
    endloop
  endfacet
  facet normal 0 0 1
    outer loop
      vertex 436.65308316853543 6.261640976873321 25.25
      vertex 437.28294763020784 6.559544680830135 25.25
      vertex 423.34691683146457 6.261640976873321 25.25
    endloop
  endfacet
  facet normal 0 0 1
    outer loop
      vertex 437.28294763020784 6.559544680830135 25.25
      vertex 437.9389787914933 6.794276383698683 25.25
      vertex 422.71705236979216 6.559544680830135 25.25
    endloop
  endfacet
  facet normal 0 0 1
    outer loop
      vertex 437.9389787914933 6.794276383698683 25.25
      vertex 438.61485871368546 6.963575490862936 25.25
      vertex 422.0610212085067 6.794276383698683 25.25
    endloop
  endfacet
  facet normal -0.9987954562051713 -0.04906767432744013 0
    outer loop
      vertex 447.1 0 20.25
      vertex 447.1 0 25.25
      vertex 447.0658115593726 0.6959216963398802 20.25
    endloop
  endfacet
  facet normal -0.9891765099647766 -0.14673047445539142 0
    outer loop
      vertex 447.0658115593726 0.6959216963398802 25.25
      vertex 446.9635754908629 1.3851412863145105 20.25
      vertex 447.0658115593726 0.6959216963398802 20.25
    endloop
  endfacet
  facet normal -0.9700312531945452 -0.242980179903259 0
    outer loop
      vertex 446.9635754908629 1.3851412863145105 25.25
      vertex 446.7942763836987 2.0610212085066824 20.25
      vertex 446.9635754908629 1.3851412863145105 20.25
    endloop
  endfacet
  facet normal -0.9415440651830222 -0.33688985339221594 0
    outer loop
      vertex 446.7942763836987 2.0610212085066824 25.25
      vertex 446.55954468083013 2.717052369792137 20.25
      vertex 446.7942763836987 2.0610212085066824 20.25
    endloop
  endfacet
  facet normal -0.9039892931234408 -0.4275550934302873 0
    outer loop
      vertex 446.55954468083013 2.717052369792137 25.25
      vertex 446.2616409768733 3.346916831464583 20.25
      vertex 446.55954468083013 2.717052369792137 20.25
    endloop
  endfacet
  facet normal -0.6715589548470419 -0.7409511253549379 0
    outer loop
      vertex 445.02045814642446 5.020458146424487 25.25
      vertex 444.5041923175619 5.488374218875433 20.25
      vertex 445.02045814642446 5.020458146424487 20.25
    endloop
  endfacet
  facet normal -0.5956993044924381 -0.8032075314806414 0
    outer loop
      vertex 444.5041923175619 5.488374218875433 25.25
      vertex 443.9445486544392 5.903434247348071 20.25
      vertex 444.5041923175619 5.488374218875433 20.25
    endloop
  endfacet
  facet normal -0.5141027441932049 -0.8577286100002821 0
    outer loop
      vertex 443.9445486544392 5.903434247348071 25.25
      vertex 443.34691683146457 6.261640976873321 20.25
      vertex 443.9445486544392 5.903434247348071 20.25
    endloop
  endfacet
  facet normal -0.8577286100002717 -0.5141027441932223 0
    outer loop
      vertex 446.2616409768733 3.346916831464583 25.25
      vertex 445.90343424734806 3.9445486544391755 20.25
      vertex 446.2616409768733 3.346916831464583 20.25
    endloop
  endfacet
  facet normal -0.803207531480655 -0.5956993044924198 0
    outer loop
      vertex 445.90343424734806 3.9445486544391755 25.25
      vertex 445.48837421887544 4.504192317561882 20.25
      vertex 445.90343424734806 3.9445486544391755 20.25
    endloop
  endfacet
  facet normal -0.7409511253549376 -0.6715589548470421 0
    outer loop
      vertex 445.48837421887544 4.504192317561882 25.25
      vertex 445.02045814642446 5.020458146424487 20.25
      vertex 445.48837421887544 4.504192317561882 20.25
    endloop
  endfacet
  facet normal -0.9987954562051713 -0.04906767432744013 0
    outer loop
      vertex 447.1 0 25.25
      vertex 447.0658115593726 0.6959216963398802 25.25
      vertex 447.0658115593726 0.6959216963398802 20.25
    endloop
  endfacet
  facet normal -0.9891765099647766 -0.14673047445539142 0
    outer loop
      vertex 447.0658115593726 0.6959216963398802 25.25
      vertex 446.9635754908629 1.3851412863145105 25.25
      vertex 446.9635754908629 1.3851412863145105 20.25
    endloop
  endfacet
  facet normal -0.9700312531945452 -0.242980179903259 0
    outer loop
      vertex 446.9635754908629 1.3851412863145105 25.25
      vertex 446.7942763836987 2.0610212085066824 25.25
      vertex 446.7942763836987 2.0610212085066824 20.25
    endloop
  endfacet
  facet normal -0.9039892931234408 -0.4275550934302873 0
    outer loop
      vertex 446.55954468083013 2.717052369792137 25.25
      vertex 446.2616409768733 3.346916831464583 25.25
      vertex 446.2616409768733 3.346916831464583 20.25
    endloop
  endfacet
  facet normal -0.9415440651830222 -0.33688985339221594 0
    outer loop
      vertex 446.7942763836987 2.0610212085066824 25.25
      vertex 446.55954468083013 2.717052369792137 25.25
      vertex 446.55954468083013 2.717052369792137 20.25
    endloop
  endfacet
  facet normal -0.6715589548470419 -0.7409511253549379 0
    outer loop
      vertex 444.5041923175619 5.488374218875433 25.25
      vertex 444.5041923175619 5.488374218875433 20.25
      vertex 445.02045814642446 5.020458146424487 25.25
    endloop
  endfacet
  facet normal -0.5141027441932049 -0.8577286100002821 0
    outer loop
      vertex 443.34691683146457 6.261640976873321 25.25
      vertex 443.34691683146457 6.261640976873321 20.25
      vertex 443.9445486544392 5.903434247348071 25.25
    endloop
  endfacet
  facet normal -0.5956993044924381 -0.8032075314806414 0
    outer loop
      vertex 443.9445486544392 5.903434247348071 25.25
      vertex 443.9445486544392 5.903434247348071 20.25
      vertex 444.5041923175619 5.488374218875433 25.25
    endloop
  endfacet
  facet normal -0.8577286100002717 -0.5141027441932223 0
    outer loop
      vertex 446.2616409768733 3.346916831464583 25.25
      vertex 445.90343424734806 3.9445486544391755 25.25
      vertex 445.90343424734806 3.9445486544391755 20.25
    endloop
  endfacet
  facet normal -0.803207531480655 -0.5956993044924198 0
    outer loop
      vertex 445.90343424734806 3.9445486544391755 25.25
      vertex 445.48837421887544 4.504192317561882 25.25
      vertex 445.48837421887544 4.504192317561882 20.25
    endloop
  endfacet
  facet normal -0.7409511253549376 -0.6715589548470421 0
    outer loop
      vertex 445.48837421887544 4.504192317561882 25.25
      vertex 445.02045814642446 5.020458146424487 25.25
      vertex 445.02045814642446 5.020458146424487 20.25
    endloop
  endfacet
  facet normal 0.04906767432741624 -0.9987954562051725 0
    outer loop
      vertex 440 7.1 25.25
      vertex 439.3040783036601 7.065811559372598 20.25
      vertex 440 7.1 20.25
    endloop
  endfacet
  facet normal -0.04906767432741624 -0.9987954562051725 0
    outer loop
      vertex 440.6959216963399 7.065811559372598 25.25
      vertex 440 7.1 20.25
      vertex 440.6959216963399 7.065811559372598 20.25
    endloop
  endfacet
  facet normal -0.14673047445536047 -0.9891765099647811 0
    outer loop
      vertex 441.38514128631454 6.963575490862936 25.25
      vertex 440.6959216963399 7.065811559372598 20.25
      vertex 441.38514128631454 6.963575490862936 20.25
    endloop
  endfacet
  facet normal -0.24298017990326568 -0.9700312531945436 0
    outer loop
      vertex 442.0610212085067 6.794276383698683 25.25
      vertex 441.38514128631454 6.963575490862936 20.25
      vertex 442.0610212085067 6.794276383698683 20.25
    endloop
  endfacet
  facet normal -0.3368898533922205 -0.9415440651830206 0
    outer loop
      vertex 442.71705236979216 6.559544680830135 25.25
      vertex 442.0610212085067 6.794276383698683 20.25
      vertex 442.71705236979216 6.559544680830135 20.25
    endloop
  endfacet
  facet normal -0.4275550934303 -0.9039892931234349 0
    outer loop
      vertex 443.34691683146457 6.261640976873321 25.25
      vertex 442.71705236979216 6.559544680830135 20.25
      vertex 443.34691683146457 6.261640976873321 20.25
    endloop
  endfacet
  facet normal 0 0 -1
    outer loop
      vertex 500.25 20.25 20.25
      vertex 441.38514128631454 6.963575490862936 20.25
      vertex 440.6959216963399 7.065811559372598 20.25
    endloop
  endfacet
  facet normal 0 0 -1
    outer loop
      vertex 500.25 20.25 20.25
      vertex 442.0610212085067 6.794276383698683 20.25
      vertex 441.38514128631454 6.963575490862936 20.25
    endloop
  endfacet
  facet normal -0.04906767432741624 -0.9987954562051725 0
    outer loop
      vertex 440 7.1 25.25
      vertex 440 7.1 20.25
      vertex 440.6959216963399 7.065811559372598 25.25
    endloop
  endfacet
  facet normal -0.14673047445536047 -0.9891765099647811 0
    outer loop
      vertex 440.6959216963399 7.065811559372598 25.25
      vertex 440.6959216963399 7.065811559372598 20.25
      vertex 441.38514128631454 6.963575490862936 25.25
    endloop
  endfacet
  facet normal -0.24298017990326568 -0.9700312531945436 0
    outer loop
      vertex 441.38514128631454 6.963575490862936 25.25
      vertex 441.38514128631454 6.963575490862936 20.25
      vertex 442.0610212085067 6.794276383698683 25.25
    endloop
  endfacet
  facet normal -0.3368898533922205 -0.9415440651830206 0
    outer loop
      vertex 442.0610212085067 6.794276383698683 25.25
      vertex 442.0610212085067 6.794276383698683 20.25
      vertex 442.71705236979216 6.559544680830135 25.25
    endloop
  endfacet
  facet normal -0.4275550934303 -0.9039892931234349 0
    outer loop
      vertex 443.34691683146457 6.261640976873321 25.25
      vertex 442.71705236979216 6.559544680830135 25.25
      vertex 442.71705236979216 6.559544680830135 20.25
    endloop
  endfacet
  facet normal 0 0 1
    outer loop
      vertex 500.25 20.25 25.25
      vertex 440.6959216963399 7.065811559372598 25.25
      vertex 441.38514128631454 6.963575490862936 25.25
    endloop
  endfacet
  facet normal 0 0 1
    outer loop
      vertex 500.25 20.25 25.25
      vertex 441.38514128631454 6.963575490862936 25.25
      vertex 442.0610212085067 6.794276383698683 25.25
    endloop
  endfacet
  facet normal 0 0 1
    outer loop
      vertex 500.25 20.25 25.25
      vertex 440 7.1 25.25
      vertex 440.6959216963399 7.065811559372598 25.25
    endloop
  endfacet
  facet normal 0 -1 0
    outer loop
      vertex 330.25 20.25 20.25
      vertex 500.25 20.25 0.25
      vertex 500.25 20.25 20.25
    endloop
  endfacet
  facet normal 0 1 0
    outer loop
      vertex 364.25 25.25 20.25
      vertex 500.25 25.25 20.25
      vertex 500.25 25.25 0.25
    endloop
  endfacet
  facet normal 0 0 -1
    outer loop
      vertex 330.25 20.25 20.25
      vertex 500.25 20.25 20.25
      vertex 440.6959216963399 7.065811559372598 20.25
    endloop
  endfacet
  facet normal 0 0 1
    outer loop
      vertex 330.25 20.25 25.25
      vertex 440 7.1 25.25
      vertex 500.25 20.25 25.25
    endloop
  endfacet
  facet normal 0 1 0
    outer loop
      vertex 330.25 25.25 25.25
      vertex 500.25 25.25 25.25
      vertex 500.25 25.25 20.25
    endloop
  endfacet
  facet normal 0 0 1
    outer loop
      vertex 330.25 25.25 25.25
      vertex 500.25 20.25 25.25
      vertex 500.25 25.25 25.25
    endloop
  endfacet
  facet normal -1 0 0
    outer loop
      vertex 500.25 -20.25 20.25
      vertex 500.25 20.25 20.25
      vertex 500.25 20.25 0.25
    endloop
  endfacet
  facet normal 1 0 0
    outer loop
      vertex 505.25 -25.25 25.25
      vertex 505.25 25.25 0.25
      vertex 505.25 25.25 25.25
    endloop
  endfacet
  facet normal 0 0 -1
    outer loop
      vertex 500.25 20.25 20.25
      vertex 446.9635754908629 -1.3851412863145105 20.25
      vertex 447.0658115593726 -0.6959216963398802 20.25
    endloop
  endfacet
  facet normal 0 0 1
    outer loop
      vertex 500.25 -20.25 25.25
      vertex 500.25 20.25 25.25
      vertex 446.9635754908629 1.3851412863145105 25.25
    endloop
  endfacet
  facet normal 0 0 -1
    outer loop
      vertex 500.25 20.25 20.25
      vertex 447.0658115593726 -0.6959216963398802 20.25
      vertex 447.1 0 20.25
    endloop
  endfacet
  facet normal 0 0 -1
    outer loop
      vertex 500.25 20.25 20.25
      vertex 447.1 0 20.25
      vertex 447.0658115593726 0.6959216963398802 20.25
    endloop
  endfacet
  facet normal 0 0 -1
    outer loop
      vertex 500.25 20.25 20.25
      vertex 447.0658115593726 0.6959216963398802 20.25
      vertex 446.9635754908629 1.3851412863145105 20.25
    endloop
  endfacet
  facet normal 0 0 -1
    outer loop
      vertex 500.25 20.25 20.25
      vertex 446.2616409768733 3.346916831464583 20.25
      vertex 445.90343424734806 3.9445486544391755 20.25
    endloop
  endfacet
  facet normal 0 0 -1
    outer loop
      vertex 500.25 20.25 20.25
      vertex 446.9635754908629 1.3851412863145105 20.25
      vertex 446.7942763836987 2.0610212085066824 20.25
    endloop
  endfacet
  facet normal 0 0 -1
    outer loop
      vertex 500.25 20.25 20.25
      vertex 446.7942763836987 2.0610212085066824 20.25
      vertex 446.55954468083013 2.717052369792137 20.25
    endloop
  endfacet
  facet normal 0 0 -1
    outer loop
      vertex 500.25 20.25 20.25
      vertex 446.55954468083013 2.717052369792137 20.25
      vertex 446.2616409768733 3.346916831464583 20.25
    endloop
  endfacet
  facet normal 0 0 -1
    outer loop
      vertex 500.25 20.25 20.25
      vertex 445.90343424734806 3.9445486544391755 20.25
      vertex 445.48837421887544 4.504192317561882 20.25
    endloop
  endfacet
  facet normal 0 0 -1
    outer loop
      vertex 500.25 20.25 20.25
      vertex 445.02045814642446 5.020458146424487 20.25
      vertex 444.5041923175619 5.488374218875433 20.25
    endloop
  endfacet
  facet normal 0 0 -1
    outer loop
      vertex 500.25 20.25 20.25
      vertex 445.48837421887544 4.504192317561882 20.25
      vertex 445.02045814642446 5.020458146424487 20.25
    endloop
  endfacet
  facet normal 0 0 -1
    outer loop
      vertex 500.25 20.25 20.25
      vertex 443.34691683146457 6.261640976873321 20.25
      vertex 442.71705236979216 6.559544680830135 20.25
    endloop
  endfacet
  facet normal 0 0 -1
    outer loop
      vertex 500.25 20.25 20.25
      vertex 443.9445486544392 5.903434247348071 20.25
      vertex 443.34691683146457 6.261640976873321 20.25
    endloop
  endfacet
  facet normal 0 0 -1
    outer loop
      vertex 500.25 20.25 20.25
      vertex 444.5041923175619 5.488374218875433 20.25
      vertex 443.9445486544392 5.903434247348071 20.25
    endloop
  endfacet
  facet normal 0 0 -1
    outer loop
      vertex 500.25 20.25 20.25
      vertex 442.71705236979216 6.559544680830135 20.25
      vertex 442.0610212085067 6.794276383698683 20.25
    endloop
  endfacet
  facet normal 0 0 1
    outer loop
      vertex 500.25 20.25 25.25
      vertex 445.90343424734806 3.9445486544391755 25.25
      vertex 446.2616409768733 3.346916831464583 25.25
    endloop
  endfacet
  facet normal 0 0 1
    outer loop
      vertex 500.25 20.25 25.25
      vertex 446.7942763836987 2.0610212085066824 25.25
      vertex 446.9635754908629 1.3851412863145105 25.25
    endloop
  endfacet
  facet normal 0 0 1
    outer loop
      vertex 500.25 20.25 25.25
      vertex 446.55954468083013 2.717052369792137 25.25
      vertex 446.7942763836987 2.0610212085066824 25.25
    endloop
  endfacet
  facet normal 0 0 1
    outer loop
      vertex 500.25 20.25 25.25
      vertex 446.2616409768733 3.346916831464583 25.25
      vertex 446.55954468083013 2.717052369792137 25.25
    endloop
  endfacet
  facet normal 0 0 1
    outer loop
      vertex 500.25 20.25 25.25
      vertex 445.48837421887544 4.504192317561882 25.25
      vertex 445.90343424734806 3.9445486544391755 25.25
    endloop
  endfacet
  facet normal 0 0 1
    outer loop
      vertex 500.25 20.25 25.25
      vertex 444.5041923175619 5.488374218875433 25.25
      vertex 445.02045814642446 5.020458146424487 25.25
    endloop
  endfacet
  facet normal 0 0 1
    outer loop
      vertex 500.25 20.25 25.25
      vertex 445.02045814642446 5.020458146424487 25.25
      vertex 445.48837421887544 4.504192317561882 25.25
    endloop
  endfacet
  facet normal 0 0 1
    outer loop
      vertex 500.25 20.25 25.25
      vertex 442.71705236979216 6.559544680830135 25.25
      vertex 443.34691683146457 6.261640976873321 25.25
    endloop
  endfacet
  facet normal 0 0 1
    outer loop
      vertex 500.25 20.25 25.25
      vertex 443.34691683146457 6.261640976873321 25.25
      vertex 443.9445486544392 5.903434247348071 25.25
    endloop
  endfacet
  facet normal 0 0 1
    outer loop
      vertex 500.25 20.25 25.25
      vertex 443.9445486544392 5.903434247348071 25.25
      vertex 444.5041923175619 5.488374218875433 25.25
    endloop
  endfacet
  facet normal 0 0 1
    outer loop
      vertex 500.25 20.25 25.25
      vertex 442.0610212085067 6.794276383698683 25.25
      vertex 442.71705236979216 6.559544680830135 25.25
    endloop
  endfacet
  facet normal 0 0 1
    outer loop
      vertex 505.25 -25.25 25.25
      vertex 500.25 25.25 25.25
      vertex 500.25 20.25 25.25
    endloop
  endfacet
  facet normal 0 0 1
    outer loop
      vertex 505.25 -25.25 25.25
      vertex 505.25 25.25 25.25
      vertex 500.25 25.25 25.25
    endloop
  endfacet
  facet normal 0 1 0
    outer loop
      vertex 505.25 25.25 0.25
      vertex 500.25 25.25 20.25
      vertex 500.25 25.25 25.25
    endloop
  endfacet
  facet normal 0 1 0
    outer loop
      vertex 505.25 25.25 0.25
      vertex 500.25 25.25 25.25
      vertex 505.25 25.25 25.25
    endloop
  endfacet
endsolid OpenSCAD_Model
