solid OpenSCAD_Model
  facet normal -0.7409511253549597 0.6715589548470178 0
    outer loop
      vertex -7.150346693605317 5.86813787851372 7
      vertex -6.540737725975565 6.540737725975565 7
      vertex -7.150346693605317 5.86813787851372 2
    endloop
  endfacet
  facet normal -0.6715589548470178 0.7409511253549597 0
    outer loop
      vertex -5.86813787851372 7.150346693605317 7
      vertex -5.86813787851372 7.150346693605317 2
      vertex -6.540737725975565 6.540737725975565 7
    endloop
  endfacet
  facet normal -0.8032075314806453 0.5956993044924328 0
    outer loop
      vertex -7.150346693605317 5.86813787851372 7
      vertex -7.150346693605317 5.86813787851372 2
      vertex -7.691093913798543 5.13902465543132 2
    endloop
  endfacet
  facet normal -0.5956993044924328 0.8032075314806453 0
    outer loop
      vertex -5.86813787851372 7.150346693605317 7
      vertex -5.13902465543132 7.691093913798543 2
      vertex -5.86813787851372 7.150346693605317 2
    endloop
  endfacet
  facet normal -0.7409511253549597 0.6715589548470178 0
    outer loop
      vertex -6.540737725975565 6.540737725975565 7
      vertex -6.540737725975565 6.540737725975565 2
      vertex -7.150346693605317 5.86813787851372 2
    endloop
  endfacet
  facet normal -0.6715589548470178 0.7409511253549597 0
    outer loop
      vertex -6.540737725975565 6.540737725975565 7
      vertex -5.86813787851372 7.150346693605317 2
      vertex -6.540737725975565 6.540737725975565 2
    endloop
  endfacet
  facet normal -0.9415440651830206 0.33688985339222055 0
    outer loop
      vertex -8.545885675729401 3.5398217493770803 7
      vertex -8.851698105522932 2.6851332646037767 2
      vertex -8.851698105522932 2.6851332646037767 7
    endloop
  endfacet
  facet normal 0 0 1
    outer loop
      vertex -8.545885675729401 3.5398217493770803 7
      vertex -8.851698105522932 2.6851332646037767 7
      vertex -8.545885675729401 -3.5398217493770803 7
    endloop
  endfacet
  facet normal 0 0 1
    outer loop
      vertex -8.851698105522932 2.6851332646037767 7
      vertex -9.072263843729882 1.8045854786491864 7
      vertex -8.851698105522932 -2.6851332646037767 7
    endloop
  endfacet
  facet normal 0 0 1
    outer loop
      vertex -9.072263843729882 1.8045854786491864 7
      vertex -9.205458721717822 0.9066585480484356 7
      vertex -9.072263843729882 -1.8045854786491864 7
    endloop
  endfacet
  facet normal -0.9700312531945439 0.24298017990326468 0
    outer loop
      vertex -8.851698105522932 2.6851332646037767 7
      vertex -9.072263843729882 1.8045854786491864 2
      vertex -9.072263843729882 1.8045854786491864 7
    endloop
  endfacet
  facet normal -0.9891765099647809 0.14673047445536197 0
    outer loop
      vertex -9.072263843729882 1.8045854786491864 7
      vertex -9.205458721717822 0.9066585480484356 2
      vertex -9.205458721717822 0.9066585480484356 7
    endloop
  endfacet
  facet normal -0.9987954562051723 0.049067674327417515 0
    outer loop
      vertex -9.205458721717822 0.9066585480484356 7
      vertex -9.25 0 2
      vertex -9.25 0 7
    endloop
  endfacet
  facet normal -0.8577286100002719 0.514102744193222 0
    outer loop
      vertex -8.157771695222284 4.360419815640478 7
      vertex -7.691093913798543 5.13902465543132 7
      vertex -8.157771695222284 4.360419815640478 2
    endloop
  endfacet
  facet normal -0.8032075314806453 0.5956993044924328 0
    outer loop
      vertex -7.150346693605317 5.86813787851372 7
      vertex -7.691093913798543 5.13902465543132 2
      vertex -7.691093913798543 5.13902465543132 7
    endloop
  endfacet
  facet normal -0.9039892931234436 0.42755509343028153 0
    outer loop
      vertex -8.545885675729401 3.5398217493770803 7
      vertex -8.157771695222284 4.360419815640478 7
      vertex -8.545885675729401 3.5398217493770803 2
    endloop
  endfacet
  facet normal 0 0 1
    outer loop
      vertex -8.157771695222284 4.360419815640478 7
      vertex -7.691093913798543 -5.13902465543132 7
      vertex -7.691093913798543 5.13902465543132 7
    endloop
  endfacet
  facet normal 0 0 1
    outer loop
      vertex -7.150346693605317 5.86813787851372 7
      vertex -7.691093913798543 5.13902465543132 7
      vertex -7.150346693605317 -5.86813787851372 7
    endloop
  endfacet
  facet normal 0 0 1
    outer loop
      vertex -8.545885675729401 3.5398217493770803 7
      vertex -8.157771695222284 -4.360419815640478 7
      vertex -8.157771695222284 4.360419815640478 7
    endloop
  endfacet
  facet normal 0 0 1
    outer loop
      vertex -7.150346693605317 5.86813787851372 7
      vertex -6.540737725975565 -6.540737725975565 7
      vertex -6.540737725975565 6.540737725975565 7
    endloop
  endfacet
  facet normal 0 0 1
    outer loop
      vertex -5.86813787851372 7.150346693605317 7
      vertex -6.540737725975565 6.540737725975565 7
      vertex -5.86813787851372 -7.150346693605317 7
    endloop
  endfacet
  facet normal -0.9415440651830206 0.33688985339222055 0
    outer loop
      vertex -8.545885675729401 3.5398217493770803 7
      vertex -8.545885675729401 3.5398217493770803 2
      vertex -8.851698105522932 2.6851332646037767 2
    endloop
  endfacet
  facet normal -0.9700312531945439 0.24298017990326468 0
    outer loop
      vertex -8.851698105522932 2.6851332646037767 7
      vertex -8.851698105522932 2.6851332646037767 2
      vertex -9.072263843729882 1.8045854786491864 2
    endloop
  endfacet
  facet normal -0.9891765099647809 0.14673047445536197 0
    outer loop
      vertex -9.072263843729882 1.8045854786491864 7
      vertex -9.072263843729882 1.8045854786491864 2
      vertex -9.205458721717822 0.9066585480484356 2
    endloop
  endfacet
  facet normal -0.9987954562051723 0.049067674327417515 0
    outer loop
      vertex -9.205458721717822 0.9066585480484356 7
      vertex -9.205458721717822 0.9066585480484356 2
      vertex -9.25 0 2
    endloop
  endfacet
  facet normal -0.8577286100002719 0.514102744193222 0
    outer loop
      vertex -7.691093913798543 5.13902465543132 7
      vertex -7.691093913798543 5.13902465543132 2
      vertex -8.157771695222284 4.360419815640478 2
    endloop
  endfacet
  facet normal -0.9039892931234436 0.42755509343028153 0
    outer loop
      vertex -8.157771695222284 4.360419815640478 7
      vertex -8.157771695222284 4.360419815640478 2
      vertex -8.545885675729401 3.5398217493770803 2
    endloop
  endfacet
  facet normal -0.33688985339222055 0.9415440651830206 0
    outer loop
      vertex -3.5398217493770803 8.545885675729401 7
      vertex -2.6851332646037767 8.851698105522932 7
      vertex -2.6851332646037767 8.851698105522932 2
    endloop
  endfacet
  facet normal 0 0 1
    outer loop
      vertex -3.5398217493770803 8.545885675729401 7
      vertex -4.360419815640478 8.157771695222284 7
      vertex -3.533745852285817 2.361173490333309 7
    endloop
  endfacet
  facet normal 0 0 1
    outer loop
      vertex -3.5398217493770803 8.545885675729401 7
      vertex -2.361173490333309 3.533745852285817 7
      vertex -2.6851332646037767 8.851698105522932 7
    endloop
  endfacet
  facet normal -0.5956993044924328 0.8032075314806453 0
    outer loop
      vertex -5.86813787851372 7.150346693605317 7
      vertex -5.13902465543132 7.691093913798543 7
      vertex -5.13902465543132 7.691093913798543 2
    endloop
  endfacet
  facet normal -0.514102744193222 0.8577286100002719 0
    outer loop
      vertex -5.13902465543132 7.691093913798543 7
      vertex -4.360419815640478 8.157771695222284 7
      vertex -4.360419815640478 8.157771695222284 2
    endloop
  endfacet
  facet normal -0.42755509343028153 0.9039892931234436 0
    outer loop
      vertex -3.5398217493770803 8.545885675729401 7
      vertex -3.5398217493770803 8.545885675729401 2
      vertex -4.360419815640478 8.157771695222284 7
    endloop
  endfacet
  facet normal -0.24298017990326468 0.9700312531945439 0
    outer loop
      vertex -2.6851332646037767 8.851698105522932 7
      vertex -1.8045854786491864 9.072263843729882 7
      vertex -1.8045854786491864 9.072263843729882 2
    endloop
  endfacet
  facet normal -0.14673047445536197 0.9891765099647809 0
    outer loop
      vertex -1.8045854786491864 9.072263843729882 7
      vertex -0.9066585480484356 9.205458721717822 7
      vertex -0.9066585480484356 9.205458721717822 2
    endloop
  endfacet
  facet normal -0.049067674327417515 0.9987954562051723 0
    outer loop
      vertex -0.9066585480484356 9.205458721717822 7
      vertex 0 9.25 7
      vertex 0 9.25 2
    endloop
  endfacet
  facet normal 0 0 1
    outer loop
      vertex -2.6851332646037767 8.851698105522932 7
      vertex -1.6264045875516315 3.9264880131729685 7
      vertex -1.8045854786491864 9.072263843729882 7
    endloop
  endfacet
  facet normal 0 0 1
    outer loop
      vertex -1.8045854786491864 9.072263843729882 7
      vertex -1.6264045875516315 3.9264880131729685 7
      vertex -1.2337098783314648 4.066996426861888 7
    endloop
  endfacet
  facet normal 0 0 1
    outer loop
      vertex -1.8045854786491864 9.072263843729882 7
      vertex -0.8291338685685451 4.16833744171373 7
      vertex -0.9066585480484356 9.205458721717822 7
    endloop
  endfacet
  facet normal 0 0 1
    outer loop
      vertex -0.9066585480484356 9.205458721717822 7
      vertex -0.4165728464006326 4.229535088356837 7
      vertex 0 9.25 7
    endloop
  endfacet
  facet normal 0 0 1
    outer loop
      vertex -1.8045854786491864 9.072263843729882 7
      vertex -1.2337098783314648 4.066996426861888 7
      vertex -0.8291338685685451 4.16833744171373 7
    endloop
  endfacet
  facet normal 0 0 1
    outer loop
      vertex -0.9066585480484356 9.205458721717822 7
      vertex -0.8291338685685451 4.16833744171373 7
      vertex -0.4165728464006326 4.229535088356837 7
    endloop
  endfacet
  facet normal 0 0 1
    outer loop
      vertex 0 9.25 7
      vertex -0.4165728464006326 4.229535088356837 7
      vertex 0 4.25 7
    endloop
  endfacet
  facet normal -0.33688985339222055 0.9415440651830206 0
    outer loop
      vertex -3.5398217493770803 8.545885675729401 7
      vertex -2.6851332646037767 8.851698105522932 2
      vertex -3.5398217493770803 8.545885675729401 2
    endloop
  endfacet
  facet normal -0.514102744193222 0.8577286100002719 0
    outer loop
      vertex -5.13902465543132 7.691093913798543 7
      vertex -4.360419815640478 8.157771695222284 2
      vertex -5.13902465543132 7.691093913798543 2
    endloop
  endfacet
  facet normal -0.42755509343028153 0.9039892931234436 0
    outer loop
      vertex -4.360419815640478 8.157771695222284 7
      vertex -3.5398217493770803 8.545885675729401 2
      vertex -4.360419815640478 8.157771695222284 2
    endloop
  endfacet
  facet normal -0.24298017990326468 0.9700312531945439 0
    outer loop
      vertex -2.6851332646037767 8.851698105522932 7
      vertex -1.8045854786491864 9.072263843729882 2
      vertex -2.6851332646037767 8.851698105522932 2
    endloop
  endfacet
  facet normal -0.14673047445536197 0.9891765099647809 0
    outer loop
      vertex -1.8045854786491864 9.072263843729882 7
      vertex -0.9066585480484356 9.205458721717822 2
      vertex -1.8045854786491864 9.072263843729882 2
    endloop
  endfacet
  facet normal -0.049067674327417515 0.9987954562051723 0
    outer loop
      vertex -0.9066585480484356 9.205458721717822 7
      vertex 0 9.25 2
      vertex -0.9066585480484356 9.205458721717822 2
    endloop
  endfacet
  facet normal 0 0 1
    outer loop
      vertex -4.360419815640478 8.157771695222284 7
      vertex -4.229535088356837 0.4165728464006326 7
      vertex -4.16833744171373 0.8291338685685451 7
    endloop
  endfacet
  facet normal 0 0 1
    outer loop
      vertex -4.360419815640478 8.157771695222284 7
      vertex -4.25 0 7
      vertex -4.229535088356837 0.4165728464006326 7
    endloop
  endfacet
  facet normal 0 0 1
    outer loop
      vertex -3.5398217493770803 8.545885675729401 7
      vertex -3.0052038200428273 3.0052038200428273 7
      vertex -2.696171457695493 3.285294426791632 7
    endloop
  endfacet
  facet normal 0 0 1
    outer loop
      vertex -3.5398217493770803 8.545885675729401 7
      vertex -2.696171457695493 3.285294426791632 7
      vertex -2.361173490333309 3.533745852285817 7
    endloop
  endfacet
  facet normal 0 0 1
    outer loop
      vertex -3.5398217493770803 8.545885675729401 7
      vertex -3.285294426791632 2.696171457695493 7
      vertex -3.0052038200428273 3.0052038200428273 7
    endloop
  endfacet
  facet normal 0 0 1
    outer loop
      vertex -3.5398217493770803 8.545885675729401 7
      vertex -3.533745852285817 2.361173490333309 7
      vertex -3.285294426791632 2.696171457695493 7
    endloop
  endfacet
  facet normal 0 0 1
    outer loop
      vertex -4.360419815640478 8.157771695222284 7
      vertex -3.748165373480509 2.00343613151049 7
      vertex -3.533745852285817 2.361173490333309 7
    endloop
  endfacet
  facet normal 0 0 1
    outer loop
      vertex -4.360419815640478 8.157771695222284 7
      vertex -3.9264880131729685 1.6264045875516315 7
      vertex -3.748165373480509 2.00343613151049 7
    endloop
  endfacet
  facet normal 0 0 1
    outer loop
      vertex -4.360419815640478 8.157771695222284 7
      vertex -4.066996426861888 1.2337098783314648 7
      vertex -3.9264880131729685 1.6264045875516315 7
    endloop
  endfacet
  facet normal 0 0 1
    outer loop
      vertex -4.360419815640478 8.157771695222284 7
      vertex -4.16833744171373 0.8291338685685451 7
      vertex -4.066996426861888 1.2337098783314648 7
    endloop
  endfacet
  facet normal 0 0 1
    outer loop
      vertex -5.86813787851372 7.150346693605317 7
      vertex -5.13902465543132 -7.691093913798543 7
      vertex -5.13902465543132 7.691093913798543 7
    endloop
  endfacet
  facet normal 0 0 1
    outer loop
      vertex -5.13902465543132 7.691093913798543 7
      vertex -4.360419815640478 -8.157771695222284 7
      vertex -4.360419815640478 8.157771695222284 7
    endloop
  endfacet
  facet normal 0 0 1
    outer loop
      vertex -2.6851332646037767 8.851698105522932 7
      vertex -2.361173490333309 3.533745852285817 7
      vertex -2.00343613151049 3.748165373480509 7
    endloop
  endfacet
  facet normal 0 0 1
    outer loop
      vertex -2.6851332646037767 8.851698105522932 7
      vertex -2.00343613151049 3.748165373480509 7
      vertex -1.6264045875516315 3.9264880131729685 7
    endloop
  endfacet
  facet normal 0.6715589548470177 -0.7409511253549599 0
    outer loop
      vertex -3.0052038200428273 3.0052038200428273 7
      vertex -3.0052038200428273 3.0052038200428273 0
      vertex -2.696171457695493 3.285294426791632 7
    endloop
  endfacet
  facet normal 0.9987954562051723 -0.04906767432741798 0
    outer loop
      vertex -4.25 0 0
      vertex -4.229535088356837 0.4165728464006326 7
      vertex -4.25 0 7
    endloop
  endfacet
  facet normal 0.8577286100002717 -0.5141027441932222 0
    outer loop
      vertex -3.533745852285817 2.361173490333309 7
      vertex -3.748165373480509 2.00343613151049 7
      vertex -3.748165373480509 2.00343613151049 0
    endloop
  endfacet
  facet normal 0.9039892931234436 -0.4275550934302817 0
    outer loop
      vertex -3.748165373480509 2.00343613151049 7
      vertex -3.9264880131729685 1.6264045875516315 7
      vertex -3.9264880131729685 1.6264045875516315 0
    endloop
  endfacet
  facet normal 0.8032075314806453 -0.5956993044924327 0
    outer loop
      vertex -3.285294426791632 2.696171457695493 7
      vertex -3.533745852285817 2.361173490333309 7
      vertex -3.533745852285817 2.361173490333309 0
    endloop
  endfacet
  facet normal 0.7409511253549599 -0.6715589548470177 0
    outer loop
      vertex -3.0052038200428273 3.0052038200428273 7
      vertex -3.285294426791632 2.696171457695493 7
      vertex -3.285294426791632 2.696171457695493 0
    endloop
  endfacet
  facet normal 0.9415440651830207 -0.3368898533922204 0
    outer loop
      vertex -3.9264880131729685 1.6264045875516315 7
      vertex -4.066996426861888 1.2337098783314648 7
      vertex -4.066996426861888 1.2337098783314648 0
    endloop
  endfacet
  facet normal 0.9700312531945438 -0.24298017990326484 0
    outer loop
      vertex -4.16833744171373 0.8291338685685451 0
      vertex -4.066996426861888 1.2337098783314648 7
      vertex -4.16833744171373 0.8291338685685451 7
    endloop
  endfacet
  facet normal 0.9891765099647811 -0.14673047445536097 0
    outer loop
      vertex -4.229535088356837 0.4165728464006326 0
      vertex -4.16833744171373 0.8291338685685451 7
      vertex -4.229535088356837 0.4165728464006326 7
    endloop
  endfacet
  facet normal 0.5141027441932222 -0.8577286100002717 0
    outer loop
      vertex -2.361173490333309 3.533745852285817 7
      vertex -2.361173490333309 3.533745852285817 0
      vertex -2.00343613151049 3.748165373480509 7
    endloop
  endfacet
  facet normal 0.5956993044924327 -0.8032075314806453 0
    outer loop
      vertex -2.361173490333309 3.533745852285817 7
      vertex -2.696171457695493 3.285294426791632 7
      vertex -2.696171457695493 3.285294426791632 0
    endloop
  endfacet
  facet normal 0.4275550934302817 -0.9039892931234436 0
    outer loop
      vertex -2.00343613151049 3.748165373480509 7
      vertex -2.00343613151049 3.748165373480509 0
      vertex -1.6264045875516315 3.9264880131729685 7
    endloop
  endfacet
  facet normal 0.3368898533922204 -0.9415440651830207 0
    outer loop
      vertex -1.6264045875516315 3.9264880131729685 0
      vertex -1.2337098783314648 4.066996426861888 7
      vertex -1.6264045875516315 3.9264880131729685 7
    endloop
  endfacet
  facet normal 0.04906767432741798 -0.9987954562051723 0
    outer loop
      vertex -0.4165728464006326 4.229535088356837 7
      vertex -0.4165728464006326 4.229535088356837 0
      vertex 0 4.25 7
    endloop
  endfacet
  facet normal 0.24298017990326484 -0.9700312531945438 0
    outer loop
      vertex -1.2337098783314648 4.066996426861888 7
      vertex -1.2337098783314648 4.066996426861888 0
      vertex -0.8291338685685451 4.16833744171373 7
    endloop
  endfacet
  facet normal 0.14673047445536097 -0.9891765099647811 0
    outer loop
      vertex -0.8291338685685451 4.16833744171373 0
      vertex -0.4165728464006326 4.229535088356837 7
      vertex -0.8291338685685451 4.16833744171373 7
    endloop
  endfacet
  facet normal 0 0 1
    outer loop
      vertex -6.250165121470524 9.354033138403635 2
      vertex -5.86813787851372 7.150346693605317 2
      vertex -5.303213289292473 9.921614223918994 2
    endloop
  endfacet
  facet normal 0 0 1
    outer loop
      vertex -7.136924446841012 8.696367600330792 2
      vertex -7.95495128834866 7.95495128834866 2
      vertex -7.150346693605317 5.86813787851372 2
    endloop
  endfacet
  facet normal 0 0 1
    outer loop
      vertex -8.696367600330792 7.136924446841012 2
      vertex -8.157771695222284 4.360419815640478 2
      vertex -7.95495128834866 7.95495128834866 2
    endloop
  endfacet
  facet normal 0 0 1
    outer loop
      vertex -7.95495128834866 7.95495128834866 2
      vertex -8.157771695222284 4.360419815640478 2
      vertex -7.691093913798543 5.13902465543132 2
    endloop
  endfacet
  facet normal 0 0 1
    outer loop
      vertex -7.95495128834866 7.95495128834866 2
      vertex -7.691093913798543 5.13902465543132 2
      vertex -7.150346693605317 5.86813787851372 2
    endloop
  endfacet
  facet normal 0 0 1
    outer loop
      vertex -7.136924446841012 8.696367600330792 2
      vertex -6.540737725975565 6.540737725975565 2
      vertex -6.250165121470524 9.354033138403635 2
    endloop
  endfacet
  facet normal 0 0 1
    outer loop
      vertex -7.136924446841012 8.696367600330792 2
      vertex -7.150346693605317 5.86813787851372 2
      vertex -6.540737725975565 6.540737725975565 2
    endloop
  endfacet
  facet normal 0 0 1
    outer loop
      vertex -6.250165121470524 9.354033138403635 2
      vertex -6.540737725975565 6.540737725975565 2
      vertex -5.86813787851372 7.150346693605317 2
    endloop
  endfacet
  facet normal -0.740951125354959 0.6715589548470186 0
    outer loop
      vertex -8.696367600330792 7.136924446841012 2
      vertex -7.95495128834866 7.95495128834866 2
      vertex -8.696367600330792 7.136924446841012 0
    endloop
  endfacet
  facet normal -0.8032075314806452 0.5956993044924329 0
    outer loop
      vertex -8.696367600330792 7.136924446841012 2
      vertex -9.354033138403635 6.250165121470524 0
      vertex -9.354033138403635 6.250165121470524 2
    endloop
  endfacet
  facet normal -0.8577286100002726 0.514102744193221 0
    outer loop
      vertex -9.354033138403635 6.250165121470524 2
      vertex -9.354033138403635 6.250165121470524 0
      vertex -9.921614223918994 5.303213289292473 0
    endloop
  endfacet
  facet normal -0.8032075314806452 0.5956993044924329 0
    outer loop
      vertex -8.696367600330792 7.136924446841012 2
      vertex -8.696367600330792 7.136924446841012 0
      vertex -9.354033138403635 6.250165121470524 0
    endloop
  endfacet
  facet normal -0.6715589548470186 0.740951125354959 0
    outer loop
      vertex -7.136924446841012 8.696367600330792 2
      vertex -7.136924446841012 8.696367600330792 0
      vertex -7.95495128834866 7.95495128834866 2
    endloop
  endfacet
  facet normal -0.5956993044924329 0.8032075314806452 0
    outer loop
      vertex -7.136924446841012 8.696367600330792 2
      vertex -6.250165121470524 9.354033138403635 2
      vertex -6.250165121470524 9.354033138403635 0
    endloop
  endfacet
  facet normal -0.5956993044924329 0.8032075314806452 0
    outer loop
      vertex -7.136924446841012 8.696367600330792 2
      vertex -6.250165121470524 9.354033138403635 0
      vertex -7.136924446841012 8.696367600330792 0
    endloop
  endfacet
  facet normal -0.514102744193221 0.8577286100002726 0
    outer loop
      vertex -6.250165121470524 9.354033138403635 2
      vertex -5.303213289292473 9.921614223918994 0
      vertex -6.250165121470524 9.354033138403635 0
    endloop
  endfacet
  facet normal -0.740951125354959 0.6715589548470186 0
    outer loop
      vertex -7.95495128834866 7.95495128834866 2
      vertex -7.95495128834866 7.95495128834866 0
      vertex -8.696367600330792 7.136924446841012 0
    endloop
  endfacet
  facet normal -0.6715589548470186 0.740951125354959 0
    outer loop
      vertex -7.95495128834866 7.95495128834866 2
      vertex -7.136924446841012 8.696367600330792 0
      vertex -7.95495128834866 7.95495128834866 0
    endloop
  endfacet
  facet normal 0 0 1
    outer loop
      vertex -8.696367600330792 7.136924446841012 2
      vertex -9.354033138403635 6.250165121470524 2
      vertex -8.851698105522932 2.6851332646037767 2
    endloop
  endfacet
  facet normal 0 0 1
    outer loop
      vertex -8.696367600330792 7.136924446841012 2
      vertex -8.545885675729401 3.5398217493770803 2
      vertex -8.157771695222284 4.360419815640478 2
    endloop
  endfacet
  facet normal 0 0 1
    outer loop
      vertex -8.696367600330792 7.136924446841012 2
      vertex -8.851698105522932 2.6851332646037767 2
      vertex -8.545885675729401 3.5398217493770803 2
    endloop
  endfacet
  facet normal 0 0 1
    outer loop
      vertex -9.354033138403635 6.250165121470524 2
      vertex -9.205458721717822 0.9066585480484356 2
      vertex -9.072263843729882 1.8045854786491864 2
    endloop
  endfacet
  facet normal 0 0 1
    outer loop
      vertex -9.354033138403635 6.250165121470524 2
      vertex -9.072263843729882 1.8045854786491864 2
      vertex -8.851698105522932 2.6851332646037767 2
    endloop
  endfacet
  facet normal 0 0 1
    outer loop
      vertex -9.921614223918994 5.303213289292473 2
      vertex -10.393644740751975 4.30518861410726 2
      vertex -9.921614223918994 -5.303213289292473 2
    endloop
  endfacet
  facet normal 0 0 1
    outer loop
      vertex -10.765578776987349 3.265702619112701 2
      vertex -11.033834404536343 2.1947661226814428 2
      vertex -10.765578776987349 -3.265702619112701 2
    endloop
  endfacet
  facet normal 0 0 1
    outer loop
      vertex -11.033834404536343 2.1947661226814428 2
      vertex -11.195828175062216 1.1026928287075568 2
      vertex -11.033834404536343 -2.1947661226814428 2
    endloop
  endfacet
  facet normal 0 0 1
    outer loop
      vertex -10.393644740751975 4.30518861410726 2
      vertex -10.765578776987349 3.265702619112701 2
      vertex -10.393644740751975 -4.30518861410726 2
    endloop
  endfacet
  facet normal 0 0 1
    outer loop
      vertex -9.354033138403635 6.250165121470524 2
      vertex -9.25 0 2
      vertex -9.205458721717822 0.9066585480484356 2
    endloop
  endfacet
  facet normal 0 0 1
    outer loop
      vertex -9.354033138403635 6.250165121470524 2
      vertex -9.921614223918994 5.303213289292473 2
      vertex -9.354033138403635 -6.250165121470524 2
    endloop
  endfacet
  facet normal -0.9039892931234432 0.4275550934302824 0
    outer loop
      vertex -9.921614223918994 5.303213289292473 2
      vertex -10.393644740751975 4.30518861410726 0
      vertex -10.393644740751975 4.30518861410726 2
    endloop
  endfacet
  facet normal -0.941544065183021 0.3368898533922195 0
    outer loop
      vertex -10.393644740751975 4.30518861410726 2
      vertex -10.765578776987349 3.265702619112701 0
      vertex -10.765578776987349 3.265702619112701 2
    endloop
  endfacet
  facet normal -0.8577286100002726 0.514102744193221 0
    outer loop
      vertex -9.354033138403635 6.250165121470524 2
      vertex -9.921614223918994 5.303213289292473 0
      vertex -9.921614223918994 5.303213289292473 2
    endloop
  endfacet
  facet normal -0.9039892931234432 0.4275550934302824 0
    outer loop
      vertex -9.921614223918994 5.303213289292473 2
      vertex -9.921614223918994 5.303213289292473 0
      vertex -10.393644740751975 4.30518861410726 0
    endloop
  endfacet
  facet normal -0.9700312531945439 0.24298017990326498 0
    outer loop
      vertex -10.765578776987349 3.265702619112701 2
      vertex -10.765578776987349 3.265702619112701 0
      vertex -11.033834404536343 2.1947661226814428 0
    endloop
  endfacet
  facet normal -0.941544065183021 0.3368898533922195 0
    outer loop
      vertex -10.393644740751975 4.30518861410726 2
      vertex -10.393644740751975 4.30518861410726 0
      vertex -10.765578776987349 3.265702619112701 0
    endloop
  endfacet
  facet normal -0.9700312531945439 0.24298017990326498 0
    outer loop
      vertex -10.765578776987349 3.265702619112701 2
      vertex -11.033834404536343 2.1947661226814428 0
      vertex -11.033834404536343 2.1947661226814428 2
    endloop
  endfacet
  facet normal -0.9891765099647809 0.14673047445536244 0
    outer loop
      vertex -11.033834404536343 2.1947661226814428 2
      vertex -11.195828175062216 1.1026928287075568 0
      vertex -11.195828175062216 1.1026928287075568 2
    endloop
  endfacet
  facet normal -0.9987954562051724 0.04906767432741713 0
    outer loop
      vertex -11.195828175062216 1.1026928287075568 2
      vertex -11.25 0 0
      vertex -11.25 0 2
    endloop
  endfacet
  facet normal -0.9891765099647809 0.14673047445536244 0
    outer loop
      vertex -11.033834404536343 2.1947661226814428 2
      vertex -11.033834404536343 2.1947661226814428 0
      vertex -11.195828175062216 1.1026928287075568 0
    endloop
  endfacet
  facet normal 0 0 -1
    outer loop
      vertex -10.393644740751975 4.30518861410726 0
      vertex -10.765578776987349 -3.265702619112701 0
      vertex -10.765578776987349 3.265702619112701 0
    endloop
  endfacet
  facet normal 0 0 -1
    outer loop
      vertex -9.921614223918994 5.303213289292473 0
      vertex -10.393644740751975 -4.30518861410726 0
      vertex -10.393644740751975 4.30518861410726 0
    endloop
  endfacet
  facet normal -0.9987954562051724 0.04906767432741713 0
    outer loop
      vertex -11.195828175062216 1.1026928287075568 2
      vertex -11.195828175062216 1.1026928287075568 0
      vertex -11.25 0 0
    endloop
  endfacet
  facet normal 0 0 -1
    outer loop
      vertex -10.765578776987349 3.265702619112701 0
      vertex -11.033834404536343 -2.1947661226814428 0
      vertex -11.033834404536343 2.1947661226814428 0
    endloop
  endfacet
  facet normal 0 0 -1
    outer loop
      vertex -11.033834404536343 2.1947661226814428 0
      vertex -11.195828175062216 -1.1026928287075568 0
      vertex -11.195828175062216 1.1026928287075568 0
    endloop
  endfacet
  facet normal 0 0 -1
    outer loop
      vertex -9.354033138403635 6.250165121470524 0
      vertex -9.921614223918994 -5.303213289292473 0
      vertex -9.921614223918994 5.303213289292473 0
    endloop
  endfacet
  facet normal 0 0 -1
    outer loop
      vertex -8.696367600330792 7.136924446841012 0
      vertex -9.354033138403635 -6.250165121470524 0
      vertex -9.354033138403635 6.250165121470524 0
    endloop
  endfacet
  facet normal 0 0 -1
    outer loop
      vertex -8.696367600330792 7.136924446841012 0
      vertex -7.95495128834866 7.95495128834866 0
      vertex -8.696367600330792 -7.136924446841012 0
    endloop
  endfacet
  facet normal 0 0 -1
    outer loop
      vertex -7.136924446841012 8.696367600330792 0
      vertex -7.95495128834866 -7.95495128834866 0
      vertex -7.95495128834866 7.95495128834866 0
    endloop
  endfacet
  facet normal 0 0 -1
    outer loop
      vertex -7.136924446841012 8.696367600330792 0
      vertex -6.250165121470524 9.354033138403635 0
      vertex -7.136924446841012 -8.696367600330792 0
    endloop
  endfacet
  facet normal 0 0 -1
    outer loop
      vertex -6.250165121470524 9.354033138403635 0
      vertex -5.303213289292473 9.921614223918994 0
      vertex -6.250165121470524 -9.354033138403635 0
    endloop
  endfacet
  facet normal 0 0 1
    outer loop
      vertex -5.303213289292473 9.921614223918994 2
      vertex -5.13902465543132 7.691093913798543 2
      vertex -4.360419815640478 8.157771695222284 2
    endloop
  endfacet
  facet normal 0 0 1
    outer loop
      vertex -5.303213289292473 9.921614223918994 2
      vertex -4.360419815640478 8.157771695222284 2
      vertex -4.30518861410726 10.393644740751975 2
    endloop
  endfacet
  facet normal 0 0 1
    outer loop
      vertex -4.30518861410726 10.393644740751975 2
      vertex -3.5398217493770803 8.545885675729401 2
      vertex -3.265702619112701 10.765578776987349 2
    endloop
  endfacet
  facet normal 0 0 1
    outer loop
      vertex -4.30518861410726 10.393644740751975 2
      vertex -4.360419815640478 8.157771695222284 2
      vertex -3.5398217493770803 8.545885675729401 2
    endloop
  endfacet
  facet normal 0 0 1
    outer loop
      vertex -3.265702619112701 10.765578776987349 2
      vertex -3.5398217493770803 8.545885675729401 2
      vertex -2.6851332646037767 8.851698105522932 2
    endloop
  endfacet
  facet normal 0 0 1
    outer loop
      vertex -5.86813787851372 7.150346693605317 2
      vertex -5.13902465543132 7.691093913798543 2
      vertex -5.303213289292473 9.921614223918994 2
    endloop
  endfacet
  facet normal 0 0 1
    outer loop
      vertex -3.265702619112701 10.765578776987349 2
      vertex -2.6851332646037767 8.851698105522932 2
      vertex -2.1947661226814428 11.033834404536343 2
    endloop
  endfacet
  facet normal 0 0 1
    outer loop
      vertex -2.1947661226814428 11.033834404536343 2
      vertex -1.8045854786491864 9.072263843729882 2
      vertex -1.1026928287075568 11.195828175062216 2
    endloop
  endfacet
  facet normal 0 0 1
    outer loop
      vertex -2.1947661226814428 11.033834404536343 2
      vertex -2.6851332646037767 8.851698105522932 2
      vertex -1.8045854786491864 9.072263843729882 2
    endloop
  endfacet
  facet normal 0 0 1
    outer loop
      vertex -1.1026928287075568 11.195828175062216 2
      vertex -0.9066585480484356 9.205458721717822 2
      vertex 0 11.25 2
    endloop
  endfacet
  facet normal 0 0 1
    outer loop
      vertex -0.9066585480484356 9.205458721717822 2
      vertex 0 9.25 2
      vertex 0 11.25 2
    endloop
  endfacet
  facet normal 0 0 1
    outer loop
      vertex -1.8045854786491864 9.072263843729882 2
      vertex -0.9066585480484356 9.205458721717822 2
      vertex -1.1026928287075568 11.195828175062216 2
    endloop
  endfacet
  facet normal -0.4275550934302824 0.9039892931234432 0
    outer loop
      vertex -5.303213289292473 9.921614223918994 2
      vertex -4.30518861410726 10.393644740751975 2
      vertex -4.30518861410726 10.393644740751975 0
    endloop
  endfacet
  facet normal -0.514102744193221 0.8577286100002726 0
    outer loop
      vertex -6.250165121470524 9.354033138403635 2
      vertex -5.303213289292473 9.921614223918994 2
      vertex -5.303213289292473 9.921614223918994 0
    endloop
  endfacet
  facet normal -0.3368898533922195 0.941544065183021 0
    outer loop
      vertex -4.30518861410726 10.393644740751975 2
      vertex -3.265702619112701 10.765578776987349 2
      vertex -3.265702619112701 10.765578776987349 0
    endloop
  endfacet
  facet normal -0.4275550934302824 0.9039892931234432 0
    outer loop
      vertex -5.303213289292473 9.921614223918994 2
      vertex -4.30518861410726 10.393644740751975 0
      vertex -5.303213289292473 9.921614223918994 0
    endloop
  endfacet
  facet normal -0.3368898533922195 0.941544065183021 0
    outer loop
      vertex -4.30518861410726 10.393644740751975 2
      vertex -3.265702619112701 10.765578776987349 0
      vertex -4.30518861410726 10.393644740751975 0
    endloop
  endfacet
  facet normal -0.24298017990326498 0.9700312531945439 0
    outer loop
      vertex -3.265702619112701 10.765578776987349 2
      vertex -2.1947661226814428 11.033834404536343 0
      vertex -3.265702619112701 10.765578776987349 0
    endloop
  endfacet
  facet normal 0 0 -1
    outer loop
      vertex -4.30518861410726 10.393644740751975 0
      vertex -3.265702619112701 10.765578776987349 0
      vertex -3.748165373480509 2.00343613151049 0
    endloop
  endfacet
  facet normal 0 0 -1
    outer loop
      vertex -3.265702619112701 10.765578776987349 0
      vertex -2.696171457695493 3.285294426791632 0
      vertex -3.0052038200428273 3.0052038200428273 0
    endloop
  endfacet
  facet normal -0.24298017990326498 0.9700312531945439 0
    outer loop
      vertex -3.265702619112701 10.765578776987349 2
      vertex -2.1947661226814428 11.033834404536343 2
      vertex -2.1947661226814428 11.033834404536343 0
    endloop
  endfacet
  facet normal -0.14673047445536244 0.9891765099647809 0
    outer loop
      vertex -2.1947661226814428 11.033834404536343 2
      vertex -1.1026928287075568 11.195828175062216 2
      vertex -1.1026928287075568 11.195828175062216 0
    endloop
  endfacet
  facet normal -0.04906767432741713 0.9987954562051724 0
    outer loop
      vertex -1.1026928287075568 11.195828175062216 2
      vertex 0 11.25 2
      vertex 0 11.25 0
    endloop
  endfacet
  facet normal -0.14673047445536244 0.9891765099647809 0
    outer loop
      vertex -2.1947661226814428 11.033834404536343 2
      vertex -1.1026928287075568 11.195828175062216 0
      vertex -2.1947661226814428 11.033834404536343 0
    endloop
  endfacet
  facet normal 0 0 -1
    outer loop
      vertex -2.1947661226814428 11.033834404536343 0
      vertex -1.1026928287075568 11.195828175062216 0
      vertex -1.6264045875516315 3.9264880131729685 0
    endloop
  endfacet
  facet normal -0.04906767432741713 0.9987954562051724 0
    outer loop
      vertex -1.1026928287075568 11.195828175062216 2
      vertex 0 11.25 0
      vertex -1.1026928287075568 11.195828175062216 0
    endloop
  endfacet
  facet normal 0 0 -1
    outer loop
      vertex -1.1026928287075568 11.195828175062216 0
      vertex 0 11.25 0
      vertex -0.4165728464006326 4.229535088356837 0
    endloop
  endfacet
  facet normal 0 0 -1
    outer loop
      vertex -3.265702619112701 10.765578776987349 0
      vertex -2.1947661226814428 11.033834404536343 0
      vertex -2.696171457695493 3.285294426791632 0
    endloop
  endfacet
  facet normal 0 0 -1
    outer loop
      vertex -2.1947661226814428 11.033834404536343 0
      vertex -2.00343613151049 3.748165373480509 0
      vertex -2.361173490333309 3.533745852285817 0
    endloop
  endfacet
  facet normal 0 0 -1
    outer loop
      vertex -2.1947661226814428 11.033834404536343 0
      vertex -2.361173490333309 3.533745852285817 0
      vertex -2.696171457695493 3.285294426791632 0
    endloop
  endfacet
  facet normal 0 0 -1
    outer loop
      vertex -2.1947661226814428 11.033834404536343 0
      vertex -1.6264045875516315 3.9264880131729685 0
      vertex -2.00343613151049 3.748165373480509 0
    endloop
  endfacet
  facet normal 0 0 -1
    outer loop
      vertex -1.1026928287075568 11.195828175062216 0
      vertex -1.2337098783314648 4.066996426861888 0
      vertex -1.6264045875516315 3.9264880131729685 0
    endloop
  endfacet
  facet normal 0 0 -1
    outer loop
      vertex -1.1026928287075568 11.195828175062216 0
      vertex -0.8291338685685451 4.16833744171373 0
      vertex -1.2337098783314648 4.066996426861888 0
    endloop
  endfacet
  facet normal 0 0 -1
    outer loop
      vertex -1.1026928287075568 11.195828175062216 0
      vertex -0.4165728464006326 4.229535088356837 0
      vertex -0.8291338685685451 4.16833744171373 0
    endloop
  endfacet
  facet normal 0 0 -1
    outer loop
      vertex 0 11.25 0
      vertex 0 4.25 0
      vertex -0.4165728464006326 4.229535088356837 0
    endloop
  endfacet
  facet normal 0.7409511253549599 -0.6715589548470177 0
    outer loop
      vertex -3.0052038200428273 3.0052038200428273 7
      vertex -3.285294426791632 2.696171457695493 0
      vertex -3.0052038200428273 3.0052038200428273 0
    endloop
  endfacet
  facet normal 0.9987954562051723 -0.04906767432741798 0
    outer loop
      vertex -4.25 0 0
      vertex -4.229535088356837 0.4165728464006326 0
      vertex -4.229535088356837 0.4165728464006326 7
    endloop
  endfacet
  facet normal 0.8577286100002717 -0.5141027441932222 0
    outer loop
      vertex -3.748165373480509 2.00343613151049 0
      vertex -3.533745852285817 2.361173490333309 0
      vertex -3.533745852285817 2.361173490333309 7
    endloop
  endfacet
  facet normal 0.9415440651830207 -0.3368898533922204 0
    outer loop
      vertex -3.9264880131729685 1.6264045875516315 7
      vertex -4.066996426861888 1.2337098783314648 0
      vertex -3.9264880131729685 1.6264045875516315 0
    endloop
  endfacet
  facet normal 0.9039892931234436 -0.4275550934302817 0
    outer loop
      vertex -3.748165373480509 2.00343613151049 7
      vertex -3.9264880131729685 1.6264045875516315 0
      vertex -3.748165373480509 2.00343613151049 0
    endloop
  endfacet
  facet normal 0.8032075314806453 -0.5956993044924327 0
    outer loop
      vertex -3.285294426791632 2.696171457695493 7
      vertex -3.533745852285817 2.361173490333309 0
      vertex -3.285294426791632 2.696171457695493 0
    endloop
  endfacet
  facet normal 0.9700312531945438 -0.24298017990326484 0
    outer loop
      vertex -4.16833744171373 0.8291338685685451 0
      vertex -4.066996426861888 1.2337098783314648 0
      vertex -4.066996426861888 1.2337098783314648 7
    endloop
  endfacet
  facet normal 0.9891765099647811 -0.14673047445536097 0
    outer loop
      vertex -4.229535088356837 0.4165728464006326 0
      vertex -4.16833744171373 0.8291338685685451 0
      vertex -4.16833744171373 0.8291338685685451 7
    endloop
  endfacet
  facet normal 0.5141027441932222 -0.8577286100002717 0
    outer loop
      vertex -2.00343613151049 3.748165373480509 7
      vertex -2.361173490333309 3.533745852285817 0
      vertex -2.00343613151049 3.748165373480509 0
    endloop
  endfacet
  facet normal 0.6715589548470177 -0.7409511253549599 0
    outer loop
      vertex -2.696171457695493 3.285294426791632 7
      vertex -3.0052038200428273 3.0052038200428273 0
      vertex -2.696171457695493 3.285294426791632 0
    endloop
  endfacet
  facet normal 0.5956993044924327 -0.8032075314806453 0
    outer loop
      vertex -2.361173490333309 3.533745852285817 7
      vertex -2.696171457695493 3.285294426791632 0
      vertex -2.361173490333309 3.533745852285817 0
    endloop
  endfacet
  facet normal 0.4275550934302817 -0.9039892931234436 0
    outer loop
      vertex -1.6264045875516315 3.9264880131729685 0
      vertex -1.6264045875516315 3.9264880131729685 7
      vertex -2.00343613151049 3.748165373480509 0
    endloop
  endfacet
  facet normal 0.04906767432741798 -0.9987954562051723 0
    outer loop
      vertex 0 4.25 7
      vertex -0.4165728464006326 4.229535088356837 0
      vertex 0 4.25 0
    endloop
  endfacet
  facet normal 0.3368898533922204 -0.9415440651830207 0
    outer loop
      vertex -1.2337098783314648 4.066996426861888 7
      vertex -1.6264045875516315 3.9264880131729685 0
      vertex -1.2337098783314648 4.066996426861888 0
    endloop
  endfacet
  facet normal 0.24298017990326484 -0.9700312531945438 0
    outer loop
      vertex -0.8291338685685451 4.16833744171373 0
      vertex -0.8291338685685451 4.16833744171373 7
      vertex -1.2337098783314648 4.066996426861888 0
    endloop
  endfacet
  facet normal 0.14673047445536097 -0.9891765099647811 0
    outer loop
      vertex -0.4165728464006326 4.229535088356837 7
      vertex -0.8291338685685451 4.16833744171373 0
      vertex -0.4165728464006326 4.229535088356837 0
    endloop
  endfacet
  facet normal 0 0 -1
    outer loop
      vertex -5.303213289292473 9.921614223918994 0
      vertex -4.30518861410726 10.393644740751975 0
      vertex -5.303213289292473 -9.921614223918994 0
    endloop
  endfacet
  facet normal 0 0 -1
    outer loop
      vertex -4.30518861410726 10.393644740751975 0
      vertex -4.16833744171373 0.8291338685685451 0
      vertex -4.229535088356837 0.4165728464006326 0
    endloop
  endfacet
  facet normal 0 0 -1
    outer loop
      vertex -4.30518861410726 10.393644740751975 0
      vertex -4.229535088356837 0.4165728464006326 0
      vertex -4.25 0 0
    endloop
  endfacet
  facet normal 0 0 -1
    outer loop
      vertex -3.265702619112701 10.765578776987349 0
      vertex -3.533745852285817 2.361173490333309 0
      vertex -3.748165373480509 2.00343613151049 0
    endloop
  endfacet
  facet normal 0 0 -1
    outer loop
      vertex -4.30518861410726 10.393644740751975 0
      vertex -3.748165373480509 2.00343613151049 0
      vertex -3.9264880131729685 1.6264045875516315 0
    endloop
  endfacet
  facet normal 0 0 -1
    outer loop
      vertex -4.30518861410726 10.393644740751975 0
      vertex -3.9264880131729685 1.6264045875516315 0
      vertex -4.066996426861888 1.2337098783314648 0
    endloop
  endfacet
  facet normal 0 0 -1
    outer loop
      vertex -3.265702619112701 10.765578776987349 0
      vertex -3.285294426791632 2.696171457695493 0
      vertex -3.533745852285817 2.361173490333309 0
    endloop
  endfacet
  facet normal 0 0 -1
    outer loop
      vertex -3.265702619112701 10.765578776987349 0
      vertex -3.0052038200428273 3.0052038200428273 0
      vertex -3.285294426791632 2.696171457695493 0
    endloop
  endfacet
  facet normal 0 0 -1
    outer loop
      vertex -4.30518861410726 10.393644740751975 0
      vertex -4.066996426861888 1.2337098783314648 0
      vertex -4.16833744171373 0.8291338685685451 0
    endloop
  endfacet
  facet normal 0 0 1
    outer loop
      vertex -9.205458721717822 0.9066585480484356 7
      vertex -9.25 0 7
      vertex -9.205458721717822 -0.9066585480484356 7
    endloop
  endfacet
  facet normal 0 0 1
    outer loop
      vertex -9.205458721717822 0.9066585480484356 7
      vertex -9.205458721717822 -0.9066585480484356 7
      vertex -9.072263843729882 -1.8045854786491864 7
    endloop
  endfacet
  facet normal 0 0 1
    outer loop
      vertex -9.072263843729882 1.8045854786491864 7
      vertex -9.072263843729882 -1.8045854786491864 7
      vertex -8.851698105522932 -2.6851332646037767 7
    endloop
  endfacet
  facet normal 0 0 1
    outer loop
      vertex -8.851698105522932 2.6851332646037767 7
      vertex -8.851698105522932 -2.6851332646037767 7
      vertex -8.545885675729401 -3.5398217493770803 7
    endloop
  endfacet
  facet normal -0.9987954562051723 -0.049067674327417515 0
    outer loop
      vertex -9.25 0 7
      vertex -9.205458721717822 -0.9066585480484356 2
      vertex -9.205458721717822 -0.9066585480484356 7
    endloop
  endfacet
  facet normal -0.9891765099647809 -0.14673047445536197 0
    outer loop
      vertex -9.205458721717822 -0.9066585480484356 7
      vertex -9.072263843729882 -1.8045854786491864 2
      vertex -9.072263843729882 -1.8045854786491864 7
    endloop
  endfacet
  facet normal -0.9700312531945439 -0.24298017990326468 0
    outer loop
      vertex -9.072263843729882 -1.8045854786491864 7
      vertex -8.851698105522932 -2.6851332646037767 2
      vertex -8.851698105522932 -2.6851332646037767 7
    endloop
  endfacet
  facet normal -0.9415440651830206 -0.33688985339222055 0
    outer loop
      vertex -8.851698105522932 -2.6851332646037767 7
      vertex -8.545885675729401 -3.5398217493770803 2
      vertex -8.545885675729401 -3.5398217493770803 7
    endloop
  endfacet
  facet normal 0 0 1
    outer loop
      vertex -8.545885675729401 3.5398217493770803 7
      vertex -8.545885675729401 -3.5398217493770803 7
      vertex -8.157771695222284 -4.360419815640478 7
    endloop
  endfacet
  facet normal 0 0 1
    outer loop
      vertex -8.157771695222284 4.360419815640478 7
      vertex -8.157771695222284 -4.360419815640478 7
      vertex -7.691093913798543 -5.13902465543132 7
    endloop
  endfacet
  facet normal 0 0 1
    outer loop
      vertex -7.691093913798543 5.13902465543132 7
      vertex -7.691093913798543 -5.13902465543132 7
      vertex -7.150346693605317 -5.86813787851372 7
    endloop
  endfacet
  facet normal 0 0 1
    outer loop
      vertex -7.150346693605317 5.86813787851372 7
      vertex -7.150346693605317 -5.86813787851372 7
      vertex -6.540737725975565 -6.540737725975565 7
    endloop
  endfacet
  facet normal 0 0 1
    outer loop
      vertex -6.540737725975565 6.540737725975565 7
      vertex -6.540737725975565 -6.540737725975565 7
      vertex -5.86813787851372 -7.150346693605317 7
    endloop
  endfacet
  facet normal 0 0 1
    outer loop
      vertex -5.86813787851372 7.150346693605317 7
      vertex -5.86813787851372 -7.150346693605317 7
      vertex -5.13902465543132 -7.691093913798543 7
    endloop
  endfacet
  facet normal -0.9039892931234436 -0.42755509343028153 0
    outer loop
      vertex -8.545885675729401 -3.5398217493770803 7
      vertex -8.157771695222284 -4.360419815640478 2
      vertex -8.157771695222284 -4.360419815640478 7
    endloop
  endfacet
  facet normal -0.8577286100002719 -0.514102744193222 0
    outer loop
      vertex -8.157771695222284 -4.360419815640478 7
      vertex -7.691093913798543 -5.13902465543132 2
      vertex -7.691093913798543 -5.13902465543132 7
    endloop
  endfacet
  facet normal -0.9987954562051723 -0.049067674327417515 0
    outer loop
      vertex -9.25 0 7
      vertex -9.25 0 2
      vertex -9.205458721717822 -0.9066585480484356 2
    endloop
  endfacet
  facet normal -0.9891765099647809 -0.14673047445536197 0
    outer loop
      vertex -9.205458721717822 -0.9066585480484356 7
      vertex -9.205458721717822 -0.9066585480484356 2
      vertex -9.072263843729882 -1.8045854786491864 2
    endloop
  endfacet
  facet normal -0.9700312531945439 -0.24298017990326468 0
    outer loop
      vertex -9.072263843729882 -1.8045854786491864 7
      vertex -9.072263843729882 -1.8045854786491864 2
      vertex -8.851698105522932 -2.6851332646037767 2
    endloop
  endfacet
  facet normal -0.9415440651830206 -0.33688985339222055 0
    outer loop
      vertex -8.851698105522932 -2.6851332646037767 7
      vertex -8.851698105522932 -2.6851332646037767 2
      vertex -8.545885675729401 -3.5398217493770803 2
    endloop
  endfacet
  facet normal -0.9039892931234436 -0.42755509343028153 0
    outer loop
      vertex -8.545885675729401 -3.5398217493770803 7
      vertex -8.545885675729401 -3.5398217493770803 2
      vertex -8.157771695222284 -4.360419815640478 2
    endloop
  endfacet
  facet normal -0.8577286100002719 -0.514102744193222 0
    outer loop
      vertex -8.157771695222284 -4.360419815640478 7
      vertex -8.157771695222284 -4.360419815640478 2
      vertex -7.691093913798543 -5.13902465543132 2
    endloop
  endfacet
  facet normal -0.8032075314806453 -0.5956993044924328 0
    outer loop
      vertex -7.691093913798543 -5.13902465543132 7
      vertex -7.691093913798543 -5.13902465543132 2
      vertex -7.150346693605317 -5.86813787851372 2
    endloop
  endfacet
  facet normal -0.8032075314806453 -0.5956993044924328 0
    outer loop
      vertex -7.691093913798543 -5.13902465543132 7
      vertex -7.150346693605317 -5.86813787851372 2
      vertex -7.150346693605317 -5.86813787851372 7
    endloop
  endfacet
  facet normal -0.7409511253549597 -0.6715589548470178 0
    outer loop
      vertex -7.150346693605317 -5.86813787851372 7
      vertex -6.540737725975565 -6.540737725975565 2
      vertex -6.540737725975565 -6.540737725975565 7
    endloop
  endfacet
  facet normal -0.6715589548470178 -0.7409511253549597 0
    outer loop
      vertex -6.540737725975565 -6.540737725975565 7
      vertex -6.540737725975565 -6.540737725975565 2
      vertex -5.86813787851372 -7.150346693605317 7
    endloop
  endfacet
  facet normal -0.5956993044924328 -0.8032075314806453 0
    outer loop
      vertex -5.86813787851372 -7.150346693605317 7
      vertex -5.86813787851372 -7.150346693605317 2
      vertex -5.13902465543132 -7.691093913798543 7
    endloop
  endfacet
  facet normal -0.7409511253549597 -0.6715589548470178 0
    outer loop
      vertex -7.150346693605317 -5.86813787851372 7
      vertex -7.150346693605317 -5.86813787851372 2
      vertex -6.540737725975565 -6.540737725975565 2
    endloop
  endfacet
  facet normal -0.6715589548470178 -0.7409511253549597 0
    outer loop
      vertex -5.86813787851372 -7.150346693605317 7
      vertex -6.540737725975565 -6.540737725975565 2
      vertex -5.86813787851372 -7.150346693605317 2
    endloop
  endfacet
  facet normal 0 0 1
    outer loop
      vertex -4.360419815640478 8.157771695222284 7
      vertex -4.360419815640478 -8.157771695222284 7
      vertex -4.25 0 7
    endloop
  endfacet
  facet normal 0 0 1
    outer loop
      vertex -5.13902465543132 7.691093913798543 7
      vertex -5.13902465543132 -7.691093913798543 7
      vertex -4.360419815640478 -8.157771695222284 7
    endloop
  endfacet
  facet normal 0 0 1
    outer loop
      vertex -4.360419815640478 -8.157771695222284 7
      vertex -4.229535088356837 -0.4165728464006326 7
      vertex -4.25 0 7
    endloop
  endfacet
  facet normal 0 0 1
    outer loop
      vertex -4.360419815640478 -8.157771695222284 7
      vertex -4.16833744171373 -0.8291338685685451 7
      vertex -4.229535088356837 -0.4165728464006326 7
    endloop
  endfacet
  facet normal 0 0 1
    outer loop
      vertex -4.360419815640478 -8.157771695222284 7
      vertex -4.066996426861888 -1.2337098783314648 7
      vertex -4.16833744171373 -0.8291338685685451 7
    endloop
  endfacet
  facet normal 0 0 1
    outer loop
      vertex -4.360419815640478 -8.157771695222284 7
      vertex -3.9264880131729685 -1.6264045875516315 7
      vertex -4.066996426861888 -1.2337098783314648 7
    endloop
  endfacet
  facet normal 0 0 1
    outer loop
      vertex -3.5398217493770803 -8.545885675729401 7
      vertex -3.748165373480509 -2.00343613151049 7
      vertex -3.9264880131729685 -1.6264045875516315 7
    endloop
  endfacet
  facet normal 0 0 1
    outer loop
      vertex -3.5398217493770803 -8.545885675729401 7
      vertex -3.533745852285817 -2.361173490333309 7
      vertex -3.748165373480509 -2.00343613151049 7
    endloop
  endfacet
  facet normal 0 0 1
    outer loop
      vertex -3.5398217493770803 -8.545885675729401 7
      vertex -3.285294426791632 -2.696171457695493 7
      vertex -3.533745852285817 -2.361173490333309 7
    endloop
  endfacet
  facet normal 0 0 1
    outer loop
      vertex -3.5398217493770803 -8.545885675729401 7
      vertex -3.0052038200428273 -3.0052038200428273 7
      vertex -3.285294426791632 -2.696171457695493 7
    endloop
  endfacet
  facet normal 0 0 1
    outer loop
      vertex -2.6851332646037767 -8.851698105522932 7
      vertex -2.696171457695493 -3.285294426791632 7
      vertex -3.0052038200428273 -3.0052038200428273 7
    endloop
  endfacet
  facet normal 0 0 1
    outer loop
      vertex -2.6851332646037767 -8.851698105522932 7
      vertex -2.361173490333309 -3.533745852285817 7
      vertex -2.696171457695493 -3.285294426791632 7
    endloop
  endfacet
  facet normal 0 0 1
    outer loop
      vertex -1.8045854786491864 -9.072263843729882 7
      vertex -2.00343613151049 -3.748165373480509 7
      vertex -2.361173490333309 -3.533745852285817 7
    endloop
  endfacet
  facet normal 0 0 1
    outer loop
      vertex -1.8045854786491864 -9.072263843729882 7
      vertex -1.6264045875516315 -3.9264880131729685 7
      vertex -2.00343613151049 -3.748165373480509 7
    endloop
  endfacet
  facet normal 0.9987954562051723 0.04906767432741798 0
    outer loop
      vertex -4.229535088356837 -0.4165728464006326 0
      vertex -4.25 0 7
      vertex -4.229535088356837 -0.4165728464006326 7
    endloop
  endfacet
  facet normal 0.9891765099647811 0.14673047445536097 0
    outer loop
      vertex -4.16833744171373 -0.8291338685685451 0
      vertex -4.229535088356837 -0.4165728464006326 7
      vertex -4.16833744171373 -0.8291338685685451 7
    endloop
  endfacet
  facet normal 0.9700312531945438 0.24298017990326484 0
    outer loop
      vertex -4.066996426861888 -1.2337098783314648 0
      vertex -4.16833744171373 -0.8291338685685451 7
      vertex -4.066996426861888 -1.2337098783314648 7
    endloop
  endfacet
  facet normal 0.9415440651830207 0.3368898533922204 0
    outer loop
      vertex -3.9264880131729685 -1.6264045875516315 0
      vertex -4.066996426861888 -1.2337098783314648 7
      vertex -3.9264880131729685 -1.6264045875516315 7
    endloop
  endfacet
  facet normal 0.9039892931234436 0.4275550934302817 0
    outer loop
      vertex -3.9264880131729685 -1.6264045875516315 7
      vertex -3.748165373480509 -2.00343613151049 7
      vertex -3.748165373480509 -2.00343613151049 0
    endloop
  endfacet
  facet normal 0.8577286100002717 0.5141027441932222 0
    outer loop
      vertex -3.748165373480509 -2.00343613151049 7
      vertex -3.533745852285817 -2.361173490333309 7
      vertex -3.533745852285817 -2.361173490333309 0
    endloop
  endfacet
  facet normal 0.8032075314806453 0.5956993044924327 0
    outer loop
      vertex -3.533745852285817 -2.361173490333309 7
      vertex -3.285294426791632 -2.696171457695493 7
      vertex -3.285294426791632 -2.696171457695493 0
    endloop
  endfacet
  facet normal 0.7409511253549599 0.6715589548470177 0
    outer loop
      vertex -3.0052038200428273 -3.0052038200428273 0
      vertex -3.285294426791632 -2.696171457695493 7
      vertex -3.0052038200428273 -3.0052038200428273 7
    endloop
  endfacet
  facet normal 0.6715589548470177 0.7409511253549599 0
    outer loop
      vertex -2.696171457695493 -3.285294426791632 7
      vertex -2.696171457695493 -3.285294426791632 0
      vertex -3.0052038200428273 -3.0052038200428273 7
    endloop
  endfacet
  facet normal 0.5956993044924327 0.8032075314806453 0
    outer loop
      vertex -2.361173490333309 -3.533745852285817 7
      vertex -2.361173490333309 -3.533745852285817 0
      vertex -2.696171457695493 -3.285294426791632 7
    endloop
  endfacet
  facet normal 0.5141027441932222 0.8577286100002717 0
    outer loop
      vertex -2.00343613151049 -3.748165373480509 7
      vertex -2.00343613151049 -3.748165373480509 0
      vertex -2.361173490333309 -3.533745852285817 7
    endloop
  endfacet
  facet normal 0.4275550934302817 0.9039892931234436 0
    outer loop
      vertex -1.6264045875516315 -3.9264880131729685 7
      vertex -1.6264045875516315 -3.9264880131729685 0
      vertex -2.00343613151049 -3.748165373480509 7
    endloop
  endfacet
  facet normal 0.3368898533922204 0.9415440651830207 0
    outer loop
      vertex -1.2337098783314648 -4.066996426861888 7
      vertex -1.2337098783314648 -4.066996426861888 0
      vertex -1.6264045875516315 -3.9264880131729685 7
    endloop
  endfacet
  facet normal 0.24298017990326484 0.9700312531945438 0
    outer loop
      vertex -0.8291338685685451 -4.16833744171373 0
      vertex -1.2337098783314648 -4.066996426861888 7
      vertex -0.8291338685685451 -4.16833744171373 7
    endloop
  endfacet
  facet normal 0.14673047445536097 0.9891765099647811 0
    outer loop
      vertex -0.4165728464006326 -4.229535088356837 7
      vertex -0.4165728464006326 -4.229535088356837 0
      vertex -0.8291338685685451 -4.16833744171373 7
    endloop
  endfacet
  facet normal 0.04906767432741798 0.9987954562051723 0
    outer loop
      vertex 0 -4.25 0
      vertex -0.4165728464006326 -4.229535088356837 7
      vertex 0 -4.25 7
    endloop
  endfacet
  facet normal 0 0 1
    outer loop
      vertex -4.360419815640478 -8.157771695222284 7
      vertex -3.5398217493770803 -8.545885675729401 7
      vertex -3.9264880131729685 -1.6264045875516315 7
    endloop
  endfacet
  facet normal 0 0 1
    outer loop
      vertex -3.5398217493770803 -8.545885675729401 7
      vertex -2.6851332646037767 -8.851698105522932 7
      vertex -3.0052038200428273 -3.0052038200428273 7
    endloop
  endfacet
  facet normal -0.514102744193222 -0.8577286100002719 0
    outer loop
      vertex -5.13902465543132 -7.691093913798543 7
      vertex -5.13902465543132 -7.691093913798543 2
      vertex -4.360419815640478 -8.157771695222284 7
    endloop
  endfacet
  facet normal -0.42755509343028153 -0.9039892931234436 0
    outer loop
      vertex -4.360419815640478 -8.157771695222284 7
      vertex -4.360419815640478 -8.157771695222284 2
      vertex -3.5398217493770803 -8.545885675729401 7
    endloop
  endfacet
  facet normal -0.33688985339222055 -0.9415440651830206 0
    outer loop
      vertex -3.5398217493770803 -8.545885675729401 7
      vertex -3.5398217493770803 -8.545885675729401 2
      vertex -2.6851332646037767 -8.851698105522932 7
    endloop
  endfacet
  facet normal 0 0 1
    outer loop
      vertex -1.8045854786491864 -9.072263843729882 7
      vertex -1.2337098783314648 -4.066996426861888 7
      vertex -1.6264045875516315 -3.9264880131729685 7
    endloop
  endfacet
  facet normal 0 0 1
    outer loop
      vertex -2.6851332646037767 -8.851698105522932 7
      vertex -1.8045854786491864 -9.072263843729882 7
      vertex -2.361173490333309 -3.533745852285817 7
    endloop
  endfacet
  facet normal 0 0 1
    outer loop
      vertex -0.9066585480484356 -9.205458721717822 7
      vertex -0.8291338685685451 -4.16833744171373 7
      vertex -1.2337098783314648 -4.066996426861888 7
    endloop
  endfacet
  facet normal 0 0 1
    outer loop
      vertex -0.9066585480484356 -9.205458721717822 7
      vertex -0.4165728464006326 -4.229535088356837 7
      vertex -0.8291338685685451 -4.16833744171373 7
    endloop
  endfacet
  facet normal 0 0 1
    outer loop
      vertex 0 -9.25 7
      vertex 0 -4.25 7
      vertex -0.4165728464006326 -4.229535088356837 7
    endloop
  endfacet
  facet normal 0 0 1
    outer loop
      vertex -1.8045854786491864 -9.072263843729882 7
      vertex -0.9066585480484356 -9.205458721717822 7
      vertex -1.2337098783314648 -4.066996426861888 7
    endloop
  endfacet
  facet normal 0 0 1
    outer loop
      vertex -0.9066585480484356 -9.205458721717822 7
      vertex 0 -9.25 7
      vertex -0.4165728464006326 -4.229535088356837 7
    endloop
  endfacet
  facet normal -0.24298017990326468 -0.9700312531945439 0
    outer loop
      vertex -2.6851332646037767 -8.851698105522932 7
      vertex -2.6851332646037767 -8.851698105522932 2
      vertex -1.8045854786491864 -9.072263843729882 7
    endloop
  endfacet
  facet normal -0.14673047445536197 -0.9891765099647809 0
    outer loop
      vertex -1.8045854786491864 -9.072263843729882 7
      vertex -1.8045854786491864 -9.072263843729882 2
      vertex -0.9066585480484356 -9.205458721717822 7
    endloop
  endfacet
  facet normal -0.049067674327417515 -0.9987954562051723 0
    outer loop
      vertex -0.9066585480484356 -9.205458721717822 7
      vertex -0.9066585480484356 -9.205458721717822 2
      vertex 0 -9.25 7
    endloop
  endfacet
  facet normal -0.5956993044924328 -0.8032075314806453 0
    outer loop
      vertex -5.13902465543132 -7.691093913798543 7
      vertex -5.86813787851372 -7.150346693605317 2
      vertex -5.13902465543132 -7.691093913798543 2
    endloop
  endfacet
  facet normal -0.514102744193222 -0.8577286100002719 0
    outer loop
      vertex -4.360419815640478 -8.157771695222284 7
      vertex -5.13902465543132 -7.691093913798543 2
      vertex -4.360419815640478 -8.157771695222284 2
    endloop
  endfacet
  facet normal -0.42755509343028153 -0.9039892931234436 0
    outer loop
      vertex -3.5398217493770803 -8.545885675729401 7
      vertex -4.360419815640478 -8.157771695222284 2
      vertex -3.5398217493770803 -8.545885675729401 2
    endloop
  endfacet
  facet normal -0.33688985339222055 -0.9415440651830206 0
    outer loop
      vertex -2.6851332646037767 -8.851698105522932 7
      vertex -3.5398217493770803 -8.545885675729401 2
      vertex -2.6851332646037767 -8.851698105522932 2
    endloop
  endfacet
  facet normal -0.24298017990326468 -0.9700312531945439 0
    outer loop
      vertex -1.8045854786491864 -9.072263843729882 7
      vertex -2.6851332646037767 -8.851698105522932 2
      vertex -1.8045854786491864 -9.072263843729882 2
    endloop
  endfacet
  facet normal -0.14673047445536197 -0.9891765099647809 0
    outer loop
      vertex -0.9066585480484356 -9.205458721717822 7
      vertex -1.8045854786491864 -9.072263843729882 2
      vertex -0.9066585480484356 -9.205458721717822 2
    endloop
  endfacet
  facet normal -0.049067674327417515 -0.9987954562051723 0
    outer loop
      vertex -0.9066585480484356 -9.205458721717822 2
      vertex 0 -9.25 2
      vertex 0 -9.25 7
    endloop
  endfacet
  facet normal 0 0 1
    outer loop
      vertex -11.195828175062216 1.1026928287075568 2
      vertex -11.25 0 2
      vertex -11.195828175062216 -1.1026928287075568 2
    endloop
  endfacet
  facet normal 0 0 1
    outer loop
      vertex -11.195828175062216 1.1026928287075568 2
      vertex -11.195828175062216 -1.1026928287075568 2
      vertex -11.033834404536343 -2.1947661226814428 2
    endloop
  endfacet
  facet normal 0 0 1
    outer loop
      vertex -11.033834404536343 2.1947661226814428 2
      vertex -11.033834404536343 -2.1947661226814428 2
      vertex -10.765578776987349 -3.265702619112701 2
    endloop
  endfacet
  facet normal 0 0 1
    outer loop
      vertex -10.765578776987349 3.265702619112701 2
      vertex -10.765578776987349 -3.265702619112701 2
      vertex -10.393644740751975 -4.30518861410726 2
    endloop
  endfacet
  facet normal 0 0 1
    outer loop
      vertex -10.393644740751975 4.30518861410726 2
      vertex -10.393644740751975 -4.30518861410726 2
      vertex -9.921614223918994 -5.303213289292473 2
    endloop
  endfacet
  facet normal 0 0 1
    outer loop
      vertex -9.354033138403635 6.250165121470524 2
      vertex -9.354033138403635 -6.250165121470524 2
      vertex -9.25 0 2
    endloop
  endfacet
  facet normal 0 0 1
    outer loop
      vertex -9.921614223918994 5.303213289292473 2
      vertex -9.921614223918994 -5.303213289292473 2
      vertex -9.354033138403635 -6.250165121470524 2
    endloop
  endfacet
  facet normal 0 0 1
    outer loop
      vertex -9.25 0 2
      vertex -9.354033138403635 -6.250165121470524 2
      vertex -9.205458721717822 -0.9066585480484356 2
    endloop
  endfacet
  facet normal 0 0 1
    outer loop
      vertex -9.205458721717822 -0.9066585480484356 2
      vertex -9.354033138403635 -6.250165121470524 2
      vertex -9.072263843729882 -1.8045854786491864 2
    endloop
  endfacet
  facet normal 0 0 1
    outer loop
      vertex -9.072263843729882 -1.8045854786491864 2
      vertex -9.354033138403635 -6.250165121470524 2
      vertex -8.851698105522932 -2.6851332646037767 2
    endloop
  endfacet
  facet normal 0 0 1
    outer loop
      vertex -8.851698105522932 -2.6851332646037767 2
      vertex -8.696367600330792 -7.136924446841012 2
      vertex -8.545885675729401 -3.5398217493770803 2
    endloop
  endfacet
  facet normal 0 0 1
    outer loop
      vertex -8.851698105522932 -2.6851332646037767 2
      vertex -9.354033138403635 -6.250165121470524 2
      vertex -8.696367600330792 -7.136924446841012 2
    endloop
  endfacet
  facet normal 0 0 1
    outer loop
      vertex -8.545885675729401 -3.5398217493770803 2
      vertex -8.696367600330792 -7.136924446841012 2
      vertex -8.157771695222284 -4.360419815640478 2
    endloop
  endfacet
  facet normal 0 0 1
    outer loop
      vertex -8.157771695222284 -4.360419815640478 2
      vertex -8.696367600330792 -7.136924446841012 2
      vertex -7.691093913798543 -5.13902465543132 2
    endloop
  endfacet
  facet normal -0.9987954562051724 -0.04906767432741713 0
    outer loop
      vertex -11.25 0 2
      vertex -11.195828175062216 -1.1026928287075568 0
      vertex -11.195828175062216 -1.1026928287075568 2
    endloop
  endfacet
  facet normal -0.9891765099647809 -0.14673047445536244 0
    outer loop
      vertex -11.195828175062216 -1.1026928287075568 2
      vertex -11.033834404536343 -2.1947661226814428 0
      vertex -11.033834404536343 -2.1947661226814428 2
    endloop
  endfacet
  facet normal -0.9987954562051724 -0.04906767432741713 0
    outer loop
      vertex -11.25 0 2
      vertex -11.25 0 0
      vertex -11.195828175062216 -1.1026928287075568 0
    endloop
  endfacet
  facet normal 0 0 -1
    outer loop
      vertex -11.195828175062216 1.1026928287075568 0
      vertex -11.195828175062216 -1.1026928287075568 0
      vertex -11.25 0 0
    endloop
  endfacet
  facet normal 0 0 -1
    outer loop
      vertex -11.033834404536343 2.1947661226814428 0
      vertex -11.033834404536343 -2.1947661226814428 0
      vertex -11.195828175062216 -1.1026928287075568 0
    endloop
  endfacet
  facet normal 0 0 -1
    outer loop
      vertex -10.765578776987349 3.265702619112701 0
      vertex -10.765578776987349 -3.265702619112701 0
      vertex -11.033834404536343 -2.1947661226814428 0
    endloop
  endfacet
  facet normal 0 0 -1
    outer loop
      vertex -10.393644740751975 4.30518861410726 0
      vertex -10.393644740751975 -4.30518861410726 0
      vertex -10.765578776987349 -3.265702619112701 0
    endloop
  endfacet
  facet normal -0.9891765099647809 -0.14673047445536244 0
    outer loop
      vertex -11.195828175062216 -1.1026928287075568 2
      vertex -11.195828175062216 -1.1026928287075568 0
      vertex -11.033834404536343 -2.1947661226814428 0
    endloop
  endfacet
  facet normal -0.9700312531945439 -0.24298017990326498 0
    outer loop
      vertex -11.033834404536343 -2.1947661226814428 2
      vertex -11.033834404536343 -2.1947661226814428 0
      vertex -10.765578776987349 -3.265702619112701 0
    endloop
  endfacet
  facet normal 0 0 -1
    outer loop
      vertex -9.921614223918994 5.303213289292473 0
      vertex -9.921614223918994 -5.303213289292473 0
      vertex -10.393644740751975 -4.30518861410726 0
    endloop
  endfacet
  facet normal 0 0 -1
    outer loop
      vertex -9.354033138403635 6.250165121470524 0
      vertex -9.354033138403635 -6.250165121470524 0
      vertex -9.921614223918994 -5.303213289292473 0
    endloop
  endfacet
  facet normal 0 0 -1
    outer loop
      vertex -8.696367600330792 7.136924446841012 0
      vertex -8.696367600330792 -7.136924446841012 0
      vertex -9.354033138403635 -6.250165121470524 0
    endloop
  endfacet
  facet normal -0.9700312531945439 -0.24298017990326498 0
    outer loop
      vertex -11.033834404536343 -2.1947661226814428 2
      vertex -10.765578776987349 -3.265702619112701 0
      vertex -10.765578776987349 -3.265702619112701 2
    endloop
  endfacet
  facet normal -0.941544065183021 -0.3368898533922195 0
    outer loop
      vertex -10.765578776987349 -3.265702619112701 2
      vertex -10.393644740751975 -4.30518861410726 0
      vertex -10.393644740751975 -4.30518861410726 2
    endloop
  endfacet
  facet normal -0.9039892931234432 -0.4275550934302824 0
    outer loop
      vertex -10.393644740751975 -4.30518861410726 2
      vertex -9.921614223918994 -5.303213289292473 0
      vertex -9.921614223918994 -5.303213289292473 2
    endloop
  endfacet
  facet normal -0.941544065183021 -0.3368898533922195 0
    outer loop
      vertex -10.765578776987349 -3.265702619112701 2
      vertex -10.765578776987349 -3.265702619112701 0
      vertex -10.393644740751975 -4.30518861410726 0
    endloop
  endfacet
  facet normal -0.9039892931234432 -0.4275550934302824 0
    outer loop
      vertex -10.393644740751975 -4.30518861410726 2
      vertex -10.393644740751975 -4.30518861410726 0
      vertex -9.921614223918994 -5.303213289292473 0
    endloop
  endfacet
  facet normal -0.8577286100002726 -0.514102744193221 0
    outer loop
      vertex -9.921614223918994 -5.303213289292473 2
      vertex -9.921614223918994 -5.303213289292473 0
      vertex -9.354033138403635 -6.250165121470524 0
    endloop
  endfacet
  facet normal 0 0 -1
    outer loop
      vertex -7.95495128834866 7.95495128834866 0
      vertex -7.95495128834866 -7.95495128834866 0
      vertex -8.696367600330792 -7.136924446841012 0
    endloop
  endfacet
  facet normal 0 0 -1
    outer loop
      vertex -7.136924446841012 8.696367600330792 0
      vertex -7.136924446841012 -8.696367600330792 0
      vertex -7.95495128834866 -7.95495128834866 0
    endloop
  endfacet
  facet normal 0 0 -1
    outer loop
      vertex -6.250165121470524 9.354033138403635 0
      vertex -6.250165121470524 -9.354033138403635 0
      vertex -7.136924446841012 -8.696367600330792 0
    endloop
  endfacet
  facet normal 0 0 1
    outer loop
      vertex -7.691093913798543 -5.13902465543132 2
      vertex -8.696367600330792 -7.136924446841012 2
      vertex -7.95495128834866 -7.95495128834866 2
    endloop
  endfacet
  facet normal 0 0 1
    outer loop
      vertex -7.691093913798543 -5.13902465543132 2
      vertex -7.95495128834866 -7.95495128834866 2
      vertex -7.150346693605317 -5.86813787851372 2
    endloop
  endfacet
  facet normal 0 0 1
    outer loop
      vertex -7.150346693605317 -5.86813787851372 2
      vertex -7.95495128834866 -7.95495128834866 2
      vertex -7.136924446841012 -8.696367600330792 2
    endloop
  endfacet
  facet normal 0 0 1
    outer loop
      vertex -7.150346693605317 -5.86813787851372 2
      vertex -7.136924446841012 -8.696367600330792 2
      vertex -6.540737725975565 -6.540737725975565 2
    endloop
  endfacet
  facet normal 0 0 1
    outer loop
      vertex -6.540737725975565 -6.540737725975565 2
      vertex -7.136924446841012 -8.696367600330792 2
      vertex -5.86813787851372 -7.150346693605317 2
    endloop
  endfacet
  facet normal 0 0 1
    outer loop
      vertex -5.86813787851372 -7.150346693605317 2
      vertex -7.136924446841012 -8.696367600330792 2
      vertex -6.250165121470524 -9.354033138403635 2
    endloop
  endfacet
  facet normal 0 0 1
    outer loop
      vertex -5.86813787851372 -7.150346693605317 2
      vertex -6.250165121470524 -9.354033138403635 2
      vertex -5.13902465543132 -7.691093913798543 2
    endloop
  endfacet
  facet normal -0.8577286100002726 -0.514102744193221 0
    outer loop
      vertex -9.921614223918994 -5.303213289292473 2
      vertex -9.354033138403635 -6.250165121470524 0
      vertex -9.354033138403635 -6.250165121470524 2
    endloop
  endfacet
  facet normal -0.8032075314806452 -0.5956993044924329 0
    outer loop
      vertex -9.354033138403635 -6.250165121470524 2
      vertex -8.696367600330792 -7.136924446841012 0
      vertex -8.696367600330792 -7.136924446841012 2
    endloop
  endfacet
  facet normal -0.8032075314806452 -0.5956993044924329 0
    outer loop
      vertex -9.354033138403635 -6.250165121470524 2
      vertex -9.354033138403635 -6.250165121470524 0
      vertex -8.696367600330792 -7.136924446841012 0
    endloop
  endfacet
  facet normal -0.740951125354959 -0.6715589548470186 0
    outer loop
      vertex -8.696367600330792 -7.136924446841012 2
      vertex -8.696367600330792 -7.136924446841012 0
      vertex -7.95495128834866 -7.95495128834866 0
    endloop
  endfacet
  facet normal -0.740951125354959 -0.6715589548470186 0
    outer loop
      vertex -8.696367600330792 -7.136924446841012 2
      vertex -7.95495128834866 -7.95495128834866 0
      vertex -7.95495128834866 -7.95495128834866 2
    endloop
  endfacet
  facet normal -0.6715589548470186 -0.740951125354959 0
    outer loop
      vertex -7.95495128834866 -7.95495128834866 2
      vertex -7.95495128834866 -7.95495128834866 0
      vertex -7.136924446841012 -8.696367600330792 2
    endloop
  endfacet
  facet normal -0.5956993044924329 -0.8032075314806452 0
    outer loop
      vertex -7.136924446841012 -8.696367600330792 2
      vertex -7.136924446841012 -8.696367600330792 0
      vertex -6.250165121470524 -9.354033138403635 2
    endloop
  endfacet
  facet normal -0.514102744193221 -0.8577286100002726 0
    outer loop
      vertex -6.250165121470524 -9.354033138403635 2
      vertex -6.250165121470524 -9.354033138403635 0
      vertex -5.303213289292473 -9.921614223918994 2
    endloop
  endfacet
  facet normal -0.6715589548470186 -0.740951125354959 0
    outer loop
      vertex -7.136924446841012 -8.696367600330792 2
      vertex -7.95495128834866 -7.95495128834866 0
      vertex -7.136924446841012 -8.696367600330792 0
    endloop
  endfacet
  facet normal -0.5956993044924329 -0.8032075314806452 0
    outer loop
      vertex -6.250165121470524 -9.354033138403635 2
      vertex -7.136924446841012 -8.696367600330792 0
      vertex -6.250165121470524 -9.354033138403635 0
    endloop
  endfacet
  facet normal 0.9987954562051723 0.04906767432741798 0
    outer loop
      vertex -4.229535088356837 -0.4165728464006326 0
      vertex -4.25 0 0
      vertex -4.25 0 7
    endloop
  endfacet
  facet normal 0.9891765099647811 0.14673047445536097 0
    outer loop
      vertex -4.16833744171373 -0.8291338685685451 0
      vertex -4.229535088356837 -0.4165728464006326 0
      vertex -4.229535088356837 -0.4165728464006326 7
    endloop
  endfacet
  facet normal 0.9700312531945438 0.24298017990326484 0
    outer loop
      vertex -4.066996426861888 -1.2337098783314648 0
      vertex -4.16833744171373 -0.8291338685685451 0
      vertex -4.16833744171373 -0.8291338685685451 7
    endloop
  endfacet
  facet normal 0.9415440651830207 0.3368898533922204 0
    outer loop
      vertex -3.9264880131729685 -1.6264045875516315 0
      vertex -4.066996426861888 -1.2337098783314648 0
      vertex -4.066996426861888 -1.2337098783314648 7
    endloop
  endfacet
  facet normal 0.9039892931234436 0.4275550934302817 0
    outer loop
      vertex -3.748165373480509 -2.00343613151049 0
      vertex -3.9264880131729685 -1.6264045875516315 0
      vertex -3.9264880131729685 -1.6264045875516315 7
    endloop
  endfacet
  facet normal 0.8577286100002717 0.5141027441932222 0
    outer loop
      vertex -3.748165373480509 -2.00343613151049 7
      vertex -3.533745852285817 -2.361173490333309 0
      vertex -3.748165373480509 -2.00343613151049 0
    endloop
  endfacet
  facet normal 0.8032075314806453 0.5956993044924327 0
    outer loop
      vertex -3.533745852285817 -2.361173490333309 7
      vertex -3.285294426791632 -2.696171457695493 0
      vertex -3.533745852285817 -2.361173490333309 0
    endloop
  endfacet
  facet normal 0.7409511253549599 0.6715589548470177 0
    outer loop
      vertex -3.0052038200428273 -3.0052038200428273 0
      vertex -3.285294426791632 -2.696171457695493 0
      vertex -3.285294426791632 -2.696171457695493 7
    endloop
  endfacet
  facet normal 0.6715589548470177 0.7409511253549599 0
    outer loop
      vertex -3.0052038200428273 -3.0052038200428273 0
      vertex -3.0052038200428273 -3.0052038200428273 7
      vertex -2.696171457695493 -3.285294426791632 0
    endloop
  endfacet
  facet normal 0.5956993044924327 0.8032075314806453 0
    outer loop
      vertex -2.696171457695493 -3.285294426791632 7
      vertex -2.361173490333309 -3.533745852285817 0
      vertex -2.696171457695493 -3.285294426791632 0
    endloop
  endfacet
  facet normal 0.5141027441932222 0.8577286100002717 0
    outer loop
      vertex -2.361173490333309 -3.533745852285817 7
      vertex -2.00343613151049 -3.748165373480509 0
      vertex -2.361173490333309 -3.533745852285817 0
    endloop
  endfacet
  facet normal 0.4275550934302817 0.9039892931234436 0
    outer loop
      vertex -2.00343613151049 -3.748165373480509 7
      vertex -1.6264045875516315 -3.9264880131729685 0
      vertex -2.00343613151049 -3.748165373480509 0
    endloop
  endfacet
  facet normal 0.3368898533922204 0.9415440651830207 0
    outer loop
      vertex -1.6264045875516315 -3.9264880131729685 7
      vertex -1.2337098783314648 -4.066996426861888 0
      vertex -1.6264045875516315 -3.9264880131729685 0
    endloop
  endfacet
  facet normal 0.24298017990326484 0.9700312531945438 0
    outer loop
      vertex -1.2337098783314648 -4.066996426861888 7
      vertex -0.8291338685685451 -4.16833744171373 0
      vertex -1.2337098783314648 -4.066996426861888 0
    endloop
  endfacet
  facet normal 0.14673047445536097 0.9891765099647811 0
    outer loop
      vertex -0.8291338685685451 -4.16833744171373 0
      vertex -0.8291338685685451 -4.16833744171373 7
      vertex -0.4165728464006326 -4.229535088356837 0
    endloop
  endfacet
  facet normal 0.04906767432741798 0.9987954562051723 0
    outer loop
      vertex 0 -4.25 0
      vertex -0.4165728464006326 -4.229535088356837 0
      vertex -0.4165728464006326 -4.229535088356837 7
    endloop
  endfacet
  facet normal 0 0 -1
    outer loop
      vertex -4.30518861410726 10.393644740751975 0
      vertex -4.25 0 0
      vertex -4.30518861410726 -10.393644740751975 0
    endloop
  endfacet
  facet normal 0 0 -1
    outer loop
      vertex -5.303213289292473 9.921614223918994 0
      vertex -5.303213289292473 -9.921614223918994 0
      vertex -6.250165121470524 -9.354033138403635 0
    endloop
  endfacet
  facet normal 0 0 -1
    outer loop
      vertex -4.30518861410726 10.393644740751975 0
      vertex -4.30518861410726 -10.393644740751975 0
      vertex -5.303213289292473 -9.921614223918994 0
    endloop
  endfacet
  facet normal 0 0 -1
    outer loop
      vertex -4.30518861410726 -10.393644740751975 0
      vertex -4.25 0 0
      vertex -4.229535088356837 -0.4165728464006326 0
    endloop
  endfacet
  facet normal 0 0 -1
    outer loop
      vertex -4.30518861410726 -10.393644740751975 0
      vertex -4.229535088356837 -0.4165728464006326 0
      vertex -4.16833744171373 -0.8291338685685451 0
    endloop
  endfacet
  facet normal 0 0 -1
    outer loop
      vertex -4.30518861410726 -10.393644740751975 0
      vertex -4.16833744171373 -0.8291338685685451 0
      vertex -4.066996426861888 -1.2337098783314648 0
    endloop
  endfacet
  facet normal 0 0 -1
    outer loop
      vertex -4.30518861410726 -10.393644740751975 0
      vertex -4.066996426861888 -1.2337098783314648 0
      vertex -3.9264880131729685 -1.6264045875516315 0
    endloop
  endfacet
  facet normal 0 0 -1
    outer loop
      vertex -4.30518861410726 -10.393644740751975 0
      vertex -3.9264880131729685 -1.6264045875516315 0
      vertex -3.748165373480509 -2.00343613151049 0
    endloop
  endfacet
  facet normal 0 0 -1
    outer loop
      vertex -4.30518861410726 -10.393644740751975 0
      vertex -3.748165373480509 -2.00343613151049 0
      vertex -3.533745852285817 -2.361173490333309 0
    endloop
  endfacet
  facet normal 0 0 -1
    outer loop
      vertex -4.30518861410726 -10.393644740751975 0
      vertex -3.533745852285817 -2.361173490333309 0
      vertex -3.285294426791632 -2.696171457695493 0
    endloop
  endfacet
  facet normal 0 0 -1
    outer loop
      vertex -4.30518861410726 -10.393644740751975 0
      vertex -3.285294426791632 -2.696171457695493 0
      vertex -3.0052038200428273 -3.0052038200428273 0
    endloop
  endfacet
  facet normal 0 0 1
    outer loop
      vertex -6.250165121470524 -9.354033138403635 2
      vertex -5.303213289292473 -9.921614223918994 2
      vertex -5.13902465543132 -7.691093913798543 2
    endloop
  endfacet
  facet normal 0 0 1
    outer loop
      vertex -5.13902465543132 -7.691093913798543 2
      vertex -5.303213289292473 -9.921614223918994 2
      vertex -4.360419815640478 -8.157771695222284 2
    endloop
  endfacet
  facet normal 0 0 1
    outer loop
      vertex -4.360419815640478 -8.157771695222284 2
      vertex -5.303213289292473 -9.921614223918994 2
      vertex -4.30518861410726 -10.393644740751975 2
    endloop
  endfacet
  facet normal 0 0 1
    outer loop
      vertex -4.360419815640478 -8.157771695222284 2
      vertex -4.30518861410726 -10.393644740751975 2
      vertex -3.5398217493770803 -8.545885675729401 2
    endloop
  endfacet
  facet normal 0 0 1
    outer loop
      vertex -4.30518861410726 -10.393644740751975 2
      vertex -2.6851332646037767 -8.851698105522932 2
      vertex -3.5398217493770803 -8.545885675729401 2
    endloop
  endfacet
  facet normal 0 0 1
    outer loop
      vertex -4.30518861410726 -10.393644740751975 2
      vertex -3.265702619112701 -10.765578776987349 2
      vertex -2.6851332646037767 -8.851698105522932 2
    endloop
  endfacet
  facet normal 0 0 1
    outer loop
      vertex -3.265702619112701 -10.765578776987349 2
      vertex -1.8045854786491864 -9.072263843729882 2
      vertex -2.6851332646037767 -8.851698105522932 2
    endloop
  endfacet
  facet normal 0 0 1
    outer loop
      vertex -1.8045854786491864 -9.072263843729882 2
      vertex -2.1947661226814428 -11.033834404536343 2
      vertex -0.9066585480484356 -9.205458721717822 2
    endloop
  endfacet
  facet normal 0 0 1
    outer loop
      vertex -3.265702619112701 -10.765578776987349 2
      vertex -2.1947661226814428 -11.033834404536343 2
      vertex -1.8045854786491864 -9.072263843729882 2
    endloop
  endfacet
  facet normal 0 0 1
    outer loop
      vertex -2.1947661226814428 -11.033834404536343 2
      vertex -1.1026928287075568 -11.195828175062216 2
      vertex -0.9066585480484356 -9.205458721717822 2
    endloop
  endfacet
  facet normal 0 0 1
    outer loop
      vertex -0.9066585480484356 -9.205458721717822 2
      vertex -1.1026928287075568 -11.195828175062216 2
      vertex 0 -9.25 2
    endloop
  endfacet
  facet normal 0 0 1
    outer loop
      vertex -1.1026928287075568 -11.195828175062216 2
      vertex 0 -11.25 2
      vertex 0 -9.25 2
    endloop
  endfacet
  facet normal 0 0 -1
    outer loop
      vertex -3.265702619112701 -10.765578776987349 0
      vertex -3.0052038200428273 -3.0052038200428273 0
      vertex -2.696171457695493 -3.285294426791632 0
    endloop
  endfacet
  facet normal 0 0 -1
    outer loop
      vertex -4.30518861410726 -10.393644740751975 0
      vertex -3.0052038200428273 -3.0052038200428273 0
      vertex -3.265702619112701 -10.765578776987349 0
    endloop
  endfacet
  facet normal -0.4275550934302824 -0.9039892931234432 0
    outer loop
      vertex -5.303213289292473 -9.921614223918994 2
      vertex -5.303213289292473 -9.921614223918994 0
      vertex -4.30518861410726 -10.393644740751975 2
    endloop
  endfacet
  facet normal -0.3368898533922195 -0.941544065183021 0
    outer loop
      vertex -4.30518861410726 -10.393644740751975 2
      vertex -4.30518861410726 -10.393644740751975 0
      vertex -3.265702619112701 -10.765578776987349 2
    endloop
  endfacet
  facet normal -0.24298017990326498 -0.9700312531945439 0
    outer loop
      vertex -3.265702619112701 -10.765578776987349 2
      vertex -3.265702619112701 -10.765578776987349 0
      vertex -2.1947661226814428 -11.033834404536343 2
    endloop
  endfacet
  facet normal -0.514102744193221 -0.8577286100002726 0
    outer loop
      vertex -6.250165121470524 -9.354033138403635 0
      vertex -5.303213289292473 -9.921614223918994 0
      vertex -5.303213289292473 -9.921614223918994 2
    endloop
  endfacet
  facet normal -0.4275550934302824 -0.9039892931234432 0
    outer loop
      vertex -4.30518861410726 -10.393644740751975 2
      vertex -5.303213289292473 -9.921614223918994 0
      vertex -4.30518861410726 -10.393644740751975 0
    endloop
  endfacet
  facet normal -0.3368898533922195 -0.941544065183021 0
    outer loop
      vertex -3.265702619112701 -10.765578776987349 2
      vertex -4.30518861410726 -10.393644740751975 0
      vertex -3.265702619112701 -10.765578776987349 0
    endloop
  endfacet
  facet normal 0 0 -1
    outer loop
      vertex -3.265702619112701 -10.765578776987349 0
      vertex -2.696171457695493 -3.285294426791632 0
      vertex -2.361173490333309 -3.533745852285817 0
    endloop
  endfacet
  facet normal 0 0 -1
    outer loop
      vertex -3.265702619112701 -10.765578776987349 0
      vertex -2.361173490333309 -3.533745852285817 0
      vertex -2.00343613151049 -3.748165373480509 0
    endloop
  endfacet
  facet normal 0 0 -1
    outer loop
      vertex -2.1947661226814428 -11.033834404536343 0
      vertex -2.00343613151049 -3.748165373480509 0
      vertex -1.6264045875516315 -3.9264880131729685 0
    endloop
  endfacet
  facet normal 0 0 -1
    outer loop
      vertex -2.1947661226814428 -11.033834404536343 0
      vertex -1.6264045875516315 -3.9264880131729685 0
      vertex -1.2337098783314648 -4.066996426861888 0
    endloop
  endfacet
  facet normal 0 0 -1
    outer loop
      vertex -2.1947661226814428 -11.033834404536343 0
      vertex -1.2337098783314648 -4.066996426861888 0
      vertex -0.8291338685685451 -4.16833744171373 0
    endloop
  endfacet
  facet normal 0 0 -1
    outer loop
      vertex -1.1026928287075568 -11.195828175062216 0
      vertex -0.8291338685685451 -4.16833744171373 0
      vertex -0.4165728464006326 -4.229535088356837 0
    endloop
  endfacet
  facet normal 0 0 -1
    outer loop
      vertex 0 -11.25 0
      vertex -0.4165728464006326 -4.229535088356837 0
      vertex 0 -4.25 0
    endloop
  endfacet
  facet normal -0.14673047445536244 -0.9891765099647809 0
    outer loop
      vertex -2.1947661226814428 -11.033834404536343 2
      vertex -2.1947661226814428 -11.033834404536343 0
      vertex -1.1026928287075568 -11.195828175062216 2
    endloop
  endfacet
  facet normal -0.04906767432741713 -0.9987954562051724 0
    outer loop
      vertex -1.1026928287075568 -11.195828175062216 2
      vertex -1.1026928287075568 -11.195828175062216 0
      vertex 0 -11.25 2
    endloop
  endfacet
  facet normal 0 0 -1
    outer loop
      vertex -3.265702619112701 -10.765578776987349 0
      vertex -2.00343613151049 -3.748165373480509 0
      vertex -2.1947661226814428 -11.033834404536343 0
    endloop
  endfacet
  facet normal -0.24298017990326498 -0.9700312531945439 0
    outer loop
      vertex -2.1947661226814428 -11.033834404536343 2
      vertex -3.265702619112701 -10.765578776987349 0
      vertex -2.1947661226814428 -11.033834404536343 0
    endloop
  endfacet
  facet normal -0.14673047445536244 -0.9891765099647809 0
    outer loop
      vertex -1.1026928287075568 -11.195828175062216 2
      vertex -2.1947661226814428 -11.033834404536343 0
      vertex -1.1026928287075568 -11.195828175062216 0
    endloop
  endfacet
  facet normal 0 0 -1
    outer loop
      vertex -2.1947661226814428 -11.033834404536343 0
      vertex -0.8291338685685451 -4.16833744171373 0
      vertex -1.1026928287075568 -11.195828175062216 0
    endloop
  endfacet
  facet normal 0 0 -1
    outer loop
      vertex -1.1026928287075568 -11.195828175062216 0
      vertex -0.4165728464006326 -4.229535088356837 0
      vertex 0 -11.25 0
    endloop
  endfacet
  facet normal -0.04906767432741713 -0.9987954562051724 0
    outer loop
      vertex -1.1026928287075568 -11.195828175062216 0
      vertex 0 -11.25 0
      vertex 0 -11.25 2
    endloop
  endfacet
  facet normal 0.049067674327417515 0.9987954562051723 0
    outer loop
      vertex 0 9.25 7
      vertex 0.9066585480484356 9.205458721717822 7
      vertex 0.9066585480484356 9.205458721717822 2
    endloop
  endfacet
  facet normal 0.14673047445536197 0.9891765099647809 0
    outer loop
      vertex 0.9066585480484356 9.205458721717822 7
      vertex 1.8045854786491864 9.072263843729882 7
      vertex 1.8045854786491864 9.072263843729882 2
    endloop
  endfacet
  facet normal 0.24298017990326468 0.9700312531945439 0
    outer loop
      vertex 1.8045854786491864 9.072263843729882 7
      vertex 2.6851332646037767 8.851698105522932 7
      vertex 2.6851332646037767 8.851698105522932 2
    endloop
  endfacet
  facet normal 0 0 1
    outer loop
      vertex 0 9.25 7
      vertex 0.4165728464006326 4.229535088356837 7
      vertex 0.9066585480484356 9.205458721717822 7
    endloop
  endfacet
  facet normal 0 0 1
    outer loop
      vertex 0.9066585480484356 9.205458721717822 7
      vertex 1.2337098783314648 4.066996426861888 7
      vertex 1.8045854786491864 9.072263843729882 7
    endloop
  endfacet
  facet normal 0 0 1
    outer loop
      vertex 0 9.25 7
      vertex 0 4.25 7
      vertex 0.4165728464006326 4.229535088356837 7
    endloop
  endfacet
  facet normal 0 0 1
    outer loop
      vertex 0.9066585480484356 9.205458721717822 7
      vertex 0.4165728464006326 4.229535088356837 7
      vertex 0.8291338685685451 4.16833744171373 7
    endloop
  endfacet
  facet normal 0 0 1
    outer loop
      vertex 0.9066585480484356 9.205458721717822 7
      vertex 0.8291338685685451 4.16833744171373 7
      vertex 1.2337098783314648 4.066996426861888 7
    endloop
  endfacet
  facet normal 0 0 1
    outer loop
      vertex 1.8045854786491864 9.072263843729882 7
      vertex 2.361173490333309 3.533745852285817 7
      vertex 2.6851332646037767 8.851698105522932 7
    endloop
  endfacet
  facet normal 0 0 1
    outer loop
      vertex 1.8045854786491864 9.072263843729882 7
      vertex 1.2337098783314648 4.066996426861888 7
      vertex 1.6264045875516315 3.9264880131729685 7
    endloop
  endfacet
  facet normal 0.33688985339222055 0.9415440651830206 0
    outer loop
      vertex 2.6851332646037767 8.851698105522932 7
      vertex 3.5398217493770803 8.545885675729401 7
      vertex 3.5398217493770803 8.545885675729401 2
    endloop
  endfacet
  facet normal 0 0 1
    outer loop
      vertex 2.6851332646037767 8.851698105522932 7
      vertex 3.0052038200428273 3.0052038200428273 7
      vertex 3.5398217493770803 8.545885675729401 7
    endloop
  endfacet
  facet normal 0 0 1
    outer loop
      vertex 3.5398217493770803 8.545885675729401 7
      vertex 3.9264880131729685 1.6264045875516315 7
      vertex 4.360419815640478 8.157771695222284 7
    endloop
  endfacet
  facet normal 0.42755509343028153 0.9039892931234436 0
    outer loop
      vertex 3.5398217493770803 8.545885675729401 7
      vertex 4.360419815640478 8.157771695222284 7
      vertex 4.360419815640478 8.157771695222284 2
    endloop
  endfacet
  facet normal 0.514102744193222 0.8577286100002719 0
    outer loop
      vertex 4.360419815640478 8.157771695222284 7
      vertex 5.13902465543132 7.691093913798543 7
      vertex 5.13902465543132 7.691093913798543 2
    endloop
  endfacet
  facet normal 0.049067674327417515 0.9987954562051723 0
    outer loop
      vertex 0 9.25 7
      vertex 0.9066585480484356 9.205458721717822 2
      vertex 0 9.25 2
    endloop
  endfacet
  facet normal 0.14673047445536197 0.9891765099647809 0
    outer loop
      vertex 0.9066585480484356 9.205458721717822 7
      vertex 1.8045854786491864 9.072263843729882 2
      vertex 0.9066585480484356 9.205458721717822 2
    endloop
  endfacet
  facet normal 0.24298017990326468 0.9700312531945439 0
    outer loop
      vertex 1.8045854786491864 9.072263843729882 7
      vertex 2.6851332646037767 8.851698105522932 2
      vertex 1.8045854786491864 9.072263843729882 2
    endloop
  endfacet
  facet normal 0.33688985339222055 0.9415440651830206 0
    outer loop
      vertex 2.6851332646037767 8.851698105522932 7
      vertex 3.5398217493770803 8.545885675729401 2
      vertex 2.6851332646037767 8.851698105522932 2
    endloop
  endfacet
  facet normal 0.42755509343028153 0.9039892931234436 0
    outer loop
      vertex 3.5398217493770803 8.545885675729401 7
      vertex 4.360419815640478 8.157771695222284 2
      vertex 3.5398217493770803 8.545885675729401 2
    endloop
  endfacet
  facet normal 0.514102744193222 0.8577286100002719 0
    outer loop
      vertex 4.360419815640478 8.157771695222284 7
      vertex 5.13902465543132 7.691093913798543 2
      vertex 4.360419815640478 8.157771695222284 2
    endloop
  endfacet
  facet normal 0.5956993044924328 0.8032075314806453 0
    outer loop
      vertex 5.13902465543132 7.691093913798543 7
      vertex 5.86813787851372 7.150346693605317 2
      vertex 5.13902465543132 7.691093913798543 2
    endloop
  endfacet
  facet normal 0 0 1
    outer loop
      vertex 1.8045854786491864 9.072263843729882 7
      vertex 1.6264045875516315 3.9264880131729685 7
      vertex 2.00343613151049 3.748165373480509 7
    endloop
  endfacet
  facet normal 0 0 1
    outer loop
      vertex 1.8045854786491864 9.072263843729882 7
      vertex 2.00343613151049 3.748165373480509 7
      vertex 2.361173490333309 3.533745852285817 7
    endloop
  endfacet
  facet normal 0 0 1
    outer loop
      vertex 2.6851332646037767 8.851698105522932 7
      vertex 2.361173490333309 3.533745852285817 7
      vertex 2.696171457695493 3.285294426791632 7
    endloop
  endfacet
  facet normal 0 0 1
    outer loop
      vertex 2.6851332646037767 8.851698105522932 7
      vertex 2.696171457695493 3.285294426791632 7
      vertex 3.0052038200428273 3.0052038200428273 7
    endloop
  endfacet
  facet normal 0 0 1
    outer loop
      vertex 3.5398217493770803 8.545885675729401 7
      vertex 3.0052038200428273 3.0052038200428273 7
      vertex 3.285294426791632 2.696171457695493 7
    endloop
  endfacet
  facet normal 0 0 1
    outer loop
      vertex 3.5398217493770803 8.545885675729401 7
      vertex 3.285294426791632 2.696171457695493 7
      vertex 3.533745852285817 2.361173490333309 7
    endloop
  endfacet
  facet normal 0 0 1
    outer loop
      vertex 3.5398217493770803 8.545885675729401 7
      vertex 3.533745852285817 2.361173490333309 7
      vertex 3.748165373480509 2.00343613151049 7
    endloop
  endfacet
  facet normal 0 0 1
    outer loop
      vertex 3.5398217493770803 8.545885675729401 7
      vertex 3.748165373480509 2.00343613151049 7
      vertex 3.9264880131729685 1.6264045875516315 7
    endloop
  endfacet
  facet normal 0 0 1
    outer loop
      vertex 4.360419815640478 8.157771695222284 7
      vertex 3.9264880131729685 1.6264045875516315 7
      vertex 4.066996426861888 1.2337098783314648 7
    endloop
  endfacet
  facet normal 0 0 1
    outer loop
      vertex 4.360419815640478 8.157771695222284 7
      vertex 4.066996426861888 1.2337098783314648 7
      vertex 4.16833744171373 0.8291338685685451 7
    endloop
  endfacet
  facet normal 0 0 1
    outer loop
      vertex 4.360419815640478 8.157771695222284 7
      vertex 4.16833744171373 0.8291338685685451 7
      vertex 4.229535088356837 0.4165728464006326 7
    endloop
  endfacet
  facet normal 0 0 1
    outer loop
      vertex 4.360419815640478 8.157771695222284 7
      vertex 4.229535088356837 0.4165728464006326 7
      vertex 4.25 0 7
    endloop
  endfacet
  facet normal 0 0 1
    outer loop
      vertex 4.360419815640478 8.157771695222284 7
      vertex 5.13902465543132 -7.691093913798543 7
      vertex 5.13902465543132 7.691093913798543 7
    endloop
  endfacet
  facet normal -0.04906767432741798 -0.9987954562051723 0
    outer loop
      vertex 0 4.25 0
      vertex 0.4165728464006326 4.229535088356837 7
      vertex 0 4.25 7
    endloop
  endfacet
  facet normal -0.14673047445536097 -0.9891765099647811 0
    outer loop
      vertex 0.4165728464006326 4.229535088356837 7
      vertex 0.4165728464006326 4.229535088356837 0
      vertex 0.8291338685685451 4.16833744171373 7
    endloop
  endfacet
  facet normal -0.24298017990326484 -0.9700312531945438 0
    outer loop
      vertex 0.8291338685685451 4.16833744171373 7
      vertex 0.8291338685685451 4.16833744171373 0
      vertex 1.2337098783314648 4.066996426861888 7
    endloop
  endfacet
  facet normal -0.3368898533922204 -0.9415440651830207 0
    outer loop
      vertex 1.2337098783314648 4.066996426861888 7
      vertex 1.2337098783314648 4.066996426861888 0
      vertex 1.6264045875516315 3.9264880131729685 7
    endloop
  endfacet
  facet normal -0.4275550934302817 -0.9039892931234436 0
    outer loop
      vertex 1.6264045875516315 3.9264880131729685 7
      vertex 1.6264045875516315 3.9264880131729685 0
      vertex 2.00343613151049 3.748165373480509 7
    endloop
  endfacet
  facet normal -0.5141027441932222 -0.8577286100002717 0
    outer loop
      vertex 2.00343613151049 3.748165373480509 7
      vertex 2.00343613151049 3.748165373480509 0
      vertex 2.361173490333309 3.533745852285817 7
    endloop
  endfacet
  facet normal -0.5956993044924327 -0.8032075314806453 0
    outer loop
      vertex 2.361173490333309 3.533745852285817 7
      vertex 2.361173490333309 3.533745852285817 0
      vertex 2.696171457695493 3.285294426791632 7
    endloop
  endfacet
  facet normal -0.6715589548470177 -0.7409511253549599 0
    outer loop
      vertex 2.696171457695493 3.285294426791632 0
      vertex 3.0052038200428273 3.0052038200428273 7
      vertex 2.696171457695493 3.285294426791632 7
    endloop
  endfacet
  facet normal -0.7409511253549599 -0.6715589548470177 0
    outer loop
      vertex 3.0052038200428273 3.0052038200428273 7
      vertex 3.0052038200428273 3.0052038200428273 0
      vertex 3.285294426791632 2.696171457695493 7
    endloop
  endfacet
  facet normal -0.8032075314806453 -0.5956993044924327 0
    outer loop
      vertex 3.533745852285817 2.361173490333309 7
      vertex 3.285294426791632 2.696171457695493 7
      vertex 3.285294426791632 2.696171457695493 0
    endloop
  endfacet
  facet normal -0.8577286100002717 -0.5141027441932222 0
    outer loop
      vertex 3.748165373480509 2.00343613151049 7
      vertex 3.533745852285817 2.361173490333309 7
      vertex 3.533745852285817 2.361173490333309 0
    endloop
  endfacet
  facet normal -0.9039892931234436 -0.4275550934302817 0
    outer loop
      vertex 3.9264880131729685 1.6264045875516315 7
      vertex 3.748165373480509 2.00343613151049 7
      vertex 3.748165373480509 2.00343613151049 0
    endloop
  endfacet
  facet normal -0.9415440651830207 -0.3368898533922204 0
    outer loop
      vertex 4.066996426861888 1.2337098783314648 7
      vertex 3.9264880131729685 1.6264045875516315 7
      vertex 3.9264880131729685 1.6264045875516315 0
    endloop
  endfacet
  facet normal -0.9700312531945438 -0.24298017990326484 0
    outer loop
      vertex 4.16833744171373 0.8291338685685451 7
      vertex 4.066996426861888 1.2337098783314648 7
      vertex 4.066996426861888 1.2337098783314648 0
    endloop
  endfacet
  facet normal -0.9891765099647811 -0.14673047445536097 0
    outer loop
      vertex 4.229535088356837 0.4165728464006326 7
      vertex 4.16833744171373 0.8291338685685451 7
      vertex 4.16833744171373 0.8291338685685451 0
    endloop
  endfacet
  facet normal -0.9987954562051723 -0.04906767432741798 0
    outer loop
      vertex 4.229535088356837 0.4165728464006326 7
      vertex 4.229535088356837 0.4165728464006326 0
      vertex 4.25 0 7
    endloop
  endfacet
  facet normal 0.5956993044924328 0.8032075314806453 0
    outer loop
      vertex 5.13902465543132 7.691093913798543 7
      vertex 5.86813787851372 7.150346693605317 7
      vertex 5.86813787851372 7.150346693605317 2
    endloop
  endfacet
  facet normal 0.6715589548470178 0.7409511253549597 0
    outer loop
      vertex 5.86813787851372 7.150346693605317 7
      vertex 6.540737725975565 6.540737725975565 7
      vertex 6.540737725975565 6.540737725975565 2
    endloop
  endfacet
  facet normal 0.7409511253549597 0.6715589548470178 0
    outer loop
      vertex 6.540737725975565 6.540737725975565 7
      vertex 7.150346693605317 5.86813787851372 7
      vertex 6.540737725975565 6.540737725975565 2
    endloop
  endfacet
  facet normal 0.8032075314806453 0.5956993044924328 0
    outer loop
      vertex 7.150346693605317 5.86813787851372 7
      vertex 7.691093913798543 5.13902465543132 7
      vertex 7.150346693605317 5.86813787851372 2
    endloop
  endfacet
  facet normal 0.6715589548470178 0.7409511253549597 0
    outer loop
      vertex 5.86813787851372 7.150346693605317 7
      vertex 6.540737725975565 6.540737725975565 2
      vertex 5.86813787851372 7.150346693605317 2
    endloop
  endfacet
  facet normal 0.7409511253549597 0.6715589548470178 0
    outer loop
      vertex 7.150346693605317 5.86813787851372 7
      vertex 7.150346693605317 5.86813787851372 2
      vertex 6.540737725975565 6.540737725975565 2
    endloop
  endfacet
  facet normal 0.8577286100002719 0.514102744193222 0
    outer loop
      vertex 7.691093913798543 5.13902465543132 7
      vertex 8.157771695222284 4.360419815640478 7
      vertex 7.691093913798543 5.13902465543132 2
    endloop
  endfacet
  facet normal 0.9039892931234436 0.42755509343028153 0
    outer loop
      vertex 8.157771695222284 4.360419815640478 7
      vertex 8.545885675729401 3.5398217493770803 7
      vertex 8.157771695222284 4.360419815640478 2
    endloop
  endfacet
  facet normal 0 0 1
    outer loop
      vertex 5.13902465543132 7.691093913798543 7
      vertex 5.86813787851372 -7.150346693605317 7
      vertex 5.86813787851372 7.150346693605317 7
    endloop
  endfacet
  facet normal 0 0 1
    outer loop
      vertex 5.86813787851372 7.150346693605317 7
      vertex 6.540737725975565 -6.540737725975565 7
      vertex 6.540737725975565 6.540737725975565 7
    endloop
  endfacet
  facet normal 0 0 1
    outer loop
      vertex 6.540737725975565 6.540737725975565 7
      vertex 7.150346693605317 -5.86813787851372 7
      vertex 7.150346693605317 5.86813787851372 7
    endloop
  endfacet
  facet normal 0 0 1
    outer loop
      vertex 7.150346693605317 5.86813787851372 7
      vertex 7.691093913798543 -5.13902465543132 7
      vertex 7.691093913798543 5.13902465543132 7
    endloop
  endfacet
  facet normal 0 0 1
    outer loop
      vertex 7.691093913798543 5.13902465543132 7
      vertex 8.157771695222284 -4.360419815640478 7
      vertex 8.157771695222284 4.360419815640478 7
    endloop
  endfacet
  facet normal 0 0 1
    outer loop
      vertex 8.157771695222284 4.360419815640478 7
      vertex 8.545885675729401 -3.5398217493770803 7
      vertex 8.545885675729401 3.5398217493770803 7
    endloop
  endfacet
  facet normal 0.9415440651830206 0.33688985339222055 0
    outer loop
      vertex 8.545885675729401 3.5398217493770803 7
      vertex 8.851698105522932 2.6851332646037767 7
      vertex 8.545885675729401 3.5398217493770803 2
    endloop
  endfacet
  facet normal 0 0 1
    outer loop
      vertex 8.545885675729401 3.5398217493770803 7
      vertex 8.851698105522932 -2.6851332646037767 7
      vertex 8.851698105522932 2.6851332646037767 7
    endloop
  endfacet
  facet normal 0 0 1
    outer loop
      vertex 8.851698105522932 2.6851332646037767 7
      vertex 9.072263843729882 -1.8045854786491864 7
      vertex 9.072263843729882 1.8045854786491864 7
    endloop
  endfacet
  facet normal 0 0 1
    outer loop
      vertex 9.072263843729882 1.8045854786491864 7
      vertex 9.205458721717822 -0.9066585480484356 7
      vertex 9.205458721717822 0.9066585480484356 7
    endloop
  endfacet
  facet normal 0.9700312531945439 0.24298017990326468 0
    outer loop
      vertex 8.851698105522932 2.6851332646037767 7
      vertex 9.072263843729882 1.8045854786491864 7
      vertex 8.851698105522932 2.6851332646037767 2
    endloop
  endfacet
  facet normal 0.9891765099647809 0.14673047445536197 0
    outer loop
      vertex 9.072263843729882 1.8045854786491864 7
      vertex 9.205458721717822 0.9066585480484356 7
      vertex 9.072263843729882 1.8045854786491864 2
    endloop
  endfacet
  facet normal 0.9987954562051723 0.049067674327417515 0
    outer loop
      vertex 9.205458721717822 0.9066585480484356 7
      vertex 9.25 0 7
      vertex 9.205458721717822 0.9066585480484356 2
    endloop
  endfacet
  facet normal 0.8032075314806453 0.5956993044924328 0
    outer loop
      vertex 7.691093913798543 5.13902465543132 7
      vertex 7.691093913798543 5.13902465543132 2
      vertex 7.150346693605317 5.86813787851372 2
    endloop
  endfacet
  facet normal 0.8577286100002719 0.514102744193222 0
    outer loop
      vertex 8.157771695222284 4.360419815640478 7
      vertex 8.157771695222284 4.360419815640478 2
      vertex 7.691093913798543 5.13902465543132 2
    endloop
  endfacet
  facet normal 0.9039892931234436 0.42755509343028153 0
    outer loop
      vertex 8.545885675729401 3.5398217493770803 7
      vertex 8.545885675729401 3.5398217493770803 2
      vertex 8.157771695222284 4.360419815640478 2
    endloop
  endfacet
  facet normal 0.9415440651830206 0.33688985339222055 0
    outer loop
      vertex 8.851698105522932 2.6851332646037767 7
      vertex 8.851698105522932 2.6851332646037767 2
      vertex 8.545885675729401 3.5398217493770803 2
    endloop
  endfacet
  facet normal 0.9700312531945439 0.24298017990326468 0
    outer loop
      vertex 9.072263843729882 1.8045854786491864 7
      vertex 9.072263843729882 1.8045854786491864 2
      vertex 8.851698105522932 2.6851332646037767 2
    endloop
  endfacet
  facet normal 0.9891765099647809 0.14673047445536197 0
    outer loop
      vertex 9.205458721717822 0.9066585480484356 7
      vertex 9.205458721717822 0.9066585480484356 2
      vertex 9.072263843729882 1.8045854786491864 2
    endloop
  endfacet
  facet normal 0.9987954562051723 0.049067674327417515 0
    outer loop
      vertex 9.205458721717822 0.9066585480484356 2
      vertex 9.25 0 7
      vertex 9.25 0 2
    endloop
  endfacet
  facet normal 0 0 1
    outer loop
      vertex 0 11.25 2
      vertex 0 9.25 2
      vertex 1.1026928287075568 11.195828175062216 2
    endloop
  endfacet
  facet normal 0 0 1
    outer loop
      vertex 1.1026928287075568 11.195828175062216 2
      vertex 0 9.25 2
      vertex 0.9066585480484356 9.205458721717822 2
    endloop
  endfacet
  facet normal 0 0 1
    outer loop
      vertex 1.1026928287075568 11.195828175062216 2
      vertex 0.9066585480484356 9.205458721717822 2
      vertex 2.1947661226814428 11.033834404536343 2
    endloop
  endfacet
  facet normal 0 0 1
    outer loop
      vertex 2.1947661226814428 11.033834404536343 2
      vertex 1.8045854786491864 9.072263843729882 2
      vertex 3.265702619112701 10.765578776987349 2
    endloop
  endfacet
  facet normal 0 0 1
    outer loop
      vertex 0.9066585480484356 9.205458721717822 2
      vertex 1.8045854786491864 9.072263843729882 2
      vertex 2.1947661226814428 11.033834404536343 2
    endloop
  endfacet
  facet normal 0 0 1
    outer loop
      vertex 1.8045854786491864 9.072263843729882 2
      vertex 2.6851332646037767 8.851698105522932 2
      vertex 3.265702619112701 10.765578776987349 2
    endloop
  endfacet
  facet normal 0 0 1
    outer loop
      vertex 2.6851332646037767 8.851698105522932 2
      vertex 4.30518861410726 10.393644740751975 2
      vertex 3.265702619112701 10.765578776987349 2
    endloop
  endfacet
  facet normal 0 0 1
    outer loop
      vertex 2.6851332646037767 8.851698105522932 2
      vertex 3.5398217493770803 8.545885675729401 2
      vertex 4.30518861410726 10.393644740751975 2
    endloop
  endfacet
  facet normal 0 0 1
    outer loop
      vertex 3.5398217493770803 8.545885675729401 2
      vertex 4.360419815640478 8.157771695222284 2
      vertex 4.30518861410726 10.393644740751975 2
    endloop
  endfacet
  facet normal 0 0 1
    outer loop
      vertex 4.30518861410726 10.393644740751975 2
      vertex 4.360419815640478 8.157771695222284 2
      vertex 5.303213289292473 9.921614223918994 2
    endloop
  endfacet
  facet normal 0 0 1
    outer loop
      vertex 5.303213289292473 9.921614223918994 2
      vertex 4.360419815640478 8.157771695222284 2
      vertex 5.13902465543132 7.691093913798543 2
    endloop
  endfacet
  facet normal 0 0 1
    outer loop
      vertex 5.303213289292473 9.921614223918994 2
      vertex 5.13902465543132 7.691093913798543 2
      vertex 6.250165121470524 9.354033138403635 2
    endloop
  endfacet
  facet normal 0.04906767432741713 0.9987954562051724 0
    outer loop
      vertex 0 11.25 2
      vertex 1.1026928287075568 11.195828175062216 2
      vertex 1.1026928287075568 11.195828175062216 0
    endloop
  endfacet
  facet normal 0.14673047445536244 0.9891765099647809 0
    outer loop
      vertex 1.1026928287075568 11.195828175062216 2
      vertex 2.1947661226814428 11.033834404536343 2
      vertex 2.1947661226814428 11.033834404536343 0
    endloop
  endfacet
  facet normal 0.04906767432741713 0.9987954562051724 0
    outer loop
      vertex 0 11.25 2
      vertex 1.1026928287075568 11.195828175062216 0
      vertex 0 11.25 0
    endloop
  endfacet
  facet normal 0 0 -1
    outer loop
      vertex 0 11.25 0
      vertex 1.1026928287075568 11.195828175062216 0
      vertex 0.4165728464006326 4.229535088356837 0
    endloop
  endfacet
  facet normal 0 0 -1
    outer loop
      vertex 1.1026928287075568 11.195828175062216 0
      vertex 2.1947661226814428 11.033834404536343 0
      vertex 0.8291338685685451 4.16833744171373 0
    endloop
  endfacet
  facet normal 0.14673047445536244 0.9891765099647809 0
    outer loop
      vertex 1.1026928287075568 11.195828175062216 2
      vertex 2.1947661226814428 11.033834404536343 0
      vertex 1.1026928287075568 11.195828175062216 0
    endloop
  endfacet
  facet normal 0.24298017990326498 0.9700312531945439 0
    outer loop
      vertex 2.1947661226814428 11.033834404536343 2
      vertex 3.265702619112701 10.765578776987349 0
      vertex 2.1947661226814428 11.033834404536343 0
    endloop
  endfacet
  facet normal 0 0 -1
    outer loop
      vertex 2.1947661226814428 11.033834404536343 0
      vertex 3.265702619112701 10.765578776987349 0
      vertex 2.00343613151049 3.748165373480509 0
    endloop
  endfacet
  facet normal 0 0 -1
    outer loop
      vertex 0 11.25 0
      vertex 0.4165728464006326 4.229535088356837 0
      vertex 0 4.25 0
    endloop
  endfacet
  facet normal 0 0 -1
    outer loop
      vertex 1.1026928287075568 11.195828175062216 0
      vertex 0.8291338685685451 4.16833744171373 0
      vertex 0.4165728464006326 4.229535088356837 0
    endloop
  endfacet
  facet normal 0 0 -1
    outer loop
      vertex 2.1947661226814428 11.033834404536343 0
      vertex 1.2337098783314648 4.066996426861888 0
      vertex 0.8291338685685451 4.16833744171373 0
    endloop
  endfacet
  facet normal 0 0 -1
    outer loop
      vertex 2.1947661226814428 11.033834404536343 0
      vertex 1.6264045875516315 3.9264880131729685 0
      vertex 1.2337098783314648 4.066996426861888 0
    endloop
  endfacet
  facet normal 0 0 -1
    outer loop
      vertex 2.1947661226814428 11.033834404536343 0
      vertex 2.00343613151049 3.748165373480509 0
      vertex 1.6264045875516315 3.9264880131729685 0
    endloop
  endfacet
  facet normal 0 0 -1
    outer loop
      vertex 3.265702619112701 10.765578776987349 0
      vertex 2.361173490333309 3.533745852285817 0
      vertex 2.00343613151049 3.748165373480509 0
    endloop
  endfacet
  facet normal 0 0 -1
    outer loop
      vertex 3.265702619112701 10.765578776987349 0
      vertex 2.696171457695493 3.285294426791632 0
      vertex 2.361173490333309 3.533745852285817 0
    endloop
  endfacet
  facet normal 0.24298017990326498 0.9700312531945439 0
    outer loop
      vertex 2.1947661226814428 11.033834404536343 2
      vertex 3.265702619112701 10.765578776987349 2
      vertex 3.265702619112701 10.765578776987349 0
    endloop
  endfacet
  facet normal 0.3368898533922195 0.941544065183021 0
    outer loop
      vertex 3.265702619112701 10.765578776987349 2
      vertex 4.30518861410726 10.393644740751975 2
      vertex 4.30518861410726 10.393644740751975 0
    endloop
  endfacet
  facet normal 0.4275550934302824 0.9039892931234432 0
    outer loop
      vertex 4.30518861410726 10.393644740751975 2
      vertex 5.303213289292473 9.921614223918994 2
      vertex 5.303213289292473 9.921614223918994 0
    endloop
  endfacet
  facet normal 0.3368898533922195 0.941544065183021 0
    outer loop
      vertex 3.265702619112701 10.765578776987349 2
      vertex 4.30518861410726 10.393644740751975 0
      vertex 3.265702619112701 10.765578776987349 0
    endloop
  endfacet
  facet normal 0.4275550934302824 0.9039892931234432 0
    outer loop
      vertex 4.30518861410726 10.393644740751975 2
      vertex 5.303213289292473 9.921614223918994 0
      vertex 4.30518861410726 10.393644740751975 0
    endloop
  endfacet
  facet normal 0.514102744193221 0.8577286100002726 0
    outer loop
      vertex 5.303213289292473 9.921614223918994 2
      vertex 6.250165121470524 9.354033138403635 0
      vertex 5.303213289292473 9.921614223918994 0
    endloop
  endfacet
  facet normal 0 0 -1
    outer loop
      vertex 3.265702619112701 10.765578776987349 0
      vertex 4.30518861410726 10.393644740751975 0
      vertex 3.0052038200428273 3.0052038200428273 0
    endloop
  endfacet
  facet normal 0 0 -1
    outer loop
      vertex 3.265702619112701 10.765578776987349 0
      vertex 3.0052038200428273 3.0052038200428273 0
      vertex 2.696171457695493 3.285294426791632 0
    endloop
  endfacet
  facet normal -0.04906767432741798 -0.9987954562051723 0
    outer loop
      vertex 0.4165728464006326 4.229535088356837 7
      vertex 0 4.25 0
      vertex 0.4165728464006326 4.229535088356837 0
    endloop
  endfacet
  facet normal -0.14673047445536097 -0.9891765099647811 0
    outer loop
      vertex 0.8291338685685451 4.16833744171373 7
      vertex 0.4165728464006326 4.229535088356837 0
      vertex 0.8291338685685451 4.16833744171373 0
    endloop
  endfacet
  facet normal -0.24298017990326484 -0.9700312531945438 0
    outer loop
      vertex 1.2337098783314648 4.066996426861888 7
      vertex 0.8291338685685451 4.16833744171373 0
      vertex 1.2337098783314648 4.066996426861888 0
    endloop
  endfacet
  facet normal -0.3368898533922204 -0.9415440651830207 0
    outer loop
      vertex 1.6264045875516315 3.9264880131729685 7
      vertex 1.2337098783314648 4.066996426861888 0
      vertex 1.6264045875516315 3.9264880131729685 0
    endloop
  endfacet
  facet normal -0.4275550934302817 -0.9039892931234436 0
    outer loop
      vertex 2.00343613151049 3.748165373480509 7
      vertex 1.6264045875516315 3.9264880131729685 0
      vertex 2.00343613151049 3.748165373480509 0
    endloop
  endfacet
  facet normal -0.5141027441932222 -0.8577286100002717 0
    outer loop
      vertex 2.361173490333309 3.533745852285817 7
      vertex 2.00343613151049 3.748165373480509 0
      vertex 2.361173490333309 3.533745852285817 0
    endloop
  endfacet
  facet normal -0.5956993044924327 -0.8032075314806453 0
    outer loop
      vertex 2.696171457695493 3.285294426791632 7
      vertex 2.361173490333309 3.533745852285817 0
      vertex 2.696171457695493 3.285294426791632 0
    endloop
  endfacet
  facet normal -0.6715589548470177 -0.7409511253549599 0
    outer loop
      vertex 3.0052038200428273 3.0052038200428273 7
      vertex 2.696171457695493 3.285294426791632 0
      vertex 3.0052038200428273 3.0052038200428273 0
    endloop
  endfacet
  facet normal -0.7409511253549599 -0.6715589548470177 0
    outer loop
      vertex 3.0052038200428273 3.0052038200428273 0
      vertex 3.285294426791632 2.696171457695493 0
      vertex 3.285294426791632 2.696171457695493 7
    endloop
  endfacet
  facet normal -0.8032075314806453 -0.5956993044924327 0
    outer loop
      vertex 3.533745852285817 2.361173490333309 7
      vertex 3.285294426791632 2.696171457695493 0
      vertex 3.533745852285817 2.361173490333309 0
    endloop
  endfacet
  facet normal -0.8577286100002717 -0.5141027441932222 0
    outer loop
      vertex 3.533745852285817 2.361173490333309 0
      vertex 3.748165373480509 2.00343613151049 0
      vertex 3.748165373480509 2.00343613151049 7
    endloop
  endfacet
  facet normal -0.9039892931234436 -0.4275550934302817 0
    outer loop
      vertex 3.748165373480509 2.00343613151049 0
      vertex 3.9264880131729685 1.6264045875516315 0
      vertex 3.9264880131729685 1.6264045875516315 7
    endloop
  endfacet
  facet normal -0.9415440651830207 -0.3368898533922204 0
    outer loop
      vertex 4.066996426861888 1.2337098783314648 7
      vertex 3.9264880131729685 1.6264045875516315 0
      vertex 4.066996426861888 1.2337098783314648 0
    endloop
  endfacet
  facet normal -0.9700312531945438 -0.24298017990326484 0
    outer loop
      vertex 4.16833744171373 0.8291338685685451 7
      vertex 4.066996426861888 1.2337098783314648 0
      vertex 4.16833744171373 0.8291338685685451 0
    endloop
  endfacet
  facet normal -0.9891765099647811 -0.14673047445536097 0
    outer loop
      vertex 4.229535088356837 0.4165728464006326 7
      vertex 4.16833744171373 0.8291338685685451 0
      vertex 4.229535088356837 0.4165728464006326 0
    endloop
  endfacet
  facet normal -0.9987954562051723 -0.04906767432741798 0
    outer loop
      vertex 4.25 0 7
      vertex 4.229535088356837 0.4165728464006326 0
      vertex 4.25 0 0
    endloop
  endfacet
  facet normal 0 0 -1
    outer loop
      vertex 4.30518861410726 10.393644740751975 0
      vertex 3.285294426791632 2.696171457695493 0
      vertex 3.0052038200428273 3.0052038200428273 0
    endloop
  endfacet
  facet normal 0 0 -1
    outer loop
      vertex 4.30518861410726 10.393644740751975 0
      vertex 3.533745852285817 2.361173490333309 0
      vertex 3.285294426791632 2.696171457695493 0
    endloop
  endfacet
  facet normal 0 0 -1
    outer loop
      vertex 4.30518861410726 10.393644740751975 0
      vertex 3.748165373480509 2.00343613151049 0
      vertex 3.533745852285817 2.361173490333309 0
    endloop
  endfacet
  facet normal 0 0 -1
    outer loop
      vertex 4.30518861410726 10.393644740751975 0
      vertex 3.9264880131729685 1.6264045875516315 0
      vertex 3.748165373480509 2.00343613151049 0
    endloop
  endfacet
  facet normal 0 0 -1
    outer loop
      vertex 4.30518861410726 10.393644740751975 0
      vertex 4.066996426861888 1.2337098783314648 0
      vertex 3.9264880131729685 1.6264045875516315 0
    endloop
  endfacet
  facet normal 0 0 -1
    outer loop
      vertex 4.30518861410726 10.393644740751975 0
      vertex 4.16833744171373 0.8291338685685451 0
      vertex 4.066996426861888 1.2337098783314648 0
    endloop
  endfacet
  facet normal 0 0 -1
    outer loop
      vertex 4.30518861410726 10.393644740751975 0
      vertex 4.229535088356837 0.4165728464006326 0
      vertex 4.16833744171373 0.8291338685685451 0
    endloop
  endfacet
  facet normal 0 0 -1
    outer loop
      vertex 4.30518861410726 10.393644740751975 0
      vertex 4.25 0 0
      vertex 4.229535088356837 0.4165728464006326 0
    endloop
  endfacet
  facet normal 0 0 -1
    outer loop
      vertex 4.30518861410726 10.393644740751975 0
      vertex 5.303213289292473 9.921614223918994 0
      vertex 4.30518861410726 -10.393644740751975 0
    endloop
  endfacet
  facet normal 0 0 -1
    outer loop
      vertex 5.303213289292473 9.921614223918994 0
      vertex 6.250165121470524 9.354033138403635 0
      vertex 5.303213289292473 -9.921614223918994 0
    endloop
  endfacet
  facet normal 0 0 1
    outer loop
      vertex 5.13902465543132 7.691093913798543 2
      vertex 5.86813787851372 7.150346693605317 2
      vertex 6.250165121470524 9.354033138403635 2
    endloop
  endfacet
  facet normal 0 0 1
    outer loop
      vertex 6.250165121470524 9.354033138403635 2
      vertex 5.86813787851372 7.150346693605317 2
      vertex 7.136924446841012 8.696367600330792 2
    endloop
  endfacet
  facet normal 0 0 1
    outer loop
      vertex 7.136924446841012 8.696367600330792 2
      vertex 5.86813787851372 7.150346693605317 2
      vertex 6.540737725975565 6.540737725975565 2
    endloop
  endfacet
  facet normal 0 0 1
    outer loop
      vertex 7.136924446841012 8.696367600330792 2
      vertex 6.540737725975565 6.540737725975565 2
      vertex 7.150346693605317 5.86813787851372 2
    endloop
  endfacet
  facet normal 0 0 1
    outer loop
      vertex 7.136924446841012 8.696367600330792 2
      vertex 7.150346693605317 5.86813787851372 2
      vertex 7.95495128834866 7.95495128834866 2
    endloop
  endfacet
  facet normal 0 0 1
    outer loop
      vertex 7.95495128834866 7.95495128834866 2
      vertex 7.150346693605317 5.86813787851372 2
      vertex 7.691093913798543 5.13902465543132 2
    endloop
  endfacet
  facet normal 0 0 1
    outer loop
      vertex 7.95495128834866 7.95495128834866 2
      vertex 7.691093913798543 5.13902465543132 2
      vertex 8.696367600330792 7.136924446841012 2
    endloop
  endfacet
  facet normal 0.514102744193221 0.8577286100002726 0
    outer loop
      vertex 5.303213289292473 9.921614223918994 2
      vertex 6.250165121470524 9.354033138403635 2
      vertex 6.250165121470524 9.354033138403635 0
    endloop
  endfacet
  facet normal 0.5956993044924329 0.8032075314806452 0
    outer loop
      vertex 6.250165121470524 9.354033138403635 2
      vertex 7.136924446841012 8.696367600330792 2
      vertex 7.136924446841012 8.696367600330792 0
    endloop
  endfacet
  facet normal 0.5956993044924329 0.8032075314806452 0
    outer loop
      vertex 6.250165121470524 9.354033138403635 2
      vertex 7.136924446841012 8.696367600330792 0
      vertex 6.250165121470524 9.354033138403635 0
    endloop
  endfacet
  facet normal 0.6715589548470186 0.740951125354959 0
    outer loop
      vertex 7.136924446841012 8.696367600330792 2
      vertex 7.95495128834866 7.95495128834866 0
      vertex 7.136924446841012 8.696367600330792 0
    endloop
  endfacet
  facet normal 0.6715589548470186 0.740951125354959 0
    outer loop
      vertex 7.136924446841012 8.696367600330792 2
      vertex 7.95495128834866 7.95495128834866 2
      vertex 7.95495128834866 7.95495128834866 0
    endloop
  endfacet
  facet normal 0.740951125354959 0.6715589548470186 0
    outer loop
      vertex 7.95495128834866 7.95495128834866 2
      vertex 8.696367600330792 7.136924446841012 2
      vertex 7.95495128834866 7.95495128834866 0
    endloop
  endfacet
  facet normal 0.8032075314806452 0.5956993044924329 0
    outer loop
      vertex 8.696367600330792 7.136924446841012 2
      vertex 9.354033138403635 6.250165121470524 2
      vertex 8.696367600330792 7.136924446841012 0
    endloop
  endfacet
  facet normal 0.8577286100002726 0.514102744193221 0
    outer loop
      vertex 9.354033138403635 6.250165121470524 2
      vertex 9.921614223918994 5.303213289292473 2
      vertex 9.354033138403635 6.250165121470524 0
    endloop
  endfacet
  facet normal 0.740951125354959 0.6715589548470186 0
    outer loop
      vertex 8.696367600330792 7.136924446841012 2
      vertex 8.696367600330792 7.136924446841012 0
      vertex 7.95495128834866 7.95495128834866 0
    endloop
  endfacet
  facet normal 0.8032075314806452 0.5956993044924329 0
    outer loop
      vertex 9.354033138403635 6.250165121470524 2
      vertex 9.354033138403635 6.250165121470524 0
      vertex 8.696367600330792 7.136924446841012 0
    endloop
  endfacet
  facet normal 0 0 1
    outer loop
      vertex 8.696367600330792 7.136924446841012 2
      vertex 7.691093913798543 5.13902465543132 2
      vertex 8.157771695222284 4.360419815640478 2
    endloop
  endfacet
  facet normal 0 0 1
    outer loop
      vertex 8.696367600330792 7.136924446841012 2
      vertex 8.157771695222284 4.360419815640478 2
      vertex 8.545885675729401 3.5398217493770803 2
    endloop
  endfacet
  facet normal 0 0 1
    outer loop
      vertex 8.696367600330792 7.136924446841012 2
      vertex 8.851698105522932 2.6851332646037767 2
      vertex 9.354033138403635 6.250165121470524 2
    endloop
  endfacet
  facet normal 0 0 1
    outer loop
      vertex 8.696367600330792 7.136924446841012 2
      vertex 8.545885675729401 3.5398217493770803 2
      vertex 8.851698105522932 2.6851332646037767 2
    endloop
  endfacet
  facet normal 0 0 1
    outer loop
      vertex 9.354033138403635 6.250165121470524 2
      vertex 8.851698105522932 2.6851332646037767 2
      vertex 9.072263843729882 1.8045854786491864 2
    endloop
  endfacet
  facet normal 0 0 1
    outer loop
      vertex 9.354033138403635 6.250165121470524 2
      vertex 9.072263843729882 1.8045854786491864 2
      vertex 9.205458721717822 0.9066585480484356 2
    endloop
  endfacet
  facet normal 0 0 1
    outer loop
      vertex 9.354033138403635 6.250165121470524 2
      vertex 9.205458721717822 0.9066585480484356 2
      vertex 9.25 0 2
    endloop
  endfacet
  facet normal 0 0 1
    outer loop
      vertex 9.354033138403635 6.250165121470524 2
      vertex 9.921614223918994 -5.303213289292473 2
      vertex 9.921614223918994 5.303213289292473 2
    endloop
  endfacet
  facet normal 0 0 1
    outer loop
      vertex 9.921614223918994 5.303213289292473 2
      vertex 10.393644740751975 -4.30518861410726 2
      vertex 10.393644740751975 4.30518861410726 2
    endloop
  endfacet
  facet normal 0 0 1
    outer loop
      vertex 10.393644740751975 4.30518861410726 2
      vertex 10.765578776987349 -3.265702619112701 2
      vertex 10.765578776987349 3.265702619112701 2
    endloop
  endfacet
  facet normal 0 0 1
    outer loop
      vertex 10.765578776987349 3.265702619112701 2
      vertex 11.033834404536343 -2.1947661226814428 2
      vertex 11.033834404536343 2.1947661226814428 2
    endloop
  endfacet
  facet normal 0 0 1
    outer loop
      vertex 11.033834404536343 2.1947661226814428 2
      vertex 11.195828175062216 -1.1026928287075568 2
      vertex 11.195828175062216 1.1026928287075568 2
    endloop
  endfacet
  facet normal 0 0 -1
    outer loop
      vertex 6.250165121470524 9.354033138403635 0
      vertex 7.136924446841012 8.696367600330792 0
      vertex 6.250165121470524 -9.354033138403635 0
    endloop
  endfacet
  facet normal 0 0 -1
    outer loop
      vertex 7.136924446841012 8.696367600330792 0
      vertex 7.95495128834866 7.95495128834866 0
      vertex 7.136924446841012 -8.696367600330792 0
    endloop
  endfacet
  facet normal 0 0 -1
    outer loop
      vertex 7.95495128834866 7.95495128834866 0
      vertex 8.696367600330792 7.136924446841012 0
      vertex 7.95495128834866 -7.95495128834866 0
    endloop
  endfacet
  facet normal 0.9039892931234432 0.4275550934302824 0
    outer loop
      vertex 9.921614223918994 5.303213289292473 2
      vertex 10.393644740751975 4.30518861410726 2
      vertex 9.921614223918994 5.303213289292473 0
    endloop
  endfacet
  facet normal 0.941544065183021 0.3368898533922195 0
    outer loop
      vertex 10.393644740751975 4.30518861410726 2
      vertex 10.765578776987349 3.265702619112701 2
      vertex 10.393644740751975 4.30518861410726 0
    endloop
  endfacet
  facet normal 0.9700312531945439 0.24298017990326498 0
    outer loop
      vertex 10.765578776987349 3.265702619112701 2
      vertex 11.033834404536343 2.1947661226814428 2
      vertex 10.765578776987349 3.265702619112701 0
    endloop
  endfacet
  facet normal 0.8577286100002726 0.514102744193221 0
    outer loop
      vertex 9.354033138403635 6.250165121470524 0
      vertex 9.921614223918994 5.303213289292473 2
      vertex 9.921614223918994 5.303213289292473 0
    endloop
  endfacet
  facet normal 0.9039892931234432 0.4275550934302824 0
    outer loop
      vertex 10.393644740751975 4.30518861410726 2
      vertex 10.393644740751975 4.30518861410726 0
      vertex 9.921614223918994 5.303213289292473 0
    endloop
  endfacet
  facet normal 0.941544065183021 0.3368898533922195 0
    outer loop
      vertex 10.765578776987349 3.265702619112701 2
      vertex 10.765578776987349 3.265702619112701 0
      vertex 10.393644740751975 4.30518861410726 0
    endloop
  endfacet
  facet normal 0.9891765099647809 0.14673047445536244 0
    outer loop
      vertex 11.033834404536343 2.1947661226814428 2
      vertex 11.195828175062216 1.1026928287075568 2
      vertex 11.033834404536343 2.1947661226814428 0
    endloop
  endfacet
  facet normal 0.9987954562051724 0.04906767432741713 0
    outer loop
      vertex 11.195828175062216 1.1026928287075568 2
      vertex 11.25 0 2
      vertex 11.195828175062216 1.1026928287075568 0
    endloop
  endfacet
  facet normal 0 0 -1
    outer loop
      vertex 8.696367600330792 7.136924446841012 0
      vertex 9.354033138403635 6.250165121470524 0
      vertex 8.696367600330792 -7.136924446841012 0
    endloop
  endfacet
  facet normal 0 0 -1
    outer loop
      vertex 9.354033138403635 6.250165121470524 0
      vertex 9.921614223918994 5.303213289292473 0
      vertex 9.354033138403635 -6.250165121470524 0
    endloop
  endfacet
  facet normal 0.9700312531945439 0.24298017990326498 0
    outer loop
      vertex 11.033834404536343 2.1947661226814428 2
      vertex 11.033834404536343 2.1947661226814428 0
      vertex 10.765578776987349 3.265702619112701 0
    endloop
  endfacet
  facet normal 0.9891765099647809 0.14673047445536244 0
    outer loop
      vertex 11.195828175062216 1.1026928287075568 2
      vertex 11.195828175062216 1.1026928287075568 0
      vertex 11.033834404536343 2.1947661226814428 0
    endloop
  endfacet
  facet normal 0 0 -1
    outer loop
      vertex 9.921614223918994 5.303213289292473 0
      vertex 10.393644740751975 4.30518861410726 0
      vertex 9.921614223918994 -5.303213289292473 0
    endloop
  endfacet
  facet normal 0.9987954562051724 0.04906767432741713 0
    outer loop
      vertex 11.195828175062216 1.1026928287075568 0
      vertex 11.25 0 2
      vertex 11.25 0 0
    endloop
  endfacet
  facet normal 0 0 -1
    outer loop
      vertex 10.393644740751975 4.30518861410726 0
      vertex 10.765578776987349 3.265702619112701 0
      vertex 10.393644740751975 -4.30518861410726 0
    endloop
  endfacet
  facet normal 0 0 -1
    outer loop
      vertex 10.765578776987349 3.265702619112701 0
      vertex 11.033834404536343 2.1947661226814428 0
      vertex 10.765578776987349 -3.265702619112701 0
    endloop
  endfacet
  facet normal 0 0 -1
    outer loop
      vertex 11.033834404536343 2.1947661226814428 0
      vertex 11.195828175062216 1.1026928287075568 0
      vertex 11.033834404536343 -2.1947661226814428 0
    endloop
  endfacet
  facet normal 0 0 1
    outer loop
      vertex 2.6851332646037767 -8.851698105522932 7
      vertex 2.00343613151049 -3.748165373480509 7
      vertex 1.6264045875516315 -3.9264880131729685 7
    endloop
  endfacet
  facet normal 0 0 1
    outer loop
      vertex 2.6851332646037767 -8.851698105522932 7
      vertex 2.361173490333309 -3.533745852285817 7
      vertex 2.00343613151049 -3.748165373480509 7
    endloop
  endfacet
  facet normal 0 0 1
    outer loop
      vertex 4.360419815640478 8.157771695222284 7
      vertex 4.25 0 7
      vertex 4.360419815640478 -8.157771695222284 7
    endloop
  endfacet
  facet normal 0 0 1
    outer loop
      vertex 4.360419815640478 8.157771695222284 7
      vertex 4.360419815640478 -8.157771695222284 7
      vertex 5.13902465543132 -7.691093913798543 7
    endloop
  endfacet
  facet normal 0 0 1
    outer loop
      vertex 5.13902465543132 7.691093913798543 7
      vertex 5.13902465543132 -7.691093913798543 7
      vertex 5.86813787851372 -7.150346693605317 7
    endloop
  endfacet
  facet normal 0 0 1
    outer loop
      vertex 4.360419815640478 -8.157771695222284 7
      vertex 4.16833744171373 -0.8291338685685451 7
      vertex 4.066996426861888 -1.2337098783314648 7
    endloop
  endfacet
  facet normal 0 0 1
    outer loop
      vertex 4.360419815640478 -8.157771695222284 7
      vertex 4.066996426861888 -1.2337098783314648 7
      vertex 3.9264880131729685 -1.6264045875516315 7
    endloop
  endfacet
  facet normal 0 0 1
    outer loop
      vertex 4.360419815640478 -8.157771695222284 7
      vertex 3.9264880131729685 -1.6264045875516315 7
      vertex 3.748165373480509 -2.00343613151049 7
    endloop
  endfacet
  facet normal 0 0 1
    outer loop
      vertex 4.360419815640478 -8.157771695222284 7
      vertex 3.748165373480509 -2.00343613151049 7
      vertex 3.533745852285817 -2.361173490333309 7
    endloop
  endfacet
  facet normal 0 0 1
    outer loop
      vertex 3.5398217493770803 -8.545885675729401 7
      vertex 3.533745852285817 -2.361173490333309 7
      vertex 3.285294426791632 -2.696171457695493 7
    endloop
  endfacet
  facet normal 0 0 1
    outer loop
      vertex 3.5398217493770803 -8.545885675729401 7
      vertex 3.285294426791632 -2.696171457695493 7
      vertex 3.0052038200428273 -3.0052038200428273 7
    endloop
  endfacet
  facet normal 0 0 1
    outer loop
      vertex 3.5398217493770803 -8.545885675729401 7
      vertex 2.696171457695493 -3.285294426791632 7
      vertex 2.361173490333309 -3.533745852285817 7
    endloop
  endfacet
  facet normal 0 0 1
    outer loop
      vertex 3.5398217493770803 -8.545885675729401 7
      vertex 3.0052038200428273 -3.0052038200428273 7
      vertex 2.696171457695493 -3.285294426791632 7
    endloop
  endfacet
  facet normal 0 0 1
    outer loop
      vertex 4.360419815640478 -8.157771695222284 7
      vertex 4.25 0 7
      vertex 4.229535088356837 -0.4165728464006326 7
    endloop
  endfacet
  facet normal 0 0 1
    outer loop
      vertex 4.360419815640478 -8.157771695222284 7
      vertex 4.229535088356837 -0.4165728464006326 7
      vertex 4.16833744171373 -0.8291338685685451 7
    endloop
  endfacet
  facet normal -0.14673047445536097 0.9891765099647811 0
    outer loop
      vertex 0.8291338685685451 -4.16833744171373 7
      vertex 0.8291338685685451 -4.16833744171373 0
      vertex 0.4165728464006326 -4.229535088356837 7
    endloop
  endfacet
  facet normal -0.24298017990326484 0.9700312531945438 0
    outer loop
      vertex 1.2337098783314648 -4.066996426861888 0
      vertex 0.8291338685685451 -4.16833744171373 7
      vertex 1.2337098783314648 -4.066996426861888 7
    endloop
  endfacet
  facet normal -0.04906767432741798 0.9987954562051723 0
    outer loop
      vertex 0.4165728464006326 -4.229535088356837 7
      vertex 0.4165728464006326 -4.229535088356837 0
      vertex 0 -4.25 7
    endloop
  endfacet
  facet normal -0.3368898533922204 0.9415440651830207 0
    outer loop
      vertex 1.6264045875516315 -3.9264880131729685 7
      vertex 1.6264045875516315 -3.9264880131729685 0
      vertex 1.2337098783314648 -4.066996426861888 7
    endloop
  endfacet
  facet normal -0.4275550934302817 0.9039892931234436 0
    outer loop
      vertex 2.00343613151049 -3.748165373480509 7
      vertex 2.00343613151049 -3.748165373480509 0
      vertex 1.6264045875516315 -3.9264880131729685 7
    endloop
  endfacet
  facet normal -0.5956993044924327 0.8032075314806453 0
    outer loop
      vertex 2.361173490333309 -3.533745852285817 7
      vertex 2.696171457695493 -3.285294426791632 7
      vertex 2.696171457695493 -3.285294426791632 0
    endloop
  endfacet
  facet normal -0.5141027441932222 0.8577286100002717 0
    outer loop
      vertex 2.361173490333309 -3.533745852285817 0
      vertex 2.00343613151049 -3.748165373480509 7
      vertex 2.361173490333309 -3.533745852285817 7
    endloop
  endfacet
  facet normal -0.9891765099647811 0.14673047445536097 0
    outer loop
      vertex 4.16833744171373 -0.8291338685685451 7
      vertex 4.229535088356837 -0.4165728464006326 7
      vertex 4.229535088356837 -0.4165728464006326 0
    endloop
  endfacet
  facet normal -0.9700312531945438 0.24298017990326484 0
    outer loop
      vertex 4.066996426861888 -1.2337098783314648 7
      vertex 4.16833744171373 -0.8291338685685451 7
      vertex 4.16833744171373 -0.8291338685685451 0
    endloop
  endfacet
  facet normal -0.9415440651830207 0.3368898533922204 0
    outer loop
      vertex 3.9264880131729685 -1.6264045875516315 7
      vertex 4.066996426861888 -1.2337098783314648 7
      vertex 4.066996426861888 -1.2337098783314648 0
    endloop
  endfacet
  facet normal -0.7409511253549599 0.6715589548470177 0
    outer loop
      vertex 3.0052038200428273 -3.0052038200428273 7
      vertex 3.285294426791632 -2.696171457695493 7
      vertex 3.285294426791632 -2.696171457695493 0
    endloop
  endfacet
  facet normal -0.8032075314806453 0.5956993044924327 0
    outer loop
      vertex 3.285294426791632 -2.696171457695493 7
      vertex 3.533745852285817 -2.361173490333309 7
      vertex 3.533745852285817 -2.361173490333309 0
    endloop
  endfacet
  facet normal -0.9039892931234436 0.4275550934302817 0
    outer loop
      vertex 3.748165373480509 -2.00343613151049 7
      vertex 3.9264880131729685 -1.6264045875516315 7
      vertex 3.9264880131729685 -1.6264045875516315 0
    endloop
  endfacet
  facet normal -0.8577286100002717 0.5141027441932222 0
    outer loop
      vertex 3.533745852285817 -2.361173490333309 7
      vertex 3.748165373480509 -2.00343613151049 7
      vertex 3.748165373480509 -2.00343613151049 0
    endloop
  endfacet
  facet normal -0.9987954562051723 0.04906767432741798 0
    outer loop
      vertex 4.25 0 7
      vertex 4.25 0 0
      vertex 4.229535088356837 -0.4165728464006326 7
    endloop
  endfacet
  facet normal -0.6715589548470177 0.7409511253549599 0
    outer loop
      vertex 2.696171457695493 -3.285294426791632 7
      vertex 3.0052038200428273 -3.0052038200428273 7
      vertex 3.0052038200428273 -3.0052038200428273 0
    endloop
  endfacet
  facet normal 0 0 1
    outer loop
      vertex 0 -9.25 7
      vertex 0.4165728464006326 -4.229535088356837 7
      vertex 0 -4.25 7
    endloop
  endfacet
  facet normal 0 0 1
    outer loop
      vertex 0.9066585480484356 -9.205458721717822 7
      vertex 0.8291338685685451 -4.16833744171373 7
      vertex 0.4165728464006326 -4.229535088356837 7
    endloop
  endfacet
  facet normal 0 0 1
    outer loop
      vertex 1.8045854786491864 -9.072263843729882 7
      vertex 1.2337098783314648 -4.066996426861888 7
      vertex 0.8291338685685451 -4.16833744171373 7
    endloop
  endfacet
  facet normal 0 0 1
    outer loop
      vertex 0 -9.25 7
      vertex 0.9066585480484356 -9.205458721717822 7
      vertex 0.4165728464006326 -4.229535088356837 7
    endloop
  endfacet
  facet normal 0 0 1
    outer loop
      vertex 0.9066585480484356 -9.205458721717822 7
      vertex 1.8045854786491864 -9.072263843729882 7
      vertex 0.8291338685685451 -4.16833744171373 7
    endloop
  endfacet
  facet normal 0 0 1
    outer loop
      vertex 1.8045854786491864 -9.072263843729882 7
      vertex 1.6264045875516315 -3.9264880131729685 7
      vertex 1.2337098783314648 -4.066996426861888 7
    endloop
  endfacet
  facet normal 0 0 1
    outer loop
      vertex 1.8045854786491864 -9.072263843729882 7
      vertex 2.6851332646037767 -8.851698105522932 7
      vertex 1.6264045875516315 -3.9264880131729685 7
    endloop
  endfacet
  facet normal 0.049067674327417515 -0.9987954562051723 0
    outer loop
      vertex 0 -9.25 7
      vertex 0 -9.25 2
      vertex 0.9066585480484356 -9.205458721717822 7
    endloop
  endfacet
  facet normal 0.14673047445536197 -0.9891765099647809 0
    outer loop
      vertex 0.9066585480484356 -9.205458721717822 7
      vertex 0.9066585480484356 -9.205458721717822 2
      vertex 1.8045854786491864 -9.072263843729882 7
    endloop
  endfacet
  facet normal 0.24298017990326468 -0.9700312531945439 0
    outer loop
      vertex 1.8045854786491864 -9.072263843729882 7
      vertex 1.8045854786491864 -9.072263843729882 2
      vertex 2.6851332646037767 -8.851698105522932 7
    endloop
  endfacet
  facet normal 0 0 1
    outer loop
      vertex 2.6851332646037767 -8.851698105522932 7
      vertex 3.5398217493770803 -8.545885675729401 7
      vertex 2.361173490333309 -3.533745852285817 7
    endloop
  endfacet
  facet normal 0 0 1
    outer loop
      vertex 4.360419815640478 -8.157771695222284 7
      vertex 3.533745852285817 -2.361173490333309 7
      vertex 3.5398217493770803 -8.545885675729401 7
    endloop
  endfacet
  facet normal 0.42755509343028153 -0.9039892931234436 0
    outer loop
      vertex 4.360419815640478 -8.157771695222284 7
      vertex 3.5398217493770803 -8.545885675729401 7
      vertex 3.5398217493770803 -8.545885675729401 2
    endloop
  endfacet
  facet normal 0.514102744193222 -0.8577286100002719 0
    outer loop
      vertex 4.360419815640478 -8.157771695222284 7
      vertex 4.360419815640478 -8.157771695222284 2
      vertex 5.13902465543132 -7.691093913798543 7
    endloop
  endfacet
  facet normal 0.5956993044924328 -0.8032075314806453 0
    outer loop
      vertex 5.13902465543132 -7.691093913798543 7
      vertex 5.13902465543132 -7.691093913798543 2
      vertex 5.86813787851372 -7.150346693605317 7
    endloop
  endfacet
  facet normal 0.33688985339222055 -0.9415440651830206 0
    outer loop
      vertex 2.6851332646037767 -8.851698105522932 7
      vertex 2.6851332646037767 -8.851698105522932 2
      vertex 3.5398217493770803 -8.545885675729401 7
    endloop
  endfacet
  facet normal 0.049067674327417515 -0.9987954562051723 0
    outer loop
      vertex 0.9066585480484356 -9.205458721717822 7
      vertex 0 -9.25 2
      vertex 0.9066585480484356 -9.205458721717822 2
    endloop
  endfacet
  facet normal 0.14673047445536197 -0.9891765099647809 0
    outer loop
      vertex 1.8045854786491864 -9.072263843729882 7
      vertex 0.9066585480484356 -9.205458721717822 2
      vertex 1.8045854786491864 -9.072263843729882 2
    endloop
  endfacet
  facet normal 0.24298017990326468 -0.9700312531945439 0
    outer loop
      vertex 2.6851332646037767 -8.851698105522932 7
      vertex 1.8045854786491864 -9.072263843729882 2
      vertex 2.6851332646037767 -8.851698105522932 2
    endloop
  endfacet
  facet normal 0.42755509343028153 -0.9039892931234436 0
    outer loop
      vertex 4.360419815640478 -8.157771695222284 7
      vertex 3.5398217493770803 -8.545885675729401 2
      vertex 4.360419815640478 -8.157771695222284 2
    endloop
  endfacet
  facet normal 0.514102744193222 -0.8577286100002719 0
    outer loop
      vertex 5.13902465543132 -7.691093913798543 7
      vertex 4.360419815640478 -8.157771695222284 2
      vertex 5.13902465543132 -7.691093913798543 2
    endloop
  endfacet
  facet normal 0.33688985339222055 -0.9415440651830206 0
    outer loop
      vertex 3.5398217493770803 -8.545885675729401 7
      vertex 2.6851332646037767 -8.851698105522932 2
      vertex 3.5398217493770803 -8.545885675729401 2
    endloop
  endfacet
  facet normal 0 0 1
    outer loop
      vertex 5.86813787851372 7.150346693605317 7
      vertex 5.86813787851372 -7.150346693605317 7
      vertex 6.540737725975565 -6.540737725975565 7
    endloop
  endfacet
  facet normal 0 0 1
    outer loop
      vertex 6.540737725975565 6.540737725975565 7
      vertex 6.540737725975565 -6.540737725975565 7
      vertex 7.150346693605317 -5.86813787851372 7
    endloop
  endfacet
  facet normal 0 0 1
    outer loop
      vertex 8.157771695222284 4.360419815640478 7
      vertex 8.157771695222284 -4.360419815640478 7
      vertex 8.545885675729401 -3.5398217493770803 7
    endloop
  endfacet
  facet normal 0 0 1
    outer loop
      vertex 7.150346693605317 5.86813787851372 7
      vertex 7.150346693605317 -5.86813787851372 7
      vertex 7.691093913798543 -5.13902465543132 7
    endloop
  endfacet
  facet normal 0 0 1
    outer loop
      vertex 7.691093913798543 5.13902465543132 7
      vertex 7.691093913798543 -5.13902465543132 7
      vertex 8.157771695222284 -4.360419815640478 7
    endloop
  endfacet
  facet normal 0.9039892931234436 -0.42755509343028153 0
    outer loop
      vertex 8.157771695222284 -4.360419815640478 7
      vertex 8.545885675729401 -3.5398217493770803 2
      vertex 8.545885675729401 -3.5398217493770803 7
    endloop
  endfacet
  facet normal 0.8032075314806453 -0.5956993044924328 0
    outer loop
      vertex 7.691093913798543 -5.13902465543132 7
      vertex 7.150346693605317 -5.86813787851372 7
      vertex 7.691093913798543 -5.13902465543132 2
    endloop
  endfacet
  facet normal 0.8577286100002719 -0.514102744193222 0
    outer loop
      vertex 7.691093913798543 -5.13902465543132 7
      vertex 8.157771695222284 -4.360419815640478 2
      vertex 8.157771695222284 -4.360419815640478 7
    endloop
  endfacet
  facet normal 0 0 1
    outer loop
      vertex 9.072263843729882 1.8045854786491864 7
      vertex 9.072263843729882 -1.8045854786491864 7
      vertex 9.205458721717822 -0.9066585480484356 7
    endloop
  endfacet
  facet normal 0 0 1
    outer loop
      vertex 8.851698105522932 2.6851332646037767 7
      vertex 8.851698105522932 -2.6851332646037767 7
      vertex 9.072263843729882 -1.8045854786491864 7
    endloop
  endfacet
  facet normal 0 0 1
    outer loop
      vertex 8.545885675729401 3.5398217493770803 7
      vertex 8.545885675729401 -3.5398217493770803 7
      vertex 8.851698105522932 -2.6851332646037767 7
    endloop
  endfacet
  facet normal 0 0 1
    outer loop
      vertex 9.205458721717822 0.9066585480484356 7
      vertex 9.205458721717822 -0.9066585480484356 7
      vertex 9.25 0 7
    endloop
  endfacet
  facet normal 0.9987954562051723 -0.049067674327417515 0
    outer loop
      vertex 9.25 0 7
      vertex 9.205458721717822 -0.9066585480484356 7
      vertex 9.25 0 2
    endloop
  endfacet
  facet normal 0.9891765099647809 -0.14673047445536197 0
    outer loop
      vertex 9.205458721717822 -0.9066585480484356 7
      vertex 9.072263843729882 -1.8045854786491864 7
      vertex 9.205458721717822 -0.9066585480484356 2
    endloop
  endfacet
  facet normal 0.9700312531945439 -0.24298017990326468 0
    outer loop
      vertex 9.072263843729882 -1.8045854786491864 7
      vertex 8.851698105522932 -2.6851332646037767 7
      vertex 9.072263843729882 -1.8045854786491864 2
    endloop
  endfacet
  facet normal 0.9415440651830206 -0.33688985339222055 0
    outer loop
      vertex 8.851698105522932 -2.6851332646037767 7
      vertex 8.545885675729401 -3.5398217493770803 7
      vertex 8.851698105522932 -2.6851332646037767 2
    endloop
  endfacet
  facet normal 0.9039892931234436 -0.42755509343028153 0
    outer loop
      vertex 8.157771695222284 -4.360419815640478 7
      vertex 8.157771695222284 -4.360419815640478 2
      vertex 8.545885675729401 -3.5398217493770803 2
    endloop
  endfacet
  facet normal 0.8577286100002719 -0.514102744193222 0
    outer loop
      vertex 7.691093913798543 -5.13902465543132 7
      vertex 7.691093913798543 -5.13902465543132 2
      vertex 8.157771695222284 -4.360419815640478 2
    endloop
  endfacet
  facet normal 0.9987954562051723 -0.049067674327417515 0
    outer loop
      vertex 9.205458721717822 -0.9066585480484356 7
      vertex 9.205458721717822 -0.9066585480484356 2
      vertex 9.25 0 2
    endloop
  endfacet
  facet normal 0.9891765099647809 -0.14673047445536197 0
    outer loop
      vertex 9.072263843729882 -1.8045854786491864 7
      vertex 9.072263843729882 -1.8045854786491864 2
      vertex 9.205458721717822 -0.9066585480484356 2
    endloop
  endfacet
  facet normal 0.9700312531945439 -0.24298017990326468 0
    outer loop
      vertex 8.851698105522932 -2.6851332646037767 7
      vertex 8.851698105522932 -2.6851332646037767 2
      vertex 9.072263843729882 -1.8045854786491864 2
    endloop
  endfacet
  facet normal 0.9415440651830206 -0.33688985339222055 0
    outer loop
      vertex 8.545885675729401 -3.5398217493770803 7
      vertex 8.545885675729401 -3.5398217493770803 2
      vertex 8.851698105522932 -2.6851332646037767 2
    endloop
  endfacet
  facet normal 0.6715589548470178 -0.7409511253549597 0
    outer loop
      vertex 6.540737725975565 -6.540737725975565 7
      vertex 5.86813787851372 -7.150346693605317 7
      vertex 5.86813787851372 -7.150346693605317 2
    endloop
  endfacet
  facet normal 0.7409511253549597 -0.6715589548470178 0
    outer loop
      vertex 6.540737725975565 -6.540737725975565 7
      vertex 7.150346693605317 -5.86813787851372 2
      vertex 7.150346693605317 -5.86813787851372 7
    endloop
  endfacet
  facet normal 0.6715589548470178 -0.7409511253549597 0
    outer loop
      vertex 6.540737725975565 -6.540737725975565 7
      vertex 5.86813787851372 -7.150346693605317 2
      vertex 6.540737725975565 -6.540737725975565 2
    endloop
  endfacet
  facet normal 0.7409511253549597 -0.6715589548470178 0
    outer loop
      vertex 6.540737725975565 -6.540737725975565 7
      vertex 6.540737725975565 -6.540737725975565 2
      vertex 7.150346693605317 -5.86813787851372 2
    endloop
  endfacet
  facet normal 0.5956993044924328 -0.8032075314806453 0
    outer loop
      vertex 5.86813787851372 -7.150346693605317 7
      vertex 5.13902465543132 -7.691093913798543 2
      vertex 5.86813787851372 -7.150346693605317 2
    endloop
  endfacet
  facet normal 0.8032075314806453 -0.5956993044924328 0
    outer loop
      vertex 7.150346693605317 -5.86813787851372 7
      vertex 7.150346693605317 -5.86813787851372 2
      vertex 7.691093913798543 -5.13902465543132 2
    endloop
  endfacet
  facet normal -0.14673047445536097 0.9891765099647811 0
    outer loop
      vertex 0.4165728464006326 -4.229535088356837 7
      vertex 0.8291338685685451 -4.16833744171373 0
      vertex 0.4165728464006326 -4.229535088356837 0
    endloop
  endfacet
  facet normal -0.24298017990326484 0.9700312531945438 0
    outer loop
      vertex 0.8291338685685451 -4.16833744171373 7
      vertex 1.2337098783314648 -4.066996426861888 0
      vertex 0.8291338685685451 -4.16833744171373 0
    endloop
  endfacet
  facet normal -0.3368898533922204 0.9415440651830207 0
    outer loop
      vertex 1.2337098783314648 -4.066996426861888 0
      vertex 1.2337098783314648 -4.066996426861888 7
      vertex 1.6264045875516315 -3.9264880131729685 0
    endloop
  endfacet
  facet normal -0.04906767432741798 0.9987954562051723 0
    outer loop
      vertex 0 -4.25 0
      vertex 0 -4.25 7
      vertex 0.4165728464006326 -4.229535088356837 0
    endloop
  endfacet
  facet normal -0.4275550934302817 0.9039892931234436 0
    outer loop
      vertex 1.6264045875516315 -3.9264880131729685 7
      vertex 2.00343613151049 -3.748165373480509 0
      vertex 1.6264045875516315 -3.9264880131729685 0
    endloop
  endfacet
  facet normal -0.5956993044924327 0.8032075314806453 0
    outer loop
      vertex 2.361173490333309 -3.533745852285817 0
      vertex 2.361173490333309 -3.533745852285817 7
      vertex 2.696171457695493 -3.285294426791632 0
    endloop
  endfacet
  facet normal -0.6715589548470177 0.7409511253549599 0
    outer loop
      vertex 2.696171457695493 -3.285294426791632 7
      vertex 3.0052038200428273 -3.0052038200428273 0
      vertex 2.696171457695493 -3.285294426791632 0
    endloop
  endfacet
  facet normal -0.5141027441932222 0.8577286100002717 0
    outer loop
      vertex 2.00343613151049 -3.748165373480509 7
      vertex 2.361173490333309 -3.533745852285817 0
      vertex 2.00343613151049 -3.748165373480509 0
    endloop
  endfacet
  facet normal -0.9891765099647811 0.14673047445536097 0
    outer loop
      vertex 4.16833744171373 -0.8291338685685451 7
      vertex 4.229535088356837 -0.4165728464006326 0
      vertex 4.16833744171373 -0.8291338685685451 0
    endloop
  endfacet
  facet normal -0.9700312531945438 0.24298017990326484 0
    outer loop
      vertex 4.066996426861888 -1.2337098783314648 7
      vertex 4.16833744171373 -0.8291338685685451 0
      vertex 4.066996426861888 -1.2337098783314648 0
    endloop
  endfacet
  facet normal -0.8032075314806453 0.5956993044924327 0
    outer loop
      vertex 3.285294426791632 -2.696171457695493 7
      vertex 3.533745852285817 -2.361173490333309 0
      vertex 3.285294426791632 -2.696171457695493 0
    endloop
  endfacet
  facet normal -0.9039892931234436 0.4275550934302817 0
    outer loop
      vertex 3.748165373480509 -2.00343613151049 7
      vertex 3.9264880131729685 -1.6264045875516315 0
      vertex 3.748165373480509 -2.00343613151049 0
    endloop
  endfacet
  facet normal -0.9415440651830207 0.3368898533922204 0
    outer loop
      vertex 3.9264880131729685 -1.6264045875516315 7
      vertex 4.066996426861888 -1.2337098783314648 0
      vertex 3.9264880131729685 -1.6264045875516315 0
    endloop
  endfacet
  facet normal -0.8577286100002717 0.5141027441932222 0
    outer loop
      vertex 3.748165373480509 -2.00343613151049 0
      vertex 3.533745852285817 -2.361173490333309 0
      vertex 3.533745852285817 -2.361173490333309 7
    endloop
  endfacet
  facet normal -0.9987954562051723 0.04906767432741798 0
    outer loop
      vertex 4.229535088356837 -0.4165728464006326 7
      vertex 4.25 0 0
      vertex 4.229535088356837 -0.4165728464006326 0
    endloop
  endfacet
  facet normal -0.7409511253549599 0.6715589548470177 0
    outer loop
      vertex 3.0052038200428273 -3.0052038200428273 7
      vertex 3.285294426791632 -2.696171457695493 0
      vertex 3.0052038200428273 -3.0052038200428273 0
    endloop
  endfacet
  facet normal 0 0 -1
    outer loop
      vertex 4.30518861410726 10.393644740751975 0
      vertex 4.30518861410726 -10.393644740751975 0
      vertex 4.25 0 0
    endloop
  endfacet
  facet normal 0 0 -1
    outer loop
      vertex 4.30518861410726 -10.393644740751975 0
      vertex 4.066996426861888 -1.2337098783314648 0
      vertex 4.16833744171373 -0.8291338685685451 0
    endloop
  endfacet
  facet normal 0 0 -1
    outer loop
      vertex 3.265702619112701 -10.765578776987349 0
      vertex 3.0052038200428273 -3.0052038200428273 0
      vertex 3.285294426791632 -2.696171457695493 0
    endloop
  endfacet
  facet normal 0 0 -1
    outer loop
      vertex 3.265702619112701 -10.765578776987349 0
      vertex 3.285294426791632 -2.696171457695493 0
      vertex 3.533745852285817 -2.361173490333309 0
    endloop
  endfacet
  facet normal 0 0 -1
    outer loop
      vertex 4.30518861410726 -10.393644740751975 0
      vertex 3.9264880131729685 -1.6264045875516315 0
      vertex 4.066996426861888 -1.2337098783314648 0
    endloop
  endfacet
  facet normal 0 0 -1
    outer loop
      vertex 4.30518861410726 -10.393644740751975 0
      vertex 3.748165373480509 -2.00343613151049 0
      vertex 3.9264880131729685 -1.6264045875516315 0
    endloop
  endfacet
  facet normal 0 0 -1
    outer loop
      vertex 3.265702619112701 -10.765578776987349 0
      vertex 3.533745852285817 -2.361173490333309 0
      vertex 3.748165373480509 -2.00343613151049 0
    endloop
  endfacet
  facet normal 0 0 -1
    outer loop
      vertex 4.30518861410726 -10.393644740751975 0
      vertex 4.229535088356837 -0.4165728464006326 0
      vertex 4.25 0 0
    endloop
  endfacet
  facet normal 0 0 -1
    outer loop
      vertex 4.30518861410726 -10.393644740751975 0
      vertex 4.16833744171373 -0.8291338685685451 0
      vertex 4.229535088356837 -0.4165728464006326 0
    endloop
  endfacet
  facet normal 0 0 -1
    outer loop
      vertex 5.303213289292473 9.921614223918994 0
      vertex 5.303213289292473 -9.921614223918994 0
      vertex 4.30518861410726 -10.393644740751975 0
    endloop
  endfacet
  facet normal 0 0 1
    outer loop
      vertex 0.9066585480484356 -9.205458721717822 2
      vertex 1.1026928287075568 -11.195828175062216 2
      vertex 1.8045854786491864 -9.072263843729882 2
    endloop
  endfacet
  facet normal 0 0 1
    outer loop
      vertex 0 -9.25 2
      vertex 0 -11.25 2
      vertex 0.9066585480484356 -9.205458721717822 2
    endloop
  endfacet
  facet normal 0 0 1
    outer loop
      vertex 0.9066585480484356 -9.205458721717822 2
      vertex 0 -11.25 2
      vertex 1.1026928287075568 -11.195828175062216 2
    endloop
  endfacet
  facet normal 0 0 1
    outer loop
      vertex 1.8045854786491864 -9.072263843729882 2
      vertex 2.1947661226814428 -11.033834404536343 2
      vertex 2.6851332646037767 -8.851698105522932 2
    endloop
  endfacet
  facet normal 0 0 1
    outer loop
      vertex 1.1026928287075568 -11.195828175062216 2
      vertex 2.1947661226814428 -11.033834404536343 2
      vertex 1.8045854786491864 -9.072263843729882 2
    endloop
  endfacet
  facet normal 0 0 1
    outer loop
      vertex 2.6851332646037767 -8.851698105522932 2
      vertex 2.1947661226814428 -11.033834404536343 2
      vertex 3.265702619112701 -10.765578776987349 2
    endloop
  endfacet
  facet normal 0 0 1
    outer loop
      vertex 5.13902465543132 -7.691093913798543 2
      vertex 5.303213289292473 -9.921614223918994 2
      vertex 5.86813787851372 -7.150346693605317 2
    endloop
  endfacet
  facet normal 0 0 1
    outer loop
      vertex 2.6851332646037767 -8.851698105522932 2
      vertex 3.265702619112701 -10.765578776987349 2
      vertex 3.5398217493770803 -8.545885675729401 2
    endloop
  endfacet
  facet normal 0 0 1
    outer loop
      vertex 4.360419815640478 -8.157771695222284 2
      vertex 3.5398217493770803 -8.545885675729401 2
      vertex 4.30518861410726 -10.393644740751975 2
    endloop
  endfacet
  facet normal 0 0 1
    outer loop
      vertex 3.5398217493770803 -8.545885675729401 2
      vertex 3.265702619112701 -10.765578776987349 2
      vertex 4.30518861410726 -10.393644740751975 2
    endloop
  endfacet
  facet normal 0 0 1
    outer loop
      vertex 4.360419815640478 -8.157771695222284 2
      vertex 4.30518861410726 -10.393644740751975 2
      vertex 5.303213289292473 -9.921614223918994 2
    endloop
  endfacet
  facet normal 0 0 1
    outer loop
      vertex 4.360419815640478 -8.157771695222284 2
      vertex 5.303213289292473 -9.921614223918994 2
      vertex 5.13902465543132 -7.691093913798543 2
    endloop
  endfacet
  facet normal 0 0 -1
    outer loop
      vertex 0 -11.25 0
      vertex 0 -4.25 0
      vertex 0.4165728464006326 -4.229535088356837 0
    endloop
  endfacet
  facet normal 0 0 -1
    outer loop
      vertex 1.1026928287075568 -11.195828175062216 0
      vertex 0.4165728464006326 -4.229535088356837 0
      vertex 0.8291338685685451 -4.16833744171373 0
    endloop
  endfacet
  facet normal 0 0 -1
    outer loop
      vertex 1.1026928287075568 -11.195828175062216 0
      vertex 0.8291338685685451 -4.16833744171373 0
      vertex 1.2337098783314648 -4.066996426861888 0
    endloop
  endfacet
  facet normal 0 0 -1
    outer loop
      vertex 1.1026928287075568 -11.195828175062216 0
      vertex 1.2337098783314648 -4.066996426861888 0
      vertex 1.6264045875516315 -3.9264880131729685 0
    endloop
  endfacet
  facet normal 0 0 -1
    outer loop
      vertex 2.1947661226814428 -11.033834404536343 0
      vertex 1.6264045875516315 -3.9264880131729685 0
      vertex 2.00343613151049 -3.748165373480509 0
    endloop
  endfacet
  facet normal 0 0 -1
    outer loop
      vertex 2.1947661226814428 -11.033834404536343 0
      vertex 2.361173490333309 -3.533745852285817 0
      vertex 2.696171457695493 -3.285294426791632 0
    endloop
  endfacet
  facet normal 0 0 -1
    outer loop
      vertex 2.1947661226814428 -11.033834404536343 0
      vertex 2.00343613151049 -3.748165373480509 0
      vertex 2.361173490333309 -3.533745852285817 0
    endloop
  endfacet
  facet normal 0 0 -1
    outer loop
      vertex 2.1947661226814428 -11.033834404536343 0
      vertex 2.696171457695493 -3.285294426791632 0
      vertex 3.265702619112701 -10.765578776987349 0
    endloop
  endfacet
  facet normal 0.04906767432741713 -0.9987954562051724 0
    outer loop
      vertex 0 -11.25 2
      vertex 0 -11.25 0
      vertex 1.1026928287075568 -11.195828175062216 2
    endloop
  endfacet
  facet normal 0.14673047445536244 -0.9891765099647809 0
    outer loop
      vertex 1.1026928287075568 -11.195828175062216 2
      vertex 1.1026928287075568 -11.195828175062216 0
      vertex 2.1947661226814428 -11.033834404536343 2
    endloop
  endfacet
  facet normal 0.24298017990326498 -0.9700312531945439 0
    outer loop
      vertex 2.1947661226814428 -11.033834404536343 2
      vertex 2.1947661226814428 -11.033834404536343 0
      vertex 3.265702619112701 -10.765578776987349 2
    endloop
  endfacet
  facet normal 0 0 -1
    outer loop
      vertex 0 -11.25 0
      vertex 0.4165728464006326 -4.229535088356837 0
      vertex 1.1026928287075568 -11.195828175062216 0
    endloop
  endfacet
  facet normal 0.04906767432741713 -0.9987954562051724 0
    outer loop
      vertex 1.1026928287075568 -11.195828175062216 2
      vertex 0 -11.25 0
      vertex 1.1026928287075568 -11.195828175062216 0
    endloop
  endfacet
  facet normal 0 0 -1
    outer loop
      vertex 1.1026928287075568 -11.195828175062216 0
      vertex 1.6264045875516315 -3.9264880131729685 0
      vertex 2.1947661226814428 -11.033834404536343 0
    endloop
  endfacet
  facet normal 0.14673047445536244 -0.9891765099647809 0
    outer loop
      vertex 2.1947661226814428 -11.033834404536343 2
      vertex 1.1026928287075568 -11.195828175062216 0
      vertex 2.1947661226814428 -11.033834404536343 0
    endloop
  endfacet
  facet normal 0 0 -1
    outer loop
      vertex 3.265702619112701 -10.765578776987349 0
      vertex 2.696171457695493 -3.285294426791632 0
      vertex 3.0052038200428273 -3.0052038200428273 0
    endloop
  endfacet
  facet normal 0 0 -1
    outer loop
      vertex 3.265702619112701 -10.765578776987349 0
      vertex 3.748165373480509 -2.00343613151049 0
      vertex 4.30518861410726 -10.393644740751975 0
    endloop
  endfacet
  facet normal 0.3368898533922195 -0.941544065183021 0
    outer loop
      vertex 3.265702619112701 -10.765578776987349 2
      vertex 3.265702619112701 -10.765578776987349 0
      vertex 4.30518861410726 -10.393644740751975 2
    endloop
  endfacet
  facet normal 0.514102744193221 -0.8577286100002726 0
    outer loop
      vertex 5.303213289292473 -9.921614223918994 2
      vertex 5.303213289292473 -9.921614223918994 0
      vertex 6.250165121470524 -9.354033138403635 2
    endloop
  endfacet
  facet normal 0.4275550934302824 -0.9039892931234432 0
    outer loop
      vertex 4.30518861410726 -10.393644740751975 2
      vertex 4.30518861410726 -10.393644740751975 0
      vertex 5.303213289292473 -9.921614223918994 2
    endloop
  endfacet
  facet normal 0.24298017990326498 -0.9700312531945439 0
    outer loop
      vertex 3.265702619112701 -10.765578776987349 2
      vertex 2.1947661226814428 -11.033834404536343 0
      vertex 3.265702619112701 -10.765578776987349 0
    endloop
  endfacet
  facet normal 0.3368898533922195 -0.941544065183021 0
    outer loop
      vertex 4.30518861410726 -10.393644740751975 2
      vertex 3.265702619112701 -10.765578776987349 0
      vertex 4.30518861410726 -10.393644740751975 0
    endloop
  endfacet
  facet normal 0.4275550934302824 -0.9039892931234432 0
    outer loop
      vertex 5.303213289292473 -9.921614223918994 2
      vertex 4.30518861410726 -10.393644740751975 0
      vertex 5.303213289292473 -9.921614223918994 0
    endloop
  endfacet
  facet normal 0 0 1
    outer loop
      vertex 9.354033138403635 6.250165121470524 2
      vertex 9.25 0 2
      vertex 9.354033138403635 -6.250165121470524 2
    endloop
  endfacet
  facet normal 0 0 1
    outer loop
      vertex 9.354033138403635 6.250165121470524 2
      vertex 9.354033138403635 -6.250165121470524 2
      vertex 9.921614223918994 -5.303213289292473 2
    endloop
  endfacet
  facet normal 0 0 1
    outer loop
      vertex 9.25 0 2
      vertex 9.205458721717822 -0.9066585480484356 2
      vertex 9.354033138403635 -6.250165121470524 2
    endloop
  endfacet
  facet normal 0 0 1
    outer loop
      vertex 10.393644740751975 4.30518861410726 2
      vertex 10.393644740751975 -4.30518861410726 2
      vertex 10.765578776987349 -3.265702619112701 2
    endloop
  endfacet
  facet normal 0 0 1
    outer loop
      vertex 11.195828175062216 1.1026928287075568 2
      vertex 11.195828175062216 -1.1026928287075568 2
      vertex 11.25 0 2
    endloop
  endfacet
  facet normal 0 0 1
    outer loop
      vertex 11.033834404536343 2.1947661226814428 2
      vertex 11.033834404536343 -2.1947661226814428 2
      vertex 11.195828175062216 -1.1026928287075568 2
    endloop
  endfacet
  facet normal 0 0 1
    outer loop
      vertex 10.765578776987349 3.265702619112701 2
      vertex 10.765578776987349 -3.265702619112701 2
      vertex 11.033834404536343 -2.1947661226814428 2
    endloop
  endfacet
  facet normal 0 0 1
    outer loop
      vertex 9.921614223918994 5.303213289292473 2
      vertex 9.921614223918994 -5.303213289292473 2
      vertex 10.393644740751975 -4.30518861410726 2
    endloop
  endfacet
  facet normal 0 0 1
    outer loop
      vertex 9.072263843729882 -1.8045854786491864 2
      vertex 8.851698105522932 -2.6851332646037767 2
      vertex 9.354033138403635 -6.250165121470524 2
    endloop
  endfacet
  facet normal 0 0 1
    outer loop
      vertex 9.205458721717822 -0.9066585480484356 2
      vertex 9.072263843729882 -1.8045854786491864 2
      vertex 9.354033138403635 -6.250165121470524 2
    endloop
  endfacet
  facet normal 0 0 1
    outer loop
      vertex 8.851698105522932 -2.6851332646037767 2
      vertex 8.545885675729401 -3.5398217493770803 2
      vertex 8.696367600330792 -7.136924446841012 2
    endloop
  endfacet
  facet normal 0 0 1
    outer loop
      vertex 8.157771695222284 -4.360419815640478 2
      vertex 8.696367600330792 -7.136924446841012 2
      vertex 8.545885675729401 -3.5398217493770803 2
    endloop
  endfacet
  facet normal 0 0 1
    outer loop
      vertex 8.851698105522932 -2.6851332646037767 2
      vertex 8.696367600330792 -7.136924446841012 2
      vertex 9.354033138403635 -6.250165121470524 2
    endloop
  endfacet
  facet normal 0 0 -1
    outer loop
      vertex 6.250165121470524 9.354033138403635 0
      vertex 6.250165121470524 -9.354033138403635 0
      vertex 5.303213289292473 -9.921614223918994 0
    endloop
  endfacet
  facet normal 0 0 -1
    outer loop
      vertex 7.136924446841012 8.696367600330792 0
      vertex 7.136924446841012 -8.696367600330792 0
      vertex 6.250165121470524 -9.354033138403635 0
    endloop
  endfacet
  facet normal 0 0 -1
    outer loop
      vertex 7.95495128834866 7.95495128834866 0
      vertex 7.95495128834866 -7.95495128834866 0
      vertex 7.136924446841012 -8.696367600330792 0
    endloop
  endfacet
  facet normal 0.9987954562051724 -0.04906767432741713 0
    outer loop
      vertex 11.25 0 2
      vertex 11.195828175062216 -1.1026928287075568 2
      vertex 11.25 0 0
    endloop
  endfacet
  facet normal 0.9891765099647809 -0.14673047445536244 0
    outer loop
      vertex 11.195828175062216 -1.1026928287075568 2
      vertex 11.033834404536343 -2.1947661226814428 2
      vertex 11.195828175062216 -1.1026928287075568 0
    endloop
  endfacet
  facet normal 0.9700312531945439 -0.24298017990326498 0
    outer loop
      vertex 11.033834404536343 -2.1947661226814428 2
      vertex 10.765578776987349 -3.265702619112701 2
      vertex 11.033834404536343 -2.1947661226814428 0
    endloop
  endfacet
  facet normal 0 0 -1
    outer loop
      vertex 8.696367600330792 7.136924446841012 0
      vertex 8.696367600330792 -7.136924446841012 0
      vertex 7.95495128834866 -7.95495128834866 0
    endloop
  endfacet
  facet normal 0 0 -1
    outer loop
      vertex 9.354033138403635 6.250165121470524 0
      vertex 9.354033138403635 -6.250165121470524 0
      vertex 8.696367600330792 -7.136924446841012 0
    endloop
  endfacet
  facet normal 0 0 -1
    outer loop
      vertex 9.921614223918994 5.303213289292473 0
      vertex 9.921614223918994 -5.303213289292473 0
      vertex 9.354033138403635 -6.250165121470524 0
    endloop
  endfacet
  facet normal 0.9987954562051724 -0.04906767432741713 0
    outer loop
      vertex 11.195828175062216 -1.1026928287075568 2
      vertex 11.195828175062216 -1.1026928287075568 0
      vertex 11.25 0 0
    endloop
  endfacet
  facet normal 0 0 -1
    outer loop
      vertex 11.195828175062216 1.1026928287075568 0
      vertex 11.25 0 0
      vertex 11.195828175062216 -1.1026928287075568 0
    endloop
  endfacet
  facet normal 0 0 -1
    outer loop
      vertex 11.195828175062216 1.1026928287075568 0
      vertex 11.195828175062216 -1.1026928287075568 0
      vertex 11.033834404536343 -2.1947661226814428 0
    endloop
  endfacet
  facet normal 0 0 -1
    outer loop
      vertex 11.033834404536343 2.1947661226814428 0
      vertex 11.033834404536343 -2.1947661226814428 0
      vertex 10.765578776987349 -3.265702619112701 0
    endloop
  endfacet
  facet normal 0.9891765099647809 -0.14673047445536244 0
    outer loop
      vertex 11.033834404536343 -2.1947661226814428 2
      vertex 11.033834404536343 -2.1947661226814428 0
      vertex 11.195828175062216 -1.1026928287075568 0
    endloop
  endfacet
  facet normal 0 0 -1
    outer loop
      vertex 10.393644740751975 4.30518861410726 0
      vertex 10.393644740751975 -4.30518861410726 0
      vertex 9.921614223918994 -5.303213289292473 0
    endloop
  endfacet
  facet normal 0 0 -1
    outer loop
      vertex 10.765578776987349 3.265702619112701 0
      vertex 10.765578776987349 -3.265702619112701 0
      vertex 10.393644740751975 -4.30518861410726 0
    endloop
  endfacet
  facet normal 0.8577286100002726 -0.514102744193221 0
    outer loop
      vertex 9.921614223918994 -5.303213289292473 2
      vertex 9.354033138403635 -6.250165121470524 2
      vertex 9.921614223918994 -5.303213289292473 0
    endloop
  endfacet
  facet normal 0.941544065183021 -0.3368898533922195 0
    outer loop
      vertex 10.765578776987349 -3.265702619112701 2
      vertex 10.393644740751975 -4.30518861410726 2
      vertex 10.765578776987349 -3.265702619112701 0
    endloop
  endfacet
  facet normal 0.9039892931234432 -0.4275550934302824 0
    outer loop
      vertex 10.393644740751975 -4.30518861410726 2
      vertex 9.921614223918994 -5.303213289292473 2
      vertex 10.393644740751975 -4.30518861410726 0
    endloop
  endfacet
  facet normal 0.941544065183021 -0.3368898533922195 0
    outer loop
      vertex 10.393644740751975 -4.30518861410726 2
      vertex 10.393644740751975 -4.30518861410726 0
      vertex 10.765578776987349 -3.265702619112701 0
    endloop
  endfacet
  facet normal 0.9700312531945439 -0.24298017990326498 0
    outer loop
      vertex 10.765578776987349 -3.265702619112701 2
      vertex 10.765578776987349 -3.265702619112701 0
      vertex 11.033834404536343 -2.1947661226814428 0
    endloop
  endfacet
  facet normal 0.9039892931234432 -0.4275550934302824 0
    outer loop
      vertex 9.921614223918994 -5.303213289292473 2
      vertex 9.921614223918994 -5.303213289292473 0
      vertex 10.393644740751975 -4.30518861410726 0
    endloop
  endfacet
  facet normal 0 0 1
    outer loop
      vertex 6.540737725975565 -6.540737725975565 2
      vertex 5.86813787851372 -7.150346693605317 2
      vertex 6.250165121470524 -9.354033138403635 2
    endloop
  endfacet
  facet normal 0 0 1
    outer loop
      vertex 6.540737725975565 -6.540737725975565 2
      vertex 7.136924446841012 -8.696367600330792 2
      vertex 7.150346693605317 -5.86813787851372 2
    endloop
  endfacet
  facet normal 0 0 1
    outer loop
      vertex 6.540737725975565 -6.540737725975565 2
      vertex 6.250165121470524 -9.354033138403635 2
      vertex 7.136924446841012 -8.696367600330792 2
    endloop
  endfacet
  facet normal 0 0 1
    outer loop
      vertex 7.691093913798543 -5.13902465543132 2
      vertex 7.150346693605317 -5.86813787851372 2
      vertex 7.95495128834866 -7.95495128834866 2
    endloop
  endfacet
  facet normal 0 0 1
    outer loop
      vertex 7.691093913798543 -5.13902465543132 2
      vertex 7.95495128834866 -7.95495128834866 2
      vertex 8.157771695222284 -4.360419815640478 2
    endloop
  endfacet
  facet normal 0 0 1
    outer loop
      vertex 8.157771695222284 -4.360419815640478 2
      vertex 7.95495128834866 -7.95495128834866 2
      vertex 8.696367600330792 -7.136924446841012 2
    endloop
  endfacet
  facet normal 0 0 1
    outer loop
      vertex 7.150346693605317 -5.86813787851372 2
      vertex 7.136924446841012 -8.696367600330792 2
      vertex 7.95495128834866 -7.95495128834866 2
    endloop
  endfacet
  facet normal 0 0 1
    outer loop
      vertex 5.303213289292473 -9.921614223918994 2
      vertex 6.250165121470524 -9.354033138403635 2
      vertex 5.86813787851372 -7.150346693605317 2
    endloop
  endfacet
  facet normal 0.6715589548470186 -0.740951125354959 0
    outer loop
      vertex 7.95495128834866 -7.95495128834866 2
      vertex 7.136924446841012 -8.696367600330792 0
      vertex 7.95495128834866 -7.95495128834866 0
    endloop
  endfacet
  facet normal 0.740951125354959 -0.6715589548470186 0
    outer loop
      vertex 7.95495128834866 -7.95495128834866 2
      vertex 7.95495128834866 -7.95495128834866 0
      vertex 8.696367600330792 -7.136924446841012 0
    endloop
  endfacet
  facet normal 0.5956993044924329 -0.8032075314806452 0
    outer loop
      vertex 6.250165121470524 -9.354033138403635 2
      vertex 6.250165121470524 -9.354033138403635 0
      vertex 7.136924446841012 -8.696367600330792 2
    endloop
  endfacet
  facet normal 0.6715589548470186 -0.740951125354959 0
    outer loop
      vertex 7.95495128834866 -7.95495128834866 2
      vertex 7.136924446841012 -8.696367600330792 2
      vertex 7.136924446841012 -8.696367600330792 0
    endloop
  endfacet
  facet normal 0.514102744193221 -0.8577286100002726 0
    outer loop
      vertex 5.303213289292473 -9.921614223918994 0
      vertex 6.250165121470524 -9.354033138403635 0
      vertex 6.250165121470524 -9.354033138403635 2
    endloop
  endfacet
  facet normal 0.5956993044924329 -0.8032075314806452 0
    outer loop
      vertex 7.136924446841012 -8.696367600330792 2
      vertex 6.250165121470524 -9.354033138403635 0
      vertex 7.136924446841012 -8.696367600330792 0
    endloop
  endfacet
  facet normal 0.8032075314806452 -0.5956993044924329 0
    outer loop
      vertex 9.354033138403635 -6.250165121470524 2
      vertex 8.696367600330792 -7.136924446841012 2
      vertex 9.354033138403635 -6.250165121470524 0
    endloop
  endfacet
  facet normal 0.740951125354959 -0.6715589548470186 0
    outer loop
      vertex 7.95495128834866 -7.95495128834866 2
      vertex 8.696367600330792 -7.136924446841012 0
      vertex 8.696367600330792 -7.136924446841012 2
    endloop
  endfacet
  facet normal 0.8032075314806452 -0.5956993044924329 0
    outer loop
      vertex 8.696367600330792 -7.136924446841012 2
      vertex 8.696367600330792 -7.136924446841012 0
      vertex 9.354033138403635 -6.250165121470524 0
    endloop
  endfacet
  facet normal 0.8577286100002726 -0.514102744193221 0
    outer loop
      vertex 9.921614223918994 -5.303213289292473 0
      vertex 9.354033138403635 -6.250165121470524 2
      vertex 9.354033138403635 -6.250165121470524 0
    endloop
  endfacet
endsolid OpenSCAD_Model
