solid OpenSCAD_Model
  facet normal -0.7409511253549589 0.6715589548470187 0
    outer loop
      vertex -5.833630944789017 5.833630944789017 7
      vertex -6.37733624024258 5.2337445943500756 2
      vertex -6.37733624024258 5.2337445943500756 7
    endloop
  endfacet
  facet normal -0.6715589548470187 0.7409511253549589 0
    outer loop
      vertex -5.833630944789017 5.833630944789017 7
      vertex -5.2337445943500756 6.37733624024258 7
      vertex -5.2337445943500756 6.37733624024258 2
    endloop
  endfacet
  facet normal -0.7409511253549589 0.6715589548470187 0
    outer loop
      vertex -5.833630944789017 5.833630944789017 7
      vertex -5.833630944789017 5.833630944789017 2
      vertex -6.37733624024258 5.2337445943500756 2
    endloop
  endfacet
  facet normal -0.6715589548470187 0.7409511253549589 0
    outer loop
      vertex -5.833630944789017 5.833630944789017 7
      vertex -5.2337445943500756 6.37733624024258 2
      vertex -5.833630944789017 5.833630944789017 2
    endloop
  endfacet
  facet normal -0.9415440651830208 0.33688985339222005 0
    outer loop
      vertex -7.894757769790723 2.394848587349314 7
      vertex -7.622006143218115 3.1571383170119907 7
      vertex -7.894757769790723 2.394848587349314 2
    endloop
  endfacet
  facet normal 0 0 1
    outer loop
      vertex -7.894757769790723 2.394848587349314 7
      vertex -7.622006143218115 -3.1571383170119907 7
      vertex -7.622006143218115 3.1571383170119907 7
    endloop
  endfacet
  facet normal 0 0 1
    outer loop
      vertex -8.091478563326651 1.609495156633058 7
      vertex -8.210273995045625 0.8086414077188749 7
      vertex -8.091478563326651 -1.609495156633058 7
    endloop
  endfacet
  facet normal 0 0 1
    outer loop
      vertex -7.894757769790723 2.394848587349314 7
      vertex -8.091478563326651 1.609495156633058 7
      vertex -7.894757769790723 -2.394848587349314 7
    endloop
  endfacet
  facet normal -0.9700312531945438 0.24298017990326445 0
    outer loop
      vertex -7.894757769790723 2.394848587349314 7
      vertex -8.091478563326651 1.609495156633058 2
      vertex -8.091478563326651 1.609495156633058 7
    endloop
  endfacet
  facet normal -0.9891765099647808 0.14673047445536275 0
    outer loop
      vertex -8.091478563326651 1.609495156633058 7
      vertex -8.210273995045625 0.8086414077188749 2
      vertex -8.210273995045625 0.8086414077188749 7
    endloop
  endfacet
  facet normal -0.9987954562051723 0.04906767432741669 0
    outer loop
      vertex -8.210273995045625 0.8086414077188749 7
      vertex -8.25 0 2
      vertex -8.25 0 7
    endloop
  endfacet
  facet normal -0.8577286100002715 0.5141027441932227 0
    outer loop
      vertex -7.27585043087393 3.8890230788144806 7
      vertex -6.859624301495998 4.583454422411718 7
      vertex -7.27585043087393 3.8890230788144806 2
    endloop
  endfacet
  facet normal -0.8032075314806454 0.5956993044924325 0
    outer loop
      vertex -6.37733624024258 5.2337445943500756 7
      vertex -6.859624301495998 4.583454422411718 2
      vertex -6.859624301495998 4.583454422411718 7
    endloop
  endfacet
  facet normal -0.9039892931234437 0.42755509343028114 0
    outer loop
      vertex -7.27585043087393 3.8890230788144806 7
      vertex -7.622006143218115 3.1571383170119907 2
      vertex -7.622006143218115 3.1571383170119907 7
    endloop
  endfacet
  facet normal 0 0 1
    outer loop
      vertex -7.27585043087393 3.8890230788144806 7
      vertex -6.859624301495998 -4.583454422411718 7
      vertex -6.859624301495998 4.583454422411718 7
    endloop
  endfacet
  facet normal 0 0 1
    outer loop
      vertex -6.37733624024258 5.2337445943500756 7
      vertex -6.859624301495998 4.583454422411718 7
      vertex -6.37733624024258 -5.2337445943500756 7
    endloop
  endfacet
  facet normal 0 0 1
    outer loop
      vertex -7.27585043087393 3.8890230788144806 7
      vertex -7.622006143218115 3.1571383170119907 7
      vertex -7.27585043087393 -3.8890230788144806 7
    endloop
  endfacet
  facet normal 0 0 1
    outer loop
      vertex -5.833630944789017 5.833630944789017 7
      vertex -6.37733624024258 5.2337445943500756 7
      vertex -5.833630944789017 -5.833630944789017 7
    endloop
  endfacet
  facet normal 0 0 1
    outer loop
      vertex -5.833630944789017 5.833630944789017 7
      vertex -5.2337445943500756 -6.37733624024258 7
      vertex -5.2337445943500756 6.37733624024258 7
    endloop
  endfacet
  facet normal -0.9415440651830208 0.33688985339222005 0
    outer loop
      vertex -7.622006143218115 3.1571383170119907 7
      vertex -7.622006143218115 3.1571383170119907 2
      vertex -7.894757769790723 2.394848587349314 2
    endloop
  endfacet
  facet normal -0.9700312531945438 0.24298017990326445 0
    outer loop
      vertex -7.894757769790723 2.394848587349314 7
      vertex -7.894757769790723 2.394848587349314 2
      vertex -8.091478563326651 1.609495156633058 2
    endloop
  endfacet
  facet normal -0.9891765099647808 0.14673047445536275 0
    outer loop
      vertex -8.091478563326651 1.609495156633058 7
      vertex -8.091478563326651 1.609495156633058 2
      vertex -8.210273995045625 0.8086414077188749 2
    endloop
  endfacet
  facet normal -0.9987954562051723 0.04906767432741669 0
    outer loop
      vertex -8.210273995045625 0.8086414077188749 7
      vertex -8.210273995045625 0.8086414077188749 2
      vertex -8.25 0 2
    endloop
  endfacet
  facet normal -0.8032075314806454 0.5956993044924325 0
    outer loop
      vertex -6.37733624024258 5.2337445943500756 7
      vertex -6.37733624024258 5.2337445943500756 2
      vertex -6.859624301495998 4.583454422411718 2
    endloop
  endfacet
  facet normal -0.8577286100002715 0.5141027441932227 0
    outer loop
      vertex -6.859624301495998 4.583454422411718 7
      vertex -6.859624301495998 4.583454422411718 2
      vertex -7.27585043087393 3.8890230788144806 2
    endloop
  endfacet
  facet normal -0.9039892931234437 0.42755509343028114 0
    outer loop
      vertex -7.27585043087393 3.8890230788144806 7
      vertex -7.27585043087393 3.8890230788144806 2
      vertex -7.622006143218115 3.1571383170119907 2
    endloop
  endfacet
  facet normal -0.33688985339222005 0.9415440651830208 0
    outer loop
      vertex -3.1571383170119907 7.622006143218115 7
      vertex -2.394848587349314 7.894757769790723 7
      vertex -2.394848587349314 7.894757769790723 2
    endloop
  endfacet
  facet normal 0 0 1
    outer loop
      vertex -3.8890230788144806 7.27585043087393 7
      vertex -3.1100560911296786 0.9434252010770026 7
      vertex -3.1571383170119907 7.622006143218115 7
    endloop
  endfacet
  facet normal 0 0 1
    outer loop
      vertex -3.1571383170119907 7.622006143218115 7
      vertex -2.29809703885628 2.29809703885628 7
      vertex -2.394848587349314 7.894757769790723 7
    endloop
  endfacet
  facet normal -0.5956993044924325 0.8032075314806454 0
    outer loop
      vertex -5.2337445943500756 6.37733624024258 7
      vertex -4.583454422411718 6.859624301495998 7
      vertex -4.583454422411718 6.859624301495998 2
    endloop
  endfacet
  facet normal -0.5141027441932227 0.8577286100002715 0
    outer loop
      vertex -4.583454422411718 6.859624301495998 7
      vertex -3.8890230788144806 7.27585043087393 7
      vertex -3.8890230788144806 7.27585043087393 2
    endloop
  endfacet
  facet normal -0.42755509343028114 0.9039892931234437 0
    outer loop
      vertex -3.8890230788144806 7.27585043087393 7
      vertex -3.1571383170119907 7.622006143218115 7
      vertex -3.1571383170119907 7.622006143218115 2
    endloop
  endfacet
  facet normal -0.24298017990326445 0.9700312531945438 0
    outer loop
      vertex -2.394848587349314 7.894757769790723 7
      vertex -1.609495156633058 8.091478563326651 7
      vertex -1.609495156633058 8.091478563326651 2
    endloop
  endfacet
  facet normal -0.14673047445536275 0.9891765099647808 0
    outer loop
      vertex -1.609495156633058 8.091478563326651 7
      vertex -0.8086414077188749 8.210273995045625 7
      vertex -0.8086414077188749 8.210273995045625 2
    endloop
  endfacet
  facet normal -0.04906767432741669 0.9987954562051723 0
    outer loop
      vertex -0.8086414077188749 8.210273995045625 7
      vertex 0 8.25 7
      vertex 0 8.25 2
    endloop
  endfacet
  facet normal 0 0 1
    outer loop
      vertex -2.394848587349314 7.894757769790723 7
      vertex -1.5320393946844924 2.866244109132154 7
      vertex -1.609495156633058 8.091478563326651 7
    endloop
  endfacet
  facet normal 0 0 1
    outer loop
      vertex -1.609495156633058 8.091478563326651 7
      vertex -0.6340435465524168 3.187552161310499 7
      vertex -0.8086414077188749 8.210273995045625 7
    endloop
  endfacet
  facet normal 0 0 1
    outer loop
      vertex -0.8086414077188749 8.210273995045625 7
      vertex -0.318555706071072 3.23435036168464 7
      vertex 0 8.25 7
    endloop
  endfacet
  facet normal -0.33688985339222005 0.9415440651830208 0
    outer loop
      vertex -3.1571383170119907 7.622006143218115 7
      vertex -2.394848587349314 7.894757769790723 2
      vertex -3.1571383170119907 7.622006143218115 2
    endloop
  endfacet
  facet normal -0.5956993044924325 0.8032075314806454 0
    outer loop
      vertex -5.2337445943500756 6.37733624024258 7
      vertex -4.583454422411718 6.859624301495998 2
      vertex -5.2337445943500756 6.37733624024258 2
    endloop
  endfacet
  facet normal -0.5141027441932227 0.8577286100002715 0
    outer loop
      vertex -4.583454422411718 6.859624301495998 7
      vertex -3.8890230788144806 7.27585043087393 2
      vertex -4.583454422411718 6.859624301495998 2
    endloop
  endfacet
  facet normal -0.42755509343028114 0.9039892931234437 0
    outer loop
      vertex -3.8890230788144806 7.27585043087393 7
      vertex -3.1571383170119907 7.622006143218115 2
      vertex -3.8890230788144806 7.27585043087393 2
    endloop
  endfacet
  facet normal -0.24298017990326445 0.9700312531945438 0
    outer loop
      vertex -2.394848587349314 7.894757769790723 7
      vertex -1.609495156633058 8.091478563326651 2
      vertex -2.394848587349314 7.894757769790723 2
    endloop
  endfacet
  facet normal -0.14673047445536275 0.9891765099647808 0
    outer loop
      vertex -1.609495156633058 8.091478563326651 7
      vertex -0.8086414077188749 8.210273995045625 2
      vertex -1.609495156633058 8.091478563326651 2
    endloop
  endfacet
  facet normal -0.04906767432741669 0.9987954562051723 0
    outer loop
      vertex -0.8086414077188749 8.210273995045625 7
      vertex 0 8.25 2
      vertex -0.8086414077188749 8.210273995045625 2
    endloop
  endfacet
  facet normal 0 0 1
    outer loop
      vertex -3.1571383170119907 7.622006143218115 7
      vertex -2.5122839734288953 2.061778173531848 7
      vertex -2.29809703885628 2.29809703885628 7
    endloop
  endfacet
  facet normal 0 0 1
    outer loop
      vertex -3.8890230788144806 7.27585043087393 7
      vertex -3.187552161310499 0.6340435465524168 7
      vertex -3.1100560911296786 0.9434252010770026 7
    endloop
  endfacet
  facet normal 0 0 1
    outer loop
      vertex -3.8890230788144806 7.27585043087393 7
      vertex -3.23435036168464 0.318555706071072 7
      vertex -3.187552161310499 0.6340435465524168 7
    endloop
  endfacet
  facet normal 0 0 1
    outer loop
      vertex -3.1571383170119907 7.622006143218115 7
      vertex -2.866244109132154 1.5320393946844924 7
      vertex -2.702276239983272 1.805603257313707 7
    endloop
  endfacet
  facet normal 0 0 1
    outer loop
      vertex -3.1571383170119907 7.622006143218115 7
      vertex -3.1100560911296786 0.9434252010770026 7
      vertex -3.002608480661682 1.2437211551865417 7
    endloop
  endfacet
  facet normal 0 0 1
    outer loop
      vertex -3.1571383170119907 7.622006143218115 7
      vertex -3.002608480661682 1.2437211551865417 7
      vertex -2.866244109132154 1.5320393946844924 7
    endloop
  endfacet
  facet normal 0 0 1
    outer loop
      vertex -3.1571383170119907 7.622006143218115 7
      vertex -2.702276239983272 1.805603257313707 7
      vertex -2.5122839734288953 2.061778173531848 7
    endloop
  endfacet
  facet normal 0 0 1
    outer loop
      vertex -5.2337445943500756 6.37733624024258 7
      vertex -4.583454422411718 -6.859624301495998 7
      vertex -4.583454422411718 6.859624301495998 7
    endloop
  endfacet
  facet normal 0 0 1
    outer loop
      vertex -4.583454422411718 6.859624301495998 7
      vertex -3.8890230788144806 -7.27585043087393 7
      vertex -3.8890230788144806 7.27585043087393 7
    endloop
  endfacet
  facet normal 0 0 1
    outer loop
      vertex -3.8890230788144806 7.27585043087393 7
      vertex -3.25 0 7
      vertex -3.23435036168464 0.318555706071072 7
    endloop
  endfacet
  facet normal 0 0 1
    outer loop
      vertex -2.394848587349314 7.894757769790723 7
      vertex -2.29809703885628 2.29809703885628 7
      vertex -2.061778173531848 2.5122839734288953 7
    endloop
  endfacet
  facet normal 0 0 1
    outer loop
      vertex -2.394848587349314 7.894757769790723 7
      vertex -2.061778173531848 2.5122839734288953 7
      vertex -1.805603257313707 2.702276239983272 7
    endloop
  endfacet
  facet normal 0 0 1
    outer loop
      vertex -2.394848587349314 7.894757769790723 7
      vertex -1.805603257313707 2.702276239983272 7
      vertex -1.5320393946844924 2.866244109132154 7
    endloop
  endfacet
  facet normal 0 0 1
    outer loop
      vertex -1.609495156633058 8.091478563326651 7
      vertex -1.5320393946844924 2.866244109132154 7
      vertex -1.2437211551865417 3.002608480661682 7
    endloop
  endfacet
  facet normal 0 0 1
    outer loop
      vertex -1.609495156633058 8.091478563326651 7
      vertex -1.2437211551865417 3.002608480661682 7
      vertex -0.9434252010770026 3.1100560911296786 7
    endloop
  endfacet
  facet normal 0 0 1
    outer loop
      vertex -1.609495156633058 8.091478563326651 7
      vertex -0.9434252010770026 3.1100560911296786 7
      vertex -0.6340435465524168 3.187552161310499 7
    endloop
  endfacet
  facet normal 0 0 1
    outer loop
      vertex -0.8086414077188749 8.210273995045625 7
      vertex -0.6340435465524168 3.187552161310499 7
      vertex -0.318555706071072 3.23435036168464 7
    endloop
  endfacet
  facet normal 0 0 1
    outer loop
      vertex 0 8.25 7
      vertex -0.318555706071072 3.23435036168464 7
      vertex 0 3.25 7
    endloop
  endfacet
  facet normal 0.9039892931234436 -0.42755509343028164 0
    outer loop
      vertex -2.866244109132154 1.5320393946844924 7
      vertex -3.002608480661682 1.2437211551865417 7
      vertex -3.002608480661682 1.2437211551865417 0
    endloop
  endfacet
  facet normal 0.8577286100002715 -0.5141027441932228 0
    outer loop
      vertex -2.702276239983272 1.805603257313707 7
      vertex -2.866244109132154 1.5320393946844924 7
      vertex -2.866244109132154 1.5320393946844924 0
    endloop
  endfacet
  facet normal 0.8032075314806456 -0.5956993044924322 0
    outer loop
      vertex -2.5122839734288953 2.061778173531848 7
      vertex -2.702276239983272 1.805603257313707 7
      vertex -2.702276239983272 1.805603257313707 0
    endloop
  endfacet
  facet normal 0.9891765099647808 -0.14673047445536258 0
    outer loop
      vertex -3.187552161310499 0.6340435465524168 7
      vertex -3.23435036168464 0.318555706071072 7
      vertex -3.23435036168464 0.318555706071072 0
    endloop
  endfacet
  facet normal 0.9987954562051724 -0.0490676743274174 0
    outer loop
      vertex -3.23435036168464 0.318555706071072 7
      vertex -3.25 0 7
      vertex -3.25 0 0
    endloop
  endfacet
  facet normal 0.941544065183021 -0.3368898533922195 0
    outer loop
      vertex -3.002608480661682 1.2437211551865417 7
      vertex -3.1100560911296786 0.9434252010770026 7
      vertex -3.1100560911296786 0.9434252010770026 0
    endloop
  endfacet
  facet normal 0.9700312531945439 -0.2429801799032643 0
    outer loop
      vertex -3.1100560911296786 0.9434252010770026 7
      vertex -3.187552161310499 0.6340435465524168 7
      vertex -3.187552161310499 0.6340435465524168 0
    endloop
  endfacet
  facet normal 0.5956993044924322 -0.8032075314806456 0
    outer loop
      vertex -2.061778173531848 2.5122839734288953 7
      vertex -2.061778173531848 2.5122839734288953 0
      vertex -1.805603257313707 2.702276239983272 7
    endloop
  endfacet
  facet normal 0.5141027441932228 -0.8577286100002715 0
    outer loop
      vertex -1.805603257313707 2.702276239983272 7
      vertex -1.805603257313707 2.702276239983272 0
      vertex -1.5320393946844924 2.866244109132154 7
    endloop
  endfacet
  facet normal 0.42755509343028164 -0.9039892931234436 0
    outer loop
      vertex -1.5320393946844924 2.866244109132154 0
      vertex -1.2437211551865417 3.002608480661682 7
      vertex -1.5320393946844924 2.866244109132154 7
    endloop
  endfacet
  facet normal 0.3368898533922195 -0.941544065183021 0
    outer loop
      vertex -1.2437211551865417 3.002608480661682 7
      vertex -1.2437211551865417 3.002608480661682 0
      vertex -0.9434252010770026 3.1100560911296786 7
    endloop
  endfacet
  facet normal 0.2429801799032643 -0.9700312531945439 0
    outer loop
      vertex -0.9434252010770026 3.1100560911296786 7
      vertex -0.9434252010770026 3.1100560911296786 0
      vertex -0.6340435465524168 3.187552161310499 7
    endloop
  endfacet
  facet normal 0.14673047445536258 -0.9891765099647808 0
    outer loop
      vertex -0.6340435465524168 3.187552161310499 0
      vertex -0.318555706071072 3.23435036168464 7
      vertex -0.6340435465524168 3.187552161310499 7
    endloop
  endfacet
  facet normal 0.0490676743274174 -0.9987954562051724 0
    outer loop
      vertex -0.318555706071072 3.23435036168464 7
      vertex -0.318555706071072 3.23435036168464 0
      vertex 0 3.25 7
    endloop
  endfacet
  facet normal 0.7409511253549597 -0.6715589548470176 0
    outer loop
      vertex -2.29809703885628 2.29809703885628 7
      vertex -2.5122839734288953 2.061778173531848 7
      vertex -2.5122839734288953 2.061778173531848 0
    endloop
  endfacet
  facet normal 0.6715589548470176 -0.7409511253549597 0
    outer loop
      vertex -2.29809703885628 2.29809703885628 7
      vertex -2.29809703885628 2.29809703885628 0
      vertex -2.061778173531848 2.5122839734288953 7
    endloop
  endfacet
  facet normal 0 0 1
    outer loop
      vertex -5.694594888450922 8.522563526101088 2
      vertex -5.2337445943500756 6.37733624024258 2
      vertex -4.831816552466476 9.039692959570639 2
    endloop
  endfacet
  facet normal 0 0 1
    outer loop
      vertex -6.502531162677366 7.923357146968054 2
      vertex -7.247844507162113 7.247844507162113 2
      vertex -6.859624301495998 4.583454422411718 2
    endloop
  endfacet
  facet normal 0 0 1
    outer loop
      vertex -7.923357146968054 6.502531162677366 2
      vertex -7.27585043087393 3.8890230788144806 2
      vertex -7.247844507162113 7.247844507162113 2
    endloop
  endfacet
  facet normal 0 0 1
    outer loop
      vertex -7.247844507162113 7.247844507162113 2
      vertex -7.27585043087393 3.8890230788144806 2
      vertex -6.859624301495998 4.583454422411718 2
    endloop
  endfacet
  facet normal 0 0 1
    outer loop
      vertex -6.502531162677366 7.923357146968054 2
      vertex -6.859624301495998 4.583454422411718 2
      vertex -6.37733624024258 5.2337445943500756 2
    endloop
  endfacet
  facet normal 0 0 1
    outer loop
      vertex -6.502531162677366 7.923357146968054 2
      vertex -5.833630944789017 5.833630944789017 2
      vertex -5.694594888450922 8.522563526101088 2
    endloop
  endfacet
  facet normal 0 0 1
    outer loop
      vertex -5.694594888450922 8.522563526101088 2
      vertex -5.833630944789017 5.833630944789017 2
      vertex -5.2337445943500756 6.37733624024258 2
    endloop
  endfacet
  facet normal 0 0 1
    outer loop
      vertex -6.502531162677366 7.923357146968054 2
      vertex -6.37733624024258 5.2337445943500756 2
      vertex -5.833630944789017 5.833630944789017 2
    endloop
  endfacet
  facet normal -0.74095112535496 0.6715589548470176 0
    outer loop
      vertex -7.923357146968054 6.502531162677366 2
      vertex -7.247844507162113 7.247844507162113 2
      vertex -7.923357146968054 6.502531162677366 0
    endloop
  endfacet
  facet normal -0.8032075314806455 0.5956993044924326 0
    outer loop
      vertex -7.923357146968054 6.502531162677366 2
      vertex -8.522563526101088 5.694594888450922 0
      vertex -8.522563526101088 5.694594888450922 2
    endloop
  endfacet
  facet normal -0.8577286100002718 0.5141027441932223 0
    outer loop
      vertex -8.522563526101088 5.694594888450922 2
      vertex -8.522563526101088 5.694594888450922 0
      vertex -9.039692959570639 4.831816552466476 0
    endloop
  endfacet
  facet normal -0.8032075314806455 0.5956993044924326 0
    outer loop
      vertex -7.923357146968054 6.502531162677366 2
      vertex -7.923357146968054 6.502531162677366 0
      vertex -8.522563526101088 5.694594888450922 0
    endloop
  endfacet
  facet normal -0.6715589548470176 0.74095112535496 0
    outer loop
      vertex -6.502531162677366 7.923357146968054 2
      vertex -6.502531162677366 7.923357146968054 0
      vertex -7.247844507162113 7.247844507162113 2
    endloop
  endfacet
  facet normal -0.5956993044924326 0.8032075314806455 0
    outer loop
      vertex -6.502531162677366 7.923357146968054 2
      vertex -5.694594888450922 8.522563526101088 2
      vertex -5.694594888450922 8.522563526101088 0
    endloop
  endfacet
  facet normal -0.5956993044924326 0.8032075314806455 0
    outer loop
      vertex -6.502531162677366 7.923357146968054 2
      vertex -5.694594888450922 8.522563526101088 0
      vertex -6.502531162677366 7.923357146968054 0
    endloop
  endfacet
  facet normal -0.5141027441932223 0.8577286100002718 0
    outer loop
      vertex -5.694594888450922 8.522563526101088 2
      vertex -4.831816552466476 9.039692959570639 0
      vertex -5.694594888450922 8.522563526101088 0
    endloop
  endfacet
  facet normal -0.74095112535496 0.6715589548470176 0
    outer loop
      vertex -7.247844507162113 7.247844507162113 2
      vertex -7.247844507162113 7.247844507162113 0
      vertex -7.923357146968054 6.502531162677366 0
    endloop
  endfacet
  facet normal -0.6715589548470176 0.74095112535496 0
    outer loop
      vertex -7.247844507162113 7.247844507162113 2
      vertex -6.502531162677366 7.923357146968054 0
      vertex -7.247844507162113 7.247844507162113 0
    endloop
  endfacet
  facet normal 0 0 1
    outer loop
      vertex -7.923357146968054 6.502531162677366 2
      vertex -8.522563526101088 5.694594888450922 2
      vertex -8.091478563326651 1.609495156633058 2
    endloop
  endfacet
  facet normal 0 0 1
    outer loop
      vertex -7.923357146968054 6.502531162677366 2
      vertex -7.894757769790723 2.394848587349314 2
      vertex -7.622006143218115 3.1571383170119907 2
    endloop
  endfacet
  facet normal 0 0 1
    outer loop
      vertex -7.923357146968054 6.502531162677366 2
      vertex -8.091478563326651 1.609495156633058 2
      vertex -7.894757769790723 2.394848587349314 2
    endloop
  endfacet
  facet normal 0 0 1
    outer loop
      vertex -8.522563526101088 5.694594888450922 2
      vertex -8.210273995045625 0.8086414077188749 2
      vertex -8.091478563326651 1.609495156633058 2
    endloop
  endfacet
  facet normal 0 0 1
    outer loop
      vertex -9.039692959570639 4.831816552466476 2
      vertex -9.46976520824069 3.9225051817421703 2
      vertex -9.039692959570639 -4.831816552466476 2
    endloop
  endfacet
  facet normal 0 0 1
    outer loop
      vertex -9.808638441255141 2.9754179418582387 2
      vertex -10.053049124133112 1.9996758006653146 2
      vertex -9.808638441255141 -2.9754179418582387 2
    endloop
  endfacet
  facet normal 0 0 1
    outer loop
      vertex -10.053049124133112 1.9996758006653146 2
      vertex -10.200643448390018 1.0046756883779961 2
      vertex -10.053049124133112 -1.9996758006653146 2
    endloop
  endfacet
  facet normal 0 0 1
    outer loop
      vertex -9.46976520824069 3.9225051817421703 2
      vertex -9.808638441255141 2.9754179418582387 2
      vertex -9.46976520824069 -3.9225051817421703 2
    endloop
  endfacet
  facet normal 0 0 1
    outer loop
      vertex -8.522563526101088 5.694594888450922 2
      vertex -9.039692959570639 4.831816552466476 2
      vertex -8.522563526101088 -5.694594888450922 2
    endloop
  endfacet
  facet normal 0 0 1
    outer loop
      vertex -8.522563526101088 5.694594888450922 2
      vertex -8.25 0 2
      vertex -8.210273995045625 0.8086414077188749 2
    endloop
  endfacet
  facet normal 0 0 1
    outer loop
      vertex -7.923357146968054 6.502531162677366 2
      vertex -7.622006143218115 3.1571383170119907 2
      vertex -7.27585043087393 3.8890230788144806 2
    endloop
  endfacet
  facet normal -0.903989293123443 0.4275550934302826 0
    outer loop
      vertex -9.039692959570639 4.831816552466476 2
      vertex -9.46976520824069 3.9225051817421703 0
      vertex -9.46976520824069 3.9225051817421703 2
    endloop
  endfacet
  facet normal -0.9415440651830208 0.3368898533922199 0
    outer loop
      vertex -9.46976520824069 3.9225051817421703 2
      vertex -9.808638441255141 2.9754179418582387 0
      vertex -9.808638441255141 2.9754179418582387 2
    endloop
  endfacet
  facet normal -0.8577286100002718 0.5141027441932223 0
    outer loop
      vertex -8.522563526101088 5.694594888450922 2
      vertex -9.039692959570639 4.831816552466476 0
      vertex -9.039692959570639 4.831816552466476 2
    endloop
  endfacet
  facet normal -0.903989293123443 0.4275550934302826 0
    outer loop
      vertex -9.039692959570639 4.831816552466476 2
      vertex -9.039692959570639 4.831816552466476 0
      vertex -9.46976520824069 3.9225051817421703 0
    endloop
  endfacet
  facet normal -0.970031253194544 0.24298017990326404 0
    outer loop
      vertex -9.808638441255141 2.9754179418582387 2
      vertex -9.808638441255141 2.9754179418582387 0
      vertex -10.053049124133112 1.9996758006653146 0
    endloop
  endfacet
  facet normal -0.9415440651830208 0.3368898533922199 0
    outer loop
      vertex -9.46976520824069 3.9225051817421703 2
      vertex -9.46976520824069 3.9225051817421703 0
      vertex -9.808638441255141 2.9754179418582387 0
    endloop
  endfacet
  facet normal -0.970031253194544 0.24298017990326404 0
    outer loop
      vertex -9.808638441255141 2.9754179418582387 2
      vertex -10.053049124133112 1.9996758006653146 0
      vertex -10.053049124133112 1.9996758006653146 2
    endloop
  endfacet
  facet normal -0.989176509964781 0.14673047445536136 0
    outer loop
      vertex -10.053049124133112 1.9996758006653146 2
      vertex -10.200643448390018 1.0046756883779961 0
      vertex -10.200643448390018 1.0046756883779961 2
    endloop
  endfacet
  facet normal -0.9987954562051723 0.04906767432741819 0
    outer loop
      vertex -10.200643448390018 1.0046756883779961 2
      vertex -10.25 0 0
      vertex -10.25 0 2
    endloop
  endfacet
  facet normal -0.989176509964781 0.14673047445536136 0
    outer loop
      vertex -10.053049124133112 1.9996758006653146 2
      vertex -10.053049124133112 1.9996758006653146 0
      vertex -10.200643448390018 1.0046756883779961 0
    endloop
  endfacet
  facet normal 0 0 -1
    outer loop
      vertex -9.46976520824069 3.9225051817421703 0
      vertex -9.808638441255141 -2.9754179418582387 0
      vertex -9.808638441255141 2.9754179418582387 0
    endloop
  endfacet
  facet normal 0 0 -1
    outer loop
      vertex -9.039692959570639 4.831816552466476 0
      vertex -9.46976520824069 -3.9225051817421703 0
      vertex -9.46976520824069 3.9225051817421703 0
    endloop
  endfacet
  facet normal -0.9987954562051723 0.04906767432741819 0
    outer loop
      vertex -10.200643448390018 1.0046756883779961 2
      vertex -10.200643448390018 1.0046756883779961 0
      vertex -10.25 0 0
    endloop
  endfacet
  facet normal 0 0 -1
    outer loop
      vertex -9.808638441255141 2.9754179418582387 0
      vertex -10.053049124133112 -1.9996758006653146 0
      vertex -10.053049124133112 1.9996758006653146 0
    endloop
  endfacet
  facet normal 0 0 -1
    outer loop
      vertex -10.053049124133112 1.9996758006653146 0
      vertex -10.200643448390018 -1.0046756883779961 0
      vertex -10.200643448390018 1.0046756883779961 0
    endloop
  endfacet
  facet normal 0 0 -1
    outer loop
      vertex -8.522563526101088 5.694594888450922 0
      vertex -9.039692959570639 -4.831816552466476 0
      vertex -9.039692959570639 4.831816552466476 0
    endloop
  endfacet
  facet normal 0 0 -1
    outer loop
      vertex -7.923357146968054 6.502531162677366 0
      vertex -8.522563526101088 -5.694594888450922 0
      vertex -8.522563526101088 5.694594888450922 0
    endloop
  endfacet
  facet normal 0 0 -1
    outer loop
      vertex -7.923357146968054 6.502531162677366 0
      vertex -7.247844507162113 7.247844507162113 0
      vertex -7.923357146968054 -6.502531162677366 0
    endloop
  endfacet
  facet normal 0 0 -1
    outer loop
      vertex -6.502531162677366 7.923357146968054 0
      vertex -7.247844507162113 -7.247844507162113 0
      vertex -7.247844507162113 7.247844507162113 0
    endloop
  endfacet
  facet normal 0 0 -1
    outer loop
      vertex -6.502531162677366 7.923357146968054 0
      vertex -5.694594888450922 8.522563526101088 0
      vertex -6.502531162677366 -7.923357146968054 0
    endloop
  endfacet
  facet normal 0 0 -1
    outer loop
      vertex -5.694594888450922 8.522563526101088 0
      vertex -4.831816552466476 9.039692959570639 0
      vertex -5.694594888450922 -8.522563526101088 0
    endloop
  endfacet
  facet normal 0 0 1
    outer loop
      vertex -4.831816552466476 9.039692959570639 2
      vertex -4.583454422411718 6.859624301495998 2
      vertex -3.9225051817421703 9.46976520824069 2
    endloop
  endfacet
  facet normal 0 0 1
    outer loop
      vertex -3.9225051817421703 9.46976520824069 2
      vertex -4.583454422411718 6.859624301495998 2
      vertex -3.8890230788144806 7.27585043087393 2
    endloop
  endfacet
  facet normal 0 0 1
    outer loop
      vertex -3.9225051817421703 9.46976520824069 2
      vertex -3.1571383170119907 7.622006143218115 2
      vertex -2.9754179418582387 9.808638441255141 2
    endloop
  endfacet
  facet normal 0 0 1
    outer loop
      vertex -3.9225051817421703 9.46976520824069 2
      vertex -3.8890230788144806 7.27585043087393 2
      vertex -3.1571383170119907 7.622006143218115 2
    endloop
  endfacet
  facet normal 0 0 1
    outer loop
      vertex -2.9754179418582387 9.808638441255141 2
      vertex -3.1571383170119907 7.622006143218115 2
      vertex -2.394848587349314 7.894757769790723 2
    endloop
  endfacet
  facet normal 0 0 1
    outer loop
      vertex -5.2337445943500756 6.37733624024258 2
      vertex -4.583454422411718 6.859624301495998 2
      vertex -4.831816552466476 9.039692959570639 2
    endloop
  endfacet
  facet normal 0 0 1
    outer loop
      vertex -2.9754179418582387 9.808638441255141 2
      vertex -2.394848587349314 7.894757769790723 2
      vertex -1.9996758006653146 10.053049124133112 2
    endloop
  endfacet
  facet normal 0 0 1
    outer loop
      vertex -1.9996758006653146 10.053049124133112 2
      vertex -1.609495156633058 8.091478563326651 2
      vertex -1.0046756883779961 10.200643448390018 2
    endloop
  endfacet
  facet normal 0 0 1
    outer loop
      vertex -1.9996758006653146 10.053049124133112 2
      vertex -2.394848587349314 7.894757769790723 2
      vertex -1.609495156633058 8.091478563326651 2
    endloop
  endfacet
  facet normal 0 0 1
    outer loop
      vertex -1.0046756883779961 10.200643448390018 2
      vertex -0.8086414077188749 8.210273995045625 2
      vertex 0 10.25 2
    endloop
  endfacet
  facet normal 0 0 1
    outer loop
      vertex -1.609495156633058 8.091478563326651 2
      vertex -0.8086414077188749 8.210273995045625 2
      vertex -1.0046756883779961 10.200643448390018 2
    endloop
  endfacet
  facet normal 0 0 1
    outer loop
      vertex -0.8086414077188749 8.210273995045625 2
      vertex 0 8.25 2
      vertex 0 10.25 2
    endloop
  endfacet
  facet normal -0.4275550934302826 0.903989293123443 0
    outer loop
      vertex -4.831816552466476 9.039692959570639 2
      vertex -3.9225051817421703 9.46976520824069 2
      vertex -3.9225051817421703 9.46976520824069 0
    endloop
  endfacet
  facet normal -0.5141027441932223 0.8577286100002718 0
    outer loop
      vertex -5.694594888450922 8.522563526101088 2
      vertex -4.831816552466476 9.039692959570639 2
      vertex -4.831816552466476 9.039692959570639 0
    endloop
  endfacet
  facet normal -0.3368898533922199 0.9415440651830208 0
    outer loop
      vertex -3.9225051817421703 9.46976520824069 2
      vertex -2.9754179418582387 9.808638441255141 2
      vertex -2.9754179418582387 9.808638441255141 0
    endloop
  endfacet
  facet normal -0.4275550934302826 0.903989293123443 0
    outer loop
      vertex -4.831816552466476 9.039692959570639 2
      vertex -3.9225051817421703 9.46976520824069 0
      vertex -4.831816552466476 9.039692959570639 0
    endloop
  endfacet
  facet normal -0.3368898533922199 0.9415440651830208 0
    outer loop
      vertex -3.9225051817421703 9.46976520824069 2
      vertex -2.9754179418582387 9.808638441255141 0
      vertex -3.9225051817421703 9.46976520824069 0
    endloop
  endfacet
  facet normal -0.24298017990326404 0.970031253194544 0
    outer loop
      vertex -2.9754179418582387 9.808638441255141 2
      vertex -1.9996758006653146 10.053049124133112 0
      vertex -2.9754179418582387 9.808638441255141 0
    endloop
  endfacet
  facet normal -0.24298017990326404 0.970031253194544 0
    outer loop
      vertex -2.9754179418582387 9.808638441255141 2
      vertex -1.9996758006653146 10.053049124133112 2
      vertex -1.9996758006653146 10.053049124133112 0
    endloop
  endfacet
  facet normal -0.14673047445536136 0.989176509964781 0
    outer loop
      vertex -1.9996758006653146 10.053049124133112 2
      vertex -1.0046756883779961 10.200643448390018 2
      vertex -1.0046756883779961 10.200643448390018 0
    endloop
  endfacet
  facet normal -0.04906767432741819 0.9987954562051723 0
    outer loop
      vertex -1.0046756883779961 10.200643448390018 2
      vertex 0 10.25 2
      vertex 0 10.25 0
    endloop
  endfacet
  facet normal -0.14673047445536136 0.989176509964781 0
    outer loop
      vertex -1.9996758006653146 10.053049124133112 2
      vertex -1.0046756883779961 10.200643448390018 0
      vertex -1.9996758006653146 10.053049124133112 0
    endloop
  endfacet
  facet normal 0 0 -1
    outer loop
      vertex -1.9996758006653146 10.053049124133112 0
      vertex -1.0046756883779961 10.200643448390018 0
      vertex -1.5320393946844924 2.866244109132154 0
    endloop
  endfacet
  facet normal -0.04906767432741819 0.9987954562051723 0
    outer loop
      vertex -1.0046756883779961 10.200643448390018 2
      vertex 0 10.25 0
      vertex -1.0046756883779961 10.200643448390018 0
    endloop
  endfacet
  facet normal 0 0 -1
    outer loop
      vertex -1.0046756883779961 10.200643448390018 0
      vertex 0 10.25 0
      vertex -0.6340435465524168 3.187552161310499 0
    endloop
  endfacet
  facet normal 0 0 -1
    outer loop
      vertex -2.9754179418582387 9.808638441255141 0
      vertex -1.9996758006653146 10.053049124133112 0
      vertex -2.5122839734288953 2.061778173531848 0
    endloop
  endfacet
  facet normal 0 0 -1
    outer loop
      vertex -1.9996758006653146 10.053049124133112 0
      vertex -1.5320393946844924 2.866244109132154 0
      vertex -1.805603257313707 2.702276239983272 0
    endloop
  endfacet
  facet normal 0 0 -1
    outer loop
      vertex -1.0046756883779961 10.200643448390018 0
      vertex -1.2437211551865417 3.002608480661682 0
      vertex -1.5320393946844924 2.866244109132154 0
    endloop
  endfacet
  facet normal 0 0 -1
    outer loop
      vertex -1.0046756883779961 10.200643448390018 0
      vertex -0.9434252010770026 3.1100560911296786 0
      vertex -1.2437211551865417 3.002608480661682 0
    endloop
  endfacet
  facet normal 0 0 -1
    outer loop
      vertex -1.0046756883779961 10.200643448390018 0
      vertex -0.6340435465524168 3.187552161310499 0
      vertex -0.9434252010770026 3.1100560911296786 0
    endloop
  endfacet
  facet normal 0 0 -1
    outer loop
      vertex 0 10.25 0
      vertex -0.318555706071072 3.23435036168464 0
      vertex -0.6340435465524168 3.187552161310499 0
    endloop
  endfacet
  facet normal 0 0 -1
    outer loop
      vertex 0 10.25 0
      vertex 0 3.25 0
      vertex -0.318555706071072 3.23435036168464 0
    endloop
  endfacet
  facet normal 0.8032075314806456 -0.5956993044924322 0
    outer loop
      vertex -2.5122839734288953 2.061778173531848 7
      vertex -2.702276239983272 1.805603257313707 0
      vertex -2.5122839734288953 2.061778173531848 0
    endloop
  endfacet
  facet normal 0.9039892931234436 -0.42755509343028164 0
    outer loop
      vertex -3.002608480661682 1.2437211551865417 0
      vertex -2.866244109132154 1.5320393946844924 0
      vertex -2.866244109132154 1.5320393946844924 7
    endloop
  endfacet
  facet normal 0.8577286100002715 -0.5141027441932228 0
    outer loop
      vertex -2.702276239983272 1.805603257313707 7
      vertex -2.866244109132154 1.5320393946844924 0
      vertex -2.702276239983272 1.805603257313707 0
    endloop
  endfacet
  facet normal 0.9891765099647808 -0.14673047445536258 0
    outer loop
      vertex -3.187552161310499 0.6340435465524168 7
      vertex -3.23435036168464 0.318555706071072 0
      vertex -3.187552161310499 0.6340435465524168 0
    endloop
  endfacet
  facet normal 0.9987954562051724 -0.0490676743274174 0
    outer loop
      vertex -3.23435036168464 0.318555706071072 7
      vertex -3.25 0 0
      vertex -3.23435036168464 0.318555706071072 0
    endloop
  endfacet
  facet normal 0.941544065183021 -0.3368898533922195 0
    outer loop
      vertex -3.002608480661682 1.2437211551865417 7
      vertex -3.1100560911296786 0.9434252010770026 0
      vertex -3.002608480661682 1.2437211551865417 0
    endloop
  endfacet
  facet normal 0.9700312531945439 -0.2429801799032643 0
    outer loop
      vertex -3.1100560911296786 0.9434252010770026 7
      vertex -3.187552161310499 0.6340435465524168 0
      vertex -3.1100560911296786 0.9434252010770026 0
    endloop
  endfacet
  facet normal 0.5956993044924322 -0.8032075314806456 0
    outer loop
      vertex -1.805603257313707 2.702276239983272 7
      vertex -2.061778173531848 2.5122839734288953 0
      vertex -1.805603257313707 2.702276239983272 0
    endloop
  endfacet
  facet normal 0.5141027441932228 -0.8577286100002715 0
    outer loop
      vertex -1.5320393946844924 2.866244109132154 0
      vertex -1.5320393946844924 2.866244109132154 7
      vertex -1.805603257313707 2.702276239983272 0
    endloop
  endfacet
  facet normal 0.42755509343028164 -0.9039892931234436 0
    outer loop
      vertex -1.2437211551865417 3.002608480661682 7
      vertex -1.5320393946844924 2.866244109132154 0
      vertex -1.2437211551865417 3.002608480661682 0
    endloop
  endfacet
  facet normal 0.3368898533922195 -0.941544065183021 0
    outer loop
      vertex -0.9434252010770026 3.1100560911296786 7
      vertex -1.2437211551865417 3.002608480661682 0
      vertex -0.9434252010770026 3.1100560911296786 0
    endloop
  endfacet
  facet normal 0.2429801799032643 -0.9700312531945439 0
    outer loop
      vertex -0.6340435465524168 3.187552161310499 0
      vertex -0.6340435465524168 3.187552161310499 7
      vertex -0.9434252010770026 3.1100560911296786 0
    endloop
  endfacet
  facet normal 0.14673047445536258 -0.9891765099647808 0
    outer loop
      vertex -0.6340435465524168 3.187552161310499 0
      vertex -0.318555706071072 3.23435036168464 0
      vertex -0.318555706071072 3.23435036168464 7
    endloop
  endfacet
  facet normal 0.0490676743274174 -0.9987954562051724 0
    outer loop
      vertex 0 3.25 7
      vertex -0.318555706071072 3.23435036168464 0
      vertex 0 3.25 0
    endloop
  endfacet
  facet normal 0.7409511253549597 -0.6715589548470176 0
    outer loop
      vertex -2.5122839734288953 2.061778173531848 0
      vertex -2.29809703885628 2.29809703885628 0
      vertex -2.29809703885628 2.29809703885628 7
    endloop
  endfacet
  facet normal 0.6715589548470176 -0.7409511253549597 0
    outer loop
      vertex -2.061778173531848 2.5122839734288953 7
      vertex -2.29809703885628 2.29809703885628 0
      vertex -2.061778173531848 2.5122839734288953 0
    endloop
  endfacet
  facet normal 0 0 -1
    outer loop
      vertex -4.831816552466476 9.039692959570639 0
      vertex -3.9225051817421703 9.46976520824069 0
      vertex -4.831816552466476 -9.039692959570639 0
    endloop
  endfacet
  facet normal 0 0 -1
    outer loop
      vertex -2.9754179418582387 9.808638441255141 0
      vertex -2.5122839734288953 2.061778173531848 0
      vertex -2.702276239983272 1.805603257313707 0
    endloop
  endfacet
  facet normal 0 0 -1
    outer loop
      vertex -2.9754179418582387 9.808638441255141 0
      vertex -2.866244109132154 1.5320393946844924 0
      vertex -3.002608480661682 1.2437211551865417 0
    endloop
  endfacet
  facet normal 0 0 -1
    outer loop
      vertex -2.9754179418582387 9.808638441255141 0
      vertex -3.002608480661682 1.2437211551865417 0
      vertex -3.1100560911296786 0.9434252010770026 0
    endloop
  endfacet
  facet normal 0 0 -1
    outer loop
      vertex -2.9754179418582387 9.808638441255141 0
      vertex -2.702276239983272 1.805603257313707 0
      vertex -2.866244109132154 1.5320393946844924 0
    endloop
  endfacet
  facet normal 0 0 -1
    outer loop
      vertex -3.9225051817421703 9.46976520824069 0
      vertex -2.9754179418582387 9.808638441255141 0
      vertex -3.9225051817421703 -9.46976520824069 0
    endloop
  endfacet
  facet normal 0 0 -1
    outer loop
      vertex -2.9754179418582387 9.808638441255141 0
      vertex -3.1100560911296786 0.9434252010770026 0
      vertex -3.187552161310499 0.6340435465524168 0
    endloop
  endfacet
  facet normal 0 0 -1
    outer loop
      vertex -2.9754179418582387 9.808638441255141 0
      vertex -3.187552161310499 0.6340435465524168 0
      vertex -3.23435036168464 0.318555706071072 0
    endloop
  endfacet
  facet normal 0 0 -1
    outer loop
      vertex -2.9754179418582387 9.808638441255141 0
      vertex -3.23435036168464 0.318555706071072 0
      vertex -3.25 0 0
    endloop
  endfacet
  facet normal 0 0 -1
    outer loop
      vertex -2.9754179418582387 9.808638441255141 0
      vertex -3.25 0 0
      vertex -3.9225051817421703 -9.46976520824069 0
    endloop
  endfacet
  facet normal 0 0 -1
    outer loop
      vertex -1.9996758006653146 10.053049124133112 0
      vertex -2.29809703885628 2.29809703885628 0
      vertex -2.5122839734288953 2.061778173531848 0
    endloop
  endfacet
  facet normal 0 0 -1
    outer loop
      vertex -1.9996758006653146 10.053049124133112 0
      vertex -2.061778173531848 2.5122839734288953 0
      vertex -2.29809703885628 2.29809703885628 0
    endloop
  endfacet
  facet normal 0 0 -1
    outer loop
      vertex -1.9996758006653146 10.053049124133112 0
      vertex -1.805603257313707 2.702276239983272 0
      vertex -2.061778173531848 2.5122839734288953 0
    endloop
  endfacet
  facet normal 0 0 1
    outer loop
      vertex -8.210273995045625 0.8086414077188749 7
      vertex -8.25 0 7
      vertex -8.210273995045625 -0.8086414077188749 7
    endloop
  endfacet
  facet normal 0 0 1
    outer loop
      vertex -8.210273995045625 0.8086414077188749 7
      vertex -8.210273995045625 -0.8086414077188749 7
      vertex -8.091478563326651 -1.609495156633058 7
    endloop
  endfacet
  facet normal 0 0 1
    outer loop
      vertex -8.091478563326651 1.609495156633058 7
      vertex -8.091478563326651 -1.609495156633058 7
      vertex -7.894757769790723 -2.394848587349314 7
    endloop
  endfacet
  facet normal 0 0 1
    outer loop
      vertex -7.894757769790723 2.394848587349314 7
      vertex -7.894757769790723 -2.394848587349314 7
      vertex -7.622006143218115 -3.1571383170119907 7
    endloop
  endfacet
  facet normal -0.9987954562051723 -0.04906767432741669 0
    outer loop
      vertex -8.25 0 7
      vertex -8.210273995045625 -0.8086414077188749 2
      vertex -8.210273995045625 -0.8086414077188749 7
    endloop
  endfacet
  facet normal -0.9891765099647808 -0.14673047445536275 0
    outer loop
      vertex -8.210273995045625 -0.8086414077188749 7
      vertex -8.091478563326651 -1.609495156633058 2
      vertex -8.091478563326651 -1.609495156633058 7
    endloop
  endfacet
  facet normal -0.9700312531945438 -0.24298017990326445 0
    outer loop
      vertex -8.091478563326651 -1.609495156633058 7
      vertex -7.894757769790723 -2.394848587349314 2
      vertex -7.894757769790723 -2.394848587349314 7
    endloop
  endfacet
  facet normal -0.9415440651830208 -0.33688985339222005 0
    outer loop
      vertex -7.894757769790723 -2.394848587349314 7
      vertex -7.622006143218115 -3.1571383170119907 2
      vertex -7.622006143218115 -3.1571383170119907 7
    endloop
  endfacet
  facet normal 0 0 1
    outer loop
      vertex -7.622006143218115 3.1571383170119907 7
      vertex -7.622006143218115 -3.1571383170119907 7
      vertex -7.27585043087393 -3.8890230788144806 7
    endloop
  endfacet
  facet normal 0 0 1
    outer loop
      vertex -7.27585043087393 3.8890230788144806 7
      vertex -7.27585043087393 -3.8890230788144806 7
      vertex -6.859624301495998 -4.583454422411718 7
    endloop
  endfacet
  facet normal 0 0 1
    outer loop
      vertex -6.859624301495998 4.583454422411718 7
      vertex -6.859624301495998 -4.583454422411718 7
      vertex -6.37733624024258 -5.2337445943500756 7
    endloop
  endfacet
  facet normal 0 0 1
    outer loop
      vertex -6.37733624024258 5.2337445943500756 7
      vertex -6.37733624024258 -5.2337445943500756 7
      vertex -5.833630944789017 -5.833630944789017 7
    endloop
  endfacet
  facet normal 0 0 1
    outer loop
      vertex -5.833630944789017 5.833630944789017 7
      vertex -5.833630944789017 -5.833630944789017 7
      vertex -5.2337445943500756 -6.37733624024258 7
    endloop
  endfacet
  facet normal -0.9039892931234437 -0.42755509343028114 0
    outer loop
      vertex -7.622006143218115 -3.1571383170119907 7
      vertex -7.27585043087393 -3.8890230788144806 2
      vertex -7.27585043087393 -3.8890230788144806 7
    endloop
  endfacet
  facet normal -0.8577286100002715 -0.5141027441932227 0
    outer loop
      vertex -7.27585043087393 -3.8890230788144806 7
      vertex -6.859624301495998 -4.583454422411718 2
      vertex -6.859624301495998 -4.583454422411718 7
    endloop
  endfacet
  facet normal -0.8032075314806454 -0.5956993044924325 0
    outer loop
      vertex -6.859624301495998 -4.583454422411718 7
      vertex -6.37733624024258 -5.2337445943500756 2
      vertex -6.37733624024258 -5.2337445943500756 7
    endloop
  endfacet
  facet normal -0.9987954562051723 -0.04906767432741669 0
    outer loop
      vertex -8.25 0 7
      vertex -8.25 0 2
      vertex -8.210273995045625 -0.8086414077188749 2
    endloop
  endfacet
  facet normal -0.9891765099647808 -0.14673047445536275 0
    outer loop
      vertex -8.210273995045625 -0.8086414077188749 7
      vertex -8.210273995045625 -0.8086414077188749 2
      vertex -8.091478563326651 -1.609495156633058 2
    endloop
  endfacet
  facet normal -0.9700312531945438 -0.24298017990326445 0
    outer loop
      vertex -8.091478563326651 -1.609495156633058 7
      vertex -8.091478563326651 -1.609495156633058 2
      vertex -7.894757769790723 -2.394848587349314 2
    endloop
  endfacet
  facet normal -0.9415440651830208 -0.33688985339222005 0
    outer loop
      vertex -7.894757769790723 -2.394848587349314 7
      vertex -7.894757769790723 -2.394848587349314 2
      vertex -7.622006143218115 -3.1571383170119907 2
    endloop
  endfacet
  facet normal -0.9039892931234437 -0.42755509343028114 0
    outer loop
      vertex -7.622006143218115 -3.1571383170119907 7
      vertex -7.622006143218115 -3.1571383170119907 2
      vertex -7.27585043087393 -3.8890230788144806 2
    endloop
  endfacet
  facet normal -0.8577286100002715 -0.5141027441932227 0
    outer loop
      vertex -7.27585043087393 -3.8890230788144806 7
      vertex -7.27585043087393 -3.8890230788144806 2
      vertex -6.859624301495998 -4.583454422411718 2
    endloop
  endfacet
  facet normal -0.8032075314806454 -0.5956993044924325 0
    outer loop
      vertex -6.859624301495998 -4.583454422411718 7
      vertex -6.859624301495998 -4.583454422411718 2
      vertex -6.37733624024258 -5.2337445943500756 2
    endloop
  endfacet
  facet normal -0.7409511253549589 -0.6715589548470187 0
    outer loop
      vertex -6.37733624024258 -5.2337445943500756 7
      vertex -5.833630944789017 -5.833630944789017 2
      vertex -5.833630944789017 -5.833630944789017 7
    endloop
  endfacet
  facet normal -0.6715589548470187 -0.7409511253549589 0
    outer loop
      vertex -5.833630944789017 -5.833630944789017 7
      vertex -5.833630944789017 -5.833630944789017 2
      vertex -5.2337445943500756 -6.37733624024258 7
    endloop
  endfacet
  facet normal -0.7409511253549589 -0.6715589548470187 0
    outer loop
      vertex -6.37733624024258 -5.2337445943500756 7
      vertex -6.37733624024258 -5.2337445943500756 2
      vertex -5.833630944789017 -5.833630944789017 2
    endloop
  endfacet
  facet normal -0.6715589548470187 -0.7409511253549589 0
    outer loop
      vertex -5.2337445943500756 -6.37733624024258 7
      vertex -5.833630944789017 -5.833630944789017 2
      vertex -5.2337445943500756 -6.37733624024258 2
    endloop
  endfacet
  facet normal 0 0 1
    outer loop
      vertex -5.2337445943500756 6.37733624024258 7
      vertex -5.2337445943500756 -6.37733624024258 7
      vertex -4.583454422411718 -6.859624301495998 7
    endloop
  endfacet
  facet normal 0 0 1
    outer loop
      vertex -4.583454422411718 6.859624301495998 7
      vertex -4.583454422411718 -6.859624301495998 7
      vertex -3.8890230788144806 -7.27585043087393 7
    endloop
  endfacet
  facet normal 0 0 1
    outer loop
      vertex -3.8890230788144806 7.27585043087393 7
      vertex -3.1571383170119907 -7.622006143218115 7
      vertex -3.25 0 7
    endloop
  endfacet
  facet normal 0 0 1
    outer loop
      vertex -3.8890230788144806 7.27585043087393 7
      vertex -3.8890230788144806 -7.27585043087393 7
      vertex -3.1571383170119907 -7.622006143218115 7
    endloop
  endfacet
  facet normal 0 0 1
    outer loop
      vertex -3.1571383170119907 -7.622006143218115 7
      vertex -3.23435036168464 -0.318555706071072 7
      vertex -3.25 0 7
    endloop
  endfacet
  facet normal 0 0 1
    outer loop
      vertex -3.1571383170119907 -7.622006143218115 7
      vertex -3.187552161310499 -0.6340435465524168 7
      vertex -3.23435036168464 -0.318555706071072 7
    endloop
  endfacet
  facet normal 0 0 1
    outer loop
      vertex -3.1571383170119907 -7.622006143218115 7
      vertex -3.1100560911296786 -0.9434252010770026 7
      vertex -3.187552161310499 -0.6340435465524168 7
    endloop
  endfacet
  facet normal 0 0 1
    outer loop
      vertex -3.1571383170119907 -7.622006143218115 7
      vertex -3.002608480661682 -1.2437211551865417 7
      vertex -3.1100560911296786 -0.9434252010770026 7
    endloop
  endfacet
  facet normal 0 0 1
    outer loop
      vertex -3.1571383170119907 -7.622006143218115 7
      vertex -2.866244109132154 -1.5320393946844924 7
      vertex -3.002608480661682 -1.2437211551865417 7
    endloop
  endfacet
  facet normal 0 0 1
    outer loop
      vertex -3.1571383170119907 -7.622006143218115 7
      vertex -2.702276239983272 -1.805603257313707 7
      vertex -2.866244109132154 -1.5320393946844924 7
    endloop
  endfacet
  facet normal 0 0 1
    outer loop
      vertex -2.394848587349314 -7.894757769790723 7
      vertex -2.5122839734288953 -2.061778173531848 7
      vertex -2.702276239983272 -1.805603257313707 7
    endloop
  endfacet
  facet normal 0 0 1
    outer loop
      vertex -2.394848587349314 -7.894757769790723 7
      vertex -2.29809703885628 -2.29809703885628 7
      vertex -2.5122839734288953 -2.061778173531848 7
    endloop
  endfacet
  facet normal 0 0 1
    outer loop
      vertex -2.394848587349314 -7.894757769790723 7
      vertex -2.061778173531848 -2.5122839734288953 7
      vertex -2.29809703885628 -2.29809703885628 7
    endloop
  endfacet
  facet normal 0 0 1
    outer loop
      vertex -1.609495156633058 -8.091478563326651 7
      vertex -1.805603257313707 -2.702276239983272 7
      vertex -2.061778173531848 -2.5122839734288953 7
    endloop
  endfacet
  facet normal 0 0 1
    outer loop
      vertex -1.609495156633058 -8.091478563326651 7
      vertex -1.5320393946844924 -2.866244109132154 7
      vertex -1.805603257313707 -2.702276239983272 7
    endloop
  endfacet
  facet normal 0 0 1
    outer loop
      vertex -1.609495156633058 -8.091478563326651 7
      vertex -1.2437211551865417 -3.002608480661682 7
      vertex -1.5320393946844924 -2.866244109132154 7
    endloop
  endfacet
  facet normal 0 0 1
    outer loop
      vertex -0.8086414077188749 -8.210273995045625 7
      vertex -0.9434252010770026 -3.1100560911296786 7
      vertex -1.2437211551865417 -3.002608480661682 7
    endloop
  endfacet
  facet normal 0 0 1
    outer loop
      vertex -0.8086414077188749 -8.210273995045625 7
      vertex -0.6340435465524168 -3.187552161310499 7
      vertex -0.9434252010770026 -3.1100560911296786 7
    endloop
  endfacet
  facet normal 0 0 1
    outer loop
      vertex -0.8086414077188749 -8.210273995045625 7
      vertex -0.318555706071072 -3.23435036168464 7
      vertex -0.6340435465524168 -3.187552161310499 7
    endloop
  endfacet
  facet normal 0 0 1
    outer loop
      vertex 0 -8.25 7
      vertex 0 -3.25 7
      vertex -0.318555706071072 -3.23435036168464 7
    endloop
  endfacet
  facet normal 0.9987954562051724 0.0490676743274174 0
    outer loop
      vertex -3.25 0 7
      vertex -3.23435036168464 -0.318555706071072 7
      vertex -3.23435036168464 -0.318555706071072 0
    endloop
  endfacet
  facet normal 0.9891765099647808 0.14673047445536258 0
    outer loop
      vertex -3.23435036168464 -0.318555706071072 7
      vertex -3.187552161310499 -0.6340435465524168 7
      vertex -3.187552161310499 -0.6340435465524168 0
    endloop
  endfacet
  facet normal 0.9700312531945439 0.2429801799032643 0
    outer loop
      vertex -3.187552161310499 -0.6340435465524168 7
      vertex -3.1100560911296786 -0.9434252010770026 7
      vertex -3.1100560911296786 -0.9434252010770026 0
    endloop
  endfacet
  facet normal 0.941544065183021 0.3368898533922195 0
    outer loop
      vertex -3.1100560911296786 -0.9434252010770026 7
      vertex -3.002608480661682 -1.2437211551865417 7
      vertex -3.002608480661682 -1.2437211551865417 0
    endloop
  endfacet
  facet normal 0.9039892931234436 0.42755509343028164 0
    outer loop
      vertex -2.866244109132154 -1.5320393946844924 0
      vertex -3.002608480661682 -1.2437211551865417 7
      vertex -2.866244109132154 -1.5320393946844924 7
    endloop
  endfacet
  facet normal 0.8577286100002715 0.5141027441932228 0
    outer loop
      vertex -2.702276239983272 -1.805603257313707 0
      vertex -2.866244109132154 -1.5320393946844924 7
      vertex -2.702276239983272 -1.805603257313707 7
    endloop
  endfacet
  facet normal 0.8032075314806456 0.5956993044924322 0
    outer loop
      vertex -2.702276239983272 -1.805603257313707 7
      vertex -2.5122839734288953 -2.061778173531848 7
      vertex -2.5122839734288953 -2.061778173531848 0
    endloop
  endfacet
  facet normal 0.7409511253549597 0.6715589548470176 0
    outer loop
      vertex -2.5122839734288953 -2.061778173531848 7
      vertex -2.29809703885628 -2.29809703885628 7
      vertex -2.29809703885628 -2.29809703885628 0
    endloop
  endfacet
  facet normal 0.6715589548470176 0.7409511253549597 0
    outer loop
      vertex -2.061778173531848 -2.5122839734288953 7
      vertex -2.061778173531848 -2.5122839734288953 0
      vertex -2.29809703885628 -2.29809703885628 7
    endloop
  endfacet
  facet normal 0.5956993044924322 0.8032075314806456 0
    outer loop
      vertex -1.805603257313707 -2.702276239983272 7
      vertex -1.805603257313707 -2.702276239983272 0
      vertex -2.061778173531848 -2.5122839734288953 7
    endloop
  endfacet
  facet normal 0.5141027441932228 0.8577286100002715 0
    outer loop
      vertex -1.5320393946844924 -2.866244109132154 7
      vertex -1.5320393946844924 -2.866244109132154 0
      vertex -1.805603257313707 -2.702276239983272 7
    endloop
  endfacet
  facet normal 0.42755509343028164 0.9039892931234436 0
    outer loop
      vertex -1.2437211551865417 -3.002608480661682 7
      vertex -1.2437211551865417 -3.002608480661682 0
      vertex -1.5320393946844924 -2.866244109132154 7
    endloop
  endfacet
  facet normal 0.3368898533922195 0.941544065183021 0
    outer loop
      vertex -0.9434252010770026 -3.1100560911296786 7
      vertex -0.9434252010770026 -3.1100560911296786 0
      vertex -1.2437211551865417 -3.002608480661682 7
    endloop
  endfacet
  facet normal 0.2429801799032643 0.9700312531945439 0
    outer loop
      vertex -0.6340435465524168 -3.187552161310499 0
      vertex -0.9434252010770026 -3.1100560911296786 7
      vertex -0.6340435465524168 -3.187552161310499 7
    endloop
  endfacet
  facet normal 0.14673047445536258 0.9891765099647808 0
    outer loop
      vertex -0.318555706071072 -3.23435036168464 7
      vertex -0.318555706071072 -3.23435036168464 0
      vertex -0.6340435465524168 -3.187552161310499 7
    endloop
  endfacet
  facet normal 0.0490676743274174 0.9987954562051724 0
    outer loop
      vertex 0 -3.25 0
      vertex -0.318555706071072 -3.23435036168464 7
      vertex 0 -3.25 7
    endloop
  endfacet
  facet normal 0 0 1
    outer loop
      vertex -3.1571383170119907 -7.622006143218115 7
      vertex -2.394848587349314 -7.894757769790723 7
      vertex -2.702276239983272 -1.805603257313707 7
    endloop
  endfacet
  facet normal -0.5956993044924325 -0.8032075314806454 0
    outer loop
      vertex -5.2337445943500756 -6.37733624024258 7
      vertex -5.2337445943500756 -6.37733624024258 2
      vertex -4.583454422411718 -6.859624301495998 7
    endloop
  endfacet
  facet normal -0.5141027441932227 -0.8577286100002715 0
    outer loop
      vertex -4.583454422411718 -6.859624301495998 7
      vertex -4.583454422411718 -6.859624301495998 2
      vertex -3.8890230788144806 -7.27585043087393 7
    endloop
  endfacet
  facet normal -0.42755509343028114 -0.9039892931234437 0
    outer loop
      vertex -3.8890230788144806 -7.27585043087393 7
      vertex -3.8890230788144806 -7.27585043087393 2
      vertex -3.1571383170119907 -7.622006143218115 7
    endloop
  endfacet
  facet normal -0.33688985339222005 -0.9415440651830208 0
    outer loop
      vertex -3.1571383170119907 -7.622006143218115 7
      vertex -3.1571383170119907 -7.622006143218115 2
      vertex -2.394848587349314 -7.894757769790723 7
    endloop
  endfacet
  facet normal 0 0 1
    outer loop
      vertex -2.394848587349314 -7.894757769790723 7
      vertex -1.609495156633058 -8.091478563326651 7
      vertex -2.061778173531848 -2.5122839734288953 7
    endloop
  endfacet
  facet normal 0 0 1
    outer loop
      vertex -1.609495156633058 -8.091478563326651 7
      vertex -0.8086414077188749 -8.210273995045625 7
      vertex -1.2437211551865417 -3.002608480661682 7
    endloop
  endfacet
  facet normal 0 0 1
    outer loop
      vertex -0.8086414077188749 -8.210273995045625 7
      vertex 0 -8.25 7
      vertex -0.318555706071072 -3.23435036168464 7
    endloop
  endfacet
  facet normal -0.24298017990326445 -0.9700312531945438 0
    outer loop
      vertex -2.394848587349314 -7.894757769790723 7
      vertex -2.394848587349314 -7.894757769790723 2
      vertex -1.609495156633058 -8.091478563326651 7
    endloop
  endfacet
  facet normal -0.14673047445536275 -0.9891765099647808 0
    outer loop
      vertex -1.609495156633058 -8.091478563326651 7
      vertex -1.609495156633058 -8.091478563326651 2
      vertex -0.8086414077188749 -8.210273995045625 7
    endloop
  endfacet
  facet normal -0.04906767432741669 -0.9987954562051723 0
    outer loop
      vertex -0.8086414077188749 -8.210273995045625 7
      vertex -0.8086414077188749 -8.210273995045625 2
      vertex 0 -8.25 7
    endloop
  endfacet
  facet normal -0.5956993044924325 -0.8032075314806454 0
    outer loop
      vertex -4.583454422411718 -6.859624301495998 7
      vertex -5.2337445943500756 -6.37733624024258 2
      vertex -4.583454422411718 -6.859624301495998 2
    endloop
  endfacet
  facet normal -0.5141027441932227 -0.8577286100002715 0
    outer loop
      vertex -3.8890230788144806 -7.27585043087393 7
      vertex -4.583454422411718 -6.859624301495998 2
      vertex -3.8890230788144806 -7.27585043087393 2
    endloop
  endfacet
  facet normal -0.42755509343028114 -0.9039892931234437 0
    outer loop
      vertex -3.1571383170119907 -7.622006143218115 7
      vertex -3.8890230788144806 -7.27585043087393 2
      vertex -3.1571383170119907 -7.622006143218115 2
    endloop
  endfacet
  facet normal -0.33688985339222005 -0.9415440651830208 0
    outer loop
      vertex -2.394848587349314 -7.894757769790723 7
      vertex -3.1571383170119907 -7.622006143218115 2
      vertex -2.394848587349314 -7.894757769790723 2
    endloop
  endfacet
  facet normal -0.24298017990326445 -0.9700312531945438 0
    outer loop
      vertex -1.609495156633058 -8.091478563326651 7
      vertex -2.394848587349314 -7.894757769790723 2
      vertex -1.609495156633058 -8.091478563326651 2
    endloop
  endfacet
  facet normal -0.14673047445536275 -0.9891765099647808 0
    outer loop
      vertex -0.8086414077188749 -8.210273995045625 7
      vertex -1.609495156633058 -8.091478563326651 2
      vertex -0.8086414077188749 -8.210273995045625 2
    endloop
  endfacet
  facet normal -0.04906767432741669 -0.9987954562051723 0
    outer loop
      vertex -0.8086414077188749 -8.210273995045625 2
      vertex 0 -8.25 2
      vertex 0 -8.25 7
    endloop
  endfacet
  facet normal 0 0 1
    outer loop
      vertex -10.200643448390018 1.0046756883779961 2
      vertex -10.25 0 2
      vertex -10.200643448390018 -1.0046756883779961 2
    endloop
  endfacet
  facet normal 0 0 1
    outer loop
      vertex -10.200643448390018 1.0046756883779961 2
      vertex -10.200643448390018 -1.0046756883779961 2
      vertex -10.053049124133112 -1.9996758006653146 2
    endloop
  endfacet
  facet normal 0 0 1
    outer loop
      vertex -10.053049124133112 1.9996758006653146 2
      vertex -10.053049124133112 -1.9996758006653146 2
      vertex -9.808638441255141 -2.9754179418582387 2
    endloop
  endfacet
  facet normal 0 0 1
    outer loop
      vertex -9.808638441255141 2.9754179418582387 2
      vertex -9.808638441255141 -2.9754179418582387 2
      vertex -9.46976520824069 -3.9225051817421703 2
    endloop
  endfacet
  facet normal 0 0 1
    outer loop
      vertex -9.46976520824069 3.9225051817421703 2
      vertex -9.46976520824069 -3.9225051817421703 2
      vertex -9.039692959570639 -4.831816552466476 2
    endloop
  endfacet
  facet normal 0 0 1
    outer loop
      vertex -8.522563526101088 5.694594888450922 2
      vertex -8.522563526101088 -5.694594888450922 2
      vertex -8.25 0 2
    endloop
  endfacet
  facet normal 0 0 1
    outer loop
      vertex -9.039692959570639 4.831816552466476 2
      vertex -9.039692959570639 -4.831816552466476 2
      vertex -8.522563526101088 -5.694594888450922 2
    endloop
  endfacet
  facet normal 0 0 1
    outer loop
      vertex -8.25 0 2
      vertex -8.522563526101088 -5.694594888450922 2
      vertex -8.210273995045625 -0.8086414077188749 2
    endloop
  endfacet
  facet normal 0 0 1
    outer loop
      vertex -8.210273995045625 -0.8086414077188749 2
      vertex -8.522563526101088 -5.694594888450922 2
      vertex -8.091478563326651 -1.609495156633058 2
    endloop
  endfacet
  facet normal 0 0 1
    outer loop
      vertex -8.091478563326651 -1.609495156633058 2
      vertex -7.923357146968054 -6.502531162677366 2
      vertex -7.894757769790723 -2.394848587349314 2
    endloop
  endfacet
  facet normal 0 0 1
    outer loop
      vertex -7.894757769790723 -2.394848587349314 2
      vertex -7.923357146968054 -6.502531162677366 2
      vertex -7.622006143218115 -3.1571383170119907 2
    endloop
  endfacet
  facet normal 0 0 1
    outer loop
      vertex -8.091478563326651 -1.609495156633058 2
      vertex -8.522563526101088 -5.694594888450922 2
      vertex -7.923357146968054 -6.502531162677366 2
    endloop
  endfacet
  facet normal 0 0 1
    outer loop
      vertex -7.622006143218115 -3.1571383170119907 2
      vertex -7.923357146968054 -6.502531162677366 2
      vertex -7.27585043087393 -3.8890230788144806 2
    endloop
  endfacet
  facet normal -0.9987954562051723 -0.04906767432741819 0
    outer loop
      vertex -10.25 0 2
      vertex -10.200643448390018 -1.0046756883779961 0
      vertex -10.200643448390018 -1.0046756883779961 2
    endloop
  endfacet
  facet normal -0.989176509964781 -0.14673047445536136 0
    outer loop
      vertex -10.200643448390018 -1.0046756883779961 2
      vertex -10.053049124133112 -1.9996758006653146 0
      vertex -10.053049124133112 -1.9996758006653146 2
    endloop
  endfacet
  facet normal -0.9987954562051723 -0.04906767432741819 0
    outer loop
      vertex -10.25 0 2
      vertex -10.25 0 0
      vertex -10.200643448390018 -1.0046756883779961 0
    endloop
  endfacet
  facet normal 0 0 -1
    outer loop
      vertex -10.200643448390018 1.0046756883779961 0
      vertex -10.200643448390018 -1.0046756883779961 0
      vertex -10.25 0 0
    endloop
  endfacet
  facet normal 0 0 -1
    outer loop
      vertex -10.053049124133112 1.9996758006653146 0
      vertex -10.053049124133112 -1.9996758006653146 0
      vertex -10.200643448390018 -1.0046756883779961 0
    endloop
  endfacet
  facet normal 0 0 -1
    outer loop
      vertex -9.808638441255141 2.9754179418582387 0
      vertex -9.808638441255141 -2.9754179418582387 0
      vertex -10.053049124133112 -1.9996758006653146 0
    endloop
  endfacet
  facet normal 0 0 -1
    outer loop
      vertex -9.46976520824069 3.9225051817421703 0
      vertex -9.46976520824069 -3.9225051817421703 0
      vertex -9.808638441255141 -2.9754179418582387 0
    endloop
  endfacet
  facet normal -0.989176509964781 -0.14673047445536136 0
    outer loop
      vertex -10.200643448390018 -1.0046756883779961 2
      vertex -10.200643448390018 -1.0046756883779961 0
      vertex -10.053049124133112 -1.9996758006653146 0
    endloop
  endfacet
  facet normal -0.970031253194544 -0.24298017990326404 0
    outer loop
      vertex -10.053049124133112 -1.9996758006653146 2
      vertex -10.053049124133112 -1.9996758006653146 0
      vertex -9.808638441255141 -2.9754179418582387 0
    endloop
  endfacet
  facet normal 0 0 -1
    outer loop
      vertex -9.039692959570639 4.831816552466476 0
      vertex -9.039692959570639 -4.831816552466476 0
      vertex -9.46976520824069 -3.9225051817421703 0
    endloop
  endfacet
  facet normal 0 0 -1
    outer loop
      vertex -8.522563526101088 5.694594888450922 0
      vertex -8.522563526101088 -5.694594888450922 0
      vertex -9.039692959570639 -4.831816552466476 0
    endloop
  endfacet
  facet normal 0 0 -1
    outer loop
      vertex -7.923357146968054 6.502531162677366 0
      vertex -7.923357146968054 -6.502531162677366 0
      vertex -8.522563526101088 -5.694594888450922 0
    endloop
  endfacet
  facet normal -0.970031253194544 -0.24298017990326404 0
    outer loop
      vertex -10.053049124133112 -1.9996758006653146 2
      vertex -9.808638441255141 -2.9754179418582387 0
      vertex -9.808638441255141 -2.9754179418582387 2
    endloop
  endfacet
  facet normal -0.9415440651830208 -0.3368898533922199 0
    outer loop
      vertex -9.808638441255141 -2.9754179418582387 2
      vertex -9.46976520824069 -3.9225051817421703 0
      vertex -9.46976520824069 -3.9225051817421703 2
    endloop
  endfacet
  facet normal -0.903989293123443 -0.4275550934302826 0
    outer loop
      vertex -9.46976520824069 -3.9225051817421703 2
      vertex -9.039692959570639 -4.831816552466476 0
      vertex -9.039692959570639 -4.831816552466476 2
    endloop
  endfacet
  facet normal -0.9415440651830208 -0.3368898533922199 0
    outer loop
      vertex -9.808638441255141 -2.9754179418582387 2
      vertex -9.808638441255141 -2.9754179418582387 0
      vertex -9.46976520824069 -3.9225051817421703 0
    endloop
  endfacet
  facet normal -0.903989293123443 -0.4275550934302826 0
    outer loop
      vertex -9.46976520824069 -3.9225051817421703 2
      vertex -9.46976520824069 -3.9225051817421703 0
      vertex -9.039692959570639 -4.831816552466476 0
    endloop
  endfacet
  facet normal -0.8577286100002718 -0.5141027441932223 0
    outer loop
      vertex -9.039692959570639 -4.831816552466476 2
      vertex -9.039692959570639 -4.831816552466476 0
      vertex -8.522563526101088 -5.694594888450922 0
    endloop
  endfacet
  facet normal 0 0 -1
    outer loop
      vertex -7.247844507162113 7.247844507162113 0
      vertex -7.247844507162113 -7.247844507162113 0
      vertex -7.923357146968054 -6.502531162677366 0
    endloop
  endfacet
  facet normal 0 0 -1
    outer loop
      vertex -6.502531162677366 7.923357146968054 0
      vertex -6.502531162677366 -7.923357146968054 0
      vertex -7.247844507162113 -7.247844507162113 0
    endloop
  endfacet
  facet normal 0 0 -1
    outer loop
      vertex -5.694594888450922 8.522563526101088 0
      vertex -5.694594888450922 -8.522563526101088 0
      vertex -6.502531162677366 -7.923357146968054 0
    endloop
  endfacet
  facet normal 0 0 1
    outer loop
      vertex -7.27585043087393 -3.8890230788144806 2
      vertex -7.247844507162113 -7.247844507162113 2
      vertex -6.859624301495998 -4.583454422411718 2
    endloop
  endfacet
  facet normal 0 0 1
    outer loop
      vertex -7.27585043087393 -3.8890230788144806 2
      vertex -7.923357146968054 -6.502531162677366 2
      vertex -7.247844507162113 -7.247844507162113 2
    endloop
  endfacet
  facet normal 0 0 1
    outer loop
      vertex -6.859624301495998 -4.583454422411718 2
      vertex -7.247844507162113 -7.247844507162113 2
      vertex -6.37733624024258 -5.2337445943500756 2
    endloop
  endfacet
  facet normal 0 0 1
    outer loop
      vertex -7.247844507162113 -7.247844507162113 2
      vertex -6.502531162677366 -7.923357146968054 2
      vertex -6.37733624024258 -5.2337445943500756 2
    endloop
  endfacet
  facet normal 0 0 1
    outer loop
      vertex -6.37733624024258 -5.2337445943500756 2
      vertex -6.502531162677366 -7.923357146968054 2
      vertex -5.833630944789017 -5.833630944789017 2
    endloop
  endfacet
  facet normal 0 0 1
    outer loop
      vertex -5.833630944789017 -5.833630944789017 2
      vertex -6.502531162677366 -7.923357146968054 2
      vertex -5.2337445943500756 -6.37733624024258 2
    endloop
  endfacet
  facet normal 0 0 1
    outer loop
      vertex -5.2337445943500756 -6.37733624024258 2
      vertex -6.502531162677366 -7.923357146968054 2
      vertex -5.694594888450922 -8.522563526101088 2
    endloop
  endfacet
  facet normal 0 0 1
    outer loop
      vertex -5.2337445943500756 -6.37733624024258 2
      vertex -5.694594888450922 -8.522563526101088 2
      vertex -4.583454422411718 -6.859624301495998 2
    endloop
  endfacet
  facet normal -0.8577286100002718 -0.5141027441932223 0
    outer loop
      vertex -9.039692959570639 -4.831816552466476 2
      vertex -8.522563526101088 -5.694594888450922 0
      vertex -8.522563526101088 -5.694594888450922 2
    endloop
  endfacet
  facet normal -0.8032075314806455 -0.5956993044924326 0
    outer loop
      vertex -8.522563526101088 -5.694594888450922 2
      vertex -7.923357146968054 -6.502531162677366 0
      vertex -7.923357146968054 -6.502531162677366 2
    endloop
  endfacet
  facet normal -0.8032075314806455 -0.5956993044924326 0
    outer loop
      vertex -8.522563526101088 -5.694594888450922 2
      vertex -8.522563526101088 -5.694594888450922 0
      vertex -7.923357146968054 -6.502531162677366 0
    endloop
  endfacet
  facet normal -0.74095112535496 -0.6715589548470176 0
    outer loop
      vertex -7.923357146968054 -6.502531162677366 2
      vertex -7.923357146968054 -6.502531162677366 0
      vertex -7.247844507162113 -7.247844507162113 0
    endloop
  endfacet
  facet normal -0.74095112535496 -0.6715589548470176 0
    outer loop
      vertex -7.923357146968054 -6.502531162677366 2
      vertex -7.247844507162113 -7.247844507162113 0
      vertex -7.247844507162113 -7.247844507162113 2
    endloop
  endfacet
  facet normal -0.6715589548470176 -0.74095112535496 0
    outer loop
      vertex -7.247844507162113 -7.247844507162113 2
      vertex -7.247844507162113 -7.247844507162113 0
      vertex -6.502531162677366 -7.923357146968054 2
    endloop
  endfacet
  facet normal -0.5956993044924326 -0.8032075314806455 0
    outer loop
      vertex -6.502531162677366 -7.923357146968054 2
      vertex -6.502531162677366 -7.923357146968054 0
      vertex -5.694594888450922 -8.522563526101088 2
    endloop
  endfacet
  facet normal -0.5141027441932223 -0.8577286100002718 0
    outer loop
      vertex -5.694594888450922 -8.522563526101088 2
      vertex -5.694594888450922 -8.522563526101088 0
      vertex -4.831816552466476 -9.039692959570639 2
    endloop
  endfacet
  facet normal -0.6715589548470176 -0.74095112535496 0
    outer loop
      vertex -6.502531162677366 -7.923357146968054 2
      vertex -7.247844507162113 -7.247844507162113 0
      vertex -6.502531162677366 -7.923357146968054 0
    endloop
  endfacet
  facet normal -0.5956993044924326 -0.8032075314806455 0
    outer loop
      vertex -5.694594888450922 -8.522563526101088 2
      vertex -6.502531162677366 -7.923357146968054 0
      vertex -5.694594888450922 -8.522563526101088 0
    endloop
  endfacet
  facet normal 0.9987954562051724 0.0490676743274174 0
    outer loop
      vertex -3.25 0 7
      vertex -3.23435036168464 -0.318555706071072 0
      vertex -3.25 0 0
    endloop
  endfacet
  facet normal 0.9891765099647808 0.14673047445536258 0
    outer loop
      vertex -3.23435036168464 -0.318555706071072 7
      vertex -3.187552161310499 -0.6340435465524168 0
      vertex -3.23435036168464 -0.318555706071072 0
    endloop
  endfacet
  facet normal 0.9700312531945439 0.2429801799032643 0
    outer loop
      vertex -3.187552161310499 -0.6340435465524168 7
      vertex -3.1100560911296786 -0.9434252010770026 0
      vertex -3.187552161310499 -0.6340435465524168 0
    endloop
  endfacet
  facet normal 0.941544065183021 0.3368898533922195 0
    outer loop
      vertex -3.1100560911296786 -0.9434252010770026 7
      vertex -3.002608480661682 -1.2437211551865417 0
      vertex -3.1100560911296786 -0.9434252010770026 0
    endloop
  endfacet
  facet normal 0.9039892931234436 0.42755509343028164 0
    outer loop
      vertex -2.866244109132154 -1.5320393946844924 0
      vertex -3.002608480661682 -1.2437211551865417 0
      vertex -3.002608480661682 -1.2437211551865417 7
    endloop
  endfacet
  facet normal 0.8577286100002715 0.5141027441932228 0
    outer loop
      vertex -2.702276239983272 -1.805603257313707 0
      vertex -2.866244109132154 -1.5320393946844924 0
      vertex -2.866244109132154 -1.5320393946844924 7
    endloop
  endfacet
  facet normal 0.8032075314806456 0.5956993044924322 0
    outer loop
      vertex -2.5122839734288953 -2.061778173531848 0
      vertex -2.702276239983272 -1.805603257313707 0
      vertex -2.702276239983272 -1.805603257313707 7
    endloop
  endfacet
  facet normal 0.7409511253549597 0.6715589548470176 0
    outer loop
      vertex -2.5122839734288953 -2.061778173531848 7
      vertex -2.29809703885628 -2.29809703885628 0
      vertex -2.5122839734288953 -2.061778173531848 0
    endloop
  endfacet
  facet normal 0.6715589548470176 0.7409511253549597 0
    outer loop
      vertex -2.29809703885628 -2.29809703885628 7
      vertex -2.061778173531848 -2.5122839734288953 0
      vertex -2.29809703885628 -2.29809703885628 0
    endloop
  endfacet
  facet normal 0.5956993044924322 0.8032075314806456 0
    outer loop
      vertex -2.061778173531848 -2.5122839734288953 7
      vertex -1.805603257313707 -2.702276239983272 0
      vertex -2.061778173531848 -2.5122839734288953 0
    endloop
  endfacet
  facet normal 0.5141027441932228 0.8577286100002715 0
    outer loop
      vertex -1.805603257313707 -2.702276239983272 7
      vertex -1.5320393946844924 -2.866244109132154 0
      vertex -1.805603257313707 -2.702276239983272 0
    endloop
  endfacet
  facet normal 0.42755509343028164 0.9039892931234436 0
    outer loop
      vertex -1.5320393946844924 -2.866244109132154 7
      vertex -1.2437211551865417 -3.002608480661682 0
      vertex -1.5320393946844924 -2.866244109132154 0
    endloop
  endfacet
  facet normal 0.3368898533922195 0.941544065183021 0
    outer loop
      vertex -1.2437211551865417 -3.002608480661682 7
      vertex -0.9434252010770026 -3.1100560911296786 0
      vertex -1.2437211551865417 -3.002608480661682 0
    endloop
  endfacet
  facet normal 0.2429801799032643 0.9700312531945439 0
    outer loop
      vertex -0.9434252010770026 -3.1100560911296786 7
      vertex -0.6340435465524168 -3.187552161310499 0
      vertex -0.9434252010770026 -3.1100560911296786 0
    endloop
  endfacet
  facet normal 0.14673047445536258 0.9891765099647808 0
    outer loop
      vertex -0.6340435465524168 -3.187552161310499 7
      vertex -0.318555706071072 -3.23435036168464 0
      vertex -0.6340435465524168 -3.187552161310499 0
    endloop
  endfacet
  facet normal 0.0490676743274174 0.9987954562051724 0
    outer loop
      vertex 0 -3.25 0
      vertex -0.318555706071072 -3.23435036168464 0
      vertex -0.318555706071072 -3.23435036168464 7
    endloop
  endfacet
  facet normal 0 0 -1
    outer loop
      vertex -4.831816552466476 9.039692959570639 0
      vertex -4.831816552466476 -9.039692959570639 0
      vertex -5.694594888450922 -8.522563526101088 0
    endloop
  endfacet
  facet normal 0 0 -1
    outer loop
      vertex -3.9225051817421703 9.46976520824069 0
      vertex -3.9225051817421703 -9.46976520824069 0
      vertex -4.831816552466476 -9.039692959570639 0
    endloop
  endfacet
  facet normal 0 0 -1
    outer loop
      vertex -3.9225051817421703 -9.46976520824069 0
      vertex -3.25 0 0
      vertex -3.23435036168464 -0.318555706071072 0
    endloop
  endfacet
  facet normal 0 0 -1
    outer loop
      vertex -3.9225051817421703 -9.46976520824069 0
      vertex -3.23435036168464 -0.318555706071072 0
      vertex -3.187552161310499 -0.6340435465524168 0
    endloop
  endfacet
  facet normal 0 0 -1
    outer loop
      vertex -3.9225051817421703 -9.46976520824069 0
      vertex -3.187552161310499 -0.6340435465524168 0
      vertex -3.1100560911296786 -0.9434252010770026 0
    endloop
  endfacet
  facet normal 0 0 -1
    outer loop
      vertex -3.9225051817421703 -9.46976520824069 0
      vertex -3.1100560911296786 -0.9434252010770026 0
      vertex -3.002608480661682 -1.2437211551865417 0
    endloop
  endfacet
  facet normal 0 0 -1
    outer loop
      vertex -3.9225051817421703 -9.46976520824069 0
      vertex -3.002608480661682 -1.2437211551865417 0
      vertex -2.866244109132154 -1.5320393946844924 0
    endloop
  endfacet
  facet normal 0 0 -1
    outer loop
      vertex -2.9754179418582387 -9.808638441255141 0
      vertex -2.866244109132154 -1.5320393946844924 0
      vertex -2.702276239983272 -1.805603257313707 0
    endloop
  endfacet
  facet normal 0 0 -1
    outer loop
      vertex -2.9754179418582387 -9.808638441255141 0
      vertex -2.702276239983272 -1.805603257313707 0
      vertex -2.5122839734288953 -2.061778173531848 0
    endloop
  endfacet
  facet normal 0 0 -1
    outer loop
      vertex -2.9754179418582387 -9.808638441255141 0
      vertex -2.5122839734288953 -2.061778173531848 0
      vertex -2.29809703885628 -2.29809703885628 0
    endloop
  endfacet
  facet normal 0 0 -1
    outer loop
      vertex -2.9754179418582387 -9.808638441255141 0
      vertex -2.29809703885628 -2.29809703885628 0
      vertex -2.061778173531848 -2.5122839734288953 0
    endloop
  endfacet
  facet normal 0 0 -1
    outer loop
      vertex -2.9754179418582387 -9.808638441255141 0
      vertex -2.061778173531848 -2.5122839734288953 0
      vertex -1.805603257313707 -2.702276239983272 0
    endloop
  endfacet
  facet normal 0 0 1
    outer loop
      vertex -5.694594888450922 -8.522563526101088 2
      vertex -4.831816552466476 -9.039692959570639 2
      vertex -4.583454422411718 -6.859624301495998 2
    endloop
  endfacet
  facet normal 0 0 1
    outer loop
      vertex -4.583454422411718 -6.859624301495998 2
      vertex -4.831816552466476 -9.039692959570639 2
      vertex -3.8890230788144806 -7.27585043087393 2
    endloop
  endfacet
  facet normal 0 0 1
    outer loop
      vertex -3.8890230788144806 -7.27585043087393 2
      vertex -4.831816552466476 -9.039692959570639 2
      vertex -3.9225051817421703 -9.46976520824069 2
    endloop
  endfacet
  facet normal 0 0 1
    outer loop
      vertex -3.8890230788144806 -7.27585043087393 2
      vertex -3.9225051817421703 -9.46976520824069 2
      vertex -3.1571383170119907 -7.622006143218115 2
    endloop
  endfacet
  facet normal 0 0 1
    outer loop
      vertex -3.1571383170119907 -7.622006143218115 2
      vertex -3.9225051817421703 -9.46976520824069 2
      vertex -2.394848587349314 -7.894757769790723 2
    endloop
  endfacet
  facet normal 0 0 1
    outer loop
      vertex -3.9225051817421703 -9.46976520824069 2
      vertex -2.9754179418582387 -9.808638441255141 2
      vertex -2.394848587349314 -7.894757769790723 2
    endloop
  endfacet
  facet normal 0 0 1
    outer loop
      vertex -2.9754179418582387 -9.808638441255141 2
      vertex -1.609495156633058 -8.091478563326651 2
      vertex -2.394848587349314 -7.894757769790723 2
    endloop
  endfacet
  facet normal 0 0 1
    outer loop
      vertex -1.609495156633058 -8.091478563326651 2
      vertex -1.9996758006653146 -10.053049124133112 2
      vertex -0.8086414077188749 -8.210273995045625 2
    endloop
  endfacet
  facet normal 0 0 1
    outer loop
      vertex -2.9754179418582387 -9.808638441255141 2
      vertex -1.9996758006653146 -10.053049124133112 2
      vertex -1.609495156633058 -8.091478563326651 2
    endloop
  endfacet
  facet normal 0 0 1
    outer loop
      vertex -0.8086414077188749 -8.210273995045625 2
      vertex -1.0046756883779961 -10.200643448390018 2
      vertex 0 -8.25 2
    endloop
  endfacet
  facet normal 0 0 1
    outer loop
      vertex -1.9996758006653146 -10.053049124133112 2
      vertex -1.0046756883779961 -10.200643448390018 2
      vertex -0.8086414077188749 -8.210273995045625 2
    endloop
  endfacet
  facet normal 0 0 1
    outer loop
      vertex -1.0046756883779961 -10.200643448390018 2
      vertex 0 -10.25 2
      vertex 0 -8.25 2
    endloop
  endfacet
  facet normal 0 0 -1
    outer loop
      vertex -3.9225051817421703 -9.46976520824069 0
      vertex -2.866244109132154 -1.5320393946844924 0
      vertex -2.9754179418582387 -9.808638441255141 0
    endloop
  endfacet
  facet normal -0.4275550934302826 -0.903989293123443 0
    outer loop
      vertex -4.831816552466476 -9.039692959570639 2
      vertex -4.831816552466476 -9.039692959570639 0
      vertex -3.9225051817421703 -9.46976520824069 2
    endloop
  endfacet
  facet normal -0.3368898533922199 -0.9415440651830208 0
    outer loop
      vertex -3.9225051817421703 -9.46976520824069 2
      vertex -3.9225051817421703 -9.46976520824069 0
      vertex -2.9754179418582387 -9.808638441255141 2
    endloop
  endfacet
  facet normal -0.24298017990326404 -0.970031253194544 0
    outer loop
      vertex -2.9754179418582387 -9.808638441255141 2
      vertex -2.9754179418582387 -9.808638441255141 0
      vertex -1.9996758006653146 -10.053049124133112 2
    endloop
  endfacet
  facet normal -0.5141027441932223 -0.8577286100002718 0
    outer loop
      vertex -5.694594888450922 -8.522563526101088 0
      vertex -4.831816552466476 -9.039692959570639 0
      vertex -4.831816552466476 -9.039692959570639 2
    endloop
  endfacet
  facet normal -0.4275550934302826 -0.903989293123443 0
    outer loop
      vertex -3.9225051817421703 -9.46976520824069 2
      vertex -4.831816552466476 -9.039692959570639 0
      vertex -3.9225051817421703 -9.46976520824069 0
    endloop
  endfacet
  facet normal -0.3368898533922199 -0.9415440651830208 0
    outer loop
      vertex -2.9754179418582387 -9.808638441255141 2
      vertex -3.9225051817421703 -9.46976520824069 0
      vertex -2.9754179418582387 -9.808638441255141 0
    endloop
  endfacet
  facet normal 0 0 -1
    outer loop
      vertex -1.9996758006653146 -10.053049124133112 0
      vertex -1.805603257313707 -2.702276239983272 0
      vertex -1.5320393946844924 -2.866244109132154 0
    endloop
  endfacet
  facet normal 0 0 -1
    outer loop
      vertex -1.9996758006653146 -10.053049124133112 0
      vertex -1.5320393946844924 -2.866244109132154 0
      vertex -1.2437211551865417 -3.002608480661682 0
    endloop
  endfacet
  facet normal 0 0 -1
    outer loop
      vertex -1.9996758006653146 -10.053049124133112 0
      vertex -1.2437211551865417 -3.002608480661682 0
      vertex -0.9434252010770026 -3.1100560911296786 0
    endloop
  endfacet
  facet normal 0 0 -1
    outer loop
      vertex -2.9754179418582387 -9.808638441255141 0
      vertex -1.805603257313707 -2.702276239983272 0
      vertex -1.9996758006653146 -10.053049124133112 0
    endloop
  endfacet
  facet normal 0 0 -1
    outer loop
      vertex -1.0046756883779961 -10.200643448390018 0
      vertex -0.9434252010770026 -3.1100560911296786 0
      vertex -0.6340435465524168 -3.187552161310499 0
    endloop
  endfacet
  facet normal 0 0 -1
    outer loop
      vertex -1.0046756883779961 -10.200643448390018 0
      vertex -0.6340435465524168 -3.187552161310499 0
      vertex -0.318555706071072 -3.23435036168464 0
    endloop
  endfacet
  facet normal 0 0 -1
    outer loop
      vertex -1.0046756883779961 -10.200643448390018 0
      vertex -0.318555706071072 -3.23435036168464 0
      vertex 0 -3.25 0
    endloop
  endfacet
  facet normal -0.14673047445536136 -0.989176509964781 0
    outer loop
      vertex -1.9996758006653146 -10.053049124133112 2
      vertex -1.9996758006653146 -10.053049124133112 0
      vertex -1.0046756883779961 -10.200643448390018 2
    endloop
  endfacet
  facet normal -0.04906767432741819 -0.9987954562051723 0
    outer loop
      vertex -1.0046756883779961 -10.200643448390018 2
      vertex -1.0046756883779961 -10.200643448390018 0
      vertex 0 -10.25 2
    endloop
  endfacet
  facet normal 0 0 -1
    outer loop
      vertex -1.9996758006653146 -10.053049124133112 0
      vertex -0.9434252010770026 -3.1100560911296786 0
      vertex -1.0046756883779961 -10.200643448390018 0
    endloop
  endfacet
  facet normal -0.24298017990326404 -0.970031253194544 0
    outer loop
      vertex -1.9996758006653146 -10.053049124133112 2
      vertex -2.9754179418582387 -9.808638441255141 0
      vertex -1.9996758006653146 -10.053049124133112 0
    endloop
  endfacet
  facet normal -0.14673047445536136 -0.989176509964781 0
    outer loop
      vertex -1.0046756883779961 -10.200643448390018 2
      vertex -1.9996758006653146 -10.053049124133112 0
      vertex -1.0046756883779961 -10.200643448390018 0
    endloop
  endfacet
  facet normal 0 0 -1
    outer loop
      vertex -1.0046756883779961 -10.200643448390018 0
      vertex 0 -3.25 0
      vertex 0 -10.25 0
    endloop
  endfacet
  facet normal -0.04906767432741819 -0.9987954562051723 0
    outer loop
      vertex -1.0046756883779961 -10.200643448390018 0
      vertex 0 -10.25 0
      vertex 0 -10.25 2
    endloop
  endfacet
  facet normal 0.04906767432741669 0.9987954562051723 0
    outer loop
      vertex 0 8.25 7
      vertex 0.8086414077188749 8.210273995045625 7
      vertex 0.8086414077188749 8.210273995045625 2
    endloop
  endfacet
  facet normal 0.14673047445536275 0.9891765099647808 0
    outer loop
      vertex 0.8086414077188749 8.210273995045625 7
      vertex 1.609495156633058 8.091478563326651 7
      vertex 1.609495156633058 8.091478563326651 2
    endloop
  endfacet
  facet normal 0.24298017990326445 0.9700312531945438 0
    outer loop
      vertex 1.609495156633058 8.091478563326651 7
      vertex 2.394848587349314 7.894757769790723 7
      vertex 2.394848587349314 7.894757769790723 2
    endloop
  endfacet
  facet normal 0 0 1
    outer loop
      vertex 0 8.25 7
      vertex 0.318555706071072 3.23435036168464 7
      vertex 0.8086414077188749 8.210273995045625 7
    endloop
  endfacet
  facet normal 0 0 1
    outer loop
      vertex 0.8086414077188749 8.210273995045625 7
      vertex 1.2437211551865417 3.002608480661682 7
      vertex 1.609495156633058 8.091478563326651 7
    endloop
  endfacet
  facet normal 0 0 1
    outer loop
      vertex 1.609495156633058 8.091478563326651 7
      vertex 2.061778173531848 2.5122839734288953 7
      vertex 2.394848587349314 7.894757769790723 7
    endloop
  endfacet
  facet normal 0.33688985339222005 0.9415440651830208 0
    outer loop
      vertex 2.394848587349314 7.894757769790723 7
      vertex 3.1571383170119907 7.622006143218115 7
      vertex 3.1571383170119907 7.622006143218115 2
    endloop
  endfacet
  facet normal 0 0 1
    outer loop
      vertex 2.394848587349314 7.894757769790723 7
      vertex 2.702276239983272 1.805603257313707 7
      vertex 3.1571383170119907 7.622006143218115 7
    endloop
  endfacet
  facet normal 0.42755509343028114 0.9039892931234437 0
    outer loop
      vertex 3.1571383170119907 7.622006143218115 7
      vertex 3.8890230788144806 7.27585043087393 7
      vertex 3.8890230788144806 7.27585043087393 2
    endloop
  endfacet
  facet normal 0.5141027441932227 0.8577286100002715 0
    outer loop
      vertex 3.8890230788144806 7.27585043087393 7
      vertex 4.583454422411718 6.859624301495998 7
      vertex 4.583454422411718 6.859624301495998 2
    endloop
  endfacet
  facet normal 0.5956993044924325 0.8032075314806454 0
    outer loop
      vertex 4.583454422411718 6.859624301495998 7
      vertex 5.2337445943500756 6.37733624024258 7
      vertex 5.2337445943500756 6.37733624024258 2
    endloop
  endfacet
  facet normal 0.04906767432741669 0.9987954562051723 0
    outer loop
      vertex 0 8.25 7
      vertex 0.8086414077188749 8.210273995045625 2
      vertex 0 8.25 2
    endloop
  endfacet
  facet normal 0.14673047445536275 0.9891765099647808 0
    outer loop
      vertex 0.8086414077188749 8.210273995045625 7
      vertex 1.609495156633058 8.091478563326651 2
      vertex 0.8086414077188749 8.210273995045625 2
    endloop
  endfacet
  facet normal 0.24298017990326445 0.9700312531945438 0
    outer loop
      vertex 1.609495156633058 8.091478563326651 7
      vertex 2.394848587349314 7.894757769790723 2
      vertex 1.609495156633058 8.091478563326651 2
    endloop
  endfacet
  facet normal 0.33688985339222005 0.9415440651830208 0
    outer loop
      vertex 2.394848587349314 7.894757769790723 7
      vertex 3.1571383170119907 7.622006143218115 2
      vertex 2.394848587349314 7.894757769790723 2
    endloop
  endfacet
  facet normal 0.42755509343028114 0.9039892931234437 0
    outer loop
      vertex 3.1571383170119907 7.622006143218115 7
      vertex 3.8890230788144806 7.27585043087393 2
      vertex 3.1571383170119907 7.622006143218115 2
    endloop
  endfacet
  facet normal 0.5141027441932227 0.8577286100002715 0
    outer loop
      vertex 3.8890230788144806 7.27585043087393 7
      vertex 4.583454422411718 6.859624301495998 2
      vertex 3.8890230788144806 7.27585043087393 2
    endloop
  endfacet
  facet normal 0.5956993044924325 0.8032075314806454 0
    outer loop
      vertex 4.583454422411718 6.859624301495998 7
      vertex 5.2337445943500756 6.37733624024258 2
      vertex 4.583454422411718 6.859624301495998 2
    endloop
  endfacet
  facet normal 0 0 1
    outer loop
      vertex 0 8.25 7
      vertex 0 3.25 7
      vertex 0.318555706071072 3.23435036168464 7
    endloop
  endfacet
  facet normal 0 0 1
    outer loop
      vertex 0.8086414077188749 8.210273995045625 7
      vertex 0.318555706071072 3.23435036168464 7
      vertex 0.6340435465524168 3.187552161310499 7
    endloop
  endfacet
  facet normal 0 0 1
    outer loop
      vertex 0.8086414077188749 8.210273995045625 7
      vertex 0.6340435465524168 3.187552161310499 7
      vertex 0.9434252010770026 3.1100560911296786 7
    endloop
  endfacet
  facet normal 0 0 1
    outer loop
      vertex 0.8086414077188749 8.210273995045625 7
      vertex 0.9434252010770026 3.1100560911296786 7
      vertex 1.2437211551865417 3.002608480661682 7
    endloop
  endfacet
  facet normal 0 0 1
    outer loop
      vertex 1.609495156633058 8.091478563326651 7
      vertex 1.2437211551865417 3.002608480661682 7
      vertex 1.5320393946844924 2.866244109132154 7
    endloop
  endfacet
  facet normal 0 0 1
    outer loop
      vertex 1.609495156633058 8.091478563326651 7
      vertex 1.5320393946844924 2.866244109132154 7
      vertex 1.805603257313707 2.702276239983272 7
    endloop
  endfacet
  facet normal 0 0 1
    outer loop
      vertex 1.609495156633058 8.091478563326651 7
      vertex 1.805603257313707 2.702276239983272 7
      vertex 2.061778173531848 2.5122839734288953 7
    endloop
  endfacet
  facet normal 0 0 1
    outer loop
      vertex 2.394848587349314 7.894757769790723 7
      vertex 2.061778173531848 2.5122839734288953 7
      vertex 2.29809703885628 2.29809703885628 7
    endloop
  endfacet
  facet normal 0 0 1
    outer loop
      vertex 2.394848587349314 7.894757769790723 7
      vertex 2.29809703885628 2.29809703885628 7
      vertex 2.5122839734288953 2.061778173531848 7
    endloop
  endfacet
  facet normal 0 0 1
    outer loop
      vertex 2.394848587349314 7.894757769790723 7
      vertex 2.5122839734288953 2.061778173531848 7
      vertex 2.702276239983272 1.805603257313707 7
    endloop
  endfacet
  facet normal 0 0 1
    outer loop
      vertex 3.1571383170119907 7.622006143218115 7
      vertex 2.702276239983272 1.805603257313707 7
      vertex 2.866244109132154 1.5320393946844924 7
    endloop
  endfacet
  facet normal 0 0 1
    outer loop
      vertex 3.1571383170119907 7.622006143218115 7
      vertex 2.866244109132154 1.5320393946844924 7
      vertex 3.002608480661682 1.2437211551865417 7
    endloop
  endfacet
  facet normal 0 0 1
    outer loop
      vertex 3.1571383170119907 7.622006143218115 7
      vertex 3.002608480661682 1.2437211551865417 7
      vertex 3.1100560911296786 0.9434252010770026 7
    endloop
  endfacet
  facet normal 0 0 1
    outer loop
      vertex 3.1571383170119907 7.622006143218115 7
      vertex 3.1100560911296786 0.9434252010770026 7
      vertex 3.187552161310499 0.6340435465524168 7
    endloop
  endfacet
  facet normal 0 0 1
    outer loop
      vertex 3.1571383170119907 7.622006143218115 7
      vertex 3.187552161310499 0.6340435465524168 7
      vertex 3.23435036168464 0.318555706071072 7
    endloop
  endfacet
  facet normal 0 0 1
    outer loop
      vertex 3.1571383170119907 7.622006143218115 7
      vertex 3.23435036168464 0.318555706071072 7
      vertex 3.25 0 7
    endloop
  endfacet
  facet normal 0 0 1
    outer loop
      vertex 3.1571383170119907 7.622006143218115 7
      vertex 3.8890230788144806 -7.27585043087393 7
      vertex 3.8890230788144806 7.27585043087393 7
    endloop
  endfacet
  facet normal 0 0 1
    outer loop
      vertex 3.1571383170119907 7.622006143218115 7
      vertex 3.25 0 7
      vertex 3.8890230788144806 -7.27585043087393 7
    endloop
  endfacet
  facet normal 0 0 1
    outer loop
      vertex 3.8890230788144806 7.27585043087393 7
      vertex 4.583454422411718 -6.859624301495998 7
      vertex 4.583454422411718 6.859624301495998 7
    endloop
  endfacet
  facet normal 0 0 1
    outer loop
      vertex 4.583454422411718 6.859624301495998 7
      vertex 5.2337445943500756 -6.37733624024258 7
      vertex 5.2337445943500756 6.37733624024258 7
    endloop
  endfacet
  facet normal -0.0490676743274174 -0.9987954562051724 0
    outer loop
      vertex 0 3.25 0
      vertex 0.318555706071072 3.23435036168464 7
      vertex 0 3.25 7
    endloop
  endfacet
  facet normal -0.14673047445536258 -0.9891765099647808 0
    outer loop
      vertex 0.318555706071072 3.23435036168464 7
      vertex 0.318555706071072 3.23435036168464 0
      vertex 0.6340435465524168 3.187552161310499 7
    endloop
  endfacet
  facet normal -0.2429801799032643 -0.9700312531945439 0
    outer loop
      vertex 0.6340435465524168 3.187552161310499 0
      vertex 0.9434252010770026 3.1100560911296786 7
      vertex 0.6340435465524168 3.187552161310499 7
    endloop
  endfacet
  facet normal -0.3368898533922195 -0.941544065183021 0
    outer loop
      vertex 0.9434252010770026 3.1100560911296786 7
      vertex 0.9434252010770026 3.1100560911296786 0
      vertex 1.2437211551865417 3.002608480661682 7
    endloop
  endfacet
  facet normal -0.42755509343028164 -0.9039892931234436 0
    outer loop
      vertex 1.2437211551865417 3.002608480661682 7
      vertex 1.2437211551865417 3.002608480661682 0
      vertex 1.5320393946844924 2.866244109132154 7
    endloop
  endfacet
  facet normal -0.5141027441932228 -0.8577286100002715 0
    outer loop
      vertex 1.5320393946844924 2.866244109132154 7
      vertex 1.5320393946844924 2.866244109132154 0
      vertex 1.805603257313707 2.702276239983272 7
    endloop
  endfacet
  facet normal -0.5956993044924322 -0.8032075314806456 0
    outer loop
      vertex 1.805603257313707 2.702276239983272 7
      vertex 1.805603257313707 2.702276239983272 0
      vertex 2.061778173531848 2.5122839734288953 7
    endloop
  endfacet
  facet normal -0.6715589548470176 -0.7409511253549597 0
    outer loop
      vertex 2.061778173531848 2.5122839734288953 7
      vertex 2.061778173531848 2.5122839734288953 0
      vertex 2.29809703885628 2.29809703885628 7
    endloop
  endfacet
  facet normal -0.7409511253549597 -0.6715589548470176 0
    outer loop
      vertex 2.5122839734288953 2.061778173531848 7
      vertex 2.29809703885628 2.29809703885628 7
      vertex 2.29809703885628 2.29809703885628 0
    endloop
  endfacet
  facet normal -0.8032075314806456 -0.5956993044924322 0
    outer loop
      vertex 2.5122839734288953 2.061778173531848 0
      vertex 2.702276239983272 1.805603257313707 7
      vertex 2.5122839734288953 2.061778173531848 7
    endloop
  endfacet
  facet normal -0.8577286100002715 -0.5141027441932228 0
    outer loop
      vertex 2.866244109132154 1.5320393946844924 7
      vertex 2.702276239983272 1.805603257313707 7
      vertex 2.702276239983272 1.805603257313707 0
    endloop
  endfacet
  facet normal -0.9039892931234436 -0.42755509343028164 0
    outer loop
      vertex 3.002608480661682 1.2437211551865417 7
      vertex 2.866244109132154 1.5320393946844924 7
      vertex 2.866244109132154 1.5320393946844924 0
    endloop
  endfacet
  facet normal -0.941544065183021 -0.3368898533922195 0
    outer loop
      vertex 3.1100560911296786 0.9434252010770026 7
      vertex 3.002608480661682 1.2437211551865417 7
      vertex 3.002608480661682 1.2437211551865417 0
    endloop
  endfacet
  facet normal -0.9700312531945439 -0.2429801799032643 0
    outer loop
      vertex 3.187552161310499 0.6340435465524168 7
      vertex 3.1100560911296786 0.9434252010770026 7
      vertex 3.1100560911296786 0.9434252010770026 0
    endloop
  endfacet
  facet normal -0.9891765099647808 -0.14673047445536258 0
    outer loop
      vertex 3.187552161310499 0.6340435465524168 0
      vertex 3.23435036168464 0.318555706071072 7
      vertex 3.187552161310499 0.6340435465524168 7
    endloop
  endfacet
  facet normal -0.9987954562051724 -0.0490676743274174 0
    outer loop
      vertex 3.23435036168464 0.318555706071072 7
      vertex 3.23435036168464 0.318555706071072 0
      vertex 3.25 0 7
    endloop
  endfacet
  facet normal 0.6715589548470187 0.7409511253549589 0
    outer loop
      vertex 5.2337445943500756 6.37733624024258 7
      vertex 5.833630944789017 5.833630944789017 7
      vertex 5.833630944789017 5.833630944789017 2
    endloop
  endfacet
  facet normal 0.7409511253549589 0.6715589548470187 0
    outer loop
      vertex 5.833630944789017 5.833630944789017 7
      vertex 6.37733624024258 5.2337445943500756 7
      vertex 5.833630944789017 5.833630944789017 2
    endloop
  endfacet
  facet normal 0.6715589548470187 0.7409511253549589 0
    outer loop
      vertex 5.2337445943500756 6.37733624024258 7
      vertex 5.833630944789017 5.833630944789017 2
      vertex 5.2337445943500756 6.37733624024258 2
    endloop
  endfacet
  facet normal 0.7409511253549589 0.6715589548470187 0
    outer loop
      vertex 6.37733624024258 5.2337445943500756 7
      vertex 6.37733624024258 5.2337445943500756 2
      vertex 5.833630944789017 5.833630944789017 2
    endloop
  endfacet
  facet normal 0.8032075314806454 0.5956993044924325 0
    outer loop
      vertex 6.37733624024258 5.2337445943500756 7
      vertex 6.859624301495998 4.583454422411718 7
      vertex 6.37733624024258 5.2337445943500756 2
    endloop
  endfacet
  facet normal 0.8577286100002715 0.5141027441932227 0
    outer loop
      vertex 6.859624301495998 4.583454422411718 7
      vertex 7.27585043087393 3.8890230788144806 7
      vertex 6.859624301495998 4.583454422411718 2
    endloop
  endfacet
  facet normal 0.9039892931234437 0.42755509343028114 0
    outer loop
      vertex 7.27585043087393 3.8890230788144806 7
      vertex 7.622006143218115 3.1571383170119907 7
      vertex 7.27585043087393 3.8890230788144806 2
    endloop
  endfacet
  facet normal 0 0 1
    outer loop
      vertex 5.2337445943500756 6.37733624024258 7
      vertex 5.833630944789017 -5.833630944789017 7
      vertex 5.833630944789017 5.833630944789017 7
    endloop
  endfacet
  facet normal 0 0 1
    outer loop
      vertex 5.833630944789017 5.833630944789017 7
      vertex 6.37733624024258 -5.2337445943500756 7
      vertex 6.37733624024258 5.2337445943500756 7
    endloop
  endfacet
  facet normal 0 0 1
    outer loop
      vertex 6.37733624024258 5.2337445943500756 7
      vertex 6.859624301495998 -4.583454422411718 7
      vertex 6.859624301495998 4.583454422411718 7
    endloop
  endfacet
  facet normal 0 0 1
    outer loop
      vertex 6.859624301495998 4.583454422411718 7
      vertex 7.27585043087393 -3.8890230788144806 7
      vertex 7.27585043087393 3.8890230788144806 7
    endloop
  endfacet
  facet normal 0 0 1
    outer loop
      vertex 7.27585043087393 3.8890230788144806 7
      vertex 7.622006143218115 -3.1571383170119907 7
      vertex 7.622006143218115 3.1571383170119907 7
    endloop
  endfacet
  facet normal 0.9415440651830208 0.33688985339222005 0
    outer loop
      vertex 7.622006143218115 3.1571383170119907 7
      vertex 7.894757769790723 2.394848587349314 7
      vertex 7.622006143218115 3.1571383170119907 2
    endloop
  endfacet
  facet normal 0 0 1
    outer loop
      vertex 7.622006143218115 3.1571383170119907 7
      vertex 7.894757769790723 -2.394848587349314 7
      vertex 7.894757769790723 2.394848587349314 7
    endloop
  endfacet
  facet normal 0 0 1
    outer loop
      vertex 7.894757769790723 2.394848587349314 7
      vertex 8.091478563326651 -1.609495156633058 7
      vertex 8.091478563326651 1.609495156633058 7
    endloop
  endfacet
  facet normal 0 0 1
    outer loop
      vertex 8.091478563326651 1.609495156633058 7
      vertex 8.210273995045625 -0.8086414077188749 7
      vertex 8.210273995045625 0.8086414077188749 7
    endloop
  endfacet
  facet normal 0.9700312531945438 0.24298017990326445 0
    outer loop
      vertex 7.894757769790723 2.394848587349314 7
      vertex 8.091478563326651 1.609495156633058 7
      vertex 7.894757769790723 2.394848587349314 2
    endloop
  endfacet
  facet normal 0.9891765099647808 0.14673047445536275 0
    outer loop
      vertex 8.091478563326651 1.609495156633058 7
      vertex 8.210273995045625 0.8086414077188749 7
      vertex 8.091478563326651 1.609495156633058 2
    endloop
  endfacet
  facet normal 0.9987954562051723 0.04906767432741669 0
    outer loop
      vertex 8.210273995045625 0.8086414077188749 7
      vertex 8.25 0 7
      vertex 8.210273995045625 0.8086414077188749 2
    endloop
  endfacet
  facet normal 0.8032075314806454 0.5956993044924325 0
    outer loop
      vertex 6.859624301495998 4.583454422411718 7
      vertex 6.859624301495998 4.583454422411718 2
      vertex 6.37733624024258 5.2337445943500756 2
    endloop
  endfacet
  facet normal 0.8577286100002715 0.5141027441932227 0
    outer loop
      vertex 7.27585043087393 3.8890230788144806 7
      vertex 7.27585043087393 3.8890230788144806 2
      vertex 6.859624301495998 4.583454422411718 2
    endloop
  endfacet
  facet normal 0.9039892931234437 0.42755509343028114 0
    outer loop
      vertex 7.622006143218115 3.1571383170119907 7
      vertex 7.622006143218115 3.1571383170119907 2
      vertex 7.27585043087393 3.8890230788144806 2
    endloop
  endfacet
  facet normal 0.9415440651830208 0.33688985339222005 0
    outer loop
      vertex 7.894757769790723 2.394848587349314 7
      vertex 7.894757769790723 2.394848587349314 2
      vertex 7.622006143218115 3.1571383170119907 2
    endloop
  endfacet
  facet normal 0.9700312531945438 0.24298017990326445 0
    outer loop
      vertex 8.091478563326651 1.609495156633058 7
      vertex 8.091478563326651 1.609495156633058 2
      vertex 7.894757769790723 2.394848587349314 2
    endloop
  endfacet
  facet normal 0.9891765099647808 0.14673047445536275 0
    outer loop
      vertex 8.210273995045625 0.8086414077188749 7
      vertex 8.210273995045625 0.8086414077188749 2
      vertex 8.091478563326651 1.609495156633058 2
    endloop
  endfacet
  facet normal 0.9987954562051723 0.04906767432741669 0
    outer loop
      vertex 8.210273995045625 0.8086414077188749 2
      vertex 8.25 0 7
      vertex 8.25 0 2
    endloop
  endfacet
  facet normal 0 0 1
    outer loop
      vertex 0 10.25 2
      vertex 0 8.25 2
      vertex 1.0046756883779961 10.200643448390018 2
    endloop
  endfacet
  facet normal 0 0 1
    outer loop
      vertex 1.0046756883779961 10.200643448390018 2
      vertex 0.8086414077188749 8.210273995045625 2
      vertex 1.9996758006653146 10.053049124133112 2
    endloop
  endfacet
  facet normal 0 0 1
    outer loop
      vertex 1.0046756883779961 10.200643448390018 2
      vertex 0 8.25 2
      vertex 0.8086414077188749 8.210273995045625 2
    endloop
  endfacet
  facet normal 0 0 1
    outer loop
      vertex 1.9996758006653146 10.053049124133112 2
      vertex 1.609495156633058 8.091478563326651 2
      vertex 2.9754179418582387 9.808638441255141 2
    endloop
  endfacet
  facet normal 0 0 1
    outer loop
      vertex 0.8086414077188749 8.210273995045625 2
      vertex 1.609495156633058 8.091478563326651 2
      vertex 1.9996758006653146 10.053049124133112 2
    endloop
  endfacet
  facet normal 0 0 1
    outer loop
      vertex 1.609495156633058 8.091478563326651 2
      vertex 2.394848587349314 7.894757769790723 2
      vertex 2.9754179418582387 9.808638441255141 2
    endloop
  endfacet
  facet normal 0 0 1
    outer loop
      vertex 2.394848587349314 7.894757769790723 2
      vertex 3.9225051817421703 9.46976520824069 2
      vertex 2.9754179418582387 9.808638441255141 2
    endloop
  endfacet
  facet normal 0 0 1
    outer loop
      vertex 2.394848587349314 7.894757769790723 2
      vertex 3.1571383170119907 7.622006143218115 2
      vertex 3.9225051817421703 9.46976520824069 2
    endloop
  endfacet
  facet normal 0 0 1
    outer loop
      vertex 3.9225051817421703 9.46976520824069 2
      vertex 3.1571383170119907 7.622006143218115 2
      vertex 3.8890230788144806 7.27585043087393 2
    endloop
  endfacet
  facet normal 0 0 1
    outer loop
      vertex 3.9225051817421703 9.46976520824069 2
      vertex 3.8890230788144806 7.27585043087393 2
      vertex 4.831816552466476 9.039692959570639 2
    endloop
  endfacet
  facet normal 0 0 1
    outer loop
      vertex 4.831816552466476 9.039692959570639 2
      vertex 3.8890230788144806 7.27585043087393 2
      vertex 4.583454422411718 6.859624301495998 2
    endloop
  endfacet
  facet normal 0 0 1
    outer loop
      vertex 4.831816552466476 9.039692959570639 2
      vertex 4.583454422411718 6.859624301495998 2
      vertex 5.694594888450922 8.522563526101088 2
    endloop
  endfacet
  facet normal 0.04906767432741819 0.9987954562051723 0
    outer loop
      vertex 0 10.25 2
      vertex 1.0046756883779961 10.200643448390018 2
      vertex 1.0046756883779961 10.200643448390018 0
    endloop
  endfacet
  facet normal 0.14673047445536136 0.989176509964781 0
    outer loop
      vertex 1.0046756883779961 10.200643448390018 2
      vertex 1.9996758006653146 10.053049124133112 2
      vertex 1.9996758006653146 10.053049124133112 0
    endloop
  endfacet
  facet normal 0.04906767432741819 0.9987954562051723 0
    outer loop
      vertex 0 10.25 2
      vertex 1.0046756883779961 10.200643448390018 0
      vertex 0 10.25 0
    endloop
  endfacet
  facet normal 0 0 -1
    outer loop
      vertex 0 10.25 0
      vertex 1.0046756883779961 10.200643448390018 0
      vertex 0.318555706071072 3.23435036168464 0
    endloop
  endfacet
  facet normal 0.14673047445536136 0.989176509964781 0
    outer loop
      vertex 1.0046756883779961 10.200643448390018 2
      vertex 1.9996758006653146 10.053049124133112 0
      vertex 1.0046756883779961 10.200643448390018 0
    endloop
  endfacet
  facet normal 0.24298017990326404 0.970031253194544 0
    outer loop
      vertex 1.9996758006653146 10.053049124133112 2
      vertex 2.9754179418582387 9.808638441255141 0
      vertex 1.9996758006653146 10.053049124133112 0
    endloop
  endfacet
  facet normal 0 0 -1
    outer loop
      vertex 1.0046756883779961 10.200643448390018 0
      vertex 1.9996758006653146 10.053049124133112 0
      vertex 0.9434252010770026 3.1100560911296786 0
    endloop
  endfacet
  facet normal 0 0 -1
    outer loop
      vertex 0 10.25 0
      vertex 0.318555706071072 3.23435036168464 0
      vertex 0 3.25 0
    endloop
  endfacet
  facet normal 0 0 -1
    outer loop
      vertex 1.0046756883779961 10.200643448390018 0
      vertex 0.6340435465524168 3.187552161310499 0
      vertex 0.318555706071072 3.23435036168464 0
    endloop
  endfacet
  facet normal 0 0 -1
    outer loop
      vertex 1.0046756883779961 10.200643448390018 0
      vertex 0.9434252010770026 3.1100560911296786 0
      vertex 0.6340435465524168 3.187552161310499 0
    endloop
  endfacet
  facet normal 0 0 -1
    outer loop
      vertex 1.9996758006653146 10.053049124133112 0
      vertex 2.9754179418582387 9.808638441255141 0
      vertex 1.805603257313707 2.702276239983272 0
    endloop
  endfacet
  facet normal 0 0 -1
    outer loop
      vertex 1.9996758006653146 10.053049124133112 0
      vertex 1.2437211551865417 3.002608480661682 0
      vertex 0.9434252010770026 3.1100560911296786 0
    endloop
  endfacet
  facet normal 0 0 -1
    outer loop
      vertex 1.9996758006653146 10.053049124133112 0
      vertex 1.5320393946844924 2.866244109132154 0
      vertex 1.2437211551865417 3.002608480661682 0
    endloop
  endfacet
  facet normal 0 0 -1
    outer loop
      vertex 1.9996758006653146 10.053049124133112 0
      vertex 1.805603257313707 2.702276239983272 0
      vertex 1.5320393946844924 2.866244109132154 0
    endloop
  endfacet
  facet normal 0.24298017990326404 0.970031253194544 0
    outer loop
      vertex 1.9996758006653146 10.053049124133112 2
      vertex 2.9754179418582387 9.808638441255141 2
      vertex 2.9754179418582387 9.808638441255141 0
    endloop
  endfacet
  facet normal 0.3368898533922199 0.9415440651830208 0
    outer loop
      vertex 2.9754179418582387 9.808638441255141 2
      vertex 3.9225051817421703 9.46976520824069 2
      vertex 3.9225051817421703 9.46976520824069 0
    endloop
  endfacet
  facet normal 0.4275550934302826 0.903989293123443 0
    outer loop
      vertex 3.9225051817421703 9.46976520824069 2
      vertex 4.831816552466476 9.039692959570639 2
      vertex 4.831816552466476 9.039692959570639 0
    endloop
  endfacet
  facet normal 0.3368898533922199 0.9415440651830208 0
    outer loop
      vertex 2.9754179418582387 9.808638441255141 2
      vertex 3.9225051817421703 9.46976520824069 0
      vertex 2.9754179418582387 9.808638441255141 0
    endloop
  endfacet
  facet normal 0.4275550934302826 0.903989293123443 0
    outer loop
      vertex 3.9225051817421703 9.46976520824069 2
      vertex 4.831816552466476 9.039692959570639 0
      vertex 3.9225051817421703 9.46976520824069 0
    endloop
  endfacet
  facet normal 0.5141027441932223 0.8577286100002718 0
    outer loop
      vertex 4.831816552466476 9.039692959570639 2
      vertex 5.694594888450922 8.522563526101088 0
      vertex 4.831816552466476 9.039692959570639 0
    endloop
  endfacet
  facet normal 0 0 -1
    outer loop
      vertex 2.9754179418582387 9.808638441255141 0
      vertex 3.9225051817421703 9.46976520824069 0
      vertex 2.866244109132154 1.5320393946844924 0
    endloop
  endfacet
  facet normal -0.0490676743274174 -0.9987954562051724 0
    outer loop
      vertex 0.318555706071072 3.23435036168464 7
      vertex 0 3.25 0
      vertex 0.318555706071072 3.23435036168464 0
    endloop
  endfacet
  facet normal -0.14673047445536258 -0.9891765099647808 0
    outer loop
      vertex 0.6340435465524168 3.187552161310499 7
      vertex 0.318555706071072 3.23435036168464 0
      vertex 0.6340435465524168 3.187552161310499 0
    endloop
  endfacet
  facet normal -0.2429801799032643 -0.9700312531945439 0
    outer loop
      vertex 0.9434252010770026 3.1100560911296786 7
      vertex 0.6340435465524168 3.187552161310499 0
      vertex 0.9434252010770026 3.1100560911296786 0
    endloop
  endfacet
  facet normal -0.3368898533922195 -0.941544065183021 0
    outer loop
      vertex 1.2437211551865417 3.002608480661682 7
      vertex 0.9434252010770026 3.1100560911296786 0
      vertex 1.2437211551865417 3.002608480661682 0
    endloop
  endfacet
  facet normal -0.42755509343028164 -0.9039892931234436 0
    outer loop
      vertex 1.5320393946844924 2.866244109132154 7
      vertex 1.2437211551865417 3.002608480661682 0
      vertex 1.5320393946844924 2.866244109132154 0
    endloop
  endfacet
  facet normal -0.5141027441932228 -0.8577286100002715 0
    outer loop
      vertex 1.805603257313707 2.702276239983272 7
      vertex 1.5320393946844924 2.866244109132154 0
      vertex 1.805603257313707 2.702276239983272 0
    endloop
  endfacet
  facet normal -0.5956993044924322 -0.8032075314806456 0
    outer loop
      vertex 2.061778173531848 2.5122839734288953 7
      vertex 1.805603257313707 2.702276239983272 0
      vertex 2.061778173531848 2.5122839734288953 0
    endloop
  endfacet
  facet normal -0.6715589548470176 -0.7409511253549597 0
    outer loop
      vertex 2.29809703885628 2.29809703885628 7
      vertex 2.061778173531848 2.5122839734288953 0
      vertex 2.29809703885628 2.29809703885628 0
    endloop
  endfacet
  facet normal -0.7409511253549597 -0.6715589548470176 0
    outer loop
      vertex 2.29809703885628 2.29809703885628 0
      vertex 2.5122839734288953 2.061778173531848 0
      vertex 2.5122839734288953 2.061778173531848 7
    endloop
  endfacet
  facet normal -0.8032075314806456 -0.5956993044924322 0
    outer loop
      vertex 2.5122839734288953 2.061778173531848 0
      vertex 2.702276239983272 1.805603257313707 0
      vertex 2.702276239983272 1.805603257313707 7
    endloop
  endfacet
  facet normal -0.8577286100002715 -0.5141027441932228 0
    outer loop
      vertex 2.866244109132154 1.5320393946844924 7
      vertex 2.702276239983272 1.805603257313707 0
      vertex 2.866244109132154 1.5320393946844924 0
    endloop
  endfacet
  facet normal -0.9039892931234436 -0.42755509343028164 0
    outer loop
      vertex 2.866244109132154 1.5320393946844924 0
      vertex 3.002608480661682 1.2437211551865417 0
      vertex 3.002608480661682 1.2437211551865417 7
    endloop
  endfacet
  facet normal -0.941544065183021 -0.3368898533922195 0
    outer loop
      vertex 3.1100560911296786 0.9434252010770026 7
      vertex 3.002608480661682 1.2437211551865417 0
      vertex 3.1100560911296786 0.9434252010770026 0
    endloop
  endfacet
  facet normal -0.9700312531945439 -0.2429801799032643 0
    outer loop
      vertex 3.1100560911296786 0.9434252010770026 0
      vertex 3.187552161310499 0.6340435465524168 0
      vertex 3.187552161310499 0.6340435465524168 7
    endloop
  endfacet
  facet normal -0.9891765099647808 -0.14673047445536258 0
    outer loop
      vertex 3.187552161310499 0.6340435465524168 0
      vertex 3.23435036168464 0.318555706071072 0
      vertex 3.23435036168464 0.318555706071072 7
    endloop
  endfacet
  facet normal -0.9987954562051724 -0.0490676743274174 0
    outer loop
      vertex 3.23435036168464 0.318555706071072 0
      vertex 3.25 0 0
      vertex 3.25 0 7
    endloop
  endfacet
  facet normal 0 0 -1
    outer loop
      vertex 2.9754179418582387 9.808638441255141 0
      vertex 2.061778173531848 2.5122839734288953 0
      vertex 1.805603257313707 2.702276239983272 0
    endloop
  endfacet
  facet normal 0 0 -1
    outer loop
      vertex 2.9754179418582387 9.808638441255141 0
      vertex 2.29809703885628 2.29809703885628 0
      vertex 2.061778173531848 2.5122839734288953 0
    endloop
  endfacet
  facet normal 0 0 -1
    outer loop
      vertex 2.9754179418582387 9.808638441255141 0
      vertex 2.5122839734288953 2.061778173531848 0
      vertex 2.29809703885628 2.29809703885628 0
    endloop
  endfacet
  facet normal 0 0 -1
    outer loop
      vertex 2.9754179418582387 9.808638441255141 0
      vertex 2.702276239983272 1.805603257313707 0
      vertex 2.5122839734288953 2.061778173531848 0
    endloop
  endfacet
  facet normal 0 0 -1
    outer loop
      vertex 2.9754179418582387 9.808638441255141 0
      vertex 2.866244109132154 1.5320393946844924 0
      vertex 2.702276239983272 1.805603257313707 0
    endloop
  endfacet
  facet normal 0 0 -1
    outer loop
      vertex 3.9225051817421703 9.46976520824069 0
      vertex 3.002608480661682 1.2437211551865417 0
      vertex 2.866244109132154 1.5320393946844924 0
    endloop
  endfacet
  facet normal 0 0 -1
    outer loop
      vertex 3.9225051817421703 9.46976520824069 0
      vertex 3.1100560911296786 0.9434252010770026 0
      vertex 3.002608480661682 1.2437211551865417 0
    endloop
  endfacet
  facet normal 0 0 -1
    outer loop
      vertex 3.9225051817421703 9.46976520824069 0
      vertex 3.187552161310499 0.6340435465524168 0
      vertex 3.1100560911296786 0.9434252010770026 0
    endloop
  endfacet
  facet normal 0 0 -1
    outer loop
      vertex 3.9225051817421703 9.46976520824069 0
      vertex 3.23435036168464 0.318555706071072 0
      vertex 3.187552161310499 0.6340435465524168 0
    endloop
  endfacet
  facet normal 0 0 -1
    outer loop
      vertex 3.9225051817421703 9.46976520824069 0
      vertex 3.25 0 0
      vertex 3.23435036168464 0.318555706071072 0
    endloop
  endfacet
  facet normal 0 0 -1
    outer loop
      vertex 3.9225051817421703 9.46976520824069 0
      vertex 4.831816552466476 9.039692959570639 0
      vertex 3.9225051817421703 -9.46976520824069 0
    endloop
  endfacet
  facet normal 0 0 -1
    outer loop
      vertex 4.831816552466476 9.039692959570639 0
      vertex 5.694594888450922 8.522563526101088 0
      vertex 4.831816552466476 -9.039692959570639 0
    endloop
  endfacet
  facet normal 0 0 1
    outer loop
      vertex 4.583454422411718 6.859624301495998 2
      vertex 5.2337445943500756 6.37733624024258 2
      vertex 5.694594888450922 8.522563526101088 2
    endloop
  endfacet
  facet normal 0 0 1
    outer loop
      vertex 5.694594888450922 8.522563526101088 2
      vertex 5.2337445943500756 6.37733624024258 2
      vertex 6.502531162677366 7.923357146968054 2
    endloop
  endfacet
  facet normal 0 0 1
    outer loop
      vertex 6.502531162677366 7.923357146968054 2
      vertex 5.2337445943500756 6.37733624024258 2
      vertex 5.833630944789017 5.833630944789017 2
    endloop
  endfacet
  facet normal 0 0 1
    outer loop
      vertex 6.502531162677366 7.923357146968054 2
      vertex 5.833630944789017 5.833630944789017 2
      vertex 6.37733624024258 5.2337445943500756 2
    endloop
  endfacet
  facet normal 0 0 1
    outer loop
      vertex 6.502531162677366 7.923357146968054 2
      vertex 6.37733624024258 5.2337445943500756 2
      vertex 7.247844507162113 7.247844507162113 2
    endloop
  endfacet
  facet normal 0 0 1
    outer loop
      vertex 6.37733624024258 5.2337445943500756 2
      vertex 6.859624301495998 4.583454422411718 2
      vertex 7.247844507162113 7.247844507162113 2
    endloop
  endfacet
  facet normal 0 0 1
    outer loop
      vertex 7.247844507162113 7.247844507162113 2
      vertex 7.27585043087393 3.8890230788144806 2
      vertex 7.923357146968054 6.502531162677366 2
    endloop
  endfacet
  facet normal 0 0 1
    outer loop
      vertex 7.247844507162113 7.247844507162113 2
      vertex 6.859624301495998 4.583454422411718 2
      vertex 7.27585043087393 3.8890230788144806 2
    endloop
  endfacet
  facet normal 0.5141027441932223 0.8577286100002718 0
    outer loop
      vertex 4.831816552466476 9.039692959570639 2
      vertex 5.694594888450922 8.522563526101088 2
      vertex 5.694594888450922 8.522563526101088 0
    endloop
  endfacet
  facet normal 0.5956993044924326 0.8032075314806455 0
    outer loop
      vertex 5.694594888450922 8.522563526101088 2
      vertex 6.502531162677366 7.923357146968054 2
      vertex 6.502531162677366 7.923357146968054 0
    endloop
  endfacet
  facet normal 0.5956993044924326 0.8032075314806455 0
    outer loop
      vertex 5.694594888450922 8.522563526101088 2
      vertex 6.502531162677366 7.923357146968054 0
      vertex 5.694594888450922 8.522563526101088 0
    endloop
  endfacet
  facet normal 0.6715589548470176 0.74095112535496 0
    outer loop
      vertex 6.502531162677366 7.923357146968054 2
      vertex 7.247844507162113 7.247844507162113 0
      vertex 6.502531162677366 7.923357146968054 0
    endloop
  endfacet
  facet normal 0.6715589548470176 0.74095112535496 0
    outer loop
      vertex 6.502531162677366 7.923357146968054 2
      vertex 7.247844507162113 7.247844507162113 2
      vertex 7.247844507162113 7.247844507162113 0
    endloop
  endfacet
  facet normal 0.74095112535496 0.6715589548470176 0
    outer loop
      vertex 7.247844507162113 7.247844507162113 2
      vertex 7.923357146968054 6.502531162677366 2
      vertex 7.247844507162113 7.247844507162113 0
    endloop
  endfacet
  facet normal 0.8032075314806455 0.5956993044924326 0
    outer loop
      vertex 7.923357146968054 6.502531162677366 2
      vertex 8.522563526101088 5.694594888450922 2
      vertex 7.923357146968054 6.502531162677366 0
    endloop
  endfacet
  facet normal 0.8577286100002718 0.5141027441932223 0
    outer loop
      vertex 8.522563526101088 5.694594888450922 2
      vertex 9.039692959570639 4.831816552466476 2
      vertex 8.522563526101088 5.694594888450922 0
    endloop
  endfacet
  facet normal 0.74095112535496 0.6715589548470176 0
    outer loop
      vertex 7.923357146968054 6.502531162677366 2
      vertex 7.923357146968054 6.502531162677366 0
      vertex 7.247844507162113 7.247844507162113 0
    endloop
  endfacet
  facet normal 0.8032075314806455 0.5956993044924326 0
    outer loop
      vertex 8.522563526101088 5.694594888450922 2
      vertex 8.522563526101088 5.694594888450922 0
      vertex 7.923357146968054 6.502531162677366 0
    endloop
  endfacet
  facet normal 0 0 1
    outer loop
      vertex 7.923357146968054 6.502531162677366 2
      vertex 7.27585043087393 3.8890230788144806 2
      vertex 7.622006143218115 3.1571383170119907 2
    endloop
  endfacet
  facet normal 0 0 1
    outer loop
      vertex 7.923357146968054 6.502531162677366 2
      vertex 8.091478563326651 1.609495156633058 2
      vertex 8.522563526101088 5.694594888450922 2
    endloop
  endfacet
  facet normal 0 0 1
    outer loop
      vertex 7.923357146968054 6.502531162677366 2
      vertex 7.622006143218115 3.1571383170119907 2
      vertex 7.894757769790723 2.394848587349314 2
    endloop
  endfacet
  facet normal 0 0 1
    outer loop
      vertex 7.923357146968054 6.502531162677366 2
      vertex 7.894757769790723 2.394848587349314 2
      vertex 8.091478563326651 1.609495156633058 2
    endloop
  endfacet
  facet normal 0 0 1
    outer loop
      vertex 8.522563526101088 5.694594888450922 2
      vertex 8.091478563326651 1.609495156633058 2
      vertex 8.210273995045625 0.8086414077188749 2
    endloop
  endfacet
  facet normal 0 0 1
    outer loop
      vertex 8.522563526101088 5.694594888450922 2
      vertex 8.210273995045625 0.8086414077188749 2
      vertex 8.25 0 2
    endloop
  endfacet
  facet normal 0 0 1
    outer loop
      vertex 8.522563526101088 5.694594888450922 2
      vertex 9.039692959570639 -4.831816552466476 2
      vertex 9.039692959570639 4.831816552466476 2
    endloop
  endfacet
  facet normal 0 0 1
    outer loop
      vertex 9.039692959570639 4.831816552466476 2
      vertex 9.46976520824069 -3.9225051817421703 2
      vertex 9.46976520824069 3.9225051817421703 2
    endloop
  endfacet
  facet normal 0 0 1
    outer loop
      vertex 9.46976520824069 3.9225051817421703 2
      vertex 9.808638441255141 -2.9754179418582387 2
      vertex 9.808638441255141 2.9754179418582387 2
    endloop
  endfacet
  facet normal 0 0 1
    outer loop
      vertex 9.808638441255141 2.9754179418582387 2
      vertex 10.053049124133112 -1.9996758006653146 2
      vertex 10.053049124133112 1.9996758006653146 2
    endloop
  endfacet
  facet normal 0 0 1
    outer loop
      vertex 10.053049124133112 1.9996758006653146 2
      vertex 10.200643448390018 -1.0046756883779961 2
      vertex 10.200643448390018 1.0046756883779961 2
    endloop
  endfacet
  facet normal 0 0 -1
    outer loop
      vertex 5.694594888450922 8.522563526101088 0
      vertex 6.502531162677366 7.923357146968054 0
      vertex 5.694594888450922 -8.522563526101088 0
    endloop
  endfacet
  facet normal 0 0 -1
    outer loop
      vertex 6.502531162677366 7.923357146968054 0
      vertex 7.247844507162113 7.247844507162113 0
      vertex 6.502531162677366 -7.923357146968054 0
    endloop
  endfacet
  facet normal 0 0 -1
    outer loop
      vertex 7.247844507162113 7.247844507162113 0
      vertex 7.923357146968054 6.502531162677366 0
      vertex 7.247844507162113 -7.247844507162113 0
    endloop
  endfacet
  facet normal 0.903989293123443 0.4275550934302826 0
    outer loop
      vertex 9.039692959570639 4.831816552466476 2
      vertex 9.46976520824069 3.9225051817421703 2
      vertex 9.039692959570639 4.831816552466476 0
    endloop
  endfacet
  facet normal 0.9415440651830208 0.3368898533922199 0
    outer loop
      vertex 9.46976520824069 3.9225051817421703 2
      vertex 9.808638441255141 2.9754179418582387 2
      vertex 9.46976520824069 3.9225051817421703 0
    endloop
  endfacet
  facet normal 0.970031253194544 0.24298017990326404 0
    outer loop
      vertex 9.808638441255141 2.9754179418582387 2
      vertex 10.053049124133112 1.9996758006653146 2
      vertex 9.808638441255141 2.9754179418582387 0
    endloop
  endfacet
  facet normal 0.8577286100002718 0.5141027441932223 0
    outer loop
      vertex 8.522563526101088 5.694594888450922 0
      vertex 9.039692959570639 4.831816552466476 2
      vertex 9.039692959570639 4.831816552466476 0
    endloop
  endfacet
  facet normal 0.903989293123443 0.4275550934302826 0
    outer loop
      vertex 9.46976520824069 3.9225051817421703 2
      vertex 9.46976520824069 3.9225051817421703 0
      vertex 9.039692959570639 4.831816552466476 0
    endloop
  endfacet
  facet normal 0.9415440651830208 0.3368898533922199 0
    outer loop
      vertex 9.808638441255141 2.9754179418582387 2
      vertex 9.808638441255141 2.9754179418582387 0
      vertex 9.46976520824069 3.9225051817421703 0
    endloop
  endfacet
  facet normal 0.989176509964781 0.14673047445536136 0
    outer loop
      vertex 10.053049124133112 1.9996758006653146 2
      vertex 10.200643448390018 1.0046756883779961 2
      vertex 10.053049124133112 1.9996758006653146 0
    endloop
  endfacet
  facet normal 0.9987954562051723 0.04906767432741819 0
    outer loop
      vertex 10.200643448390018 1.0046756883779961 2
      vertex 10.25 0 2
      vertex 10.200643448390018 1.0046756883779961 0
    endloop
  endfacet
  facet normal 0 0 -1
    outer loop
      vertex 7.923357146968054 6.502531162677366 0
      vertex 8.522563526101088 5.694594888450922 0
      vertex 7.923357146968054 -6.502531162677366 0
    endloop
  endfacet
  facet normal 0 0 -1
    outer loop
      vertex 8.522563526101088 5.694594888450922 0
      vertex 9.039692959570639 4.831816552466476 0
      vertex 8.522563526101088 -5.694594888450922 0
    endloop
  endfacet
  facet normal 0.970031253194544 0.24298017990326404 0
    outer loop
      vertex 10.053049124133112 1.9996758006653146 2
      vertex 10.053049124133112 1.9996758006653146 0
      vertex 9.808638441255141 2.9754179418582387 0
    endloop
  endfacet
  facet normal 0.989176509964781 0.14673047445536136 0
    outer loop
      vertex 10.200643448390018 1.0046756883779961 2
      vertex 10.200643448390018 1.0046756883779961 0
      vertex 10.053049124133112 1.9996758006653146 0
    endloop
  endfacet
  facet normal 0 0 -1
    outer loop
      vertex 9.039692959570639 4.831816552466476 0
      vertex 9.46976520824069 3.9225051817421703 0
      vertex 9.039692959570639 -4.831816552466476 0
    endloop
  endfacet
  facet normal 0.9987954562051723 0.04906767432741819 0
    outer loop
      vertex 10.200643448390018 1.0046756883779961 0
      vertex 10.25 0 2
      vertex 10.25 0 0
    endloop
  endfacet
  facet normal 0 0 -1
    outer loop
      vertex 9.46976520824069 3.9225051817421703 0
      vertex 9.808638441255141 2.9754179418582387 0
      vertex 9.46976520824069 -3.9225051817421703 0
    endloop
  endfacet
  facet normal 0 0 -1
    outer loop
      vertex 9.808638441255141 2.9754179418582387 0
      vertex 10.053049124133112 1.9996758006653146 0
      vertex 9.808638441255141 -2.9754179418582387 0
    endloop
  endfacet
  facet normal 0 0 -1
    outer loop
      vertex 10.053049124133112 1.9996758006653146 0
      vertex 10.200643448390018 1.0046756883779961 0
      vertex 10.053049124133112 -1.9996758006653146 0
    endloop
  endfacet
  facet normal 0 0 1
    outer loop
      vertex 0 -8.25 7
      vertex 0.318555706071072 -3.23435036168464 7
      vertex 0 -3.25 7
    endloop
  endfacet
  facet normal 0 0 1
    outer loop
      vertex 0.8086414077188749 -8.210273995045625 7
      vertex 0.6340435465524168 -3.187552161310499 7
      vertex 0.318555706071072 -3.23435036168464 7
    endloop
  endfacet
  facet normal 0 0 1
    outer loop
      vertex 1.609495156633058 -8.091478563326651 7
      vertex 0.9434252010770026 -3.1100560911296786 7
      vertex 0.6340435465524168 -3.187552161310499 7
    endloop
  endfacet
  facet normal 0 0 1
    outer loop
      vertex 1.609495156633058 -8.091478563326651 7
      vertex 1.2437211551865417 -3.002608480661682 7
      vertex 0.9434252010770026 -3.1100560911296786 7
    endloop
  endfacet
  facet normal 0 0 1
    outer loop
      vertex 1.609495156633058 -8.091478563326651 7
      vertex 1.5320393946844924 -2.866244109132154 7
      vertex 1.2437211551865417 -3.002608480661682 7
    endloop
  endfacet
  facet normal 0 0 1
    outer loop
      vertex 2.394848587349314 -7.894757769790723 7
      vertex 1.805603257313707 -2.702276239983272 7
      vertex 1.5320393946844924 -2.866244109132154 7
    endloop
  endfacet
  facet normal 0 0 1
    outer loop
      vertex 2.394848587349314 -7.894757769790723 7
      vertex 2.061778173531848 -2.5122839734288953 7
      vertex 1.805603257313707 -2.702276239983272 7
    endloop
  endfacet
  facet normal 0 0 1
    outer loop
      vertex 2.394848587349314 -7.894757769790723 7
      vertex 2.29809703885628 -2.29809703885628 7
      vertex 2.061778173531848 -2.5122839734288953 7
    endloop
  endfacet
  facet normal 0 0 1
    outer loop
      vertex 3.8890230788144806 -7.27585043087393 7
      vertex 3.25 0 7
      vertex 3.23435036168464 -0.318555706071072 7
    endloop
  endfacet
  facet normal 0 0 1
    outer loop
      vertex 3.8890230788144806 7.27585043087393 7
      vertex 3.8890230788144806 -7.27585043087393 7
      vertex 4.583454422411718 -6.859624301495998 7
    endloop
  endfacet
  facet normal 0 0 1
    outer loop
      vertex 4.583454422411718 6.859624301495998 7
      vertex 4.583454422411718 -6.859624301495998 7
      vertex 5.2337445943500756 -6.37733624024258 7
    endloop
  endfacet
  facet normal 0 0 1
    outer loop
      vertex 3.1571383170119907 -7.622006143218115 7
      vertex 2.702276239983272 -1.805603257313707 7
      vertex 2.5122839734288953 -2.061778173531848 7
    endloop
  endfacet
  facet normal 0 0 1
    outer loop
      vertex 3.1571383170119907 -7.622006143218115 7
      vertex 3.002608480661682 -1.2437211551865417 7
      vertex 2.866244109132154 -1.5320393946844924 7
    endloop
  endfacet
  facet normal 0 0 1
    outer loop
      vertex 3.1571383170119907 -7.622006143218115 7
      vertex 3.1100560911296786 -0.9434252010770026 7
      vertex 3.002608480661682 -1.2437211551865417 7
    endloop
  endfacet
  facet normal 0 0 1
    outer loop
      vertex 3.1571383170119907 -7.622006143218115 7
      vertex 2.866244109132154 -1.5320393946844924 7
      vertex 2.702276239983272 -1.805603257313707 7
    endloop
  endfacet
  facet normal 0 0 1
    outer loop
      vertex 3.8890230788144806 -7.27585043087393 7
      vertex 3.23435036168464 -0.318555706071072 7
      vertex 3.187552161310499 -0.6340435465524168 7
    endloop
  endfacet
  facet normal 0 0 1
    outer loop
      vertex 3.8890230788144806 -7.27585043087393 7
      vertex 3.187552161310499 -0.6340435465524168 7
      vertex 3.1100560911296786 -0.9434252010770026 7
    endloop
  endfacet
  facet normal 0 0 1
    outer loop
      vertex 3.1571383170119907 -7.622006143218115 7
      vertex 2.5122839734288953 -2.061778173531848 7
      vertex 2.29809703885628 -2.29809703885628 7
    endloop
  endfacet
  facet normal -0.6715589548470176 0.7409511253549597 0
    outer loop
      vertex 2.061778173531848 -2.5122839734288953 7
      vertex 2.29809703885628 -2.29809703885628 7
      vertex 2.29809703885628 -2.29809703885628 0
    endloop
  endfacet
  facet normal -0.7409511253549597 0.6715589548470176 0
    outer loop
      vertex 2.29809703885628 -2.29809703885628 7
      vertex 2.5122839734288953 -2.061778173531848 7
      vertex 2.5122839734288953 -2.061778173531848 0
    endloop
  endfacet
  facet normal -0.0490676743274174 0.9987954562051724 0
    outer loop
      vertex 0.318555706071072 -3.23435036168464 0
      vertex 0 -3.25 7
      vertex 0.318555706071072 -3.23435036168464 7
    endloop
  endfacet
  facet normal -0.14673047445536258 0.9891765099647808 0
    outer loop
      vertex 0.6340435465524168 -3.187552161310499 7
      vertex 0.6340435465524168 -3.187552161310499 0
      vertex 0.318555706071072 -3.23435036168464 7
    endloop
  endfacet
  facet normal -0.2429801799032643 0.9700312531945439 0
    outer loop
      vertex 0.9434252010770026 -3.1100560911296786 7
      vertex 0.9434252010770026 -3.1100560911296786 0
      vertex 0.6340435465524168 -3.187552161310499 7
    endloop
  endfacet
  facet normal -0.3368898533922195 0.941544065183021 0
    outer loop
      vertex 1.2437211551865417 -3.002608480661682 0
      vertex 0.9434252010770026 -3.1100560911296786 7
      vertex 1.2437211551865417 -3.002608480661682 7
    endloop
  endfacet
  facet normal -0.42755509343028164 0.9039892931234436 0
    outer loop
      vertex 1.5320393946844924 -2.866244109132154 7
      vertex 1.5320393946844924 -2.866244109132154 0
      vertex 1.2437211551865417 -3.002608480661682 7
    endloop
  endfacet
  facet normal -0.5141027441932228 0.8577286100002715 0
    outer loop
      vertex 1.805603257313707 -2.702276239983272 7
      vertex 1.805603257313707 -2.702276239983272 0
      vertex 1.5320393946844924 -2.866244109132154 7
    endloop
  endfacet
  facet normal -0.5956993044924322 0.8032075314806456 0
    outer loop
      vertex 2.061778173531848 -2.5122839734288953 0
      vertex 1.805603257313707 -2.702276239983272 7
      vertex 2.061778173531848 -2.5122839734288953 7
    endloop
  endfacet
  facet normal -0.9700312531945439 0.2429801799032643 0
    outer loop
      vertex 3.1100560911296786 -0.9434252010770026 7
      vertex 3.187552161310499 -0.6340435465524168 7
      vertex 3.187552161310499 -0.6340435465524168 0
    endloop
  endfacet
  facet normal -0.941544065183021 0.3368898533922195 0
    outer loop
      vertex 3.002608480661682 -1.2437211551865417 7
      vertex 3.1100560911296786 -0.9434252010770026 7
      vertex 3.1100560911296786 -0.9434252010770026 0
    endloop
  endfacet
  facet normal -0.9987954562051724 0.0490676743274174 0
    outer loop
      vertex 3.25 0 7
      vertex 3.25 0 0
      vertex 3.23435036168464 -0.318555706071072 7
    endloop
  endfacet
  facet normal -0.9891765099647808 0.14673047445536258 0
    outer loop
      vertex 3.23435036168464 -0.318555706071072 0
      vertex 3.187552161310499 -0.6340435465524168 7
      vertex 3.23435036168464 -0.318555706071072 7
    endloop
  endfacet
  facet normal -0.8032075314806456 0.5956993044924322 0
    outer loop
      vertex 2.5122839734288953 -2.061778173531848 7
      vertex 2.702276239983272 -1.805603257313707 7
      vertex 2.702276239983272 -1.805603257313707 0
    endloop
  endfacet
  facet normal -0.8577286100002715 0.5141027441932228 0
    outer loop
      vertex 2.702276239983272 -1.805603257313707 7
      vertex 2.866244109132154 -1.5320393946844924 7
      vertex 2.866244109132154 -1.5320393946844924 0
    endloop
  endfacet
  facet normal -0.9039892931234436 0.42755509343028164 0
    outer loop
      vertex 2.866244109132154 -1.5320393946844924 7
      vertex 3.002608480661682 -1.2437211551865417 7
      vertex 3.002608480661682 -1.2437211551865417 0
    endloop
  endfacet
  facet normal 0 0 1
    outer loop
      vertex 0 -8.25 7
      vertex 0.8086414077188749 -8.210273995045625 7
      vertex 0.318555706071072 -3.23435036168464 7
    endloop
  endfacet
  facet normal 0 0 1
    outer loop
      vertex 0.8086414077188749 -8.210273995045625 7
      vertex 1.609495156633058 -8.091478563326651 7
      vertex 0.6340435465524168 -3.187552161310499 7
    endloop
  endfacet
  facet normal 0 0 1
    outer loop
      vertex 1.609495156633058 -8.091478563326651 7
      vertex 2.394848587349314 -7.894757769790723 7
      vertex 1.5320393946844924 -2.866244109132154 7
    endloop
  endfacet
  facet normal 0.04906767432741669 -0.9987954562051723 0
    outer loop
      vertex 0 -8.25 7
      vertex 0 -8.25 2
      vertex 0.8086414077188749 -8.210273995045625 7
    endloop
  endfacet
  facet normal 0.14673047445536275 -0.9891765099647808 0
    outer loop
      vertex 0.8086414077188749 -8.210273995045625 7
      vertex 0.8086414077188749 -8.210273995045625 2
      vertex 1.609495156633058 -8.091478563326651 7
    endloop
  endfacet
  facet normal 0.24298017990326445 -0.9700312531945438 0
    outer loop
      vertex 1.609495156633058 -8.091478563326651 7
      vertex 1.609495156633058 -8.091478563326651 2
      vertex 2.394848587349314 -7.894757769790723 7
    endloop
  endfacet
  facet normal 0 0 1
    outer loop
      vertex 2.394848587349314 -7.894757769790723 7
      vertex 3.1571383170119907 -7.622006143218115 7
      vertex 2.29809703885628 -2.29809703885628 7
    endloop
  endfacet
  facet normal 0 0 1
    outer loop
      vertex 3.1571383170119907 -7.622006143218115 7
      vertex 3.8890230788144806 -7.27585043087393 7
      vertex 3.1100560911296786 -0.9434252010770026 7
    endloop
  endfacet
  facet normal 0.42755509343028114 -0.9039892931234437 0
    outer loop
      vertex 3.1571383170119907 -7.622006143218115 7
      vertex 3.1571383170119907 -7.622006143218115 2
      vertex 3.8890230788144806 -7.27585043087393 7
    endloop
  endfacet
  facet normal 0.5141027441932227 -0.8577286100002715 0
    outer loop
      vertex 3.8890230788144806 -7.27585043087393 7
      vertex 3.8890230788144806 -7.27585043087393 2
      vertex 4.583454422411718 -6.859624301495998 7
    endloop
  endfacet
  facet normal 0.5956993044924325 -0.8032075314806454 0
    outer loop
      vertex 4.583454422411718 -6.859624301495998 7
      vertex 4.583454422411718 -6.859624301495998 2
      vertex 5.2337445943500756 -6.37733624024258 7
    endloop
  endfacet
  facet normal 0.33688985339222005 -0.9415440651830208 0
    outer loop
      vertex 2.394848587349314 -7.894757769790723 7
      vertex 2.394848587349314 -7.894757769790723 2
      vertex 3.1571383170119907 -7.622006143218115 7
    endloop
  endfacet
  facet normal 0.04906767432741669 -0.9987954562051723 0
    outer loop
      vertex 0.8086414077188749 -8.210273995045625 7
      vertex 0 -8.25 2
      vertex 0.8086414077188749 -8.210273995045625 2
    endloop
  endfacet
  facet normal 0.14673047445536275 -0.9891765099647808 0
    outer loop
      vertex 1.609495156633058 -8.091478563326651 7
      vertex 0.8086414077188749 -8.210273995045625 2
      vertex 1.609495156633058 -8.091478563326651 2
    endloop
  endfacet
  facet normal 0.24298017990326445 -0.9700312531945438 0
    outer loop
      vertex 2.394848587349314 -7.894757769790723 7
      vertex 1.609495156633058 -8.091478563326651 2
      vertex 2.394848587349314 -7.894757769790723 2
    endloop
  endfacet
  facet normal 0.42755509343028114 -0.9039892931234437 0
    outer loop
      vertex 3.8890230788144806 -7.27585043087393 7
      vertex 3.1571383170119907 -7.622006143218115 2
      vertex 3.8890230788144806 -7.27585043087393 2
    endloop
  endfacet
  facet normal 0.5141027441932227 -0.8577286100002715 0
    outer loop
      vertex 4.583454422411718 -6.859624301495998 7
      vertex 3.8890230788144806 -7.27585043087393 2
      vertex 4.583454422411718 -6.859624301495998 2
    endloop
  endfacet
  facet normal 0.5956993044924325 -0.8032075314806454 0
    outer loop
      vertex 5.2337445943500756 -6.37733624024258 7
      vertex 4.583454422411718 -6.859624301495998 2
      vertex 5.2337445943500756 -6.37733624024258 2
    endloop
  endfacet
  facet normal 0.33688985339222005 -0.9415440651830208 0
    outer loop
      vertex 3.1571383170119907 -7.622006143218115 7
      vertex 2.394848587349314 -7.894757769790723 2
      vertex 3.1571383170119907 -7.622006143218115 2
    endloop
  endfacet
  facet normal 0 0 1
    outer loop
      vertex 5.2337445943500756 6.37733624024258 7
      vertex 5.2337445943500756 -6.37733624024258 7
      vertex 5.833630944789017 -5.833630944789017 7
    endloop
  endfacet
  facet normal 0 0 1
    outer loop
      vertex 5.833630944789017 5.833630944789017 7
      vertex 5.833630944789017 -5.833630944789017 7
      vertex 6.37733624024258 -5.2337445943500756 7
    endloop
  endfacet
  facet normal 0 0 1
    outer loop
      vertex 7.27585043087393 3.8890230788144806 7
      vertex 7.27585043087393 -3.8890230788144806 7
      vertex 7.622006143218115 -3.1571383170119907 7
    endloop
  endfacet
  facet normal 0 0 1
    outer loop
      vertex 6.37733624024258 5.2337445943500756 7
      vertex 6.37733624024258 -5.2337445943500756 7
      vertex 6.859624301495998 -4.583454422411718 7
    endloop
  endfacet
  facet normal 0 0 1
    outer loop
      vertex 6.859624301495998 4.583454422411718 7
      vertex 6.859624301495998 -4.583454422411718 7
      vertex 7.27585043087393 -3.8890230788144806 7
    endloop
  endfacet
  facet normal 0.9039892931234437 -0.42755509343028114 0
    outer loop
      vertex 7.622006143218115 -3.1571383170119907 7
      vertex 7.27585043087393 -3.8890230788144806 7
      vertex 7.622006143218115 -3.1571383170119907 2
    endloop
  endfacet
  facet normal 0.8032075314806454 -0.5956993044924325 0
    outer loop
      vertex 6.859624301495998 -4.583454422411718 7
      vertex 6.37733624024258 -5.2337445943500756 7
      vertex 6.859624301495998 -4.583454422411718 2
    endloop
  endfacet
  facet normal 0.8577286100002715 -0.5141027441932227 0
    outer loop
      vertex 6.859624301495998 -4.583454422411718 7
      vertex 7.27585043087393 -3.8890230788144806 2
      vertex 7.27585043087393 -3.8890230788144806 7
    endloop
  endfacet
  facet normal 0 0 1
    outer loop
      vertex 7.894757769790723 2.394848587349314 7
      vertex 7.894757769790723 -2.394848587349314 7
      vertex 8.091478563326651 -1.609495156633058 7
    endloop
  endfacet
  facet normal 0 0 1
    outer loop
      vertex 8.091478563326651 1.609495156633058 7
      vertex 8.091478563326651 -1.609495156633058 7
      vertex 8.210273995045625 -0.8086414077188749 7
    endloop
  endfacet
  facet normal 0 0 1
    outer loop
      vertex 8.210273995045625 0.8086414077188749 7
      vertex 8.210273995045625 -0.8086414077188749 7
      vertex 8.25 0 7
    endloop
  endfacet
  facet normal 0 0 1
    outer loop
      vertex 7.622006143218115 3.1571383170119907 7
      vertex 7.622006143218115 -3.1571383170119907 7
      vertex 7.894757769790723 -2.394848587349314 7
    endloop
  endfacet
  facet normal 0.9987954562051723 -0.04906767432741669 0
    outer loop
      vertex 8.25 0 7
      vertex 8.210273995045625 -0.8086414077188749 7
      vertex 8.25 0 2
    endloop
  endfacet
  facet normal 0.9891765099647808 -0.14673047445536275 0
    outer loop
      vertex 8.210273995045625 -0.8086414077188749 7
      vertex 8.091478563326651 -1.609495156633058 7
      vertex 8.210273995045625 -0.8086414077188749 2
    endloop
  endfacet
  facet normal 0.9700312531945438 -0.24298017990326445 0
    outer loop
      vertex 8.091478563326651 -1.609495156633058 7
      vertex 7.894757769790723 -2.394848587349314 7
      vertex 8.091478563326651 -1.609495156633058 2
    endloop
  endfacet
  facet normal 0.9415440651830208 -0.33688985339222005 0
    outer loop
      vertex 7.622006143218115 -3.1571383170119907 7
      vertex 7.894757769790723 -2.394848587349314 2
      vertex 7.894757769790723 -2.394848587349314 7
    endloop
  endfacet
  facet normal 0.9039892931234437 -0.42755509343028114 0
    outer loop
      vertex 7.27585043087393 -3.8890230788144806 7
      vertex 7.27585043087393 -3.8890230788144806 2
      vertex 7.622006143218115 -3.1571383170119907 2
    endloop
  endfacet
  facet normal 0.8577286100002715 -0.5141027441932227 0
    outer loop
      vertex 6.859624301495998 -4.583454422411718 7
      vertex 6.859624301495998 -4.583454422411718 2
      vertex 7.27585043087393 -3.8890230788144806 2
    endloop
  endfacet
  facet normal 0.8032075314806454 -0.5956993044924325 0
    outer loop
      vertex 6.37733624024258 -5.2337445943500756 7
      vertex 6.37733624024258 -5.2337445943500756 2
      vertex 6.859624301495998 -4.583454422411718 2
    endloop
  endfacet
  facet normal 0.9987954562051723 -0.04906767432741669 0
    outer loop
      vertex 8.210273995045625 -0.8086414077188749 7
      vertex 8.210273995045625 -0.8086414077188749 2
      vertex 8.25 0 2
    endloop
  endfacet
  facet normal 0.9891765099647808 -0.14673047445536275 0
    outer loop
      vertex 8.091478563326651 -1.609495156633058 7
      vertex 8.091478563326651 -1.609495156633058 2
      vertex 8.210273995045625 -0.8086414077188749 2
    endloop
  endfacet
  facet normal 0.9700312531945438 -0.24298017990326445 0
    outer loop
      vertex 7.894757769790723 -2.394848587349314 7
      vertex 7.894757769790723 -2.394848587349314 2
      vertex 8.091478563326651 -1.609495156633058 2
    endloop
  endfacet
  facet normal 0.9415440651830208 -0.33688985339222005 0
    outer loop
      vertex 7.622006143218115 -3.1571383170119907 7
      vertex 7.622006143218115 -3.1571383170119907 2
      vertex 7.894757769790723 -2.394848587349314 2
    endloop
  endfacet
  facet normal 0.6715589548470187 -0.7409511253549589 0
    outer loop
      vertex 5.2337445943500756 -6.37733624024258 7
      vertex 5.2337445943500756 -6.37733624024258 2
      vertex 5.833630944789017 -5.833630944789017 7
    endloop
  endfacet
  facet normal 0.7409511253549589 -0.6715589548470187 0
    outer loop
      vertex 6.37733624024258 -5.2337445943500756 7
      vertex 5.833630944789017 -5.833630944789017 7
      vertex 6.37733624024258 -5.2337445943500756 2
    endloop
  endfacet
  facet normal 0.6715589548470187 -0.7409511253549589 0
    outer loop
      vertex 5.833630944789017 -5.833630944789017 7
      vertex 5.2337445943500756 -6.37733624024258 2
      vertex 5.833630944789017 -5.833630944789017 2
    endloop
  endfacet
  facet normal 0.7409511253549589 -0.6715589548470187 0
    outer loop
      vertex 5.833630944789017 -5.833630944789017 7
      vertex 5.833630944789017 -5.833630944789017 2
      vertex 6.37733624024258 -5.2337445943500756 2
    endloop
  endfacet
  facet normal -0.6715589548470176 0.7409511253549597 0
    outer loop
      vertex 2.061778173531848 -2.5122839734288953 0
      vertex 2.061778173531848 -2.5122839734288953 7
      vertex 2.29809703885628 -2.29809703885628 0
    endloop
  endfacet
  facet normal -0.7409511253549597 0.6715589548470176 0
    outer loop
      vertex 2.5122839734288953 -2.061778173531848 0
      vertex 2.29809703885628 -2.29809703885628 0
      vertex 2.29809703885628 -2.29809703885628 7
    endloop
  endfacet
  facet normal -0.0490676743274174 0.9987954562051724 0
    outer loop
      vertex 0 -3.25 0
      vertex 0 -3.25 7
      vertex 0.318555706071072 -3.23435036168464 0
    endloop
  endfacet
  facet normal -0.14673047445536258 0.9891765099647808 0
    outer loop
      vertex 0.6340435465524168 -3.187552161310499 0
      vertex 0.318555706071072 -3.23435036168464 0
      vertex 0.318555706071072 -3.23435036168464 7
    endloop
  endfacet
  facet normal -0.2429801799032643 0.9700312531945439 0
    outer loop
      vertex 0.6340435465524168 -3.187552161310499 7
      vertex 0.9434252010770026 -3.1100560911296786 0
      vertex 0.6340435465524168 -3.187552161310499 0
    endloop
  endfacet
  facet normal -0.3368898533922195 0.941544065183021 0
    outer loop
      vertex 0.9434252010770026 -3.1100560911296786 7
      vertex 1.2437211551865417 -3.002608480661682 0
      vertex 0.9434252010770026 -3.1100560911296786 0
    endloop
  endfacet
  facet normal -0.42755509343028164 0.9039892931234436 0
    outer loop
      vertex 1.2437211551865417 -3.002608480661682 0
      vertex 1.2437211551865417 -3.002608480661682 7
      vertex 1.5320393946844924 -2.866244109132154 0
    endloop
  endfacet
  facet normal -0.5141027441932228 0.8577286100002715 0
    outer loop
      vertex 1.5320393946844924 -2.866244109132154 7
      vertex 1.805603257313707 -2.702276239983272 0
      vertex 1.5320393946844924 -2.866244109132154 0
    endloop
  endfacet
  facet normal -0.5956993044924322 0.8032075314806456 0
    outer loop
      vertex 1.805603257313707 -2.702276239983272 7
      vertex 2.061778173531848 -2.5122839734288953 0
      vertex 1.805603257313707 -2.702276239983272 0
    endloop
  endfacet
  facet normal -0.9700312531945439 0.2429801799032643 0
    outer loop
      vertex 3.1100560911296786 -0.9434252010770026 7
      vertex 3.187552161310499 -0.6340435465524168 0
      vertex 3.1100560911296786 -0.9434252010770026 0
    endloop
  endfacet
  facet normal -0.941544065183021 0.3368898533922195 0
    outer loop
      vertex 3.002608480661682 -1.2437211551865417 7
      vertex 3.1100560911296786 -0.9434252010770026 0
      vertex 3.002608480661682 -1.2437211551865417 0
    endloop
  endfacet
  facet normal -0.9987954562051724 0.0490676743274174 0
    outer loop
      vertex 3.25 0 0
      vertex 3.23435036168464 -0.318555706071072 0
      vertex 3.23435036168464 -0.318555706071072 7
    endloop
  endfacet
  facet normal -0.9891765099647808 0.14673047445536258 0
    outer loop
      vertex 3.23435036168464 -0.318555706071072 0
      vertex 3.187552161310499 -0.6340435465524168 0
      vertex 3.187552161310499 -0.6340435465524168 7
    endloop
  endfacet
  facet normal -0.8577286100002715 0.5141027441932228 0
    outer loop
      vertex 2.702276239983272 -1.805603257313707 7
      vertex 2.866244109132154 -1.5320393946844924 0
      vertex 2.702276239983272 -1.805603257313707 0
    endloop
  endfacet
  facet normal -0.9039892931234436 0.42755509343028164 0
    outer loop
      vertex 3.002608480661682 -1.2437211551865417 0
      vertex 2.866244109132154 -1.5320393946844924 0
      vertex 2.866244109132154 -1.5320393946844924 7
    endloop
  endfacet
  facet normal -0.8032075314806456 0.5956993044924322 0
    outer loop
      vertex 2.5122839734288953 -2.061778173531848 7
      vertex 2.702276239983272 -1.805603257313707 0
      vertex 2.5122839734288953 -2.061778173531848 0
    endloop
  endfacet
  facet normal 0 0 -1
    outer loop
      vertex 1.9996758006653146 -10.053049124133112 0
      vertex 1.805603257313707 -2.702276239983272 0
      vertex 2.061778173531848 -2.5122839734288953 0
    endloop
  endfacet
  facet normal 0 0 -1
    outer loop
      vertex 1.9996758006653146 -10.053049124133112 0
      vertex 2.061778173531848 -2.5122839734288953 0
      vertex 2.29809703885628 -2.29809703885628 0
    endloop
  endfacet
  facet normal 0 0 -1
    outer loop
      vertex 1.9996758006653146 -10.053049124133112 0
      vertex 2.29809703885628 -2.29809703885628 0
      vertex 2.5122839734288953 -2.061778173531848 0
    endloop
  endfacet
  facet normal 0 0 -1
    outer loop
      vertex 3.9225051817421703 9.46976520824069 0
      vertex 2.9754179418582387 -9.808638441255141 0
      vertex 3.25 0 0
    endloop
  endfacet
  facet normal 0 0 -1
    outer loop
      vertex 2.9754179418582387 -9.808638441255141 0
      vertex 3.23435036168464 -0.318555706071072 0
      vertex 3.25 0 0
    endloop
  endfacet
  facet normal 0 0 -1
    outer loop
      vertex 2.9754179418582387 -9.808638441255141 0
      vertex 3.187552161310499 -0.6340435465524168 0
      vertex 3.23435036168464 -0.318555706071072 0
    endloop
  endfacet
  facet normal 0 0 -1
    outer loop
      vertex 2.9754179418582387 -9.808638441255141 0
      vertex 3.1100560911296786 -0.9434252010770026 0
      vertex 3.187552161310499 -0.6340435465524168 0
    endloop
  endfacet
  facet normal 0 0 -1
    outer loop
      vertex 3.9225051817421703 9.46976520824069 0
      vertex 3.9225051817421703 -9.46976520824069 0
      vertex 2.9754179418582387 -9.808638441255141 0
    endloop
  endfacet
  facet normal 0 0 -1
    outer loop
      vertex 2.9754179418582387 -9.808638441255141 0
      vertex 2.702276239983272 -1.805603257313707 0
      vertex 2.866244109132154 -1.5320393946844924 0
    endloop
  endfacet
  facet normal 0 0 -1
    outer loop
      vertex 2.9754179418582387 -9.808638441255141 0
      vertex 3.002608480661682 -1.2437211551865417 0
      vertex 3.1100560911296786 -0.9434252010770026 0
    endloop
  endfacet
  facet normal 0 0 -1
    outer loop
      vertex 2.9754179418582387 -9.808638441255141 0
      vertex 2.866244109132154 -1.5320393946844924 0
      vertex 3.002608480661682 -1.2437211551865417 0
    endloop
  endfacet
  facet normal 0 0 -1
    outer loop
      vertex 2.9754179418582387 -9.808638441255141 0
      vertex 2.5122839734288953 -2.061778173531848 0
      vertex 2.702276239983272 -1.805603257313707 0
    endloop
  endfacet
  facet normal 0 0 -1
    outer loop
      vertex 4.831816552466476 9.039692959570639 0
      vertex 4.831816552466476 -9.039692959570639 0
      vertex 3.9225051817421703 -9.46976520824069 0
    endloop
  endfacet
  facet normal 0 0 1
    outer loop
      vertex 0 -8.25 2
      vertex 0 -10.25 2
      vertex 0.8086414077188749 -8.210273995045625 2
    endloop
  endfacet
  facet normal 0 0 1
    outer loop
      vertex 0.8086414077188749 -8.210273995045625 2
      vertex 1.0046756883779961 -10.200643448390018 2
      vertex 1.609495156633058 -8.091478563326651 2
    endloop
  endfacet
  facet normal 0 0 1
    outer loop
      vertex 0.8086414077188749 -8.210273995045625 2
      vertex 0 -10.25 2
      vertex 1.0046756883779961 -10.200643448390018 2
    endloop
  endfacet
  facet normal 0 0 1
    outer loop
      vertex 1.609495156633058 -8.091478563326651 2
      vertex 1.9996758006653146 -10.053049124133112 2
      vertex 2.394848587349314 -7.894757769790723 2
    endloop
  endfacet
  facet normal 0 0 1
    outer loop
      vertex 1.0046756883779961 -10.200643448390018 2
      vertex 1.9996758006653146 -10.053049124133112 2
      vertex 1.609495156633058 -8.091478563326651 2
    endloop
  endfacet
  facet normal 0 0 1
    outer loop
      vertex 2.394848587349314 -7.894757769790723 2
      vertex 1.9996758006653146 -10.053049124133112 2
      vertex 2.9754179418582387 -9.808638441255141 2
    endloop
  endfacet
  facet normal 0 0 1
    outer loop
      vertex 4.583454422411718 -6.859624301495998 2
      vertex 4.831816552466476 -9.039692959570639 2
      vertex 5.2337445943500756 -6.37733624024258 2
    endloop
  endfacet
  facet normal 0 0 1
    outer loop
      vertex 2.394848587349314 -7.894757769790723 2
      vertex 2.9754179418582387 -9.808638441255141 2
      vertex 3.1571383170119907 -7.622006143218115 2
    endloop
  endfacet
  facet normal 0 0 1
    outer loop
      vertex 3.1571383170119907 -7.622006143218115 2
      vertex 3.9225051817421703 -9.46976520824069 2
      vertex 3.8890230788144806 -7.27585043087393 2
    endloop
  endfacet
  facet normal 0 0 1
    outer loop
      vertex 3.1571383170119907 -7.622006143218115 2
      vertex 2.9754179418582387 -9.808638441255141 2
      vertex 3.9225051817421703 -9.46976520824069 2
    endloop
  endfacet
  facet normal 0 0 1
    outer loop
      vertex 3.8890230788144806 -7.27585043087393 2
      vertex 3.9225051817421703 -9.46976520824069 2
      vertex 4.583454422411718 -6.859624301495998 2
    endloop
  endfacet
  facet normal 0 0 1
    outer loop
      vertex 4.583454422411718 -6.859624301495998 2
      vertex 3.9225051817421703 -9.46976520824069 2
      vertex 4.831816552466476 -9.039692959570639 2
    endloop
  endfacet
  facet normal 0 0 -1
    outer loop
      vertex 0 -10.25 0
      vertex 0 -3.25 0
      vertex 0.318555706071072 -3.23435036168464 0
    endloop
  endfacet
  facet normal 0 0 -1
    outer loop
      vertex 0 -10.25 0
      vertex 0.318555706071072 -3.23435036168464 0
      vertex 0.6340435465524168 -3.187552161310499 0
    endloop
  endfacet
  facet normal 0 0 -1
    outer loop
      vertex 1.0046756883779961 -10.200643448390018 0
      vertex 0.6340435465524168 -3.187552161310499 0
      vertex 0.9434252010770026 -3.1100560911296786 0
    endloop
  endfacet
  facet normal 0 0 -1
    outer loop
      vertex 1.0046756883779961 -10.200643448390018 0
      vertex 0.9434252010770026 -3.1100560911296786 0
      vertex 1.2437211551865417 -3.002608480661682 0
    endloop
  endfacet
  facet normal 0 0 -1
    outer loop
      vertex 1.0046756883779961 -10.200643448390018 0
      vertex 1.2437211551865417 -3.002608480661682 0
      vertex 1.5320393946844924 -2.866244109132154 0
    endloop
  endfacet
  facet normal 0 0 -1
    outer loop
      vertex 1.9996758006653146 -10.053049124133112 0
      vertex 1.5320393946844924 -2.866244109132154 0
      vertex 1.805603257313707 -2.702276239983272 0
    endloop
  endfacet
  facet normal 0 0 -1
    outer loop
      vertex 1.9996758006653146 -10.053049124133112 0
      vertex 2.5122839734288953 -2.061778173531848 0
      vertex 2.9754179418582387 -9.808638441255141 0
    endloop
  endfacet
  facet normal 0.04906767432741819 -0.9987954562051723 0
    outer loop
      vertex 0 -10.25 2
      vertex 0 -10.25 0
      vertex 1.0046756883779961 -10.200643448390018 2
    endloop
  endfacet
  facet normal 0.14673047445536136 -0.989176509964781 0
    outer loop
      vertex 1.0046756883779961 -10.200643448390018 2
      vertex 1.0046756883779961 -10.200643448390018 0
      vertex 1.9996758006653146 -10.053049124133112 2
    endloop
  endfacet
  facet normal 0.24298017990326404 -0.970031253194544 0
    outer loop
      vertex 1.9996758006653146 -10.053049124133112 2
      vertex 1.9996758006653146 -10.053049124133112 0
      vertex 2.9754179418582387 -9.808638441255141 2
    endloop
  endfacet
  facet normal 0 0 -1
    outer loop
      vertex 0 -10.25 0
      vertex 0.6340435465524168 -3.187552161310499 0
      vertex 1.0046756883779961 -10.200643448390018 0
    endloop
  endfacet
  facet normal 0.04906767432741819 -0.9987954562051723 0
    outer loop
      vertex 1.0046756883779961 -10.200643448390018 2
      vertex 0 -10.25 0
      vertex 1.0046756883779961 -10.200643448390018 0
    endloop
  endfacet
  facet normal 0 0 -1
    outer loop
      vertex 1.0046756883779961 -10.200643448390018 0
      vertex 1.5320393946844924 -2.866244109132154 0
      vertex 1.9996758006653146 -10.053049124133112 0
    endloop
  endfacet
  facet normal 0.14673047445536136 -0.989176509964781 0
    outer loop
      vertex 1.9996758006653146 -10.053049124133112 2
      vertex 1.0046756883779961 -10.200643448390018 0
      vertex 1.9996758006653146 -10.053049124133112 0
    endloop
  endfacet
  facet normal 0.3368898533922199 -0.9415440651830208 0
    outer loop
      vertex 2.9754179418582387 -9.808638441255141 2
      vertex 2.9754179418582387 -9.808638441255141 0
      vertex 3.9225051817421703 -9.46976520824069 2
    endloop
  endfacet
  facet normal 0.5141027441932223 -0.8577286100002718 0
    outer loop
      vertex 4.831816552466476 -9.039692959570639 2
      vertex 4.831816552466476 -9.039692959570639 0
      vertex 5.694594888450922 -8.522563526101088 2
    endloop
  endfacet
  facet normal 0.4275550934302826 -0.903989293123443 0
    outer loop
      vertex 3.9225051817421703 -9.46976520824069 2
      vertex 3.9225051817421703 -9.46976520824069 0
      vertex 4.831816552466476 -9.039692959570639 2
    endloop
  endfacet
  facet normal 0.24298017990326404 -0.970031253194544 0
    outer loop
      vertex 2.9754179418582387 -9.808638441255141 2
      vertex 1.9996758006653146 -10.053049124133112 0
      vertex 2.9754179418582387 -9.808638441255141 0
    endloop
  endfacet
  facet normal 0.3368898533922199 -0.9415440651830208 0
    outer loop
      vertex 3.9225051817421703 -9.46976520824069 2
      vertex 2.9754179418582387 -9.808638441255141 0
      vertex 3.9225051817421703 -9.46976520824069 0
    endloop
  endfacet
  facet normal 0.4275550934302826 -0.903989293123443 0
    outer loop
      vertex 4.831816552466476 -9.039692959570639 2
      vertex 3.9225051817421703 -9.46976520824069 0
      vertex 4.831816552466476 -9.039692959570639 0
    endloop
  endfacet
  facet normal 0 0 1
    outer loop
      vertex 7.622006143218115 -3.1571383170119907 2
      vertex 7.27585043087393 -3.8890230788144806 2
      vertex 7.923357146968054 -6.502531162677366 2
    endloop
  endfacet
  facet normal 0 0 1
    outer loop
      vertex 8.522563526101088 5.694594888450922 2
      vertex 8.25 0 2
      vertex 8.522563526101088 -5.694594888450922 2
    endloop
  endfacet
  facet normal 0 0 1
    outer loop
      vertex 8.25 0 2
      vertex 8.210273995045625 -0.8086414077188749 2
      vertex 8.522563526101088 -5.694594888450922 2
    endloop
  endfacet
  facet normal 0 0 1
    outer loop
      vertex 8.522563526101088 5.694594888450922 2
      vertex 8.522563526101088 -5.694594888450922 2
      vertex 9.039692959570639 -4.831816552466476 2
    endloop
  endfacet
  facet normal 0 0 1
    outer loop
      vertex 9.46976520824069 3.9225051817421703 2
      vertex 9.46976520824069 -3.9225051817421703 2
      vertex 9.808638441255141 -2.9754179418582387 2
    endloop
  endfacet
  facet normal 0 0 1
    outer loop
      vertex 10.200643448390018 1.0046756883779961 2
      vertex 10.200643448390018 -1.0046756883779961 2
      vertex 10.25 0 2
    endloop
  endfacet
  facet normal 0 0 1
    outer loop
      vertex 10.053049124133112 1.9996758006653146 2
      vertex 10.053049124133112 -1.9996758006653146 2
      vertex 10.200643448390018 -1.0046756883779961 2
    endloop
  endfacet
  facet normal 0 0 1
    outer loop
      vertex 9.808638441255141 2.9754179418582387 2
      vertex 9.808638441255141 -2.9754179418582387 2
      vertex 10.053049124133112 -1.9996758006653146 2
    endloop
  endfacet
  facet normal 0 0 1
    outer loop
      vertex 9.039692959570639 4.831816552466476 2
      vertex 9.039692959570639 -4.831816552466476 2
      vertex 9.46976520824069 -3.9225051817421703 2
    endloop
  endfacet
  facet normal 0 0 1
    outer loop
      vertex 8.210273995045625 -0.8086414077188749 2
      vertex 8.091478563326651 -1.609495156633058 2
      vertex 8.522563526101088 -5.694594888450922 2
    endloop
  endfacet
  facet normal 0 0 1
    outer loop
      vertex 8.091478563326651 -1.609495156633058 2
      vertex 7.894757769790723 -2.394848587349314 2
      vertex 7.923357146968054 -6.502531162677366 2
    endloop
  endfacet
  facet normal 0 0 1
    outer loop
      vertex 7.622006143218115 -3.1571383170119907 2
      vertex 7.923357146968054 -6.502531162677366 2
      vertex 7.894757769790723 -2.394848587349314 2
    endloop
  endfacet
  facet normal 0 0 1
    outer loop
      vertex 8.091478563326651 -1.609495156633058 2
      vertex 7.923357146968054 -6.502531162677366 2
      vertex 8.522563526101088 -5.694594888450922 2
    endloop
  endfacet
  facet normal 0 0 -1
    outer loop
      vertex 5.694594888450922 8.522563526101088 0
      vertex 5.694594888450922 -8.522563526101088 0
      vertex 4.831816552466476 -9.039692959570639 0
    endloop
  endfacet
  facet normal 0 0 -1
    outer loop
      vertex 6.502531162677366 7.923357146968054 0
      vertex 6.502531162677366 -7.923357146968054 0
      vertex 5.694594888450922 -8.522563526101088 0
    endloop
  endfacet
  facet normal 0 0 -1
    outer loop
      vertex 7.247844507162113 7.247844507162113 0
      vertex 7.247844507162113 -7.247844507162113 0
      vertex 6.502531162677366 -7.923357146968054 0
    endloop
  endfacet
  facet normal 0.9987954562051723 -0.04906767432741819 0
    outer loop
      vertex 10.25 0 2
      vertex 10.200643448390018 -1.0046756883779961 2
      vertex 10.25 0 0
    endloop
  endfacet
  facet normal 0.989176509964781 -0.14673047445536136 0
    outer loop
      vertex 10.200643448390018 -1.0046756883779961 2
      vertex 10.053049124133112 -1.9996758006653146 2
      vertex 10.200643448390018 -1.0046756883779961 0
    endloop
  endfacet
  facet normal 0.970031253194544 -0.24298017990326404 0
    outer loop
      vertex 10.053049124133112 -1.9996758006653146 2
      vertex 9.808638441255141 -2.9754179418582387 2
      vertex 10.053049124133112 -1.9996758006653146 0
    endloop
  endfacet
  facet normal 0 0 -1
    outer loop
      vertex 7.923357146968054 6.502531162677366 0
      vertex 7.923357146968054 -6.502531162677366 0
      vertex 7.247844507162113 -7.247844507162113 0
    endloop
  endfacet
  facet normal 0 0 -1
    outer loop
      vertex 8.522563526101088 5.694594888450922 0
      vertex 8.522563526101088 -5.694594888450922 0
      vertex 7.923357146968054 -6.502531162677366 0
    endloop
  endfacet
  facet normal 0 0 -1
    outer loop
      vertex 9.039692959570639 4.831816552466476 0
      vertex 9.039692959570639 -4.831816552466476 0
      vertex 8.522563526101088 -5.694594888450922 0
    endloop
  endfacet
  facet normal 0.9987954562051723 -0.04906767432741819 0
    outer loop
      vertex 10.200643448390018 -1.0046756883779961 2
      vertex 10.200643448390018 -1.0046756883779961 0
      vertex 10.25 0 0
    endloop
  endfacet
  facet normal 0 0 -1
    outer loop
      vertex 10.200643448390018 1.0046756883779961 0
      vertex 10.25 0 0
      vertex 10.200643448390018 -1.0046756883779961 0
    endloop
  endfacet
  facet normal 0 0 -1
    outer loop
      vertex 10.200643448390018 1.0046756883779961 0
      vertex 10.200643448390018 -1.0046756883779961 0
      vertex 10.053049124133112 -1.9996758006653146 0
    endloop
  endfacet
  facet normal 0 0 -1
    outer loop
      vertex 10.053049124133112 1.9996758006653146 0
      vertex 10.053049124133112 -1.9996758006653146 0
      vertex 9.808638441255141 -2.9754179418582387 0
    endloop
  endfacet
  facet normal 0.989176509964781 -0.14673047445536136 0
    outer loop
      vertex 10.053049124133112 -1.9996758006653146 2
      vertex 10.053049124133112 -1.9996758006653146 0
      vertex 10.200643448390018 -1.0046756883779961 0
    endloop
  endfacet
  facet normal 0 0 -1
    outer loop
      vertex 9.46976520824069 3.9225051817421703 0
      vertex 9.46976520824069 -3.9225051817421703 0
      vertex 9.039692959570639 -4.831816552466476 0
    endloop
  endfacet
  facet normal 0 0 -1
    outer loop
      vertex 9.808638441255141 2.9754179418582387 0
      vertex 9.808638441255141 -2.9754179418582387 0
      vertex 9.46976520824069 -3.9225051817421703 0
    endloop
  endfacet
  facet normal 0.8577286100002718 -0.5141027441932223 0
    outer loop
      vertex 9.039692959570639 -4.831816552466476 2
      vertex 8.522563526101088 -5.694594888450922 2
      vertex 9.039692959570639 -4.831816552466476 0
    endloop
  endfacet
  facet normal 0.9415440651830208 -0.3368898533922199 0
    outer loop
      vertex 9.808638441255141 -2.9754179418582387 2
      vertex 9.46976520824069 -3.9225051817421703 2
      vertex 9.808638441255141 -2.9754179418582387 0
    endloop
  endfacet
  facet normal 0.903989293123443 -0.4275550934302826 0
    outer loop
      vertex 9.46976520824069 -3.9225051817421703 2
      vertex 9.039692959570639 -4.831816552466476 2
      vertex 9.46976520824069 -3.9225051817421703 0
    endloop
  endfacet
  facet normal 0.9415440651830208 -0.3368898533922199 0
    outer loop
      vertex 9.46976520824069 -3.9225051817421703 2
      vertex 9.46976520824069 -3.9225051817421703 0
      vertex 9.808638441255141 -2.9754179418582387 0
    endloop
  endfacet
  facet normal 0.970031253194544 -0.24298017990326404 0
    outer loop
      vertex 9.808638441255141 -2.9754179418582387 2
      vertex 9.808638441255141 -2.9754179418582387 0
      vertex 10.053049124133112 -1.9996758006653146 0
    endloop
  endfacet
  facet normal 0.903989293123443 -0.4275550934302826 0
    outer loop
      vertex 9.039692959570639 -4.831816552466476 2
      vertex 9.039692959570639 -4.831816552466476 0
      vertex 9.46976520824069 -3.9225051817421703 0
    endloop
  endfacet
  facet normal 0 0 1
    outer loop
      vertex 6.37733624024258 -5.2337445943500756 2
      vertex 5.833630944789017 -5.833630944789017 2
      vertex 6.502531162677366 -7.923357146968054 2
    endloop
  endfacet
  facet normal 0 0 1
    outer loop
      vertex 5.2337445943500756 -6.37733624024258 2
      vertex 5.694594888450922 -8.522563526101088 2
      vertex 5.833630944789017 -5.833630944789017 2
    endloop
  endfacet
  facet normal 0 0 1
    outer loop
      vertex 5.833630944789017 -5.833630944789017 2
      vertex 5.694594888450922 -8.522563526101088 2
      vertex 6.502531162677366 -7.923357146968054 2
    endloop
  endfacet
  facet normal 0 0 1
    outer loop
      vertex 6.859624301495998 -4.583454422411718 2
      vertex 6.37733624024258 -5.2337445943500756 2
      vertex 6.502531162677366 -7.923357146968054 2
    endloop
  endfacet
  facet normal 0 0 1
    outer loop
      vertex 6.859624301495998 -4.583454422411718 2
      vertex 7.247844507162113 -7.247844507162113 2
      vertex 7.27585043087393 -3.8890230788144806 2
    endloop
  endfacet
  facet normal 0 0 1
    outer loop
      vertex 7.27585043087393 -3.8890230788144806 2
      vertex 7.247844507162113 -7.247844507162113 2
      vertex 7.923357146968054 -6.502531162677366 2
    endloop
  endfacet
  facet normal 0 0 1
    outer loop
      vertex 6.859624301495998 -4.583454422411718 2
      vertex 6.502531162677366 -7.923357146968054 2
      vertex 7.247844507162113 -7.247844507162113 2
    endloop
  endfacet
  facet normal 0 0 1
    outer loop
      vertex 4.831816552466476 -9.039692959570639 2
      vertex 5.694594888450922 -8.522563526101088 2
      vertex 5.2337445943500756 -6.37733624024258 2
    endloop
  endfacet
  facet normal 0.6715589548470176 -0.74095112535496 0
    outer loop
      vertex 7.247844507162113 -7.247844507162113 2
      vertex 6.502531162677366 -7.923357146968054 0
      vertex 7.247844507162113 -7.247844507162113 0
    endloop
  endfacet
  facet normal 0.74095112535496 -0.6715589548470176 0
    outer loop
      vertex 7.247844507162113 -7.247844507162113 2
      vertex 7.247844507162113 -7.247844507162113 0
      vertex 7.923357146968054 -6.502531162677366 0
    endloop
  endfacet
  facet normal 0.5956993044924326 -0.8032075314806455 0
    outer loop
      vertex 5.694594888450922 -8.522563526101088 2
      vertex 5.694594888450922 -8.522563526101088 0
      vertex 6.502531162677366 -7.923357146968054 2
    endloop
  endfacet
  facet normal 0.6715589548470176 -0.74095112535496 0
    outer loop
      vertex 7.247844507162113 -7.247844507162113 2
      vertex 6.502531162677366 -7.923357146968054 2
      vertex 6.502531162677366 -7.923357146968054 0
    endloop
  endfacet
  facet normal 0.5141027441932223 -0.8577286100002718 0
    outer loop
      vertex 4.831816552466476 -9.039692959570639 0
      vertex 5.694594888450922 -8.522563526101088 0
      vertex 5.694594888450922 -8.522563526101088 2
    endloop
  endfacet
  facet normal 0.5956993044924326 -0.8032075314806455 0
    outer loop
      vertex 6.502531162677366 -7.923357146968054 2
      vertex 5.694594888450922 -8.522563526101088 0
      vertex 6.502531162677366 -7.923357146968054 0
    endloop
  endfacet
  facet normal 0.8032075314806455 -0.5956993044924326 0
    outer loop
      vertex 8.522563526101088 -5.694594888450922 2
      vertex 7.923357146968054 -6.502531162677366 2
      vertex 8.522563526101088 -5.694594888450922 0
    endloop
  endfacet
  facet normal 0.74095112535496 -0.6715589548470176 0
    outer loop
      vertex 7.247844507162113 -7.247844507162113 2
      vertex 7.923357146968054 -6.502531162677366 0
      vertex 7.923357146968054 -6.502531162677366 2
    endloop
  endfacet
  facet normal 0.8032075314806455 -0.5956993044924326 0
    outer loop
      vertex 7.923357146968054 -6.502531162677366 2
      vertex 7.923357146968054 -6.502531162677366 0
      vertex 8.522563526101088 -5.694594888450922 0
    endloop
  endfacet
  facet normal 0.8577286100002718 -0.5141027441932223 0
    outer loop
      vertex 9.039692959570639 -4.831816552466476 0
      vertex 8.522563526101088 -5.694594888450922 2
      vertex 8.522563526101088 -5.694594888450922 0
    endloop
  endfacet
endsolid OpenSCAD_Model
