solid OpenSCAD_Model
  facet normal 0 0 -1
    outer loop
      vertex -75 -95 -2.5
      vertex -58.00065819230433 -81.56597049109374 -2.5
      vertex -57.318555185280765 -82.31855518528077 -2.5
    endloop
  endfacet
  facet normal 0 0 -1
    outer loop
      vertex -75 -95 -2.5
      vertex -59.56215316149182 -78.96077352497868 -2.5
      vertex -59.12788508600548 -79.87895622614907 -2.5
    endloop
  endfacet
  facet normal 0 0 -1
    outer loop
      vertex -75 -95 -2.5
      vertex -59.904332474828365 -78.00444640958368 -2.5
      vertex -59.56215316149182 -78.96077352497868 -2.5
    endloop
  endfacet
  facet normal 0 0 -1
    outer loop
      vertex -75 -95 -2.5
      vertex -60.151127652173436 -77.01918483286693 -2.5
      vertex -59.904332474828365 -78.00444640958368 -2.5
    endloop
  endfacet
  facet normal 0 0 -1
    outer loop
      vertex -75 -95 -2.5
      vertex -58.60571048733134 -80.75015191175288 -2.5
      vertex -58.00065819230433 -81.56597049109374 -2.5
    endloop
  endfacet
  facet normal 0 0 -1
    outer loop
      vertex -75 -95 -2.5
      vertex -59.12788508600548 -79.87895622614907 -2.5
      vertex -58.60571048733134 -80.75015191175288 -2.5
    endloop
  endfacet
  facet normal 0 0 -1
    outer loop
      vertex -75 -95 -2.5
      vertex -57.318555185280765 -82.31855518528077 -2.5
      vertex -56.56597049109373 -83.00065819230433 -2.5
    endloop
  endfacet
  facet normal 0 0 -1
    outer loop
      vertex -75 -95 -2.5
      vertex -56.56597049109373 -83.00065819230433 -2.5
      vertex -55.75015191175288 -83.60571048733135 -2.5
    endloop
  endfacet
  facet normal 0 0 -1
    outer loop
      vertex -75 -95 -2.5
      vertex -54.87895622614907 -84.12788508600548 -2.5
      vertex -53.96077352497868 -84.56215316149182 -2.5
    endloop
  endfacet
  facet normal 0 0 -1
    outer loop
      vertex -75 -95 -2.5
      vertex -55.75015191175288 -83.60571048733135 -2.5
      vertex -54.87895622614907 -84.12788508600548 -2.5
    endloop
  endfacet
  facet normal 0 0 -1
    outer loop
      vertex -75 -95 -2.5
      vertex -53.96077352497868 -84.56215316149182 -2.5
      vertex -53.004446409583686 -84.90433247482837 -2.5
    endloop
  endfacet
  facet normal 0 0 -1
    outer loop
      vertex -75 -95 -2.5
      vertex -53.004446409583686 -84.90433247482837 -2.5
      vertex -52.01918483286693 -85.15112765217343 -2.5
    endloop
  endfacet
  facet normal 0 0 -1
    outer loop
      vertex -75 -95 -2.5
      vertex -52.01918483286693 -85.15112765217343 -2.5
      vertex -51.014477402410954 -85.30016192105724 -2.5
    endloop
  endfacet
  facet normal 0 0 -1
    outer loop
      vertex -75 -95 -2.5
      vertex -51.014477402410954 -85.30016192105724 -2.5
      vertex -50 -85.35 -2.5
    endloop
  endfacet
  facet normal 0 0 -1
    outer loop
      vertex -75 -95 -2.5
      vertex -50 -85.35 -2.5
      vertex -48.985522597589046 -85.30016192105724 -2.5
    endloop
  endfacet
  facet normal 0 0 -1
    outer loop
      vertex -75 -95 -2.5
      vertex -60.30016192105724 -76.01447740241095 -2.5
      vertex -60.151127652173436 -77.01918483286693 -2.5
    endloop
  endfacet
  facet normal 0 0 -1
    outer loop
      vertex -75 -95 -2.5
      vertex -60.35 -75 -2.5
      vertex -60.30016192105724 -76.01447740241095 -2.5
    endloop
  endfacet
  facet normal 0 0 -1
    outer loop
      vertex -75 -95 -2.5
      vertex -60.30016192105724 -73.98552259758905 -2.5
      vertex -60.35 -75 -2.5
    endloop
  endfacet
  facet normal 0 0 -1
    outer loop
      vertex -55.75015191175288 -66.39428951266865 -2.5
      vertex -56.56597049109373 -66.99934180769567 -2.5
      vertex -43.059792467712846 -35.568443121751834 -2.5
    endloop
  endfacet
  facet normal 0 0 -1
    outer loop
      vertex -53.004446409583686 -65.09566752517163 -2.5
      vertex -53.96077352497868 -65.43784683850818 -2.5
      vertex -42.114042557308764 -38.68616275249708 -2.5
    endloop
  endfacet
  facet normal 0 0 -1
    outer loop
      vertex -54.87895622614907 -65.87211491399452 -2.5
      vertex -55.75015191175288 -66.39428951266865 -2.5
      vertex -42.93955709136697 -36.37900418883467 -2.5
    endloop
  endfacet
  facet normal 0 0 -1
    outer loop
      vertex -53.96077352497868 -65.43784683850818 -2.5
      vertex -54.87895622614907 -65.87211491399452 -2.5
      vertex -42.740451803363946 -37.17387705507476 -2.5
    endloop
  endfacet
  facet normal 0 0 -1
    outer loop
      vertex -52.01918483286693 -64.84887234782657 -2.5
      vertex -53.004446409583686 -65.09566752517163 -2.5
      vertex -41.692771262726254 -39.38901144571368 -2.5
    endloop
  endfacet
  facet normal 0 0 -1
    outer loop
      vertex -42.681444814719235 -67.68144481471923 -2.5
      vertex -33.12099581116533 -42.93955709136697 -2.5
      vertex -41.99934180769567 -68.43402950890626 -2.5
    endloop
  endfacet
  facet normal 0 0 -1
    outer loop
      vertex -41.99934180769567 -68.43402950890626 -2.5
      vertex -32.32612294492524 -42.740451803363946 -2.5
      vertex -41.39428951266866 -69.24984808824712 -2.5
    endloop
  endfacet
  facet normal 0 0 -1
    outer loop
      vertex -33.931556878248166 -43.059792467712846 -2.5
      vertex -51.014477402410954 -64.69983807894276 -2.5
      vertex -52.01918483286693 -64.84887234782657 -2.5
    endloop
  endfacet
  facet normal 0 0 -1
    outer loop
      vertex -33.931556878248166 -43.059792467712846 -2.5
      vertex -50 -64.65 -2.5
      vertex -51.014477402410954 -64.69983807894276 -2.5
    endloop
  endfacet
  facet normal 0 0 -1
    outer loop
      vertex -33.931556878248166 -43.059792467712846 -2.5
      vertex -48.985522597589046 -64.69983807894276 -2.5
      vertex -50 -64.65 -2.5
    endloop
  endfacet
  facet normal 0 0 -1
    outer loop
      vertex -33.931556878248166 -43.059792467712846 -2.5
      vertex -47.98081516713307 -64.84887234782657 -2.5
      vertex -48.985522597589046 -64.69983807894276 -2.5
    endloop
  endfacet
  facet normal 0 0 -1
    outer loop
      vertex -33.931556878248166 -43.059792467712846 -2.5
      vertex -46.995553590416314 -65.09566752517163 -2.5
      vertex -47.98081516713307 -64.84887234782657 -2.5
    endloop
  endfacet
  facet normal 0 0 -1
    outer loop
      vertex -33.931556878248166 -43.059792467712846 -2.5
      vertex -46.03922647502132 -65.43784683850818 -2.5
      vertex -46.995553590416314 -65.09566752517163 -2.5
    endloop
  endfacet
  facet normal 0 0 -1
    outer loop
      vertex -53.004446409583686 -65.09566752517163 -2.5
      vertex -42.114042557308764 -38.68616275249708 -2.5
      vertex -41.692771262726254 -39.38901144571368 -2.5
    endloop
  endfacet
  facet normal 0 0 -1
    outer loop
      vertex -52.01918483286693 -64.84887234782657 -2.5
      vertex -41.204637285578855 -40.047183922766436 -2.5
      vertex -40.65434162290767 -40.65434162290767 -2.5
    endloop
  endfacet
  facet normal 0 0 -1
    outer loop
      vertex -52.01918483286693 -64.84887234782657 -2.5
      vertex -41.692771262726254 -39.38901144571368 -2.5
      vertex -41.204637285578855 -40.047183922766436 -2.5
    endloop
  endfacet
  facet normal 0 0 -1
    outer loop
      vertex -52.01918483286693 -64.84887234782657 -2.5
      vertex -40.047183922766436 -41.204637285578855 -2.5
      vertex -39.38901144571368 -41.692771262726254 -2.5
    endloop
  endfacet
  facet normal 0 0 -1
    outer loop
      vertex -52.01918483286693 -64.84887234782657 -2.5
      vertex -39.38901144571368 -41.692771262726254 -2.5
      vertex -38.68616275249708 -42.114042557308764 -2.5
    endloop
  endfacet
  facet normal 0 0 -1
    outer loop
      vertex -52.01918483286693 -64.84887234782657 -2.5
      vertex -40.65434162290767 -40.65434162290767 -2.5
      vertex -40.047183922766436 -41.204637285578855 -2.5
    endloop
  endfacet
  facet normal 0 0 -1
    outer loop
      vertex -52.01918483286693 -64.84887234782657 -2.5
      vertex -38.68616275249708 -42.114042557308764 -2.5
      vertex -37.9454066602485 -42.46439409646924 -2.5
    endloop
  endfacet
  facet normal 0 0 -1
    outer loop
      vertex -52.01918483286693 -64.84887234782657 -2.5
      vertex -37.9454066602485 -42.46439409646924 -2.5
      vertex -37.17387705507476 -42.740451803363946 -2.5
    endloop
  endfacet
  facet normal 0 0 -1
    outer loop
      vertex -33.931556878248166 -43.059792467712846 -2.5
      vertex -45.12104377385093 -65.87211491399452 -2.5
      vertex -46.03922647502132 -65.43784683850818 -2.5
    endloop
  endfacet
  facet normal 0 0 -1
    outer loop
      vertex -33.931556878248166 -43.059792467712846 -2.5
      vertex -44.24984808824712 -66.39428951266865 -2.5
      vertex -45.12104377385093 -65.87211491399452 -2.5
    endloop
  endfacet
  facet normal 0 0 -1
    outer loop
      vertex -33.931556878248166 -43.059792467712846 -2.5
      vertex -43.43402950890627 -66.99934180769567 -2.5
      vertex -44.24984808824712 -66.39428951266865 -2.5
    endloop
  endfacet
  facet normal 0 0 -1
    outer loop
      vertex -33.931556878248166 -43.059792467712846 -2.5
      vertex -42.681444814719235 -67.68144481471923 -2.5
      vertex -43.43402950890627 -66.99934180769567 -2.5
    endloop
  endfacet
  facet normal 0 0 -1
    outer loop
      vertex -52.01918483286693 -64.84887234782657 -2.5
      vertex -37.17387705507476 -42.740451803363946 -2.5
      vertex -36.37900418883467 -42.93955709136697 -2.5
    endloop
  endfacet
  facet normal 0 0 -1
    outer loop
      vertex -52.01918483286693 -64.84887234782657 -2.5
      vertex -36.37900418883467 -42.93955709136697 -2.5
      vertex -35.568443121751834 -43.059792467712846 -2.5
    endloop
  endfacet
  facet normal 0 0 -1
    outer loop
      vertex -52.01918483286693 -64.84887234782657 -2.5
      vertex -35.568443121751834 -43.059792467712846 -2.5
      vertex -34.75 -43.1 -2.5
    endloop
  endfacet
  facet normal 0 0 -1
    outer loop
      vertex -52.01918483286693 -64.84887234782657 -2.5
      vertex -34.75 -43.1 -2.5
      vertex -33.931556878248166 -43.059792467712846 -2.5
    endloop
  endfacet
  facet normal 0.5956993044924368 0.8032075314806425 0
    outer loop
      vertex -56.56597049109373 -83.00065819230433 2.5
      vertex -55.75015191175288 -83.60571048733135 -2.5
      vertex -56.56597049109373 -83.00065819230433 -2.5
    endloop
  endfacet
  facet normal 0.8577286100002713 0.5141027441932231 0
    outer loop
      vertex -59.12788508600548 -79.87895622614907 2.5
      vertex -58.60571048733134 -80.75015191175288 -2.5
      vertex -59.12788508600548 -79.87895622614907 -2.5
    endloop
  endfacet
  facet normal 0.9415440651830211 0.3368898533922188 0
    outer loop
      vertex -59.904332474828365 -78.00444640958368 2.5
      vertex -59.56215316149182 -78.96077352497868 -2.5
      vertex -59.904332474828365 -78.00444640958368 -2.5
    endloop
  endfacet
  facet normal 0.9700312531945443 0.2429801799032628 0
    outer loop
      vertex -60.151127652173436 -77.01918483286693 2.5
      vertex -59.904332474828365 -78.00444640958368 -2.5
      vertex -60.151127652173436 -77.01918483286693 -2.5
    endloop
  endfacet
  facet normal 0.9039892931234429 0.4275550934302832 0
    outer loop
      vertex -59.56215316149182 -78.96077352497868 2.5
      vertex -59.12788508600548 -79.87895622614907 -2.5
      vertex -59.56215316149182 -78.96077352497868 -2.5
    endloop
  endfacet
  facet normal 0.7409511253549574 0.6715589548470201 0
    outer loop
      vertex -58.00065819230433 -81.56597049109374 2.5
      vertex -57.318555185280765 -82.31855518528077 -2.5
      vertex -58.00065819230433 -81.56597049109374 -2.5
    endloop
  endfacet
  facet normal 0.8032075314806482 0.5956993044924289 0
    outer loop
      vertex -58.60571048733134 -80.75015191175288 2.5
      vertex -58.00065819230433 -81.56597049109374 -2.5
      vertex -58.60571048733134 -80.75015191175288 -2.5
    endloop
  endfacet
  facet normal 0.6715589548470163 0.7409511253549609 0
    outer loop
      vertex -57.318555185280765 -82.31855518528077 2.5
      vertex -56.56597049109373 -83.00065819230433 -2.5
      vertex -57.318555185280765 -82.31855518528077 -2.5
    endloop
  endfacet
  facet normal 0.989176509964781 0.14673047445536114 0
    outer loop
      vertex -60.151127652173436 -77.01918483286693 -2.5
      vertex -60.30016192105724 -76.01447740241095 -2.5
      vertex -60.30016192105724 -76.01447740241095 2.5
    endloop
  endfacet
  facet normal 0.9987954562051723 0.04906767432741886 0
    outer loop
      vertex -60.35 -75 2.5
      vertex -60.30016192105724 -76.01447740241095 -2.5
      vertex -60.35 -75 -2.5
    endloop
  endfacet
  facet normal 0.9987954562051723 -0.04906767432741886 0
    outer loop
      vertex -60.30016192105724 -73.98552259758905 2.5
      vertex -60.35 -75 -2.5
      vertex -60.30016192105724 -73.98552259758905 -2.5
    endloop
  endfacet
  facet normal 0.989176509964781 -0.14673047445536114 0
    outer loop
      vertex -60.151127652173436 -72.98081516713307 2.5
      vertex -60.30016192105724 -73.98552259758905 -2.5
      vertex -60.151127652173436 -72.98081516713307 -2.5
    endloop
  endfacet
  facet normal 0.9700312531945443 -0.2429801799032628 0
    outer loop
      vertex -59.904332474828365 -71.99555359041632 2.5
      vertex -60.151127652173436 -72.98081516713307 -2.5
      vertex -59.904332474828365 -71.99555359041632 -2.5
    endloop
  endfacet
  facet normal 0.9415440651830211 -0.3368898533922188 0
    outer loop
      vertex -59.56215316149182 -71.03922647502132 2.5
      vertex -59.904332474828365 -71.99555359041632 -2.5
      vertex -59.56215316149182 -71.03922647502132 -2.5
    endloop
  endfacet
  facet normal 0.9039892931234429 -0.4275550934302832 0
    outer loop
      vertex -59.12788508600548 -70.12104377385093 2.5
      vertex -59.56215316149182 -71.03922647502132 -2.5
      vertex -59.12788508600548 -70.12104377385093 -2.5
    endloop
  endfacet
  facet normal 0.8577286100002713 -0.5141027441932231 0
    outer loop
      vertex -58.60571048733134 -69.24984808824712 2.5
      vertex -59.12788508600548 -70.12104377385093 -2.5
      vertex -58.60571048733134 -69.24984808824712 -2.5
    endloop
  endfacet
  facet normal 0.8032075314806482 -0.5956993044924289 0
    outer loop
      vertex -58.00065819230433 -68.43402950890626 2.5
      vertex -58.60571048733134 -69.24984808824712 -2.5
      vertex -58.00065819230433 -68.43402950890626 -2.5
    endloop
  endfacet
  facet normal 0.7409511253549574 -0.6715589548470201 0
    outer loop
      vertex -57.318555185280765 -67.68144481471923 2.5
      vertex -58.00065819230433 -68.43402950890626 -2.5
      vertex -57.318555185280765 -67.68144481471923 -2.5
    endloop
  endfacet
  facet normal 0.6715589548470163 -0.7409511253549609 0
    outer loop
      vertex -56.56597049109373 -66.99934180769567 2.5
      vertex -57.318555185280765 -67.68144481471923 -2.5
      vertex -56.56597049109373 -66.99934180769567 -2.5
    endloop
  endfacet
  facet normal 0.5141027441932179 0.8577286100002743 0
    outer loop
      vertex -55.75015191175288 -83.60571048733135 2.5
      vertex -54.87895622614907 -84.12788508600548 -2.5
      vertex -55.75015191175288 -83.60571048733135 -2.5
    endloop
  endfacet
  facet normal 0.4275550934302832 0.9039892931234429 0
    outer loop
      vertex -54.87895622614907 -84.12788508600548 2.5
      vertex -53.96077352497868 -84.56215316149182 -2.5
      vertex -54.87895622614907 -84.12788508600548 -2.5
    endloop
  endfacet
  facet normal 0.336889853392221 0.9415440651830205 0
    outer loop
      vertex -53.96077352497868 -84.56215316149182 2.5
      vertex -53.004446409583686 -84.90433247482837 -2.5
      vertex -53.96077352497868 -84.56215316149182 -2.5
    endloop
  endfacet
  facet normal 0.24298017990325452 0.9700312531945463 0
    outer loop
      vertex -53.004446409583686 -84.90433247482837 2.5
      vertex -52.01918483286693 -85.15112765217343 -2.5
      vertex -53.004446409583686 -84.90433247482837 -2.5
    endloop
  endfacet
  facet normal 0.146730474455369 0.9891765099647799 0
    outer loop
      vertex -52.01918483286693 -85.15112765217343 2.5
      vertex -51.014477402410954 -85.30016192105724 -2.5
      vertex -52.01918483286693 -85.15112765217343 -2.5
    endloop
  endfacet
  facet normal 0.04906767432741154 0.9987954562051726 0
    outer loop
      vertex -51.014477402410954 -85.30016192105724 2.5
      vertex -50 -85.35 -2.5
      vertex -51.014477402410954 -85.30016192105724 -2.5
    endloop
  endfacet
  facet normal -0.04906767432741154 0.9987954562051726 0
    outer loop
      vertex -50 -85.35 2.5
      vertex -48.985522597589046 -85.30016192105724 -2.5
      vertex -50 -85.35 -2.5
    endloop
  endfacet
  facet normal -0.146730474455369 0.9891765099647799 0
    outer loop
      vertex -48.985522597589046 -85.30016192105724 2.5
      vertex -47.98081516713307 -85.15112765217343 -2.5
      vertex -48.985522597589046 -85.30016192105724 -2.5
    endloop
  endfacet
  facet normal -0.24298017990325452 0.9700312531945463 0
    outer loop
      vertex -47.98081516713307 -85.15112765217343 2.5
      vertex -46.995553590416314 -84.90433247482837 -2.5
      vertex -47.98081516713307 -85.15112765217343 -2.5
    endloop
  endfacet
  facet normal -0.336889853392221 0.9415440651830205 0
    outer loop
      vertex -46.995553590416314 -84.90433247482837 2.5
      vertex -46.03922647502132 -84.56215316149182 -2.5
      vertex -46.995553590416314 -84.90433247482837 -2.5
    endloop
  endfacet
  facet normal -0.4275550934302832 0.9039892931234429 0
    outer loop
      vertex -46.03922647502132 -84.56215316149182 2.5
      vertex -45.12104377385093 -84.12788508600548 -2.5
      vertex -46.03922647502132 -84.56215316149182 -2.5
    endloop
  endfacet
  facet normal -0.5141027441932179 0.8577286100002743 0
    outer loop
      vertex -45.12104377385093 -84.12788508600548 2.5
      vertex -44.24984808824712 -83.60571048733135 -2.5
      vertex -45.12104377385093 -84.12788508600548 -2.5
    endloop
  endfacet
  facet normal -0.5956993044924368 0.8032075314806425 0
    outer loop
      vertex -44.24984808824712 -83.60571048733135 2.5
      vertex -43.43402950890627 -83.00065819230433 -2.5
      vertex -44.24984808824712 -83.60571048733135 -2.5
    endloop
  endfacet
  facet normal -0.6715589548470163 0.7409511253549609 0
    outer loop
      vertex -43.43402950890627 -83.00065819230433 2.5
      vertex -42.681444814719235 -82.31855518528077 -2.5
      vertex -43.43402950890627 -83.00065819230433 -2.5
    endloop
  endfacet
  facet normal -0.7409511253549574 0.6715589548470201 0
    outer loop
      vertex -42.681444814719235 -82.31855518528077 -2.5
      vertex -42.681444814719235 -82.31855518528077 2.5
      vertex -41.99934180769567 -81.56597049109374 -2.5
    endloop
  endfacet
  facet normal -0.8032075314806482 0.5956993044924289 0
    outer loop
      vertex -41.99934180769567 -81.56597049109374 2.5
      vertex -41.39428951266866 -80.75015191175288 -2.5
      vertex -41.99934180769567 -81.56597049109374 -2.5
    endloop
  endfacet
  facet normal -0.8577286100002713 0.5141027441932231 0
    outer loop
      vertex -41.39428951266866 -80.75015191175288 2.5
      vertex -40.87211491399452 -79.87895622614907 -2.5
      vertex -41.39428951266866 -80.75015191175288 -2.5
    endloop
  endfacet
  facet normal -0.9039892931234429 0.4275550934302832 0
    outer loop
      vertex -40.87211491399452 -79.87895622614907 2.5
      vertex -40.43784683850818 -78.96077352497868 -2.5
      vertex -40.87211491399452 -79.87895622614907 -2.5
    endloop
  endfacet
  facet normal -0.9415440651830211 0.3368898533922188 0
    outer loop
      vertex -40.43784683850818 -78.96077352497868 2.5
      vertex -40.095667525171635 -78.00444640958368 -2.5
      vertex -40.43784683850818 -78.96077352497868 -2.5
    endloop
  endfacet
  facet normal -0.9700312531945443 0.2429801799032628 0
    outer loop
      vertex -40.095667525171635 -78.00444640958368 2.5
      vertex -39.848872347826564 -77.01918483286693 -2.5
      vertex -40.095667525171635 -78.00444640958368 -2.5
    endloop
  endfacet
  facet normal -0.9700312531945443 -0.2429801799032628 0
    outer loop
      vertex -39.848872347826564 -72.98081516713307 2.5
      vertex -40.095667525171635 -71.99555359041632 -2.5
      vertex -39.848872347826564 -72.98081516713307 -2.5
    endloop
  endfacet
  facet normal -0.9415440651830211 -0.3368898533922188 0
    outer loop
      vertex -40.095667525171635 -71.99555359041632 2.5
      vertex -40.43784683850818 -71.03922647502132 -2.5
      vertex -40.095667525171635 -71.99555359041632 -2.5
    endloop
  endfacet
  facet normal -0.989176509964781 0.14673047445536114 0
    outer loop
      vertex -39.848872347826564 -77.01918483286693 2.5
      vertex -39.69983807894276 -76.01447740241095 -2.5
      vertex -39.848872347826564 -77.01918483286693 -2.5
    endloop
  endfacet
  facet normal -0.9987954562051723 0.04906767432741886 0
    outer loop
      vertex -39.69983807894276 -76.01447740241095 2.5
      vertex -39.65 -75 -2.5
      vertex -39.69983807894276 -76.01447740241095 -2.5
    endloop
  endfacet
  facet normal -0.9987954562051723 -0.04906767432741886 0
    outer loop
      vertex -39.65 -75 2.5
      vertex -39.69983807894276 -73.98552259758905 -2.5
      vertex -39.65 -75 -2.5
    endloop
  endfacet
  facet normal -0.989176509964781 -0.14673047445536114 0
    outer loop
      vertex -39.69983807894276 -73.98552259758905 2.5
      vertex -39.848872347826564 -72.98081516713307 -2.5
      vertex -39.69983807894276 -73.98552259758905 -2.5
    endloop
  endfacet
  facet normal 0.5956993044924368 -0.8032075314806425 0
    outer loop
      vertex -55.75015191175288 -66.39428951266865 2.5
      vertex -56.56597049109373 -66.99934180769567 -2.5
      vertex -55.75015191175288 -66.39428951266865 -2.5
    endloop
  endfacet
  facet normal 0.5141027441932179 -0.8577286100002743 0
    outer loop
      vertex -54.87895622614907 -65.87211491399452 2.5
      vertex -55.75015191175288 -66.39428951266865 -2.5
      vertex -54.87895622614907 -65.87211491399452 -2.5
    endloop
  endfacet
  facet normal 0.4275550934302832 -0.9039892931234429 0
    outer loop
      vertex -53.96077352497868 -65.43784683850818 2.5
      vertex -54.87895622614907 -65.87211491399452 -2.5
      vertex -53.96077352497868 -65.43784683850818 -2.5
    endloop
  endfacet
  facet normal 0.336889853392221 -0.9415440651830205 0
    outer loop
      vertex -53.004446409583686 -65.09566752517163 2.5
      vertex -53.96077352497868 -65.43784683850818 -2.5
      vertex -53.004446409583686 -65.09566752517163 -2.5
    endloop
  endfacet
  facet normal 0.24298017990325452 -0.9700312531945463 0
    outer loop
      vertex -52.01918483286693 -64.84887234782657 2.5
      vertex -53.004446409583686 -65.09566752517163 -2.5
      vertex -52.01918483286693 -64.84887234782657 -2.5
    endloop
  endfacet
  facet normal 0.146730474455369 -0.9891765099647799 0
    outer loop
      vertex -52.01918483286693 -64.84887234782657 -2.5
      vertex -51.014477402410954 -64.69983807894276 -2.5
      vertex -51.014477402410954 -64.69983807894276 2.5
    endloop
  endfacet
  facet normal 0.04906767432741154 -0.9987954562051726 0
    outer loop
      vertex -50 -64.65 2.5
      vertex -51.014477402410954 -64.69983807894276 -2.5
      vertex -50 -64.65 -2.5
    endloop
  endfacet
  facet normal -0.04906767432741154 -0.9987954562051726 0
    outer loop
      vertex -48.985522597589046 -64.69983807894276 2.5
      vertex -50 -64.65 -2.5
      vertex -48.985522597589046 -64.69983807894276 -2.5
    endloop
  endfacet
  facet normal -0.146730474455369 -0.9891765099647799 0
    outer loop
      vertex -47.98081516713307 -64.84887234782657 2.5
      vertex -48.985522597589046 -64.69983807894276 -2.5
      vertex -47.98081516713307 -64.84887234782657 -2.5
    endloop
  endfacet
  facet normal -0.24298017990325452 -0.9700312531945463 0
    outer loop
      vertex -46.995553590416314 -65.09566752517163 2.5
      vertex -47.98081516713307 -64.84887234782657 -2.5
      vertex -46.995553590416314 -65.09566752517163 -2.5
    endloop
  endfacet
  facet normal -0.336889853392221 -0.9415440651830205 0
    outer loop
      vertex -46.03922647502132 -65.43784683850818 2.5
      vertex -46.995553590416314 -65.09566752517163 -2.5
      vertex -46.03922647502132 -65.43784683850818 -2.5
    endloop
  endfacet
  facet normal -0.4275550934302832 -0.9039892931234429 0
    outer loop
      vertex -45.12104377385093 -65.87211491399452 2.5
      vertex -46.03922647502132 -65.43784683850818 -2.5
      vertex -45.12104377385093 -65.87211491399452 -2.5
    endloop
  endfacet
  facet normal -0.5141027441932179 -0.8577286100002743 0
    outer loop
      vertex -44.24984808824712 -66.39428951266865 2.5
      vertex -45.12104377385093 -65.87211491399452 -2.5
      vertex -44.24984808824712 -66.39428951266865 -2.5
    endloop
  endfacet
  facet normal -0.5956993044924368 -0.8032075314806425 0
    outer loop
      vertex -43.43402950890627 -66.99934180769567 2.5
      vertex -44.24984808824712 -66.39428951266865 -2.5
      vertex -43.43402950890627 -66.99934180769567 -2.5
    endloop
  endfacet
  facet normal -0.6715589548470163 -0.7409511253549609 0
    outer loop
      vertex -43.43402950890627 -66.99934180769567 -2.5
      vertex -42.681444814719235 -67.68144481471923 -2.5
      vertex -42.681444814719235 -67.68144481471923 2.5
    endloop
  endfacet
  facet normal -0.7409511253549574 -0.6715589548470201 0
    outer loop
      vertex -41.99934180769567 -68.43402950890626 2.5
      vertex -42.681444814719235 -67.68144481471923 -2.5
      vertex -41.99934180769567 -68.43402950890626 -2.5
    endloop
  endfacet
  facet normal -0.8577286100002713 -0.5141027441932231 0
    outer loop
      vertex -40.87211491399452 -70.12104377385093 2.5
      vertex -41.39428951266866 -69.24984808824712 -2.5
      vertex -40.87211491399452 -70.12104377385093 -2.5
    endloop
  endfacet
  facet normal -0.8032075314806482 -0.5956993044924289 0
    outer loop
      vertex -41.39428951266866 -69.24984808824712 2.5
      vertex -41.99934180769567 -68.43402950890626 -2.5
      vertex -41.39428951266866 -69.24984808824712 -2.5
    endloop
  endfacet
  facet normal -0.9039892931234429 -0.4275550934302832 0
    outer loop
      vertex -40.43784683850818 -71.03922647502132 2.5
      vertex -40.87211491399452 -70.12104377385093 -2.5
      vertex -40.43784683850818 -71.03922647502132 -2.5
    endloop
  endfacet
  facet normal 0 0 -1
    outer loop
      vertex -75 -95 -2.5
      vertex -75 95 -2.5
      vertex -60.30016192105724 -73.98552259758905 -2.5
    endloop
  endfacet
  facet normal 0 0 -1
    outer loop
      vertex -75 95 -2.5
      vertex -60.151127652173436 -72.98081516713307 -2.5
      vertex -60.30016192105724 -73.98552259758905 -2.5
    endloop
  endfacet
  facet normal 0 0 -1
    outer loop
      vertex -75 95 -2.5
      vertex -59.904332474828365 -71.99555359041632 -2.5
      vertex -60.151127652173436 -72.98081516713307 -2.5
    endloop
  endfacet
  facet normal 0 0 -1
    outer loop
      vertex -75 95 -2.5
      vertex -59.56215316149182 -71.03922647502132 -2.5
      vertex -59.904332474828365 -71.99555359041632 -2.5
    endloop
  endfacet
  facet normal 0 0 -1
    outer loop
      vertex -75 95 -2.5
      vertex -59.12788508600548 -70.12104377385093 -2.5
      vertex -59.56215316149182 -71.03922647502132 -2.5
    endloop
  endfacet
  facet normal 0 0 -1
    outer loop
      vertex -75 95 -2.5
      vertex -58.60571048733134 -69.24984808824712 -2.5
      vertex -59.12788508600548 -70.12104377385093 -2.5
    endloop
  endfacet
  facet normal 0 0 -1
    outer loop
      vertex -75 95 -2.5
      vertex -58.00065819230433 -68.43402950890626 -2.5
      vertex -58.60571048733134 -69.24984808824712 -2.5
    endloop
  endfacet
  facet normal 0 0 -1
    outer loop
      vertex -75 95 -2.5
      vertex -57.318555185280765 -67.68144481471923 -2.5
      vertex -58.00065819230433 -68.43402950890626 -2.5
    endloop
  endfacet
  facet normal 0 0 -1
    outer loop
      vertex -75 95 -2.5
      vertex -56.56597049109373 -66.99934180769567 -2.5
      vertex -57.318555185280765 -67.68144481471923 -2.5
    endloop
  endfacet
  facet normal 0 0 -1
    outer loop
      vertex -55.75015191175288 -66.39428951266865 -2.5
      vertex -43.059792467712846 -35.568443121751834 -2.5
      vertex -42.93955709136697 -36.37900418883467 -2.5
    endloop
  endfacet
  facet normal 0 0 -1
    outer loop
      vertex -56.56597049109373 -66.99934180769567 -2.5
      vertex -43.1 -34.75 -2.5
      vertex -43.059792467712846 -35.568443121751834 -2.5
    endloop
  endfacet
  facet normal 0 0 -1
    outer loop
      vertex -53.96077352497868 -65.43784683850818 -2.5
      vertex -42.740451803363946 -37.17387705507476 -2.5
      vertex -42.46439409646924 -37.9454066602485 -2.5
    endloop
  endfacet
  facet normal 0 0 -1
    outer loop
      vertex -54.87895622614907 -65.87211491399452 -2.5
      vertex -42.93955709136697 -36.37900418883467 -2.5
      vertex -42.740451803363946 -37.17387705507476 -2.5
    endloop
  endfacet
  facet normal 0 0 -1
    outer loop
      vertex -53.96077352497868 -65.43784683850818 -2.5
      vertex -42.46439409646924 -37.9454066602485 -2.5
      vertex -42.114042557308764 -38.68616275249708 -2.5
    endloop
  endfacet
  facet normal 0 0 -1
    outer loop
      vertex -56.56597049109373 -66.99934180769567 -2.5
      vertex -43.1 34.75 -2.5
      vertex -43.1 -34.75 -2.5
    endloop
  endfacet
  facet normal 0 0 -1
    outer loop
      vertex -43.1 -34.75 -2.5
      vertex -42.740451803363946 32.32612294492524 -2.5
      vertex -43.059792467712846 -33.931556878248166 -2.5
    endloop
  endfacet
  facet normal 0 0 -1
    outer loop
      vertex -43.059792467712846 -33.931556878248166 -2.5
      vertex -42.46439409646924 31.5545933397515 -2.5
      vertex -42.93955709136697 -33.12099581116533 -2.5
    endloop
  endfacet
  facet normal 0 0 -1
    outer loop
      vertex -42.93955709136697 -33.12099581116533 -2.5
      vertex -42.46439409646924 31.5545933397515 -2.5
      vertex -42.740451803363946 -32.32612294492524 -2.5
    endloop
  endfacet
  facet normal 0 0 -1
    outer loop
      vertex -42.740451803363946 -32.32612294492524 -2.5
      vertex -42.46439409646924 31.5545933397515 -2.5
      vertex -42.46439409646924 -31.5545933397515 -2.5
    endloop
  endfacet
  facet normal 0 0 -1
    outer loop
      vertex -42.46439409646924 -31.5545933397515 -2.5
      vertex -42.46439409646924 31.5545933397515 -2.5
      vertex -42.114042557308764 -30.81383724750292 -2.5
    endloop
  endfacet
  facet normal 0 0 -1
    outer loop
      vertex -42.114042557308764 -30.81383724750292 -2.5
      vertex -42.114042557308764 30.81383724750292 -2.5
      vertex -41.692771262726254 -30.110988554286322 -2.5
    endloop
  endfacet
  facet normal 0 0 -1
    outer loop
      vertex -41.692771262726254 -30.110988554286322 -2.5
      vertex -41.692771262726254 30.110988554286322 -2.5
      vertex -41.204637285578855 -29.45281607723356 -2.5
    endloop
  endfacet
  facet normal 0 0 -1
    outer loop
      vertex -41.204637285578855 -29.45281607723356 -2.5
      vertex -41.204637285578855 29.45281607723356 -2.5
      vertex -40.65434162290767 -28.845658377092327 -2.5
    endloop
  endfacet
  facet normal 0.9039892931234444 0.4275550934302798 0
    outer loop
      vertex -42.46439409646924 -37.9454066602485 2.5
      vertex -42.114042557308764 -38.68616275249708 -2.5
      vertex -42.46439409646924 -37.9454066602485 -2.5
    endloop
  endfacet
  facet normal 0.941544065183019 0.33688985339222477 0
    outer loop
      vertex -42.740451803363946 -37.17387705507476 2.5
      vertex -42.46439409646924 -37.9454066602485 -2.5
      vertex -42.740451803363946 -37.17387705507476 -2.5
    endloop
  endfacet
  facet normal 0.9700312531945453 0.24298017990325782 0
    outer loop
      vertex -42.93955709136697 -36.37900418883467 2.5
      vertex -42.740451803363946 -37.17387705507476 -2.5
      vertex -42.93955709136697 -36.37900418883467 -2.5
    endloop
  endfacet
  facet normal 0.98917650996478 0.14673047445536802 0
    outer loop
      vertex -43.059792467712846 -35.568443121751834 2.5
      vertex -42.93955709136697 -36.37900418883467 -2.5
      vertex -43.059792467712846 -35.568443121751834 -2.5
    endloop
  endfacet
  facet normal 0.5141027441932223 0.8577286100002717 0
    outer loop
      vertex -39.38901144571368 -41.692771262726254 2.5
      vertex -38.68616275249708 -42.114042557308764 -2.5
      vertex -39.38901144571368 -41.692771262726254 -2.5
    endloop
  endfacet
  facet normal 0.4275550934302798 0.9039892931234444 0
    outer loop
      vertex -38.68616275249708 -42.114042557308764 2.5
      vertex -37.9454066602485 -42.46439409646924 -2.5
      vertex -38.68616275249708 -42.114042557308764 -2.5
    endloop
  endfacet
  facet normal 0.33688985339222477 0.941544065183019 0
    outer loop
      vertex -37.9454066602485 -42.46439409646924 2.5
      vertex -37.17387705507476 -42.740451803363946 -2.5
      vertex -37.9454066602485 -42.46439409646924 -2.5
    endloop
  endfacet
  facet normal 0.7409511253549614 0.6715589548470159 0
    outer loop
      vertex -41.204637285578855 -40.047183922766436 2.5
      vertex -40.65434162290767 -40.65434162290767 -2.5
      vertex -41.204637285578855 -40.047183922766436 -2.5
    endloop
  endfacet
  facet normal 0.8577286100002717 0.5141027441932223 0
    outer loop
      vertex -42.114042557308764 -38.68616275249708 2.5
      vertex -41.692771262726254 -39.38901144571368 -2.5
      vertex -42.114042557308764 -38.68616275249708 -2.5
    endloop
  endfacet
  facet normal 0.8032075314806438 0.5956993044924348 0
    outer loop
      vertex -41.692771262726254 -39.38901144571368 2.5
      vertex -41.204637285578855 -40.047183922766436 -2.5
      vertex -41.692771262726254 -39.38901144571368 -2.5
    endloop
  endfacet
  facet normal 0.6715589548470159 0.7409511253549614 0
    outer loop
      vertex -40.65434162290767 -40.65434162290767 2.5
      vertex -40.047183922766436 -41.204637285578855 -2.5
      vertex -40.65434162290767 -40.65434162290767 -2.5
    endloop
  endfacet
  facet normal 0.5956993044924348 0.8032075314806438 0
    outer loop
      vertex -40.047183922766436 -41.204637285578855 2.5
      vertex -39.38901144571368 -41.692771262726254 -2.5
      vertex -40.047183922766436 -41.204637285578855 -2.5
    endloop
  endfacet
  facet normal 0.9987954562051725 0.04906767432741706 0
    outer loop
      vertex -43.1 -34.75 2.5
      vertex -43.059792467712846 -35.568443121751834 -2.5
      vertex -43.1 -34.75 -2.5
    endloop
  endfacet
  facet normal 0.9987954562051725 -0.04906767432741706 0
    outer loop
      vertex -43.059792467712846 -33.931556878248166 2.5
      vertex -43.1 -34.75 -2.5
      vertex -43.059792467712846 -33.931556878248166 -2.5
    endloop
  endfacet
  facet normal 0.98917650996478 -0.14673047445536802 0
    outer loop
      vertex -42.93955709136697 -33.12099581116533 2.5
      vertex -43.059792467712846 -33.931556878248166 -2.5
      vertex -42.93955709136697 -33.12099581116533 -2.5
    endloop
  endfacet
  facet normal 0.9700312531945453 -0.24298017990325782 0
    outer loop
      vertex -42.740451803363946 -32.32612294492524 2.5
      vertex -42.93955709136697 -33.12099581116533 -2.5
      vertex -42.740451803363946 -32.32612294492524 -2.5
    endloop
  endfacet
  facet normal 0.941544065183019 -0.33688985339222477 0
    outer loop
      vertex -42.46439409646924 -31.5545933397515 2.5
      vertex -42.740451803363946 -32.32612294492524 -2.5
      vertex -42.46439409646924 -31.5545933397515 -2.5
    endloop
  endfacet
  facet normal 0.9039892931234437 -0.4275550934302815 0
    outer loop
      vertex -42.114042557308764 -30.81383724750292 2.5
      vertex -42.46439409646924 -31.5545933397515 -2.5
      vertex -42.114042557308764 -30.81383724750292 -2.5
    endloop
  endfacet
  facet normal 0.8577286100002729 -0.5141027441932204 0
    outer loop
      vertex -41.692771262726254 -30.110988554286322 2.5
      vertex -42.114042557308764 -30.81383724750292 -2.5
      vertex -41.692771262726254 -30.110988554286322 -2.5
    endloop
  endfacet
  facet normal 0.8032075314806454 -0.5956993044924327 0
    outer loop
      vertex -41.204637285578855 -29.45281607723356 2.5
      vertex -41.692771262726254 -30.110988554286322 -2.5
      vertex -41.204637285578855 -29.45281607723356 -2.5
    endloop
  endfacet
  facet normal 0.7409511253549595 -0.6715589548470181 0
    outer loop
      vertex -40.65434162290767 -28.845658377092327 2.5
      vertex -41.204637285578855 -29.45281607723356 -2.5
      vertex -40.65434162290767 -28.845658377092327 -2.5
    endloop
  endfacet
  facet normal 0.6715589548470159 -0.7409511253549614 0
    outer loop
      vertex -40.047183922766436 -28.295362714421145 2.5
      vertex -40.65434162290767 -28.845658377092327 -2.5
      vertex -40.047183922766436 -28.295362714421145 -2.5
    endloop
  endfacet
  facet normal 0.5956993044924348 -0.8032075314806438 0
    outer loop
      vertex -39.38901144571368 -27.807228737273746 2.5
      vertex -40.047183922766436 -28.295362714421145 -2.5
      vertex -39.38901144571368 -27.807228737273746 -2.5
    endloop
  endfacet
  facet normal 0.5141027441932223 -0.8577286100002717 0
    outer loop
      vertex -38.68616275249708 -27.385957442691236 2.5
      vertex -39.38901144571368 -27.807228737273746 -2.5
      vertex -38.68616275249708 -27.385957442691236 -2.5
    endloop
  endfacet
  facet normal 0.4275550934302798 -0.9039892931234444 0
    outer loop
      vertex -37.9454066602485 -27.035605903530758 2.5
      vertex -38.68616275249708 -27.385957442691236 -2.5
      vertex -37.9454066602485 -27.035605903530758 -2.5
    endloop
  endfacet
  facet normal 0 0 -1
    outer loop
      vertex -46.995553590416314 -84.90433247482837 -2.5
      vertex -46.03922647502132 -84.56215316149182 -2.5
      vertex -3.004446409583685 -84.90433247482837 -2.5
    endloop
  endfacet
  facet normal 0 0 -1
    outer loop
      vertex -46.03922647502132 -84.56215316149182 -2.5
      vertex -45.12104377385093 -84.12788508600548 -2.5
      vertex -3.9607735249786793 -84.56215316149182 -2.5
    endloop
  endfacet
  facet normal 0 0 -1
    outer loop
      vertex -45.12104377385093 -84.12788508600548 -2.5
      vertex -44.24984808824712 -83.60571048733135 -2.5
      vertex -4.878956226149075 -84.12788508600548 -2.5
    endloop
  endfacet
  facet normal 0 0 -1
    outer loop
      vertex -44.24984808824712 -83.60571048733135 -2.5
      vertex -43.43402950890627 -83.00065819230433 -2.5
      vertex -5.750151911752883 -83.60571048733135 -2.5
    endloop
  endfacet
  facet normal 0 0 -1
    outer loop
      vertex -43.43402950890627 -83.00065819230433 -2.5
      vertex -42.681444814719235 -82.31855518528077 -2.5
      vertex -6.56597049109373 -83.00065819230433 -2.5
    endloop
  endfacet
  facet normal 0 0 -1
    outer loop
      vertex -42.681444814719235 -82.31855518528077 -2.5
      vertex -41.99934180769567 -81.56597049109374 -2.5
      vertex -7.3185551852807675 -82.31855518528077 -2.5
    endloop
  endfacet
  facet normal 0 0 -1
    outer loop
      vertex -41.39428951266866 -80.75015191175288 -2.5
      vertex -8.000658192304327 -81.56597049109374 -2.5
      vertex -41.99934180769567 -81.56597049109374 -2.5
    endloop
  endfacet
  facet normal 0 0 -1
    outer loop
      vertex -40.87211491399452 -79.87895622614907 -2.5
      vertex -8.605710487331343 -80.75015191175288 -2.5
      vertex -41.39428951266866 -80.75015191175288 -2.5
    endloop
  endfacet
  facet normal 0 0 -1
    outer loop
      vertex -40.43784683850818 -78.96077352497868 -2.5
      vertex -9.127885086005474 -79.87895622614907 -2.5
      vertex -40.87211491399452 -79.87895622614907 -2.5
    endloop
  endfacet
  facet normal 0 0 -1
    outer loop
      vertex -40.095667525171635 -78.00444640958368 -2.5
      vertex -9.562153161491818 -78.96077352497868 -2.5
      vertex -40.43784683850818 -78.96077352497868 -2.5
    endloop
  endfacet
  facet normal 0 0 -1
    outer loop
      vertex -39.848872347826564 -77.01918483286693 -2.5
      vertex -9.904332474828362 -78.00444640958368 -2.5
      vertex -40.095667525171635 -78.00444640958368 -2.5
    endloop
  endfacet
  facet normal 0 0 -1
    outer loop
      vertex -39.69983807894276 -76.01447740241095 -2.5
      vertex -10.151127652173434 -77.01918483286693 -2.5
      vertex -39.848872347826564 -77.01918483286693 -2.5
    endloop
  endfacet
  facet normal 0 0 -1
    outer loop
      vertex -39.65 -75 -2.5
      vertex -10.300161921057239 -76.01447740241095 -2.5
      vertex -39.69983807894276 -76.01447740241095 -2.5
    endloop
  endfacet
  facet normal 0 0 -1
    outer loop
      vertex -39.69983807894276 -73.98552259758905 -2.5
      vertex -10.35 -75 -2.5
      vertex -39.65 -75 -2.5
    endloop
  endfacet
  facet normal 0 0 -1
    outer loop
      vertex -39.848872347826564 -72.98081516713307 -2.5
      vertex -10.300161921057239 -73.98552259758905 -2.5
      vertex -39.69983807894276 -73.98552259758905 -2.5
    endloop
  endfacet
  facet normal 0 0 -1
    outer loop
      vertex -40.095667525171635 -71.99555359041632 -2.5
      vertex -10.151127652173434 -72.98081516713307 -2.5
      vertex -39.848872347826564 -72.98081516713307 -2.5
    endloop
  endfacet
  facet normal 0 0 -1
    outer loop
      vertex -40.43784683850818 -71.03922647502132 -2.5
      vertex -9.904332474828362 -71.99555359041632 -2.5
      vertex -40.095667525171635 -71.99555359041632 -2.5
    endloop
  endfacet
  facet normal 0 0 -1
    outer loop
      vertex -42.681444814719235 -82.31855518528077 -2.5
      vertex -7.3185551852807675 -82.31855518528077 -2.5
      vertex -6.56597049109373 -83.00065819230433 -2.5
    endloop
  endfacet
  facet normal 0 0 -1
    outer loop
      vertex -41.99934180769567 -81.56597049109374 -2.5
      vertex -8.000658192304327 -81.56597049109374 -2.5
      vertex -7.3185551852807675 -82.31855518528077 -2.5
    endloop
  endfacet
  facet normal 0 0 -1
    outer loop
      vertex -40.87211491399452 -79.87895622614907 -2.5
      vertex -9.127885086005474 -79.87895622614907 -2.5
      vertex -8.605710487331343 -80.75015191175288 -2.5
    endloop
  endfacet
  facet normal 0 0 -1
    outer loop
      vertex -41.39428951266866 -80.75015191175288 -2.5
      vertex -8.605710487331343 -80.75015191175288 -2.5
      vertex -8.000658192304327 -81.56597049109374 -2.5
    endloop
  endfacet
  facet normal 0 0 -1
    outer loop
      vertex -9.904332474828362 -78.00444640958368 -2.5
      vertex -39.848872347826564 -77.01918483286693 -2.5
      vertex -10.151127652173434 -77.01918483286693 -2.5
    endloop
  endfacet
  facet normal 0 0 -1
    outer loop
      vertex -9.127885086005474 -79.87895622614907 -2.5
      vertex -40.43784683850818 -78.96077352497868 -2.5
      vertex -9.562153161491818 -78.96077352497868 -2.5
    endloop
  endfacet
  facet normal 0 0 -1
    outer loop
      vertex -40.095667525171635 -78.00444640958368 -2.5
      vertex -9.904332474828362 -78.00444640958368 -2.5
      vertex -9.562153161491818 -78.96077352497868 -2.5
    endloop
  endfacet
  facet normal 0 0 -1
    outer loop
      vertex -39.69983807894276 -76.01447740241095 -2.5
      vertex -10.300161921057239 -76.01447740241095 -2.5
      vertex -10.151127652173434 -77.01918483286693 -2.5
    endloop
  endfacet
  facet normal 0 0 -1
    outer loop
      vertex -39.65 -75 -2.5
      vertex -10.35 -75 -2.5
      vertex -10.300161921057239 -76.01447740241095 -2.5
    endloop
  endfacet
  facet normal 0 0 -1
    outer loop
      vertex -39.69983807894276 -73.98552259758905 -2.5
      vertex -10.300161921057239 -73.98552259758905 -2.5
      vertex -10.35 -75 -2.5
    endloop
  endfacet
  facet normal 0 0 -1
    outer loop
      vertex -39.848872347826564 -72.98081516713307 -2.5
      vertex -10.151127652173434 -72.98081516713307 -2.5
      vertex -10.300161921057239 -73.98552259758905 -2.5
    endloop
  endfacet
  facet normal 0 0 -1
    outer loop
      vertex -40.095667525171635 -71.99555359041632 -2.5
      vertex -9.904332474828362 -71.99555359041632 -2.5
      vertex -10.151127652173434 -72.98081516713307 -2.5
    endloop
  endfacet
  facet normal 0 0 -1
    outer loop
      vertex -40.43784683850818 -71.03922647502132 -2.5
      vertex -9.562153161491818 -71.03922647502132 -2.5
      vertex -9.904332474828362 -71.99555359041632 -2.5
    endloop
  endfacet
  facet normal 0 0 -1
    outer loop
      vertex -40.87211491399452 -70.12104377385093 -2.5
      vertex -9.562153161491818 -71.03922647502132 -2.5
      vertex -40.43784683850818 -71.03922647502132 -2.5
    endloop
  endfacet
  facet normal 0 0 -1
    outer loop
      vertex -41.39428951266866 -69.24984808824712 -2.5
      vertex -9.127885086005474 -70.12104377385093 -2.5
      vertex -40.87211491399452 -70.12104377385093 -2.5
    endloop
  endfacet
  facet normal 0 0 -1
    outer loop
      vertex -33.931556878248166 -43.059792467712846 -2.5
      vertex -33.12099581116533 -42.93955709136697 -2.5
      vertex -42.681444814719235 -67.68144481471923 -2.5
    endloop
  endfacet
  facet normal 0 0 -1
    outer loop
      vertex -33.12099581116533 -42.93955709136697 -2.5
      vertex -32.32612294492524 -42.740451803363946 -2.5
      vertex -41.99934180769567 -68.43402950890626 -2.5
    endloop
  endfacet
  facet normal 0 0 -1
    outer loop
      vertex -32.32612294492524 -42.740451803363946 -2.5
      vertex -8.605710487331343 -69.24984808824712 -2.5
      vertex -41.39428951266866 -69.24984808824712 -2.5
    endloop
  endfacet
  facet normal 0 0 -1
    outer loop
      vertex -40.87211491399452 -70.12104377385093 -2.5
      vertex -9.127885086005474 -70.12104377385093 -2.5
      vertex -9.562153161491818 -71.03922647502132 -2.5
    endloop
  endfacet
  facet normal 0 0 -1
    outer loop
      vertex -41.39428951266866 -69.24984808824712 -2.5
      vertex -8.605710487331343 -69.24984808824712 -2.5
      vertex -9.127885086005474 -70.12104377385093 -2.5
    endloop
  endfacet
  facet normal 0 0 -1
    outer loop
      vertex -32.32612294492524 -42.740451803363946 -2.5
      vertex -31.5545933397515 -42.46439409646924 -2.5
      vertex -8.605710487331343 -69.24984808824712 -2.5
    endloop
  endfacet
  facet normal 0 0 -1
    outer loop
      vertex -31.5545933397515 -42.46439409646924 -2.5
      vertex -30.81383724750292 -42.114042557308764 -2.5
      vertex -8.605710487331343 -69.24984808824712 -2.5
    endloop
  endfacet
  facet normal 0 0 -1
    outer loop
      vertex -30.81383724750292 -42.114042557308764 -2.5
      vertex -30.110988554286322 -41.692771262726254 -2.5
      vertex -8.000658192304327 -68.43402950890626 -2.5
    endloop
  endfacet
  facet normal 0 0 -1
    outer loop
      vertex -30.110988554286322 -41.692771262726254 -2.5
      vertex -29.45281607723356 -41.204637285578855 -2.5
      vertex -7.3185551852807675 -67.68144481471923 -2.5
    endloop
  endfacet
  facet normal 0 0 -1
    outer loop
      vertex -6.56597049109373 -66.99934180769567 -2.5
      vertex -29.45281607723356 -41.204637285578855 -2.5
      vertex -28.845658377092327 -40.65434162290767 -2.5
    endloop
  endfacet
  facet normal 0 0 -1
    outer loop
      vertex -5.750151911752883 -66.39428951266865 -2.5
      vertex -28.845658377092327 -40.65434162290767 -2.5
      vertex -28.295362714421145 -40.047183922766436 -2.5
    endloop
  endfacet
  facet normal 0 0 -1
    outer loop
      vertex -4.878956226149075 -65.87211491399452 -2.5
      vertex -28.295362714421145 -40.047183922766436 -2.5
      vertex -27.807228737273746 -39.38901144571368 -2.5
    endloop
  endfacet
  facet normal 0 0 -1
    outer loop
      vertex -27.385957442691236 -38.68616275249708 -2.5
      vertex -4.878956226149075 -65.87211491399452 -2.5
      vertex -27.807228737273746 -39.38901144571368 -2.5
    endloop
  endfacet
  facet normal 0 0 -1
    outer loop
      vertex -75 -95 -2.5
      vertex -48.985522597589046 -85.30016192105724 -2.5
      vertex 75 -95 -2.5
    endloop
  endfacet
  facet normal 0 0 -1
    outer loop
      vertex -46.03922647502132 -84.56215316149182 -2.5
      vertex -3.9607735249786793 -84.56215316149182 -2.5
      vertex -3.004446409583685 -84.90433247482837 -2.5
    endloop
  endfacet
  facet normal 0 0 -1
    outer loop
      vertex -6.56597049109373 -83.00065819230433 -2.5
      vertex -5.750151911752883 -83.60571048733135 -2.5
      vertex -43.43402950890627 -83.00065819230433 -2.5
    endloop
  endfacet
  facet normal 0 0 -1
    outer loop
      vertex -44.24984808824712 -83.60571048733135 -2.5
      vertex -5.750151911752883 -83.60571048733135 -2.5
      vertex -4.878956226149075 -84.12788508600548 -2.5
    endloop
  endfacet
  facet normal 0 0 -1
    outer loop
      vertex -4.878956226149075 -84.12788508600548 -2.5
      vertex -3.9607735249786793 -84.56215316149182 -2.5
      vertex -45.12104377385093 -84.12788508600548 -2.5
    endloop
  endfacet
  facet normal 0 0 -1
    outer loop
      vertex -46.995553590416314 -84.90433247482837 -2.5
      vertex -3.004446409583685 -84.90433247482837 -2.5
      vertex -2.0191848328669275 -85.15112765217343 -2.5
    endloop
  endfacet
  facet normal 0 0 -1
    outer loop
      vertex -46.995553590416314 -84.90433247482837 -2.5
      vertex -2.0191848328669275 -85.15112765217343 -2.5
      vertex -1.0144774024109522 -85.30016192105724 -2.5
    endloop
  endfacet
  facet normal 0 0 -1
    outer loop
      vertex -46.995553590416314 -84.90433247482837 -2.5
      vertex -1.0144774024109522 -85.30016192105724 -2.5
      vertex 0 -85.35 -2.5
    endloop
  endfacet
  facet normal 0 0 -1
    outer loop
      vertex 75 -95 -2.5
      vertex -48.985522597589046 -85.30016192105724 -2.5
      vertex -47.98081516713307 -85.15112765217343 -2.5
    endloop
  endfacet
  facet normal 0 0 -1
    outer loop
      vertex 75 -95 -2.5
      vertex -47.98081516713307 -85.15112765217343 -2.5
      vertex -46.995553590416314 -84.90433247482837 -2.5
    endloop
  endfacet
  facet normal 0 0 -1
    outer loop
      vertex -30.81383724750292 -42.114042557308764 -2.5
      vertex -8.000658192304327 -68.43402950890626 -2.5
      vertex -8.605710487331343 -69.24984808824712 -2.5
    endloop
  endfacet
  facet normal 0 0 -1
    outer loop
      vertex -30.110988554286322 -41.692771262726254 -2.5
      vertex -7.3185551852807675 -67.68144481471923 -2.5
      vertex -8.000658192304327 -68.43402950890626 -2.5
    endloop
  endfacet
  facet normal 0 0 -1
    outer loop
      vertex -6.56597049109373 -66.99934180769567 -2.5
      vertex -7.3185551852807675 -67.68144481471923 -2.5
      vertex -29.45281607723356 -41.204637285578855 -2.5
    endloop
  endfacet
  facet normal 0 0 -1
    outer loop
      vertex -5.750151911752883 -66.39428951266865 -2.5
      vertex -6.56597049109373 -66.99934180769567 -2.5
      vertex -28.845658377092327 -40.65434162290767 -2.5
    endloop
  endfacet
  facet normal 0 0 -1
    outer loop
      vertex -4.878956226149075 -65.87211491399452 -2.5
      vertex -5.750151911752883 -66.39428951266865 -2.5
      vertex -28.295362714421145 -40.047183922766436 -2.5
    endloop
  endfacet
  facet normal 0 0 -1
    outer loop
      vertex -3.9607735249786793 -65.43784683850818 -2.5
      vertex -4.878956226149075 -65.87211491399452 -2.5
      vertex -27.385957442691236 -38.68616275249708 -2.5
    endloop
  endfacet
  facet normal 0 0 -1
    outer loop
      vertex -3.004446409583685 -65.09566752517163 -2.5
      vertex -3.9607735249786793 -65.43784683850818 -2.5
      vertex -27.035605903530758 -37.9454066602485 -2.5
    endloop
  endfacet
  facet normal 0 0 -1
    outer loop
      vertex -2.0191848328669275 -64.84887234782657 -2.5
      vertex -3.004446409583685 -65.09566752517163 -2.5
      vertex -26.759548196636057 -37.17387705507476 -2.5
    endloop
  endfacet
  facet normal 0 0 -1
    outer loop
      vertex -1.0144774024109522 -64.69983807894276 -2.5
      vertex -2.0191848328669275 -64.84887234782657 -2.5
      vertex -26.56044290863303 -36.37900418883467 -2.5
    endloop
  endfacet
  facet normal 0 0 -1
    outer loop
      vertex -1.0144774024109522 -64.69983807894276 -2.5
      vertex -26.440207532287154 -35.568443121751834 -2.5
      vertex 0 -64.65 -2.5
    endloop
  endfacet
  facet normal 0.9039892931234429 0.4275550934302832 0
    outer loop
      vertex -9.562153161491818 -78.96077352497868 2.5
      vertex -9.127885086005474 -79.87895622614907 -2.5
      vertex -9.562153161491818 -78.96077352497868 -2.5
    endloop
  endfacet
  facet normal 0.9700312531945439 0.24298017990326443 0
    outer loop
      vertex -10.151127652173434 -77.01918483286693 2.5
      vertex -9.904332474828362 -78.00444640958368 -2.5
      vertex -10.151127652173434 -77.01918483286693 -2.5
    endloop
  endfacet
  facet normal 0.9415440651830211 0.3368898533922188 0
    outer loop
      vertex -9.904332474828362 -78.00444640958368 2.5
      vertex -9.562153161491818 -78.96077352497868 -2.5
      vertex -9.904332474828362 -78.00444640958368 -2.5
    endloop
  endfacet
  facet normal 0.9891765099647809 0.14673047445536286 0
    outer loop
      vertex -10.300161921057239 -76.01447740241095 2.5
      vertex -10.151127652173434 -77.01918483286693 -2.5
      vertex -10.300161921057239 -76.01447740241095 -2.5
    endloop
  endfacet
  facet normal 0.9987954562051725 0.04906767432741713 0
    outer loop
      vertex -10.35 -75 2.5
      vertex -10.300161921057239 -76.01447740241095 -2.5
      vertex -10.35 -75 -2.5
    endloop
  endfacet
  facet normal 0.9987954562051725 -0.04906767432741713 0
    outer loop
      vertex -10.300161921057239 -73.98552259758905 2.5
      vertex -10.35 -75 -2.5
      vertex -10.300161921057239 -73.98552259758905 -2.5
    endloop
  endfacet
  facet normal 0.9891765099647809 -0.14673047445536286 0
    outer loop
      vertex -10.151127652173434 -72.98081516713307 2.5
      vertex -10.300161921057239 -73.98552259758905 -2.5
      vertex -10.151127652173434 -72.98081516713307 -2.5
    endloop
  endfacet
  facet normal 0.9700312531945439 -0.24298017990326443 0
    outer loop
      vertex -9.904332474828362 -71.99555359041632 2.5
      vertex -10.151127652173434 -72.98081516713307 -2.5
      vertex -9.904332474828362 -71.99555359041632 -2.5
    endloop
  endfacet
  facet normal 0.9415440651830211 -0.3368898533922188 0
    outer loop
      vertex -9.562153161491818 -71.03922647502132 2.5
      vertex -9.904332474828362 -71.99555359041632 -2.5
      vertex -9.562153161491818 -71.03922647502132 -2.5
    endloop
  endfacet
  facet normal 0.5956993044924376 0.8032075314806417 0
    outer loop
      vertex -6.56597049109373 -83.00065819230433 2.5
      vertex -5.750151911752883 -83.60571048733135 -2.5
      vertex -6.56597049109373 -83.00065819230433 -2.5
    endloop
  endfacet
  facet normal 0.5141027441932183 0.8577286100002742 0
    outer loop
      vertex -5.750151911752883 -83.60571048733135 2.5
      vertex -4.878956226149075 -84.12788508600548 -2.5
      vertex -5.750151911752883 -83.60571048733135 -2.5
    endloop
  endfacet
  facet normal 0.33688985339222 0.9415440651830208 0
    outer loop
      vertex -3.9607735249786793 -84.56215316149182 2.5
      vertex -3.004446409583685 -84.90433247482837 -2.5
      vertex -3.9607735249786793 -84.56215316149182 -2.5
    endloop
  endfacet
  facet normal 0.4275550934302826 0.903989293123443 0
    outer loop
      vertex -4.878956226149075 -84.12788508600548 2.5
      vertex -3.9607735249786793 -84.56215316149182 -2.5
      vertex -4.878956226149075 -84.12788508600548 -2.5
    endloop
  endfacet
  facet normal 0.24298017990325496 0.9700312531945462 0
    outer loop
      vertex -3.004446409583685 -84.90433247482837 2.5
      vertex -2.0191848328669275 -85.15112765217343 -2.5
      vertex -3.004446409583685 -84.90433247482837 -2.5
    endloop
  endfacet
  facet normal 0.14673047445536863 0.98917650996478 0
    outer loop
      vertex -2.0191848328669275 -85.15112765217343 2.5
      vertex -1.0144774024109522 -85.30016192105724 -2.5
      vertex -2.0191848328669275 -85.15112765217343 -2.5
    endloop
  endfacet
  facet normal 0.04906767432741162 0.9987954562051726 0
    outer loop
      vertex -1.0144774024109522 -85.30016192105724 2.5
      vertex 0 -85.35 -2.5
      vertex -1.0144774024109522 -85.30016192105724 -2.5
    endloop
  endfacet
  facet normal 0.8577286100002728 0.5141027441932206 0
    outer loop
      vertex -9.127885086005474 -79.87895622614907 2.5
      vertex -8.605710487331343 -80.75015191175288 -2.5
      vertex -9.127885086005474 -79.87895622614907 -2.5
    endloop
  endfacet
  facet normal 0.8032075314806474 0.59569930449243 0
    outer loop
      vertex -8.605710487331343 -80.75015191175288 2.5
      vertex -8.000658192304327 -81.56597049109374 -2.5
      vertex -8.605710487331343 -80.75015191175288 -2.5
    endloop
  endfacet
  facet normal 0.7409511253549595 0.6715589548470178 0
    outer loop
      vertex -8.000658192304327 -81.56597049109374 2.5
      vertex -7.3185551852807675 -82.31855518528077 -2.5
      vertex -8.000658192304327 -81.56597049109374 -2.5
    endloop
  endfacet
  facet normal 0.6715589548470156 0.7409511253549618 0
    outer loop
      vertex -7.3185551852807675 -82.31855518528077 2.5
      vertex -6.56597049109373 -83.00065819230433 -2.5
      vertex -7.3185551852807675 -82.31855518528077 -2.5
    endloop
  endfacet
  facet normal 0.9039892931234429 -0.4275550934302832 0
    outer loop
      vertex -9.127885086005474 -70.12104377385093 2.5
      vertex -9.562153161491818 -71.03922647502132 -2.5
      vertex -9.127885086005474 -70.12104377385093 -2.5
    endloop
  endfacet
  facet normal 0.8577286100002728 -0.5141027441932206 0
    outer loop
      vertex -8.605710487331343 -69.24984808824712 2.5
      vertex -9.127885086005474 -70.12104377385093 -2.5
      vertex -8.605710487331343 -69.24984808824712 -2.5
    endloop
  endfacet
  facet normal 0.8032075314806474 -0.59569930449243 0
    outer loop
      vertex -8.000658192304327 -68.43402950890626 2.5
      vertex -8.605710487331343 -69.24984808824712 -2.5
      vertex -8.000658192304327 -68.43402950890626 -2.5
    endloop
  endfacet
  facet normal 0.7409511253549595 -0.6715589548470178 0
    outer loop
      vertex -7.3185551852807675 -67.68144481471923 2.5
      vertex -8.000658192304327 -68.43402950890626 -2.5
      vertex -7.3185551852807675 -67.68144481471923 -2.5
    endloop
  endfacet
  facet normal 0.6715589548470156 -0.7409511253549618 0
    outer loop
      vertex -6.56597049109373 -66.99934180769567 2.5
      vertex -7.3185551852807675 -67.68144481471923 -2.5
      vertex -6.56597049109373 -66.99934180769567 -2.5
    endloop
  endfacet
  facet normal 0.5956993044924376 -0.8032075314806417 0
    outer loop
      vertex -5.750151911752883 -66.39428951266865 2.5
      vertex -6.56597049109373 -66.99934180769567 -2.5
      vertex -5.750151911752883 -66.39428951266865 -2.5
    endloop
  endfacet
  facet normal 0.5141027441932183 -0.8577286100002742 0
    outer loop
      vertex -4.878956226149075 -65.87211491399452 2.5
      vertex -5.750151911752883 -66.39428951266865 -2.5
      vertex -4.878956226149075 -65.87211491399452 -2.5
    endloop
  endfacet
  facet normal 0.4275550934302826 -0.903989293123443 0
    outer loop
      vertex -3.9607735249786793 -65.43784683850818 2.5
      vertex -4.878956226149075 -65.87211491399452 -2.5
      vertex -3.9607735249786793 -65.43784683850818 -2.5
    endloop
  endfacet
  facet normal 0.33688985339222 -0.9415440651830208 0
    outer loop
      vertex -3.004446409583685 -65.09566752517163 2.5
      vertex -3.9607735249786793 -65.43784683850818 -2.5
      vertex -3.004446409583685 -65.09566752517163 -2.5
    endloop
  endfacet
  facet normal 0.24298017990325496 -0.9700312531945462 0
    outer loop
      vertex -2.0191848328669275 -64.84887234782657 2.5
      vertex -3.004446409583685 -65.09566752517163 -2.5
      vertex -2.0191848328669275 -64.84887234782657 -2.5
    endloop
  endfacet
  facet normal 0.14673047445536863 -0.98917650996478 0
    outer loop
      vertex -1.0144774024109522 -64.69983807894276 2.5
      vertex -2.0191848328669275 -64.84887234782657 -2.5
      vertex -1.0144774024109522 -64.69983807894276 -2.5
    endloop
  endfacet
  facet normal 0.04906767432741162 -0.9987954562051726 0
    outer loop
      vertex -1.0144774024109522 -64.69983807894276 -2.5
      vertex 0 -64.65 -2.5
      vertex 0 -64.65 2.5
    endloop
  endfacet
  facet normal 0 0 -1
    outer loop
      vertex -31.5545933397515 -27.035605903530758 -2.5
      vertex -32.32612294492524 -26.759548196636057 -2.5
      vertex -24.270509831248425 -17.633557568774194 -2.5
    endloop
  endfacet
  facet normal 0 0 -1
    outer loop
      vertex -30.81383724750292 -27.385957442691236 -2.5
      vertex -31.5545933397515 -27.035605903530758 -2.5
      vertex -24.270509831248425 -17.633557568774194 -2.5
    endloop
  endfacet
  facet normal 0 0 -1
    outer loop
      vertex -27.035605903530758 -37.9454066602485 -2.5
      vertex -3.9607735249786793 -65.43784683850818 -2.5
      vertex -27.385957442691236 -38.68616275249708 -2.5
    endloop
  endfacet
  facet normal 0 0 -1
    outer loop
      vertex -26.759548196636057 -37.17387705507476 -2.5
      vertex -3.004446409583685 -65.09566752517163 -2.5
      vertex -27.035605903530758 -37.9454066602485 -2.5
    endloop
  endfacet
  facet normal 0 0 -1
    outer loop
      vertex -17.633557568774194 -24.270509831248425 -2.5
      vertex -26.56044290863303 -33.12099581116533 -2.5
      vertex -26.759548196636057 -32.32612294492524 -2.5
    endloop
  endfacet
  facet normal 0 0 -1
    outer loop
      vertex -28.845658377092327 -28.845658377092327 -2.5
      vertex -20.536413177860656 -21.86905882264235 -2.5
      vertex -28.295362714421145 -29.45281607723356 -2.5
    endloop
  endfacet
  facet normal 0 0 -1
    outer loop
      vertex -30.110988554286322 -27.807228737273746 -2.5
      vertex -30.81383724750292 -27.385957442691236 -2.5
      vertex -23.11539728327368 -19.122719692460688 -2.5
    endloop
  endfacet
  facet normal 0 0 -1
    outer loop
      vertex -29.45281607723356 -28.295362714421145 -2.5
      vertex -30.110988554286322 -27.807228737273746 -2.5
      vertex -23.11539728327368 -19.122719692460688 -2.5
    endloop
  endfacet
  facet normal 0 0 -1
    outer loop
      vertex -29.45281607723356 -28.295362714421145 -2.5
      vertex -21.86905882264235 -20.536413177860656 -2.5
      vertex -28.845658377092327 -28.845658377092327 -2.5
    endloop
  endfacet
  facet normal 0 0 -1
    outer loop
      vertex -28.295362714421145 -29.45281607723356 -2.5
      vertex -19.122719692460688 -23.11539728327368 -2.5
      vertex -27.807228737273746 -30.110988554286322 -2.5
    endloop
  endfacet
  facet normal 0 0 -1
    outer loop
      vertex -27.807228737273746 -30.110988554286322 -2.5
      vertex -17.633557568774194 -24.270509831248425 -2.5
      vertex -27.385957442691236 -30.81383724750292 -2.5
    endloop
  endfacet
  facet normal 0 0 -1
    outer loop
      vertex -17.633557568774194 -24.270509831248425 -2.5
      vertex -26.759548196636057 -32.32612294492524 -2.5
      vertex -27.035605903530758 -31.5545933397515 -2.5
    endloop
  endfacet
  facet normal 0 0 -1
    outer loop
      vertex -17.633557568774194 -24.270509831248425 -2.5
      vertex -27.035605903530758 -31.5545933397515 -2.5
      vertex -27.385957442691236 -30.81383724750292 -2.5
    endloop
  endfacet
  facet normal 0 0 -1
    outer loop
      vertex -20.536413177860656 -21.86905882264235 -2.5
      vertex -28.845658377092327 -28.845658377092327 -2.5
      vertex -21.86905882264235 -20.536413177860656 -2.5
    endloop
  endfacet
  facet normal 0 0 -1
    outer loop
      vertex -26.56044290863303 -33.12099581116533 -2.5
      vertex -14.452610223051462 -26.289200401315902 -2.5
      vertex -26.440207532287154 -33.931556878248166 -2.5
    endloop
  endfacet
  facet normal 0 0 -1
    outer loop
      vertex -26.440207532287154 -33.931556878248166 -2.5
      vertex -12.773378746952172 -27.144811573980586 -2.5
      vertex -26.4 -34.75 -2.5
    endloop
  endfacet
  facet normal 0 0 -1
    outer loop
      vertex -28.295362714421145 -29.45281607723356 -2.5
      vertex -20.536413177860656 -21.86905882264235 -2.5
      vertex -19.122719692460688 -23.11539728327368 -2.5
    endloop
  endfacet
  facet normal 0 0 -1
    outer loop
      vertex -27.807228737273746 -30.110988554286322 -2.5
      vertex -19.122719692460688 -23.11539728327368 -2.5
      vertex -17.633557568774194 -24.270509831248425 -2.5
    endloop
  endfacet
  facet normal 0 0 -1
    outer loop
      vertex -26.56044290863303 -33.12099581116533 -2.5
      vertex -17.633557568774194 -24.270509831248425 -2.5
      vertex -16.074803849369903 -25.32983776506045 -2.5
    endloop
  endfacet
  facet normal 0 0 -1
    outer loop
      vertex -26.56044290863303 -33.12099581116533 -2.5
      vertex -16.074803849369903 -25.32983776506045 -2.5
      vertex -14.452610223051462 -26.289200401315902 -2.5
    endloop
  endfacet
  facet normal 0 0 -1
    outer loop
      vertex -40.047183922766436 -28.295362714421145 -2.5
      vertex -40.65434162290767 -28.845658377092327 -2.5
      vertex -29.940801852848146 -1.8837155858793984 -2.5
    endloop
  endfacet
  facet normal 0 0 -1
    outer loop
      vertex -39.38901144571368 -27.807228737273746 -2.5
      vertex -40.047183922766436 -28.295362714421145 -2.5
      vertex -29.763441039434337 -3.759997006929122 -2.5
    endloop
  endfacet
  facet normal 0 0 -1
    outer loop
      vertex -38.68616275249708 -27.385957442691236 -2.5
      vertex -39.38901144571368 -27.807228737273746 -2.5
      vertex -29.468617521860658 -5.621439437571745 -2.5
    endloop
  endfacet
  facet normal 0 0 -1
    outer loop
      vertex -37.9454066602485 -27.035605903530758 -2.5
      vertex -38.68616275249708 -27.385957442691236 -2.5
      vertex -29.057494833858932 -7.460696614945645 -2.5
    endloop
  endfacet
  facet normal 0 0 -1
    outer loop
      vertex -37.17387705507476 -26.759548196636057 -2.5
      vertex -37.9454066602485 -27.035605903530758 -2.5
      vertex -28.531695488854606 -9.270509831248422 -2.5
    endloop
  endfacet
  facet normal 0 0 -1
    outer loop
      vertex -36.37900418883467 -26.56044290863303 -2.5
      vertex -37.17387705507476 -26.759548196636057 -2.5
      vertex -27.893294576647545 -11.043736580540337 -2.5
    endloop
  endfacet
  facet normal 0 0 -1
    outer loop
      vertex -35.568443121751834 -26.440207532287154 -2.5
      vertex -36.37900418883467 -26.56044290863303 -2.5
      vertex -27.893294576647545 -11.043736580540337 -2.5
    endloop
  endfacet
  facet normal 0 0 -1
    outer loop
      vertex -39.38901144571368 -27.807228737273746 -2.5
      vertex -29.763441039434337 -3.759997006929122 -2.5
      vertex -29.468617521860658 -5.621439437571745 -2.5
    endloop
  endfacet
  facet normal 0 0 -1
    outer loop
      vertex -33.931556878248166 -26.440207532287154 -2.5
      vertex -34.75 -26.4 -2.5
      vertex -26.289200401315902 -14.452610223051462 -2.5
    endloop
  endfacet
  facet normal 0 0 -1
    outer loop
      vertex -34.75 -26.4 -2.5
      vertex -35.568443121751834 -26.440207532287154 -2.5
      vertex -27.144811573980586 -12.773378746952172 -2.5
    endloop
  endfacet
  facet normal 0 0 -1
    outer loop
      vertex -33.12099581116533 -26.56044290863303 -2.5
      vertex -33.931556878248166 -26.440207532287154 -2.5
      vertex -26.289200401315902 -14.452610223051462 -2.5
    endloop
  endfacet
  facet normal 0 0 -1
    outer loop
      vertex -32.32612294492524 -26.759548196636057 -2.5
      vertex -33.12099581116533 -26.56044290863303 -2.5
      vertex -25.32983776506045 -16.074803849369903 -2.5
    endloop
  endfacet
  facet normal 0 0 -1
    outer loop
      vertex -34.75 -26.4 -2.5
      vertex -27.144811573980586 -12.773378746952172 -2.5
      vertex -26.289200401315902 -14.452610223051462 -2.5
    endloop
  endfacet
  facet normal 0 0 -1
    outer loop
      vertex -33.12099581116533 -26.56044290863303 -2.5
      vertex -26.289200401315902 -14.452610223051462 -2.5
      vertex -25.32983776506045 -16.074803849369903 -2.5
    endloop
  endfacet
  facet normal 0 0 -1
    outer loop
      vertex -27.893294576647545 -11.043736580540337 -2.5
      vertex -37.17387705507476 -26.759548196636057 -2.5
      vertex -28.531695488854606 -9.270509831248422 -2.5
    endloop
  endfacet
  facet normal 0 0 -1
    outer loop
      vertex -38.68616275249708 -27.385957442691236 -2.5
      vertex -29.468617521860658 -5.621439437571745 -2.5
      vertex -29.057494833858932 -7.460696614945645 -2.5
    endloop
  endfacet
  facet normal 0 0 -1
    outer loop
      vertex -37.9454066602485 -27.035605903530758 -2.5
      vertex -29.057494833858932 -7.460696614945645 -2.5
      vertex -28.531695488854606 -9.270509831248422 -2.5
    endloop
  endfacet
  facet normal 0 0 -1
    outer loop
      vertex -35.568443121751834 -26.440207532287154 -2.5
      vertex -27.893294576647545 -11.043736580540337 -2.5
      vertex -27.144811573980586 -12.773378746952172 -2.5
    endloop
  endfacet
  facet normal 0 0 -1
    outer loop
      vertex -40.047183922766436 -28.295362714421145 -2.5
      vertex -29.940801852848146 -1.8837155858793984 -2.5
      vertex -29.763441039434337 -3.759997006929122 -2.5
    endloop
  endfacet
  facet normal 0 0 -1
    outer loop
      vertex -40.65434162290767 -28.845658377092327 -2.5
      vertex -41.204637285578855 29.45281607723356 -2.5
      vertex -29.940801852848146 -1.8837155858793984 -2.5
    endloop
  endfacet
  facet normal 0 0 -1
    outer loop
      vertex -30.81383724750292 -27.385957442691236 -2.5
      vertex -24.270509831248425 -17.633557568774194 -2.5
      vertex -23.11539728327368 -19.122719692460688 -2.5
    endloop
  endfacet
  facet normal 0 0 -1
    outer loop
      vertex -32.32612294492524 -26.759548196636057 -2.5
      vertex -25.32983776506045 -16.074803849369903 -2.5
      vertex -24.270509831248425 -17.633557568774194 -2.5
    endloop
  endfacet
  facet normal 0 0 -1
    outer loop
      vertex -29.45281607723356 -28.295362714421145 -2.5
      vertex -23.11539728327368 -19.122719692460688 -2.5
      vertex -21.86905882264235 -20.536413177860656 -2.5
    endloop
  endfacet
  facet normal 0 0 -1
    outer loop
      vertex -26.56044290863303 -36.37900418883467 -2.5
      vertex -2.0191848328669275 -64.84887234782657 -2.5
      vertex -26.759548196636057 -37.17387705507476 -2.5
    endloop
  endfacet
  facet normal 0 0 -1
    outer loop
      vertex -1.0144774024109522 -64.69983807894276 -2.5
      vertex -26.56044290863303 -36.37900418883467 -2.5
      vertex -26.440207532287154 -35.568443121751834 -2.5
    endloop
  endfacet
  facet normal 0 0 -1
    outer loop
      vertex -26.4 -34.75 -2.5
      vertex 0 -64.65 -2.5
      vertex -26.440207532287154 -35.568443121751834 -2.5
    endloop
  endfacet
  facet normal 0 0 -1
    outer loop
      vertex -12.773378746952172 -27.144811573980586 -2.5
      vertex -11.043736580540337 -27.893294576647545 -2.5
      vertex -26.4 -34.75 -2.5
    endloop
  endfacet
  facet normal 0 0 -1
    outer loop
      vertex -11.043736580540337 -27.893294576647545 -2.5
      vertex -9.270509831248422 -28.531695488854606 -2.5
      vertex -26.4 -34.75 -2.5
    endloop
  endfacet
  facet normal 0 0 -1
    outer loop
      vertex -9.270509831248422 -28.531695488854606 -2.5
      vertex -7.460696614945645 -29.057494833858932 -2.5
      vertex -26.4 -34.75 -2.5
    endloop
  endfacet
  facet normal 0 0 -1
    outer loop
      vertex -26.440207532287154 -33.931556878248166 -2.5
      vertex -14.452610223051462 -26.289200401315902 -2.5
      vertex -12.773378746952172 -27.144811573980586 -2.5
    endloop
  endfacet
  facet normal 0 0 -1
    outer loop
      vertex -7.460696614945645 -29.057494833858932 -2.5
      vertex -5.621439437571745 -29.468617521860658 -2.5
      vertex -26.4 -34.75 -2.5
    endloop
  endfacet
  facet normal 0 0 -1
    outer loop
      vertex -5.621439437571745 -29.468617521860658 -2.5
      vertex -3.759997006929122 -29.763441039434337 -2.5
      vertex -26.4 -34.75 -2.5
    endloop
  endfacet
  facet normal 0 0 -1
    outer loop
      vertex -3.759997006929122 -29.763441039434337 -2.5
      vertex 26.4 -34.75 -2.5
      vertex -26.4 -34.75 -2.5
    endloop
  endfacet
  facet normal 0.24298017990325782 0.9700312531945453 0
    outer loop
      vertex -37.17387705507476 -42.740451803363946 2.5
      vertex -36.37900418883467 -42.93955709136697 -2.5
      vertex -37.17387705507476 -42.740451803363946 -2.5
    endloop
  endfacet
  facet normal 0.04906767432741706 0.9987954562051725 0
    outer loop
      vertex -35.568443121751834 -43.059792467712846 2.5
      vertex -34.75 -43.1 -2.5
      vertex -35.568443121751834 -43.059792467712846 -2.5
    endloop
  endfacet
  facet normal 0.14673047445536802 0.98917650996478 0
    outer loop
      vertex -36.37900418883467 -42.93955709136697 2.5
      vertex -35.568443121751834 -43.059792467712846 -2.5
      vertex -36.37900418883467 -42.93955709136697 -2.5
    endloop
  endfacet
  facet normal -0.04906767432741706 0.9987954562051725 0
    outer loop
      vertex -34.75 -43.1 2.5
      vertex -33.931556878248166 -43.059792467712846 -2.5
      vertex -34.75 -43.1 -2.5
    endloop
  endfacet
  facet normal -0.14673047445536802 0.98917650996478 0
    outer loop
      vertex -33.931556878248166 -43.059792467712846 2.5
      vertex -33.12099581116533 -42.93955709136697 -2.5
      vertex -33.931556878248166 -43.059792467712846 -2.5
    endloop
  endfacet
  facet normal -0.24298017990325782 0.9700312531945453 0
    outer loop
      vertex -33.12099581116533 -42.93955709136697 2.5
      vertex -32.32612294492524 -42.740451803363946 -2.5
      vertex -33.12099581116533 -42.93955709136697 -2.5
    endloop
  endfacet
  facet normal -0.33688985339222477 0.941544065183019 0
    outer loop
      vertex -32.32612294492524 -42.740451803363946 2.5
      vertex -31.5545933397515 -42.46439409646924 -2.5
      vertex -32.32612294492524 -42.740451803363946 -2.5
    endloop
  endfacet
  facet normal -0.4275550934302815 0.9039892931234437 0
    outer loop
      vertex -31.5545933397515 -42.46439409646924 2.5
      vertex -30.81383724750292 -42.114042557308764 -2.5
      vertex -31.5545933397515 -42.46439409646924 -2.5
    endloop
  endfacet
  facet normal -0.5141027441932204 0.8577286100002729 0
    outer loop
      vertex -30.81383724750292 -42.114042557308764 2.5
      vertex -30.110988554286322 -41.692771262726254 -2.5
      vertex -30.81383724750292 -42.114042557308764 -2.5
    endloop
  endfacet
  facet normal -0.5956993044924327 0.8032075314806454 0
    outer loop
      vertex -30.110988554286322 -41.692771262726254 2.5
      vertex -29.45281607723356 -41.204637285578855 -2.5
      vertex -30.110988554286322 -41.692771262726254 -2.5
    endloop
  endfacet
  facet normal -0.6715589548470181 0.7409511253549595 0
    outer loop
      vertex -29.45281607723356 -41.204637285578855 2.5
      vertex -28.845658377092327 -40.65434162290767 -2.5
      vertex -29.45281607723356 -41.204637285578855 -2.5
    endloop
  endfacet
  facet normal -0.7409511253549614 0.6715589548470159 0
    outer loop
      vertex -28.845658377092327 -40.65434162290767 -2.5
      vertex -28.845658377092327 -40.65434162290767 2.5
      vertex -28.295362714421145 -40.047183922766436 -2.5
    endloop
  endfacet
  facet normal -0.8032075314806438 0.5956993044924348 0
    outer loop
      vertex -28.295362714421145 -40.047183922766436 2.5
      vertex -27.807228737273746 -39.38901144571368 -2.5
      vertex -28.295362714421145 -40.047183922766436 -2.5
    endloop
  endfacet
  facet normal 0.33688985339222094 -0.9415440651830204 0
    outer loop
      vertex -37.17387705507476 -26.759548196636057 2.5
      vertex -37.9454066602485 -27.035605903530758 -2.5
      vertex -37.17387705507476 -26.759548196636057 -2.5
    endloop
  endfacet
  facet normal 0.24298017990326193 -0.9700312531945445 0
    outer loop
      vertex -36.37900418883467 -26.56044290863303 2.5
      vertex -37.17387705507476 -26.759548196636057 -2.5
      vertex -36.37900418883467 -26.56044290863303 -2.5
    endloop
  endfacet
  facet normal 0.14673047445536802 -0.98917650996478 0
    outer loop
      vertex -35.568443121751834 -26.440207532287154 2.5
      vertex -36.37900418883467 -26.56044290863303 -2.5
      vertex -35.568443121751834 -26.440207532287154 -2.5
    endloop
  endfacet
  facet normal 0.04906767432741706 -0.9987954562051725 0
    outer loop
      vertex -34.75 -26.4 2.5
      vertex -35.568443121751834 -26.440207532287154 -2.5
      vertex -34.75 -26.4 -2.5
    endloop
  endfacet
  facet normal -0.04906767432741706 -0.9987954562051725 0
    outer loop
      vertex -33.931556878248166 -26.440207532287154 2.5
      vertex -34.75 -26.4 -2.5
      vertex -33.931556878248166 -26.440207532287154 -2.5
    endloop
  endfacet
  facet normal -0.14673047445536802 -0.98917650996478 0
    outer loop
      vertex -33.12099581116533 -26.56044290863303 2.5
      vertex -33.931556878248166 -26.440207532287154 -2.5
      vertex -33.12099581116533 -26.56044290863303 -2.5
    endloop
  endfacet
  facet normal -0.33688985339222094 -0.9415440651830204 0
    outer loop
      vertex -31.5545933397515 -27.035605903530758 2.5
      vertex -32.32612294492524 -26.759548196636057 -2.5
      vertex -31.5545933397515 -27.035605903530758 -2.5
    endloop
  endfacet
  facet normal -0.4275550934302815 -0.9039892931234437 0
    outer loop
      vertex -30.81383724750292 -27.385957442691236 2.5
      vertex -31.5545933397515 -27.035605903530758 -2.5
      vertex -30.81383724750292 -27.385957442691236 -2.5
    endloop
  endfacet
  facet normal -0.24298017990326193 -0.9700312531945445 0
    outer loop
      vertex -32.32612294492524 -26.759548196636057 2.5
      vertex -33.12099581116533 -26.56044290863303 -2.5
      vertex -32.32612294492524 -26.759548196636057 -2.5
    endloop
  endfacet
  facet normal -0.5141027441932204 -0.8577286100002729 0
    outer loop
      vertex -30.110988554286322 -27.807228737273746 2.5
      vertex -30.81383724750292 -27.385957442691236 -2.5
      vertex -30.110988554286322 -27.807228737273746 -2.5
    endloop
  endfacet
  facet normal -0.5956993044924327 -0.8032075314806454 0
    outer loop
      vertex -29.45281607723356 -28.295362714421145 2.5
      vertex -30.110988554286322 -27.807228737273746 -2.5
      vertex -29.45281607723356 -28.295362714421145 -2.5
    endloop
  endfacet
  facet normal -0.6715589548470181 -0.7409511253549595 0
    outer loop
      vertex -29.45281607723356 -28.295362714421145 -2.5
      vertex -28.845658377092327 -28.845658377092327 -2.5
      vertex -28.845658377092327 -28.845658377092327 2.5
    endloop
  endfacet
  facet normal -0.7409511253549595 -0.6715589548470181 0
    outer loop
      vertex -28.295362714421145 -29.45281607723356 2.5
      vertex -28.845658377092327 -28.845658377092327 -2.5
      vertex -28.295362714421145 -29.45281607723356 -2.5
    endloop
  endfacet
  facet normal -0.8577286100002717 0.5141027441932223 0
    outer loop
      vertex -27.807228737273746 -39.38901144571368 2.5
      vertex -27.385957442691236 -38.68616275249708 -2.5
      vertex -27.807228737273746 -39.38901144571368 -2.5
    endloop
  endfacet
  facet normal -0.9039892931234444 0.4275550934302798 0
    outer loop
      vertex -27.385957442691236 -38.68616275249708 2.5
      vertex -27.035605903530758 -37.9454066602485 -2.5
      vertex -27.385957442691236 -38.68616275249708 -2.5
    endloop
  endfacet
  facet normal -0.9415440651830204 0.33688985339222094 0
    outer loop
      vertex -27.035605903530758 -37.9454066602485 2.5
      vertex -26.759548196636057 -37.17387705507476 -2.5
      vertex -27.035605903530758 -37.9454066602485 -2.5
    endloop
  endfacet
  facet normal -0.9700312531945445 0.24298017990326193 0
    outer loop
      vertex -26.759548196636057 -37.17387705507476 2.5
      vertex -26.56044290863303 -36.37900418883467 -2.5
      vertex -26.759548196636057 -37.17387705507476 -2.5
    endloop
  endfacet
  facet normal -0.98917650996478 0.14673047445536802 0
    outer loop
      vertex -26.56044290863303 -36.37900418883467 2.5
      vertex -26.440207532287154 -35.568443121751834 -2.5
      vertex -26.56044290863303 -36.37900418883467 -2.5
    endloop
  endfacet
  facet normal -0.9987954562051725 0.04906767432741706 0
    outer loop
      vertex -26.440207532287154 -35.568443121751834 2.5
      vertex -26.4 -34.75 -2.5
      vertex -26.440207532287154 -35.568443121751834 -2.5
    endloop
  endfacet
  facet normal -0.9987954562051725 -0.04906767432741706 0
    outer loop
      vertex -26.4 -34.75 2.5
      vertex -26.440207532287154 -33.931556878248166 -2.5
      vertex -26.4 -34.75 -2.5
    endloop
  endfacet
  facet normal -0.98917650996478 -0.14673047445536802 0
    outer loop
      vertex -26.56044290863303 -33.12099581116533 -2.5
      vertex -26.440207532287154 -33.931556878248166 -2.5
      vertex -26.440207532287154 -33.931556878248166 2.5
    endloop
  endfacet
  facet normal -0.9700312531945445 -0.24298017990326193 0
    outer loop
      vertex -26.56044290863303 -33.12099581116533 2.5
      vertex -26.759548196636057 -32.32612294492524 -2.5
      vertex -26.56044290863303 -33.12099581116533 -2.5
    endloop
  endfacet
  facet normal -0.9039892931234437 -0.4275550934302815 0
    outer loop
      vertex -27.035605903530758 -31.5545933397515 2.5
      vertex -27.385957442691236 -30.81383724750292 -2.5
      vertex -27.035605903530758 -31.5545933397515 -2.5
    endloop
  endfacet
  facet normal -0.8032075314806454 -0.5956993044924327 0
    outer loop
      vertex -27.807228737273746 -30.110988554286322 2.5
      vertex -28.295362714421145 -29.45281607723356 -2.5
      vertex -27.807228737273746 -30.110988554286322 -2.5
    endloop
  endfacet
  facet normal -0.8577286100002729 -0.5141027441932204 0
    outer loop
      vertex -27.385957442691236 -30.81383724750292 2.5
      vertex -27.807228737273746 -30.110988554286322 -2.5
      vertex -27.385957442691236 -30.81383724750292 -2.5
    endloop
  endfacet
  facet normal -0.9415440651830204 -0.33688985339222094 0
    outer loop
      vertex -26.759548196636057 -32.32612294492524 2.5
      vertex -27.035605903530758 -31.5545933397515 -2.5
      vertex -26.759548196636057 -32.32612294492524 -2.5
    endloop
  endfacet
  facet normal 0.9408807689542261 0.3387379202452896 0
    outer loop
      vertex -28.531695488854606 -9.270509831248422 2.5
      vertex -27.893294576647545 -11.043736580540337 -2.5
      vertex -28.531695488854606 -9.270509831248422 -2.5
    endloop
  endfacet
  facet normal 0.9759167619387474 0.2181432413965424 0
    outer loop
      vertex -29.468617521860658 -5.621439437571745 2.5
      vertex -29.057494833858932 -7.460696614945645 -2.5
      vertex -29.468617521860658 -5.621439437571745 -2.5
    endloop
  endfacet
  facet normal 0.9602936856769431 0.27899110603922966 0
    outer loop
      vertex -29.057494833858932 -7.460696614945645 2.5
      vertex -28.531695488854606 -9.270509831248422 -2.5
      vertex -29.057494833858932 -7.460696614945645 -2.5
    endloop
  endfacet
  facet normal 0.9876883405951374 0.1564344650402323 0
    outer loop
      vertex -29.763441039434337 -3.759997006929122 2.5
      vertex -29.468617521860658 -5.621439437571745 -2.5
      vertex -29.763441039434337 -3.759997006929122 -2.5
    endloop
  endfacet
  facet normal 0.9955619646030802 0.0941083133185131 0
    outer loop
      vertex -29.940801852848146 -1.8837155858793984 2.5
      vertex -29.763441039434337 -3.759997006929122 -2.5
      vertex -29.940801852848146 -1.8837155858793984 -2.5
    endloop
  endfacet
  facet normal 0.9995065603657315 0.031410759078128625 0
    outer loop
      vertex -30 0 2.5
      vertex -29.940801852848146 -1.8837155858793984 -2.5
      vertex -30 0 -2.5
    endloop
  endfacet
  facet normal 0.7901550123756899 0.6129070536529773 0
    outer loop
      vertex -24.270509831248425 -17.633557568774194 2.5
      vertex -23.11539728327368 -19.122719692460688 -2.5
      vertex -24.270509831248425 -17.633557568774194 -2.5
    endloop
  endfacet
  facet normal 0.8607420270039445 0.5090414157503699 0
    outer loop
      vertex -26.289200401315902 -14.452610223051462 2.5
      vertex -25.32983776506045 -16.074803849369903 -2.5
      vertex -26.289200401315902 -14.452610223051462 -2.5
    endloop
  endfacet
  facet normal 0.8910065241883678 0.4539904997395469 0
    outer loop
      vertex -27.144811573980586 -12.773378746952172 2.5
      vertex -26.289200401315902 -14.452610223051462 -2.5
      vertex -27.144811573980586 -12.773378746952172 -2.5
    endloop
  endfacet
  facet normal 0.8270805742745622 0.5620833778521301 0
    outer loop
      vertex -25.32983776506045 -16.074803849369903 2.5
      vertex -24.270509831248425 -17.633557568774194 -2.5
      vertex -25.32983776506045 -16.074803849369903 -2.5
    endloop
  endfacet
  facet normal 0.7071067811865476 0.7071067811865476 0
    outer loop
      vertex -21.86905882264235 -20.536413177860656 2.5
      vertex -20.536413177860656 -21.86905882264235 -2.5
      vertex -21.86905882264235 -20.536413177860656 -2.5
    endloop
  endfacet
  facet normal 0.7501110696304601 0.6613118653236515 0
    outer loop
      vertex -23.11539728327368 -19.122719692460688 2.5
      vertex -21.86905882264235 -20.536413177860656 -2.5
      vertex -23.11539728327368 -19.122719692460688 -2.5
    endloop
  endfacet
  facet normal 0.6613118653236515 0.7501110696304601 0
    outer loop
      vertex -20.536413177860656 -21.86905882264235 2.5
      vertex -19.122719692460688 -23.11539728327368 -2.5
      vertex -20.536413177860656 -21.86905882264235 -2.5
    endloop
  endfacet
  facet normal 0.9177546256839803 0.39714789063478256 0
    outer loop
      vertex -27.893294576647545 -11.043736580540337 2.5
      vertex -27.144811573980586 -12.773378746952172 -2.5
      vertex -27.893294576647545 -11.043736580540337 -2.5
    endloop
  endfacet
  facet normal 0.5620833778521301 0.8270805742745622 0
    outer loop
      vertex -17.633557568774194 -24.270509831248425 2.5
      vertex -16.074803849369903 -25.32983776506045 -2.5
      vertex -17.633557568774194 -24.270509831248425 -2.5
    endloop
  endfacet
  facet normal 0.5090414157503699 0.8607420270039445 0
    outer loop
      vertex -16.074803849369903 -25.32983776506045 2.5
      vertex -14.452610223051462 -26.289200401315902 -2.5
      vertex -16.074803849369903 -25.32983776506045 -2.5
    endloop
  endfacet
  facet normal 0.39714789063478256 0.9177546256839803 0
    outer loop
      vertex -12.773378746952172 -27.144811573980586 2.5
      vertex -11.043736580540337 -27.893294576647545 -2.5
      vertex -12.773378746952172 -27.144811573980586 -2.5
    endloop
  endfacet
  facet normal 0.4539904997395469 0.8910065241883678 0
    outer loop
      vertex -14.452610223051462 -26.289200401315902 2.5
      vertex -12.773378746952172 -27.144811573980586 -2.5
      vertex -14.452610223051462 -26.289200401315902 -2.5
    endloop
  endfacet
  facet normal 0.3387379202452896 0.9408807689542261 0
    outer loop
      vertex -11.043736580540337 -27.893294576647545 2.5
      vertex -9.270509831248422 -28.531695488854606 -2.5
      vertex -11.043736580540337 -27.893294576647545 -2.5
    endloop
  endfacet
  facet normal 0.27899110603922966 0.9602936856769431 0
    outer loop
      vertex -9.270509831248422 -28.531695488854606 2.5
      vertex -7.460696614945645 -29.057494833858932 -2.5
      vertex -9.270509831248422 -28.531695488854606 -2.5
    endloop
  endfacet
  facet normal 0.2181432413965424 0.9759167619387474 0
    outer loop
      vertex -7.460696614945645 -29.057494833858932 2.5
      vertex -5.621439437571745 -29.468617521860658 -2.5
      vertex -7.460696614945645 -29.057494833858932 -2.5
    endloop
  endfacet
  facet normal 0.1564344650402323 0.9876883405951374 0
    outer loop
      vertex -5.621439437571745 -29.468617521860658 2.5
      vertex -3.759997006929122 -29.763441039434337 -2.5
      vertex -5.621439437571745 -29.468617521860658 -2.5
    endloop
  endfacet
  facet normal 0.09410831331851381 0.99556196460308 0
    outer loop
      vertex -3.759997006929122 -29.763441039434337 2.5
      vertex -1.8837155858794128 -29.940801852848146 -2.5
      vertex -3.759997006929122 -29.763441039434337 -2.5
    endloop
  endfacet
  facet normal 0.03141075907812839 0.9995065603657315 0
    outer loop
      vertex -1.8837155858794128 -29.940801852848146 2.5
      vertex 0 -30 -2.5
      vertex -1.8837155858794128 -29.940801852848146 -2.5
    endloop
  endfacet
  facet normal 0.6129070536529773 0.7901550123756899 0
    outer loop
      vertex -19.122719692460688 -23.11539728327368 2.5
      vertex -17.633557568774194 -24.270509831248425 -2.5
      vertex -19.122719692460688 -23.11539728327368 -2.5
    endloop
  endfacet
  facet normal 0.8577286100002713 0.5141027441932231 0
    outer loop
      vertex -59.12788508600548 -79.87895622614907 2.5
      vertex -58.60571048733134 -80.75015191175288 2.5
      vertex -58.60571048733134 -80.75015191175288 -2.5
    endloop
  endfacet
  facet normal 0.9700312531945443 0.2429801799032628 0
    outer loop
      vertex -60.151127652173436 -77.01918483286693 2.5
      vertex -59.904332474828365 -78.00444640958368 2.5
      vertex -59.904332474828365 -78.00444640958368 -2.5
    endloop
  endfacet
  facet normal 0.9039892931234429 0.4275550934302832 0
    outer loop
      vertex -59.56215316149182 -78.96077352497868 2.5
      vertex -59.12788508600548 -79.87895622614907 2.5
      vertex -59.12788508600548 -79.87895622614907 -2.5
    endloop
  endfacet
  facet normal 0.9415440651830211 0.3368898533922188 0
    outer loop
      vertex -59.904332474828365 -78.00444640958368 2.5
      vertex -59.56215316149182 -78.96077352497868 2.5
      vertex -59.56215316149182 -78.96077352497868 -2.5
    endloop
  endfacet
  facet normal 0.7409511253549574 0.6715589548470201 0
    outer loop
      vertex -58.00065819230433 -81.56597049109374 2.5
      vertex -57.318555185280765 -82.31855518528077 2.5
      vertex -57.318555185280765 -82.31855518528077 -2.5
    endloop
  endfacet
  facet normal 0.8032075314806482 0.5956993044924289 0
    outer loop
      vertex -58.60571048733134 -80.75015191175288 2.5
      vertex -58.00065819230433 -81.56597049109374 2.5
      vertex -58.00065819230433 -81.56597049109374 -2.5
    endloop
  endfacet
  facet normal 0.6715589548470163 0.7409511253549609 0
    outer loop
      vertex -56.56597049109373 -83.00065819230433 2.5
      vertex -56.56597049109373 -83.00065819230433 -2.5
      vertex -57.318555185280765 -82.31855518528077 2.5
    endloop
  endfacet
  facet normal 0.989176509964781 0.14673047445536114 0
    outer loop
      vertex -60.30016192105724 -76.01447740241095 2.5
      vertex -60.151127652173436 -77.01918483286693 2.5
      vertex -60.151127652173436 -77.01918483286693 -2.5
    endloop
  endfacet
  facet normal 0.9987954562051723 0.04906767432741886 0
    outer loop
      vertex -60.35 -75 2.5
      vertex -60.30016192105724 -76.01447740241095 2.5
      vertex -60.30016192105724 -76.01447740241095 -2.5
    endloop
  endfacet
  facet normal 0.9987954562051723 -0.04906767432741886 0
    outer loop
      vertex -60.30016192105724 -73.98552259758905 2.5
      vertex -60.35 -75 2.5
      vertex -60.35 -75 -2.5
    endloop
  endfacet
  facet normal 0.989176509964781 -0.14673047445536114 0
    outer loop
      vertex -60.151127652173436 -72.98081516713307 2.5
      vertex -60.30016192105724 -73.98552259758905 2.5
      vertex -60.30016192105724 -73.98552259758905 -2.5
    endloop
  endfacet
  facet normal 0.9700312531945443 -0.2429801799032628 0
    outer loop
      vertex -59.904332474828365 -71.99555359041632 2.5
      vertex -60.151127652173436 -72.98081516713307 2.5
      vertex -60.151127652173436 -72.98081516713307 -2.5
    endloop
  endfacet
  facet normal 0.9415440651830211 -0.3368898533922188 0
    outer loop
      vertex -59.56215316149182 -71.03922647502132 2.5
      vertex -59.904332474828365 -71.99555359041632 2.5
      vertex -59.904332474828365 -71.99555359041632 -2.5
    endloop
  endfacet
  facet normal 0.9039892931234429 -0.4275550934302832 0
    outer loop
      vertex -59.12788508600548 -70.12104377385093 2.5
      vertex -59.56215316149182 -71.03922647502132 2.5
      vertex -59.56215316149182 -71.03922647502132 -2.5
    endloop
  endfacet
  facet normal 0.8577286100002713 -0.5141027441932231 0
    outer loop
      vertex -58.60571048733134 -69.24984808824712 2.5
      vertex -59.12788508600548 -70.12104377385093 2.5
      vertex -59.12788508600548 -70.12104377385093 -2.5
    endloop
  endfacet
  facet normal 0.8032075314806482 -0.5956993044924289 0
    outer loop
      vertex -58.00065819230433 -68.43402950890626 2.5
      vertex -58.60571048733134 -69.24984808824712 2.5
      vertex -58.60571048733134 -69.24984808824712 -2.5
    endloop
  endfacet
  facet normal 0.7409511253549574 -0.6715589548470201 0
    outer loop
      vertex -57.318555185280765 -67.68144481471923 2.5
      vertex -58.00065819230433 -68.43402950890626 2.5
      vertex -58.00065819230433 -68.43402950890626 -2.5
    endloop
  endfacet
  facet normal 0.6715589548470163 -0.7409511253549609 0
    outer loop
      vertex -57.318555185280765 -67.68144481471923 2.5
      vertex -57.318555185280765 -67.68144481471923 -2.5
      vertex -56.56597049109373 -66.99934180769567 2.5
    endloop
  endfacet
  facet normal 0.5956993044924368 -0.8032075314806425 0
    outer loop
      vertex -56.56597049109373 -66.99934180769567 2.5
      vertex -56.56597049109373 -66.99934180769567 -2.5
      vertex -55.75015191175288 -66.39428951266865 2.5
    endloop
  endfacet
  facet normal 0.5956993044924368 0.8032075314806425 0
    outer loop
      vertex -55.75015191175288 -83.60571048733135 2.5
      vertex -55.75015191175288 -83.60571048733135 -2.5
      vertex -56.56597049109373 -83.00065819230433 2.5
    endloop
  endfacet
  facet normal 0.5141027441932179 0.8577286100002743 0
    outer loop
      vertex -54.87895622614907 -84.12788508600548 2.5
      vertex -54.87895622614907 -84.12788508600548 -2.5
      vertex -55.75015191175288 -83.60571048733135 2.5
    endloop
  endfacet
  facet normal 0.4275550934302832 0.9039892931234429 0
    outer loop
      vertex -53.96077352497868 -84.56215316149182 2.5
      vertex -53.96077352497868 -84.56215316149182 -2.5
      vertex -54.87895622614907 -84.12788508600548 2.5
    endloop
  endfacet
  facet normal 0.336889853392221 0.9415440651830205 0
    outer loop
      vertex -53.004446409583686 -84.90433247482837 2.5
      vertex -53.004446409583686 -84.90433247482837 -2.5
      vertex -53.96077352497868 -84.56215316149182 2.5
    endloop
  endfacet
  facet normal 0.24298017990325452 0.9700312531945463 0
    outer loop
      vertex -52.01918483286693 -85.15112765217343 2.5
      vertex -52.01918483286693 -85.15112765217343 -2.5
      vertex -53.004446409583686 -84.90433247482837 2.5
    endloop
  endfacet
  facet normal 0.146730474455369 0.9891765099647799 0
    outer loop
      vertex -51.014477402410954 -85.30016192105724 2.5
      vertex -51.014477402410954 -85.30016192105724 -2.5
      vertex -52.01918483286693 -85.15112765217343 2.5
    endloop
  endfacet
  facet normal 0.04906767432741154 0.9987954562051726 0
    outer loop
      vertex -50 -85.35 2.5
      vertex -50 -85.35 -2.5
      vertex -51.014477402410954 -85.30016192105724 2.5
    endloop
  endfacet
  facet normal -0.04906767432741154 0.9987954562051726 0
    outer loop
      vertex -48.985522597589046 -85.30016192105724 2.5
      vertex -48.985522597589046 -85.30016192105724 -2.5
      vertex -50 -85.35 2.5
    endloop
  endfacet
  facet normal -0.146730474455369 0.9891765099647799 0
    outer loop
      vertex -47.98081516713307 -85.15112765217343 2.5
      vertex -47.98081516713307 -85.15112765217343 -2.5
      vertex -48.985522597589046 -85.30016192105724 2.5
    endloop
  endfacet
  facet normal -0.24298017990325452 0.9700312531945463 0
    outer loop
      vertex -46.995553590416314 -84.90433247482837 2.5
      vertex -46.995553590416314 -84.90433247482837 -2.5
      vertex -47.98081516713307 -85.15112765217343 2.5
    endloop
  endfacet
  facet normal -0.336889853392221 0.9415440651830205 0
    outer loop
      vertex -46.03922647502132 -84.56215316149182 2.5
      vertex -46.03922647502132 -84.56215316149182 -2.5
      vertex -46.995553590416314 -84.90433247482837 2.5
    endloop
  endfacet
  facet normal -0.4275550934302832 0.9039892931234429 0
    outer loop
      vertex -45.12104377385093 -84.12788508600548 2.5
      vertex -45.12104377385093 -84.12788508600548 -2.5
      vertex -46.03922647502132 -84.56215316149182 2.5
    endloop
  endfacet
  facet normal -0.5141027441932179 0.8577286100002743 0
    outer loop
      vertex -44.24984808824712 -83.60571048733135 2.5
      vertex -44.24984808824712 -83.60571048733135 -2.5
      vertex -45.12104377385093 -84.12788508600548 2.5
    endloop
  endfacet
  facet normal -0.5956993044924368 0.8032075314806425 0
    outer loop
      vertex -43.43402950890627 -83.00065819230433 2.5
      vertex -43.43402950890627 -83.00065819230433 -2.5
      vertex -44.24984808824712 -83.60571048733135 2.5
    endloop
  endfacet
  facet normal -0.6715589548470163 0.7409511253549609 0
    outer loop
      vertex -42.681444814719235 -82.31855518528077 2.5
      vertex -42.681444814719235 -82.31855518528077 -2.5
      vertex -43.43402950890627 -83.00065819230433 2.5
    endloop
  endfacet
  facet normal -0.7409511253549574 0.6715589548470201 0
    outer loop
      vertex -42.681444814719235 -82.31855518528077 2.5
      vertex -41.99934180769567 -81.56597049109374 2.5
      vertex -41.99934180769567 -81.56597049109374 -2.5
    endloop
  endfacet
  facet normal -0.8032075314806482 0.5956993044924289 0
    outer loop
      vertex -41.99934180769567 -81.56597049109374 2.5
      vertex -41.39428951266866 -80.75015191175288 2.5
      vertex -41.39428951266866 -80.75015191175288 -2.5
    endloop
  endfacet
  facet normal -0.8577286100002713 0.5141027441932231 0
    outer loop
      vertex -41.39428951266866 -80.75015191175288 2.5
      vertex -40.87211491399452 -79.87895622614907 2.5
      vertex -40.87211491399452 -79.87895622614907 -2.5
    endloop
  endfacet
  facet normal -0.9039892931234429 0.4275550934302832 0
    outer loop
      vertex -40.87211491399452 -79.87895622614907 2.5
      vertex -40.43784683850818 -78.96077352497868 2.5
      vertex -40.43784683850818 -78.96077352497868 -2.5
    endloop
  endfacet
  facet normal -0.9415440651830211 0.3368898533922188 0
    outer loop
      vertex -40.43784683850818 -78.96077352497868 2.5
      vertex -40.095667525171635 -78.00444640958368 2.5
      vertex -40.095667525171635 -78.00444640958368 -2.5
    endloop
  endfacet
  facet normal -0.9700312531945443 0.2429801799032628 0
    outer loop
      vertex -40.095667525171635 -78.00444640958368 2.5
      vertex -39.848872347826564 -77.01918483286693 2.5
      vertex -39.848872347826564 -77.01918483286693 -2.5
    endloop
  endfacet
  facet normal -0.9700312531945443 -0.2429801799032628 0
    outer loop
      vertex -39.848872347826564 -72.98081516713307 2.5
      vertex -40.095667525171635 -71.99555359041632 2.5
      vertex -40.095667525171635 -71.99555359041632 -2.5
    endloop
  endfacet
  facet normal -0.9415440651830211 -0.3368898533922188 0
    outer loop
      vertex -40.095667525171635 -71.99555359041632 2.5
      vertex -40.43784683850818 -71.03922647502132 2.5
      vertex -40.43784683850818 -71.03922647502132 -2.5
    endloop
  endfacet
  facet normal -0.989176509964781 0.14673047445536114 0
    outer loop
      vertex -39.848872347826564 -77.01918483286693 2.5
      vertex -39.69983807894276 -76.01447740241095 2.5
      vertex -39.69983807894276 -76.01447740241095 -2.5
    endloop
  endfacet
  facet normal -0.9987954562051723 0.04906767432741886 0
    outer loop
      vertex -39.69983807894276 -76.01447740241095 2.5
      vertex -39.65 -75 2.5
      vertex -39.65 -75 -2.5
    endloop
  endfacet
  facet normal -0.9987954562051723 -0.04906767432741886 0
    outer loop
      vertex -39.65 -75 2.5
      vertex -39.69983807894276 -73.98552259758905 2.5
      vertex -39.69983807894276 -73.98552259758905 -2.5
    endloop
  endfacet
  facet normal -0.989176509964781 -0.14673047445536114 0
    outer loop
      vertex -39.69983807894276 -73.98552259758905 2.5
      vertex -39.848872347826564 -72.98081516713307 2.5
      vertex -39.848872347826564 -72.98081516713307 -2.5
    endloop
  endfacet
  facet normal 0.5141027441932179 -0.8577286100002743 0
    outer loop
      vertex -55.75015191175288 -66.39428951266865 2.5
      vertex -55.75015191175288 -66.39428951266865 -2.5
      vertex -54.87895622614907 -65.87211491399452 2.5
    endloop
  endfacet
  facet normal 0.4275550934302832 -0.9039892931234429 0
    outer loop
      vertex -54.87895622614907 -65.87211491399452 2.5
      vertex -54.87895622614907 -65.87211491399452 -2.5
      vertex -53.96077352497868 -65.43784683850818 2.5
    endloop
  endfacet
  facet normal 0.336889853392221 -0.9415440651830205 0
    outer loop
      vertex -53.96077352497868 -65.43784683850818 2.5
      vertex -53.96077352497868 -65.43784683850818 -2.5
      vertex -53.004446409583686 -65.09566752517163 2.5
    endloop
  endfacet
  facet normal 0.24298017990325452 -0.9700312531945463 0
    outer loop
      vertex -53.004446409583686 -65.09566752517163 2.5
      vertex -53.004446409583686 -65.09566752517163 -2.5
      vertex -52.01918483286693 -64.84887234782657 2.5
    endloop
  endfacet
  facet normal 0.146730474455369 -0.9891765099647799 0
    outer loop
      vertex -52.01918483286693 -64.84887234782657 2.5
      vertex -52.01918483286693 -64.84887234782657 -2.5
      vertex -51.014477402410954 -64.69983807894276 2.5
    endloop
  endfacet
  facet normal 0.04906767432741154 -0.9987954562051726 0
    outer loop
      vertex -51.014477402410954 -64.69983807894276 2.5
      vertex -51.014477402410954 -64.69983807894276 -2.5
      vertex -50 -64.65 2.5
    endloop
  endfacet
  facet normal -0.04906767432741154 -0.9987954562051726 0
    outer loop
      vertex -50 -64.65 2.5
      vertex -50 -64.65 -2.5
      vertex -48.985522597589046 -64.69983807894276 2.5
    endloop
  endfacet
  facet normal -0.146730474455369 -0.9891765099647799 0
    outer loop
      vertex -48.985522597589046 -64.69983807894276 2.5
      vertex -48.985522597589046 -64.69983807894276 -2.5
      vertex -47.98081516713307 -64.84887234782657 2.5
    endloop
  endfacet
  facet normal -0.24298017990325452 -0.9700312531945463 0
    outer loop
      vertex -47.98081516713307 -64.84887234782657 2.5
      vertex -47.98081516713307 -64.84887234782657 -2.5
      vertex -46.995553590416314 -65.09566752517163 2.5
    endloop
  endfacet
  facet normal -0.4275550934302832 -0.9039892931234429 0
    outer loop
      vertex -46.03922647502132 -65.43784683850818 2.5
      vertex -46.03922647502132 -65.43784683850818 -2.5
      vertex -45.12104377385093 -65.87211491399452 2.5
    endloop
  endfacet
  facet normal -0.5141027441932179 -0.8577286100002743 0
    outer loop
      vertex -45.12104377385093 -65.87211491399452 2.5
      vertex -45.12104377385093 -65.87211491399452 -2.5
      vertex -44.24984808824712 -66.39428951266865 2.5
    endloop
  endfacet
  facet normal -0.5956993044924368 -0.8032075314806425 0
    outer loop
      vertex -44.24984808824712 -66.39428951266865 2.5
      vertex -44.24984808824712 -66.39428951266865 -2.5
      vertex -43.43402950890627 -66.99934180769567 2.5
    endloop
  endfacet
  facet normal -0.6715589548470163 -0.7409511253549609 0
    outer loop
      vertex -43.43402950890627 -66.99934180769567 2.5
      vertex -43.43402950890627 -66.99934180769567 -2.5
      vertex -42.681444814719235 -67.68144481471923 2.5
    endloop
  endfacet
  facet normal -0.7409511253549574 -0.6715589548470201 0
    outer loop
      vertex -41.99934180769567 -68.43402950890626 2.5
      vertex -42.681444814719235 -67.68144481471923 2.5
      vertex -42.681444814719235 -67.68144481471923 -2.5
    endloop
  endfacet
  facet normal -0.336889853392221 -0.9415440651830205 0
    outer loop
      vertex -46.995553590416314 -65.09566752517163 2.5
      vertex -46.995553590416314 -65.09566752517163 -2.5
      vertex -46.03922647502132 -65.43784683850818 2.5
    endloop
  endfacet
  facet normal -0.8032075314806482 -0.5956993044924289 0
    outer loop
      vertex -41.39428951266866 -69.24984808824712 2.5
      vertex -41.99934180769567 -68.43402950890626 2.5
      vertex -41.99934180769567 -68.43402950890626 -2.5
    endloop
  endfacet
  facet normal -0.8577286100002713 -0.5141027441932231 0
    outer loop
      vertex -40.87211491399452 -70.12104377385093 2.5
      vertex -41.39428951266866 -69.24984808824712 2.5
      vertex -41.39428951266866 -69.24984808824712 -2.5
    endloop
  endfacet
  facet normal -0.9039892931234429 -0.4275550934302832 0
    outer loop
      vertex -40.43784683850818 -71.03922647502132 2.5
      vertex -40.87211491399452 -70.12104377385093 2.5
      vertex -40.87211491399452 -70.12104377385093 -2.5
    endloop
  endfacet
  facet normal 0 0 1
    outer loop
      vertex -75 -95 2.5
      vertex -57.318555185280765 -82.31855518528077 2.5
      vertex -58.00065819230433 -81.56597049109374 2.5
    endloop
  endfacet
  facet normal 0 0 1
    outer loop
      vertex -75 -95 2.5
      vertex -59.12788508600548 -79.87895622614907 2.5
      vertex -59.56215316149182 -78.96077352497868 2.5
    endloop
  endfacet
  facet normal 0 0 1
    outer loop
      vertex -75 -95 2.5
      vertex -59.56215316149182 -78.96077352497868 2.5
      vertex -59.904332474828365 -78.00444640958368 2.5
    endloop
  endfacet
  facet normal 0 0 1
    outer loop
      vertex -75 -95 2.5
      vertex -59.904332474828365 -78.00444640958368 2.5
      vertex -60.151127652173436 -77.01918483286693 2.5
    endloop
  endfacet
  facet normal 0 0 1
    outer loop
      vertex -75 -95 2.5
      vertex -58.00065819230433 -81.56597049109374 2.5
      vertex -58.60571048733134 -80.75015191175288 2.5
    endloop
  endfacet
  facet normal 0 0 1
    outer loop
      vertex -75 -95 2.5
      vertex -58.60571048733134 -80.75015191175288 2.5
      vertex -59.12788508600548 -79.87895622614907 2.5
    endloop
  endfacet
  facet normal 0 0 1
    outer loop
      vertex -75 -95 2.5
      vertex -56.56597049109373 -83.00065819230433 2.5
      vertex -57.318555185280765 -82.31855518528077 2.5
    endloop
  endfacet
  facet normal 0 0 1
    outer loop
      vertex -75 -95 2.5
      vertex -55.75015191175288 -83.60571048733135 2.5
      vertex -56.56597049109373 -83.00065819230433 2.5
    endloop
  endfacet
  facet normal 0 0 1
    outer loop
      vertex -75 -95 2.5
      vertex -53.96077352497868 -84.56215316149182 2.5
      vertex -54.87895622614907 -84.12788508600548 2.5
    endloop
  endfacet
  facet normal 0 0 1
    outer loop
      vertex -75 -95 2.5
      vertex -54.87895622614907 -84.12788508600548 2.5
      vertex -55.75015191175288 -83.60571048733135 2.5
    endloop
  endfacet
  facet normal 0 0 1
    outer loop
      vertex -75 -95 2.5
      vertex -53.004446409583686 -84.90433247482837 2.5
      vertex -53.96077352497868 -84.56215316149182 2.5
    endloop
  endfacet
  facet normal 0 0 1
    outer loop
      vertex -75 -95 2.5
      vertex -52.01918483286693 -85.15112765217343 2.5
      vertex -53.004446409583686 -84.90433247482837 2.5
    endloop
  endfacet
  facet normal 0 0 1
    outer loop
      vertex -75 -95 2.5
      vertex -51.014477402410954 -85.30016192105724 2.5
      vertex -52.01918483286693 -85.15112765217343 2.5
    endloop
  endfacet
  facet normal 0 0 1
    outer loop
      vertex -75 -95 2.5
      vertex -50 -85.35 2.5
      vertex -51.014477402410954 -85.30016192105724 2.5
    endloop
  endfacet
  facet normal 0 0 1
    outer loop
      vertex -75 -95 2.5
      vertex -48.985522597589046 -85.30016192105724 2.5
      vertex -50 -85.35 2.5
    endloop
  endfacet
  facet normal 0 0 1
    outer loop
      vertex -75 -95 2.5
      vertex -47.98081516713307 -85.15112765217343 2.5
      vertex -48.985522597589046 -85.30016192105724 2.5
    endloop
  endfacet
  facet normal 0 0 1
    outer loop
      vertex -75 -95 2.5
      vertex -60.151127652173436 -77.01918483286693 2.5
      vertex -60.30016192105724 -76.01447740241095 2.5
    endloop
  endfacet
  facet normal 0 0 1
    outer loop
      vertex -75 -95 2.5
      vertex -60.30016192105724 -76.01447740241095 2.5
      vertex -60.35 -75 2.5
    endloop
  endfacet
  facet normal 0 0 1
    outer loop
      vertex -75 -95 2.5
      vertex -60.35 -75 2.5
      vertex -60.30016192105724 -73.98552259758905 2.5
    endloop
  endfacet
  facet normal 0 0 1
    outer loop
      vertex -75 -95 2.5
      vertex -60.30016192105724 -73.98552259758905 2.5
      vertex -60.151127652173436 -72.98081516713307 2.5
    endloop
  endfacet
  facet normal 0 0 1
    outer loop
      vertex -75 -95 2.5
      vertex -60.151127652173436 -72.98081516713307 2.5
      vertex -59.904332474828365 -71.99555359041632 2.5
    endloop
  endfacet
  facet normal 0 0 1
    outer loop
      vertex -75 -95 2.5
      vertex -59.904332474828365 -71.99555359041632 2.5
      vertex -59.56215316149182 -71.03922647502132 2.5
    endloop
  endfacet
  facet normal 0 0 1
    outer loop
      vertex -75 -95 2.5
      vertex -59.56215316149182 -71.03922647502132 2.5
      vertex -59.12788508600548 -70.12104377385093 2.5
    endloop
  endfacet
  facet normal 0 0 1
    outer loop
      vertex -75 -95 2.5
      vertex -59.12788508600548 -70.12104377385093 2.5
      vertex -58.60571048733134 -69.24984808824712 2.5
    endloop
  endfacet
  facet normal 0 0 1
    outer loop
      vertex -75 -95 2.5
      vertex -2.0191848328669275 -85.15112765217343 2.5
      vertex -47.98081516713307 -85.15112765217343 2.5
    endloop
  endfacet
  facet normal 0 0 1
    outer loop
      vertex -57.318555185280765 -67.68144481471923 2.5
      vertex -43.059792467712846 -33.931556878248166 2.5
      vertex -58.00065819230433 -68.43402950890626 2.5
    endloop
  endfacet
  facet normal 0 0 1
    outer loop
      vertex -57.318555185280765 -67.68144481471923 2.5
      vertex -56.56597049109373 -66.99934180769567 2.5
      vertex -43.1 -34.75 2.5
    endloop
  endfacet
  facet normal 0 0 1
    outer loop
      vertex -56.56597049109373 -66.99934180769567 2.5
      vertex -55.75015191175288 -66.39428951266865 2.5
      vertex -43.059792467712846 -35.568443121751834 2.5
    endloop
  endfacet
  facet normal 0 0 1
    outer loop
      vertex -55.75015191175288 -66.39428951266865 2.5
      vertex -54.87895622614907 -65.87211491399452 2.5
      vertex -42.93955709136697 -36.37900418883467 2.5
    endloop
  endfacet
  facet normal 0 0 1
    outer loop
      vertex -54.87895622614907 -65.87211491399452 2.5
      vertex -53.96077352497868 -65.43784683850818 2.5
      vertex -42.740451803363946 -37.17387705507476 2.5
    endloop
  endfacet
  facet normal 0 0 1
    outer loop
      vertex -53.96077352497868 -65.43784683850818 2.5
      vertex -53.004446409583686 -65.09566752517163 2.5
      vertex -42.46439409646924 -37.9454066602485 2.5
    endloop
  endfacet
  facet normal 0 0 1
    outer loop
      vertex -51.014477402410954 -64.69983807894276 2.5
      vertex -50 -64.65 2.5
      vertex -41.204637285578855 -40.047183922766436 2.5
    endloop
  endfacet
  facet normal 0 0 1
    outer loop
      vertex -53.004446409583686 -65.09566752517163 2.5
      vertex -52.01918483286693 -64.84887234782657 2.5
      vertex -42.114042557308764 -38.68616275249708 2.5
    endloop
  endfacet
  facet normal 0 0 1
    outer loop
      vertex -52.01918483286693 -64.84887234782657 2.5
      vertex -51.014477402410954 -64.69983807894276 2.5
      vertex -41.692771262726254 -39.38901144571368 2.5
    endloop
  endfacet
  facet normal 0 0 1
    outer loop
      vertex -50 -64.65 2.5
      vertex -48.985522597589046 -64.69983807894276 2.5
      vertex -40.65434162290767 -40.65434162290767 2.5
    endloop
  endfacet
  facet normal 0 0 1
    outer loop
      vertex -48.985522597589046 -64.69983807894276 2.5
      vertex -47.98081516713307 -64.84887234782657 2.5
      vertex -39.38901144571368 -41.692771262726254 2.5
    endloop
  endfacet
  facet normal 0 0 1
    outer loop
      vertex -47.98081516713307 -64.84887234782657 2.5
      vertex -46.995553590416314 -65.09566752517163 2.5
      vertex -38.68616275249708 -42.114042557308764 2.5
    endloop
  endfacet
  facet normal 0 0 1
    outer loop
      vertex -46.995553590416314 -65.09566752517163 2.5
      vertex -46.03922647502132 -65.43784683850818 2.5
      vertex -37.9454066602485 -42.46439409646924 2.5
    endloop
  endfacet
  facet normal 0 0 1
    outer loop
      vertex -46.03922647502132 -65.43784683850818 2.5
      vertex -45.12104377385093 -65.87211491399452 2.5
      vertex -37.17387705507476 -42.740451803363946 2.5
    endloop
  endfacet
  facet normal 0 0 1
    outer loop
      vertex -42.114042557308764 -38.68616275249708 2.5
      vertex -52.01918483286693 -64.84887234782657 2.5
      vertex -41.692771262726254 -39.38901144571368 2.5
    endloop
  endfacet
  facet normal 0 0 1
    outer loop
      vertex -41.692771262726254 -39.38901144571368 2.5
      vertex -51.014477402410954 -64.69983807894276 2.5
      vertex -41.204637285578855 -40.047183922766436 2.5
    endloop
  endfacet
  facet normal 0 0 1
    outer loop
      vertex -41.204637285578855 -40.047183922766436 2.5
      vertex -50 -64.65 2.5
      vertex -40.65434162290767 -40.65434162290767 2.5
    endloop
  endfacet
  facet normal 0 0 1
    outer loop
      vertex -48.985522597589046 -64.69983807894276 2.5
      vertex -39.38901144571368 -41.692771262726254 2.5
      vertex -40.047183922766436 -41.204637285578855 2.5
    endloop
  endfacet
  facet normal 0 0 1
    outer loop
      vertex -40.047183922766436 -41.204637285578855 2.5
      vertex -40.65434162290767 -40.65434162290767 2.5
      vertex -48.985522597589046 -64.69983807894276 2.5
    endloop
  endfacet
  facet normal 0 0 1
    outer loop
      vertex -45.12104377385093 -65.87211491399452 2.5
      vertex -44.24984808824712 -66.39428951266865 2.5
      vertex -37.17387705507476 -42.740451803363946 2.5
    endloop
  endfacet
  facet normal 0 0 1
    outer loop
      vertex -44.24984808824712 -66.39428951266865 2.5
      vertex -43.43402950890627 -66.99934180769567 2.5
      vertex -35.568443121751834 -43.059792467712846 2.5
    endloop
  endfacet
  facet normal 0 0 1
    outer loop
      vertex -43.43402950890627 -66.99934180769567 2.5
      vertex -42.681444814719235 -67.68144481471923 2.5
      vertex -34.75 -43.1 2.5
    endloop
  endfacet
  facet normal 0 0 1
    outer loop
      vertex -47.98081516713307 -64.84887234782657 2.5
      vertex -38.68616275249708 -42.114042557308764 2.5
      vertex -39.38901144571368 -41.692771262726254 2.5
    endloop
  endfacet
  facet normal 0 0 1
    outer loop
      vertex -46.995553590416314 -65.09566752517163 2.5
      vertex -37.9454066602485 -42.46439409646924 2.5
      vertex -38.68616275249708 -42.114042557308764 2.5
    endloop
  endfacet
  facet normal 0 0 1
    outer loop
      vertex -46.03922647502132 -65.43784683850818 2.5
      vertex -37.17387705507476 -42.740451803363946 2.5
      vertex -37.9454066602485 -42.46439409646924 2.5
    endloop
  endfacet
  facet normal 0 0 1
    outer loop
      vertex -36.37900418883467 -42.93955709136697 2.5
      vertex -37.17387705507476 -42.740451803363946 2.5
      vertex -44.24984808824712 -66.39428951266865 2.5
    endloop
  endfacet
  facet normal 0 0 1
    outer loop
      vertex -44.24984808824712 -66.39428951266865 2.5
      vertex -35.568443121751834 -43.059792467712846 2.5
      vertex -36.37900418883467 -42.93955709136697 2.5
    endloop
  endfacet
  facet normal 0 0 1
    outer loop
      vertex -43.43402950890627 -66.99934180769567 2.5
      vertex -34.75 -43.1 2.5
      vertex -35.568443121751834 -43.059792467712846 2.5
    endloop
  endfacet
  facet normal -1 0 0
    outer loop
      vertex -75 -95 -2.5
      vertex -75 -95 2.5
      vertex -75 95 2.5
    endloop
  endfacet
  facet normal 0.9039892931234444 0.4275550934302798 0
    outer loop
      vertex -42.46439409646924 -37.9454066602485 2.5
      vertex -42.114042557308764 -38.68616275249708 2.5
      vertex -42.114042557308764 -38.68616275249708 -2.5
    endloop
  endfacet
  facet normal 0.941544065183019 0.33688985339222477 0
    outer loop
      vertex -42.740451803363946 -37.17387705507476 2.5
      vertex -42.46439409646924 -37.9454066602485 2.5
      vertex -42.46439409646924 -37.9454066602485 -2.5
    endloop
  endfacet
  facet normal 0.9700312531945453 0.24298017990325782 0
    outer loop
      vertex -42.93955709136697 -36.37900418883467 2.5
      vertex -42.740451803363946 -37.17387705507476 2.5
      vertex -42.740451803363946 -37.17387705507476 -2.5
    endloop
  endfacet
  facet normal 0.98917650996478 0.14673047445536802 0
    outer loop
      vertex -43.059792467712846 -35.568443121751834 2.5
      vertex -42.93955709136697 -36.37900418883467 2.5
      vertex -42.93955709136697 -36.37900418883467 -2.5
    endloop
  endfacet
  facet normal 0.5141027441932223 0.8577286100002717 0
    outer loop
      vertex -38.68616275249708 -42.114042557308764 2.5
      vertex -38.68616275249708 -42.114042557308764 -2.5
      vertex -39.38901144571368 -41.692771262726254 2.5
    endloop
  endfacet
  facet normal 0.4275550934302798 0.9039892931234444 0
    outer loop
      vertex -37.9454066602485 -42.46439409646924 2.5
      vertex -37.9454066602485 -42.46439409646924 -2.5
      vertex -38.68616275249708 -42.114042557308764 2.5
    endloop
  endfacet
  facet normal 0.8577286100002717 0.5141027441932223 0
    outer loop
      vertex -42.114042557308764 -38.68616275249708 2.5
      vertex -41.692771262726254 -39.38901144571368 2.5
      vertex -41.692771262726254 -39.38901144571368 -2.5
    endloop
  endfacet
  facet normal 0.8032075314806438 0.5956993044924348 0
    outer loop
      vertex -41.692771262726254 -39.38901144571368 2.5
      vertex -41.204637285578855 -40.047183922766436 2.5
      vertex -41.204637285578855 -40.047183922766436 -2.5
    endloop
  endfacet
  facet normal 0.7409511253549614 0.6715589548470159 0
    outer loop
      vertex -41.204637285578855 -40.047183922766436 2.5
      vertex -40.65434162290767 -40.65434162290767 2.5
      vertex -40.65434162290767 -40.65434162290767 -2.5
    endloop
  endfacet
  facet normal 0.6715589548470159 0.7409511253549614 0
    outer loop
      vertex -40.047183922766436 -41.204637285578855 2.5
      vertex -40.047183922766436 -41.204637285578855 -2.5
      vertex -40.65434162290767 -40.65434162290767 2.5
    endloop
  endfacet
  facet normal 0.5956993044924348 0.8032075314806438 0
    outer loop
      vertex -39.38901144571368 -41.692771262726254 2.5
      vertex -39.38901144571368 -41.692771262726254 -2.5
      vertex -40.047183922766436 -41.204637285578855 2.5
    endloop
  endfacet
  facet normal 0.9987954562051725 0.04906767432741706 0
    outer loop
      vertex -43.1 -34.75 2.5
      vertex -43.059792467712846 -35.568443121751834 2.5
      vertex -43.059792467712846 -35.568443121751834 -2.5
    endloop
  endfacet
  facet normal 0.9987954562051725 -0.04906767432741706 0
    outer loop
      vertex -43.059792467712846 -33.931556878248166 2.5
      vertex -43.1 -34.75 2.5
      vertex -43.1 -34.75 -2.5
    endloop
  endfacet
  facet normal 0.98917650996478 -0.14673047445536802 0
    outer loop
      vertex -42.93955709136697 -33.12099581116533 2.5
      vertex -43.059792467712846 -33.931556878248166 2.5
      vertex -43.059792467712846 -33.931556878248166 -2.5
    endloop
  endfacet
  facet normal 0.9700312531945453 -0.24298017990325782 0
    outer loop
      vertex -42.740451803363946 -32.32612294492524 2.5
      vertex -42.93955709136697 -33.12099581116533 2.5
      vertex -42.93955709136697 -33.12099581116533 -2.5
    endloop
  endfacet
  facet normal 0.941544065183019 -0.33688985339222477 0
    outer loop
      vertex -42.46439409646924 -31.5545933397515 2.5
      vertex -42.740451803363946 -32.32612294492524 2.5
      vertex -42.740451803363946 -32.32612294492524 -2.5
    endloop
  endfacet
  facet normal 0.9039892931234437 -0.4275550934302815 0
    outer loop
      vertex -42.114042557308764 -30.81383724750292 2.5
      vertex -42.46439409646924 -31.5545933397515 2.5
      vertex -42.46439409646924 -31.5545933397515 -2.5
    endloop
  endfacet
  facet normal 0.8577286100002729 -0.5141027441932204 0
    outer loop
      vertex -41.692771262726254 -30.110988554286322 2.5
      vertex -42.114042557308764 -30.81383724750292 2.5
      vertex -42.114042557308764 -30.81383724750292 -2.5
    endloop
  endfacet
  facet normal 0.8032075314806454 -0.5956993044924327 0
    outer loop
      vertex -41.204637285578855 -29.45281607723356 2.5
      vertex -41.692771262726254 -30.110988554286322 2.5
      vertex -41.692771262726254 -30.110988554286322 -2.5
    endloop
  endfacet
  facet normal 0.7409511253549595 -0.6715589548470181 0
    outer loop
      vertex -40.65434162290767 -28.845658377092327 2.5
      vertex -41.204637285578855 -29.45281607723356 2.5
      vertex -41.204637285578855 -29.45281607723356 -2.5
    endloop
  endfacet
  facet normal 0.6715589548470159 -0.7409511253549614 0
    outer loop
      vertex -40.65434162290767 -28.845658377092327 2.5
      vertex -40.65434162290767 -28.845658377092327 -2.5
      vertex -40.047183922766436 -28.295362714421145 2.5
    endloop
  endfacet
  facet normal 0.5956993044924348 -0.8032075314806438 0
    outer loop
      vertex -40.047183922766436 -28.295362714421145 2.5
      vertex -40.047183922766436 -28.295362714421145 -2.5
      vertex -39.38901144571368 -27.807228737273746 2.5
    endloop
  endfacet
  facet normal 0.5141027441932223 -0.8577286100002717 0
    outer loop
      vertex -39.38901144571368 -27.807228737273746 2.5
      vertex -39.38901144571368 -27.807228737273746 -2.5
      vertex -38.68616275249708 -27.385957442691236 2.5
    endloop
  endfacet
  facet normal 0.4275550934302798 -0.9039892931234444 0
    outer loop
      vertex -38.68616275249708 -27.385957442691236 2.5
      vertex -38.68616275249708 -27.385957442691236 -2.5
      vertex -37.9454066602485 -27.035605903530758 2.5
    endloop
  endfacet
  facet normal 0.33688985339222094 -0.9415440651830204 0
    outer loop
      vertex -37.9454066602485 -27.035605903530758 2.5
      vertex -37.9454066602485 -27.035605903530758 -2.5
      vertex -37.17387705507476 -26.759548196636057 2.5
    endloop
  endfacet
  facet normal 0 0 1
    outer loop
      vertex -75 -95 2.5
      vertex -58.60571048733134 -69.24984808824712 2.5
      vertex -42.46439409646924 31.5545933397515 2.5
    endloop
  endfacet
  facet normal 0 0 1
    outer loop
      vertex -55.75015191175288 -66.39428951266865 2.5
      vertex -42.93955709136697 -36.37900418883467 2.5
      vertex -43.059792467712846 -35.568443121751834 2.5
    endloop
  endfacet
  facet normal 0 0 1
    outer loop
      vertex -57.318555185280765 -67.68144481471923 2.5
      vertex -43.1 -34.75 2.5
      vertex -43.059792467712846 -33.931556878248166 2.5
    endloop
  endfacet
  facet normal 0 0 1
    outer loop
      vertex -56.56597049109373 -66.99934180769567 2.5
      vertex -43.059792467712846 -35.568443121751834 2.5
      vertex -43.1 -34.75 2.5
    endloop
  endfacet
  facet normal 0 0 1
    outer loop
      vertex -42.93955709136697 -33.12099581116533 2.5
      vertex -58.00065819230433 -68.43402950890626 2.5
      vertex -43.059792467712846 -33.931556878248166 2.5
    endloop
  endfacet
  facet normal 0 0 1
    outer loop
      vertex -58.00065819230433 -68.43402950890626 2.5
      vertex -42.46439409646924 31.5545933397515 2.5
      vertex -58.60571048733134 -69.24984808824712 2.5
    endloop
  endfacet
  facet normal 0 0 1
    outer loop
      vertex -53.96077352497868 -65.43784683850818 2.5
      vertex -42.46439409646924 -37.9454066602485 2.5
      vertex -42.740451803363946 -37.17387705507476 2.5
    endloop
  endfacet
  facet normal 0 0 1
    outer loop
      vertex -54.87895622614907 -65.87211491399452 2.5
      vertex -42.740451803363946 -37.17387705507476 2.5
      vertex -42.93955709136697 -36.37900418883467 2.5
    endloop
  endfacet
  facet normal 0 0 1
    outer loop
      vertex -42.46439409646924 -37.9454066602485 2.5
      vertex -53.004446409583686 -65.09566752517163 2.5
      vertex -42.114042557308764 -38.68616275249708 2.5
    endloop
  endfacet
  facet normal 0 0 1
    outer loop
      vertex -58.00065819230433 -68.43402950890626 2.5
      vertex -42.93955709136697 -33.12099581116533 2.5
      vertex -42.46439409646924 31.5545933397515 2.5
    endloop
  endfacet
  facet normal 0 0 1
    outer loop
      vertex -75 -95 2.5
      vertex -42.46439409646924 31.5545933397515 2.5
      vertex -42.740451803363946 32.32612294492524 2.5
    endloop
  endfacet
  facet normal 0 0 1
    outer loop
      vertex -75 -95 2.5
      vertex -42.740451803363946 32.32612294492524 2.5
      vertex -42.93955709136697 33.12099581116533 2.5
    endloop
  endfacet
  facet normal 0 0 1
    outer loop
      vertex -75 -95 2.5
      vertex -42.93955709136697 33.12099581116533 2.5
      vertex -43.059792467712846 33.931556878248166 2.5
    endloop
  endfacet
  facet normal 0 0 1
    outer loop
      vertex -75 -95 2.5
      vertex -43.059792467712846 33.931556878248166 2.5
      vertex -43.1 34.75 2.5
    endloop
  endfacet
  facet normal 0 0 1
    outer loop
      vertex -42.740451803363946 -32.32612294492524 2.5
      vertex -42.46439409646924 31.5545933397515 2.5
      vertex -42.93955709136697 -33.12099581116533 2.5
    endloop
  endfacet
  facet normal 0 0 1
    outer loop
      vertex -42.46439409646924 -31.5545933397515 2.5
      vertex -42.46439409646924 31.5545933397515 2.5
      vertex -42.740451803363946 -32.32612294492524 2.5
    endloop
  endfacet
  facet normal 0 0 1
    outer loop
      vertex -42.114042557308764 -30.81383724750292 2.5
      vertex -42.46439409646924 31.5545933397515 2.5
      vertex -42.46439409646924 -31.5545933397515 2.5
    endloop
  endfacet
  facet normal 0 0 1
    outer loop
      vertex -41.692771262726254 -30.110988554286322 2.5
      vertex -42.114042557308764 30.81383724750292 2.5
      vertex -42.114042557308764 -30.81383724750292 2.5
    endloop
  endfacet
  facet normal 0 0 1
    outer loop
      vertex -41.204637285578855 -29.45281607723356 2.5
      vertex -41.692771262726254 30.110988554286322 2.5
      vertex -41.692771262726254 -30.110988554286322 2.5
    endloop
  endfacet
  facet normal 0 0 1
    outer loop
      vertex -40.65434162290767 -28.845658377092327 2.5
      vertex -41.204637285578855 29.45281607723356 2.5
      vertex -41.204637285578855 -29.45281607723356 2.5
    endloop
  endfacet
  facet normal 0 -1 0
    outer loop
      vertex -75 -95 -2.5
      vertex 75 -95 2.5
      vertex -75 -95 2.5
    endloop
  endfacet
  facet normal 0.9700312531945439 0.24298017990326443 0
    outer loop
      vertex -10.151127652173434 -77.01918483286693 2.5
      vertex -9.904332474828362 -78.00444640958368 2.5
      vertex -9.904332474828362 -78.00444640958368 -2.5
    endloop
  endfacet
  facet normal 0.9415440651830211 0.3368898533922188 0
    outer loop
      vertex -9.904332474828362 -78.00444640958368 2.5
      vertex -9.562153161491818 -78.96077352497868 2.5
      vertex -9.562153161491818 -78.96077352497868 -2.5
    endloop
  endfacet
  facet normal 0.9891765099647809 0.14673047445536286 0
    outer loop
      vertex -10.300161921057239 -76.01447740241095 2.5
      vertex -10.151127652173434 -77.01918483286693 2.5
      vertex -10.151127652173434 -77.01918483286693 -2.5
    endloop
  endfacet
  facet normal 0.9987954562051725 0.04906767432741713 0
    outer loop
      vertex -10.35 -75 2.5
      vertex -10.300161921057239 -76.01447740241095 2.5
      vertex -10.300161921057239 -76.01447740241095 -2.5
    endloop
  endfacet
  facet normal 0.9987954562051725 -0.04906767432741713 0
    outer loop
      vertex -10.300161921057239 -73.98552259758905 2.5
      vertex -10.35 -75 2.5
      vertex -10.35 -75 -2.5
    endloop
  endfacet
  facet normal 0.9891765099647809 -0.14673047445536286 0
    outer loop
      vertex -10.151127652173434 -72.98081516713307 2.5
      vertex -10.300161921057239 -73.98552259758905 2.5
      vertex -10.300161921057239 -73.98552259758905 -2.5
    endloop
  endfacet
  facet normal 0.9700312531945439 -0.24298017990326443 0
    outer loop
      vertex -9.904332474828362 -71.99555359041632 2.5
      vertex -10.151127652173434 -72.98081516713307 2.5
      vertex -10.151127652173434 -72.98081516713307 -2.5
    endloop
  endfacet
  facet normal 0.9415440651830211 -0.3368898533922188 0
    outer loop
      vertex -9.562153161491818 -71.03922647502132 2.5
      vertex -9.904332474828362 -71.99555359041632 2.5
      vertex -9.904332474828362 -71.99555359041632 -2.5
    endloop
  endfacet
  facet normal 0.5956993044924376 0.8032075314806417 0
    outer loop
      vertex -5.750151911752883 -83.60571048733135 2.5
      vertex -5.750151911752883 -83.60571048733135 -2.5
      vertex -6.56597049109373 -83.00065819230433 2.5
    endloop
  endfacet
  facet normal 0.5141027441932183 0.8577286100002742 0
    outer loop
      vertex -4.878956226149075 -84.12788508600548 2.5
      vertex -4.878956226149075 -84.12788508600548 -2.5
      vertex -5.750151911752883 -83.60571048733135 2.5
    endloop
  endfacet
  facet normal 0.4275550934302826 0.903989293123443 0
    outer loop
      vertex -3.9607735249786793 -84.56215316149182 2.5
      vertex -3.9607735249786793 -84.56215316149182 -2.5
      vertex -4.878956226149075 -84.12788508600548 2.5
    endloop
  endfacet
  facet normal 0.33688985339222 0.9415440651830208 0
    outer loop
      vertex -3.004446409583685 -84.90433247482837 2.5
      vertex -3.004446409583685 -84.90433247482837 -2.5
      vertex -3.9607735249786793 -84.56215316149182 2.5
    endloop
  endfacet
  facet normal 0.24298017990325496 0.9700312531945462 0
    outer loop
      vertex -2.0191848328669275 -85.15112765217343 2.5
      vertex -2.0191848328669275 -85.15112765217343 -2.5
      vertex -3.004446409583685 -84.90433247482837 2.5
    endloop
  endfacet
  facet normal 0.14673047445536863 0.98917650996478 0
    outer loop
      vertex -1.0144774024109522 -85.30016192105724 2.5
      vertex -1.0144774024109522 -85.30016192105724 -2.5
      vertex -2.0191848328669275 -85.15112765217343 2.5
    endloop
  endfacet
  facet normal 0.04906767432741162 0.9987954562051726 0
    outer loop
      vertex 0 -85.35 2.5
      vertex 0 -85.35 -2.5
      vertex -1.0144774024109522 -85.30016192105724 2.5
    endloop
  endfacet
  facet normal 0.8577286100002728 0.5141027441932206 0
    outer loop
      vertex -9.127885086005474 -79.87895622614907 2.5
      vertex -8.605710487331343 -80.75015191175288 2.5
      vertex -8.605710487331343 -80.75015191175288 -2.5
    endloop
  endfacet
  facet normal 0.7409511253549595 0.6715589548470178 0
    outer loop
      vertex -8.000658192304327 -81.56597049109374 2.5
      vertex -7.3185551852807675 -82.31855518528077 2.5
      vertex -7.3185551852807675 -82.31855518528077 -2.5
    endloop
  endfacet
  facet normal 0.8032075314806474 0.59569930449243 0
    outer loop
      vertex -8.605710487331343 -80.75015191175288 2.5
      vertex -8.000658192304327 -81.56597049109374 2.5
      vertex -8.000658192304327 -81.56597049109374 -2.5
    endloop
  endfacet
  facet normal 0.9039892931234429 0.4275550934302832 0
    outer loop
      vertex -9.562153161491818 -78.96077352497868 2.5
      vertex -9.127885086005474 -79.87895622614907 2.5
      vertex -9.127885086005474 -79.87895622614907 -2.5
    endloop
  endfacet
  facet normal 0.6715589548470156 0.7409511253549618 0
    outer loop
      vertex -6.56597049109373 -83.00065819230433 2.5
      vertex -6.56597049109373 -83.00065819230433 -2.5
      vertex -7.3185551852807675 -82.31855518528077 2.5
    endloop
  endfacet
  facet normal 0.9039892931234429 -0.4275550934302832 0
    outer loop
      vertex -9.127885086005474 -70.12104377385093 2.5
      vertex -9.562153161491818 -71.03922647502132 2.5
      vertex -9.562153161491818 -71.03922647502132 -2.5
    endloop
  endfacet
  facet normal 0.8577286100002728 -0.5141027441932206 0
    outer loop
      vertex -8.605710487331343 -69.24984808824712 2.5
      vertex -9.127885086005474 -70.12104377385093 2.5
      vertex -9.127885086005474 -70.12104377385093 -2.5
    endloop
  endfacet
  facet normal 0.8032075314806474 -0.59569930449243 0
    outer loop
      vertex -8.000658192304327 -68.43402950890626 2.5
      vertex -8.605710487331343 -69.24984808824712 2.5
      vertex -8.605710487331343 -69.24984808824712 -2.5
    endloop
  endfacet
  facet normal 0.7409511253549595 -0.6715589548470178 0
    outer loop
      vertex -7.3185551852807675 -67.68144481471923 2.5
      vertex -8.000658192304327 -68.43402950890626 2.5
      vertex -8.000658192304327 -68.43402950890626 -2.5
    endloop
  endfacet
  facet normal 0.6715589548470156 -0.7409511253549618 0
    outer loop
      vertex -7.3185551852807675 -67.68144481471923 2.5
      vertex -7.3185551852807675 -67.68144481471923 -2.5
      vertex -6.56597049109373 -66.99934180769567 2.5
    endloop
  endfacet
  facet normal 0.5956993044924376 -0.8032075314806417 0
    outer loop
      vertex -6.56597049109373 -66.99934180769567 2.5
      vertex -6.56597049109373 -66.99934180769567 -2.5
      vertex -5.750151911752883 -66.39428951266865 2.5
    endloop
  endfacet
  facet normal 0.5141027441932183 -0.8577286100002742 0
    outer loop
      vertex -5.750151911752883 -66.39428951266865 2.5
      vertex -5.750151911752883 -66.39428951266865 -2.5
      vertex -4.878956226149075 -65.87211491399452 2.5
    endloop
  endfacet
  facet normal 0.4275550934302826 -0.903989293123443 0
    outer loop
      vertex -4.878956226149075 -65.87211491399452 2.5
      vertex -4.878956226149075 -65.87211491399452 -2.5
      vertex -3.9607735249786793 -65.43784683850818 2.5
    endloop
  endfacet
  facet normal 0.33688985339222 -0.9415440651830208 0
    outer loop
      vertex -3.9607735249786793 -65.43784683850818 2.5
      vertex -3.9607735249786793 -65.43784683850818 -2.5
      vertex -3.004446409583685 -65.09566752517163 2.5
    endloop
  endfacet
  facet normal 0.24298017990325496 -0.9700312531945462 0
    outer loop
      vertex -3.004446409583685 -65.09566752517163 2.5
      vertex -3.004446409583685 -65.09566752517163 -2.5
      vertex -2.0191848328669275 -64.84887234782657 2.5
    endloop
  endfacet
  facet normal 0.14673047445536863 -0.98917650996478 0
    outer loop
      vertex -2.0191848328669275 -64.84887234782657 2.5
      vertex -2.0191848328669275 -64.84887234782657 -2.5
      vertex -1.0144774024109522 -64.69983807894276 2.5
    endloop
  endfacet
  facet normal 0.04906767432741162 -0.9987954562051726 0
    outer loop
      vertex -1.0144774024109522 -64.69983807894276 2.5
      vertex -1.0144774024109522 -64.69983807894276 -2.5
      vertex 0 -64.65 2.5
    endloop
  endfacet
  facet normal 0 0 1
    outer loop
      vertex -46.995553590416314 -84.90433247482837 2.5
      vertex -47.98081516713307 -85.15112765217343 2.5
      vertex -3.004446409583685 -84.90433247482837 2.5
    endloop
  endfacet
  facet normal 0 0 1
    outer loop
      vertex -46.03922647502132 -84.56215316149182 2.5
      vertex -46.995553590416314 -84.90433247482837 2.5
      vertex -3.9607735249786793 -84.56215316149182 2.5
    endloop
  endfacet
  facet normal 0 0 1
    outer loop
      vertex -45.12104377385093 -84.12788508600548 2.5
      vertex -46.03922647502132 -84.56215316149182 2.5
      vertex -4.878956226149075 -84.12788508600548 2.5
    endloop
  endfacet
  facet normal 0 0 1
    outer loop
      vertex -44.24984808824712 -83.60571048733135 2.5
      vertex -45.12104377385093 -84.12788508600548 2.5
      vertex -5.750151911752883 -83.60571048733135 2.5
    endloop
  endfacet
  facet normal 0 0 1
    outer loop
      vertex -43.43402950890627 -83.00065819230433 2.5
      vertex -44.24984808824712 -83.60571048733135 2.5
      vertex -6.56597049109373 -83.00065819230433 2.5
    endloop
  endfacet
  facet normal 0 0 1
    outer loop
      vertex -42.681444814719235 -82.31855518528077 2.5
      vertex -43.43402950890627 -83.00065819230433 2.5
      vertex -7.3185551852807675 -82.31855518528077 2.5
    endloop
  endfacet
  facet normal 0 0 1
    outer loop
      vertex -42.681444814719235 -82.31855518528077 2.5
      vertex -8.000658192304327 -81.56597049109374 2.5
      vertex -41.99934180769567 -81.56597049109374 2.5
    endloop
  endfacet
  facet normal 0 0 1
    outer loop
      vertex -41.99934180769567 -81.56597049109374 2.5
      vertex -8.605710487331343 -80.75015191175288 2.5
      vertex -41.39428951266866 -80.75015191175288 2.5
    endloop
  endfacet
  facet normal 0 0 1
    outer loop
      vertex -41.39428951266866 -80.75015191175288 2.5
      vertex -9.127885086005474 -79.87895622614907 2.5
      vertex -40.87211491399452 -79.87895622614907 2.5
    endloop
  endfacet
  facet normal 0 0 1
    outer loop
      vertex -40.87211491399452 -79.87895622614907 2.5
      vertex -9.562153161491818 -78.96077352497868 2.5
      vertex -40.43784683850818 -78.96077352497868 2.5
    endloop
  endfacet
  facet normal 0 0 1
    outer loop
      vertex -40.43784683850818 -78.96077352497868 2.5
      vertex -9.904332474828362 -78.00444640958368 2.5
      vertex -40.095667525171635 -78.00444640958368 2.5
    endloop
  endfacet
  facet normal 0 0 1
    outer loop
      vertex -40.095667525171635 -78.00444640958368 2.5
      vertex -10.151127652173434 -77.01918483286693 2.5
      vertex -39.848872347826564 -77.01918483286693 2.5
    endloop
  endfacet
  facet normal 0 0 1
    outer loop
      vertex -39.848872347826564 -77.01918483286693 2.5
      vertex -10.300161921057239 -76.01447740241095 2.5
      vertex -39.69983807894276 -76.01447740241095 2.5
    endloop
  endfacet
  facet normal 0 0 1
    outer loop
      vertex -39.69983807894276 -76.01447740241095 2.5
      vertex -10.35 -75 2.5
      vertex -39.65 -75 2.5
    endloop
  endfacet
  facet normal 0 0 1
    outer loop
      vertex -39.65 -75 2.5
      vertex -10.300161921057239 -73.98552259758905 2.5
      vertex -39.69983807894276 -73.98552259758905 2.5
    endloop
  endfacet
  facet normal 0 0 1
    outer loop
      vertex -39.69983807894276 -73.98552259758905 2.5
      vertex -10.151127652173434 -72.98081516713307 2.5
      vertex -39.848872347826564 -72.98081516713307 2.5
    endloop
  endfacet
  facet normal 0 0 1
    outer loop
      vertex -39.848872347826564 -72.98081516713307 2.5
      vertex -9.904332474828362 -71.99555359041632 2.5
      vertex -40.095667525171635 -71.99555359041632 2.5
    endloop
  endfacet
  facet normal 0 0 1
    outer loop
      vertex -40.095667525171635 -71.99555359041632 2.5
      vertex -9.562153161491818 -71.03922647502132 2.5
      vertex -40.43784683850818 -71.03922647502132 2.5
    endloop
  endfacet
  facet normal 0 0 1
    outer loop
      vertex -75 -95 2.5
      vertex -1.0144774024109522 -85.30016192105724 2.5
      vertex -2.0191848328669275 -85.15112765217343 2.5
    endloop
  endfacet
  facet normal 0 0 1
    outer loop
      vertex -75 -95 2.5
      vertex 0 -85.35 2.5
      vertex -1.0144774024109522 -85.30016192105724 2.5
    endloop
  endfacet
  facet normal 0 0 1
    outer loop
      vertex -44.24984808824712 -83.60571048733135 2.5
      vertex -5.750151911752883 -83.60571048733135 2.5
      vertex -6.56597049109373 -83.00065819230433 2.5
    endloop
  endfacet
  facet normal 0 0 1
    outer loop
      vertex -43.43402950890627 -83.00065819230433 2.5
      vertex -6.56597049109373 -83.00065819230433 2.5
      vertex -7.3185551852807675 -82.31855518528077 2.5
    endloop
  endfacet
  facet normal 0 0 1
    outer loop
      vertex -42.681444814719235 -82.31855518528077 2.5
      vertex -7.3185551852807675 -82.31855518528077 2.5
      vertex -8.000658192304327 -81.56597049109374 2.5
    endloop
  endfacet
  facet normal 0 0 1
    outer loop
      vertex -41.99934180769567 -81.56597049109374 2.5
      vertex -8.000658192304327 -81.56597049109374 2.5
      vertex -8.605710487331343 -80.75015191175288 2.5
    endloop
  endfacet
  facet normal 0 0 1
    outer loop
      vertex -41.39428951266866 -80.75015191175288 2.5
      vertex -8.605710487331343 -80.75015191175288 2.5
      vertex -9.127885086005474 -79.87895622614907 2.5
    endloop
  endfacet
  facet normal 0 0 1
    outer loop
      vertex -40.43784683850818 -78.96077352497868 2.5
      vertex -9.562153161491818 -78.96077352497868 2.5
      vertex -9.904332474828362 -78.00444640958368 2.5
    endloop
  endfacet
  facet normal 0 0 1
    outer loop
      vertex -40.095667525171635 -78.00444640958368 2.5
      vertex -9.904332474828362 -78.00444640958368 2.5
      vertex -10.151127652173434 -77.01918483286693 2.5
    endloop
  endfacet
  facet normal 0 0 1
    outer loop
      vertex -40.87211491399452 -79.87895622614907 2.5
      vertex -9.127885086005474 -79.87895622614907 2.5
      vertex -9.562153161491818 -78.96077352497868 2.5
    endloop
  endfacet
  facet normal 0 0 1
    outer loop
      vertex -39.848872347826564 -77.01918483286693 2.5
      vertex -10.151127652173434 -77.01918483286693 2.5
      vertex -10.300161921057239 -76.01447740241095 2.5
    endloop
  endfacet
  facet normal 0 0 1
    outer loop
      vertex -39.69983807894276 -76.01447740241095 2.5
      vertex -10.300161921057239 -76.01447740241095 2.5
      vertex -10.35 -75 2.5
    endloop
  endfacet
  facet normal 0 0 1
    outer loop
      vertex -39.65 -75 2.5
      vertex -10.35 -75 2.5
      vertex -10.300161921057239 -73.98552259758905 2.5
    endloop
  endfacet
  facet normal 0 0 1
    outer loop
      vertex -39.69983807894276 -73.98552259758905 2.5
      vertex -10.300161921057239 -73.98552259758905 2.5
      vertex -10.151127652173434 -72.98081516713307 2.5
    endloop
  endfacet
  facet normal 0 0 1
    outer loop
      vertex -9.904332474828362 -71.99555359041632 2.5
      vertex -39.848872347826564 -72.98081516713307 2.5
      vertex -10.151127652173434 -72.98081516713307 2.5
    endloop
  endfacet
  facet normal 0 0 1
    outer loop
      vertex -40.095667525171635 -71.99555359041632 2.5
      vertex -9.904332474828362 -71.99555359041632 2.5
      vertex -9.562153161491818 -71.03922647502132 2.5
    endloop
  endfacet
  facet normal 0 0 1
    outer loop
      vertex -41.99934180769567 -68.43402950890626 2.5
      vertex -7.3185551852807675 -67.68144481471923 2.5
      vertex -42.681444814719235 -67.68144481471923 2.5
    endloop
  endfacet
  facet normal 0 0 1
    outer loop
      vertex -40.43784683850818 -71.03922647502132 2.5
      vertex -9.127885086005474 -70.12104377385093 2.5
      vertex -40.87211491399452 -70.12104377385093 2.5
    endloop
  endfacet
  facet normal 0 0 1
    outer loop
      vertex -40.87211491399452 -70.12104377385093 2.5
      vertex -8.605710487331343 -69.24984808824712 2.5
      vertex -41.39428951266866 -69.24984808824712 2.5
    endloop
  endfacet
  facet normal 0 0 1
    outer loop
      vertex -41.39428951266866 -69.24984808824712 2.5
      vertex -8.000658192304327 -68.43402950890626 2.5
      vertex -41.99934180769567 -68.43402950890626 2.5
    endloop
  endfacet
  facet normal 0 0 1
    outer loop
      vertex -33.931556878248166 -43.059792467712846 2.5
      vertex -34.75 -43.1 2.5
      vertex -42.681444814719235 -67.68144481471923 2.5
    endloop
  endfacet
  facet normal 0 0 1
    outer loop
      vertex -33.12099581116533 -42.93955709136697 2.5
      vertex -33.931556878248166 -43.059792467712846 2.5
      vertex -42.681444814719235 -67.68144481471923 2.5
    endloop
  endfacet
  facet normal 0 0 1
    outer loop
      vertex -32.32612294492524 -42.740451803363946 2.5
      vertex -33.12099581116533 -42.93955709136697 2.5
      vertex -42.681444814719235 -67.68144481471923 2.5
    endloop
  endfacet
  facet normal 0 0 1
    outer loop
      vertex -31.5545933397515 -42.46439409646924 2.5
      vertex -32.32612294492524 -42.740451803363946 2.5
      vertex -42.681444814719235 -67.68144481471923 2.5
    endloop
  endfacet
  facet normal 0 0 1
    outer loop
      vertex -30.81383724750292 -42.114042557308764 2.5
      vertex -31.5545933397515 -42.46439409646924 2.5
      vertex -42.681444814719235 -67.68144481471923 2.5
    endloop
  endfacet
  facet normal 0 0 1
    outer loop
      vertex -9.127885086005474 -70.12104377385093 2.5
      vertex -40.43784683850818 -71.03922647502132 2.5
      vertex -9.562153161491818 -71.03922647502132 2.5
    endloop
  endfacet
  facet normal 0 0 1
    outer loop
      vertex -40.87211491399452 -70.12104377385093 2.5
      vertex -9.127885086005474 -70.12104377385093 2.5
      vertex -8.605710487331343 -69.24984808824712 2.5
    endloop
  endfacet
  facet normal 0 0 1
    outer loop
      vertex -41.39428951266866 -69.24984808824712 2.5
      vertex -8.605710487331343 -69.24984808824712 2.5
      vertex -8.000658192304327 -68.43402950890626 2.5
    endloop
  endfacet
  facet normal 0 0 1
    outer loop
      vertex -41.99934180769567 -68.43402950890626 2.5
      vertex -8.000658192304327 -68.43402950890626 2.5
      vertex -7.3185551852807675 -67.68144481471923 2.5
    endloop
  endfacet
  facet normal 0 0 1
    outer loop
      vertex -30.81383724750292 -42.114042557308764 2.5
      vertex -42.681444814719235 -67.68144481471923 2.5
      vertex -7.3185551852807675 -67.68144481471923 2.5
    endloop
  endfacet
  facet normal 0 0 1
    outer loop
      vertex -30.110988554286322 -41.692771262726254 2.5
      vertex -30.81383724750292 -42.114042557308764 2.5
      vertex -7.3185551852807675 -67.68144481471923 2.5
    endloop
  endfacet
  facet normal 0 0 1
    outer loop
      vertex -7.3185551852807675 -67.68144481471923 2.5
      vertex -29.45281607723356 -41.204637285578855 2.5
      vertex -30.110988554286322 -41.692771262726254 2.5
    endloop
  endfacet
  facet normal 0 0 1
    outer loop
      vertex -6.56597049109373 -66.99934180769567 2.5
      vertex -28.845658377092327 -40.65434162290767 2.5
      vertex -29.45281607723356 -41.204637285578855 2.5
    endloop
  endfacet
  facet normal 0 0 1
    outer loop
      vertex -5.750151911752883 -66.39428951266865 2.5
      vertex -28.295362714421145 -40.047183922766436 2.5
      vertex -28.845658377092327 -40.65434162290767 2.5
    endloop
  endfacet
  facet normal 0 0 1
    outer loop
      vertex -4.878956226149075 -65.87211491399452 2.5
      vertex -27.807228737273746 -39.38901144571368 2.5
      vertex -28.295362714421145 -40.047183922766436 2.5
    endloop
  endfacet
  facet normal 0 0 1
    outer loop
      vertex -3.9607735249786793 -65.43784683850818 2.5
      vertex -27.385957442691236 -38.68616275249708 2.5
      vertex -27.807228737273746 -39.38901144571368 2.5
    endloop
  endfacet
  facet normal 0 0 1
    outer loop
      vertex -46.995553590416314 -84.90433247482837 2.5
      vertex -3.004446409583685 -84.90433247482837 2.5
      vertex -3.9607735249786793 -84.56215316149182 2.5
    endloop
  endfacet
  facet normal 0 0 1
    outer loop
      vertex -47.98081516713307 -85.15112765217343 2.5
      vertex -2.0191848328669275 -85.15112765217343 2.5
      vertex -3.004446409583685 -84.90433247482837 2.5
    endloop
  endfacet
  facet normal 0 0 1
    outer loop
      vertex -45.12104377385093 -84.12788508600548 2.5
      vertex -4.878956226149075 -84.12788508600548 2.5
      vertex -5.750151911752883 -83.60571048733135 2.5
    endloop
  endfacet
  facet normal 0 0 1
    outer loop
      vertex -46.03922647502132 -84.56215316149182 2.5
      vertex -3.9607735249786793 -84.56215316149182 2.5
      vertex -4.878956226149075 -84.12788508600548 2.5
    endloop
  endfacet
  facet normal 0 0 1
    outer loop
      vertex -75 -95 2.5
      vertex 46.995553590416314 -84.90433247482837 2.5
      vertex 0 -85.35 2.5
    endloop
  endfacet
  facet normal 0 0 1
    outer loop
      vertex -7.3185551852807675 -67.68144481471923 2.5
      vertex -6.56597049109373 -66.99934180769567 2.5
      vertex -29.45281607723356 -41.204637285578855 2.5
    endloop
  endfacet
  facet normal 0 0 1
    outer loop
      vertex -6.56597049109373 -66.99934180769567 2.5
      vertex -5.750151911752883 -66.39428951266865 2.5
      vertex -28.845658377092327 -40.65434162290767 2.5
    endloop
  endfacet
  facet normal 0 0 1
    outer loop
      vertex -5.750151911752883 -66.39428951266865 2.5
      vertex -4.878956226149075 -65.87211491399452 2.5
      vertex -28.295362714421145 -40.047183922766436 2.5
    endloop
  endfacet
  facet normal 0 0 1
    outer loop
      vertex -4.878956226149075 -65.87211491399452 2.5
      vertex -3.9607735249786793 -65.43784683850818 2.5
      vertex -27.807228737273746 -39.38901144571368 2.5
    endloop
  endfacet
  facet normal 0 0 1
    outer loop
      vertex -3.9607735249786793 -65.43784683850818 2.5
      vertex -3.004446409583685 -65.09566752517163 2.5
      vertex -27.385957442691236 -38.68616275249708 2.5
    endloop
  endfacet
  facet normal 0 0 1
    outer loop
      vertex -3.004446409583685 -65.09566752517163 2.5
      vertex -2.0191848328669275 -64.84887234782657 2.5
      vertex -27.035605903530758 -37.9454066602485 2.5
    endloop
  endfacet
  facet normal 0 0 1
    outer loop
      vertex -2.0191848328669275 -64.84887234782657 2.5
      vertex -1.0144774024109522 -64.69983807894276 2.5
      vertex -26.759548196636057 -37.17387705507476 2.5
    endloop
  endfacet
  facet normal 0 0 1
    outer loop
      vertex -1.0144774024109522 -64.69983807894276 2.5
      vertex 0 -64.65 2.5
      vertex -26.56044290863303 -36.37900418883467 2.5
    endloop
  endfacet
  facet normal 0.33688985339222477 0.941544065183019 0
    outer loop
      vertex -37.17387705507476 -42.740451803363946 2.5
      vertex -37.17387705507476 -42.740451803363946 -2.5
      vertex -37.9454066602485 -42.46439409646924 2.5
    endloop
  endfacet
  facet normal 0.24298017990325782 0.9700312531945453 0
    outer loop
      vertex -36.37900418883467 -42.93955709136697 2.5
      vertex -36.37900418883467 -42.93955709136697 -2.5
      vertex -37.17387705507476 -42.740451803363946 2.5
    endloop
  endfacet
  facet normal 0.14673047445536802 0.98917650996478 0
    outer loop
      vertex -35.568443121751834 -43.059792467712846 2.5
      vertex -35.568443121751834 -43.059792467712846 -2.5
      vertex -36.37900418883467 -42.93955709136697 2.5
    endloop
  endfacet
  facet normal 0.04906767432741706 0.9987954562051725 0
    outer loop
      vertex -34.75 -43.1 2.5
      vertex -34.75 -43.1 -2.5
      vertex -35.568443121751834 -43.059792467712846 2.5
    endloop
  endfacet
  facet normal -0.04906767432741706 0.9987954562051725 0
    outer loop
      vertex -33.931556878248166 -43.059792467712846 -2.5
      vertex -34.75 -43.1 2.5
      vertex -33.931556878248166 -43.059792467712846 2.5
    endloop
  endfacet
  facet normal -0.14673047445536802 0.98917650996478 0
    outer loop
      vertex -33.12099581116533 -42.93955709136697 2.5
      vertex -33.12099581116533 -42.93955709136697 -2.5
      vertex -33.931556878248166 -43.059792467712846 2.5
    endloop
  endfacet
  facet normal -0.24298017990325782 0.9700312531945453 0
    outer loop
      vertex -32.32612294492524 -42.740451803363946 2.5
      vertex -32.32612294492524 -42.740451803363946 -2.5
      vertex -33.12099581116533 -42.93955709136697 2.5
    endloop
  endfacet
  facet normal -0.33688985339222477 0.941544065183019 0
    outer loop
      vertex -31.5545933397515 -42.46439409646924 2.5
      vertex -31.5545933397515 -42.46439409646924 -2.5
      vertex -32.32612294492524 -42.740451803363946 2.5
    endloop
  endfacet
  facet normal -0.4275550934302815 0.9039892931234437 0
    outer loop
      vertex -30.81383724750292 -42.114042557308764 2.5
      vertex -30.81383724750292 -42.114042557308764 -2.5
      vertex -31.5545933397515 -42.46439409646924 2.5
    endloop
  endfacet
  facet normal -0.5141027441932204 0.8577286100002729 0
    outer loop
      vertex -30.110988554286322 -41.692771262726254 2.5
      vertex -30.110988554286322 -41.692771262726254 -2.5
      vertex -30.81383724750292 -42.114042557308764 2.5
    endloop
  endfacet
  facet normal -0.5956993044924327 0.8032075314806454 0
    outer loop
      vertex -29.45281607723356 -41.204637285578855 2.5
      vertex -29.45281607723356 -41.204637285578855 -2.5
      vertex -30.110988554286322 -41.692771262726254 2.5
    endloop
  endfacet
  facet normal -0.6715589548470181 0.7409511253549595 0
    outer loop
      vertex -28.845658377092327 -40.65434162290767 2.5
      vertex -28.845658377092327 -40.65434162290767 -2.5
      vertex -29.45281607723356 -41.204637285578855 2.5
    endloop
  endfacet
  facet normal -0.7409511253549614 0.6715589548470159 0
    outer loop
      vertex -28.845658377092327 -40.65434162290767 2.5
      vertex -28.295362714421145 -40.047183922766436 2.5
      vertex -28.295362714421145 -40.047183922766436 -2.5
    endloop
  endfacet
  facet normal 0.24298017990326193 -0.9700312531945445 0
    outer loop
      vertex -37.17387705507476 -26.759548196636057 2.5
      vertex -37.17387705507476 -26.759548196636057 -2.5
      vertex -36.37900418883467 -26.56044290863303 2.5
    endloop
  endfacet
  facet normal 0.14673047445536802 -0.98917650996478 0
    outer loop
      vertex -36.37900418883467 -26.56044290863303 2.5
      vertex -36.37900418883467 -26.56044290863303 -2.5
      vertex -35.568443121751834 -26.440207532287154 2.5
    endloop
  endfacet
  facet normal 0.04906767432741706 -0.9987954562051725 0
    outer loop
      vertex -35.568443121751834 -26.440207532287154 2.5
      vertex -35.568443121751834 -26.440207532287154 -2.5
      vertex -34.75 -26.4 2.5
    endloop
  endfacet
  facet normal -0.04906767432741706 -0.9987954562051725 0
    outer loop
      vertex -34.75 -26.4 2.5
      vertex -34.75 -26.4 -2.5
      vertex -33.931556878248166 -26.440207532287154 2.5
    endloop
  endfacet
  facet normal -0.14673047445536802 -0.98917650996478 0
    outer loop
      vertex -33.931556878248166 -26.440207532287154 2.5
      vertex -33.931556878248166 -26.440207532287154 -2.5
      vertex -33.12099581116533 -26.56044290863303 2.5
    endloop
  endfacet
  facet normal -0.24298017990326193 -0.9700312531945445 0
    outer loop
      vertex -33.12099581116533 -26.56044290863303 2.5
      vertex -33.12099581116533 -26.56044290863303 -2.5
      vertex -32.32612294492524 -26.759548196636057 2.5
    endloop
  endfacet
  facet normal -0.33688985339222094 -0.9415440651830204 0
    outer loop
      vertex -32.32612294492524 -26.759548196636057 2.5
      vertex -32.32612294492524 -26.759548196636057 -2.5
      vertex -31.5545933397515 -27.035605903530758 2.5
    endloop
  endfacet
  facet normal -0.4275550934302815 -0.9039892931234437 0
    outer loop
      vertex -31.5545933397515 -27.035605903530758 2.5
      vertex -31.5545933397515 -27.035605903530758 -2.5
      vertex -30.81383724750292 -27.385957442691236 2.5
    endloop
  endfacet
  facet normal -0.5141027441932204 -0.8577286100002729 0
    outer loop
      vertex -30.81383724750292 -27.385957442691236 2.5
      vertex -30.81383724750292 -27.385957442691236 -2.5
      vertex -30.110988554286322 -27.807228737273746 2.5
    endloop
  endfacet
  facet normal -0.5956993044924327 -0.8032075314806454 0
    outer loop
      vertex -30.110988554286322 -27.807228737273746 2.5
      vertex -30.110988554286322 -27.807228737273746 -2.5
      vertex -29.45281607723356 -28.295362714421145 2.5
    endloop
  endfacet
  facet normal -0.6715589548470181 -0.7409511253549595 0
    outer loop
      vertex -29.45281607723356 -28.295362714421145 2.5
      vertex -29.45281607723356 -28.295362714421145 -2.5
      vertex -28.845658377092327 -28.845658377092327 2.5
    endloop
  endfacet
  facet normal -0.7409511253549595 -0.6715589548470181 0
    outer loop
      vertex -28.295362714421145 -29.45281607723356 2.5
      vertex -28.845658377092327 -28.845658377092327 2.5
      vertex -28.845658377092327 -28.845658377092327 -2.5
    endloop
  endfacet
  facet normal -0.8032075314806454 -0.5956993044924327 0
    outer loop
      vertex -27.807228737273746 -30.110988554286322 2.5
      vertex -28.295362714421145 -29.45281607723356 2.5
      vertex -28.295362714421145 -29.45281607723356 -2.5
    endloop
  endfacet
  facet normal -0.8032075314806438 0.5956993044924348 0
    outer loop
      vertex -28.295362714421145 -40.047183922766436 2.5
      vertex -27.807228737273746 -39.38901144571368 2.5
      vertex -27.807228737273746 -39.38901144571368 -2.5
    endloop
  endfacet
  facet normal -0.8577286100002717 0.5141027441932223 0
    outer loop
      vertex -27.807228737273746 -39.38901144571368 2.5
      vertex -27.385957442691236 -38.68616275249708 2.5
      vertex -27.385957442691236 -38.68616275249708 -2.5
    endloop
  endfacet
  facet normal -0.9039892931234444 0.4275550934302798 0
    outer loop
      vertex -27.385957442691236 -38.68616275249708 2.5
      vertex -27.035605903530758 -37.9454066602485 2.5
      vertex -27.035605903530758 -37.9454066602485 -2.5
    endloop
  endfacet
  facet normal -0.9415440651830204 0.33688985339222094 0
    outer loop
      vertex -27.035605903530758 -37.9454066602485 2.5
      vertex -26.759548196636057 -37.17387705507476 2.5
      vertex -26.759548196636057 -37.17387705507476 -2.5
    endloop
  endfacet
  facet normal -0.9700312531945445 0.24298017990326193 0
    outer loop
      vertex -26.759548196636057 -37.17387705507476 2.5
      vertex -26.56044290863303 -36.37900418883467 2.5
      vertex -26.56044290863303 -36.37900418883467 -2.5
    endloop
  endfacet
  facet normal -0.98917650996478 0.14673047445536802 0
    outer loop
      vertex -26.56044290863303 -36.37900418883467 2.5
      vertex -26.440207532287154 -35.568443121751834 2.5
      vertex -26.440207532287154 -35.568443121751834 -2.5
    endloop
  endfacet
  facet normal -0.9987954562051725 0.04906767432741706 0
    outer loop
      vertex -26.440207532287154 -35.568443121751834 2.5
      vertex -26.4 -34.75 2.5
      vertex -26.4 -34.75 -2.5
    endloop
  endfacet
  facet normal -0.9987954562051725 -0.04906767432741706 0
    outer loop
      vertex -26.4 -34.75 2.5
      vertex -26.440207532287154 -33.931556878248166 2.5
      vertex -26.440207532287154 -33.931556878248166 -2.5
    endloop
  endfacet
  facet normal -0.98917650996478 -0.14673047445536802 0
    outer loop
      vertex -26.440207532287154 -33.931556878248166 2.5
      vertex -26.56044290863303 -33.12099581116533 2.5
      vertex -26.56044290863303 -33.12099581116533 -2.5
    endloop
  endfacet
  facet normal -0.8577286100002729 -0.5141027441932204 0
    outer loop
      vertex -27.385957442691236 -30.81383724750292 2.5
      vertex -27.807228737273746 -30.110988554286322 2.5
      vertex -27.807228737273746 -30.110988554286322 -2.5
    endloop
  endfacet
  facet normal -0.9039892931234437 -0.4275550934302815 0
    outer loop
      vertex -27.035605903530758 -31.5545933397515 2.5
      vertex -27.385957442691236 -30.81383724750292 2.5
      vertex -27.385957442691236 -30.81383724750292 -2.5
    endloop
  endfacet
  facet normal -0.9700312531945445 -0.24298017990326193 0
    outer loop
      vertex -26.56044290863303 -33.12099581116533 2.5
      vertex -26.759548196636057 -32.32612294492524 2.5
      vertex -26.759548196636057 -32.32612294492524 -2.5
    endloop
  endfacet
  facet normal -0.9415440651830204 -0.33688985339222094 0
    outer loop
      vertex -26.759548196636057 -32.32612294492524 2.5
      vertex -27.035605903530758 -31.5545933397515 2.5
      vertex -27.035605903530758 -31.5545933397515 -2.5
    endloop
  endfacet
  facet normal 0.9602936856769431 0.27899110603922966 0
    outer loop
      vertex -29.057494833858932 -7.460696614945645 2.5
      vertex -28.531695488854606 -9.270509831248422 2.5
      vertex -28.531695488854606 -9.270509831248422 -2.5
    endloop
  endfacet
  facet normal 0.9759167619387474 0.2181432413965424 0
    outer loop
      vertex -29.468617521860658 -5.621439437571745 2.5
      vertex -29.057494833858932 -7.460696614945645 2.5
      vertex -29.057494833858932 -7.460696614945645 -2.5
    endloop
  endfacet
  facet normal 0.9876883405951374 0.1564344650402323 0
    outer loop
      vertex -29.763441039434337 -3.759997006929122 2.5
      vertex -29.468617521860658 -5.621439437571745 2.5
      vertex -29.468617521860658 -5.621439437571745 -2.5
    endloop
  endfacet
  facet normal 0.9955619646030802 0.0941083133185131 0
    outer loop
      vertex -29.940801852848146 -1.8837155858793984 2.5
      vertex -29.763441039434337 -3.759997006929122 2.5
      vertex -29.763441039434337 -3.759997006929122 -2.5
    endloop
  endfacet
  facet normal 0.9995065603657315 0.031410759078128625 0
    outer loop
      vertex -30 0 2.5
      vertex -29.940801852848146 -1.8837155858793984 2.5
      vertex -29.940801852848146 -1.8837155858793984 -2.5
    endloop
  endfacet
  facet normal 0.7901550123756899 0.6129070536529773 0
    outer loop
      vertex -24.270509831248425 -17.633557568774194 2.5
      vertex -23.11539728327368 -19.122719692460688 2.5
      vertex -23.11539728327368 -19.122719692460688 -2.5
    endloop
  endfacet
  facet normal 0.9177546256839803 0.39714789063478256 0
    outer loop
      vertex -27.893294576647545 -11.043736580540337 2.5
      vertex -27.144811573980586 -12.773378746952172 2.5
      vertex -27.144811573980586 -12.773378746952172 -2.5
    endloop
  endfacet
  facet normal 0.8910065241883678 0.4539904997395469 0
    outer loop
      vertex -27.144811573980586 -12.773378746952172 2.5
      vertex -26.289200401315902 -14.452610223051462 2.5
      vertex -26.289200401315902 -14.452610223051462 -2.5
    endloop
  endfacet
  facet normal 0.8270805742745622 0.5620833778521301 0
    outer loop
      vertex -25.32983776506045 -16.074803849369903 2.5
      vertex -24.270509831248425 -17.633557568774194 2.5
      vertex -24.270509831248425 -17.633557568774194 -2.5
    endloop
  endfacet
  facet normal 0.8607420270039445 0.5090414157503699 0
    outer loop
      vertex -26.289200401315902 -14.452610223051462 2.5
      vertex -25.32983776506045 -16.074803849369903 2.5
      vertex -25.32983776506045 -16.074803849369903 -2.5
    endloop
  endfacet
  facet normal 0.7501110696304601 0.6613118653236515 0
    outer loop
      vertex -23.11539728327368 -19.122719692460688 2.5
      vertex -21.86905882264235 -20.536413177860656 2.5
      vertex -21.86905882264235 -20.536413177860656 -2.5
    endloop
  endfacet
  facet normal 0.7071067811865476 0.7071067811865476 0
    outer loop
      vertex -21.86905882264235 -20.536413177860656 2.5
      vertex -20.536413177860656 -21.86905882264235 2.5
      vertex -20.536413177860656 -21.86905882264235 -2.5
    endloop
  endfacet
  facet normal 0.6613118653236515 0.7501110696304601 0
    outer loop
      vertex -19.122719692460688 -23.11539728327368 2.5
      vertex -19.122719692460688 -23.11539728327368 -2.5
      vertex -20.536413177860656 -21.86905882264235 2.5
    endloop
  endfacet
  facet normal 0.9408807689542261 0.3387379202452896 0
    outer loop
      vertex -28.531695488854606 -9.270509831248422 2.5
      vertex -27.893294576647545 -11.043736580540337 2.5
      vertex -27.893294576647545 -11.043736580540337 -2.5
    endloop
  endfacet
  facet normal 0.6129070536529773 0.7901550123756899 0
    outer loop
      vertex -17.633557568774194 -24.270509831248425 2.5
      vertex -17.633557568774194 -24.270509831248425 -2.5
      vertex -19.122719692460688 -23.11539728327368 2.5
    endloop
  endfacet
  facet normal 0.5620833778521301 0.8270805742745622 0
    outer loop
      vertex -16.074803849369903 -25.32983776506045 2.5
      vertex -16.074803849369903 -25.32983776506045 -2.5
      vertex -17.633557568774194 -24.270509831248425 2.5
    endloop
  endfacet
  facet normal 0.5090414157503699 0.8607420270039445 0
    outer loop
      vertex -14.452610223051462 -26.289200401315902 2.5
      vertex -14.452610223051462 -26.289200401315902 -2.5
      vertex -16.074803849369903 -25.32983776506045 2.5
    endloop
  endfacet
  facet normal 0.4539904997395469 0.8910065241883678 0
    outer loop
      vertex -12.773378746952172 -27.144811573980586 2.5
      vertex -12.773378746952172 -27.144811573980586 -2.5
      vertex -14.452610223051462 -26.289200401315902 2.5
    endloop
  endfacet
  facet normal 0.39714789063478256 0.9177546256839803 0
    outer loop
      vertex -11.043736580540337 -27.893294576647545 2.5
      vertex -11.043736580540337 -27.893294576647545 -2.5
      vertex -12.773378746952172 -27.144811573980586 2.5
    endloop
  endfacet
  facet normal 0.3387379202452896 0.9408807689542261 0
    outer loop
      vertex -9.270509831248422 -28.531695488854606 2.5
      vertex -9.270509831248422 -28.531695488854606 -2.5
      vertex -11.043736580540337 -27.893294576647545 2.5
    endloop
  endfacet
  facet normal 0.27899110603922966 0.9602936856769431 0
    outer loop
      vertex -7.460696614945645 -29.057494833858932 2.5
      vertex -7.460696614945645 -29.057494833858932 -2.5
      vertex -9.270509831248422 -28.531695488854606 2.5
    endloop
  endfacet
  facet normal 0.2181432413965424 0.9759167619387474 0
    outer loop
      vertex -5.621439437571745 -29.468617521860658 2.5
      vertex -5.621439437571745 -29.468617521860658 -2.5
      vertex -7.460696614945645 -29.057494833858932 2.5
    endloop
  endfacet
  facet normal 0.09410831331851381 0.99556196460308 0
    outer loop
      vertex -1.8837155858794128 -29.940801852848146 2.5
      vertex -1.8837155858794128 -29.940801852848146 -2.5
      vertex -3.759997006929122 -29.763441039434337 2.5
    endloop
  endfacet
  facet normal 0.03141075907812839 0.9995065603657315 0
    outer loop
      vertex 0 -30 2.5
      vertex 0 -30 -2.5
      vertex -1.8837155858794128 -29.940801852848146 2.5
    endloop
  endfacet
  facet normal 0.1564344650402323 0.9876883405951374 0
    outer loop
      vertex -3.759997006929122 -29.763441039434337 2.5
      vertex -3.759997006929122 -29.763441039434337 -2.5
      vertex -5.621439437571745 -29.468617521860658 2.5
    endloop
  endfacet
  facet normal 0 0 1
    outer loop
      vertex -31.5545933397515 -27.035605903530758 2.5
      vertex -30.81383724750292 -27.385957442691236 2.5
      vertex -24.270509831248425 -17.633557568774194 2.5
    endloop
  endfacet
  facet normal 0 0 1
    outer loop
      vertex -30.81383724750292 -27.385957442691236 2.5
      vertex -30.110988554286322 -27.807228737273746 2.5
      vertex -24.270509831248425 -17.633557568774194 2.5
    endloop
  endfacet
  facet normal 0 0 1
    outer loop
      vertex -27.385957442691236 -38.68616275249708 2.5
      vertex -3.004446409583685 -65.09566752517163 2.5
      vertex -27.035605903530758 -37.9454066602485 2.5
    endloop
  endfacet
  facet normal 0 0 1
    outer loop
      vertex -26.56044290863303 -33.12099581116533 2.5
      vertex -17.633557568774194 -24.270509831248425 2.5
      vertex -26.759548196636057 -32.32612294492524 2.5
    endloop
  endfacet
  facet normal 0 0 1
    outer loop
      vertex -28.295362714421145 -29.45281607723356 2.5
      vertex -20.536413177860656 -21.86905882264235 2.5
      vertex -28.845658377092327 -28.845658377092327 2.5
    endloop
  endfacet
  facet normal 0 0 1
    outer loop
      vertex -30.110988554286322 -27.807228737273746 2.5
      vertex -29.45281607723356 -28.295362714421145 2.5
      vertex -23.11539728327368 -19.122719692460688 2.5
    endloop
  endfacet
  facet normal 0 0 1
    outer loop
      vertex -29.45281607723356 -28.295362714421145 2.5
      vertex -28.845658377092327 -28.845658377092327 2.5
      vertex -21.86905882264235 -20.536413177860656 2.5
    endloop
  endfacet
  facet normal 0 0 1
    outer loop
      vertex -27.807228737273746 -30.110988554286322 2.5
      vertex -20.536413177860656 -21.86905882264235 2.5
      vertex -28.295362714421145 -29.45281607723356 2.5
    endloop
  endfacet
  facet normal 0 0 1
    outer loop
      vertex -27.385957442691236 -30.81383724750292 2.5
      vertex -19.122719692460688 -23.11539728327368 2.5
      vertex -27.807228737273746 -30.110988554286322 2.5
    endloop
  endfacet
  facet normal 0 0 1
    outer loop
      vertex -27.035605903530758 -31.5545933397515 2.5
      vertex -19.122719692460688 -23.11539728327368 2.5
      vertex -27.385957442691236 -30.81383724750292 2.5
    endloop
  endfacet
  facet normal 0 0 1
    outer loop
      vertex -26.759548196636057 -32.32612294492524 2.5
      vertex -17.633557568774194 -24.270509831248425 2.5
      vertex -27.035605903530758 -31.5545933397515 2.5
    endloop
  endfacet
  facet normal 0 0 1
    outer loop
      vertex -21.86905882264235 -20.536413177860656 2.5
      vertex -28.845658377092327 -28.845658377092327 2.5
      vertex -20.536413177860656 -21.86905882264235 2.5
    endloop
  endfacet
  facet normal 0 0 1
    outer loop
      vertex -26.4 -34.75 2.5
      vertex -14.452610223051462 -26.289200401315902 2.5
      vertex -26.440207532287154 -33.931556878248166 2.5
    endloop
  endfacet
  facet normal 0 0 1
    outer loop
      vertex -26.440207532287154 -33.931556878248166 2.5
      vertex -16.074803849369903 -25.32983776506045 2.5
      vertex -26.56044290863303 -33.12099581116533 2.5
    endloop
  endfacet
  facet normal 0 0 1
    outer loop
      vertex -19.122719692460688 -23.11539728327368 2.5
      vertex -20.536413177860656 -21.86905882264235 2.5
      vertex -27.807228737273746 -30.110988554286322 2.5
    endloop
  endfacet
  facet normal 0 0 1
    outer loop
      vertex -17.633557568774194 -24.270509831248425 2.5
      vertex -19.122719692460688 -23.11539728327368 2.5
      vertex -27.035605903530758 -31.5545933397515 2.5
    endloop
  endfacet
  facet normal 0 0 1
    outer loop
      vertex -26.56044290863303 -33.12099581116533 2.5
      vertex -16.074803849369903 -25.32983776506045 2.5
      vertex -17.633557568774194 -24.270509831248425 2.5
    endloop
  endfacet
  facet normal 0 0 1
    outer loop
      vertex -14.452610223051462 -26.289200401315902 2.5
      vertex -16.074803849369903 -25.32983776506045 2.5
      vertex -26.440207532287154 -33.931556878248166 2.5
    endloop
  endfacet
  facet normal 0 0 1
    outer loop
      vertex -40.65434162290767 -28.845658377092327 2.5
      vertex -40.047183922766436 -28.295362714421145 2.5
      vertex -29.940801852848146 -1.8837155858793984 2.5
    endloop
  endfacet
  facet normal 0 0 1
    outer loop
      vertex -40.047183922766436 -28.295362714421145 2.5
      vertex -39.38901144571368 -27.807228737273746 2.5
      vertex -29.763441039434337 -3.759997006929122 2.5
    endloop
  endfacet
  facet normal 0 0 1
    outer loop
      vertex -39.38901144571368 -27.807228737273746 2.5
      vertex -38.68616275249708 -27.385957442691236 2.5
      vertex -29.468617521860658 -5.621439437571745 2.5
    endloop
  endfacet
  facet normal 0 0 1
    outer loop
      vertex -38.68616275249708 -27.385957442691236 2.5
      vertex -37.9454066602485 -27.035605903530758 2.5
      vertex -29.057494833858932 -7.460696614945645 2.5
    endloop
  endfacet
  facet normal 0 0 1
    outer loop
      vertex -37.17387705507476 -26.759548196636057 2.5
      vertex -36.37900418883467 -26.56044290863303 2.5
      vertex -28.531695488854606 -9.270509831248422 2.5
    endloop
  endfacet
  facet normal 0 0 1
    outer loop
      vertex -36.37900418883467 -26.56044290863303 2.5
      vertex -35.568443121751834 -26.440207532287154 2.5
      vertex -27.893294576647545 -11.043736580540337 2.5
    endloop
  endfacet
  facet normal 0 0 1
    outer loop
      vertex -37.9454066602485 -27.035605903530758 2.5
      vertex -37.17387705507476 -26.759548196636057 2.5
      vertex -29.057494833858932 -7.460696614945645 2.5
    endloop
  endfacet
  facet normal 0 0 1
    outer loop
      vertex -39.38901144571368 -27.807228737273746 2.5
      vertex -29.468617521860658 -5.621439437571745 2.5
      vertex -29.763441039434337 -3.759997006929122 2.5
    endloop
  endfacet
  facet normal 0 0 1
    outer loop
      vertex -35.568443121751834 -26.440207532287154 2.5
      vertex -34.75 -26.4 2.5
      vertex -27.144811573980586 -12.773378746952172 2.5
    endloop
  endfacet
  facet normal 0 0 1
    outer loop
      vertex -34.75 -26.4 2.5
      vertex -33.931556878248166 -26.440207532287154 2.5
      vertex -27.144811573980586 -12.773378746952172 2.5
    endloop
  endfacet
  facet normal 0 0 1
    outer loop
      vertex -33.931556878248166 -26.440207532287154 2.5
      vertex -33.12099581116533 -26.56044290863303 2.5
      vertex -26.289200401315902 -14.452610223051462 2.5
    endloop
  endfacet
  facet normal 0 0 1
    outer loop
      vertex -33.12099581116533 -26.56044290863303 2.5
      vertex -32.32612294492524 -26.759548196636057 2.5
      vertex -25.32983776506045 -16.074803849369903 2.5
    endloop
  endfacet
  facet normal 0 0 1
    outer loop
      vertex -32.32612294492524 -26.759548196636057 2.5
      vertex -31.5545933397515 -27.035605903530758 2.5
      vertex -25.32983776506045 -16.074803849369903 2.5
    endloop
  endfacet
  facet normal 0 0 1
    outer loop
      vertex -27.144811573980586 -12.773378746952172 2.5
      vertex -33.931556878248166 -26.440207532287154 2.5
      vertex -26.289200401315902 -14.452610223051462 2.5
    endloop
  endfacet
  facet normal 0 0 1
    outer loop
      vertex -33.12099581116533 -26.56044290863303 2.5
      vertex -25.32983776506045 -16.074803849369903 2.5
      vertex -26.289200401315902 -14.452610223051462 2.5
    endloop
  endfacet
  facet normal 0 0 1
    outer loop
      vertex -36.37900418883467 -26.56044290863303 2.5
      vertex -27.893294576647545 -11.043736580540337 2.5
      vertex -28.531695488854606 -9.270509831248422 2.5
    endloop
  endfacet
  facet normal 0 0 1
    outer loop
      vertex -38.68616275249708 -27.385957442691236 2.5
      vertex -29.057494833858932 -7.460696614945645 2.5
      vertex -29.468617521860658 -5.621439437571745 2.5
    endloop
  endfacet
  facet normal 0 0 1
    outer loop
      vertex -29.057494833858932 -7.460696614945645 2.5
      vertex -37.17387705507476 -26.759548196636057 2.5
      vertex -28.531695488854606 -9.270509831248422 2.5
    endloop
  endfacet
  facet normal 0 0 1
    outer loop
      vertex -35.568443121751834 -26.440207532287154 2.5
      vertex -27.144811573980586 -12.773378746952172 2.5
      vertex -27.893294576647545 -11.043736580540337 2.5
    endloop
  endfacet
  facet normal 0 0 1
    outer loop
      vertex -40.047183922766436 -28.295362714421145 2.5
      vertex -29.763441039434337 -3.759997006929122 2.5
      vertex -29.940801852848146 -1.8837155858793984 2.5
    endloop
  endfacet
  facet normal 0 0 1
    outer loop
      vertex -40.65434162290767 -28.845658377092327 2.5
      vertex -29.940801852848146 -1.8837155858793984 2.5
      vertex -30 0 2.5
    endloop
  endfacet
  facet normal 0 0 1
    outer loop
      vertex -24.270509831248425 -17.633557568774194 2.5
      vertex -30.110988554286322 -27.807228737273746 2.5
      vertex -23.11539728327368 -19.122719692460688 2.5
    endloop
  endfacet
  facet normal 0 0 1
    outer loop
      vertex -31.5545933397515 -27.035605903530758 2.5
      vertex -24.270509831248425 -17.633557568774194 2.5
      vertex -25.32983776506045 -16.074803849369903 2.5
    endloop
  endfacet
  facet normal 0 0 1
    outer loop
      vertex -29.45281607723356 -28.295362714421145 2.5
      vertex -21.86905882264235 -20.536413177860656 2.5
      vertex -23.11539728327368 -19.122719692460688 2.5
    endloop
  endfacet
  facet normal 0 0 1
    outer loop
      vertex -27.035605903530758 -37.9454066602485 2.5
      vertex -2.0191848328669275 -64.84887234782657 2.5
      vertex -26.759548196636057 -37.17387705507476 2.5
    endloop
  endfacet
  facet normal 0 0 1
    outer loop
      vertex -26.759548196636057 -37.17387705507476 2.5
      vertex -1.0144774024109522 -64.69983807894276 2.5
      vertex -26.56044290863303 -36.37900418883467 2.5
    endloop
  endfacet
  facet normal 0 0 1
    outer loop
      vertex 0 -64.65 2.5
      vertex -26.440207532287154 -35.568443121751834 2.5
      vertex -26.56044290863303 -36.37900418883467 2.5
    endloop
  endfacet
  facet normal 0 0 1
    outer loop
      vertex 0 -64.65 2.5
      vertex -26.4 -34.75 2.5
      vertex -26.440207532287154 -35.568443121751834 2.5
    endloop
  endfacet
  facet normal 0 0 1
    outer loop
      vertex -11.043736580540337 -27.893294576647545 2.5
      vertex -12.773378746952172 -27.144811573980586 2.5
      vertex -26.4 -34.75 2.5
    endloop
  endfacet
  facet normal 0 0 1
    outer loop
      vertex -9.270509831248422 -28.531695488854606 2.5
      vertex -11.043736580540337 -27.893294576647545 2.5
      vertex -26.4 -34.75 2.5
    endloop
  endfacet
  facet normal 0 0 1
    outer loop
      vertex -7.460696614945645 -29.057494833858932 2.5
      vertex -9.270509831248422 -28.531695488854606 2.5
      vertex -26.4 -34.75 2.5
    endloop
  endfacet
  facet normal 0 0 1
    outer loop
      vertex -12.773378746952172 -27.144811573980586 2.5
      vertex -14.452610223051462 -26.289200401315902 2.5
      vertex -26.4 -34.75 2.5
    endloop
  endfacet
  facet normal 0 0 1
    outer loop
      vertex -5.621439437571745 -29.468617521860658 2.5
      vertex -7.460696614945645 -29.057494833858932 2.5
      vertex -26.4 -34.75 2.5
    endloop
  endfacet
  facet normal 0 0 1
    outer loop
      vertex -3.759997006929122 -29.763441039434337 2.5
      vertex -5.621439437571745 -29.468617521860658 2.5
      vertex -26.4 -34.75 2.5
    endloop
  endfacet
  facet normal 0 0 1
    outer loop
      vertex -1.8837155858794128 -29.940801852848146 2.5
      vertex -3.759997006929122 -29.763441039434337 2.5
      vertex -26.4 -34.75 2.5
    endloop
  endfacet
  facet normal 0 0 1
    outer loop
      vertex 0 -30 2.5
      vertex -1.8837155858794128 -29.940801852848146 2.5
      vertex -26.4 -34.75 2.5
    endloop
  endfacet
  facet normal 0 0 1
    outer loop
      vertex -26.4 -34.75 2.5
      vertex 1.8837155858794128 -29.940801852848146 2.5
      vertex 0 -30 2.5
    endloop
  endfacet
  facet normal 0 0 1
    outer loop
      vertex -26.4 -34.75 2.5
      vertex 3.759997006929122 -29.763441039434337 2.5
      vertex 1.8837155858794128 -29.940801852848146 2.5
    endloop
  endfacet
  facet normal 0 0 -1
    outer loop
      vertex -75 95 -2.5
      vertex -43.1 34.75 -2.5
      vertex -56.56597049109373 -66.99934180769567 -2.5
    endloop
  endfacet
  facet normal 0 0 -1
    outer loop
      vertex -43.1 -34.75 -2.5
      vertex -42.93955709136697 33.12099581116533 -2.5
      vertex -42.740451803363946 32.32612294492524 -2.5
    endloop
  endfacet
  facet normal 0 0 -1
    outer loop
      vertex -43.059792467712846 -33.931556878248166 -2.5
      vertex -42.740451803363946 32.32612294492524 -2.5
      vertex -42.46439409646924 31.5545933397515 -2.5
    endloop
  endfacet
  facet normal 0 0 -1
    outer loop
      vertex -43.1 -34.75 -2.5
      vertex -43.059792467712846 33.931556878248166 -2.5
      vertex -42.93955709136697 33.12099581116533 -2.5
    endloop
  endfacet
  facet normal 0 0 -1
    outer loop
      vertex -43.1 -34.75 -2.5
      vertex -43.1 34.75 -2.5
      vertex -43.059792467712846 33.931556878248166 -2.5
    endloop
  endfacet
  facet normal 0 0 -1
    outer loop
      vertex -42.114042557308764 -30.81383724750292 -2.5
      vertex -42.46439409646924 31.5545933397515 -2.5
      vertex -42.114042557308764 30.81383724750292 -2.5
    endloop
  endfacet
  facet normal 0 0 -1
    outer loop
      vertex -41.692771262726254 -30.110988554286322 -2.5
      vertex -42.114042557308764 30.81383724750292 -2.5
      vertex -41.692771262726254 30.110988554286322 -2.5
    endloop
  endfacet
  facet normal 0 0 -1
    outer loop
      vertex -41.204637285578855 -29.45281607723356 -2.5
      vertex -41.692771262726254 30.110988554286322 -2.5
      vertex -41.204637285578855 29.45281607723356 -2.5
    endloop
  endfacet
  facet normal 0 0 -1
    outer loop
      vertex -43.1 34.75 -2.5
      vertex -55.75015191175288 66.39428951266865 -2.5
      vertex -43.059792467712846 35.568443121751834 -2.5
    endloop
  endfacet
  facet normal 0 0 -1
    outer loop
      vertex -43.059792467712846 35.568443121751834 -2.5
      vertex -54.87895622614907 65.87211491399452 -2.5
      vertex -42.93955709136697 36.37900418883467 -2.5
    endloop
  endfacet
  facet normal 0 0 -1
    outer loop
      vertex -42.93955709136697 36.37900418883467 -2.5
      vertex -54.87895622614907 65.87211491399452 -2.5
      vertex -42.740451803363946 37.17387705507476 -2.5
    endloop
  endfacet
  facet normal 0 0 -1
    outer loop
      vertex -42.740451803363946 37.17387705507476 -2.5
      vertex -53.96077352497868 65.43784683850818 -2.5
      vertex -42.46439409646924 37.9454066602485 -2.5
    endloop
  endfacet
  facet normal 0 0 -1
    outer loop
      vertex -42.46439409646924 37.9454066602485 -2.5
      vertex -53.004446409583686 65.09566752517163 -2.5
      vertex -42.114042557308764 38.68616275249708 -2.5
    endloop
  endfacet
  facet normal -1 0 0
    outer loop
      vertex -75 -95 -2.5
      vertex -75 95 2.5
      vertex -75 95 -2.5
    endloop
  endfacet
  facet normal 0.9039892931234437 0.4275550934302815 0
    outer loop
      vertex -42.46439409646924 31.5545933397515 2.5
      vertex -42.114042557308764 30.81383724750292 -2.5
      vertex -42.46439409646924 31.5545933397515 -2.5
    endloop
  endfacet
  facet normal 0.941544065183019 0.33688985339222477 0
    outer loop
      vertex -42.740451803363946 32.32612294492524 2.5
      vertex -42.46439409646924 31.5545933397515 -2.5
      vertex -42.740451803363946 32.32612294492524 -2.5
    endloop
  endfacet
  facet normal 0.9700312531945453 0.24298017990325782 0
    outer loop
      vertex -42.93955709136697 33.12099581116533 2.5
      vertex -42.740451803363946 32.32612294492524 -2.5
      vertex -42.93955709136697 33.12099581116533 -2.5
    endloop
  endfacet
  facet normal 0.98917650996478 0.14673047445536802 0
    outer loop
      vertex -43.059792467712846 33.931556878248166 2.5
      vertex -42.93955709136697 33.12099581116533 -2.5
      vertex -43.059792467712846 33.931556878248166 -2.5
    endloop
  endfacet
  facet normal 0.9987954562051725 0.04906767432741706 0
    outer loop
      vertex -43.1 34.75 2.5
      vertex -43.059792467712846 33.931556878248166 -2.5
      vertex -43.1 34.75 -2.5
    endloop
  endfacet
  facet normal 0.9987954562051725 -0.04906767432741706 0
    outer loop
      vertex -43.059792467712846 35.568443121751834 2.5
      vertex -43.1 34.75 -2.5
      vertex -43.059792467712846 35.568443121751834 -2.5
    endloop
  endfacet
  facet normal 0.7409511253549595 0.6715589548470181 0
    outer loop
      vertex -41.204637285578855 29.45281607723356 2.5
      vertex -40.65434162290767 28.845658377092327 -2.5
      vertex -41.204637285578855 29.45281607723356 -2.5
    endloop
  endfacet
  facet normal 0.6715589548470159 0.7409511253549614 0
    outer loop
      vertex -40.65434162290767 28.845658377092327 2.5
      vertex -40.047183922766436 28.295362714421145 -2.5
      vertex -40.65434162290767 28.845658377092327 -2.5
    endloop
  endfacet
  facet normal 0.5956993044924348 0.8032075314806438 0
    outer loop
      vertex -40.047183922766436 28.295362714421145 2.5
      vertex -39.38901144571368 27.807228737273746 -2.5
      vertex -40.047183922766436 28.295362714421145 -2.5
    endloop
  endfacet
  facet normal 0.5141027441932223 0.8577286100002717 0
    outer loop
      vertex -39.38901144571368 27.807228737273746 2.5
      vertex -38.68616275249708 27.385957442691236 -2.5
      vertex -39.38901144571368 27.807228737273746 -2.5
    endloop
  endfacet
  facet normal 0.4275550934302798 0.9039892931234444 0
    outer loop
      vertex -38.68616275249708 27.385957442691236 2.5
      vertex -37.9454066602485 27.035605903530758 -2.5
      vertex -38.68616275249708 27.385957442691236 -2.5
    endloop
  endfacet
  facet normal 0.33688985339222094 0.9415440651830204 0
    outer loop
      vertex -37.9454066602485 27.035605903530758 2.5
      vertex -37.17387705507476 26.759548196636057 -2.5
      vertex -37.9454066602485 27.035605903530758 -2.5
    endloop
  endfacet
  facet normal 0.8577286100002729 0.5141027441932204 0
    outer loop
      vertex -42.114042557308764 30.81383724750292 2.5
      vertex -41.692771262726254 30.110988554286322 -2.5
      vertex -42.114042557308764 30.81383724750292 -2.5
    endloop
  endfacet
  facet normal 0.8032075314806454 0.5956993044924327 0
    outer loop
      vertex -41.692771262726254 30.110988554286322 2.5
      vertex -41.204637285578855 29.45281607723356 -2.5
      vertex -41.692771262726254 30.110988554286322 -2.5
    endloop
  endfacet
  facet normal 0.98917650996478 -0.14673047445536802 0
    outer loop
      vertex -42.93955709136697 36.37900418883467 2.5
      vertex -43.059792467712846 35.568443121751834 -2.5
      vertex -42.93955709136697 36.37900418883467 -2.5
    endloop
  endfacet
  facet normal 0.9700312531945453 -0.24298017990325782 0
    outer loop
      vertex -42.740451803363946 37.17387705507476 2.5
      vertex -42.93955709136697 36.37900418883467 -2.5
      vertex -42.740451803363946 37.17387705507476 -2.5
    endloop
  endfacet
  facet normal 0.941544065183019 -0.33688985339222477 0
    outer loop
      vertex -42.46439409646924 37.9454066602485 2.5
      vertex -42.740451803363946 37.17387705507476 -2.5
      vertex -42.46439409646924 37.9454066602485 -2.5
    endloop
  endfacet
  facet normal 0.9039892931234444 -0.4275550934302798 0
    outer loop
      vertex -42.114042557308764 38.68616275249708 2.5
      vertex -42.46439409646924 37.9454066602485 -2.5
      vertex -42.114042557308764 38.68616275249708 -2.5
    endloop
  endfacet
  facet normal 0.8577286100002717 -0.5141027441932223 0
    outer loop
      vertex -41.692771262726254 39.38901144571368 2.5
      vertex -42.114042557308764 38.68616275249708 -2.5
      vertex -41.692771262726254 39.38901144571368 -2.5
    endloop
  endfacet
  facet normal 0.8032075314806438 -0.5956993044924348 0
    outer loop
      vertex -41.204637285578855 40.047183922766436 2.5
      vertex -41.692771262726254 39.38901144571368 -2.5
      vertex -41.204637285578855 40.047183922766436 -2.5
    endloop
  endfacet
  facet normal 0.7409511253549614 -0.6715589548470159 0
    outer loop
      vertex -40.65434162290767 40.65434162290767 2.5
      vertex -41.204637285578855 40.047183922766436 -2.5
      vertex -40.65434162290767 40.65434162290767 -2.5
    endloop
  endfacet
  facet normal 0.6715589548470159 -0.7409511253549614 0
    outer loop
      vertex -40.047183922766436 41.204637285578855 2.5
      vertex -40.65434162290767 40.65434162290767 -2.5
      vertex -40.047183922766436 41.204637285578855 -2.5
    endloop
  endfacet
  facet normal 0.5956993044924348 -0.8032075314806438 0
    outer loop
      vertex -39.38901144571368 41.692771262726254 2.5
      vertex -40.047183922766436 41.204637285578855 -2.5
      vertex -39.38901144571368 41.692771262726254 -2.5
    endloop
  endfacet
  facet normal 0.5141027441932223 -0.8577286100002717 0
    outer loop
      vertex -38.68616275249708 42.114042557308764 2.5
      vertex -39.38901144571368 41.692771262726254 -2.5
      vertex -38.68616275249708 42.114042557308764 -2.5
    endloop
  endfacet
  facet normal 0.4275550934302798 -0.9039892931234444 0
    outer loop
      vertex -37.9454066602485 42.46439409646924 2.5
      vertex -38.68616275249708 42.114042557308764 -2.5
      vertex -37.9454066602485 42.46439409646924 -2.5
    endloop
  endfacet
  facet normal 0 0 -1
    outer loop
      vertex -75 95 -2.5
      vertex -59.56215316149182 71.03922647502132 -2.5
      vertex -43.1 34.75 -2.5
    endloop
  endfacet
  facet normal 0 0 -1
    outer loop
      vertex -75 95 -2.5
      vertex -59.904332474828365 71.99555359041632 -2.5
      vertex -59.56215316149182 71.03922647502132 -2.5
    endloop
  endfacet
  facet normal 0 0 -1
    outer loop
      vertex -75 95 -2.5
      vertex -60.151127652173436 72.98081516713307 -2.5
      vertex -59.904332474828365 71.99555359041632 -2.5
    endloop
  endfacet
  facet normal 0 0 -1
    outer loop
      vertex -75 95 -2.5
      vertex -60.30016192105724 73.98552259758905 -2.5
      vertex -60.151127652173436 72.98081516713307 -2.5
    endloop
  endfacet
  facet normal 0 0 -1
    outer loop
      vertex -75 95 -2.5
      vertex -60.35 75 -2.5
      vertex -60.30016192105724 73.98552259758905 -2.5
    endloop
  endfacet
  facet normal 0 0 -1
    outer loop
      vertex -75 95 -2.5
      vertex -60.30016192105724 76.01447740241095 -2.5
      vertex -60.35 75 -2.5
    endloop
  endfacet
  facet normal 0 0 -1
    outer loop
      vertex -75 95 -2.5
      vertex -60.151127652173436 77.01918483286693 -2.5
      vertex -60.30016192105724 76.01447740241095 -2.5
    endloop
  endfacet
  facet normal 0 0 -1
    outer loop
      vertex -75 95 -2.5
      vertex -59.904332474828365 78.00444640958368 -2.5
      vertex -60.151127652173436 77.01918483286693 -2.5
    endloop
  endfacet
  facet normal 0 0 -1
    outer loop
      vertex -75 95 -2.5
      vertex -59.56215316149182 78.96077352497868 -2.5
      vertex -59.904332474828365 78.00444640958368 -2.5
    endloop
  endfacet
  facet normal 0 0 -1
    outer loop
      vertex -75 95 -2.5
      vertex -59.12788508600548 79.87895622614907 -2.5
      vertex -59.56215316149182 78.96077352497868 -2.5
    endloop
  endfacet
  facet normal 0 0 -1
    outer loop
      vertex -75 95 -2.5
      vertex -58.60571048733134 80.75015191175288 -2.5
      vertex -59.12788508600548 79.87895622614907 -2.5
    endloop
  endfacet
  facet normal 0 0 -1
    outer loop
      vertex -75 95 -2.5
      vertex -58.00065819230433 81.56597049109374 -2.5
      vertex -58.60571048733134 80.75015191175288 -2.5
    endloop
  endfacet
  facet normal 0 0 -1
    outer loop
      vertex -75 95 -2.5
      vertex -57.318555185280765 82.31855518528077 -2.5
      vertex -58.00065819230433 81.56597049109374 -2.5
    endloop
  endfacet
  facet normal 0 0 -1
    outer loop
      vertex -75 95 -2.5
      vertex -56.56597049109373 83.00065819230433 -2.5
      vertex -57.318555185280765 82.31855518528077 -2.5
    endloop
  endfacet
  facet normal 0 0 -1
    outer loop
      vertex -75 95 -2.5
      vertex -55.75015191175288 83.60571048733135 -2.5
      vertex -56.56597049109373 83.00065819230433 -2.5
    endloop
  endfacet
  facet normal 0 0 -1
    outer loop
      vertex -75 95 -2.5
      vertex -54.87895622614907 84.12788508600548 -2.5
      vertex -55.75015191175288 83.60571048733135 -2.5
    endloop
  endfacet
  facet normal 0 0 -1
    outer loop
      vertex -75 95 -2.5
      vertex -53.96077352497868 84.56215316149182 -2.5
      vertex -54.87895622614907 84.12788508600548 -2.5
    endloop
  endfacet
  facet normal 0 0 -1
    outer loop
      vertex -75 95 -2.5
      vertex -53.004446409583686 84.90433247482837 -2.5
      vertex -53.96077352497868 84.56215316149182 -2.5
    endloop
  endfacet
  facet normal 0 0 -1
    outer loop
      vertex -75 95 -2.5
      vertex -52.01918483286693 85.15112765217343 -2.5
      vertex -53.004446409583686 84.90433247482837 -2.5
    endloop
  endfacet
  facet normal 0 0 -1
    outer loop
      vertex -75 95 -2.5
      vertex -51.014477402410954 85.30016192105724 -2.5
      vertex -52.01918483286693 85.15112765217343 -2.5
    endloop
  endfacet
  facet normal 0 0 -1
    outer loop
      vertex -75 95 -2.5
      vertex -50 85.35 -2.5
      vertex -51.014477402410954 85.30016192105724 -2.5
    endloop
  endfacet
  facet normal 0 0 -1
    outer loop
      vertex -75 95 -2.5
      vertex -48.985522597589046 85.30016192105724 -2.5
      vertex -50 85.35 -2.5
    endloop
  endfacet
  facet normal 0 0 -1
    outer loop
      vertex -75 95 -2.5
      vertex -47.98081516713307 85.15112765217343 -2.5
      vertex -48.985522597589046 85.30016192105724 -2.5
    endloop
  endfacet
  facet normal 0 0 -1
    outer loop
      vertex -59.12788508600548 70.12104377385093 -2.5
      vertex -43.1 34.75 -2.5
      vertex -59.56215316149182 71.03922647502132 -2.5
    endloop
  endfacet
  facet normal 0 0 -1
    outer loop
      vertex -43.1 34.75 -2.5
      vertex -56.56597049109373 66.99934180769567 -2.5
      vertex -55.75015191175288 66.39428951266865 -2.5
    endloop
  endfacet
  facet normal 0 0 -1
    outer loop
      vertex -57.318555185280765 67.68144481471923 -2.5
      vertex -43.1 34.75 -2.5
      vertex -58.00065819230433 68.43402950890626 -2.5
    endloop
  endfacet
  facet normal 0 0 -1
    outer loop
      vertex -58.00065819230433 68.43402950890626 -2.5
      vertex -43.1 34.75 -2.5
      vertex -58.60571048733134 69.24984808824712 -2.5
    endloop
  endfacet
  facet normal 0 0 -1
    outer loop
      vertex -58.60571048733134 69.24984808824712 -2.5
      vertex -43.1 34.75 -2.5
      vertex -59.12788508600548 70.12104377385093 -2.5
    endloop
  endfacet
  facet normal 0 0 -1
    outer loop
      vertex -43.1 34.75 -2.5
      vertex -57.318555185280765 67.68144481471923 -2.5
      vertex -56.56597049109373 66.99934180769567 -2.5
    endloop
  endfacet
  facet normal 0 0 -1
    outer loop
      vertex -43.059792467712846 35.568443121751834 -2.5
      vertex -55.75015191175288 66.39428951266865 -2.5
      vertex -54.87895622614907 65.87211491399452 -2.5
    endloop
  endfacet
  facet normal 0 0 -1
    outer loop
      vertex -54.87895622614907 65.87211491399452 -2.5
      vertex -53.96077352497868 65.43784683850818 -2.5
      vertex -42.740451803363946 37.17387705507476 -2.5
    endloop
  endfacet
  facet normal 0 0 -1
    outer loop
      vertex -53.96077352497868 65.43784683850818 -2.5
      vertex -53.004446409583686 65.09566752517163 -2.5
      vertex -42.46439409646924 37.9454066602485 -2.5
    endloop
  endfacet
  facet normal 0 0 -1
    outer loop
      vertex -53.004446409583686 65.09566752517163 -2.5
      vertex -52.01918483286693 64.84887234782657 -2.5
      vertex -42.114042557308764 38.68616275249708 -2.5
    endloop
  endfacet
  facet normal 0 0 -1
    outer loop
      vertex -52.01918483286693 64.84887234782657 -2.5
      vertex -51.014477402410954 64.69983807894276 -2.5
      vertex -41.692771262726254 39.38901144571368 -2.5
    endloop
  endfacet
  facet normal 0 0 -1
    outer loop
      vertex -51.014477402410954 64.69983807894276 -2.5
      vertex -50 64.65 -2.5
      vertex -41.204637285578855 40.047183922766436 -2.5
    endloop
  endfacet
  facet normal 0 0 -1
    outer loop
      vertex -42.114042557308764 38.68616275249708 -2.5
      vertex -52.01918483286693 64.84887234782657 -2.5
      vertex -41.692771262726254 39.38901144571368 -2.5
    endloop
  endfacet
  facet normal 0 0 -1
    outer loop
      vertex -41.692771262726254 39.38901144571368 -2.5
      vertex -51.014477402410954 64.69983807894276 -2.5
      vertex -41.204637285578855 40.047183922766436 -2.5
    endloop
  endfacet
  facet normal 0 0 -1
    outer loop
      vertex -41.204637285578855 40.047183922766436 -2.5
      vertex -50 64.65 -2.5
      vertex -40.65434162290767 40.65434162290767 -2.5
    endloop
  endfacet
  facet normal 0 0 -1
    outer loop
      vertex -40.047183922766436 41.204637285578855 -2.5
      vertex -40.65434162290767 40.65434162290767 -2.5
      vertex -48.985522597589046 64.69983807894276 -2.5
    endloop
  endfacet
  facet normal 0 0 -1
    outer loop
      vertex -39.38901144571368 41.692771262726254 -2.5
      vertex -40.047183922766436 41.204637285578855 -2.5
      vertex -47.98081516713307 64.84887234782657 -2.5
    endloop
  endfacet
  facet normal 0 0 -1
    outer loop
      vertex -40.65434162290767 40.65434162290767 -2.5
      vertex -50 64.65 -2.5
      vertex -48.985522597589046 64.69983807894276 -2.5
    endloop
  endfacet
  facet normal 0 0 -1
    outer loop
      vertex -48.985522597589046 64.69983807894276 -2.5
      vertex -47.98081516713307 64.84887234782657 -2.5
      vertex -40.047183922766436 41.204637285578855 -2.5
    endloop
  endfacet
  facet normal 0 0 -1
    outer loop
      vertex -38.68616275249708 42.114042557308764 -2.5
      vertex -39.38901144571368 41.692771262726254 -2.5
      vertex -47.98081516713307 64.84887234782657 -2.5
    endloop
  endfacet
  facet normal 0 0 -1
    outer loop
      vertex -37.9454066602485 42.46439409646924 -2.5
      vertex -38.68616275249708 42.114042557308764 -2.5
      vertex -47.98081516713307 64.84887234782657 -2.5
    endloop
  endfacet
  facet normal 0 0 -1
    outer loop
      vertex -47.98081516713307 64.84887234782657 -2.5
      vertex -37.17387705507476 42.740451803363946 -2.5
      vertex -37.9454066602485 42.46439409646924 -2.5
    endloop
  endfacet
  facet normal 0 0 -1
    outer loop
      vertex -47.98081516713307 64.84887234782657 -2.5
      vertex -36.37900418883467 42.93955709136697 -2.5
      vertex -37.17387705507476 42.740451803363946 -2.5
    endloop
  endfacet
  facet normal 0 0 -1
    outer loop
      vertex -75 95 -2.5
      vertex -2.0191848328669275 85.15112765217343 -2.5
      vertex -47.98081516713307 85.15112765217343 -2.5
    endloop
  endfacet
  facet normal 0.9039892931234429 0.4275550934302832 0
    outer loop
      vertex -59.56215316149182 71.03922647502132 2.5
      vertex -59.12788508600548 70.12104377385093 -2.5
      vertex -59.56215316149182 71.03922647502132 -2.5
    endloop
  endfacet
  facet normal 0.8577286100002713 0.5141027441932231 0
    outer loop
      vertex -59.12788508600548 70.12104377385093 2.5
      vertex -58.60571048733134 69.24984808824712 -2.5
      vertex -59.12788508600548 70.12104377385093 -2.5
    endloop
  endfacet
  facet normal 0.7409511253549574 0.6715589548470201 0
    outer loop
      vertex -58.00065819230433 68.43402950890626 2.5
      vertex -57.318555185280765 67.68144481471923 -2.5
      vertex -58.00065819230433 68.43402950890626 -2.5
    endloop
  endfacet
  facet normal 0.6715589548470163 0.7409511253549609 0
    outer loop
      vertex -57.318555185280765 67.68144481471923 2.5
      vertex -56.56597049109373 66.99934180769567 -2.5
      vertex -57.318555185280765 67.68144481471923 -2.5
    endloop
  endfacet
  facet normal 0.5956993044924368 0.8032075314806425 0
    outer loop
      vertex -56.56597049109373 66.99934180769567 2.5
      vertex -55.75015191175288 66.39428951266865 -2.5
      vertex -56.56597049109373 66.99934180769567 -2.5
    endloop
  endfacet
  facet normal 0.8032075314806482 0.5956993044924289 0
    outer loop
      vertex -58.60571048733134 69.24984808824712 2.5
      vertex -58.00065819230433 68.43402950890626 -2.5
      vertex -58.60571048733134 69.24984808824712 -2.5
    endloop
  endfacet
  facet normal 0.9415440651830211 0.3368898533922188 0
    outer loop
      vertex -59.904332474828365 71.99555359041632 2.5
      vertex -59.56215316149182 71.03922647502132 -2.5
      vertex -59.904332474828365 71.99555359041632 -2.5
    endloop
  endfacet
  facet normal 0.9700312531945443 0.2429801799032628 0
    outer loop
      vertex -60.151127652173436 72.98081516713307 2.5
      vertex -59.904332474828365 71.99555359041632 -2.5
      vertex -60.151127652173436 72.98081516713307 -2.5
    endloop
  endfacet
  facet normal 0.989176509964781 0.14673047445536114 0
    outer loop
      vertex -60.30016192105724 73.98552259758905 2.5
      vertex -60.151127652173436 72.98081516713307 -2.5
      vertex -60.30016192105724 73.98552259758905 -2.5
    endloop
  endfacet
  facet normal 0.9987954562051723 0.04906767432741886 0
    outer loop
      vertex -60.35 75 2.5
      vertex -60.30016192105724 73.98552259758905 -2.5
      vertex -60.35 75 -2.5
    endloop
  endfacet
  facet normal 0.9987954562051723 -0.04906767432741886 0
    outer loop
      vertex -60.30016192105724 76.01447740241095 2.5
      vertex -60.35 75 -2.5
      vertex -60.30016192105724 76.01447740241095 -2.5
    endloop
  endfacet
  facet normal 0.989176509964781 -0.14673047445536114 0
    outer loop
      vertex -60.30016192105724 76.01447740241095 -2.5
      vertex -60.151127652173436 77.01918483286693 -2.5
      vertex -60.151127652173436 77.01918483286693 2.5
    endloop
  endfacet
  facet normal 0.9700312531945443 -0.2429801799032628 0
    outer loop
      vertex -60.151127652173436 77.01918483286693 -2.5
      vertex -59.904332474828365 78.00444640958368 -2.5
      vertex -59.904332474828365 78.00444640958368 2.5
    endloop
  endfacet
  facet normal 0.9415440651830211 -0.3368898533922188 0
    outer loop
      vertex -59.904332474828365 78.00444640958368 -2.5
      vertex -59.56215316149182 78.96077352497868 -2.5
      vertex -59.56215316149182 78.96077352497868 2.5
    endloop
  endfacet
  facet normal 0.9039892931234429 -0.4275550934302832 0
    outer loop
      vertex -59.56215316149182 78.96077352497868 -2.5
      vertex -59.12788508600548 79.87895622614907 -2.5
      vertex -59.12788508600548 79.87895622614907 2.5
    endloop
  endfacet
  facet normal 0.8577286100002713 -0.5141027441932231 0
    outer loop
      vertex -59.12788508600548 79.87895622614907 -2.5
      vertex -58.60571048733134 80.75015191175288 -2.5
      vertex -58.60571048733134 80.75015191175288 2.5
    endloop
  endfacet
  facet normal 0.8032075314806482 -0.5956993044924289 0
    outer loop
      vertex -58.60571048733134 80.75015191175288 -2.5
      vertex -58.00065819230433 81.56597049109374 -2.5
      vertex -58.00065819230433 81.56597049109374 2.5
    endloop
  endfacet
  facet normal 0.7409511253549574 -0.6715589548470201 0
    outer loop
      vertex -58.00065819230433 81.56597049109374 -2.5
      vertex -57.318555185280765 82.31855518528077 -2.5
      vertex -57.318555185280765 82.31855518528077 2.5
    endloop
  endfacet
  facet normal 0.6715589548470163 -0.7409511253549609 0
    outer loop
      vertex -56.56597049109373 83.00065819230433 -2.5
      vertex -56.56597049109373 83.00065819230433 2.5
      vertex -57.318555185280765 82.31855518528077 -2.5
    endloop
  endfacet
  facet normal 0.24298017990325452 0.9700312531945463 0
    outer loop
      vertex -53.004446409583686 65.09566752517163 2.5
      vertex -52.01918483286693 64.84887234782657 -2.5
      vertex -53.004446409583686 65.09566752517163 -2.5
    endloop
  endfacet
  facet normal 0.146730474455369 0.9891765099647799 0
    outer loop
      vertex -52.01918483286693 64.84887234782657 2.5
      vertex -51.014477402410954 64.69983807894276 -2.5
      vertex -52.01918483286693 64.84887234782657 -2.5
    endloop
  endfacet
  facet normal 0.5141027441932179 0.8577286100002743 0
    outer loop
      vertex -55.75015191175288 66.39428951266865 2.5
      vertex -54.87895622614907 65.87211491399452 -2.5
      vertex -55.75015191175288 66.39428951266865 -2.5
    endloop
  endfacet
  facet normal 0.4275550934302832 0.9039892931234429 0
    outer loop
      vertex -54.87895622614907 65.87211491399452 2.5
      vertex -53.96077352497868 65.43784683850818 -2.5
      vertex -54.87895622614907 65.87211491399452 -2.5
    endloop
  endfacet
  facet normal 0.336889853392221 0.9415440651830205 0
    outer loop
      vertex -53.96077352497868 65.43784683850818 2.5
      vertex -53.004446409583686 65.09566752517163 -2.5
      vertex -53.96077352497868 65.43784683850818 -2.5
    endloop
  endfacet
  facet normal 0.04906767432741154 0.9987954562051726 0
    outer loop
      vertex -51.014477402410954 64.69983807894276 -2.5
      vertex -51.014477402410954 64.69983807894276 2.5
      vertex -50 64.65 -2.5
    endloop
  endfacet
  facet normal -0.04906767432741154 0.9987954562051726 0
    outer loop
      vertex -50 64.65 -2.5
      vertex -50 64.65 2.5
      vertex -48.985522597589046 64.69983807894276 -2.5
    endloop
  endfacet
  facet normal -0.146730474455369 0.9891765099647799 0
    outer loop
      vertex -48.985522597589046 64.69983807894276 -2.5
      vertex -48.985522597589046 64.69983807894276 2.5
      vertex -47.98081516713307 64.84887234782657 -2.5
    endloop
  endfacet
  facet normal -0.24298017990325452 0.9700312531945463 0
    outer loop
      vertex -47.98081516713307 64.84887234782657 -2.5
      vertex -47.98081516713307 64.84887234782657 2.5
      vertex -46.995553590416314 65.09566752517163 -2.5
    endloop
  endfacet
  facet normal -0.336889853392221 0.9415440651830205 0
    outer loop
      vertex -46.995553590416314 65.09566752517163 -2.5
      vertex -46.995553590416314 65.09566752517163 2.5
      vertex -46.03922647502132 65.43784683850818 -2.5
    endloop
  endfacet
  facet normal -0.4275550934302832 0.9039892931234429 0
    outer loop
      vertex -46.03922647502132 65.43784683850818 -2.5
      vertex -46.03922647502132 65.43784683850818 2.5
      vertex -45.12104377385093 65.87211491399452 -2.5
    endloop
  endfacet
  facet normal -0.5141027441932179 0.8577286100002743 0
    outer loop
      vertex -45.12104377385093 65.87211491399452 -2.5
      vertex -45.12104377385093 65.87211491399452 2.5
      vertex -44.24984808824712 66.39428951266865 -2.5
    endloop
  endfacet
  facet normal -0.5956993044924368 0.8032075314806425 0
    outer loop
      vertex -44.24984808824712 66.39428951266865 -2.5
      vertex -44.24984808824712 66.39428951266865 2.5
      vertex -43.43402950890627 66.99934180769567 -2.5
    endloop
  endfacet
  facet normal -0.6715589548470163 0.7409511253549609 0
    outer loop
      vertex -43.43402950890627 66.99934180769567 -2.5
      vertex -43.43402950890627 66.99934180769567 2.5
      vertex -42.681444814719235 67.68144481471923 -2.5
    endloop
  endfacet
  facet normal -0.7409511253549574 0.6715589548470201 0
    outer loop
      vertex -42.681444814719235 67.68144481471923 -2.5
      vertex -42.681444814719235 67.68144481471923 2.5
      vertex -41.99934180769567 68.43402950890626 -2.5
    endloop
  endfacet
  facet normal -0.8032075314806482 0.5956993044924289 0
    outer loop
      vertex -41.39428951266866 69.24984808824712 -2.5
      vertex -41.99934180769567 68.43402950890626 -2.5
      vertex -41.99934180769567 68.43402950890626 2.5
    endloop
  endfacet
  facet normal -0.8577286100002713 0.5141027441932231 0
    outer loop
      vertex -40.87211491399452 70.12104377385093 -2.5
      vertex -41.39428951266866 69.24984808824712 -2.5
      vertex -41.39428951266866 69.24984808824712 2.5
    endloop
  endfacet
  facet normal -0.9039892931234429 0.4275550934302832 0
    outer loop
      vertex -40.43784683850818 71.03922647502132 -2.5
      vertex -40.87211491399452 70.12104377385093 -2.5
      vertex -40.87211491399452 70.12104377385093 2.5
    endloop
  endfacet
  facet normal 0.5956993044924368 -0.8032075314806425 0
    outer loop
      vertex -55.75015191175288 83.60571048733135 -2.5
      vertex -55.75015191175288 83.60571048733135 2.5
      vertex -56.56597049109373 83.00065819230433 -2.5
    endloop
  endfacet
  facet normal 0.5141027441932179 -0.8577286100002743 0
    outer loop
      vertex -54.87895622614907 84.12788508600548 -2.5
      vertex -54.87895622614907 84.12788508600548 2.5
      vertex -55.75015191175288 83.60571048733135 -2.5
    endloop
  endfacet
  facet normal 0.4275550934302832 -0.9039892931234429 0
    outer loop
      vertex -53.96077352497868 84.56215316149182 -2.5
      vertex -53.96077352497868 84.56215316149182 2.5
      vertex -54.87895622614907 84.12788508600548 -2.5
    endloop
  endfacet
  facet normal 0.336889853392221 -0.9415440651830205 0
    outer loop
      vertex -53.004446409583686 84.90433247482837 -2.5
      vertex -53.004446409583686 84.90433247482837 2.5
      vertex -53.96077352497868 84.56215316149182 -2.5
    endloop
  endfacet
  facet normal 0.24298017990325452 -0.9700312531945463 0
    outer loop
      vertex -52.01918483286693 85.15112765217343 -2.5
      vertex -52.01918483286693 85.15112765217343 2.5
      vertex -53.004446409583686 84.90433247482837 -2.5
    endloop
  endfacet
  facet normal 0.146730474455369 -0.9891765099647799 0
    outer loop
      vertex -51.014477402410954 85.30016192105724 -2.5
      vertex -51.014477402410954 85.30016192105724 2.5
      vertex -52.01918483286693 85.15112765217343 -2.5
    endloop
  endfacet
  facet normal 0.04906767432741154 -0.9987954562051726 0
    outer loop
      vertex -50 85.35 -2.5
      vertex -50 85.35 2.5
      vertex -51.014477402410954 85.30016192105724 -2.5
    endloop
  endfacet
  facet normal -0.04906767432741154 -0.9987954562051726 0
    outer loop
      vertex -48.985522597589046 85.30016192105724 -2.5
      vertex -48.985522597589046 85.30016192105724 2.5
      vertex -50 85.35 -2.5
    endloop
  endfacet
  facet normal -0.146730474455369 -0.9891765099647799 0
    outer loop
      vertex -47.98081516713307 85.15112765217343 -2.5
      vertex -47.98081516713307 85.15112765217343 2.5
      vertex -48.985522597589046 85.30016192105724 -2.5
    endloop
  endfacet
  facet normal -0.24298017990325452 -0.9700312531945463 0
    outer loop
      vertex -46.995553590416314 84.90433247482837 -2.5
      vertex -46.995553590416314 84.90433247482837 2.5
      vertex -47.98081516713307 85.15112765217343 -2.5
    endloop
  endfacet
  facet normal -0.6715589548470163 -0.7409511253549609 0
    outer loop
      vertex -43.43402950890627 83.00065819230433 -2.5
      vertex -42.681444814719235 82.31855518528077 -2.5
      vertex -42.681444814719235 82.31855518528077 2.5
    endloop
  endfacet
  facet normal -0.7409511253549574 -0.6715589548470201 0
    outer loop
      vertex -42.681444814719235 82.31855518528077 -2.5
      vertex -41.99934180769567 81.56597049109374 -2.5
      vertex -41.99934180769567 81.56597049109374 2.5
    endloop
  endfacet
  facet normal -0.9415440651830211 0.3368898533922188 0
    outer loop
      vertex -40.095667525171635 71.99555359041632 -2.5
      vertex -40.43784683850818 71.03922647502132 -2.5
      vertex -40.43784683850818 71.03922647502132 2.5
    endloop
  endfacet
  facet normal -0.9700312531945443 0.2429801799032628 0
    outer loop
      vertex -39.848872347826564 72.98081516713307 -2.5
      vertex -40.095667525171635 71.99555359041632 -2.5
      vertex -40.095667525171635 71.99555359041632 2.5
    endloop
  endfacet
  facet normal -0.989176509964781 0.14673047445536114 0
    outer loop
      vertex -39.69983807894276 73.98552259758905 -2.5
      vertex -39.848872347826564 72.98081516713307 -2.5
      vertex -39.848872347826564 72.98081516713307 2.5
    endloop
  endfacet
  facet normal -0.9987954562051723 0.04906767432741886 0
    outer loop
      vertex -39.65 75 -2.5
      vertex -39.69983807894276 73.98552259758905 -2.5
      vertex -39.69983807894276 73.98552259758905 2.5
    endloop
  endfacet
  facet normal -0.9987954562051723 -0.04906767432741886 0
    outer loop
      vertex -39.69983807894276 76.01447740241095 -2.5
      vertex -39.65 75 -2.5
      vertex -39.65 75 2.5
    endloop
  endfacet
  facet normal -0.989176509964781 -0.14673047445536114 0
    outer loop
      vertex -39.848872347826564 77.01918483286693 -2.5
      vertex -39.69983807894276 76.01447740241095 -2.5
      vertex -39.69983807894276 76.01447740241095 2.5
    endloop
  endfacet
  facet normal -0.9700312531945443 -0.2429801799032628 0
    outer loop
      vertex -40.095667525171635 78.00444640958368 -2.5
      vertex -39.848872347826564 77.01918483286693 -2.5
      vertex -39.848872347826564 77.01918483286693 2.5
    endloop
  endfacet
  facet normal -0.9415440651830211 -0.3368898533922188 0
    outer loop
      vertex -40.43784683850818 78.96077352497868 -2.5
      vertex -40.095667525171635 78.00444640958368 -2.5
      vertex -40.095667525171635 78.00444640958368 2.5
    endloop
  endfacet
  facet normal -0.9039892931234429 -0.4275550934302832 0
    outer loop
      vertex -40.87211491399452 79.87895622614907 -2.5
      vertex -40.43784683850818 78.96077352497868 -2.5
      vertex -40.43784683850818 78.96077352497868 2.5
    endloop
  endfacet
  facet normal -0.8577286100002713 -0.5141027441932231 0
    outer loop
      vertex -41.39428951266866 80.75015191175288 -2.5
      vertex -40.87211491399452 79.87895622614907 -2.5
      vertex -40.87211491399452 79.87895622614907 2.5
    endloop
  endfacet
  facet normal -0.8032075314806482 -0.5956993044924289 0
    outer loop
      vertex -41.99934180769567 81.56597049109374 -2.5
      vertex -41.39428951266866 80.75015191175288 -2.5
      vertex -41.39428951266866 80.75015191175288 2.5
    endloop
  endfacet
  facet normal -0.336889853392221 -0.9415440651830205 0
    outer loop
      vertex -46.03922647502132 84.56215316149182 -2.5
      vertex -46.03922647502132 84.56215316149182 2.5
      vertex -46.995553590416314 84.90433247482837 -2.5
    endloop
  endfacet
  facet normal -0.4275550934302832 -0.9039892931234429 0
    outer loop
      vertex -45.12104377385093 84.12788508600548 -2.5
      vertex -45.12104377385093 84.12788508600548 2.5
      vertex -46.03922647502132 84.56215316149182 -2.5
    endloop
  endfacet
  facet normal -0.5141027441932179 -0.8577286100002743 0
    outer loop
      vertex -44.24984808824712 83.60571048733135 -2.5
      vertex -44.24984808824712 83.60571048733135 2.5
      vertex -45.12104377385093 84.12788508600548 -2.5
    endloop
  endfacet
  facet normal -0.5956993044924368 -0.8032075314806425 0
    outer loop
      vertex -43.43402950890627 83.00065819230433 -2.5
      vertex -43.43402950890627 83.00065819230433 2.5
      vertex -44.24984808824712 83.60571048733135 -2.5
    endloop
  endfacet
  facet normal 0 0 -1
    outer loop
      vertex -29.940801852848146 -1.8837155858793984 -2.5
      vertex -41.204637285578855 29.45281607723356 -2.5
      vertex -30 0 -2.5
    endloop
  endfacet
  facet normal 0 0 -1
    outer loop
      vertex -30 0 -2.5
      vertex -41.204637285578855 29.45281607723356 -2.5
      vertex -29.940801852848146 1.8837155858793984 -2.5
    endloop
  endfacet
  facet normal 0 0 -1
    outer loop
      vertex -29.940801852848146 1.8837155858793984 -2.5
      vertex -41.204637285578855 29.45281607723356 -2.5
      vertex -29.763441039434337 3.759997006929122 -2.5
    endloop
  endfacet
  facet normal 0 0 -1
    outer loop
      vertex -29.763441039434337 3.759997006929122 -2.5
      vertex -41.204637285578855 29.45281607723356 -2.5
      vertex -29.468617521860658 5.621439437571745 -2.5
    endloop
  endfacet
  facet normal 0 0 -1
    outer loop
      vertex -40.047183922766436 28.295362714421145 -2.5
      vertex -29.057494833858932 7.460696614945645 -2.5
      vertex -29.468617521860658 5.621439437571745 -2.5
    endloop
  endfacet
  facet normal 0 0 -1
    outer loop
      vertex -40.65434162290767 28.845658377092327 -2.5
      vertex -29.468617521860658 5.621439437571745 -2.5
      vertex -41.204637285578855 29.45281607723356 -2.5
    endloop
  endfacet
  facet normal 0 0 -1
    outer loop
      vertex -29.468617521860658 5.621439437571745 -2.5
      vertex -40.65434162290767 28.845658377092327 -2.5
      vertex -40.047183922766436 28.295362714421145 -2.5
    endloop
  endfacet
  facet normal 0 0 -1
    outer loop
      vertex -40.047183922766436 28.295362714421145 -2.5
      vertex -39.38901144571368 27.807228737273746 -2.5
      vertex -29.057494833858932 7.460696614945645 -2.5
    endloop
  endfacet
  facet normal 0 0 -1
    outer loop
      vertex -39.38901144571368 27.807228737273746 -2.5
      vertex -38.68616275249708 27.385957442691236 -2.5
      vertex -29.057494833858932 7.460696614945645 -2.5
    endloop
  endfacet
  facet normal 0 0 -1
    outer loop
      vertex -38.68616275249708 27.385957442691236 -2.5
      vertex -37.9454066602485 27.035605903530758 -2.5
      vertex -28.531695488854606 9.270509831248422 -2.5
    endloop
  endfacet
  facet normal 0 0 -1
    outer loop
      vertex -37.9454066602485 27.035605903530758 -2.5
      vertex -37.17387705507476 26.759548196636057 -2.5
      vertex -27.893294576647545 11.043736580540337 -2.5
    endloop
  endfacet
  facet normal 0 0 -1
    outer loop
      vertex -37.17387705507476 26.759548196636057 -2.5
      vertex -36.37900418883467 26.56044290863303 -2.5
      vertex -27.893294576647545 11.043736580540337 -2.5
    endloop
  endfacet
  facet normal 0 0 -1
    outer loop
      vertex -36.37900418883467 26.56044290863303 -2.5
      vertex -35.568443121751834 26.440207532287154 -2.5
      vertex -27.144811573980586 12.773378746952172 -2.5
    endloop
  endfacet
  facet normal 0 0 -1
    outer loop
      vertex -38.68616275249708 27.385957442691236 -2.5
      vertex -28.531695488854606 9.270509831248422 -2.5
      vertex -29.057494833858932 7.460696614945645 -2.5
    endloop
  endfacet
  facet normal 0 0 -1
    outer loop
      vertex -37.9454066602485 27.035605903530758 -2.5
      vertex -27.893294576647545 11.043736580540337 -2.5
      vertex -28.531695488854606 9.270509831248422 -2.5
    endloop
  endfacet
  facet normal 0 0 -1
    outer loop
      vertex -36.37900418883467 26.56044290863303 -2.5
      vertex -27.144811573980586 12.773378746952172 -2.5
      vertex -27.893294576647545 11.043736580540337 -2.5
    endloop
  endfacet
  facet normal 0 0 -1
    outer loop
      vertex -35.568443121751834 26.440207532287154 -2.5
      vertex -34.75 26.4 -2.5
      vertex -27.144811573980586 12.773378746952172 -2.5
    endloop
  endfacet
  facet normal 0 0 -1
    outer loop
      vertex -34.75 26.4 -2.5
      vertex -33.931556878248166 26.440207532287154 -2.5
      vertex -26.289200401315902 14.452610223051462 -2.5
    endloop
  endfacet
  facet normal 0 0 -1
    outer loop
      vertex -33.931556878248166 26.440207532287154 -2.5
      vertex -33.12099581116533 26.56044290863303 -2.5
      vertex -26.289200401315902 14.452610223051462 -2.5
    endloop
  endfacet
  facet normal 0 0 -1
    outer loop
      vertex -27.144811573980586 12.773378746952172 -2.5
      vertex -34.75 26.4 -2.5
      vertex -26.289200401315902 14.452610223051462 -2.5
    endloop
  endfacet
  facet normal 0 0 -1
    outer loop
      vertex -26.289200401315902 14.452610223051462 -2.5
      vertex -33.12099581116533 26.56044290863303 -2.5
      vertex -25.32983776506045 16.074803849369903 -2.5
    endloop
  endfacet
  facet normal 0 0 -1
    outer loop
      vertex -33.12099581116533 26.56044290863303 -2.5
      vertex -32.32612294492524 26.759548196636057 -2.5
      vertex -25.32983776506045 16.074803849369903 -2.5
    endloop
  endfacet
  facet normal 0 0 -1
    outer loop
      vertex -32.32612294492524 26.759548196636057 -2.5
      vertex -24.270509831248425 17.633557568774194 -2.5
      vertex -25.32983776506045 16.074803849369903 -2.5
    endloop
  endfacet
  facet normal 0 0 -1
    outer loop
      vertex -30.81383724750292 27.385957442691236 -2.5
      vertex -23.11539728327368 19.122719692460688 -2.5
      vertex -24.270509831248425 17.633557568774194 -2.5
    endloop
  endfacet
  facet normal 0 0 -1
    outer loop
      vertex -23.11539728327368 19.122719692460688 -2.5
      vertex -29.45281607723356 28.295362714421145 -2.5
      vertex -21.86905882264235 20.536413177860656 -2.5
    endloop
  endfacet
  facet normal 0 0 -1
    outer loop
      vertex -32.32612294492524 26.759548196636057 -2.5
      vertex -31.5545933397515 27.035605903530758 -2.5
      vertex -24.270509831248425 17.633557568774194 -2.5
    endloop
  endfacet
  facet normal 0 0 -1
    outer loop
      vertex -31.5545933397515 27.035605903530758 -2.5
      vertex -30.81383724750292 27.385957442691236 -2.5
      vertex -24.270509831248425 17.633557568774194 -2.5
    endloop
  endfacet
  facet normal 0 0 -1
    outer loop
      vertex -30.81383724750292 27.385957442691236 -2.5
      vertex -30.110988554286322 27.807228737273746 -2.5
      vertex -23.11539728327368 19.122719692460688 -2.5
    endloop
  endfacet
  facet normal 0 0 -1
    outer loop
      vertex -30.110988554286322 27.807228737273746 -2.5
      vertex -29.45281607723356 28.295362714421145 -2.5
      vertex -23.11539728327368 19.122719692460688 -2.5
    endloop
  endfacet
  facet normal 0 0 -1
    outer loop
      vertex -29.45281607723356 28.295362714421145 -2.5
      vertex -28.845658377092327 28.845658377092327 -2.5
      vertex -21.86905882264235 20.536413177860656 -2.5
    endloop
  endfacet
  facet normal 0 0 -1
    outer loop
      vertex -28.845658377092327 28.845658377092327 -2.5
      vertex -28.295362714421145 29.45281607723356 -2.5
      vertex -20.536413177860656 21.86905882264235 -2.5
    endloop
  endfacet
  facet normal 0 0 -1
    outer loop
      vertex -28.845658377092327 28.845658377092327 -2.5
      vertex -20.536413177860656 21.86905882264235 -2.5
      vertex -21.86905882264235 20.536413177860656 -2.5
    endloop
  endfacet
  facet normal 0 0 -1
    outer loop
      vertex -27.807228737273746 30.110988554286322 -2.5
      vertex -20.536413177860656 21.86905882264235 -2.5
      vertex -28.295362714421145 29.45281607723356 -2.5
    endloop
  endfacet
  facet normal 0 0 -1
    outer loop
      vertex -27.385957442691236 30.81383724750292 -2.5
      vertex -19.122719692460688 23.11539728327368 -2.5
      vertex -27.807228737273746 30.110988554286322 -2.5
    endloop
  endfacet
  facet normal 0 0 -1
    outer loop
      vertex -27.035605903530758 31.5545933397515 -2.5
      vertex -19.122719692460688 23.11539728327368 -2.5
      vertex -27.385957442691236 30.81383724750292 -2.5
    endloop
  endfacet
  facet normal 0 0 -1
    outer loop
      vertex -26.759548196636057 32.32612294492524 -2.5
      vertex -17.633557568774194 24.270509831248425 -2.5
      vertex -27.035605903530758 31.5545933397515 -2.5
    endloop
  endfacet
  facet normal 0 0 -1
    outer loop
      vertex -26.56044290863303 33.12099581116533 -2.5
      vertex -17.633557568774194 24.270509831248425 -2.5
      vertex -26.759548196636057 32.32612294492524 -2.5
    endloop
  endfacet
  facet normal 0 0 -1
    outer loop
      vertex -19.122719692460688 23.11539728327368 -2.5
      vertex -20.536413177860656 21.86905882264235 -2.5
      vertex -27.807228737273746 30.110988554286322 -2.5
    endloop
  endfacet
  facet normal 0 0 -1
    outer loop
      vertex -17.633557568774194 24.270509831248425 -2.5
      vertex -19.122719692460688 23.11539728327368 -2.5
      vertex -27.035605903530758 31.5545933397515 -2.5
    endloop
  endfacet
  facet normal 0 0 -1
    outer loop
      vertex -26.56044290863303 33.12099581116533 -2.5
      vertex -16.074803849369903 25.32983776506045 -2.5
      vertex -17.633557568774194 24.270509831248425 -2.5
    endloop
  endfacet
  facet normal 0 0 -1
    outer loop
      vertex -14.452610223051456 26.289200401315906 -2.5
      vertex -16.074803849369903 25.32983776506045 -2.5
      vertex -26.440207532287154 33.931556878248166 -2.5
    endloop
  endfacet
  facet normal 0 0 -1
    outer loop
      vertex -26.440207532287154 33.931556878248166 -2.5
      vertex -16.074803849369903 25.32983776506045 -2.5
      vertex -26.56044290863303 33.12099581116533 -2.5
    endloop
  endfacet
  facet normal 0 0 -1
    outer loop
      vertex -26.4 34.75 -2.5
      vertex -14.452610223051456 26.289200401315906 -2.5
      vertex -26.440207532287154 33.931556878248166 -2.5
    endloop
  endfacet
  facet normal 0 0 -1
    outer loop
      vertex -26.440207532287154 35.568443121751834 -2.5
      vertex -14.452610223051456 26.289200401315906 -2.5
      vertex -26.4 34.75 -2.5
    endloop
  endfacet
  facet normal 0 0 -1
    outer loop
      vertex -26.56044290863303 36.37900418883467 -2.5
      vertex -12.773378746952181 27.144811573980583 -2.5
      vertex -26.440207532287154 35.568443121751834 -2.5
    endloop
  endfacet
  facet normal 0 0 -1
    outer loop
      vertex -26.759548196636057 37.17387705507476 -2.5
      vertex -11.043736580540337 27.893294576647545 -2.5
      vertex -26.56044290863303 36.37900418883467 -2.5
    endloop
  endfacet
  facet normal 0 0 -1
    outer loop
      vertex -27.385957442691236 38.68616275249708 -2.5
      vertex -11.043736580540337 27.893294576647545 -2.5
      vertex -27.035605903530758 37.9454066602485 -2.5
    endloop
  endfacet
  facet normal 0 0 -1
    outer loop
      vertex -27.807228737273746 39.38901144571368 -2.5
      vertex -11.043736580540337 27.893294576647545 -2.5
      vertex -27.385957442691236 38.68616275249708 -2.5
    endloop
  endfacet
  facet normal 0 0 -1
    outer loop
      vertex -27.035605903530758 37.9454066602485 -2.5
      vertex -11.043736580540337 27.893294576647545 -2.5
      vertex -26.759548196636057 37.17387705507476 -2.5
    endloop
  endfacet
  facet normal 0 0 -1
    outer loop
      vertex -28.295362714421145 40.047183922766436 -2.5
      vertex -11.043736580540337 27.893294576647545 -2.5
      vertex -27.807228737273746 39.38901144571368 -2.5
    endloop
  endfacet
  facet normal 0 0 -1
    outer loop
      vertex -26.440207532287154 35.568443121751834 -2.5
      vertex -12.773378746952181 27.144811573980583 -2.5
      vertex -14.452610223051456 26.289200401315906 -2.5
    endloop
  endfacet
  facet normal 0 0 -1
    outer loop
      vertex -11.043736580540337 27.893294576647545 -2.5
      vertex -12.773378746952181 27.144811573980583 -2.5
      vertex -26.56044290863303 36.37900418883467 -2.5
    endloop
  endfacet
  facet normal 0 0 -1
    outer loop
      vertex -11.043736580540337 27.893294576647545 -2.5
      vertex -28.295362714421145 40.047183922766436 -2.5
      vertex -2.0191848328669275 64.84887234782657 -2.5
    endloop
  endfacet
  facet normal 0.9995065603657315 -0.031410759078128625 0
    outer loop
      vertex -29.940801852848146 1.8837155858793984 2.5
      vertex -30 0 -2.5
      vertex -29.940801852848146 1.8837155858793984 -2.5
    endloop
  endfacet
  facet normal 0.9955619646030802 -0.0941083133185131 0
    outer loop
      vertex -29.763441039434337 3.759997006929122 2.5
      vertex -29.940801852848146 1.8837155858793984 -2.5
      vertex -29.763441039434337 3.759997006929122 -2.5
    endloop
  endfacet
  facet normal 0.9876883405951374 -0.1564344650402323 0
    outer loop
      vertex -29.468617521860658 5.621439437571745 2.5
      vertex -29.763441039434337 3.759997006929122 -2.5
      vertex -29.468617521860658 5.621439437571745 -2.5
    endloop
  endfacet
  facet normal 0.9759167619387474 -0.2181432413965424 0
    outer loop
      vertex -29.057494833858932 7.460696614945645 2.5
      vertex -29.468617521860658 5.621439437571745 -2.5
      vertex -29.057494833858932 7.460696614945645 -2.5
    endloop
  endfacet
  facet normal 0.9602936856769431 -0.27899110603922966 0
    outer loop
      vertex -28.531695488854606 9.270509831248422 2.5
      vertex -29.057494833858932 7.460696614945645 -2.5
      vertex -28.531695488854606 9.270509831248422 -2.5
    endloop
  endfacet
  facet normal 0.9408807689542261 -0.3387379202452896 0
    outer loop
      vertex -27.893294576647545 11.043736580540337 2.5
      vertex -28.531695488854606 9.270509831248422 -2.5
      vertex -27.893294576647545 11.043736580540337 -2.5
    endloop
  endfacet
  facet normal 0.9177546256839803 -0.39714789063478256 0
    outer loop
      vertex -27.144811573980586 12.773378746952172 2.5
      vertex -27.893294576647545 11.043736580540337 -2.5
      vertex -27.144811573980586 12.773378746952172 -2.5
    endloop
  endfacet
  facet normal 0.8910065241883678 -0.4539904997395469 0
    outer loop
      vertex -26.289200401315902 14.452610223051462 2.5
      vertex -27.144811573980586 12.773378746952172 -2.5
      vertex -26.289200401315902 14.452610223051462 -2.5
    endloop
  endfacet
  facet normal 0.8607420270039445 -0.5090414157503699 0
    outer loop
      vertex -25.32983776506045 16.074803849369903 2.5
      vertex -26.289200401315902 14.452610223051462 -2.5
      vertex -25.32983776506045 16.074803849369903 -2.5
    endloop
  endfacet
  facet normal 0.8270805742745622 -0.5620833778521301 0
    outer loop
      vertex -24.270509831248425 17.633557568774194 2.5
      vertex -25.32983776506045 16.074803849369903 -2.5
      vertex -24.270509831248425 17.633557568774194 -2.5
    endloop
  endfacet
  facet normal 0.7901550123756899 -0.6129070536529773 0
    outer loop
      vertex -23.11539728327368 19.122719692460688 2.5
      vertex -24.270509831248425 17.633557568774194 -2.5
      vertex -23.11539728327368 19.122719692460688 -2.5
    endloop
  endfacet
  facet normal 0.7501110696304601 -0.6613118653236515 0
    outer loop
      vertex -21.86905882264235 20.536413177860656 2.5
      vertex -23.11539728327368 19.122719692460688 -2.5
      vertex -21.86905882264235 20.536413177860656 -2.5
    endloop
  endfacet
  facet normal 0.7071067811865476 -0.7071067811865476 0
    outer loop
      vertex -20.536413177860656 21.86905882264235 2.5
      vertex -21.86905882264235 20.536413177860656 -2.5
      vertex -20.536413177860656 21.86905882264235 -2.5
    endloop
  endfacet
  facet normal 0.6613118653236515 -0.7501110696304601 0
    outer loop
      vertex -19.122719692460688 23.11539728327368 2.5
      vertex -20.536413177860656 21.86905882264235 -2.5
      vertex -19.122719692460688 23.11539728327368 -2.5
    endloop
  endfacet
  facet normal 0.24298017990326193 0.9700312531945445 0
    outer loop
      vertex -37.17387705507476 26.759548196636057 2.5
      vertex -36.37900418883467 26.56044290863303 -2.5
      vertex -37.17387705507476 26.759548196636057 -2.5
    endloop
  endfacet
  facet normal 0.14673047445536802 0.98917650996478 0
    outer loop
      vertex -36.37900418883467 26.56044290863303 2.5
      vertex -35.568443121751834 26.440207532287154 -2.5
      vertex -36.37900418883467 26.56044290863303 -2.5
    endloop
  endfacet
  facet normal 0.04906767432741706 0.9987954562051725 0
    outer loop
      vertex -35.568443121751834 26.440207532287154 2.5
      vertex -34.75 26.4 -2.5
      vertex -35.568443121751834 26.440207532287154 -2.5
    endloop
  endfacet
  facet normal -0.04906767432741706 0.9987954562051725 0
    outer loop
      vertex -34.75 26.4 2.5
      vertex -33.931556878248166 26.440207532287154 -2.5
      vertex -34.75 26.4 -2.5
    endloop
  endfacet
  facet normal -0.14673047445536802 0.98917650996478 0
    outer loop
      vertex -33.931556878248166 26.440207532287154 2.5
      vertex -33.12099581116533 26.56044290863303 -2.5
      vertex -33.931556878248166 26.440207532287154 -2.5
    endloop
  endfacet
  facet normal -0.24298017990326193 0.9700312531945445 0
    outer loop
      vertex -33.12099581116533 26.56044290863303 2.5
      vertex -32.32612294492524 26.759548196636057 -2.5
      vertex -33.12099581116533 26.56044290863303 -2.5
    endloop
  endfacet
  facet normal -0.33688985339222094 0.9415440651830204 0
    outer loop
      vertex -32.32612294492524 26.759548196636057 2.5
      vertex -31.5545933397515 27.035605903530758 -2.5
      vertex -32.32612294492524 26.759548196636057 -2.5
    endloop
  endfacet
  facet normal -0.4275550934302815 0.9039892931234437 0
    outer loop
      vertex -31.5545933397515 27.035605903530758 2.5
      vertex -30.81383724750292 27.385957442691236 -2.5
      vertex -31.5545933397515 27.035605903530758 -2.5
    endloop
  endfacet
  facet normal -0.5141027441932204 0.8577286100002729 0
    outer loop
      vertex -30.81383724750292 27.385957442691236 2.5
      vertex -30.110988554286322 27.807228737273746 -2.5
      vertex -30.81383724750292 27.385957442691236 -2.5
    endloop
  endfacet
  facet normal -0.5956993044924327 0.8032075314806454 0
    outer loop
      vertex -30.110988554286322 27.807228737273746 2.5
      vertex -29.45281607723356 28.295362714421145 -2.5
      vertex -30.110988554286322 27.807228737273746 -2.5
    endloop
  endfacet
  facet normal -0.6715589548470181 0.7409511253549595 0
    outer loop
      vertex -29.45281607723356 28.295362714421145 2.5
      vertex -28.845658377092327 28.845658377092327 -2.5
      vertex -29.45281607723356 28.295362714421145 -2.5
    endloop
  endfacet
  facet normal -0.7409511253549595 0.6715589548470181 0
    outer loop
      vertex -28.845658377092327 28.845658377092327 -2.5
      vertex -28.845658377092327 28.845658377092327 2.5
      vertex -28.295362714421145 29.45281607723356 -2.5
    endloop
  endfacet
  facet normal -0.8032075314806454 0.5956993044924327 0
    outer loop
      vertex -28.295362714421145 29.45281607723356 2.5
      vertex -27.807228737273746 30.110988554286322 -2.5
      vertex -28.295362714421145 29.45281607723356 -2.5
    endloop
  endfacet
  facet normal 0.33688985339222477 -0.941544065183019 0
    outer loop
      vertex -37.17387705507476 42.740451803363946 2.5
      vertex -37.9454066602485 42.46439409646924 -2.5
      vertex -37.17387705507476 42.740451803363946 -2.5
    endloop
  endfacet
  facet normal 0.24298017990325782 -0.9700312531945453 0
    outer loop
      vertex -36.37900418883467 42.93955709136697 2.5
      vertex -37.17387705507476 42.740451803363946 -2.5
      vertex -36.37900418883467 42.93955709136697 -2.5
    endloop
  endfacet
  facet normal 0.14673047445536802 -0.98917650996478 0
    outer loop
      vertex -35.568443121751834 43.059792467712846 2.5
      vertex -36.37900418883467 42.93955709136697 -2.5
      vertex -35.568443121751834 43.059792467712846 -2.5
    endloop
  endfacet
  facet normal 0.04906767432741706 -0.9987954562051725 0
    outer loop
      vertex -34.75 43.1 2.5
      vertex -35.568443121751834 43.059792467712846 -2.5
      vertex -34.75 43.1 -2.5
    endloop
  endfacet
  facet normal -0.04906767432741706 -0.9987954562051725 0
    outer loop
      vertex -33.931556878248166 43.059792467712846 2.5
      vertex -34.75 43.1 -2.5
      vertex -33.931556878248166 43.059792467712846 -2.5
    endloop
  endfacet
  facet normal -0.14673047445536802 -0.98917650996478 0
    outer loop
      vertex -33.12099581116533 42.93955709136697 -2.5
      vertex -33.12099581116533 42.93955709136697 2.5
      vertex -33.931556878248166 43.059792467712846 -2.5
    endloop
  endfacet
  facet normal -0.5956993044924327 -0.8032075314806454 0
    outer loop
      vertex -29.45281607723356 41.204637285578855 -2.5
      vertex -29.45281607723356 41.204637285578855 2.5
      vertex -30.110988554286322 41.692771262726254 -2.5
    endloop
  endfacet
  facet normal -0.6715589548470181 -0.7409511253549595 0
    outer loop
      vertex -29.45281607723356 41.204637285578855 -2.5
      vertex -28.845658377092327 40.65434162290767 -2.5
      vertex -28.845658377092327 40.65434162290767 2.5
    endloop
  endfacet
  facet normal -0.7409511253549614 -0.6715589548470159 0
    outer loop
      vertex -28.845658377092327 40.65434162290767 -2.5
      vertex -28.295362714421145 40.047183922766436 -2.5
      vertex -28.295362714421145 40.047183922766436 2.5
    endloop
  endfacet
  facet normal -0.24298017990325782 -0.9700312531945453 0
    outer loop
      vertex -32.32612294492524 42.740451803363946 -2.5
      vertex -32.32612294492524 42.740451803363946 2.5
      vertex -33.12099581116533 42.93955709136697 -2.5
    endloop
  endfacet
  facet normal -0.33688985339222477 -0.941544065183019 0
    outer loop
      vertex -31.5545933397515 42.46439409646924 -2.5
      vertex -31.5545933397515 42.46439409646924 2.5
      vertex -32.32612294492524 42.740451803363946 -2.5
    endloop
  endfacet
  facet normal -0.4275550934302815 -0.9039892931234437 0
    outer loop
      vertex -30.81383724750292 42.114042557308764 -2.5
      vertex -30.81383724750292 42.114042557308764 2.5
      vertex -31.5545933397515 42.46439409646924 -2.5
    endloop
  endfacet
  facet normal -0.5141027441932204 -0.8577286100002729 0
    outer loop
      vertex -30.110988554286322 41.692771262726254 -2.5
      vertex -30.110988554286322 41.692771262726254 2.5
      vertex -30.81383724750292 42.114042557308764 -2.5
    endloop
  endfacet
  facet normal -0.8577286100002729 0.5141027441932204 0
    outer loop
      vertex -27.807228737273746 30.110988554286322 2.5
      vertex -27.385957442691236 30.81383724750292 -2.5
      vertex -27.807228737273746 30.110988554286322 -2.5
    endloop
  endfacet
  facet normal -0.9039892931234437 0.4275550934302815 0
    outer loop
      vertex -27.385957442691236 30.81383724750292 2.5
      vertex -27.035605903530758 31.5545933397515 -2.5
      vertex -27.385957442691236 30.81383724750292 -2.5
    endloop
  endfacet
  facet normal -0.9415440651830204 0.33688985339222094 0
    outer loop
      vertex -27.035605903530758 31.5545933397515 2.5
      vertex -26.759548196636057 32.32612294492524 -2.5
      vertex -27.035605903530758 31.5545933397515 -2.5
    endloop
  endfacet
  facet normal -0.9700312531945445 0.24298017990326193 0
    outer loop
      vertex -26.759548196636057 32.32612294492524 2.5
      vertex -26.56044290863303 33.12099581116533 -2.5
      vertex -26.759548196636057 32.32612294492524 -2.5
    endloop
  endfacet
  facet normal -0.98917650996478 0.14673047445536802 0
    outer loop
      vertex -26.56044290863303 33.12099581116533 2.5
      vertex -26.440207532287154 33.931556878248166 -2.5
      vertex -26.56044290863303 33.12099581116533 -2.5
    endloop
  endfacet
  facet normal -0.9987954562051725 0.04906767432741706 0
    outer loop
      vertex -26.4 34.75 -2.5
      vertex -26.440207532287154 33.931556878248166 -2.5
      vertex -26.440207532287154 33.931556878248166 2.5
    endloop
  endfacet
  facet normal -0.9987954562051725 -0.04906767432741706 0
    outer loop
      vertex -26.440207532287154 35.568443121751834 -2.5
      vertex -26.4 34.75 -2.5
      vertex -26.4 34.75 2.5
    endloop
  endfacet
  facet normal -0.9039892931234444 -0.4275550934302798 0
    outer loop
      vertex -27.385957442691236 38.68616275249708 -2.5
      vertex -27.035605903530758 37.9454066602485 -2.5
      vertex -27.035605903530758 37.9454066602485 2.5
    endloop
  endfacet
  facet normal -0.98917650996478 -0.14673047445536802 0
    outer loop
      vertex -26.56044290863303 36.37900418883467 -2.5
      vertex -26.440207532287154 35.568443121751834 -2.5
      vertex -26.440207532287154 35.568443121751834 2.5
    endloop
  endfacet
  facet normal -0.9700312531945445 -0.24298017990326193 0
    outer loop
      vertex -26.759548196636057 37.17387705507476 -2.5
      vertex -26.56044290863303 36.37900418883467 -2.5
      vertex -26.56044290863303 36.37900418883467 2.5
    endloop
  endfacet
  facet normal -0.9415440651830204 -0.33688985339222094 0
    outer loop
      vertex -27.035605903530758 37.9454066602485 -2.5
      vertex -26.759548196636057 37.17387705507476 -2.5
      vertex -26.759548196636057 37.17387705507476 2.5
    endloop
  endfacet
  facet normal -0.8032075314806438 -0.5956993044924348 0
    outer loop
      vertex -28.295362714421145 40.047183922766436 -2.5
      vertex -27.807228737273746 39.38901144571368 -2.5
      vertex -27.807228737273746 39.38901144571368 2.5
    endloop
  endfacet
  facet normal -0.8577286100002717 -0.5141027441932223 0
    outer loop
      vertex -27.807228737273746 39.38901144571368 -2.5
      vertex -27.385957442691236 38.68616275249708 -2.5
      vertex -27.385957442691236 38.68616275249708 2.5
    endloop
  endfacet
  facet normal 0.6129070536529773 -0.7901550123756899 0
    outer loop
      vertex -17.633557568774194 24.270509831248425 -2.5
      vertex -17.633557568774194 24.270509831248425 2.5
      vertex -19.122719692460688 23.11539728327368 -2.5
    endloop
  endfacet
  facet normal 0.5620833778521301 -0.8270805742745622 0
    outer loop
      vertex -16.074803849369903 25.32983776506045 -2.5
      vertex -16.074803849369903 25.32983776506045 2.5
      vertex -17.633557568774194 24.270509831248425 -2.5
    endloop
  endfacet
  facet normal 0.50904141575037 -0.8607420270039444 0
    outer loop
      vertex -14.452610223051456 26.289200401315906 -2.5
      vertex -14.452610223051456 26.289200401315906 2.5
      vertex -16.074803849369903 25.32983776506045 -2.5
    endloop
  endfacet
  facet normal 0.453990499739547 -0.8910065241883678 0
    outer loop
      vertex -12.773378746952181 27.144811573980583 -2.5
      vertex -12.773378746952181 27.144811573980583 2.5
      vertex -14.452610223051456 26.289200401315906 -2.5
    endloop
  endfacet
  facet normal 0.39714789063478245 -0.9177546256839804 0
    outer loop
      vertex -11.043736580540337 27.893294576647545 -2.5
      vertex -11.043736580540337 27.893294576647545 2.5
      vertex -12.773378746952181 27.144811573980583 -2.5
    endloop
  endfacet
  facet normal 0.3387379202452896 -0.9408807689542261 0
    outer loop
      vertex -9.270509831248422 28.531695488854606 -2.5
      vertex -9.270509831248422 28.531695488854606 2.5
      vertex -11.043736580540337 27.893294576647545 -2.5
    endloop
  endfacet
  facet normal 0.27899110603922966 -0.9602936856769431 0
    outer loop
      vertex -7.460696614945645 29.057494833858932 -2.5
      vertex -7.460696614945645 29.057494833858932 2.5
      vertex -9.270509831248422 28.531695488854606 -2.5
    endloop
  endfacet
  facet normal 0.2181432413965434 -0.9759167619387472 0
    outer loop
      vertex -5.621439437571738 29.46861752186066 -2.5
      vertex -5.621439437571738 29.46861752186066 2.5
      vertex -7.460696614945645 29.057494833858932 -2.5
    endloop
  endfacet
  facet normal 0.15643446504023165 -0.9876883405951377 0
    outer loop
      vertex -3.7599970069291286 29.763441039434337 -2.5
      vertex -3.7599970069291286 29.763441039434337 2.5
      vertex -5.621439437571738 29.46861752186066 -2.5
    endloop
  endfacet
  facet normal 0.09410831331851277 -0.9955619646030802 0
    outer loop
      vertex -1.8837155858793984 29.940801852848146 -2.5
      vertex -1.8837155858793984 29.940801852848146 2.5
      vertex -3.7599970069291286 29.763441039434337 -2.5
    endloop
  endfacet
  facet normal 0.031410759078128625 -0.9995065603657315 0
    outer loop
      vertex -1.8837155858793984 29.940801852848146 -2.5
      vertex 0 30 -2.5
      vertex 0 30 2.5
    endloop
  endfacet
  facet normal 0 0 -1
    outer loop
      vertex -47.98081516713307 64.84887234782657 -2.5
      vertex -2.0191848328669275 64.84887234782657 -2.5
      vertex -36.37900418883467 42.93955709136697 -2.5
    endloop
  endfacet
  facet normal 0 0 -1
    outer loop
      vertex -47.98081516713307 64.84887234782657 -2.5
      vertex -46.995553590416314 65.09566752517163 -2.5
      vertex -2.0191848328669275 64.84887234782657 -2.5
    endloop
  endfacet
  facet normal 0 0 -1
    outer loop
      vertex -46.995553590416314 65.09566752517163 -2.5
      vertex -46.03922647502132 65.43784683850818 -2.5
      vertex -3.004446409583685 65.09566752517163 -2.5
    endloop
  endfacet
  facet normal 0 0 -1
    outer loop
      vertex -46.03922647502132 65.43784683850818 -2.5
      vertex -45.12104377385093 65.87211491399452 -2.5
      vertex -3.9607735249786793 65.43784683850818 -2.5
    endloop
  endfacet
  facet normal 0 0 -1
    outer loop
      vertex -45.12104377385093 65.87211491399452 -2.5
      vertex -44.24984808824712 66.39428951266865 -2.5
      vertex -4.878956226149075 65.87211491399452 -2.5
    endloop
  endfacet
  facet normal 0 0 -1
    outer loop
      vertex -44.24984808824712 66.39428951266865 -2.5
      vertex -43.43402950890627 66.99934180769567 -2.5
      vertex -5.750151911752883 66.39428951266865 -2.5
    endloop
  endfacet
  facet normal 0 0 -1
    outer loop
      vertex -43.43402950890627 66.99934180769567 -2.5
      vertex -42.681444814719235 67.68144481471923 -2.5
      vertex -6.56597049109373 66.99934180769567 -2.5
    endloop
  endfacet
  facet normal 0 0 -1
    outer loop
      vertex -42.681444814719235 67.68144481471923 -2.5
      vertex -41.99934180769567 68.43402950890626 -2.5
      vertex -7.3185551852807675 67.68144481471923 -2.5
    endloop
  endfacet
  facet normal 0 0 -1
    outer loop
      vertex -41.39428951266866 69.24984808824712 -2.5
      vertex -8.000658192304327 68.43402950890626 -2.5
      vertex -41.99934180769567 68.43402950890626 -2.5
    endloop
  endfacet
  facet normal 0 0 -1
    outer loop
      vertex -40.87211491399452 70.12104377385093 -2.5
      vertex -8.605710487331343 69.24984808824712 -2.5
      vertex -41.39428951266866 69.24984808824712 -2.5
    endloop
  endfacet
  facet normal 0 0 -1
    outer loop
      vertex -40.43784683850818 71.03922647502132 -2.5
      vertex -9.127885086005474 70.12104377385093 -2.5
      vertex -40.87211491399452 70.12104377385093 -2.5
    endloop
  endfacet
  facet normal 0 0 -1
    outer loop
      vertex -35.568443121751834 43.059792467712846 -2.5
      vertex -36.37900418883467 42.93955709136697 -2.5
      vertex -2.0191848328669275 64.84887234782657 -2.5
    endloop
  endfacet
  facet normal 0 0 -1
    outer loop
      vertex -34.75 43.1 -2.5
      vertex -35.568443121751834 43.059792467712846 -2.5
      vertex -2.0191848328669275 64.84887234782657 -2.5
    endloop
  endfacet
  facet normal 0 0 -1
    outer loop
      vertex -33.931556878248166 43.059792467712846 -2.5
      vertex -34.75 43.1 -2.5
      vertex -2.0191848328669275 64.84887234782657 -2.5
    endloop
  endfacet
  facet normal 0 0 -1
    outer loop
      vertex -33.12099581116533 42.93955709136697 -2.5
      vertex -33.931556878248166 43.059792467712846 -2.5
      vertex -2.0191848328669275 64.84887234782657 -2.5
    endloop
  endfacet
  facet normal 0 0 -1
    outer loop
      vertex -32.32612294492524 42.740451803363946 -2.5
      vertex -33.12099581116533 42.93955709136697 -2.5
      vertex -2.0191848328669275 64.84887234782657 -2.5
    endloop
  endfacet
  facet normal 0 0 -1
    outer loop
      vertex -31.5545933397515 42.46439409646924 -2.5
      vertex -32.32612294492524 42.740451803363946 -2.5
      vertex -2.0191848328669275 64.84887234782657 -2.5
    endloop
  endfacet
  facet normal 0 0 -1
    outer loop
      vertex -30.81383724750292 42.114042557308764 -2.5
      vertex -31.5545933397515 42.46439409646924 -2.5
      vertex -2.0191848328669275 64.84887234782657 -2.5
    endloop
  endfacet
  facet normal 0 0 -1
    outer loop
      vertex -2.0191848328669275 64.84887234782657 -2.5
      vertex -28.845658377092327 40.65434162290767 -2.5
      vertex -29.45281607723356 41.204637285578855 -2.5
    endloop
  endfacet
  facet normal 0 0 -1
    outer loop
      vertex -30.110988554286322 41.692771262726254 -2.5
      vertex -30.81383724750292 42.114042557308764 -2.5
      vertex -2.0191848328669275 64.84887234782657 -2.5
    endloop
  endfacet
  facet normal 0 0 -1
    outer loop
      vertex -29.45281607723356 41.204637285578855 -2.5
      vertex -30.110988554286322 41.692771262726254 -2.5
      vertex -2.0191848328669275 64.84887234782657 -2.5
    endloop
  endfacet
  facet normal 0 0 -1
    outer loop
      vertex -28.845658377092327 40.65434162290767 -2.5
      vertex -2.0191848328669275 64.84887234782657 -2.5
      vertex -28.295362714421145 40.047183922766436 -2.5
    endloop
  endfacet
  facet normal 0 0 -1
    outer loop
      vertex -42.681444814719235 67.68144481471923 -2.5
      vertex -7.3185551852807675 67.68144481471923 -2.5
      vertex -6.56597049109373 66.99934180769567 -2.5
    endloop
  endfacet
  facet normal 0 0 -1
    outer loop
      vertex -41.99934180769567 68.43402950890626 -2.5
      vertex -8.000658192304327 68.43402950890626 -2.5
      vertex -7.3185551852807675 67.68144481471923 -2.5
    endloop
  endfacet
  facet normal 0 0 -1
    outer loop
      vertex -41.39428951266866 69.24984808824712 -2.5
      vertex -8.605710487331343 69.24984808824712 -2.5
      vertex -8.000658192304327 68.43402950890626 -2.5
    endloop
  endfacet
  facet normal 0 0 -1
    outer loop
      vertex -40.87211491399452 70.12104377385093 -2.5
      vertex -9.127885086005474 70.12104377385093 -2.5
      vertex -8.605710487331343 69.24984808824712 -2.5
    endloop
  endfacet
  facet normal 0 0 -1
    outer loop
      vertex -9.127885086005474 70.12104377385093 -2.5
      vertex -40.43784683850818 71.03922647502132 -2.5
      vertex -9.562153161491818 71.03922647502132 -2.5
    endloop
  endfacet
  facet normal 0 0 -1
    outer loop
      vertex -40.095667525171635 71.99555359041632 -2.5
      vertex -9.562153161491818 71.03922647502132 -2.5
      vertex -40.43784683850818 71.03922647502132 -2.5
    endloop
  endfacet
  facet normal 0 0 -1
    outer loop
      vertex -39.848872347826564 72.98081516713307 -2.5
      vertex -9.904332474828362 71.99555359041632 -2.5
      vertex -40.095667525171635 71.99555359041632 -2.5
    endloop
  endfacet
  facet normal 0 0 -1
    outer loop
      vertex -39.69983807894276 73.98552259758905 -2.5
      vertex -10.151127652173434 72.98081516713307 -2.5
      vertex -39.848872347826564 72.98081516713307 -2.5
    endloop
  endfacet
  facet normal 0 0 -1
    outer loop
      vertex -39.65 75 -2.5
      vertex -10.300161921057239 73.98552259758905 -2.5
      vertex -39.69983807894276 73.98552259758905 -2.5
    endloop
  endfacet
  facet normal 0 0 -1
    outer loop
      vertex -39.69983807894276 76.01447740241095 -2.5
      vertex -10.35 75 -2.5
      vertex -39.65 75 -2.5
    endloop
  endfacet
  facet normal 0 0 -1
    outer loop
      vertex -39.848872347826564 77.01918483286693 -2.5
      vertex -10.300161921057239 76.01447740241095 -2.5
      vertex -39.69983807894276 76.01447740241095 -2.5
    endloop
  endfacet
  facet normal 0 0 -1
    outer loop
      vertex -41.99934180769567 81.56597049109374 -2.5
      vertex -8.605710487331343 80.75015191175288 -2.5
      vertex -41.39428951266866 80.75015191175288 -2.5
    endloop
  endfacet
  facet normal 0 0 -1
    outer loop
      vertex -43.43402950890627 83.00065819230433 -2.5
      vertex -7.3185551852807675 82.31855518528077 -2.5
      vertex -42.681444814719235 82.31855518528077 -2.5
    endloop
  endfacet
  facet normal 0 0 -1
    outer loop
      vertex -42.681444814719235 82.31855518528077 -2.5
      vertex -8.000658192304327 81.56597049109374 -2.5
      vertex -41.99934180769567 81.56597049109374 -2.5
    endloop
  endfacet
  facet normal 0 0 -1
    outer loop
      vertex -40.095667525171635 78.00444640958368 -2.5
      vertex -10.151127652173434 77.01918483286693 -2.5
      vertex -39.848872347826564 77.01918483286693 -2.5
    endloop
  endfacet
  facet normal 0 0 -1
    outer loop
      vertex -40.43784683850818 78.96077352497868 -2.5
      vertex -9.904332474828362 78.00444640958368 -2.5
      vertex -40.095667525171635 78.00444640958368 -2.5
    endloop
  endfacet
  facet normal 0 0 -1
    outer loop
      vertex -40.87211491399452 79.87895622614907 -2.5
      vertex -9.562153161491818 78.96077352497868 -2.5
      vertex -40.43784683850818 78.96077352497868 -2.5
    endloop
  endfacet
  facet normal 0 0 -1
    outer loop
      vertex -41.39428951266866 80.75015191175288 -2.5
      vertex -9.127885086005474 79.87895622614907 -2.5
      vertex -40.87211491399452 79.87895622614907 -2.5
    endloop
  endfacet
  facet normal 0 0 -1
    outer loop
      vertex -44.24984808824712 83.60571048733135 -2.5
      vertex -45.12104377385093 84.12788508600548 -2.5
      vertex -5.750151911752883 83.60571048733135 -2.5
    endloop
  endfacet
  facet normal 0 0 -1
    outer loop
      vertex -45.12104377385093 84.12788508600548 -2.5
      vertex -46.03922647502132 84.56215316149182 -2.5
      vertex -4.878956226149075 84.12788508600548 -2.5
    endloop
  endfacet
  facet normal 0 0 -1
    outer loop
      vertex -46.995553590416314 84.90433247482837 -2.5
      vertex -47.98081516713307 85.15112765217343 -2.5
      vertex -3.004446409583685 84.90433247482837 -2.5
    endloop
  endfacet
  facet normal 0 0 -1
    outer loop
      vertex -46.03922647502132 84.56215316149182 -2.5
      vertex -46.995553590416314 84.90433247482837 -2.5
      vertex -3.9607735249786793 84.56215316149182 -2.5
    endloop
  endfacet
  facet normal 0 0 -1
    outer loop
      vertex -43.43402950890627 83.00065819230433 -2.5
      vertex -44.24984808824712 83.60571048733135 -2.5
      vertex -6.56597049109373 83.00065819230433 -2.5
    endloop
  endfacet
  facet normal 0 0 -1
    outer loop
      vertex -9.904332474828362 71.99555359041632 -2.5
      vertex -39.848872347826564 72.98081516713307 -2.5
      vertex -10.151127652173434 72.98081516713307 -2.5
    endloop
  endfacet
  facet normal 0 0 -1
    outer loop
      vertex -39.69983807894276 73.98552259758905 -2.5
      vertex -10.300161921057239 73.98552259758905 -2.5
      vertex -10.151127652173434 72.98081516713307 -2.5
    endloop
  endfacet
  facet normal 0 0 -1
    outer loop
      vertex -40.095667525171635 71.99555359041632 -2.5
      vertex -9.904332474828362 71.99555359041632 -2.5
      vertex -9.562153161491818 71.03922647502132 -2.5
    endloop
  endfacet
  facet normal 0 0 -1
    outer loop
      vertex -39.65 75 -2.5
      vertex -10.35 75 -2.5
      vertex -10.300161921057239 73.98552259758905 -2.5
    endloop
  endfacet
  facet normal 0 0 -1
    outer loop
      vertex -39.69983807894276 76.01447740241095 -2.5
      vertex -10.300161921057239 76.01447740241095 -2.5
      vertex -10.35 75 -2.5
    endloop
  endfacet
  facet normal 0 0 -1
    outer loop
      vertex -39.848872347826564 77.01918483286693 -2.5
      vertex -10.151127652173434 77.01918483286693 -2.5
      vertex -10.300161921057239 76.01447740241095 -2.5
    endloop
  endfacet
  facet normal 0 0 -1
    outer loop
      vertex -40.095667525171635 78.00444640958368 -2.5
      vertex -9.904332474828362 78.00444640958368 -2.5
      vertex -10.151127652173434 77.01918483286693 -2.5
    endloop
  endfacet
  facet normal 0 0 -1
    outer loop
      vertex -40.43784683850818 78.96077352497868 -2.5
      vertex -9.562153161491818 78.96077352497868 -2.5
      vertex -9.904332474828362 78.00444640958368 -2.5
    endloop
  endfacet
  facet normal 0 0 -1
    outer loop
      vertex -40.87211491399452 79.87895622614907 -2.5
      vertex -9.127885086005474 79.87895622614907 -2.5
      vertex -9.562153161491818 78.96077352497868 -2.5
    endloop
  endfacet
  facet normal 0 0 -1
    outer loop
      vertex -41.39428951266866 80.75015191175288 -2.5
      vertex -8.605710487331343 80.75015191175288 -2.5
      vertex -9.127885086005474 79.87895622614907 -2.5
    endloop
  endfacet
  facet normal 0 0 -1
    outer loop
      vertex -41.99934180769567 81.56597049109374 -2.5
      vertex -8.000658192304327 81.56597049109374 -2.5
      vertex -8.605710487331343 80.75015191175288 -2.5
    endloop
  endfacet
  facet normal 0 0 -1
    outer loop
      vertex -42.681444814719235 82.31855518528077 -2.5
      vertex -7.3185551852807675 82.31855518528077 -2.5
      vertex -8.000658192304327 81.56597049109374 -2.5
    endloop
  endfacet
  facet normal 0 0 -1
    outer loop
      vertex -43.43402950890627 83.00065819230433 -2.5
      vertex -6.56597049109373 83.00065819230433 -2.5
      vertex -7.3185551852807675 82.31855518528077 -2.5
    endloop
  endfacet
  facet normal 0 0 -1
    outer loop
      vertex -75 95 -2.5
      vertex -1.0144774024109522 85.30016192105724 -2.5
      vertex -2.0191848328669275 85.15112765217343 -2.5
    endloop
  endfacet
  facet normal 0 0 -1
    outer loop
      vertex -75 95 -2.5
      vertex 0 85.35 -2.5
      vertex -1.0144774024109522 85.30016192105724 -2.5
    endloop
  endfacet
  facet normal 0 0 -1
    outer loop
      vertex -75 95 -2.5
      vertex 1.0144774024109522 85.30016192105724 -2.5
      vertex 0 85.35 -2.5
    endloop
  endfacet
  facet normal 0 0 -1
    outer loop
      vertex -44.24984808824712 83.60571048733135 -2.5
      vertex -5.750151911752883 83.60571048733135 -2.5
      vertex -6.56597049109373 83.00065819230433 -2.5
    endloop
  endfacet
  facet normal 0 0 -1
    outer loop
      vertex -46.995553590416314 65.09566752517163 -2.5
      vertex -3.004446409583685 65.09566752517163 -2.5
      vertex -2.0191848328669275 64.84887234782657 -2.5
    endloop
  endfacet
  facet normal 0 0 -1
    outer loop
      vertex -44.24984808824712 66.39428951266865 -2.5
      vertex -5.750151911752883 66.39428951266865 -2.5
      vertex -4.878956226149075 65.87211491399452 -2.5
    endloop
  endfacet
  facet normal 0 0 -1
    outer loop
      vertex -4.878956226149075 65.87211491399452 -2.5
      vertex -3.9607735249786793 65.43784683850818 -2.5
      vertex -45.12104377385093 65.87211491399452 -2.5
    endloop
  endfacet
  facet normal 0 0 -1
    outer loop
      vertex -46.03922647502132 65.43784683850818 -2.5
      vertex -3.9607735249786793 65.43784683850818 -2.5
      vertex -3.004446409583685 65.09566752517163 -2.5
    endloop
  endfacet
  facet normal 0 0 -1
    outer loop
      vertex -6.56597049109373 66.99934180769567 -2.5
      vertex -5.750151911752883 66.39428951266865 -2.5
      vertex -43.43402950890627 66.99934180769567 -2.5
    endloop
  endfacet
  facet normal 0 0 -1
    outer loop
      vertex -11.043736580540337 27.893294576647545 -2.5
      vertex -2.0191848328669275 64.84887234782657 -2.5
      vertex -1.0144774024109522 64.69983807894276 -2.5
    endloop
  endfacet
  facet normal 0 0 -1
    outer loop
      vertex -11.043736580540337 27.893294576647545 -2.5
      vertex -1.0144774024109522 64.69983807894276 -2.5
      vertex 0 64.65 -2.5
    endloop
  endfacet
  facet normal 0 0 -1
    outer loop
      vertex -11.043736580540337 27.893294576647545 -2.5
      vertex 0 64.65 -2.5
      vertex 1.0144774024109522 64.69983807894276 -2.5
    endloop
  endfacet
  facet normal 0 0 -1
    outer loop
      vertex -11.043736580540337 27.893294576647545 -2.5
      vertex 1.0144774024109522 64.69983807894276 -2.5
      vertex 2.0191848328669275 64.84887234782657 -2.5
    endloop
  endfacet
  facet normal 0 0 -1
    outer loop
      vertex -11.043736580540337 27.893294576647545 -2.5
      vertex 2.0191848328669275 64.84887234782657 -2.5
      vertex 3.004446409583685 65.09566752517163 -2.5
    endloop
  endfacet
  facet normal 0 0 -1
    outer loop
      vertex -11.043736580540337 27.893294576647545 -2.5
      vertex 3.004446409583685 65.09566752517163 -2.5
      vertex 3.9607735249786793 65.43784683850818 -2.5
    endloop
  endfacet
  facet normal 0 0 -1
    outer loop
      vertex -45.12104377385093 84.12788508600548 -2.5
      vertex -4.878956226149075 84.12788508600548 -2.5
      vertex -5.750151911752883 83.60571048733135 -2.5
    endloop
  endfacet
  facet normal 0 0 -1
    outer loop
      vertex -46.03922647502132 84.56215316149182 -2.5
      vertex -3.9607735249786793 84.56215316149182 -2.5
      vertex -4.878956226149075 84.12788508600548 -2.5
    endloop
  endfacet
  facet normal 0 0 -1
    outer loop
      vertex -46.995553590416314 84.90433247482837 -2.5
      vertex -3.004446409583685 84.90433247482837 -2.5
      vertex -3.9607735249786793 84.56215316149182 -2.5
    endloop
  endfacet
  facet normal 0 0 -1
    outer loop
      vertex -47.98081516713307 85.15112765217343 -2.5
      vertex -2.0191848328669275 85.15112765217343 -2.5
      vertex -3.004446409583685 84.90433247482837 -2.5
    endloop
  endfacet
  facet normal 0 0 -1
    outer loop
      vertex -75 95 -2.5
      vertex 41.39428951266866 80.75015191175288 -2.5
      vertex 1.0144774024109522 85.30016192105724 -2.5
    endloop
  endfacet
  facet normal 0 1 0
    outer loop
      vertex -75 95 -2.5
      vertex -75 95 2.5
      vertex 75 95 -2.5
    endloop
  endfacet
  facet normal 0.9039892931234429 0.4275550934302832 0
    outer loop
      vertex -9.127885086005474 70.12104377385093 -2.5
      vertex -9.562153161491818 71.03922647502132 -2.5
      vertex -9.562153161491818 71.03922647502132 2.5
    endloop
  endfacet
  facet normal 0.7409511253549595 0.6715589548470178 0
    outer loop
      vertex -7.3185551852807675 67.68144481471923 -2.5
      vertex -8.000658192304327 68.43402950890626 -2.5
      vertex -8.000658192304327 68.43402950890626 2.5
    endloop
  endfacet
  facet normal 0.6715589548470156 0.7409511253549618 0
    outer loop
      vertex -7.3185551852807675 67.68144481471923 -2.5
      vertex -7.3185551852807675 67.68144481471923 2.5
      vertex -6.56597049109373 66.99934180769567 -2.5
    endloop
  endfacet
  facet normal 0.8032075314806474 0.59569930449243 0
    outer loop
      vertex -8.000658192304327 68.43402950890626 -2.5
      vertex -8.605710487331343 69.24984808824712 -2.5
      vertex -8.605710487331343 69.24984808824712 2.5
    endloop
  endfacet
  facet normal 0.8577286100002728 0.5141027441932206 0
    outer loop
      vertex -8.605710487331343 69.24984808824712 -2.5
      vertex -9.127885086005474 70.12104377385093 -2.5
      vertex -9.127885086005474 70.12104377385093 2.5
    endloop
  endfacet
  facet normal 0.5956993044924376 0.8032075314806417 0
    outer loop
      vertex -6.56597049109373 66.99934180769567 -2.5
      vertex -6.56597049109373 66.99934180769567 2.5
      vertex -5.750151911752883 66.39428951266865 -2.5
    endloop
  endfacet
  facet normal 0.5141027441932183 0.8577286100002742 0
    outer loop
      vertex -5.750151911752883 66.39428951266865 -2.5
      vertex -5.750151911752883 66.39428951266865 2.5
      vertex -4.878956226149075 65.87211491399452 -2.5
    endloop
  endfacet
  facet normal 0.24298017990325496 0.9700312531945462 0
    outer loop
      vertex -3.004446409583685 65.09566752517163 -2.5
      vertex -3.004446409583685 65.09566752517163 2.5
      vertex -2.0191848328669275 64.84887234782657 -2.5
    endloop
  endfacet
  facet normal 0.14673047445536863 0.98917650996478 0
    outer loop
      vertex -2.0191848328669275 64.84887234782657 -2.5
      vertex -2.0191848328669275 64.84887234782657 2.5
      vertex -1.0144774024109522 64.69983807894276 -2.5
    endloop
  endfacet
  facet normal 0.04906767432741162 0.9987954562051726 0
    outer loop
      vertex -1.0144774024109522 64.69983807894276 -2.5
      vertex -1.0144774024109522 64.69983807894276 2.5
      vertex 0 64.65 -2.5
    endloop
  endfacet
  facet normal 0.4275550934302826 0.903989293123443 0
    outer loop
      vertex -4.878956226149075 65.87211491399452 -2.5
      vertex -4.878956226149075 65.87211491399452 2.5
      vertex -3.9607735249786793 65.43784683850818 -2.5
    endloop
  endfacet
  facet normal 0.33688985339222 0.9415440651830208 0
    outer loop
      vertex -3.9607735249786793 65.43784683850818 -2.5
      vertex -3.9607735249786793 65.43784683850818 2.5
      vertex -3.004446409583685 65.09566752517163 -2.5
    endloop
  endfacet
  facet normal 0.9700312531945439 0.24298017990326443 0
    outer loop
      vertex -9.904332474828362 71.99555359041632 -2.5
      vertex -10.151127652173434 72.98081516713307 -2.5
      vertex -10.151127652173434 72.98081516713307 2.5
    endloop
  endfacet
  facet normal 0.9415440651830211 0.3368898533922188 0
    outer loop
      vertex -9.562153161491818 71.03922647502132 -2.5
      vertex -9.904332474828362 71.99555359041632 -2.5
      vertex -9.904332474828362 71.99555359041632 2.5
    endloop
  endfacet
  facet normal 0.9891765099647809 0.14673047445536286 0
    outer loop
      vertex -10.151127652173434 72.98081516713307 -2.5
      vertex -10.300161921057239 73.98552259758905 -2.5
      vertex -10.300161921057239 73.98552259758905 2.5
    endloop
  endfacet
  facet normal 0.9987954562051725 0.04906767432741713 0
    outer loop
      vertex -10.300161921057239 73.98552259758905 -2.5
      vertex -10.35 75 -2.5
      vertex -10.35 75 2.5
    endloop
  endfacet
  facet normal 0.9987954562051725 -0.04906767432741713 0
    outer loop
      vertex -10.35 75 -2.5
      vertex -10.300161921057239 76.01447740241095 -2.5
      vertex -10.300161921057239 76.01447740241095 2.5
    endloop
  endfacet
  facet normal 0.9891765099647809 -0.14673047445536286 0
    outer loop
      vertex -10.300161921057239 76.01447740241095 -2.5
      vertex -10.151127652173434 77.01918483286693 -2.5
      vertex -10.151127652173434 77.01918483286693 2.5
    endloop
  endfacet
  facet normal 0.9700312531945439 -0.24298017990326443 0
    outer loop
      vertex -10.151127652173434 77.01918483286693 -2.5
      vertex -9.904332474828362 78.00444640958368 -2.5
      vertex -9.904332474828362 78.00444640958368 2.5
    endloop
  endfacet
  facet normal 0.9415440651830211 -0.3368898533922188 0
    outer loop
      vertex -9.904332474828362 78.00444640958368 -2.5
      vertex -9.562153161491818 78.96077352497868 -2.5
      vertex -9.562153161491818 78.96077352497868 2.5
    endloop
  endfacet
  facet normal 0.9039892931234429 -0.4275550934302832 0
    outer loop
      vertex -9.562153161491818 78.96077352497868 -2.5
      vertex -9.127885086005474 79.87895622614907 -2.5
      vertex -9.127885086005474 79.87895622614907 2.5
    endloop
  endfacet
  facet normal 0.8577286100002728 -0.5141027441932206 0
    outer loop
      vertex -9.127885086005474 79.87895622614907 -2.5
      vertex -8.605710487331343 80.75015191175288 -2.5
      vertex -8.605710487331343 80.75015191175288 2.5
    endloop
  endfacet
  facet normal 0.8032075314806474 -0.59569930449243 0
    outer loop
      vertex -8.605710487331343 80.75015191175288 -2.5
      vertex -8.000658192304327 81.56597049109374 -2.5
      vertex -8.000658192304327 81.56597049109374 2.5
    endloop
  endfacet
  facet normal 0.7409511253549595 -0.6715589548470178 0
    outer loop
      vertex -8.000658192304327 81.56597049109374 -2.5
      vertex -7.3185551852807675 82.31855518528077 -2.5
      vertex -7.3185551852807675 82.31855518528077 2.5
    endloop
  endfacet
  facet normal 0.6715589548470156 -0.7409511253549618 0
    outer loop
      vertex -6.56597049109373 83.00065819230433 -2.5
      vertex -6.56597049109373 83.00065819230433 2.5
      vertex -7.3185551852807675 82.31855518528077 -2.5
    endloop
  endfacet
  facet normal 0.5956993044924376 -0.8032075314806417 0
    outer loop
      vertex -5.750151911752883 83.60571048733135 -2.5
      vertex -5.750151911752883 83.60571048733135 2.5
      vertex -6.56597049109373 83.00065819230433 -2.5
    endloop
  endfacet
  facet normal 0.5141027441932183 -0.8577286100002742 0
    outer loop
      vertex -4.878956226149075 84.12788508600548 -2.5
      vertex -4.878956226149075 84.12788508600548 2.5
      vertex -5.750151911752883 83.60571048733135 -2.5
    endloop
  endfacet
  facet normal 0.4275550934302826 -0.903989293123443 0
    outer loop
      vertex -3.9607735249786793 84.56215316149182 -2.5
      vertex -3.9607735249786793 84.56215316149182 2.5
      vertex -4.878956226149075 84.12788508600548 -2.5
    endloop
  endfacet
  facet normal 0.33688985339222 -0.9415440651830208 0
    outer loop
      vertex -3.004446409583685 84.90433247482837 -2.5
      vertex -3.004446409583685 84.90433247482837 2.5
      vertex -3.9607735249786793 84.56215316149182 -2.5
    endloop
  endfacet
  facet normal 0.24298017990325496 -0.9700312531945462 0
    outer loop
      vertex -2.0191848328669275 85.15112765217343 -2.5
      vertex -2.0191848328669275 85.15112765217343 2.5
      vertex -3.004446409583685 84.90433247482837 -2.5
    endloop
  endfacet
  facet normal 0.14673047445536863 -0.98917650996478 0
    outer loop
      vertex -1.0144774024109522 85.30016192105724 -2.5
      vertex -1.0144774024109522 85.30016192105724 2.5
      vertex -2.0191848328669275 85.15112765217343 -2.5
    endloop
  endfacet
  facet normal 0.04906767432741162 -0.9987954562051726 0
    outer loop
      vertex -1.0144774024109522 85.30016192105724 -2.5
      vertex 0 85.35 -2.5
      vertex 0 85.35 2.5
    endloop
  endfacet
  facet normal 0.9039892931234437 0.4275550934302815 0
    outer loop
      vertex -42.46439409646924 31.5545933397515 2.5
      vertex -42.114042557308764 30.81383724750292 2.5
      vertex -42.114042557308764 30.81383724750292 -2.5
    endloop
  endfacet
  facet normal 0.9700312531945453 0.24298017990325782 0
    outer loop
      vertex -42.93955709136697 33.12099581116533 2.5
      vertex -42.740451803363946 32.32612294492524 2.5
      vertex -42.740451803363946 32.32612294492524 -2.5
    endloop
  endfacet
  facet normal 0.941544065183019 0.33688985339222477 0
    outer loop
      vertex -42.740451803363946 32.32612294492524 2.5
      vertex -42.46439409646924 31.5545933397515 2.5
      vertex -42.46439409646924 31.5545933397515 -2.5
    endloop
  endfacet
  facet normal 0.98917650996478 0.14673047445536802 0
    outer loop
      vertex -43.059792467712846 33.931556878248166 2.5
      vertex -42.93955709136697 33.12099581116533 2.5
      vertex -42.93955709136697 33.12099581116533 -2.5
    endloop
  endfacet
  facet normal 0.9987954562051725 0.04906767432741706 0
    outer loop
      vertex -43.1 34.75 2.5
      vertex -43.059792467712846 33.931556878248166 2.5
      vertex -43.059792467712846 33.931556878248166 -2.5
    endloop
  endfacet
  facet normal 0.9987954562051725 -0.04906767432741706 0
    outer loop
      vertex -43.059792467712846 35.568443121751834 2.5
      vertex -43.1 34.75 2.5
      vertex -43.1 34.75 -2.5
    endloop
  endfacet
  facet normal 0.8032075314806454 0.5956993044924327 0
    outer loop
      vertex -41.692771262726254 30.110988554286322 2.5
      vertex -41.204637285578855 29.45281607723356 2.5
      vertex -41.204637285578855 29.45281607723356 -2.5
    endloop
  endfacet
  facet normal 0.7409511253549595 0.6715589548470181 0
    outer loop
      vertex -41.204637285578855 29.45281607723356 2.5
      vertex -40.65434162290767 28.845658377092327 2.5
      vertex -40.65434162290767 28.845658377092327 -2.5
    endloop
  endfacet
  facet normal 0.6715589548470159 0.7409511253549614 0
    outer loop
      vertex -40.047183922766436 28.295362714421145 2.5
      vertex -40.047183922766436 28.295362714421145 -2.5
      vertex -40.65434162290767 28.845658377092327 2.5
    endloop
  endfacet
  facet normal 0.5956993044924348 0.8032075314806438 0
    outer loop
      vertex -39.38901144571368 27.807228737273746 2.5
      vertex -39.38901144571368 27.807228737273746 -2.5
      vertex -40.047183922766436 28.295362714421145 2.5
    endloop
  endfacet
  facet normal 0.5141027441932223 0.8577286100002717 0
    outer loop
      vertex -38.68616275249708 27.385957442691236 2.5
      vertex -38.68616275249708 27.385957442691236 -2.5
      vertex -39.38901144571368 27.807228737273746 2.5
    endloop
  endfacet
  facet normal 0.4275550934302798 0.9039892931234444 0
    outer loop
      vertex -37.9454066602485 27.035605903530758 2.5
      vertex -37.9454066602485 27.035605903530758 -2.5
      vertex -38.68616275249708 27.385957442691236 2.5
    endloop
  endfacet
  facet normal 0.8577286100002729 0.5141027441932204 0
    outer loop
      vertex -42.114042557308764 30.81383724750292 2.5
      vertex -41.692771262726254 30.110988554286322 2.5
      vertex -41.692771262726254 30.110988554286322 -2.5
    endloop
  endfacet
  facet normal 0.98917650996478 -0.14673047445536802 0
    outer loop
      vertex -42.93955709136697 36.37900418883467 2.5
      vertex -43.059792467712846 35.568443121751834 2.5
      vertex -43.059792467712846 35.568443121751834 -2.5
    endloop
  endfacet
  facet normal 0.9700312531945453 -0.24298017990325782 0
    outer loop
      vertex -42.740451803363946 37.17387705507476 2.5
      vertex -42.93955709136697 36.37900418883467 2.5
      vertex -42.93955709136697 36.37900418883467 -2.5
    endloop
  endfacet
  facet normal 0.941544065183019 -0.33688985339222477 0
    outer loop
      vertex -42.46439409646924 37.9454066602485 2.5
      vertex -42.740451803363946 37.17387705507476 2.5
      vertex -42.740451803363946 37.17387705507476 -2.5
    endloop
  endfacet
  facet normal 0.9039892931234444 -0.4275550934302798 0
    outer loop
      vertex -42.114042557308764 38.68616275249708 2.5
      vertex -42.46439409646924 37.9454066602485 2.5
      vertex -42.46439409646924 37.9454066602485 -2.5
    endloop
  endfacet
  facet normal 0.8577286100002717 -0.5141027441932223 0
    outer loop
      vertex -41.692771262726254 39.38901144571368 2.5
      vertex -42.114042557308764 38.68616275249708 2.5
      vertex -42.114042557308764 38.68616275249708 -2.5
    endloop
  endfacet
  facet normal 0.8032075314806438 -0.5956993044924348 0
    outer loop
      vertex -41.204637285578855 40.047183922766436 2.5
      vertex -41.692771262726254 39.38901144571368 2.5
      vertex -41.692771262726254 39.38901144571368 -2.5
    endloop
  endfacet
  facet normal 0.7409511253549614 -0.6715589548470159 0
    outer loop
      vertex -40.65434162290767 40.65434162290767 2.5
      vertex -41.204637285578855 40.047183922766436 2.5
      vertex -41.204637285578855 40.047183922766436 -2.5
    endloop
  endfacet
  facet normal 0.6715589548470159 -0.7409511253549614 0
    outer loop
      vertex -40.65434162290767 40.65434162290767 2.5
      vertex -40.65434162290767 40.65434162290767 -2.5
      vertex -40.047183922766436 41.204637285578855 2.5
    endloop
  endfacet
  facet normal 0.5956993044924348 -0.8032075314806438 0
    outer loop
      vertex -40.047183922766436 41.204637285578855 2.5
      vertex -40.047183922766436 41.204637285578855 -2.5
      vertex -39.38901144571368 41.692771262726254 2.5
    endloop
  endfacet
  facet normal 0.5141027441932223 -0.8577286100002717 0
    outer loop
      vertex -39.38901144571368 41.692771262726254 2.5
      vertex -39.38901144571368 41.692771262726254 -2.5
      vertex -38.68616275249708 42.114042557308764 2.5
    endloop
  endfacet
  facet normal 0.4275550934302798 -0.9039892931234444 0
    outer loop
      vertex -38.68616275249708 42.114042557308764 2.5
      vertex -38.68616275249708 42.114042557308764 -2.5
      vertex -37.9454066602485 42.46439409646924 2.5
    endloop
  endfacet
  facet normal 0.33688985339222477 -0.941544065183019 0
    outer loop
      vertex -37.9454066602485 42.46439409646924 2.5
      vertex -37.9454066602485 42.46439409646924 -2.5
      vertex -37.17387705507476 42.740451803363946 2.5
    endloop
  endfacet
  facet normal 0 0 1
    outer loop
      vertex -75 -95 2.5
      vertex -43.1 34.75 2.5
      vertex -56.56597049109373 66.99934180769567 2.5
    endloop
  endfacet
  facet normal 0 0 1
    outer loop
      vertex -75 -95 2.5
      vertex -58.60571048733134 69.24984808824712 2.5
      vertex -59.12788508600548 70.12104377385093 2.5
    endloop
  endfacet
  facet normal 0 0 1
    outer loop
      vertex -75 -95 2.5
      vertex -58.00065819230433 68.43402950890626 2.5
      vertex -58.60571048733134 69.24984808824712 2.5
    endloop
  endfacet
  facet normal 0 0 1
    outer loop
      vertex -75 -95 2.5
      vertex -57.318555185280765 67.68144481471923 2.5
      vertex -58.00065819230433 68.43402950890626 2.5
    endloop
  endfacet
  facet normal 0 0 1
    outer loop
      vertex -75 -95 2.5
      vertex -59.12788508600548 70.12104377385093 2.5
      vertex -59.56215316149182 71.03922647502132 2.5
    endloop
  endfacet
  facet normal 0 0 1
    outer loop
      vertex -75 -95 2.5
      vertex -59.56215316149182 71.03922647502132 2.5
      vertex -59.904332474828365 71.99555359041632 2.5
    endloop
  endfacet
  facet normal 0 0 1
    outer loop
      vertex -75 -95 2.5
      vertex -60.151127652173436 72.98081516713307 2.5
      vertex -60.30016192105724 73.98552259758905 2.5
    endloop
  endfacet
  facet normal 0 0 1
    outer loop
      vertex -75 -95 2.5
      vertex -59.904332474828365 71.99555359041632 2.5
      vertex -60.151127652173436 72.98081516713307 2.5
    endloop
  endfacet
  facet normal 0 0 1
    outer loop
      vertex -75 -95 2.5
      vertex -56.56597049109373 66.99934180769567 2.5
      vertex -57.318555185280765 67.68144481471923 2.5
    endloop
  endfacet
  facet normal 0 0 1
    outer loop
      vertex -75 -95 2.5
      vertex -60.30016192105724 73.98552259758905 2.5
      vertex -75 95 2.5
    endloop
  endfacet
  facet normal 0 0 1
    outer loop
      vertex -42.114042557308764 -30.81383724750292 2.5
      vertex -42.114042557308764 30.81383724750292 2.5
      vertex -42.46439409646924 31.5545933397515 2.5
    endloop
  endfacet
  facet normal 0 0 1
    outer loop
      vertex -41.692771262726254 -30.110988554286322 2.5
      vertex -41.692771262726254 30.110988554286322 2.5
      vertex -42.114042557308764 30.81383724750292 2.5
    endloop
  endfacet
  facet normal 0 0 1
    outer loop
      vertex -41.204637285578855 -29.45281607723356 2.5
      vertex -41.204637285578855 29.45281607723356 2.5
      vertex -41.692771262726254 30.110988554286322 2.5
    endloop
  endfacet
  facet normal 0 0 1
    outer loop
      vertex -40.65434162290767 -28.845658377092327 2.5
      vertex -40.65434162290767 28.845658377092327 2.5
      vertex -41.204637285578855 29.45281607723356 2.5
    endloop
  endfacet
  facet normal 0 0 1
    outer loop
      vertex -43.059792467712846 35.568443121751834 2.5
      vertex -56.56597049109373 66.99934180769567 2.5
      vertex -43.1 34.75 2.5
    endloop
  endfacet
  facet normal 0 0 1
    outer loop
      vertex -42.93955709136697 36.37900418883467 2.5
      vertex -55.75015191175288 66.39428951266865 2.5
      vertex -43.059792467712846 35.568443121751834 2.5
    endloop
  endfacet
  facet normal 0 0 1
    outer loop
      vertex -42.740451803363946 37.17387705507476 2.5
      vertex -54.87895622614907 65.87211491399452 2.5
      vertex -42.93955709136697 36.37900418883467 2.5
    endloop
  endfacet
  facet normal 0 0 1
    outer loop
      vertex -42.46439409646924 37.9454066602485 2.5
      vertex -53.96077352497868 65.43784683850818 2.5
      vertex -42.740451803363946 37.17387705507476 2.5
    endloop
  endfacet
  facet normal 0 0 1
    outer loop
      vertex -42.114042557308764 38.68616275249708 2.5
      vertex -53.96077352497868 65.43784683850818 2.5
      vertex -42.46439409646924 37.9454066602485 2.5
    endloop
  endfacet
  facet normal 0.8577286100002713 0.5141027441932231 0
    outer loop
      vertex -59.12788508600548 70.12104377385093 2.5
      vertex -58.60571048733134 69.24984808824712 2.5
      vertex -58.60571048733134 69.24984808824712 -2.5
    endloop
  endfacet
  facet normal 0.9039892931234429 0.4275550934302832 0
    outer loop
      vertex -59.56215316149182 71.03922647502132 2.5
      vertex -59.12788508600548 70.12104377385093 2.5
      vertex -59.12788508600548 70.12104377385093 -2.5
    endloop
  endfacet
  facet normal 0.7409511253549574 0.6715589548470201 0
    outer loop
      vertex -58.00065819230433 68.43402950890626 2.5
      vertex -57.318555185280765 67.68144481471923 2.5
      vertex -57.318555185280765 67.68144481471923 -2.5
    endloop
  endfacet
  facet normal 0.6715589548470163 0.7409511253549609 0
    outer loop
      vertex -56.56597049109373 66.99934180769567 2.5
      vertex -56.56597049109373 66.99934180769567 -2.5
      vertex -57.318555185280765 67.68144481471923 2.5
    endloop
  endfacet
  facet normal 0.8032075314806482 0.5956993044924289 0
    outer loop
      vertex -58.60571048733134 69.24984808824712 2.5
      vertex -58.00065819230433 68.43402950890626 2.5
      vertex -58.00065819230433 68.43402950890626 -2.5
    endloop
  endfacet
  facet normal 0.9700312531945443 0.2429801799032628 0
    outer loop
      vertex -60.151127652173436 72.98081516713307 2.5
      vertex -59.904332474828365 71.99555359041632 2.5
      vertex -59.904332474828365 71.99555359041632 -2.5
    endloop
  endfacet
  facet normal 0.989176509964781 0.14673047445536114 0
    outer loop
      vertex -60.30016192105724 73.98552259758905 2.5
      vertex -60.151127652173436 72.98081516713307 2.5
      vertex -60.151127652173436 72.98081516713307 -2.5
    endloop
  endfacet
  facet normal 0.9415440651830211 0.3368898533922188 0
    outer loop
      vertex -59.904332474828365 71.99555359041632 2.5
      vertex -59.56215316149182 71.03922647502132 2.5
      vertex -59.56215316149182 71.03922647502132 -2.5
    endloop
  endfacet
  facet normal 0.9987954562051723 0.04906767432741886 0
    outer loop
      vertex -60.35 75 2.5
      vertex -60.30016192105724 73.98552259758905 2.5
      vertex -60.30016192105724 73.98552259758905 -2.5
    endloop
  endfacet
  facet normal 0.9987954562051723 -0.04906767432741886 0
    outer loop
      vertex -60.30016192105724 76.01447740241095 2.5
      vertex -60.35 75 2.5
      vertex -60.35 75 -2.5
    endloop
  endfacet
  facet normal 0.989176509964781 -0.14673047445536114 0
    outer loop
      vertex -60.151127652173436 77.01918483286693 2.5
      vertex -60.30016192105724 76.01447740241095 2.5
      vertex -60.30016192105724 76.01447740241095 -2.5
    endloop
  endfacet
  facet normal 0.9700312531945443 -0.2429801799032628 0
    outer loop
      vertex -60.151127652173436 77.01918483286693 -2.5
      vertex -59.904332474828365 78.00444640958368 2.5
      vertex -60.151127652173436 77.01918483286693 2.5
    endloop
  endfacet
  facet normal 0.9415440651830211 -0.3368898533922188 0
    outer loop
      vertex -59.904332474828365 78.00444640958368 -2.5
      vertex -59.56215316149182 78.96077352497868 2.5
      vertex -59.904332474828365 78.00444640958368 2.5
    endloop
  endfacet
  facet normal 0.9039892931234429 -0.4275550934302832 0
    outer loop
      vertex -59.56215316149182 78.96077352497868 -2.5
      vertex -59.12788508600548 79.87895622614907 2.5
      vertex -59.56215316149182 78.96077352497868 2.5
    endloop
  endfacet
  facet normal 0.8577286100002713 -0.5141027441932231 0
    outer loop
      vertex -59.12788508600548 79.87895622614907 -2.5
      vertex -58.60571048733134 80.75015191175288 2.5
      vertex -59.12788508600548 79.87895622614907 2.5
    endloop
  endfacet
  facet normal 0.8032075314806482 -0.5956993044924289 0
    outer loop
      vertex -58.60571048733134 80.75015191175288 -2.5
      vertex -58.00065819230433 81.56597049109374 2.5
      vertex -58.60571048733134 80.75015191175288 2.5
    endloop
  endfacet
  facet normal 0.7409511253549574 -0.6715589548470201 0
    outer loop
      vertex -58.00065819230433 81.56597049109374 -2.5
      vertex -57.318555185280765 82.31855518528077 2.5
      vertex -58.00065819230433 81.56597049109374 2.5
    endloop
  endfacet
  facet normal 0.6715589548470163 -0.7409511253549609 0
    outer loop
      vertex -57.318555185280765 82.31855518528077 -2.5
      vertex -56.56597049109373 83.00065819230433 2.5
      vertex -57.318555185280765 82.31855518528077 2.5
    endloop
  endfacet
  facet normal 0.5956993044924368 -0.8032075314806425 0
    outer loop
      vertex -56.56597049109373 83.00065819230433 -2.5
      vertex -55.75015191175288 83.60571048733135 2.5
      vertex -56.56597049109373 83.00065819230433 2.5
    endloop
  endfacet
  facet normal 0.336889853392221 0.9415440651830205 0
    outer loop
      vertex -53.004446409583686 65.09566752517163 2.5
      vertex -53.004446409583686 65.09566752517163 -2.5
      vertex -53.96077352497868 65.43784683850818 2.5
    endloop
  endfacet
  facet normal 0.24298017990325452 0.9700312531945463 0
    outer loop
      vertex -52.01918483286693 64.84887234782657 2.5
      vertex -52.01918483286693 64.84887234782657 -2.5
      vertex -53.004446409583686 65.09566752517163 2.5
    endloop
  endfacet
  facet normal 0.5956993044924368 0.8032075314806425 0
    outer loop
      vertex -55.75015191175288 66.39428951266865 2.5
      vertex -55.75015191175288 66.39428951266865 -2.5
      vertex -56.56597049109373 66.99934180769567 2.5
    endloop
  endfacet
  facet normal 0.5141027441932179 0.8577286100002743 0
    outer loop
      vertex -54.87895622614907 65.87211491399452 2.5
      vertex -54.87895622614907 65.87211491399452 -2.5
      vertex -55.75015191175288 66.39428951266865 2.5
    endloop
  endfacet
  facet normal 0.4275550934302832 0.9039892931234429 0
    outer loop
      vertex -53.96077352497868 65.43784683850818 2.5
      vertex -53.96077352497868 65.43784683850818 -2.5
      vertex -54.87895622614907 65.87211491399452 2.5
    endloop
  endfacet
  facet normal 0.146730474455369 0.9891765099647799 0
    outer loop
      vertex -52.01918483286693 64.84887234782657 2.5
      vertex -51.014477402410954 64.69983807894276 2.5
      vertex -51.014477402410954 64.69983807894276 -2.5
    endloop
  endfacet
  facet normal 0.04906767432741154 0.9987954562051726 0
    outer loop
      vertex -50 64.65 -2.5
      vertex -51.014477402410954 64.69983807894276 2.5
      vertex -50 64.65 2.5
    endloop
  endfacet
  facet normal -0.04906767432741154 0.9987954562051726 0
    outer loop
      vertex -48.985522597589046 64.69983807894276 -2.5
      vertex -50 64.65 2.5
      vertex -48.985522597589046 64.69983807894276 2.5
    endloop
  endfacet
  facet normal -0.146730474455369 0.9891765099647799 0
    outer loop
      vertex -47.98081516713307 64.84887234782657 -2.5
      vertex -48.985522597589046 64.69983807894276 2.5
      vertex -47.98081516713307 64.84887234782657 2.5
    endloop
  endfacet
  facet normal -0.24298017990325452 0.9700312531945463 0
    outer loop
      vertex -46.995553590416314 65.09566752517163 -2.5
      vertex -47.98081516713307 64.84887234782657 2.5
      vertex -46.995553590416314 65.09566752517163 2.5
    endloop
  endfacet
  facet normal -0.336889853392221 0.9415440651830205 0
    outer loop
      vertex -46.03922647502132 65.43784683850818 -2.5
      vertex -46.995553590416314 65.09566752517163 2.5
      vertex -46.03922647502132 65.43784683850818 2.5
    endloop
  endfacet
  facet normal -0.4275550934302832 0.9039892931234429 0
    outer loop
      vertex -45.12104377385093 65.87211491399452 -2.5
      vertex -46.03922647502132 65.43784683850818 2.5
      vertex -45.12104377385093 65.87211491399452 2.5
    endloop
  endfacet
  facet normal -0.5141027441932179 0.8577286100002743 0
    outer loop
      vertex -44.24984808824712 66.39428951266865 -2.5
      vertex -45.12104377385093 65.87211491399452 2.5
      vertex -44.24984808824712 66.39428951266865 2.5
    endloop
  endfacet
  facet normal -0.5956993044924368 0.8032075314806425 0
    outer loop
      vertex -43.43402950890627 66.99934180769567 -2.5
      vertex -44.24984808824712 66.39428951266865 2.5
      vertex -43.43402950890627 66.99934180769567 2.5
    endloop
  endfacet
  facet normal -0.6715589548470163 0.7409511253549609 0
    outer loop
      vertex -42.681444814719235 67.68144481471923 -2.5
      vertex -43.43402950890627 66.99934180769567 2.5
      vertex -42.681444814719235 67.68144481471923 2.5
    endloop
  endfacet
  facet normal -0.7409511253549574 0.6715589548470201 0
    outer loop
      vertex -41.99934180769567 68.43402950890626 -2.5
      vertex -42.681444814719235 67.68144481471923 2.5
      vertex -41.99934180769567 68.43402950890626 2.5
    endloop
  endfacet
  facet normal -0.8032075314806482 0.5956993044924289 0
    outer loop
      vertex -41.39428951266866 69.24984808824712 -2.5
      vertex -41.99934180769567 68.43402950890626 2.5
      vertex -41.39428951266866 69.24984808824712 2.5
    endloop
  endfacet
  facet normal -0.8577286100002713 0.5141027441932231 0
    outer loop
      vertex -40.87211491399452 70.12104377385093 -2.5
      vertex -41.39428951266866 69.24984808824712 2.5
      vertex -40.87211491399452 70.12104377385093 2.5
    endloop
  endfacet
  facet normal -0.9039892931234429 0.4275550934302832 0
    outer loop
      vertex -40.43784683850818 71.03922647502132 -2.5
      vertex -40.87211491399452 70.12104377385093 2.5
      vertex -40.43784683850818 71.03922647502132 2.5
    endloop
  endfacet
  facet normal 0.5141027441932179 -0.8577286100002743 0
    outer loop
      vertex -55.75015191175288 83.60571048733135 -2.5
      vertex -54.87895622614907 84.12788508600548 2.5
      vertex -55.75015191175288 83.60571048733135 2.5
    endloop
  endfacet
  facet normal 0.4275550934302832 -0.9039892931234429 0
    outer loop
      vertex -54.87895622614907 84.12788508600548 -2.5
      vertex -53.96077352497868 84.56215316149182 2.5
      vertex -54.87895622614907 84.12788508600548 2.5
    endloop
  endfacet
  facet normal 0.336889853392221 -0.9415440651830205 0
    outer loop
      vertex -53.96077352497868 84.56215316149182 -2.5
      vertex -53.004446409583686 84.90433247482837 2.5
      vertex -53.96077352497868 84.56215316149182 2.5
    endloop
  endfacet
  facet normal 0.24298017990325452 -0.9700312531945463 0
    outer loop
      vertex -53.004446409583686 84.90433247482837 -2.5
      vertex -52.01918483286693 85.15112765217343 2.5
      vertex -53.004446409583686 84.90433247482837 2.5
    endloop
  endfacet
  facet normal 0.146730474455369 -0.9891765099647799 0
    outer loop
      vertex -52.01918483286693 85.15112765217343 -2.5
      vertex -51.014477402410954 85.30016192105724 2.5
      vertex -52.01918483286693 85.15112765217343 2.5
    endloop
  endfacet
  facet normal 0.04906767432741154 -0.9987954562051726 0
    outer loop
      vertex -51.014477402410954 85.30016192105724 -2.5
      vertex -50 85.35 2.5
      vertex -51.014477402410954 85.30016192105724 2.5
    endloop
  endfacet
  facet normal -0.04906767432741154 -0.9987954562051726 0
    outer loop
      vertex -50 85.35 -2.5
      vertex -48.985522597589046 85.30016192105724 2.5
      vertex -50 85.35 2.5
    endloop
  endfacet
  facet normal -0.146730474455369 -0.9891765099647799 0
    outer loop
      vertex -48.985522597589046 85.30016192105724 -2.5
      vertex -47.98081516713307 85.15112765217343 2.5
      vertex -48.985522597589046 85.30016192105724 2.5
    endloop
  endfacet
  facet normal -0.24298017990325452 -0.9700312531945463 0
    outer loop
      vertex -47.98081516713307 85.15112765217343 -2.5
      vertex -46.995553590416314 84.90433247482837 2.5
      vertex -47.98081516713307 85.15112765217343 2.5
    endloop
  endfacet
  facet normal -0.6715589548470163 -0.7409511253549609 0
    outer loop
      vertex -43.43402950890627 83.00065819230433 -2.5
      vertex -42.681444814719235 82.31855518528077 2.5
      vertex -43.43402950890627 83.00065819230433 2.5
    endloop
  endfacet
  facet normal -0.7409511253549574 -0.6715589548470201 0
    outer loop
      vertex -42.681444814719235 82.31855518528077 -2.5
      vertex -41.99934180769567 81.56597049109374 2.5
      vertex -42.681444814719235 82.31855518528077 2.5
    endloop
  endfacet
  facet normal -0.9415440651830211 0.3368898533922188 0
    outer loop
      vertex -40.095667525171635 71.99555359041632 -2.5
      vertex -40.43784683850818 71.03922647502132 2.5
      vertex -40.095667525171635 71.99555359041632 2.5
    endloop
  endfacet
  facet normal -0.9700312531945443 0.2429801799032628 0
    outer loop
      vertex -39.848872347826564 72.98081516713307 -2.5
      vertex -40.095667525171635 71.99555359041632 2.5
      vertex -39.848872347826564 72.98081516713307 2.5
    endloop
  endfacet
  facet normal -0.989176509964781 0.14673047445536114 0
    outer loop
      vertex -39.69983807894276 73.98552259758905 -2.5
      vertex -39.848872347826564 72.98081516713307 2.5
      vertex -39.69983807894276 73.98552259758905 2.5
    endloop
  endfacet
  facet normal -0.9987954562051723 0.04906767432741886 0
    outer loop
      vertex -39.65 75 -2.5
      vertex -39.69983807894276 73.98552259758905 2.5
      vertex -39.65 75 2.5
    endloop
  endfacet
  facet normal -0.9987954562051723 -0.04906767432741886 0
    outer loop
      vertex -39.69983807894276 76.01447740241095 -2.5
      vertex -39.65 75 2.5
      vertex -39.69983807894276 76.01447740241095 2.5
    endloop
  endfacet
  facet normal -0.989176509964781 -0.14673047445536114 0
    outer loop
      vertex -39.848872347826564 77.01918483286693 -2.5
      vertex -39.69983807894276 76.01447740241095 2.5
      vertex -39.848872347826564 77.01918483286693 2.5
    endloop
  endfacet
  facet normal -0.9700312531945443 -0.2429801799032628 0
    outer loop
      vertex -40.095667525171635 78.00444640958368 -2.5
      vertex -39.848872347826564 77.01918483286693 2.5
      vertex -40.095667525171635 78.00444640958368 2.5
    endloop
  endfacet
  facet normal -0.9415440651830211 -0.3368898533922188 0
    outer loop
      vertex -40.43784683850818 78.96077352497868 -2.5
      vertex -40.095667525171635 78.00444640958368 2.5
      vertex -40.43784683850818 78.96077352497868 2.5
    endloop
  endfacet
  facet normal -0.9039892931234429 -0.4275550934302832 0
    outer loop
      vertex -40.87211491399452 79.87895622614907 -2.5
      vertex -40.43784683850818 78.96077352497868 2.5
      vertex -40.87211491399452 79.87895622614907 2.5
    endloop
  endfacet
  facet normal -0.8032075314806482 -0.5956993044924289 0
    outer loop
      vertex -41.99934180769567 81.56597049109374 -2.5
      vertex -41.39428951266866 80.75015191175288 2.5
      vertex -41.99934180769567 81.56597049109374 2.5
    endloop
  endfacet
  facet normal -0.8577286100002713 -0.5141027441932231 0
    outer loop
      vertex -41.39428951266866 80.75015191175288 -2.5
      vertex -40.87211491399452 79.87895622614907 2.5
      vertex -41.39428951266866 80.75015191175288 2.5
    endloop
  endfacet
  facet normal -0.4275550934302832 -0.9039892931234429 0
    outer loop
      vertex -46.03922647502132 84.56215316149182 -2.5
      vertex -45.12104377385093 84.12788508600548 2.5
      vertex -46.03922647502132 84.56215316149182 2.5
    endloop
  endfacet
  facet normal -0.336889853392221 -0.9415440651830205 0
    outer loop
      vertex -46.995553590416314 84.90433247482837 -2.5
      vertex -46.03922647502132 84.56215316149182 2.5
      vertex -46.995553590416314 84.90433247482837 2.5
    endloop
  endfacet
  facet normal -0.5141027441932179 -0.8577286100002743 0
    outer loop
      vertex -45.12104377385093 84.12788508600548 -2.5
      vertex -44.24984808824712 83.60571048733135 2.5
      vertex -45.12104377385093 84.12788508600548 2.5
    endloop
  endfacet
  facet normal -0.5956993044924368 -0.8032075314806425 0
    outer loop
      vertex -44.24984808824712 83.60571048733135 -2.5
      vertex -43.43402950890627 83.00065819230433 2.5
      vertex -44.24984808824712 83.60571048733135 2.5
    endloop
  endfacet
  facet normal 0 0 1
    outer loop
      vertex -75 95 2.5
      vertex -60.30016192105724 73.98552259758905 2.5
      vertex -60.35 75 2.5
    endloop
  endfacet
  facet normal 0 0 1
    outer loop
      vertex -75 95 2.5
      vertex -60.35 75 2.5
      vertex -60.30016192105724 76.01447740241095 2.5
    endloop
  endfacet
  facet normal 0 0 1
    outer loop
      vertex -75 95 2.5
      vertex -60.30016192105724 76.01447740241095 2.5
      vertex -60.151127652173436 77.01918483286693 2.5
    endloop
  endfacet
  facet normal 0 0 1
    outer loop
      vertex -75 95 2.5
      vertex -60.151127652173436 77.01918483286693 2.5
      vertex -59.904332474828365 78.00444640958368 2.5
    endloop
  endfacet
  facet normal 0 0 1
    outer loop
      vertex -75 95 2.5
      vertex -59.904332474828365 78.00444640958368 2.5
      vertex -59.56215316149182 78.96077352497868 2.5
    endloop
  endfacet
  facet normal 0 0 1
    outer loop
      vertex -75 95 2.5
      vertex -59.56215316149182 78.96077352497868 2.5
      vertex -59.12788508600548 79.87895622614907 2.5
    endloop
  endfacet
  facet normal 0 0 1
    outer loop
      vertex -75 95 2.5
      vertex -59.12788508600548 79.87895622614907 2.5
      vertex -58.60571048733134 80.75015191175288 2.5
    endloop
  endfacet
  facet normal 0 0 1
    outer loop
      vertex -75 95 2.5
      vertex -58.60571048733134 80.75015191175288 2.5
      vertex -58.00065819230433 81.56597049109374 2.5
    endloop
  endfacet
  facet normal 0 0 1
    outer loop
      vertex -75 95 2.5
      vertex -58.00065819230433 81.56597049109374 2.5
      vertex -57.318555185280765 82.31855518528077 2.5
    endloop
  endfacet
  facet normal 0 0 1
    outer loop
      vertex -75 95 2.5
      vertex -57.318555185280765 82.31855518528077 2.5
      vertex -56.56597049109373 83.00065819230433 2.5
    endloop
  endfacet
  facet normal 0 0 1
    outer loop
      vertex -75 95 2.5
      vertex -56.56597049109373 83.00065819230433 2.5
      vertex -55.75015191175288 83.60571048733135 2.5
    endloop
  endfacet
  facet normal 0 0 1
    outer loop
      vertex -75 95 2.5
      vertex -55.75015191175288 83.60571048733135 2.5
      vertex -54.87895622614907 84.12788508600548 2.5
    endloop
  endfacet
  facet normal 0 0 1
    outer loop
      vertex -75 95 2.5
      vertex -54.87895622614907 84.12788508600548 2.5
      vertex -53.96077352497868 84.56215316149182 2.5
    endloop
  endfacet
  facet normal 0 0 1
    outer loop
      vertex -75 95 2.5
      vertex -53.96077352497868 84.56215316149182 2.5
      vertex -53.004446409583686 84.90433247482837 2.5
    endloop
  endfacet
  facet normal 0 0 1
    outer loop
      vertex -75 95 2.5
      vertex -53.004446409583686 84.90433247482837 2.5
      vertex -52.01918483286693 85.15112765217343 2.5
    endloop
  endfacet
  facet normal 0 0 1
    outer loop
      vertex -75 95 2.5
      vertex -52.01918483286693 85.15112765217343 2.5
      vertex -51.014477402410954 85.30016192105724 2.5
    endloop
  endfacet
  facet normal 0 0 1
    outer loop
      vertex -75 95 2.5
      vertex -51.014477402410954 85.30016192105724 2.5
      vertex -50 85.35 2.5
    endloop
  endfacet
  facet normal 0 0 1
    outer loop
      vertex -75 95 2.5
      vertex -50 85.35 2.5
      vertex -48.985522597589046 85.30016192105724 2.5
    endloop
  endfacet
  facet normal 0 0 1
    outer loop
      vertex -55.75015191175288 66.39428951266865 2.5
      vertex -56.56597049109373 66.99934180769567 2.5
      vertex -43.059792467712846 35.568443121751834 2.5
    endloop
  endfacet
  facet normal 0 0 1
    outer loop
      vertex -54.87895622614907 65.87211491399452 2.5
      vertex -55.75015191175288 66.39428951266865 2.5
      vertex -42.93955709136697 36.37900418883467 2.5
    endloop
  endfacet
  facet normal 0 0 1
    outer loop
      vertex -53.96077352497868 65.43784683850818 2.5
      vertex -54.87895622614907 65.87211491399452 2.5
      vertex -42.740451803363946 37.17387705507476 2.5
    endloop
  endfacet
  facet normal 0 0 1
    outer loop
      vertex -53.004446409583686 65.09566752517163 2.5
      vertex -53.96077352497868 65.43784683850818 2.5
      vertex -42.114042557308764 38.68616275249708 2.5
    endloop
  endfacet
  facet normal 0 0 1
    outer loop
      vertex -52.01918483286693 64.84887234782657 2.5
      vertex -53.004446409583686 65.09566752517163 2.5
      vertex -41.692771262726254 39.38901144571368 2.5
    endloop
  endfacet
  facet normal 0 0 1
    outer loop
      vertex -41.692771262726254 39.38901144571368 2.5
      vertex -53.004446409583686 65.09566752517163 2.5
      vertex -42.114042557308764 38.68616275249708 2.5
    endloop
  endfacet
  facet normal 0 0 1
    outer loop
      vertex -41.204637285578855 40.047183922766436 2.5
      vertex -52.01918483286693 64.84887234782657 2.5
      vertex -41.692771262726254 39.38901144571368 2.5
    endloop
  endfacet
  facet normal 0 0 1
    outer loop
      vertex -52.01918483286693 64.84887234782657 2.5
      vertex -41.204637285578855 40.047183922766436 2.5
      vertex -40.65434162290767 40.65434162290767 2.5
    endloop
  endfacet
  facet normal 0 0 1
    outer loop
      vertex -52.01918483286693 64.84887234782657 2.5
      vertex -40.65434162290767 40.65434162290767 2.5
      vertex -40.047183922766436 41.204637285578855 2.5
    endloop
  endfacet
  facet normal 0 0 1
    outer loop
      vertex -52.01918483286693 64.84887234782657 2.5
      vertex -40.047183922766436 41.204637285578855 2.5
      vertex -39.38901144571368 41.692771262726254 2.5
    endloop
  endfacet
  facet normal 0 0 1
    outer loop
      vertex -52.01918483286693 64.84887234782657 2.5
      vertex -39.38901144571368 41.692771262726254 2.5
      vertex -38.68616275249708 42.114042557308764 2.5
    endloop
  endfacet
  facet normal 0 0 1
    outer loop
      vertex -52.01918483286693 64.84887234782657 2.5
      vertex -38.68616275249708 42.114042557308764 2.5
      vertex -37.9454066602485 42.46439409646924 2.5
    endloop
  endfacet
  facet normal 0 0 1
    outer loop
      vertex -52.01918483286693 64.84887234782657 2.5
      vertex -37.9454066602485 42.46439409646924 2.5
      vertex -37.17387705507476 42.740451803363946 2.5
    endloop
  endfacet
  facet normal 0 0 1
    outer loop
      vertex -52.01918483286693 64.84887234782657 2.5
      vertex -33.931556878248166 43.059792467712846 2.5
      vertex -51.014477402410954 64.69983807894276 2.5
    endloop
  endfacet
  facet normal 0 0 1
    outer loop
      vertex -33.931556878248166 43.059792467712846 2.5
      vertex -50 64.65 2.5
      vertex -51.014477402410954 64.69983807894276 2.5
    endloop
  endfacet
  facet normal 0 0 1
    outer loop
      vertex -33.931556878248166 43.059792467712846 2.5
      vertex -48.985522597589046 64.69983807894276 2.5
      vertex -50 64.65 2.5
    endloop
  endfacet
  facet normal 0 0 1
    outer loop
      vertex -33.931556878248166 43.059792467712846 2.5
      vertex -47.98081516713307 64.84887234782657 2.5
      vertex -48.985522597589046 64.69983807894276 2.5
    endloop
  endfacet
  facet normal 0 0 1
    outer loop
      vertex -33.931556878248166 43.059792467712846 2.5
      vertex -46.995553590416314 65.09566752517163 2.5
      vertex -47.98081516713307 64.84887234782657 2.5
    endloop
  endfacet
  facet normal 0 0 1
    outer loop
      vertex -33.931556878248166 43.059792467712846 2.5
      vertex -46.03922647502132 65.43784683850818 2.5
      vertex -46.995553590416314 65.09566752517163 2.5
    endloop
  endfacet
  facet normal 0 0 1
    outer loop
      vertex -52.01918483286693 64.84887234782657 2.5
      vertex -37.17387705507476 42.740451803363946 2.5
      vertex -36.37900418883467 42.93955709136697 2.5
    endloop
  endfacet
  facet normal 0 0 1
    outer loop
      vertex -52.01918483286693 64.84887234782657 2.5
      vertex -36.37900418883467 42.93955709136697 2.5
      vertex -35.568443121751834 43.059792467712846 2.5
    endloop
  endfacet
  facet normal 0 0 1
    outer loop
      vertex -52.01918483286693 64.84887234782657 2.5
      vertex -35.568443121751834 43.059792467712846 2.5
      vertex -34.75 43.1 2.5
    endloop
  endfacet
  facet normal 0 0 1
    outer loop
      vertex -52.01918483286693 64.84887234782657 2.5
      vertex -34.75 43.1 2.5
      vertex -33.931556878248166 43.059792467712846 2.5
    endloop
  endfacet
  facet normal 0 0 1
    outer loop
      vertex -33.931556878248166 43.059792467712846 2.5
      vertex -45.12104377385093 65.87211491399452 2.5
      vertex -46.03922647502132 65.43784683850818 2.5
    endloop
  endfacet
  facet normal 0 0 1
    outer loop
      vertex -33.931556878248166 43.059792467712846 2.5
      vertex -44.24984808824712 66.39428951266865 2.5
      vertex -45.12104377385093 65.87211491399452 2.5
    endloop
  endfacet
  facet normal 0 0 1
    outer loop
      vertex -33.931556878248166 43.059792467712846 2.5
      vertex -43.43402950890627 66.99934180769567 2.5
      vertex -44.24984808824712 66.39428951266865 2.5
    endloop
  endfacet
  facet normal 0 0 1
    outer loop
      vertex -33.931556878248166 43.059792467712846 2.5
      vertex -42.681444814719235 67.68144481471923 2.5
      vertex -43.43402950890627 66.99934180769567 2.5
    endloop
  endfacet
  facet normal 0 0 1
    outer loop
      vertex -33.12099581116533 42.93955709136697 2.5
      vertex -41.99934180769567 68.43402950890626 2.5
      vertex -42.681444814719235 67.68144481471923 2.5
    endloop
  endfacet
  facet normal 0 0 1
    outer loop
      vertex -32.32612294492524 42.740451803363946 2.5
      vertex -41.39428951266866 69.24984808824712 2.5
      vertex -41.99934180769567 68.43402950890626 2.5
    endloop
  endfacet
  facet normal 0 0 1
    outer loop
      vertex -31.5545933397515 42.46439409646924 2.5
      vertex -40.87211491399452 70.12104377385093 2.5
      vertex -41.39428951266866 69.24984808824712 2.5
    endloop
  endfacet
  facet normal 0.9995065603657315 -0.031410759078128625 0
    outer loop
      vertex -29.940801852848146 1.8837155858793984 2.5
      vertex -30 0 2.5
      vertex -30 0 -2.5
    endloop
  endfacet
  facet normal 0.9955619646030802 -0.0941083133185131 0
    outer loop
      vertex -29.763441039434337 3.759997006929122 2.5
      vertex -29.940801852848146 1.8837155858793984 2.5
      vertex -29.940801852848146 1.8837155858793984 -2.5
    endloop
  endfacet
  facet normal 0.9876883405951374 -0.1564344650402323 0
    outer loop
      vertex -29.468617521860658 5.621439437571745 2.5
      vertex -29.763441039434337 3.759997006929122 2.5
      vertex -29.763441039434337 3.759997006929122 -2.5
    endloop
  endfacet
  facet normal 0.9759167619387474 -0.2181432413965424 0
    outer loop
      vertex -29.057494833858932 7.460696614945645 2.5
      vertex -29.468617521860658 5.621439437571745 2.5
      vertex -29.468617521860658 5.621439437571745 -2.5
    endloop
  endfacet
  facet normal 0.9602936856769431 -0.27899110603922966 0
    outer loop
      vertex -28.531695488854606 9.270509831248422 2.5
      vertex -29.057494833858932 7.460696614945645 2.5
      vertex -29.057494833858932 7.460696614945645 -2.5
    endloop
  endfacet
  facet normal 0.9408807689542261 -0.3387379202452896 0
    outer loop
      vertex -27.893294576647545 11.043736580540337 2.5
      vertex -28.531695488854606 9.270509831248422 2.5
      vertex -28.531695488854606 9.270509831248422 -2.5
    endloop
  endfacet
  facet normal 0.9177546256839803 -0.39714789063478256 0
    outer loop
      vertex -27.144811573980586 12.773378746952172 2.5
      vertex -27.893294576647545 11.043736580540337 2.5
      vertex -27.893294576647545 11.043736580540337 -2.5
    endloop
  endfacet
  facet normal 0.8910065241883678 -0.4539904997395469 0
    outer loop
      vertex -26.289200401315902 14.452610223051462 2.5
      vertex -27.144811573980586 12.773378746952172 2.5
      vertex -27.144811573980586 12.773378746952172 -2.5
    endloop
  endfacet
  facet normal 0.8607420270039445 -0.5090414157503699 0
    outer loop
      vertex -25.32983776506045 16.074803849369903 2.5
      vertex -26.289200401315902 14.452610223051462 2.5
      vertex -26.289200401315902 14.452610223051462 -2.5
    endloop
  endfacet
  facet normal 0.8270805742745622 -0.5620833778521301 0
    outer loop
      vertex -24.270509831248425 17.633557568774194 2.5
      vertex -25.32983776506045 16.074803849369903 2.5
      vertex -25.32983776506045 16.074803849369903 -2.5
    endloop
  endfacet
  facet normal 0.7901550123756899 -0.6129070536529773 0
    outer loop
      vertex -23.11539728327368 19.122719692460688 2.5
      vertex -24.270509831248425 17.633557568774194 2.5
      vertex -24.270509831248425 17.633557568774194 -2.5
    endloop
  endfacet
  facet normal 0.7501110696304601 -0.6613118653236515 0
    outer loop
      vertex -21.86905882264235 20.536413177860656 2.5
      vertex -23.11539728327368 19.122719692460688 2.5
      vertex -23.11539728327368 19.122719692460688 -2.5
    endloop
  endfacet
  facet normal 0.7071067811865476 -0.7071067811865476 0
    outer loop
      vertex -20.536413177860656 21.86905882264235 2.5
      vertex -21.86905882264235 20.536413177860656 2.5
      vertex -21.86905882264235 20.536413177860656 -2.5
    endloop
  endfacet
  facet normal 0.6613118653236515 -0.7501110696304601 0
    outer loop
      vertex -20.536413177860656 21.86905882264235 2.5
      vertex -20.536413177860656 21.86905882264235 -2.5
      vertex -19.122719692460688 23.11539728327368 2.5
    endloop
  endfacet
  facet normal 0.24298017990326193 0.9700312531945445 0
    outer loop
      vertex -36.37900418883467 26.56044290863303 2.5
      vertex -36.37900418883467 26.56044290863303 -2.5
      vertex -37.17387705507476 26.759548196636057 2.5
    endloop
  endfacet
  facet normal 0.14673047445536802 0.98917650996478 0
    outer loop
      vertex -35.568443121751834 26.440207532287154 2.5
      vertex -35.568443121751834 26.440207532287154 -2.5
      vertex -36.37900418883467 26.56044290863303 2.5
    endloop
  endfacet
  facet normal 0.33688985339222094 0.9415440651830204 0
    outer loop
      vertex -37.17387705507476 26.759548196636057 2.5
      vertex -37.17387705507476 26.759548196636057 -2.5
      vertex -37.9454066602485 27.035605903530758 2.5
    endloop
  endfacet
  facet normal 0.04906767432741706 0.9987954562051725 0
    outer loop
      vertex -34.75 26.4 2.5
      vertex -34.75 26.4 -2.5
      vertex -35.568443121751834 26.440207532287154 2.5
    endloop
  endfacet
  facet normal -0.04906767432741706 0.9987954562051725 0
    outer loop
      vertex -33.931556878248166 26.440207532287154 2.5
      vertex -33.931556878248166 26.440207532287154 -2.5
      vertex -34.75 26.4 2.5
    endloop
  endfacet
  facet normal -0.14673047445536802 0.98917650996478 0
    outer loop
      vertex -33.12099581116533 26.56044290863303 2.5
      vertex -33.12099581116533 26.56044290863303 -2.5
      vertex -33.931556878248166 26.440207532287154 2.5
    endloop
  endfacet
  facet normal -0.24298017990326193 0.9700312531945445 0
    outer loop
      vertex -32.32612294492524 26.759548196636057 2.5
      vertex -32.32612294492524 26.759548196636057 -2.5
      vertex -33.12099581116533 26.56044290863303 2.5
    endloop
  endfacet
  facet normal -0.33688985339222094 0.9415440651830204 0
    outer loop
      vertex -31.5545933397515 27.035605903530758 2.5
      vertex -31.5545933397515 27.035605903530758 -2.5
      vertex -32.32612294492524 26.759548196636057 2.5
    endloop
  endfacet
  facet normal -0.4275550934302815 0.9039892931234437 0
    outer loop
      vertex -30.81383724750292 27.385957442691236 2.5
      vertex -30.81383724750292 27.385957442691236 -2.5
      vertex -31.5545933397515 27.035605903530758 2.5
    endloop
  endfacet
  facet normal -0.5141027441932204 0.8577286100002729 0
    outer loop
      vertex -30.110988554286322 27.807228737273746 2.5
      vertex -30.110988554286322 27.807228737273746 -2.5
      vertex -30.81383724750292 27.385957442691236 2.5
    endloop
  endfacet
  facet normal -0.5956993044924327 0.8032075314806454 0
    outer loop
      vertex -29.45281607723356 28.295362714421145 2.5
      vertex -29.45281607723356 28.295362714421145 -2.5
      vertex -30.110988554286322 27.807228737273746 2.5
    endloop
  endfacet
  facet normal -0.6715589548470181 0.7409511253549595 0
    outer loop
      vertex -28.845658377092327 28.845658377092327 2.5
      vertex -28.845658377092327 28.845658377092327 -2.5
      vertex -29.45281607723356 28.295362714421145 2.5
    endloop
  endfacet
  facet normal -0.7409511253549595 0.6715589548470181 0
    outer loop
      vertex -28.845658377092327 28.845658377092327 2.5
      vertex -28.295362714421145 29.45281607723356 2.5
      vertex -28.295362714421145 29.45281607723356 -2.5
    endloop
  endfacet
  facet normal 0.24298017990325782 -0.9700312531945453 0
    outer loop
      vertex -37.17387705507476 42.740451803363946 2.5
      vertex -37.17387705507476 42.740451803363946 -2.5
      vertex -36.37900418883467 42.93955709136697 2.5
    endloop
  endfacet
  facet normal 0.14673047445536802 -0.98917650996478 0
    outer loop
      vertex -36.37900418883467 42.93955709136697 2.5
      vertex -36.37900418883467 42.93955709136697 -2.5
      vertex -35.568443121751834 43.059792467712846 2.5
    endloop
  endfacet
  facet normal 0.04906767432741706 -0.9987954562051725 0
    outer loop
      vertex -35.568443121751834 43.059792467712846 2.5
      vertex -35.568443121751834 43.059792467712846 -2.5
      vertex -34.75 43.1 2.5
    endloop
  endfacet
  facet normal -0.04906767432741706 -0.9987954562051725 0
    outer loop
      vertex -34.75 43.1 2.5
      vertex -34.75 43.1 -2.5
      vertex -33.931556878248166 43.059792467712846 2.5
    endloop
  endfacet
  facet normal -0.14673047445536802 -0.98917650996478 0
    outer loop
      vertex -33.931556878248166 43.059792467712846 -2.5
      vertex -33.12099581116533 42.93955709136697 2.5
      vertex -33.931556878248166 43.059792467712846 2.5
    endloop
  endfacet
  facet normal -0.24298017990325782 -0.9700312531945453 0
    outer loop
      vertex -33.12099581116533 42.93955709136697 -2.5
      vertex -32.32612294492524 42.740451803363946 2.5
      vertex -33.12099581116533 42.93955709136697 2.5
    endloop
  endfacet
  facet normal -0.5956993044924327 -0.8032075314806454 0
    outer loop
      vertex -30.110988554286322 41.692771262726254 -2.5
      vertex -29.45281607723356 41.204637285578855 2.5
      vertex -30.110988554286322 41.692771262726254 2.5
    endloop
  endfacet
  facet normal -0.8032075314806438 -0.5956993044924348 0
    outer loop
      vertex -28.295362714421145 40.047183922766436 -2.5
      vertex -27.807228737273746 39.38901144571368 2.5
      vertex -28.295362714421145 40.047183922766436 2.5
    endloop
  endfacet
  facet normal -0.6715589548470181 -0.7409511253549595 0
    outer loop
      vertex -29.45281607723356 41.204637285578855 -2.5
      vertex -28.845658377092327 40.65434162290767 2.5
      vertex -29.45281607723356 41.204637285578855 2.5
    endloop
  endfacet
  facet normal -0.7409511253549614 -0.6715589548470159 0
    outer loop
      vertex -28.845658377092327 40.65434162290767 -2.5
      vertex -28.295362714421145 40.047183922766436 2.5
      vertex -28.845658377092327 40.65434162290767 2.5
    endloop
  endfacet
  facet normal -0.33688985339222477 -0.941544065183019 0
    outer loop
      vertex -32.32612294492524 42.740451803363946 -2.5
      vertex -31.5545933397515 42.46439409646924 2.5
      vertex -32.32612294492524 42.740451803363946 2.5
    endloop
  endfacet
  facet normal -0.4275550934302815 -0.9039892931234437 0
    outer loop
      vertex -31.5545933397515 42.46439409646924 -2.5
      vertex -30.81383724750292 42.114042557308764 2.5
      vertex -31.5545933397515 42.46439409646924 2.5
    endloop
  endfacet
  facet normal -0.5141027441932204 -0.8577286100002729 0
    outer loop
      vertex -30.81383724750292 42.114042557308764 -2.5
      vertex -30.110988554286322 41.692771262726254 2.5
      vertex -30.81383724750292 42.114042557308764 2.5
    endloop
  endfacet
  facet normal -0.8032075314806454 0.5956993044924327 0
    outer loop
      vertex -28.295362714421145 29.45281607723356 2.5
      vertex -27.807228737273746 30.110988554286322 2.5
      vertex -27.807228737273746 30.110988554286322 -2.5
    endloop
  endfacet
  facet normal -0.8577286100002729 0.5141027441932204 0
    outer loop
      vertex -27.807228737273746 30.110988554286322 2.5
      vertex -27.385957442691236 30.81383724750292 2.5
      vertex -27.385957442691236 30.81383724750292 -2.5
    endloop
  endfacet
  facet normal -0.9039892931234437 0.4275550934302815 0
    outer loop
      vertex -27.385957442691236 30.81383724750292 2.5
      vertex -27.035605903530758 31.5545933397515 2.5
      vertex -27.035605903530758 31.5545933397515 -2.5
    endloop
  endfacet
  facet normal -0.9415440651830204 0.33688985339222094 0
    outer loop
      vertex -27.035605903530758 31.5545933397515 2.5
      vertex -26.759548196636057 32.32612294492524 2.5
      vertex -26.759548196636057 32.32612294492524 -2.5
    endloop
  endfacet
  facet normal -0.9700312531945445 0.24298017990326193 0
    outer loop
      vertex -26.759548196636057 32.32612294492524 2.5
      vertex -26.56044290863303 33.12099581116533 2.5
      vertex -26.56044290863303 33.12099581116533 -2.5
    endloop
  endfacet
  facet normal -0.98917650996478 0.14673047445536802 0
    outer loop
      vertex -26.56044290863303 33.12099581116533 2.5
      vertex -26.440207532287154 33.931556878248166 2.5
      vertex -26.440207532287154 33.931556878248166 -2.5
    endloop
  endfacet
  facet normal -0.9987954562051725 0.04906767432741706 0
    outer loop
      vertex -26.4 34.75 -2.5
      vertex -26.440207532287154 33.931556878248166 2.5
      vertex -26.4 34.75 2.5
    endloop
  endfacet
  facet normal -0.9987954562051725 -0.04906767432741706 0
    outer loop
      vertex -26.440207532287154 35.568443121751834 -2.5
      vertex -26.4 34.75 2.5
      vertex -26.440207532287154 35.568443121751834 2.5
    endloop
  endfacet
  facet normal -0.9039892931234444 -0.4275550934302798 0
    outer loop
      vertex -27.385957442691236 38.68616275249708 -2.5
      vertex -27.035605903530758 37.9454066602485 2.5
      vertex -27.385957442691236 38.68616275249708 2.5
    endloop
  endfacet
  facet normal -0.98917650996478 -0.14673047445536802 0
    outer loop
      vertex -26.56044290863303 36.37900418883467 -2.5
      vertex -26.440207532287154 35.568443121751834 2.5
      vertex -26.56044290863303 36.37900418883467 2.5
    endloop
  endfacet
  facet normal -0.9700312531945445 -0.24298017990326193 0
    outer loop
      vertex -26.759548196636057 37.17387705507476 -2.5
      vertex -26.56044290863303 36.37900418883467 2.5
      vertex -26.759548196636057 37.17387705507476 2.5
    endloop
  endfacet
  facet normal -0.9415440651830204 -0.33688985339222094 0
    outer loop
      vertex -27.035605903530758 37.9454066602485 -2.5
      vertex -26.759548196636057 37.17387705507476 2.5
      vertex -27.035605903530758 37.9454066602485 2.5
    endloop
  endfacet
  facet normal -0.8577286100002717 -0.5141027441932223 0
    outer loop
      vertex -27.807228737273746 39.38901144571368 -2.5
      vertex -27.385957442691236 38.68616275249708 2.5
      vertex -27.807228737273746 39.38901144571368 2.5
    endloop
  endfacet
  facet normal 0.6129070536529773 -0.7901550123756899 0
    outer loop
      vertex -19.122719692460688 23.11539728327368 2.5
      vertex -19.122719692460688 23.11539728327368 -2.5
      vertex -17.633557568774194 24.270509831248425 2.5
    endloop
  endfacet
  facet normal 0.5620833778521301 -0.8270805742745622 0
    outer loop
      vertex -17.633557568774194 24.270509831248425 -2.5
      vertex -16.074803849369903 25.32983776506045 2.5
      vertex -17.633557568774194 24.270509831248425 2.5
    endloop
  endfacet
  facet normal 0.50904141575037 -0.8607420270039444 0
    outer loop
      vertex -16.074803849369903 25.32983776506045 -2.5
      vertex -14.452610223051456 26.289200401315906 2.5
      vertex -16.074803849369903 25.32983776506045 2.5
    endloop
  endfacet
  facet normal 0.453990499739547 -0.8910065241883678 0
    outer loop
      vertex -14.452610223051456 26.289200401315906 -2.5
      vertex -12.773378746952181 27.144811573980583 2.5
      vertex -14.452610223051456 26.289200401315906 2.5
    endloop
  endfacet
  facet normal 0.39714789063478245 -0.9177546256839804 0
    outer loop
      vertex -12.773378746952181 27.144811573980583 -2.5
      vertex -11.043736580540337 27.893294576647545 2.5
      vertex -12.773378746952181 27.144811573980583 2.5
    endloop
  endfacet
  facet normal 0.3387379202452896 -0.9408807689542261 0
    outer loop
      vertex -11.043736580540337 27.893294576647545 -2.5
      vertex -9.270509831248422 28.531695488854606 2.5
      vertex -11.043736580540337 27.893294576647545 2.5
    endloop
  endfacet
  facet normal 0.27899110603922966 -0.9602936856769431 0
    outer loop
      vertex -9.270509831248422 28.531695488854606 -2.5
      vertex -7.460696614945645 29.057494833858932 2.5
      vertex -9.270509831248422 28.531695488854606 2.5
    endloop
  endfacet
  facet normal 0.2181432413965434 -0.9759167619387472 0
    outer loop
      vertex -7.460696614945645 29.057494833858932 -2.5
      vertex -5.621439437571738 29.46861752186066 2.5
      vertex -7.460696614945645 29.057494833858932 2.5
    endloop
  endfacet
  facet normal 0.15643446504023165 -0.9876883405951377 0
    outer loop
      vertex -5.621439437571738 29.46861752186066 -2.5
      vertex -3.7599970069291286 29.763441039434337 2.5
      vertex -5.621439437571738 29.46861752186066 2.5
    endloop
  endfacet
  facet normal 0.09410831331851277 -0.9955619646030802 0
    outer loop
      vertex -3.7599970069291286 29.763441039434337 -2.5
      vertex -1.8837155858793984 29.940801852848146 2.5
      vertex -3.7599970069291286 29.763441039434337 2.5
    endloop
  endfacet
  facet normal 0.031410759078128625 -0.9995065603657315 0
    outer loop
      vertex -1.8837155858793984 29.940801852848146 -2.5
      vertex 0 30 2.5
      vertex -1.8837155858793984 29.940801852848146 2.5
    endloop
  endfacet
  facet normal 0 0 1
    outer loop
      vertex -40.65434162290767 -28.845658377092327 2.5
      vertex -30 0 2.5
      vertex -40.65434162290767 28.845658377092327 2.5
    endloop
  endfacet
  facet normal 0 0 1
    outer loop
      vertex -29.940801852848146 1.8837155858793984 2.5
      vertex -40.65434162290767 28.845658377092327 2.5
      vertex -30 0 2.5
    endloop
  endfacet
  facet normal 0 0 1
    outer loop
      vertex -40.047183922766436 28.295362714421145 2.5
      vertex -29.940801852848146 1.8837155858793984 2.5
      vertex -29.763441039434337 3.759997006929122 2.5
    endloop
  endfacet
  facet normal 0 0 1
    outer loop
      vertex -39.38901144571368 27.807228737273746 2.5
      vertex -29.763441039434337 3.759997006929122 2.5
      vertex -29.468617521860658 5.621439437571745 2.5
    endloop
  endfacet
  facet normal 0 0 1
    outer loop
      vertex -40.047183922766436 28.295362714421145 2.5
      vertex -40.65434162290767 28.845658377092327 2.5
      vertex -29.940801852848146 1.8837155858793984 2.5
    endloop
  endfacet
  facet normal 0 0 1
    outer loop
      vertex -39.38901144571368 27.807228737273746 2.5
      vertex -40.047183922766436 28.295362714421145 2.5
      vertex -29.763441039434337 3.759997006929122 2.5
    endloop
  endfacet
  facet normal 0 0 1
    outer loop
      vertex -38.68616275249708 27.385957442691236 2.5
      vertex -39.38901144571368 27.807228737273746 2.5
      vertex -29.468617521860658 5.621439437571745 2.5
    endloop
  endfacet
  facet normal 0 0 1
    outer loop
      vertex -37.9454066602485 27.035605903530758 2.5
      vertex -38.68616275249708 27.385957442691236 2.5
      vertex -29.057494833858932 7.460696614945645 2.5
    endloop
  endfacet
  facet normal 0 0 1
    outer loop
      vertex -37.17387705507476 26.759548196636057 2.5
      vertex -37.9454066602485 27.035605903530758 2.5
      vertex -28.531695488854606 9.270509831248422 2.5
    endloop
  endfacet
  facet normal 0 0 1
    outer loop
      vertex -36.37900418883467 26.56044290863303 2.5
      vertex -37.17387705507476 26.759548196636057 2.5
      vertex -27.893294576647545 11.043736580540337 2.5
    endloop
  endfacet
  facet normal 0 0 1
    outer loop
      vertex -35.568443121751834 26.440207532287154 2.5
      vertex -36.37900418883467 26.56044290863303 2.5
      vertex -27.893294576647545 11.043736580540337 2.5
    endloop
  endfacet
  facet normal 0 0 1
    outer loop
      vertex -38.68616275249708 27.385957442691236 2.5
      vertex -29.468617521860658 5.621439437571745 2.5
      vertex -29.057494833858932 7.460696614945645 2.5
    endloop
  endfacet
  facet normal 0 0 1
    outer loop
      vertex -37.9454066602485 27.035605903530758 2.5
      vertex -29.057494833858932 7.460696614945645 2.5
      vertex -28.531695488854606 9.270509831248422 2.5
    endloop
  endfacet
  facet normal 0 0 1
    outer loop
      vertex -27.893294576647545 11.043736580540337 2.5
      vertex -37.17387705507476 26.759548196636057 2.5
      vertex -28.531695488854606 9.270509831248422 2.5
    endloop
  endfacet
  facet normal 0 0 1
    outer loop
      vertex -35.568443121751834 26.440207532287154 2.5
      vertex -27.893294576647545 11.043736580540337 2.5
      vertex -27.144811573980586 12.773378746952172 2.5
    endloop
  endfacet
  facet normal 0 0 1
    outer loop
      vertex -34.75 26.4 2.5
      vertex -35.568443121751834 26.440207532287154 2.5
      vertex -27.144811573980586 12.773378746952172 2.5
    endloop
  endfacet
  facet normal 0 0 1
    outer loop
      vertex -33.931556878248166 26.440207532287154 2.5
      vertex -34.75 26.4 2.5
      vertex -26.289200401315902 14.452610223051462 2.5
    endloop
  endfacet
  facet normal 0 0 1
    outer loop
      vertex -33.12099581116533 26.56044290863303 2.5
      vertex -33.931556878248166 26.440207532287154 2.5
      vertex -26.289200401315902 14.452610223051462 2.5
    endloop
  endfacet
  facet normal 0 0 1
    outer loop
      vertex -34.75 26.4 2.5
      vertex -27.144811573980586 12.773378746952172 2.5
      vertex -26.289200401315902 14.452610223051462 2.5
    endloop
  endfacet
  facet normal 0 0 1
    outer loop
      vertex -33.12099581116533 26.56044290863303 2.5
      vertex -26.289200401315902 14.452610223051462 2.5
      vertex -25.32983776506045 16.074803849369903 2.5
    endloop
  endfacet
  facet normal 0 0 1
    outer loop
      vertex -32.32612294492524 26.759548196636057 2.5
      vertex -33.12099581116533 26.56044290863303 2.5
      vertex -25.32983776506045 16.074803849369903 2.5
    endloop
  endfacet
  facet normal 0 0 1
    outer loop
      vertex -32.32612294492524 26.759548196636057 2.5
      vertex -25.32983776506045 16.074803849369903 2.5
      vertex -24.270509831248425 17.633557568774194 2.5
    endloop
  endfacet
  facet normal 0 0 1
    outer loop
      vertex -30.81383724750292 27.385957442691236 2.5
      vertex -24.270509831248425 17.633557568774194 2.5
      vertex -23.11539728327368 19.122719692460688 2.5
    endloop
  endfacet
  facet normal 0 0 1
    outer loop
      vertex -21.86905882264235 20.536413177860656 2.5
      vertex -29.45281607723356 28.295362714421145 2.5
      vertex -23.11539728327368 19.122719692460688 2.5
    endloop
  endfacet
  facet normal 0 0 1
    outer loop
      vertex -31.5545933397515 27.035605903530758 2.5
      vertex -32.32612294492524 26.759548196636057 2.5
      vertex -24.270509831248425 17.633557568774194 2.5
    endloop
  endfacet
  facet normal 0 0 1
    outer loop
      vertex -30.81383724750292 27.385957442691236 2.5
      vertex -31.5545933397515 27.035605903530758 2.5
      vertex -24.270509831248425 17.633557568774194 2.5
    endloop
  endfacet
  facet normal 0 0 1
    outer loop
      vertex -30.110988554286322 27.807228737273746 2.5
      vertex -30.81383724750292 27.385957442691236 2.5
      vertex -23.11539728327368 19.122719692460688 2.5
    endloop
  endfacet
  facet normal 0 0 1
    outer loop
      vertex -29.45281607723356 28.295362714421145 2.5
      vertex -30.110988554286322 27.807228737273746 2.5
      vertex -23.11539728327368 19.122719692460688 2.5
    endloop
  endfacet
  facet normal 0 0 1
    outer loop
      vertex -28.845658377092327 28.845658377092327 2.5
      vertex -29.45281607723356 28.295362714421145 2.5
      vertex -21.86905882264235 20.536413177860656 2.5
    endloop
  endfacet
  facet normal 0 0 1
    outer loop
      vertex -28.845658377092327 28.845658377092327 2.5
      vertex -20.536413177860656 21.86905882264235 2.5
      vertex -28.295362714421145 29.45281607723356 2.5
    endloop
  endfacet
  facet normal 0 0 1
    outer loop
      vertex -28.845658377092327 28.845658377092327 2.5
      vertex -21.86905882264235 20.536413177860656 2.5
      vertex -20.536413177860656 21.86905882264235 2.5
    endloop
  endfacet
  facet normal 0 0 1
    outer loop
      vertex -28.295362714421145 29.45281607723356 2.5
      vertex -19.122719692460688 23.11539728327368 2.5
      vertex -27.807228737273746 30.110988554286322 2.5
    endloop
  endfacet
  facet normal 0 0 1
    outer loop
      vertex -27.807228737273746 30.110988554286322 2.5
      vertex -17.633557568774194 24.270509831248425 2.5
      vertex -27.385957442691236 30.81383724750292 2.5
    endloop
  endfacet
  facet normal 0 0 1
    outer loop
      vertex -17.633557568774194 24.270509831248425 2.5
      vertex -27.035605903530758 31.5545933397515 2.5
      vertex -27.385957442691236 30.81383724750292 2.5
    endloop
  endfacet
  facet normal 0 0 1
    outer loop
      vertex -17.633557568774194 24.270509831248425 2.5
      vertex -26.759548196636057 32.32612294492524 2.5
      vertex -27.035605903530758 31.5545933397515 2.5
    endloop
  endfacet
  facet normal 0 0 1
    outer loop
      vertex -17.633557568774194 24.270509831248425 2.5
      vertex -26.56044290863303 33.12099581116533 2.5
      vertex -26.759548196636057 32.32612294492524 2.5
    endloop
  endfacet
  facet normal 0 0 1
    outer loop
      vertex -28.295362714421145 29.45281607723356 2.5
      vertex -20.536413177860656 21.86905882264235 2.5
      vertex -19.122719692460688 23.11539728327368 2.5
    endloop
  endfacet
  facet normal 0 0 1
    outer loop
      vertex -27.807228737273746 30.110988554286322 2.5
      vertex -19.122719692460688 23.11539728327368 2.5
      vertex -17.633557568774194 24.270509831248425 2.5
    endloop
  endfacet
  facet normal 0 0 1
    outer loop
      vertex -26.56044290863303 33.12099581116533 2.5
      vertex -17.633557568774194 24.270509831248425 2.5
      vertex -16.074803849369903 25.32983776506045 2.5
    endloop
  endfacet
  facet normal 0 0 1
    outer loop
      vertex -26.56044290863303 33.12099581116533 2.5
      vertex -16.074803849369903 25.32983776506045 2.5
      vertex -14.452610223051456 26.289200401315906 2.5
    endloop
  endfacet
  facet normal 0 0 1
    outer loop
      vertex -26.56044290863303 33.12099581116533 2.5
      vertex -14.452610223051456 26.289200401315906 2.5
      vertex -26.440207532287154 33.931556878248166 2.5
    endloop
  endfacet
  facet normal 0 0 1
    outer loop
      vertex -26.440207532287154 33.931556878248166 2.5
      vertex -12.773378746952181 27.144811573980583 2.5
      vertex -26.4 34.75 2.5
    endloop
  endfacet
  facet normal 0 0 1
    outer loop
      vertex -26.4 34.75 2.5
      vertex -12.773378746952181 27.144811573980583 2.5
      vertex -26.440207532287154 35.568443121751834 2.5
    endloop
  endfacet
  facet normal 0 0 1
    outer loop
      vertex -26.440207532287154 35.568443121751834 2.5
      vertex -11.043736580540337 27.893294576647545 2.5
      vertex -26.56044290863303 36.37900418883467 2.5
    endloop
  endfacet
  facet normal 0 0 1
    outer loop
      vertex -26.56044290863303 36.37900418883467 2.5
      vertex -9.270509831248422 28.531695488854606 2.5
      vertex -26.759548196636057 37.17387705507476 2.5
    endloop
  endfacet
  facet normal 0 0 1
    outer loop
      vertex -26.759548196636057 37.17387705507476 2.5
      vertex -9.270509831248422 28.531695488854606 2.5
      vertex -27.035605903530758 37.9454066602485 2.5
    endloop
  endfacet
  facet normal 0 0 1
    outer loop
      vertex -27.035605903530758 37.9454066602485 2.5
      vertex -7.460696614945645 29.057494833858932 2.5
      vertex -27.385957442691236 38.68616275249708 2.5
    endloop
  endfacet
  facet normal 0 0 1
    outer loop
      vertex -27.385957442691236 38.68616275249708 2.5
      vertex -5.621439437571738 29.46861752186066 2.5
      vertex -27.807228737273746 39.38901144571368 2.5
    endloop
  endfacet
  facet normal 0 0 1
    outer loop
      vertex -27.807228737273746 39.38901144571368 2.5
      vertex -3.7599970069291286 29.763441039434337 2.5
      vertex -28.295362714421145 40.047183922766436 2.5
    endloop
  endfacet
  facet normal 0 0 1
    outer loop
      vertex -28.295362714421145 40.047183922766436 2.5
      vertex -1.8837155858793984 29.940801852848146 2.5
      vertex -28.845658377092327 40.65434162290767 2.5
    endloop
  endfacet
  facet normal 0 0 1
    outer loop
      vertex -26.440207532287154 33.931556878248166 2.5
      vertex -14.452610223051456 26.289200401315906 2.5
      vertex -12.773378746952181 27.144811573980583 2.5
    endloop
  endfacet
  facet normal 0 0 1
    outer loop
      vertex -12.773378746952181 27.144811573980583 2.5
      vertex -11.043736580540337 27.893294576647545 2.5
      vertex -26.440207532287154 35.568443121751834 2.5
    endloop
  endfacet
  facet normal 0 0 1
    outer loop
      vertex -11.043736580540337 27.893294576647545 2.5
      vertex -9.270509831248422 28.531695488854606 2.5
      vertex -26.56044290863303 36.37900418883467 2.5
    endloop
  endfacet
  facet normal 0 0 1
    outer loop
      vertex -9.270509831248422 28.531695488854606 2.5
      vertex -7.460696614945645 29.057494833858932 2.5
      vertex -27.035605903530758 37.9454066602485 2.5
    endloop
  endfacet
  facet normal 0 0 1
    outer loop
      vertex -7.460696614945645 29.057494833858932 2.5
      vertex -5.621439437571738 29.46861752186066 2.5
      vertex -27.385957442691236 38.68616275249708 2.5
    endloop
  endfacet
  facet normal 0 0 1
    outer loop
      vertex -5.621439437571738 29.46861752186066 2.5
      vertex -3.7599970069291286 29.763441039434337 2.5
      vertex -27.807228737273746 39.38901144571368 2.5
    endloop
  endfacet
  facet normal 0 0 1
    outer loop
      vertex -3.7599970069291286 29.763441039434337 2.5
      vertex -1.8837155858793984 29.940801852848146 2.5
      vertex -28.295362714421145 40.047183922766436 2.5
    endloop
  endfacet
  facet normal 0 0 1
    outer loop
      vertex -1.8837155858793984 29.940801852848146 2.5
      vertex 0 30 2.5
      vertex -39.69983807894276 73.98552259758905 2.5
    endloop
  endfacet
  facet normal 0 0 1
    outer loop
      vertex -39.69983807894276 73.98552259758905 2.5
      vertex 0 30 2.5
      vertex 1.8837155858793984 29.940801852848146 2.5
    endloop
  endfacet
  facet normal 0 0 1
    outer loop
      vertex -39.65 75 2.5
      vertex 1.8837155858793984 29.940801852848146 2.5
      vertex 3.7599970069291286 29.763441039434337 2.5
    endloop
  endfacet
  facet normal 0 0 1
    outer loop
      vertex -39.69983807894276 76.01447740241095 2.5
      vertex 3.7599970069291286 29.763441039434337 2.5
      vertex 5.621439437571738 29.46861752186066 2.5
    endloop
  endfacet
  facet normal 0 0 1
    outer loop
      vertex -39.848872347826564 77.01918483286693 2.5
      vertex 5.621439437571738 29.46861752186066 2.5
      vertex 7.460696614945645 29.057494833858932 2.5
    endloop
  endfacet
  facet normal 0 0 1
    outer loop
      vertex -40.095667525171635 78.00444640958368 2.5
      vertex 7.460696614945645 29.057494833858932 2.5
      vertex 9.270509831248422 28.531695488854606 2.5
    endloop
  endfacet
  facet normal 0 0 1
    outer loop
      vertex -40.095667525171635 78.00444640958368 2.5
      vertex 9.270509831248422 28.531695488854606 2.5
      vertex 11.043736580540337 27.893294576647545 2.5
    endloop
  endfacet
  facet normal 0.7409511253549595 0.6715589548470178 0
    outer loop
      vertex -7.3185551852807675 67.68144481471923 -2.5
      vertex -8.000658192304327 68.43402950890626 2.5
      vertex -7.3185551852807675 67.68144481471923 2.5
    endloop
  endfacet
  facet normal 0.8577286100002728 0.5141027441932206 0
    outer loop
      vertex -8.605710487331343 69.24984808824712 -2.5
      vertex -9.127885086005474 70.12104377385093 2.5
      vertex -8.605710487331343 69.24984808824712 2.5
    endloop
  endfacet
  facet normal 0.9039892931234429 0.4275550934302832 0
    outer loop
      vertex -9.127885086005474 70.12104377385093 -2.5
      vertex -9.562153161491818 71.03922647502132 2.5
      vertex -9.127885086005474 70.12104377385093 2.5
    endloop
  endfacet
  facet normal 0.8032075314806474 0.59569930449243 0
    outer loop
      vertex -8.000658192304327 68.43402950890626 -2.5
      vertex -8.605710487331343 69.24984808824712 2.5
      vertex -8.000658192304327 68.43402950890626 2.5
    endloop
  endfacet
  facet normal 0.5956993044924376 0.8032075314806417 0
    outer loop
      vertex -5.750151911752883 66.39428951266865 -2.5
      vertex -6.56597049109373 66.99934180769567 2.5
      vertex -5.750151911752883 66.39428951266865 2.5
    endloop
  endfacet
  facet normal 0.6715589548470156 0.7409511253549618 0
    outer loop
      vertex -6.56597049109373 66.99934180769567 -2.5
      vertex -7.3185551852807675 67.68144481471923 2.5
      vertex -6.56597049109373 66.99934180769567 2.5
    endloop
  endfacet
  facet normal 0.5141027441932183 0.8577286100002742 0
    outer loop
      vertex -4.878956226149075 65.87211491399452 -2.5
      vertex -5.750151911752883 66.39428951266865 2.5
      vertex -4.878956226149075 65.87211491399452 2.5
    endloop
  endfacet
  facet normal 0.33688985339222 0.9415440651830208 0
    outer loop
      vertex -3.004446409583685 65.09566752517163 -2.5
      vertex -3.9607735249786793 65.43784683850818 2.5
      vertex -3.004446409583685 65.09566752517163 2.5
    endloop
  endfacet
  facet normal 0.24298017990325496 0.9700312531945462 0
    outer loop
      vertex -2.0191848328669275 64.84887234782657 -2.5
      vertex -3.004446409583685 65.09566752517163 2.5
      vertex -2.0191848328669275 64.84887234782657 2.5
    endloop
  endfacet
  facet normal 0.14673047445536863 0.98917650996478 0
    outer loop
      vertex -1.0144774024109522 64.69983807894276 -2.5
      vertex -2.0191848328669275 64.84887234782657 2.5
      vertex -1.0144774024109522 64.69983807894276 2.5
    endloop
  endfacet
  facet normal 0.04906767432741162 0.9987954562051726 0
    outer loop
      vertex 0 64.65 -2.5
      vertex -1.0144774024109522 64.69983807894276 2.5
      vertex 0 64.65 2.5
    endloop
  endfacet
  facet normal 0.4275550934302826 0.903989293123443 0
    outer loop
      vertex -3.9607735249786793 65.43784683850818 -2.5
      vertex -4.878956226149075 65.87211491399452 2.5
      vertex -3.9607735249786793 65.43784683850818 2.5
    endloop
  endfacet
  facet normal 0.9700312531945439 0.24298017990326443 0
    outer loop
      vertex -9.904332474828362 71.99555359041632 -2.5
      vertex -10.151127652173434 72.98081516713307 2.5
      vertex -9.904332474828362 71.99555359041632 2.5
    endloop
  endfacet
  facet normal 0.9415440651830211 0.3368898533922188 0
    outer loop
      vertex -9.562153161491818 71.03922647502132 -2.5
      vertex -9.904332474828362 71.99555359041632 2.5
      vertex -9.562153161491818 71.03922647502132 2.5
    endloop
  endfacet
  facet normal 0.9891765099647809 0.14673047445536286 0
    outer loop
      vertex -10.151127652173434 72.98081516713307 -2.5
      vertex -10.300161921057239 73.98552259758905 2.5
      vertex -10.151127652173434 72.98081516713307 2.5
    endloop
  endfacet
  facet normal 0.9987954562051725 0.04906767432741713 0
    outer loop
      vertex -10.300161921057239 73.98552259758905 -2.5
      vertex -10.35 75 2.5
      vertex -10.300161921057239 73.98552259758905 2.5
    endloop
  endfacet
  facet normal 0.9987954562051725 -0.04906767432741713 0
    outer loop
      vertex -10.35 75 -2.5
      vertex -10.300161921057239 76.01447740241095 2.5
      vertex -10.35 75 2.5
    endloop
  endfacet
  facet normal 0.9891765099647809 -0.14673047445536286 0
    outer loop
      vertex -10.300161921057239 76.01447740241095 -2.5
      vertex -10.151127652173434 77.01918483286693 2.5
      vertex -10.300161921057239 76.01447740241095 2.5
    endloop
  endfacet
  facet normal 0.9700312531945439 -0.24298017990326443 0
    outer loop
      vertex -10.151127652173434 77.01918483286693 -2.5
      vertex -9.904332474828362 78.00444640958368 2.5
      vertex -10.151127652173434 77.01918483286693 2.5
    endloop
  endfacet
  facet normal 0.9415440651830211 -0.3368898533922188 0
    outer loop
      vertex -9.904332474828362 78.00444640958368 -2.5
      vertex -9.562153161491818 78.96077352497868 2.5
      vertex -9.904332474828362 78.00444640958368 2.5
    endloop
  endfacet
  facet normal 0.9039892931234429 -0.4275550934302832 0
    outer loop
      vertex -9.562153161491818 78.96077352497868 -2.5
      vertex -9.127885086005474 79.87895622614907 2.5
      vertex -9.562153161491818 78.96077352497868 2.5
    endloop
  endfacet
  facet normal 0.8577286100002728 -0.5141027441932206 0
    outer loop
      vertex -9.127885086005474 79.87895622614907 -2.5
      vertex -8.605710487331343 80.75015191175288 2.5
      vertex -9.127885086005474 79.87895622614907 2.5
    endloop
  endfacet
  facet normal 0.8032075314806474 -0.59569930449243 0
    outer loop
      vertex -8.605710487331343 80.75015191175288 -2.5
      vertex -8.000658192304327 81.56597049109374 2.5
      vertex -8.605710487331343 80.75015191175288 2.5
    endloop
  endfacet
  facet normal 0.7409511253549595 -0.6715589548470178 0
    outer loop
      vertex -8.000658192304327 81.56597049109374 -2.5
      vertex -7.3185551852807675 82.31855518528077 2.5
      vertex -8.000658192304327 81.56597049109374 2.5
    endloop
  endfacet
  facet normal 0.6715589548470156 -0.7409511253549618 0
    outer loop
      vertex -7.3185551852807675 82.31855518528077 -2.5
      vertex -6.56597049109373 83.00065819230433 2.5
      vertex -7.3185551852807675 82.31855518528077 2.5
    endloop
  endfacet
  facet normal 0.5956993044924376 -0.8032075314806417 0
    outer loop
      vertex -6.56597049109373 83.00065819230433 -2.5
      vertex -5.750151911752883 83.60571048733135 2.5
      vertex -6.56597049109373 83.00065819230433 2.5
    endloop
  endfacet
  facet normal 0.5141027441932183 -0.8577286100002742 0
    outer loop
      vertex -5.750151911752883 83.60571048733135 -2.5
      vertex -4.878956226149075 84.12788508600548 2.5
      vertex -5.750151911752883 83.60571048733135 2.5
    endloop
  endfacet
  facet normal 0.4275550934302826 -0.903989293123443 0
    outer loop
      vertex -4.878956226149075 84.12788508600548 -2.5
      vertex -3.9607735249786793 84.56215316149182 2.5
      vertex -4.878956226149075 84.12788508600548 2.5
    endloop
  endfacet
  facet normal 0.33688985339222 -0.9415440651830208 0
    outer loop
      vertex -3.9607735249786793 84.56215316149182 -2.5
      vertex -3.004446409583685 84.90433247482837 2.5
      vertex -3.9607735249786793 84.56215316149182 2.5
    endloop
  endfacet
  facet normal 0.24298017990325496 -0.9700312531945462 0
    outer loop
      vertex -3.004446409583685 84.90433247482837 -2.5
      vertex -2.0191848328669275 85.15112765217343 2.5
      vertex -3.004446409583685 84.90433247482837 2.5
    endloop
  endfacet
  facet normal 0.14673047445536863 -0.98917650996478 0
    outer loop
      vertex -2.0191848328669275 85.15112765217343 -2.5
      vertex -1.0144774024109522 85.30016192105724 2.5
      vertex -2.0191848328669275 85.15112765217343 2.5
    endloop
  endfacet
  facet normal 0.04906767432741162 -0.9987954562051726 0
    outer loop
      vertex -1.0144774024109522 85.30016192105724 -2.5
      vertex 0 85.35 2.5
      vertex -1.0144774024109522 85.30016192105724 2.5
    endloop
  endfacet
  facet normal 0 0 1
    outer loop
      vertex -33.931556878248166 43.059792467712846 2.5
      vertex -33.12099581116533 42.93955709136697 2.5
      vertex -42.681444814719235 67.68144481471923 2.5
    endloop
  endfacet
  facet normal 0 0 1
    outer loop
      vertex -33.12099581116533 42.93955709136697 2.5
      vertex -32.32612294492524 42.740451803363946 2.5
      vertex -41.99934180769567 68.43402950890626 2.5
    endloop
  endfacet
  facet normal 0 0 1
    outer loop
      vertex -32.32612294492524 42.740451803363946 2.5
      vertex -31.5545933397515 42.46439409646924 2.5
      vertex -41.39428951266866 69.24984808824712 2.5
    endloop
  endfacet
  facet normal 0 0 1
    outer loop
      vertex -31.5545933397515 42.46439409646924 2.5
      vertex -30.81383724750292 42.114042557308764 2.5
      vertex -40.87211491399452 70.12104377385093 2.5
    endloop
  endfacet
  facet normal 0 0 1
    outer loop
      vertex -30.81383724750292 42.114042557308764 2.5
      vertex -30.110988554286322 41.692771262726254 2.5
      vertex -40.43784683850818 71.03922647502132 2.5
    endloop
  endfacet
  facet normal 0 0 1
    outer loop
      vertex -30.110988554286322 41.692771262726254 2.5
      vertex -29.45281607723356 41.204637285578855 2.5
      vertex -40.095667525171635 71.99555359041632 2.5
    endloop
  endfacet
  facet normal 0 0 1
    outer loop
      vertex -29.45281607723356 41.204637285578855 2.5
      vertex -28.845658377092327 40.65434162290767 2.5
      vertex -39.848872347826564 72.98081516713307 2.5
    endloop
  endfacet
  facet normal 0 0 1
    outer loop
      vertex -30.81383724750292 42.114042557308764 2.5
      vertex -40.43784683850818 71.03922647502132 2.5
      vertex -40.87211491399452 70.12104377385093 2.5
    endloop
  endfacet
  facet normal 0 0 1
    outer loop
      vertex -40.43784683850818 71.03922647502132 2.5
      vertex -30.110988554286322 41.692771262726254 2.5
      vertex -40.095667525171635 71.99555359041632 2.5
    endloop
  endfacet
  facet normal 0 0 1
    outer loop
      vertex -40.095667525171635 71.99555359041632 2.5
      vertex -29.45281607723356 41.204637285578855 2.5
      vertex -39.848872347826564 72.98081516713307 2.5
    endloop
  endfacet
  facet normal 0 0 1
    outer loop
      vertex -39.848872347826564 72.98081516713307 2.5
      vertex -28.845658377092327 40.65434162290767 2.5
      vertex -39.69983807894276 73.98552259758905 2.5
    endloop
  endfacet
  facet normal 0 0 1
    outer loop
      vertex -1.8837155858793984 29.940801852848146 2.5
      vertex -39.69983807894276 73.98552259758905 2.5
      vertex -28.845658377092327 40.65434162290767 2.5
    endloop
  endfacet
  facet normal 0 0 1
    outer loop
      vertex -39.69983807894276 73.98552259758905 2.5
      vertex 1.8837155858793984 29.940801852848146 2.5
      vertex -39.65 75 2.5
    endloop
  endfacet
  facet normal 0 0 1
    outer loop
      vertex -39.65 75 2.5
      vertex 3.7599970069291286 29.763441039434337 2.5
      vertex -39.69983807894276 76.01447740241095 2.5
    endloop
  endfacet
  facet normal 0 0 1
    outer loop
      vertex -39.69983807894276 76.01447740241095 2.5
      vertex 5.621439437571738 29.46861752186066 2.5
      vertex -39.848872347826564 77.01918483286693 2.5
    endloop
  endfacet
  facet normal 0 0 1
    outer loop
      vertex -39.848872347826564 77.01918483286693 2.5
      vertex 7.460696614945645 29.057494833858932 2.5
      vertex -40.095667525171635 78.00444640958368 2.5
    endloop
  endfacet
  facet normal 0 0 1
    outer loop
      vertex -40.87211491399452 79.87895622614907 2.5
      vertex 11.043736580540337 27.893294576647545 2.5
      vertex -41.39428951266866 80.75015191175288 2.5
    endloop
  endfacet
  facet normal 0 0 1
    outer loop
      vertex -40.095667525171635 78.00444640958368 2.5
      vertex 11.043736580540337 27.893294576647545 2.5
      vertex -40.43784683850818 78.96077352497868 2.5
    endloop
  endfacet
  facet normal 0 0 1
    outer loop
      vertex -40.43784683850818 78.96077352497868 2.5
      vertex 11.043736580540337 27.893294576647545 2.5
      vertex -40.87211491399452 79.87895622614907 2.5
    endloop
  endfacet
  facet normal 0 0 1
    outer loop
      vertex -9.562153161491818 71.03922647502132 2.5
      vertex -41.39428951266866 80.75015191175288 2.5
      vertex -9.127885086005474 70.12104377385093 2.5
    endloop
  endfacet
  facet normal 0 0 1
    outer loop
      vertex -8.000658192304327 68.43402950890626 2.5
      vertex -41.39428951266866 80.75015191175288 2.5
      vertex -7.3185551852807675 67.68144481471923 2.5
    endloop
  endfacet
  facet normal 0 0 1
    outer loop
      vertex -9.127885086005474 70.12104377385093 2.5
      vertex -41.39428951266866 80.75015191175288 2.5
      vertex -8.605710487331343 69.24984808824712 2.5
    endloop
  endfacet
  facet normal 0 0 1
    outer loop
      vertex -8.605710487331343 69.24984808824712 2.5
      vertex -41.39428951266866 80.75015191175288 2.5
      vertex -8.000658192304327 68.43402950890626 2.5
    endloop
  endfacet
  facet normal 0 0 1
    outer loop
      vertex -9.904332474828362 71.99555359041632 2.5
      vertex -41.39428951266866 80.75015191175288 2.5
      vertex -9.562153161491818 71.03922647502132 2.5
    endloop
  endfacet
  facet normal 0 0 1
    outer loop
      vertex -10.151127652173434 72.98081516713307 2.5
      vertex -41.39428951266866 80.75015191175288 2.5
      vertex -9.904332474828362 71.99555359041632 2.5
    endloop
  endfacet
  facet normal 0 0 1
    outer loop
      vertex -10.300161921057239 73.98552259758905 2.5
      vertex -41.39428951266866 80.75015191175288 2.5
      vertex -10.151127652173434 72.98081516713307 2.5
    endloop
  endfacet
  facet normal 0 0 1
    outer loop
      vertex -10.35 75 2.5
      vertex -41.39428951266866 80.75015191175288 2.5
      vertex -10.300161921057239 73.98552259758905 2.5
    endloop
  endfacet
  facet normal 0 0 1
    outer loop
      vertex -10.300161921057239 76.01447740241095 2.5
      vertex -41.39428951266866 80.75015191175288 2.5
      vertex -10.35 75 2.5
    endloop
  endfacet
  facet normal 0 0 1
    outer loop
      vertex -10.151127652173434 77.01918483286693 2.5
      vertex -41.39428951266866 80.75015191175288 2.5
      vertex -10.300161921057239 76.01447740241095 2.5
    endloop
  endfacet
  facet normal 0 0 1
    outer loop
      vertex -9.904332474828362 78.00444640958368 2.5
      vertex -41.39428951266866 80.75015191175288 2.5
      vertex -10.151127652173434 77.01918483286693 2.5
    endloop
  endfacet
  facet normal 0 0 1
    outer loop
      vertex -9.562153161491818 78.96077352497868 2.5
      vertex -41.39428951266866 80.75015191175288 2.5
      vertex -9.904332474828362 78.00444640958368 2.5
    endloop
  endfacet
  facet normal 0 0 1
    outer loop
      vertex -9.127885086005474 79.87895622614907 2.5
      vertex -41.39428951266866 80.75015191175288 2.5
      vertex -9.562153161491818 78.96077352497868 2.5
    endloop
  endfacet
  facet normal 0 0 1
    outer loop
      vertex -8.605710487331343 80.75015191175288 2.5
      vertex -41.39428951266866 80.75015191175288 2.5
      vertex -9.127885086005474 79.87895622614907 2.5
    endloop
  endfacet
  facet normal 0 0 1
    outer loop
      vertex -8.000658192304327 81.56597049109374 2.5
      vertex -41.39428951266866 80.75015191175288 2.5
      vertex -8.605710487331343 80.75015191175288 2.5
    endloop
  endfacet
  facet normal 0 0 1
    outer loop
      vertex -7.3185551852807675 82.31855518528077 2.5
      vertex -41.39428951266866 80.75015191175288 2.5
      vertex -8.000658192304327 81.56597049109374 2.5
    endloop
  endfacet
  facet normal 0 0 1
    outer loop
      vertex -3.9607735249786793 65.43784683850818 2.5
      vertex -41.39428951266866 80.75015191175288 2.5
      vertex 11.043736580540337 27.893294576647545 2.5
    endloop
  endfacet
  facet normal 0 0 1
    outer loop
      vertex -4.878956226149075 65.87211491399452 2.5
      vertex -5.750151911752883 66.39428951266865 2.5
      vertex -41.39428951266866 80.75015191175288 2.5
    endloop
  endfacet
  facet normal 0 0 1
    outer loop
      vertex -3.9607735249786793 65.43784683850818 2.5
      vertex -4.878956226149075 65.87211491399452 2.5
      vertex -41.39428951266866 80.75015191175288 2.5
    endloop
  endfacet
  facet normal 0 0 1
    outer loop
      vertex -6.56597049109373 66.99934180769567 2.5
      vertex -7.3185551852807675 67.68144481471923 2.5
      vertex -41.39428951266866 80.75015191175288 2.5
    endloop
  endfacet
  facet normal 0 0 1
    outer loop
      vertex -5.750151911752883 66.39428951266865 2.5
      vertex -6.56597049109373 66.99934180769567 2.5
      vertex -41.39428951266866 80.75015191175288 2.5
    endloop
  endfacet
  facet normal 0 0 1
    outer loop
      vertex -7.3185551852807675 82.31855518528077 2.5
      vertex -6.56597049109373 83.00065819230433 2.5
      vertex -41.39428951266866 80.75015191175288 2.5
    endloop
  endfacet
  facet normal 0 0 1
    outer loop
      vertex -6.56597049109373 83.00065819230433 2.5
      vertex -5.750151911752883 83.60571048733135 2.5
      vertex -41.39428951266866 80.75015191175288 2.5
    endloop
  endfacet
  facet normal 0 0 1
    outer loop
      vertex -5.750151911752883 83.60571048733135 2.5
      vertex -4.878956226149075 84.12788508600548 2.5
      vertex -41.39428951266866 80.75015191175288 2.5
    endloop
  endfacet
  facet normal 0 0 1
    outer loop
      vertex -4.878956226149075 84.12788508600548 2.5
      vertex -3.9607735249786793 84.56215316149182 2.5
      vertex -41.39428951266866 80.75015191175288 2.5
    endloop
  endfacet
  facet normal 0 0 1
    outer loop
      vertex -3.9607735249786793 84.56215316149182 2.5
      vertex -3.004446409583685 84.90433247482837 2.5
      vertex -41.39428951266866 80.75015191175288 2.5
    endloop
  endfacet
  facet normal 0 0 1
    outer loop
      vertex -3.004446409583685 84.90433247482837 2.5
      vertex -2.0191848328669275 85.15112765217343 2.5
      vertex -41.39428951266866 80.75015191175288 2.5
    endloop
  endfacet
  facet normal 0 0 1
    outer loop
      vertex -2.0191848328669275 85.15112765217343 2.5
      vertex -1.0144774024109522 85.30016192105724 2.5
      vertex -41.39428951266866 80.75015191175288 2.5
    endloop
  endfacet
  facet normal 0 0 1
    outer loop
      vertex -75 95 2.5
      vertex -48.985522597589046 85.30016192105724 2.5
      vertex 75 95 2.5
    endloop
  endfacet
  facet normal 0 0 1
    outer loop
      vertex 75 95 2.5
      vertex -48.985522597589046 85.30016192105724 2.5
      vertex -47.98081516713307 85.15112765217343 2.5
    endloop
  endfacet
  facet normal 0 0 1
    outer loop
      vertex 75 95 2.5
      vertex -47.98081516713307 85.15112765217343 2.5
      vertex -46.995553590416314 84.90433247482837 2.5
    endloop
  endfacet
  facet normal 0 0 1
    outer loop
      vertex 75 95 2.5
      vertex -46.995553590416314 84.90433247482837 2.5
      vertex -46.03922647502132 84.56215316149182 2.5
    endloop
  endfacet
  facet normal 0 0 1
    outer loop
      vertex 75 95 2.5
      vertex -45.12104377385093 84.12788508600548 2.5
      vertex -44.24984808824712 83.60571048733135 2.5
    endloop
  endfacet
  facet normal 0 0 1
    outer loop
      vertex 75 95 2.5
      vertex -46.03922647502132 84.56215316149182 2.5
      vertex -45.12104377385093 84.12788508600548 2.5
    endloop
  endfacet
  facet normal 0 0 1
    outer loop
      vertex 75 95 2.5
      vertex -41.99934180769567 81.56597049109374 2.5
      vertex -41.39428951266866 80.75015191175288 2.5
    endloop
  endfacet
  facet normal 0 0 1
    outer loop
      vertex 75 95 2.5
      vertex -44.24984808824712 83.60571048733135 2.5
      vertex -43.43402950890627 83.00065819230433 2.5
    endloop
  endfacet
  facet normal 0 0 1
    outer loop
      vertex 75 95 2.5
      vertex -43.43402950890627 83.00065819230433 2.5
      vertex -42.681444814719235 82.31855518528077 2.5
    endloop
  endfacet
  facet normal 0 0 1
    outer loop
      vertex 75 95 2.5
      vertex -42.681444814719235 82.31855518528077 2.5
      vertex -41.99934180769567 81.56597049109374 2.5
    endloop
  endfacet
  facet normal 0 0 -1
    outer loop
      vertex 75 -95 -2.5
      vertex -46.995553590416314 -84.90433247482837 -2.5
      vertex 0 -85.35 -2.5
    endloop
  endfacet
  facet normal 0 0 -1
    outer loop
      vertex 2.0191848328669275 -85.15112765217343 -2.5
      vertex 3.004446409583685 -84.90433247482837 -2.5
      vertex 47.98081516713307 -85.15112765217343 -2.5
    endloop
  endfacet
  facet normal 0 0 -1
    outer loop
      vertex 3.004446409583685 -84.90433247482837 -2.5
      vertex 3.9607735249786793 -84.56215316149182 -2.5
      vertex 46.995553590416314 -84.90433247482837 -2.5
    endloop
  endfacet
  facet normal 0 0 -1
    outer loop
      vertex 3.9607735249786793 -84.56215316149182 -2.5
      vertex 4.878956226149075 -84.12788508600548 -2.5
      vertex 46.03922647502132 -84.56215316149182 -2.5
    endloop
  endfacet
  facet normal 0 0 -1
    outer loop
      vertex 4.878956226149075 -84.12788508600548 -2.5
      vertex 5.750151911752883 -83.60571048733135 -2.5
      vertex 45.12104377385093 -84.12788508600548 -2.5
    endloop
  endfacet
  facet normal 0 0 -1
    outer loop
      vertex 1.0144774024109522 -64.69983807894276 -2.5
      vertex 0 -64.65 -2.5
      vertex 26.56044290863303 -36.37900418883467 -2.5
    endloop
  endfacet
  facet normal 0 0 -1
    outer loop
      vertex 3.9607735249786793 -65.43784683850818 -2.5
      vertex 3.004446409583685 -65.09566752517163 -2.5
      vertex 27.385957442691236 -38.68616275249708 -2.5
    endloop
  endfacet
  facet normal 0 0 -1
    outer loop
      vertex 2.0191848328669275 -64.84887234782657 -2.5
      vertex 1.0144774024109522 -64.69983807894276 -2.5
      vertex 26.759548196636057 -37.17387705507476 -2.5
    endloop
  endfacet
  facet normal 0 0 -1
    outer loop
      vertex 3.004446409583685 -65.09566752517163 -2.5
      vertex 2.0191848328669275 -64.84887234782657 -2.5
      vertex 27.035605903530758 -37.9454066602485 -2.5
    endloop
  endfacet
  facet normal 0 0 -1
    outer loop
      vertex 4.878956226149075 -65.87211491399452 -2.5
      vertex 3.9607735249786793 -65.43784683850818 -2.5
      vertex 27.807228737273746 -39.38901144571368 -2.5
    endloop
  endfacet
  facet normal 0 0 -1
    outer loop
      vertex 6.56597049109373 -66.99934180769567 -2.5
      vertex 5.750151911752883 -66.39428951266865 -2.5
      vertex 28.845658377092327 -40.65434162290767 -2.5
    endloop
  endfacet
  facet normal 0 0 -1
    outer loop
      vertex 5.750151911752883 -66.39428951266865 -2.5
      vertex 4.878956226149075 -65.87211491399452 -2.5
      vertex 28.295362714421145 -40.047183922766436 -2.5
    endloop
  endfacet
  facet normal 0 0 -1
    outer loop
      vertex 29.45281607723356 -41.204637285578855 -2.5
      vertex 7.3185551852807675 -67.68144481471923 -2.5
      vertex 6.56597049109373 -66.99934180769567 -2.5
    endloop
  endfacet
  facet normal 0 0 -1
    outer loop
      vertex 5.750151911752883 -83.60571048733135 -2.5
      vertex 6.56597049109373 -83.00065819230433 -2.5
      vertex 44.24984808824712 -83.60571048733135 -2.5
    endloop
  endfacet
  facet normal 0 0 -1
    outer loop
      vertex 75 -95 -2.5
      vertex 0 -85.35 -2.5
      vertex 1.0144774024109522 -85.30016192105724 -2.5
    endloop
  endfacet
  facet normal 0 0 -1
    outer loop
      vertex 75 -95 -2.5
      vertex 1.0144774024109522 -85.30016192105724 -2.5
      vertex 2.0191848328669275 -85.15112765217343 -2.5
    endloop
  endfacet
  facet normal 0 0 -1
    outer loop
      vertex 6.56597049109373 -83.00065819230433 -2.5
      vertex 7.3185551852807675 -82.31855518528077 -2.5
      vertex 43.43402950890627 -83.00065819230433 -2.5
    endloop
  endfacet
  facet normal 0 0 -1
    outer loop
      vertex 7.3185551852807675 -82.31855518528077 -2.5
      vertex 8.000658192304327 -81.56597049109374 -2.5
      vertex 42.681444814719235 -82.31855518528077 -2.5
    endloop
  endfacet
  facet normal 0 0 -1
    outer loop
      vertex 8.605710487331343 -80.75015191175288 -2.5
      vertex 41.99934180769567 -81.56597049109374 -2.5
      vertex 8.000658192304327 -81.56597049109374 -2.5
    endloop
  endfacet
  facet normal 0 0 -1
    outer loop
      vertex 9.127885086005474 -79.87895622614907 -2.5
      vertex 41.39428951266866 -80.75015191175288 -2.5
      vertex 8.605710487331343 -80.75015191175288 -2.5
    endloop
  endfacet
  facet normal 0 0 -1
    outer loop
      vertex 9.562153161491818 -78.96077352497868 -2.5
      vertex 40.87211491399452 -79.87895622614907 -2.5
      vertex 9.127885086005474 -79.87895622614907 -2.5
    endloop
  endfacet
  facet normal 0 0 -1
    outer loop
      vertex 9.904332474828362 -78.00444640958368 -2.5
      vertex 40.43784683850818 -78.96077352497868 -2.5
      vertex 9.562153161491818 -78.96077352497868 -2.5
    endloop
  endfacet
  facet normal 0 0 -1
    outer loop
      vertex 10.151127652173434 -77.01918483286693 -2.5
      vertex 40.095667525171635 -78.00444640958368 -2.5
      vertex 9.904332474828362 -78.00444640958368 -2.5
    endloop
  endfacet
  facet normal 0 0 -1
    outer loop
      vertex 10.300161921057239 -76.01447740241095 -2.5
      vertex 39.848872347826564 -77.01918483286693 -2.5
      vertex 10.151127652173434 -77.01918483286693 -2.5
    endloop
  endfacet
  facet normal 0 0 -1
    outer loop
      vertex 10.35 -75 -2.5
      vertex 39.69983807894276 -76.01447740241095 -2.5
      vertex 10.300161921057239 -76.01447740241095 -2.5
    endloop
  endfacet
  facet normal 0 0 -1
    outer loop
      vertex 10.300161921057239 -73.98552259758905 -2.5
      vertex 39.65 -75 -2.5
      vertex 10.35 -75 -2.5
    endloop
  endfacet
  facet normal 0 0 -1
    outer loop
      vertex 9.562153161491818 -71.03922647502132 -2.5
      vertex 40.095667525171635 -71.99555359041632 -2.5
      vertex 9.904332474828362 -71.99555359041632 -2.5
    endloop
  endfacet
  facet normal 0 0 -1
    outer loop
      vertex 10.151127652173434 -72.98081516713307 -2.5
      vertex 39.69983807894276 -73.98552259758905 -2.5
      vertex 10.300161921057239 -73.98552259758905 -2.5
    endloop
  endfacet
  facet normal 0 0 -1
    outer loop
      vertex 9.904332474828362 -71.99555359041632 -2.5
      vertex 39.848872347826564 -72.98081516713307 -2.5
      vertex 10.151127652173434 -72.98081516713307 -2.5
    endloop
  endfacet
  facet normal 0 0 -1
    outer loop
      vertex 43.43402950890627 -83.00065819230433 -2.5
      vertex 44.24984808824712 -83.60571048733135 -2.5
      vertex 6.56597049109373 -83.00065819230433 -2.5
    endloop
  endfacet
  facet normal 0 0 -1
    outer loop
      vertex 3.9607735249786793 -84.56215316149182 -2.5
      vertex 46.03922647502132 -84.56215316149182 -2.5
      vertex 46.995553590416314 -84.90433247482837 -2.5
    endloop
  endfacet
  facet normal 0 0 -1
    outer loop
      vertex 3.004446409583685 -84.90433247482837 -2.5
      vertex 46.995553590416314 -84.90433247482837 -2.5
      vertex 47.98081516713307 -85.15112765217343 -2.5
    endloop
  endfacet
  facet normal 0 0 -1
    outer loop
      vertex 45.12104377385093 -84.12788508600548 -2.5
      vertex 46.03922647502132 -84.56215316149182 -2.5
      vertex 4.878956226149075 -84.12788508600548 -2.5
    endloop
  endfacet
  facet normal 0 0 -1
    outer loop
      vertex 5.750151911752883 -83.60571048733135 -2.5
      vertex 44.24984808824712 -83.60571048733135 -2.5
      vertex 45.12104377385093 -84.12788508600548 -2.5
    endloop
  endfacet
  facet normal 0 0 -1
    outer loop
      vertex 9.127885086005474 -79.87895622614907 -2.5
      vertex 40.87211491399452 -79.87895622614907 -2.5
      vertex 41.39428951266866 -80.75015191175288 -2.5
    endloop
  endfacet
  facet normal 0 0 -1
    outer loop
      vertex 40.87211491399452 -79.87895622614907 -2.5
      vertex 9.562153161491818 -78.96077352497868 -2.5
      vertex 40.43784683850818 -78.96077352497868 -2.5
    endloop
  endfacet
  facet normal 0 0 -1
    outer loop
      vertex 9.904332474828362 -78.00444640958368 -2.5
      vertex 40.095667525171635 -78.00444640958368 -2.5
      vertex 40.43784683850818 -78.96077352497868 -2.5
    endloop
  endfacet
  facet normal 0 0 -1
    outer loop
      vertex 10.151127652173434 -77.01918483286693 -2.5
      vertex 39.848872347826564 -77.01918483286693 -2.5
      vertex 40.095667525171635 -78.00444640958368 -2.5
    endloop
  endfacet
  facet normal 0 0 -1
    outer loop
      vertex 8.000658192304327 -81.56597049109374 -2.5
      vertex 41.99934180769567 -81.56597049109374 -2.5
      vertex 42.681444814719235 -82.31855518528077 -2.5
    endloop
  endfacet
  facet normal 0 0 -1
    outer loop
      vertex 7.3185551852807675 -82.31855518528077 -2.5
      vertex 42.681444814719235 -82.31855518528077 -2.5
      vertex 43.43402950890627 -83.00065819230433 -2.5
    endloop
  endfacet
  facet normal 0 0 -1
    outer loop
      vertex 41.99934180769567 -81.56597049109374 -2.5
      vertex 8.605710487331343 -80.75015191175288 -2.5
      vertex 41.39428951266866 -80.75015191175288 -2.5
    endloop
  endfacet
  facet normal 0 0 -1
    outer loop
      vertex 10.300161921057239 -76.01447740241095 -2.5
      vertex 39.69983807894276 -76.01447740241095 -2.5
      vertex 39.848872347826564 -77.01918483286693 -2.5
    endloop
  endfacet
  facet normal 0 0 -1
    outer loop
      vertex 10.35 -75 -2.5
      vertex 39.65 -75 -2.5
      vertex 39.69983807894276 -76.01447740241095 -2.5
    endloop
  endfacet
  facet normal 0 0 -1
    outer loop
      vertex 10.300161921057239 -73.98552259758905 -2.5
      vertex 39.69983807894276 -73.98552259758905 -2.5
      vertex 39.65 -75 -2.5
    endloop
  endfacet
  facet normal 0 0 -1
    outer loop
      vertex 10.151127652173434 -72.98081516713307 -2.5
      vertex 39.848872347826564 -72.98081516713307 -2.5
      vertex 39.69983807894276 -73.98552259758905 -2.5
    endloop
  endfacet
  facet normal 0 0 -1
    outer loop
      vertex 9.904332474828362 -71.99555359041632 -2.5
      vertex 40.095667525171635 -71.99555359041632 -2.5
      vertex 39.848872347826564 -72.98081516713307 -2.5
    endloop
  endfacet
  facet normal 0 0 -1
    outer loop
      vertex 9.562153161491818 -71.03922647502132 -2.5
      vertex 40.43784683850818 -71.03922647502132 -2.5
      vertex 40.095667525171635 -71.99555359041632 -2.5
    endloop
  endfacet
  facet normal 0 0 -1
    outer loop
      vertex 9.127885086005474 -70.12104377385093 -2.5
      vertex 40.43784683850818 -71.03922647502132 -2.5
      vertex 9.562153161491818 -71.03922647502132 -2.5
    endloop
  endfacet
  facet normal 0 0 -1
    outer loop
      vertex 8.605710487331343 -69.24984808824712 -2.5
      vertex 40.87211491399452 -70.12104377385093 -2.5
      vertex 9.127885086005474 -70.12104377385093 -2.5
    endloop
  endfacet
  facet normal 0 0 -1
    outer loop
      vertex 8.000658192304327 -68.43402950890626 -2.5
      vertex 41.39428951266866 -69.24984808824712 -2.5
      vertex 8.605710487331343 -69.24984808824712 -2.5
    endloop
  endfacet
  facet normal 0 0 -1
    outer loop
      vertex 7.3185551852807675 -67.68144481471923 -2.5
      vertex 41.99934180769567 -68.43402950890626 -2.5
      vertex 8.000658192304327 -68.43402950890626 -2.5
    endloop
  endfacet
  facet normal 0 0 -1
    outer loop
      vertex 3.9607735249786793 -65.43784683850818 -2.5
      vertex 27.385957442691236 -38.68616275249708 -2.5
      vertex 27.807228737273746 -39.38901144571368 -2.5
    endloop
  endfacet
  facet normal 0 0 -1
    outer loop
      vertex 5.750151911752883 -66.39428951266865 -2.5
      vertex 28.295362714421145 -40.047183922766436 -2.5
      vertex 28.845658377092327 -40.65434162290767 -2.5
    endloop
  endfacet
  facet normal 0 0 -1
    outer loop
      vertex 4.878956226149075 -65.87211491399452 -2.5
      vertex 27.807228737273746 -39.38901144571368 -2.5
      vertex 28.295362714421145 -40.047183922766436 -2.5
    endloop
  endfacet
  facet normal 0 0 -1
    outer loop
      vertex 30.110988554286322 -41.692771262726254 -2.5
      vertex 30.81383724750292 -42.114042557308764 -2.5
      vertex 7.3185551852807675 -67.68144481471923 -2.5
    endloop
  endfacet
  facet normal 0 0 -1
    outer loop
      vertex 6.56597049109373 -66.99934180769567 -2.5
      vertex 28.845658377092327 -40.65434162290767 -2.5
      vertex 29.45281607723356 -41.204637285578855 -2.5
    endloop
  endfacet
  facet normal 0 0 -1
    outer loop
      vertex 29.45281607723356 -41.204637285578855 -2.5
      vertex 30.110988554286322 -41.692771262726254 -2.5
      vertex 7.3185551852807675 -67.68144481471923 -2.5
    endloop
  endfacet
  facet normal 0 0 -1
    outer loop
      vertex 42.681444814719235 -67.68144481471923 -2.5
      vertex 7.3185551852807675 -67.68144481471923 -2.5
      vertex 30.81383724750292 -42.114042557308764 -2.5
    endloop
  endfacet
  facet normal 0 0 -1
    outer loop
      vertex 9.127885086005474 -70.12104377385093 -2.5
      vertex 40.87211491399452 -70.12104377385093 -2.5
      vertex 40.43784683850818 -71.03922647502132 -2.5
    endloop
  endfacet
  facet normal 0 0 -1
    outer loop
      vertex 8.605710487331343 -69.24984808824712 -2.5
      vertex 41.39428951266866 -69.24984808824712 -2.5
      vertex 40.87211491399452 -70.12104377385093 -2.5
    endloop
  endfacet
  facet normal 0 0 -1
    outer loop
      vertex 8.000658192304327 -68.43402950890626 -2.5
      vertex 41.99934180769567 -68.43402950890626 -2.5
      vertex 41.39428951266866 -69.24984808824712 -2.5
    endloop
  endfacet
  facet normal 0 0 -1
    outer loop
      vertex 7.3185551852807675 -67.68144481471923 -2.5
      vertex 42.681444814719235 -67.68144481471923 -2.5
      vertex 41.99934180769567 -68.43402950890626 -2.5
    endloop
  endfacet
  facet normal 0 0 -1
    outer loop
      vertex 42.681444814719235 -67.68144481471923 -2.5
      vertex 30.81383724750292 -42.114042557308764 -2.5
      vertex 31.5545933397515 -42.46439409646924 -2.5
    endloop
  endfacet
  facet normal 0 0 -1
    outer loop
      vertex 42.681444814719235 -67.68144481471923 -2.5
      vertex 31.5545933397515 -42.46439409646924 -2.5
      vertex 32.32612294492524 -42.740451803363946 -2.5
    endloop
  endfacet
  facet normal 0 0 -1
    outer loop
      vertex 42.681444814719235 -67.68144481471923 -2.5
      vertex 32.32612294492524 -42.740451803363946 -2.5
      vertex 33.12099581116533 -42.93955709136697 -2.5
    endloop
  endfacet
  facet normal 0 0 -1
    outer loop
      vertex 42.681444814719235 -67.68144481471923 -2.5
      vertex 33.12099581116533 -42.93955709136697 -2.5
      vertex 33.931556878248166 -43.059792467712846 -2.5
    endloop
  endfacet
  facet normal 0 0 -1
    outer loop
      vertex 42.681444814719235 -67.68144481471923 -2.5
      vertex 33.931556878248166 -43.059792467712846 -2.5
      vertex 34.75 -43.1 -2.5
    endloop
  endfacet
  facet normal -0.04906767432741162 0.9987954562051726 0
    outer loop
      vertex 0 -85.35 2.5
      vertex 1.0144774024109522 -85.30016192105724 -2.5
      vertex 0 -85.35 -2.5
    endloop
  endfacet
  facet normal -0.14673047445536863 0.98917650996478 0
    outer loop
      vertex 1.0144774024109522 -85.30016192105724 2.5
      vertex 2.0191848328669275 -85.15112765217343 -2.5
      vertex 1.0144774024109522 -85.30016192105724 -2.5
    endloop
  endfacet
  facet normal -0.24298017990325496 0.9700312531945462 0
    outer loop
      vertex 2.0191848328669275 -85.15112765217343 2.5
      vertex 3.004446409583685 -84.90433247482837 -2.5
      vertex 2.0191848328669275 -85.15112765217343 -2.5
    endloop
  endfacet
  facet normal -0.33688985339222 0.9415440651830208 0
    outer loop
      vertex 3.004446409583685 -84.90433247482837 2.5
      vertex 3.9607735249786793 -84.56215316149182 -2.5
      vertex 3.004446409583685 -84.90433247482837 -2.5
    endloop
  endfacet
  facet normal -0.4275550934302826 0.903989293123443 0
    outer loop
      vertex 3.9607735249786793 -84.56215316149182 2.5
      vertex 4.878956226149075 -84.12788508600548 -2.5
      vertex 3.9607735249786793 -84.56215316149182 -2.5
    endloop
  endfacet
  facet normal -0.5141027441932183 0.8577286100002742 0
    outer loop
      vertex 4.878956226149075 -84.12788508600548 2.5
      vertex 5.750151911752883 -83.60571048733135 -2.5
      vertex 4.878956226149075 -84.12788508600548 -2.5
    endloop
  endfacet
  facet normal -0.5956993044924376 0.8032075314806417 0
    outer loop
      vertex 5.750151911752883 -83.60571048733135 2.5
      vertex 6.56597049109373 -83.00065819230433 -2.5
      vertex 5.750151911752883 -83.60571048733135 -2.5
    endloop
  endfacet
  facet normal -0.6715589548470156 0.7409511253549618 0
    outer loop
      vertex 6.56597049109373 -83.00065819230433 2.5
      vertex 7.3185551852807675 -82.31855518528077 -2.5
      vertex 6.56597049109373 -83.00065819230433 -2.5
    endloop
  endfacet
  facet normal -0.7409511253549595 0.6715589548470178 0
    outer loop
      vertex 7.3185551852807675 -82.31855518528077 -2.5
      vertex 7.3185551852807675 -82.31855518528077 2.5
      vertex 8.000658192304327 -81.56597049109374 -2.5
    endloop
  endfacet
  facet normal -0.8032075314806474 0.59569930449243 0
    outer loop
      vertex 8.000658192304327 -81.56597049109374 2.5
      vertex 8.605710487331343 -80.75015191175288 -2.5
      vertex 8.000658192304327 -81.56597049109374 -2.5
    endloop
  endfacet
  facet normal -0.8577286100002728 0.5141027441932206 0
    outer loop
      vertex 8.605710487331343 -80.75015191175288 2.5
      vertex 9.127885086005474 -79.87895622614907 -2.5
      vertex 8.605710487331343 -80.75015191175288 -2.5
    endloop
  endfacet
  facet normal -0.9039892931234429 0.4275550934302832 0
    outer loop
      vertex 9.127885086005474 -79.87895622614907 2.5
      vertex 9.562153161491818 -78.96077352497868 -2.5
      vertex 9.127885086005474 -79.87895622614907 -2.5
    endloop
  endfacet
  facet normal -0.9415440651830211 0.3368898533922188 0
    outer loop
      vertex 9.562153161491818 -78.96077352497868 2.5
      vertex 9.904332474828362 -78.00444640958368 -2.5
      vertex 9.562153161491818 -78.96077352497868 -2.5
    endloop
  endfacet
  facet normal -0.9700312531945439 0.24298017990326443 0
    outer loop
      vertex 9.904332474828362 -78.00444640958368 2.5
      vertex 10.151127652173434 -77.01918483286693 -2.5
      vertex 9.904332474828362 -78.00444640958368 -2.5
    endloop
  endfacet
  facet normal -0.9891765099647809 0.14673047445536286 0
    outer loop
      vertex 10.151127652173434 -77.01918483286693 2.5
      vertex 10.300161921057239 -76.01447740241095 -2.5
      vertex 10.151127652173434 -77.01918483286693 -2.5
    endloop
  endfacet
  facet normal -0.9987954562051725 0.04906767432741713 0
    outer loop
      vertex 10.300161921057239 -76.01447740241095 2.5
      vertex 10.35 -75 -2.5
      vertex 10.300161921057239 -76.01447740241095 -2.5
    endloop
  endfacet
  facet normal -0.9987954562051725 -0.04906767432741713 0
    outer loop
      vertex 10.35 -75 2.5
      vertex 10.300161921057239 -73.98552259758905 -2.5
      vertex 10.35 -75 -2.5
    endloop
  endfacet
  facet normal -0.9891765099647809 -0.14673047445536286 0
    outer loop
      vertex 10.300161921057239 -73.98552259758905 2.5
      vertex 10.151127652173434 -72.98081516713307 -2.5
      vertex 10.300161921057239 -73.98552259758905 -2.5
    endloop
  endfacet
  facet normal -0.9415440651830211 -0.3368898533922188 0
    outer loop
      vertex 9.904332474828362 -71.99555359041632 2.5
      vertex 9.562153161491818 -71.03922647502132 -2.5
      vertex 9.904332474828362 -71.99555359041632 -2.5
    endloop
  endfacet
  facet normal -0.9700312531945439 -0.24298017990326443 0
    outer loop
      vertex 10.151127652173434 -72.98081516713307 2.5
      vertex 9.904332474828362 -71.99555359041632 -2.5
      vertex 10.151127652173434 -72.98081516713307 -2.5
    endloop
  endfacet
  facet normal -0.33688985339222 -0.9415440651830208 0
    outer loop
      vertex 3.9607735249786793 -65.43784683850818 2.5
      vertex 3.004446409583685 -65.09566752517163 -2.5
      vertex 3.9607735249786793 -65.43784683850818 -2.5
    endloop
  endfacet
  facet normal -0.4275550934302826 -0.903989293123443 0
    outer loop
      vertex 4.878956226149075 -65.87211491399452 2.5
      vertex 3.9607735249786793 -65.43784683850818 -2.5
      vertex 4.878956226149075 -65.87211491399452 -2.5
    endloop
  endfacet
  facet normal -0.04906767432741162 -0.9987954562051726 0
    outer loop
      vertex 1.0144774024109522 -64.69983807894276 2.5
      vertex 0 -64.65 -2.5
      vertex 1.0144774024109522 -64.69983807894276 -2.5
    endloop
  endfacet
  facet normal -0.14673047445536863 -0.98917650996478 0
    outer loop
      vertex 2.0191848328669275 -64.84887234782657 2.5
      vertex 1.0144774024109522 -64.69983807894276 -2.5
      vertex 2.0191848328669275 -64.84887234782657 -2.5
    endloop
  endfacet
  facet normal -0.24298017990325496 -0.9700312531945462 0
    outer loop
      vertex 3.004446409583685 -65.09566752517163 2.5
      vertex 2.0191848328669275 -64.84887234782657 -2.5
      vertex 3.004446409583685 -65.09566752517163 -2.5
    endloop
  endfacet
  facet normal -0.5141027441932183 -0.8577286100002742 0
    outer loop
      vertex 5.750151911752883 -66.39428951266865 2.5
      vertex 4.878956226149075 -65.87211491399452 -2.5
      vertex 5.750151911752883 -66.39428951266865 -2.5
    endloop
  endfacet
  facet normal -0.5956993044924376 -0.8032075314806417 0
    outer loop
      vertex 6.56597049109373 -66.99934180769567 2.5
      vertex 5.750151911752883 -66.39428951266865 -2.5
      vertex 6.56597049109373 -66.99934180769567 -2.5
    endloop
  endfacet
  facet normal -0.8577286100002728 -0.5141027441932206 0
    outer loop
      vertex 9.127885086005474 -70.12104377385093 2.5
      vertex 8.605710487331343 -69.24984808824712 -2.5
      vertex 9.127885086005474 -70.12104377385093 -2.5
    endloop
  endfacet
  facet normal -0.8032075314806474 -0.59569930449243 0
    outer loop
      vertex 8.605710487331343 -69.24984808824712 2.5
      vertex 8.000658192304327 -68.43402950890626 -2.5
      vertex 8.605710487331343 -69.24984808824712 -2.5
    endloop
  endfacet
  facet normal -0.6715589548470156 -0.7409511253549618 0
    outer loop
      vertex 6.56597049109373 -66.99934180769567 -2.5
      vertex 7.3185551852807675 -67.68144481471923 -2.5
      vertex 7.3185551852807675 -67.68144481471923 2.5
    endloop
  endfacet
  facet normal -0.7409511253549595 -0.6715589548470178 0
    outer loop
      vertex 8.000658192304327 -68.43402950890626 2.5
      vertex 7.3185551852807675 -67.68144481471923 -2.5
      vertex 8.000658192304327 -68.43402950890626 -2.5
    endloop
  endfacet
  facet normal -0.9039892931234429 -0.4275550934302832 0
    outer loop
      vertex 9.562153161491818 -71.03922647502132 2.5
      vertex 9.127885086005474 -70.12104377385093 -2.5
      vertex 9.562153161491818 -71.03922647502132 -2.5
    endloop
  endfacet
  facet normal 0 -1 0
    outer loop
      vertex -75 -95 -2.5
      vertex 75 -95 -2.5
      vertex 75 -95 2.5
    endloop
  endfacet
  facet normal 0 0 -1
    outer loop
      vertex -26.4 -34.75 -2.5
      vertex 26.4 -34.75 -2.5
      vertex 0 -64.65 -2.5
    endloop
  endfacet
  facet normal 0 0 -1
    outer loop
      vertex -3.759997006929122 -29.763441039434337 -2.5
      vertex -1.8837155858794128 -29.940801852848146 -2.5
      vertex 26.4 -34.75 -2.5
    endloop
  endfacet
  facet normal 0 0 -1
    outer loop
      vertex -1.8837155858794128 -29.940801852848146 -2.5
      vertex 0 -30 -2.5
      vertex 26.4 -34.75 -2.5
    endloop
  endfacet
  facet normal 0 0 -1
    outer loop
      vertex 26.759548196636057 -37.17387705507476 -2.5
      vertex 1.0144774024109522 -64.69983807894276 -2.5
      vertex 26.56044290863303 -36.37900418883467 -2.5
    endloop
  endfacet
  facet normal 0 0 -1
    outer loop
      vertex 27.035605903530758 -37.9454066602485 -2.5
      vertex 2.0191848328669275 -64.84887234782657 -2.5
      vertex 26.759548196636057 -37.17387705507476 -2.5
    endloop
  endfacet
  facet normal 0 0 -1
    outer loop
      vertex 26.56044290863303 -36.37900418883467 -2.5
      vertex 0 -64.65 -2.5
      vertex 26.440207532287154 -35.568443121751834 -2.5
    endloop
  endfacet
  facet normal 0 0 -1
    outer loop
      vertex 26.440207532287154 -35.568443121751834 -2.5
      vertex 0 -64.65 -2.5
      vertex 26.4 -34.75 -2.5
    endloop
  endfacet
  facet normal 0 0 -1
    outer loop
      vertex 0 -30 -2.5
      vertex 1.8837155858794128 -29.940801852848146 -2.5
      vertex 26.4 -34.75 -2.5
    endloop
  endfacet
  facet normal 0 0 -1
    outer loop
      vertex 1.8837155858794128 -29.940801852848146 -2.5
      vertex 3.759997006929122 -29.763441039434337 -2.5
      vertex 26.4 -34.75 -2.5
    endloop
  endfacet
  facet normal 0 0 -1
    outer loop
      vertex 3.759997006929122 -29.763441039434337 -2.5
      vertex 5.621439437571745 -29.468617521860658 -2.5
      vertex 26.4 -34.75 -2.5
    endloop
  endfacet
  facet normal 0 0 -1
    outer loop
      vertex 5.621439437571745 -29.468617521860658 -2.5
      vertex 7.460696614945633 -29.057494833858936 -2.5
      vertex 26.4 -34.75 -2.5
    endloop
  endfacet
  facet normal 0 0 -1
    outer loop
      vertex 7.460696614945633 -29.057494833858936 -2.5
      vertex 9.270509831248422 -28.531695488854606 -2.5
      vertex 26.4 -34.75 -2.5
    endloop
  endfacet
  facet normal 0 0 -1
    outer loop
      vertex 9.270509831248422 -28.531695488854606 -2.5
      vertex 11.043736580540351 -27.893294576647538 -2.5
      vertex 26.4 -34.75 -2.5
    endloop
  endfacet
  facet normal 0 0 -1
    outer loop
      vertex 11.043736580540351 -27.893294576647538 -2.5
      vertex 12.773378746952172 -27.144811573980586 -2.5
      vertex 26.4 -34.75 -2.5
    endloop
  endfacet
  facet normal 0 0 -1
    outer loop
      vertex 12.773378746952172 -27.144811573980586 -2.5
      vertex 14.452610223051462 -26.289200401315902 -2.5
      vertex 26.4 -34.75 -2.5
    endloop
  endfacet
  facet normal 0 0 -1
    outer loop
      vertex 27.385957442691236 -38.68616275249708 -2.5
      vertex 3.004446409583685 -65.09566752517163 -2.5
      vertex 27.035605903530758 -37.9454066602485 -2.5
    endloop
  endfacet
  facet normal 0 0 -1
    outer loop
      vertex 14.452610223051462 -26.289200401315902 -2.5
      vertex 26.440207532287154 -33.931556878248166 -2.5
      vertex 26.4 -34.75 -2.5
    endloop
  endfacet
  facet normal 0 0 -1
    outer loop
      vertex 16.074803849369886 -25.32983776506046 -2.5
      vertex 26.56044290863303 -33.12099581116533 -2.5
      vertex 26.440207532287154 -33.931556878248166 -2.5
    endloop
  endfacet
  facet normal 0 0 -1
    outer loop
      vertex 14.452610223051462 -26.289200401315902 -2.5
      vertex 16.074803849369886 -25.32983776506046 -2.5
      vertex 26.440207532287154 -33.931556878248166 -2.5
    endloop
  endfacet
  facet normal 0 0 -1
    outer loop
      vertex 16.074803849369886 -25.32983776506046 -2.5
      vertex 17.633557568774194 -24.270509831248425 -2.5
      vertex 26.56044290863303 -33.12099581116533 -2.5
    endloop
  endfacet
  facet normal 0 0 -1
    outer loop
      vertex 17.633557568774194 -24.270509831248425 -2.5
      vertex 19.1227196924607 -23.115397283273673 -2.5
      vertex 27.035605903530758 -31.5545933397515 -2.5
    endloop
  endfacet
  facet normal 0 0 -1
    outer loop
      vertex 19.1227196924607 -23.115397283273673 -2.5
      vertex 20.536413177860656 -21.86905882264235 -2.5
      vertex 27.807228737273746 -30.110988554286322 -2.5
    endloop
  endfacet
  facet normal 0 0 -1
    outer loop
      vertex 26.56044290863303 -33.12099581116533 -2.5
      vertex 17.633557568774194 -24.270509831248425 -2.5
      vertex 26.759548196636057 -32.32612294492524 -2.5
    endloop
  endfacet
  facet normal 0 0 -1
    outer loop
      vertex 17.633557568774194 -24.270509831248425 -2.5
      vertex 27.035605903530758 -31.5545933397515 -2.5
      vertex 26.759548196636057 -32.32612294492524 -2.5
    endloop
  endfacet
  facet normal 0 0 -1
    outer loop
      vertex 27.035605903530758 -31.5545933397515 -2.5
      vertex 19.1227196924607 -23.115397283273673 -2.5
      vertex 27.385957442691236 -30.81383724750292 -2.5
    endloop
  endfacet
  facet normal 0 0 -1
    outer loop
      vertex 19.1227196924607 -23.115397283273673 -2.5
      vertex 27.807228737273746 -30.110988554286322 -2.5
      vertex 27.385957442691236 -30.81383724750292 -2.5
    endloop
  endfacet
  facet normal 0 0 -1
    outer loop
      vertex 20.536413177860656 -21.86905882264235 -2.5
      vertex 28.295362714421145 -29.45281607723356 -2.5
      vertex 27.807228737273746 -30.110988554286322 -2.5
    endloop
  endfacet
  facet normal 0 0 -1
    outer loop
      vertex 20.536413177860656 -21.86905882264235 -2.5
      vertex 21.86905882264235 -20.536413177860656 -2.5
      vertex 28.845658377092327 -28.845658377092327 -2.5
    endloop
  endfacet
  facet normal 0 0 -1
    outer loop
      vertex 20.536413177860656 -21.86905882264235 -2.5
      vertex 28.845658377092327 -28.845658377092327 -2.5
      vertex 28.295362714421145 -29.45281607723356 -2.5
    endloop
  endfacet
  facet normal 0 0 -1
    outer loop
      vertex 29.45281607723356 -28.295362714421145 -2.5
      vertex 28.845658377092327 -28.845658377092327 -2.5
      vertex 21.86905882264235 -20.536413177860656 -2.5
    endloop
  endfacet
  facet normal 0 0 -1
    outer loop
      vertex 23.115397283273673 -19.1227196924607 -2.5
      vertex 30.110988554286322 -27.807228737273746 -2.5
      vertex 29.45281607723356 -28.295362714421145 -2.5
    endloop
  endfacet
  facet normal 0 0 -1
    outer loop
      vertex 24.270509831248425 -17.633557568774194 -2.5
      vertex 30.81383724750292 -27.385957442691236 -2.5
      vertex 30.110988554286322 -27.807228737273746 -2.5
    endloop
  endfacet
  facet normal 0 0 -1
    outer loop
      vertex 24.270509831248425 -17.633557568774194 -2.5
      vertex 31.5545933397515 -27.035605903530758 -2.5
      vertex 30.81383724750292 -27.385957442691236 -2.5
    endloop
  endfacet
  facet normal 0 0 -1
    outer loop
      vertex 29.45281607723356 -28.295362714421145 -2.5
      vertex 21.86905882264235 -20.536413177860656 -2.5
      vertex 23.115397283273673 -19.1227196924607 -2.5
    endloop
  endfacet
  facet normal 0 0 -1
    outer loop
      vertex 24.270509831248425 -17.633557568774194 -2.5
      vertex 30.110988554286322 -27.807228737273746 -2.5
      vertex 23.115397283273673 -19.1227196924607 -2.5
    endloop
  endfacet
  facet normal 0 0 -1
    outer loop
      vertex 25.32983776506046 -16.074803849369886 -2.5
      vertex 31.5545933397515 -27.035605903530758 -2.5
      vertex 24.270509831248425 -17.633557568774194 -2.5
    endloop
  endfacet
  facet normal 0 0 -1
    outer loop
      vertex 25.32983776506046 -16.074803849369886 -2.5
      vertex 32.32612294492524 -26.759548196636057 -2.5
      vertex 31.5545933397515 -27.035605903530758 -2.5
    endloop
  endfacet
  facet normal 0 0 -1
    outer loop
      vertex 33.12099581116533 -26.56044290863303 -2.5
      vertex 32.32612294492524 -26.759548196636057 -2.5
      vertex 25.32983776506046 -16.074803849369886 -2.5
    endloop
  endfacet
  facet normal 0 0 -1
    outer loop
      vertex 26.289200401315902 -14.452610223051462 -2.5
      vertex 33.12099581116533 -26.56044290863303 -2.5
      vertex 25.32983776506046 -16.074803849369886 -2.5
    endloop
  endfacet
  facet normal 0 0 -1
    outer loop
      vertex 27.144811573980586 -12.773378746952172 -2.5
      vertex 33.931556878248166 -26.440207532287154 -2.5
      vertex 26.289200401315902 -14.452610223051462 -2.5
    endloop
  endfacet
  facet normal 0 0 -1
    outer loop
      vertex 26.289200401315902 -14.452610223051462 -2.5
      vertex 33.931556878248166 -26.440207532287154 -2.5
      vertex 33.12099581116533 -26.56044290863303 -2.5
    endloop
  endfacet
  facet normal 0 0 -1
    outer loop
      vertex 27.144811573980586 -12.773378746952172 -2.5
      vertex 34.75 -26.4 -2.5
      vertex 33.931556878248166 -26.440207532287154 -2.5
    endloop
  endfacet
  facet normal 0 0 -1
    outer loop
      vertex 35.568443121751834 -26.440207532287154 -2.5
      vertex 34.75 -26.4 -2.5
      vertex 27.144811573980586 -12.773378746952172 -2.5
    endloop
  endfacet
  facet normal 0 0 -1
    outer loop
      vertex 27.893294576647538 -11.043736580540351 -2.5
      vertex 35.568443121751834 -26.440207532287154 -2.5
      vertex 27.144811573980586 -12.773378746952172 -2.5
    endloop
  endfacet
  facet normal 0 0 -1
    outer loop
      vertex 28.531695488854606 -9.270509831248422 -2.5
      vertex 36.37900418883467 -26.56044290863303 -2.5
      vertex 27.893294576647538 -11.043736580540351 -2.5
    endloop
  endfacet
  facet normal 0 0 -1
    outer loop
      vertex 29.057494833858936 -7.460696614945633 -2.5
      vertex 37.17387705507476 -26.759548196636057 -2.5
      vertex 28.531695488854606 -9.270509831248422 -2.5
    endloop
  endfacet
  facet normal 0 0 -1
    outer loop
      vertex 29.468617521860658 -5.621439437571745 -2.5
      vertex 38.68616275249708 -27.385957442691236 -2.5
      vertex 29.057494833858936 -7.460696614945633 -2.5
    endloop
  endfacet
  facet normal 0 0 -1
    outer loop
      vertex 27.893294576647538 -11.043736580540351 -2.5
      vertex 36.37900418883467 -26.56044290863303 -2.5
      vertex 35.568443121751834 -26.440207532287154 -2.5
    endloop
  endfacet
  facet normal 0 0 -1
    outer loop
      vertex 28.531695488854606 -9.270509831248422 -2.5
      vertex 37.17387705507476 -26.759548196636057 -2.5
      vertex 36.37900418883467 -26.56044290863303 -2.5
    endloop
  endfacet
  facet normal 0 0 -1
    outer loop
      vertex 29.057494833858936 -7.460696614945633 -2.5
      vertex 37.9454066602485 -27.035605903530758 -2.5
      vertex 37.17387705507476 -26.759548196636057 -2.5
    endloop
  endfacet
  facet normal 0 0 -1
    outer loop
      vertex 38.68616275249708 -27.385957442691236 -2.5
      vertex 37.9454066602485 -27.035605903530758 -2.5
      vertex 29.057494833858936 -7.460696614945633 -2.5
    endloop
  endfacet
  facet normal 0 0 -1
    outer loop
      vertex 39.38901144571368 -27.807228737273746 -2.5
      vertex 38.68616275249708 -27.385957442691236 -2.5
      vertex 29.468617521860658 -5.621439437571745 -2.5
    endloop
  endfacet
  facet normal 0 0 -1
    outer loop
      vertex 40.047183922766436 -28.295362714421145 -2.5
      vertex 39.38901144571368 -27.807228737273746 -2.5
      vertex 29.763441039434337 -3.759997006929122 -2.5
    endloop
  endfacet
  facet normal 0 0 -1
    outer loop
      vertex 29.940801852848146 -1.8837155858794128 -2.5
      vertex 40.65434162290767 -28.845658377092327 -2.5
      vertex 40.047183922766436 -28.295362714421145 -2.5
    endloop
  endfacet
  facet normal 0 0 -1
    outer loop
      vertex 29.763441039434337 -3.759997006929122 -2.5
      vertex 39.38901144571368 -27.807228737273746 -2.5
      vertex 29.468617521860658 -5.621439437571745 -2.5
    endloop
  endfacet
  facet normal 0 0 -1
    outer loop
      vertex 29.940801852848146 -1.8837155858794128 -2.5
      vertex 40.047183922766436 -28.295362714421145 -2.5
      vertex 29.763441039434337 -3.759997006929122 -2.5
    endloop
  endfacet
  facet normal 0 0 -1
    outer loop
      vertex 29.940801852848146 -1.8837155858794128 -2.5
      vertex 30 0 -2.5
      vertex 40.65434162290767 -28.845658377092327 -2.5
    endloop
  endfacet
  facet normal -0.03141075907812839 0.9995065603657315 0
    outer loop
      vertex 0 -30 2.5
      vertex 1.8837155858794128 -29.940801852848146 -2.5
      vertex 0 -30 -2.5
    endloop
  endfacet
  facet normal -0.09410831331851381 0.99556196460308 0
    outer loop
      vertex 1.8837155858794128 -29.940801852848146 2.5
      vertex 3.759997006929122 -29.763441039434337 -2.5
      vertex 1.8837155858794128 -29.940801852848146 -2.5
    endloop
  endfacet
  facet normal -0.1564344650402323 0.9876883405951374 0
    outer loop
      vertex 3.759997006929122 -29.763441039434337 2.5
      vertex 5.621439437571745 -29.468617521860658 -2.5
      vertex 3.759997006929122 -29.763441039434337 -2.5
    endloop
  endfacet
  facet normal -0.218143241396542 0.9759167619387474 0
    outer loop
      vertex 5.621439437571745 -29.468617521860658 2.5
      vertex 7.460696614945633 -29.057494833858936 -2.5
      vertex 5.621439437571745 -29.468617521860658 -2.5
    endloop
  endfacet
  facet normal -0.2789911060392296 0.960293685676943 0
    outer loop
      vertex 7.460696614945633 -29.057494833858936 2.5
      vertex 9.270509831248422 -28.531695488854606 -2.5
      vertex 7.460696614945633 -29.057494833858936 -2.5
    endloop
  endfacet
  facet normal -0.33873792024529054 0.9408807689542258 0
    outer loop
      vertex 9.270509831248422 -28.531695488854606 2.5
      vertex 11.043736580540351 -27.893294576647538 -2.5
      vertex 9.270509831248422 -28.531695488854606 -2.5
    endloop
  endfacet
  facet normal -0.3971478906347822 0.9177546256839805 0
    outer loop
      vertex 11.043736580540351 -27.893294576647538 2.5
      vertex 12.773378746952172 -27.144811573980586 -2.5
      vertex 11.043736580540351 -27.893294576647538 -2.5
    endloop
  endfacet
  facet normal -0.4539904997395469 0.8910065241883678 0
    outer loop
      vertex 12.773378746952172 -27.144811573980586 2.5
      vertex 14.452610223051462 -26.289200401315902 -2.5
      vertex 12.773378746952172 -27.144811573980586 -2.5
    endloop
  endfacet
  facet normal -0.5090414157503698 0.8607420270039445 0
    outer loop
      vertex 14.452610223051462 -26.289200401315902 2.5
      vertex 16.074803849369886 -25.32983776506046 -2.5
      vertex 14.452610223051462 -26.289200401315902 -2.5
    endloop
  endfacet
  facet normal -0.5620833778521296 0.8270805742745626 0
    outer loop
      vertex 16.074803849369886 -25.32983776506046 2.5
      vertex 17.633557568774194 -24.270509831248425 -2.5
      vertex 16.074803849369886 -25.32983776506046 -2.5
    endloop
  endfacet
  facet normal -0.6129070536529768 0.7901550123756902 0
    outer loop
      vertex 17.633557568774194 -24.270509831248425 2.5
      vertex 19.1227196924607 -23.115397283273673 -2.5
      vertex 17.633557568774194 -24.270509831248425 -2.5
    endloop
  endfacet
  facet normal 0.8577286100002717 0.5141027441932223 0
    outer loop
      vertex 27.385957442691236 -38.68616275249708 2.5
      vertex 27.807228737273746 -39.38901144571368 -2.5
      vertex 27.385957442691236 -38.68616275249708 -2.5
    endloop
  endfacet
  facet normal 0.8032075314806438 0.5956993044924348 0
    outer loop
      vertex 27.807228737273746 -39.38901144571368 2.5
      vertex 28.295362714421145 -40.047183922766436 -2.5
      vertex 27.807228737273746 -39.38901144571368 -2.5
    endloop
  endfacet
  facet normal 0.9415440651830204 0.33688985339222094 0
    outer loop
      vertex 26.759548196636057 -37.17387705507476 2.5
      vertex 27.035605903530758 -37.9454066602485 -2.5
      vertex 26.759548196636057 -37.17387705507476 -2.5
    endloop
  endfacet
  facet normal 0.9700312531945445 0.24298017990326193 0
    outer loop
      vertex 26.56044290863303 -36.37900418883467 2.5
      vertex 26.759548196636057 -37.17387705507476 -2.5
      vertex 26.56044290863303 -36.37900418883467 -2.5
    endloop
  endfacet
  facet normal 0.98917650996478 0.14673047445536802 0
    outer loop
      vertex 26.440207532287154 -35.568443121751834 2.5
      vertex 26.56044290863303 -36.37900418883467 -2.5
      vertex 26.440207532287154 -35.568443121751834 -2.5
    endloop
  endfacet
  facet normal 0.9039892931234444 0.4275550934302798 0
    outer loop
      vertex 27.035605903530758 -37.9454066602485 2.5
      vertex 27.385957442691236 -38.68616275249708 -2.5
      vertex 27.035605903530758 -37.9454066602485 -2.5
    endloop
  endfacet
  facet normal 0.9987954562051725 0.04906767432741706 0
    outer loop
      vertex 26.4 -34.75 2.5
      vertex 26.440207532287154 -35.568443121751834 -2.5
      vertex 26.4 -34.75 -2.5
    endloop
  endfacet
  facet normal 0.9987954562051725 -0.04906767432741706 0
    outer loop
      vertex 26.440207532287154 -33.931556878248166 2.5
      vertex 26.4 -34.75 -2.5
      vertex 26.440207532287154 -33.931556878248166 -2.5
    endloop
  endfacet
  facet normal 0.98917650996478 -0.14673047445536802 0
    outer loop
      vertex 26.440207532287154 -33.931556878248166 -2.5
      vertex 26.56044290863303 -33.12099581116533 -2.5
      vertex 26.56044290863303 -33.12099581116533 2.5
    endloop
  endfacet
  facet normal 0.9700312531945445 -0.24298017990326193 0
    outer loop
      vertex 26.56044290863303 -33.12099581116533 -2.5
      vertex 26.759548196636057 -32.32612294492524 -2.5
      vertex 26.759548196636057 -32.32612294492524 2.5
    endloop
  endfacet
  facet normal 0.9415440651830204 -0.33688985339222094 0
    outer loop
      vertex 26.759548196636057 -32.32612294492524 -2.5
      vertex 27.035605903530758 -31.5545933397515 -2.5
      vertex 27.035605903530758 -31.5545933397515 2.5
    endloop
  endfacet
  facet normal 0.9039892931234437 -0.4275550934302815 0
    outer loop
      vertex 27.035605903530758 -31.5545933397515 -2.5
      vertex 27.385957442691236 -30.81383724750292 -2.5
      vertex 27.385957442691236 -30.81383724750292 2.5
    endloop
  endfacet
  facet normal 0.8577286100002729 -0.5141027441932204 0
    outer loop
      vertex 27.385957442691236 -30.81383724750292 -2.5
      vertex 27.807228737273746 -30.110988554286322 -2.5
      vertex 27.807228737273746 -30.110988554286322 2.5
    endloop
  endfacet
  facet normal 0.5141027441932204 0.8577286100002729 0
    outer loop
      vertex 30.110988554286322 -41.692771262726254 2.5
      vertex 30.81383724750292 -42.114042557308764 -2.5
      vertex 30.110988554286322 -41.692771262726254 -2.5
    endloop
  endfacet
  facet normal 0.4275550934302815 0.9039892931234437 0
    outer loop
      vertex 30.81383724750292 -42.114042557308764 2.5
      vertex 31.5545933397515 -42.46439409646924 -2.5
      vertex 30.81383724750292 -42.114042557308764 -2.5
    endloop
  endfacet
  facet normal 0.33688985339222477 0.941544065183019 0
    outer loop
      vertex 31.5545933397515 -42.46439409646924 2.5
      vertex 32.32612294492524 -42.740451803363946 -2.5
      vertex 31.5545933397515 -42.46439409646924 -2.5
    endloop
  endfacet
  facet normal 0.24298017990325782 0.9700312531945453 0
    outer loop
      vertex 32.32612294492524 -42.740451803363946 2.5
      vertex 33.12099581116533 -42.93955709136697 -2.5
      vertex 32.32612294492524 -42.740451803363946 -2.5
    endloop
  endfacet
  facet normal 0.7409511253549614 0.6715589548470159 0
    outer loop
      vertex 28.295362714421145 -40.047183922766436 2.5
      vertex 28.845658377092327 -40.65434162290767 -2.5
      vertex 28.295362714421145 -40.047183922766436 -2.5
    endloop
  endfacet
  facet normal 0.6715589548470181 0.7409511253549595 0
    outer loop
      vertex 28.845658377092327 -40.65434162290767 2.5
      vertex 29.45281607723356 -41.204637285578855 -2.5
      vertex 28.845658377092327 -40.65434162290767 -2.5
    endloop
  endfacet
  facet normal 0.5956993044924327 0.8032075314806454 0
    outer loop
      vertex 29.45281607723356 -41.204637285578855 2.5
      vertex 30.110988554286322 -41.692771262726254 -2.5
      vertex 29.45281607723356 -41.204637285578855 -2.5
    endloop
  endfacet
  facet normal 0.14673047445536802 0.98917650996478 0
    outer loop
      vertex 33.12099581116533 -42.93955709136697 2.5
      vertex 33.931556878248166 -43.059792467712846 -2.5
      vertex 33.12099581116533 -42.93955709136697 -2.5
    endloop
  endfacet
  facet normal 0.04906767432741706 0.9987954562051725 0
    outer loop
      vertex 33.931556878248166 -43.059792467712846 2.5
      vertex 34.75 -43.1 -2.5
      vertex 33.931556878248166 -43.059792467712846 -2.5
    endloop
  endfacet
  facet normal -0.04906767432741706 0.9987954562051725 0
    outer loop
      vertex 34.75 -43.1 -2.5
      vertex 34.75 -43.1 2.5
      vertex 35.568443121751834 -43.059792467712846 -2.5
    endloop
  endfacet
  facet normal -0.14673047445536802 0.98917650996478 0
    outer loop
      vertex 35.568443121751834 -43.059792467712846 -2.5
      vertex 35.568443121751834 -43.059792467712846 2.5
      vertex 36.37900418883467 -42.93955709136697 -2.5
    endloop
  endfacet
  facet normal -0.24298017990325782 0.9700312531945453 0
    outer loop
      vertex 36.37900418883467 -42.93955709136697 -2.5
      vertex 36.37900418883467 -42.93955709136697 2.5
      vertex 37.17387705507476 -42.740451803363946 -2.5
    endloop
  endfacet
  facet normal -0.33688985339222477 0.941544065183019 0
    outer loop
      vertex 37.17387705507476 -42.740451803363946 -2.5
      vertex 37.17387705507476 -42.740451803363946 2.5
      vertex 37.9454066602485 -42.46439409646924 -2.5
    endloop
  endfacet
  facet normal 0.8032075314806454 -0.5956993044924327 0
    outer loop
      vertex 27.807228737273746 -30.110988554286322 -2.5
      vertex 28.295362714421145 -29.45281607723356 -2.5
      vertex 28.295362714421145 -29.45281607723356 2.5
    endloop
  endfacet
  facet normal 0.7409511253549595 -0.6715589548470181 0
    outer loop
      vertex 28.295362714421145 -29.45281607723356 -2.5
      vertex 28.845658377092327 -28.845658377092327 -2.5
      vertex 28.845658377092327 -28.845658377092327 2.5
    endloop
  endfacet
  facet normal 0.6715589548470181 -0.7409511253549595 0
    outer loop
      vertex 29.45281607723356 -28.295362714421145 -2.5
      vertex 29.45281607723356 -28.295362714421145 2.5
      vertex 28.845658377092327 -28.845658377092327 -2.5
    endloop
  endfacet
  facet normal 0.5956993044924327 -0.8032075314806454 0
    outer loop
      vertex 30.110988554286322 -27.807228737273746 -2.5
      vertex 30.110988554286322 -27.807228737273746 2.5
      vertex 29.45281607723356 -28.295362714421145 -2.5
    endloop
  endfacet
  facet normal 0.5141027441932204 -0.8577286100002729 0
    outer loop
      vertex 30.81383724750292 -27.385957442691236 -2.5
      vertex 30.81383724750292 -27.385957442691236 2.5
      vertex 30.110988554286322 -27.807228737273746 -2.5
    endloop
  endfacet
  facet normal 0.4275550934302815 -0.9039892931234437 0
    outer loop
      vertex 31.5545933397515 -27.035605903530758 -2.5
      vertex 31.5545933397515 -27.035605903530758 2.5
      vertex 30.81383724750292 -27.385957442691236 -2.5
    endloop
  endfacet
  facet normal 0.33688985339222094 -0.9415440651830204 0
    outer loop
      vertex 32.32612294492524 -26.759548196636057 -2.5
      vertex 32.32612294492524 -26.759548196636057 2.5
      vertex 31.5545933397515 -27.035605903530758 -2.5
    endloop
  endfacet
  facet normal 0.24298017990326193 -0.9700312531945445 0
    outer loop
      vertex 33.12099581116533 -26.56044290863303 -2.5
      vertex 33.12099581116533 -26.56044290863303 2.5
      vertex 32.32612294492524 -26.759548196636057 -2.5
    endloop
  endfacet
  facet normal 0.14673047445536802 -0.98917650996478 0
    outer loop
      vertex 33.931556878248166 -26.440207532287154 -2.5
      vertex 33.931556878248166 -26.440207532287154 2.5
      vertex 33.12099581116533 -26.56044290863303 -2.5
    endloop
  endfacet
  facet normal 0.04906767432741706 -0.9987954562051725 0
    outer loop
      vertex 34.75 -26.4 -2.5
      vertex 34.75 -26.4 2.5
      vertex 33.931556878248166 -26.440207532287154 -2.5
    endloop
  endfacet
  facet normal -0.04906767432741706 -0.9987954562051725 0
    outer loop
      vertex 35.568443121751834 -26.440207532287154 -2.5
      vertex 35.568443121751834 -26.440207532287154 2.5
      vertex 34.75 -26.4 -2.5
    endloop
  endfacet
  facet normal -0.14673047445536802 -0.98917650996478 0
    outer loop
      vertex 36.37900418883467 -26.56044290863303 -2.5
      vertex 36.37900418883467 -26.56044290863303 2.5
      vertex 35.568443121751834 -26.440207532287154 -2.5
    endloop
  endfacet
  facet normal -0.24298017990326193 -0.9700312531945445 0
    outer loop
      vertex 37.17387705507476 -26.759548196636057 -2.5
      vertex 37.17387705507476 -26.759548196636057 2.5
      vertex 36.37900418883467 -26.56044290863303 -2.5
    endloop
  endfacet
  facet normal -0.661311865323652 0.7501110696304594 0
    outer loop
      vertex 19.1227196924607 -23.115397283273673 -2.5
      vertex 19.1227196924607 -23.115397283273673 2.5
      vertex 20.536413177860656 -21.86905882264235 -2.5
    endloop
  endfacet
  facet normal -0.7071067811865476 0.7071067811865476 0
    outer loop
      vertex 20.536413177860656 -21.86905882264235 -2.5
      vertex 20.536413177860656 -21.86905882264235 2.5
      vertex 21.86905882264235 -20.536413177860656 -2.5
    endloop
  endfacet
  facet normal -0.7501110696304594 0.661311865323652 0
    outer loop
      vertex 23.115397283273673 -19.1227196924607 -2.5
      vertex 21.86905882264235 -20.536413177860656 -2.5
      vertex 21.86905882264235 -20.536413177860656 2.5
    endloop
  endfacet
  facet normal -0.7901550123756902 0.6129070536529768 0
    outer loop
      vertex 24.270509831248425 -17.633557568774194 -2.5
      vertex 23.115397283273673 -19.1227196924607 -2.5
      vertex 23.115397283273673 -19.1227196924607 2.5
    endloop
  endfacet
  facet normal -0.8270805742745626 0.5620833778521296 0
    outer loop
      vertex 25.32983776506046 -16.074803849369886 -2.5
      vertex 24.270509831248425 -17.633557568774194 -2.5
      vertex 24.270509831248425 -17.633557568774194 2.5
    endloop
  endfacet
  facet normal -0.8607420270039445 0.5090414157503698 0
    outer loop
      vertex 26.289200401315902 -14.452610223051462 -2.5
      vertex 25.32983776506046 -16.074803849369886 -2.5
      vertex 25.32983776506046 -16.074803849369886 2.5
    endloop
  endfacet
  facet normal -0.8910065241883678 0.4539904997395469 0
    outer loop
      vertex 27.144811573980586 -12.773378746952172 -2.5
      vertex 26.289200401315902 -14.452610223051462 -2.5
      vertex 26.289200401315902 -14.452610223051462 2.5
    endloop
  endfacet
  facet normal -0.9177546256839805 0.3971478906347822 0
    outer loop
      vertex 27.893294576647538 -11.043736580540351 -2.5
      vertex 27.144811573980586 -12.773378746952172 -2.5
      vertex 27.144811573980586 -12.773378746952172 2.5
    endloop
  endfacet
  facet normal -0.9408807689542258 0.33873792024529054 0
    outer loop
      vertex 28.531695488854606 -9.270509831248422 -2.5
      vertex 27.893294576647538 -11.043736580540351 -2.5
      vertex 27.893294576647538 -11.043736580540351 2.5
    endloop
  endfacet
  facet normal -0.960293685676943 0.2789911060392296 0
    outer loop
      vertex 29.057494833858936 -7.460696614945633 -2.5
      vertex 28.531695488854606 -9.270509831248422 -2.5
      vertex 28.531695488854606 -9.270509831248422 2.5
    endloop
  endfacet
  facet normal -0.9759167619387474 0.218143241396542 0
    outer loop
      vertex 29.468617521860658 -5.621439437571745 -2.5
      vertex 29.057494833858936 -7.460696614945633 -2.5
      vertex 29.057494833858936 -7.460696614945633 2.5
    endloop
  endfacet
  facet normal -0.9876883405951374 0.1564344650402323 0
    outer loop
      vertex 29.763441039434337 -3.759997006929122 -2.5
      vertex 29.468617521860658 -5.621439437571745 -2.5
      vertex 29.468617521860658 -5.621439437571745 2.5
    endloop
  endfacet
  facet normal -0.99556196460308 0.09410831331851381 0
    outer loop
      vertex 29.940801852848146 -1.8837155858794128 -2.5
      vertex 29.763441039434337 -3.759997006929122 -2.5
      vertex 29.763441039434337 -3.759997006929122 2.5
    endloop
  endfacet
  facet normal -0.9995065603657315 0.03141075907812839 0
    outer loop
      vertex 29.940801852848146 -1.8837155858794128 -2.5
      vertex 29.940801852848146 -1.8837155858794128 2.5
      vertex 30 0 -2.5
    endloop
  endfacet
  facet normal 0 0 -1
    outer loop
      vertex 75 -95 -2.5
      vertex 2.0191848328669275 -85.15112765217343 -2.5
      vertex 47.98081516713307 -85.15112765217343 -2.5
    endloop
  endfacet
  facet normal 0 0 -1
    outer loop
      vertex 43.43402950890627 -66.99934180769567 -2.5
      vertex 42.681444814719235 -67.68144481471923 -2.5
      vertex 34.75 -43.1 -2.5
    endloop
  endfacet
  facet normal 0 0 -1
    outer loop
      vertex 44.24984808824712 -66.39428951266865 -2.5
      vertex 43.43402950890627 -66.99934180769567 -2.5
      vertex 35.568443121751834 -43.059792467712846 -2.5
    endloop
  endfacet
  facet normal 0 0 -1
    outer loop
      vertex 45.12104377385093 -65.87211491399452 -2.5
      vertex 44.24984808824712 -66.39428951266865 -2.5
      vertex 37.17387705507476 -42.740451803363946 -2.5
    endloop
  endfacet
  facet normal 0 0 -1
    outer loop
      vertex 43.43402950890627 -66.99934180769567 -2.5
      vertex 34.75 -43.1 -2.5
      vertex 35.568443121751834 -43.059792467712846 -2.5
    endloop
  endfacet
  facet normal 0 0 -1
    outer loop
      vertex 44.24984808824712 -66.39428951266865 -2.5
      vertex 35.568443121751834 -43.059792467712846 -2.5
      vertex 36.37900418883467 -42.93955709136697 -2.5
    endloop
  endfacet
  facet normal 0 0 -1
    outer loop
      vertex 36.37900418883467 -42.93955709136697 -2.5
      vertex 37.17387705507476 -42.740451803363946 -2.5
      vertex 44.24984808824712 -66.39428951266865 -2.5
    endloop
  endfacet
  facet normal 0 0 -1
    outer loop
      vertex 37.17387705507476 -42.740451803363946 -2.5
      vertex 37.9454066602485 -42.46439409646924 -2.5
      vertex 46.03922647502132 -65.43784683850818 -2.5
    endloop
  endfacet
  facet normal 0 0 -1
    outer loop
      vertex 46.995553590416314 -65.09566752517163 -2.5
      vertex 37.9454066602485 -42.46439409646924 -2.5
      vertex 38.68616275249708 -42.114042557308764 -2.5
    endloop
  endfacet
  facet normal 0 0 -1
    outer loop
      vertex 47.98081516713307 -64.84887234782657 -2.5
      vertex 38.68616275249708 -42.114042557308764 -2.5
      vertex 39.38901144571368 -41.692771262726254 -2.5
    endloop
  endfacet
  facet normal 0 0 -1
    outer loop
      vertex 37.17387705507476 -42.740451803363946 -2.5
      vertex 46.03922647502132 -65.43784683850818 -2.5
      vertex 45.12104377385093 -65.87211491399452 -2.5
    endloop
  endfacet
  facet normal 0 0 -1
    outer loop
      vertex 46.995553590416314 -65.09566752517163 -2.5
      vertex 46.03922647502132 -65.43784683850818 -2.5
      vertex 37.9454066602485 -42.46439409646924 -2.5
    endloop
  endfacet
  facet normal 0 0 -1
    outer loop
      vertex 47.98081516713307 -64.84887234782657 -2.5
      vertex 46.995553590416314 -65.09566752517163 -2.5
      vertex 38.68616275249708 -42.114042557308764 -2.5
    endloop
  endfacet
  facet normal 0 0 -1
    outer loop
      vertex 48.985522597589046 -64.69983807894276 -2.5
      vertex 47.98081516713307 -64.84887234782657 -2.5
      vertex 39.38901144571368 -41.692771262726254 -2.5
    endloop
  endfacet
  facet normal 0 0 -1
    outer loop
      vertex 50 -64.65 -2.5
      vertex 48.985522597589046 -64.69983807894276 -2.5
      vertex 40.65434162290767 -40.65434162290767 -2.5
    endloop
  endfacet
  facet normal 0 0 -1
    outer loop
      vertex 48.985522597589046 -64.69983807894276 -2.5
      vertex 39.38901144571368 -41.692771262726254 -2.5
      vertex 40.047183922766436 -41.204637285578855 -2.5
    endloop
  endfacet
  facet normal 0 0 -1
    outer loop
      vertex 40.047183922766436 -41.204637285578855 -2.5
      vertex 40.65434162290767 -40.65434162290767 -2.5
      vertex 48.985522597589046 -64.69983807894276 -2.5
    endloop
  endfacet
  facet normal 0 0 -1
    outer loop
      vertex 40.65434162290767 -40.65434162290767 -2.5
      vertex 41.204637285578855 -40.047183922766436 -2.5
      vertex 50 -64.65 -2.5
    endloop
  endfacet
  facet normal 0 0 -1
    outer loop
      vertex 41.692771262726254 -39.38901144571368 -2.5
      vertex 51.014477402410954 -64.69983807894276 -2.5
      vertex 41.204637285578855 -40.047183922766436 -2.5
    endloop
  endfacet
  facet normal 0 0 -1
    outer loop
      vertex 42.114042557308764 -38.68616275249708 -2.5
      vertex 52.01918483286693 -64.84887234782657 -2.5
      vertex 41.692771262726254 -39.38901144571368 -2.5
    endloop
  endfacet
  facet normal 0 0 -1
    outer loop
      vertex 51.014477402410954 -64.69983807894276 -2.5
      vertex 50 -64.65 -2.5
      vertex 41.204637285578855 -40.047183922766436 -2.5
    endloop
  endfacet
  facet normal 0 0 -1
    outer loop
      vertex 52.01918483286693 -64.84887234782657 -2.5
      vertex 51.014477402410954 -64.69983807894276 -2.5
      vertex 41.692771262726254 -39.38901144571368 -2.5
    endloop
  endfacet
  facet normal 0 0 -1
    outer loop
      vertex 53.004446409583686 -65.09566752517163 -2.5
      vertex 52.01918483286693 -64.84887234782657 -2.5
      vertex 42.114042557308764 -38.68616275249708 -2.5
    endloop
  endfacet
  facet normal 0 0 -1
    outer loop
      vertex 53.96077352497868 -65.43784683850818 -2.5
      vertex 53.004446409583686 -65.09566752517163 -2.5
      vertex 42.46439409646924 -37.9454066602485 -2.5
    endloop
  endfacet
  facet normal 0 0 -1
    outer loop
      vertex 54.87895622614907 -65.87211491399452 -2.5
      vertex 53.96077352497868 -65.43784683850818 -2.5
      vertex 42.740451803363946 -37.17387705507476 -2.5
    endloop
  endfacet
  facet normal 0 0 -1
    outer loop
      vertex 55.75015191175288 -66.39428951266865 -2.5
      vertex 54.87895622614907 -65.87211491399452 -2.5
      vertex 42.93955709136697 -36.37900418883467 -2.5
    endloop
  endfacet
  facet normal 0 0 -1
    outer loop
      vertex 56.56597049109373 -66.99934180769567 -2.5
      vertex 43.1 -34.75 -2.5
      vertex 57.318555185280765 -67.68144481471923 -2.5
    endloop
  endfacet
  facet normal 0 0 -1
    outer loop
      vertex 57.318555185280765 -67.68144481471923 -2.5
      vertex 43.059792467712846 -33.931556878248166 -2.5
      vertex 58.00065819230433 -68.43402950890626 -2.5
    endloop
  endfacet
  facet normal 0 0 -1
    outer loop
      vertex 56.56597049109373 -66.99934180769567 -2.5
      vertex 55.75015191175288 -66.39428951266865 -2.5
      vertex 43.059792467712846 -35.568443121751834 -2.5
    endloop
  endfacet
  facet normal 0 0 -1
    outer loop
      vertex 75 -95 -2.5
      vertex 47.98081516713307 -85.15112765217343 -2.5
      vertex 48.985522597589046 -85.30016192105724 -2.5
    endloop
  endfacet
  facet normal 0 0 -1
    outer loop
      vertex 75 -95 -2.5
      vertex 48.985522597589046 -85.30016192105724 -2.5
      vertex 50 -85.35 -2.5
    endloop
  endfacet
  facet normal 0 0 -1
    outer loop
      vertex 75 -95 -2.5
      vertex 50 -85.35 -2.5
      vertex 51.014477402410954 -85.30016192105724 -2.5
    endloop
  endfacet
  facet normal 0 0 -1
    outer loop
      vertex 75 -95 -2.5
      vertex 51.014477402410954 -85.30016192105724 -2.5
      vertex 52.01918483286693 -85.15112765217343 -2.5
    endloop
  endfacet
  facet normal 0 0 -1
    outer loop
      vertex 75 -95 -2.5
      vertex 52.01918483286693 -85.15112765217343 -2.5
      vertex 53.004446409583686 -84.90433247482837 -2.5
    endloop
  endfacet
  facet normal 0 0 -1
    outer loop
      vertex 75 -95 -2.5
      vertex 53.004446409583686 -84.90433247482837 -2.5
      vertex 53.96077352497868 -84.56215316149182 -2.5
    endloop
  endfacet
  facet normal 0 0 -1
    outer loop
      vertex 75 -95 -2.5
      vertex 53.96077352497868 -84.56215316149182 -2.5
      vertex 54.87895622614907 -84.12788508600548 -2.5
    endloop
  endfacet
  facet normal 0 0 -1
    outer loop
      vertex 75 -95 -2.5
      vertex 54.87895622614907 -84.12788508600548 -2.5
      vertex 55.75015191175288 -83.60571048733135 -2.5
    endloop
  endfacet
  facet normal 0 0 -1
    outer loop
      vertex 75 -95 -2.5
      vertex 55.75015191175288 -83.60571048733135 -2.5
      vertex 56.56597049109373 -83.00065819230433 -2.5
    endloop
  endfacet
  facet normal 0 0 -1
    outer loop
      vertex 75 -95 -2.5
      vertex 56.56597049109373 -83.00065819230433 -2.5
      vertex 57.318555185280765 -82.31855518528077 -2.5
    endloop
  endfacet
  facet normal 0 0 -1
    outer loop
      vertex 75 -95 -2.5
      vertex 57.318555185280765 -82.31855518528077 -2.5
      vertex 58.00065819230433 -81.56597049109374 -2.5
    endloop
  endfacet
  facet normal 0 0 -1
    outer loop
      vertex 75 -95 -2.5
      vertex 58.00065819230433 -81.56597049109374 -2.5
      vertex 58.60571048733134 -80.75015191175288 -2.5
    endloop
  endfacet
  facet normal 0 0 -1
    outer loop
      vertex 75 -95 -2.5
      vertex 58.60571048733134 -80.75015191175288 -2.5
      vertex 59.12788508600548 -79.87895622614907 -2.5
    endloop
  endfacet
  facet normal 0 0 -1
    outer loop
      vertex 75 -95 -2.5
      vertex 59.12788508600548 -79.87895622614907 -2.5
      vertex 59.56215316149182 -78.96077352497868 -2.5
    endloop
  endfacet
  facet normal 0 0 -1
    outer loop
      vertex 75 -95 -2.5
      vertex 59.56215316149182 -78.96077352497868 -2.5
      vertex 59.904332474828365 -78.00444640958368 -2.5
    endloop
  endfacet
  facet normal 0 0 -1
    outer loop
      vertex 75 -95 -2.5
      vertex 59.904332474828365 -78.00444640958368 -2.5
      vertex 60.151127652173436 -77.01918483286693 -2.5
    endloop
  endfacet
  facet normal 0 0 -1
    outer loop
      vertex 75 -95 -2.5
      vertex 60.151127652173436 -77.01918483286693 -2.5
      vertex 60.30016192105724 -76.01447740241095 -2.5
    endloop
  endfacet
  facet normal 0 0 -1
    outer loop
      vertex 75 -95 -2.5
      vertex 60.30016192105724 -76.01447740241095 -2.5
      vertex 60.35 -75 -2.5
    endloop
  endfacet
  facet normal 0 0 -1
    outer loop
      vertex 75 -95 -2.5
      vertex 60.35 -75 -2.5
      vertex 60.30016192105724 -73.98552259758905 -2.5
    endloop
  endfacet
  facet normal 0 0 -1
    outer loop
      vertex 75 -95 -2.5
      vertex 60.30016192105724 -73.98552259758905 -2.5
      vertex 60.151127652173436 -72.98081516713307 -2.5
    endloop
  endfacet
  facet normal 0 0 -1
    outer loop
      vertex 75 -95 -2.5
      vertex 59.12788508600548 -70.12104377385093 -2.5
      vertex 58.60571048733134 -69.24984808824712 -2.5
    endloop
  endfacet
  facet normal 0 0 -1
    outer loop
      vertex 75 -95 -2.5
      vertex 60.151127652173436 -72.98081516713307 -2.5
      vertex 59.904332474828365 -71.99555359041632 -2.5
    endloop
  endfacet
  facet normal 0 0 -1
    outer loop
      vertex 75 -95 -2.5
      vertex 59.56215316149182 -71.03922647502132 -2.5
      vertex 59.12788508600548 -70.12104377385093 -2.5
    endloop
  endfacet
  facet normal 0 0 -1
    outer loop
      vertex 75 -95 -2.5
      vertex 59.904332474828365 -71.99555359041632 -2.5
      vertex 59.56215316149182 -71.03922647502132 -2.5
    endloop
  endfacet
  facet normal 0.5956993044924368 0.8032075314806425 0
    outer loop
      vertex 43.43402950890627 -83.00065819230433 2.5
      vertex 44.24984808824712 -83.60571048733135 -2.5
      vertex 43.43402950890627 -83.00065819230433 -2.5
    endloop
  endfacet
  facet normal 0.5141027441932179 0.8577286100002743 0
    outer loop
      vertex 44.24984808824712 -83.60571048733135 2.5
      vertex 45.12104377385093 -84.12788508600548 -2.5
      vertex 44.24984808824712 -83.60571048733135 -2.5
    endloop
  endfacet
  facet normal 0.4275550934302832 0.9039892931234429 0
    outer loop
      vertex 45.12104377385093 -84.12788508600548 2.5
      vertex 46.03922647502132 -84.56215316149182 -2.5
      vertex 45.12104377385093 -84.12788508600548 -2.5
    endloop
  endfacet
  facet normal 0.336889853392221 0.9415440651830205 0
    outer loop
      vertex 46.03922647502132 -84.56215316149182 2.5
      vertex 46.995553590416314 -84.90433247482837 -2.5
      vertex 46.03922647502132 -84.56215316149182 -2.5
    endloop
  endfacet
  facet normal 0.8032075314806482 0.5956993044924289 0
    outer loop
      vertex 41.39428951266866 -80.75015191175288 2.5
      vertex 41.99934180769567 -81.56597049109374 -2.5
      vertex 41.39428951266866 -80.75015191175288 -2.5
    endloop
  endfacet
  facet normal 0.8577286100002713 0.5141027441932231 0
    outer loop
      vertex 40.87211491399452 -79.87895622614907 2.5
      vertex 41.39428951266866 -80.75015191175288 -2.5
      vertex 40.87211491399452 -79.87895622614907 -2.5
    endloop
  endfacet
  facet normal 0.9039892931234429 0.4275550934302832 0
    outer loop
      vertex 40.43784683850818 -78.96077352497868 2.5
      vertex 40.87211491399452 -79.87895622614907 -2.5
      vertex 40.43784683850818 -78.96077352497868 -2.5
    endloop
  endfacet
  facet normal 0.9415440651830211 0.3368898533922188 0
    outer loop
      vertex 40.095667525171635 -78.00444640958368 2.5
      vertex 40.43784683850818 -78.96077352497868 -2.5
      vertex 40.095667525171635 -78.00444640958368 -2.5
    endloop
  endfacet
  facet normal 0.9700312531945443 0.2429801799032628 0
    outer loop
      vertex 39.848872347826564 -77.01918483286693 2.5
      vertex 40.095667525171635 -78.00444640958368 -2.5
      vertex 39.848872347826564 -77.01918483286693 -2.5
    endloop
  endfacet
  facet normal 0.989176509964781 0.14673047445536114 0
    outer loop
      vertex 39.69983807894276 -76.01447740241095 2.5
      vertex 39.848872347826564 -77.01918483286693 -2.5
      vertex 39.69983807894276 -76.01447740241095 -2.5
    endloop
  endfacet
  facet normal 0.9987954562051723 0.04906767432741886 0
    outer loop
      vertex 39.65 -75 2.5
      vertex 39.69983807894276 -76.01447740241095 -2.5
      vertex 39.65 -75 -2.5
    endloop
  endfacet
  facet normal 0.9987954562051723 -0.04906767432741886 0
    outer loop
      vertex 39.69983807894276 -73.98552259758905 2.5
      vertex 39.65 -75 -2.5
      vertex 39.69983807894276 -73.98552259758905 -2.5
    endloop
  endfacet
  facet normal 0.989176509964781 -0.14673047445536114 0
    outer loop
      vertex 39.848872347826564 -72.98081516713307 2.5
      vertex 39.69983807894276 -73.98552259758905 -2.5
      vertex 39.848872347826564 -72.98081516713307 -2.5
    endloop
  endfacet
  facet normal 0.9700312531945443 -0.2429801799032628 0
    outer loop
      vertex 40.095667525171635 -71.99555359041632 2.5
      vertex 39.848872347826564 -72.98081516713307 -2.5
      vertex 40.095667525171635 -71.99555359041632 -2.5
    endloop
  endfacet
  facet normal 0.9415440651830211 -0.3368898533922188 0
    outer loop
      vertex 40.43784683850818 -71.03922647502132 2.5
      vertex 40.095667525171635 -71.99555359041632 -2.5
      vertex 40.43784683850818 -71.03922647502132 -2.5
    endloop
  endfacet
  facet normal 0.7409511253549574 0.6715589548470201 0
    outer loop
      vertex 41.99934180769567 -81.56597049109374 2.5
      vertex 42.681444814719235 -82.31855518528077 -2.5
      vertex 41.99934180769567 -81.56597049109374 -2.5
    endloop
  endfacet
  facet normal 0.6715589548470163 0.7409511253549609 0
    outer loop
      vertex 42.681444814719235 -82.31855518528077 2.5
      vertex 43.43402950890627 -83.00065819230433 -2.5
      vertex 42.681444814719235 -82.31855518528077 -2.5
    endloop
  endfacet
  facet normal 0.24298017990325452 0.9700312531945463 0
    outer loop
      vertex 46.995553590416314 -84.90433247482837 2.5
      vertex 47.98081516713307 -85.15112765217343 -2.5
      vertex 46.995553590416314 -84.90433247482837 -2.5
    endloop
  endfacet
  facet normal 0.146730474455369 0.9891765099647799 0
    outer loop
      vertex 47.98081516713307 -85.15112765217343 2.5
      vertex 48.985522597589046 -85.30016192105724 -2.5
      vertex 47.98081516713307 -85.15112765217343 -2.5
    endloop
  endfacet
  facet normal 0.04906767432741154 0.9987954562051726 0
    outer loop
      vertex 48.985522597589046 -85.30016192105724 2.5
      vertex 50 -85.35 -2.5
      vertex 48.985522597589046 -85.30016192105724 -2.5
    endloop
  endfacet
  facet normal -0.04906767432741154 0.9987954562051726 0
    outer loop
      vertex 50 -85.35 2.5
      vertex 51.014477402410954 -85.30016192105724 -2.5
      vertex 50 -85.35 -2.5
    endloop
  endfacet
  facet normal -0.146730474455369 0.9891765099647799 0
    outer loop
      vertex 51.014477402410954 -85.30016192105724 2.5
      vertex 52.01918483286693 -85.15112765217343 -2.5
      vertex 51.014477402410954 -85.30016192105724 -2.5
    endloop
  endfacet
  facet normal -0.24298017990325452 0.9700312531945463 0
    outer loop
      vertex 52.01918483286693 -85.15112765217343 2.5
      vertex 53.004446409583686 -84.90433247482837 -2.5
      vertex 52.01918483286693 -85.15112765217343 -2.5
    endloop
  endfacet
  facet normal -0.336889853392221 0.9415440651830205 0
    outer loop
      vertex 53.004446409583686 -84.90433247482837 2.5
      vertex 53.96077352497868 -84.56215316149182 -2.5
      vertex 53.004446409583686 -84.90433247482837 -2.5
    endloop
  endfacet
  facet normal -0.4275550934302832 0.9039892931234429 0
    outer loop
      vertex 53.96077352497868 -84.56215316149182 2.5
      vertex 54.87895622614907 -84.12788508600548 -2.5
      vertex 53.96077352497868 -84.56215316149182 -2.5
    endloop
  endfacet
  facet normal -0.5141027441932179 0.8577286100002743 0
    outer loop
      vertex 54.87895622614907 -84.12788508600548 2.5
      vertex 55.75015191175288 -83.60571048733135 -2.5
      vertex 54.87895622614907 -84.12788508600548 -2.5
    endloop
  endfacet
  facet normal -0.5956993044924368 0.8032075314806425 0
    outer loop
      vertex 55.75015191175288 -83.60571048733135 2.5
      vertex 56.56597049109373 -83.00065819230433 -2.5
      vertex 55.75015191175288 -83.60571048733135 -2.5
    endloop
  endfacet
  facet normal 0.9039892931234429 -0.4275550934302832 0
    outer loop
      vertex 40.87211491399452 -70.12104377385093 2.5
      vertex 40.43784683850818 -71.03922647502132 -2.5
      vertex 40.87211491399452 -70.12104377385093 -2.5
    endloop
  endfacet
  facet normal 0.8577286100002713 -0.5141027441932231 0
    outer loop
      vertex 41.39428951266866 -69.24984808824712 2.5
      vertex 40.87211491399452 -70.12104377385093 -2.5
      vertex 41.39428951266866 -69.24984808824712 -2.5
    endloop
  endfacet
  facet normal 0.8032075314806482 -0.5956993044924289 0
    outer loop
      vertex 41.99934180769567 -68.43402950890626 2.5
      vertex 41.39428951266866 -69.24984808824712 -2.5
      vertex 41.99934180769567 -68.43402950890626 -2.5
    endloop
  endfacet
  facet normal 0.7409511253549574 -0.6715589548470201 0
    outer loop
      vertex 42.681444814719235 -67.68144481471923 2.5
      vertex 41.99934180769567 -68.43402950890626 -2.5
      vertex 42.681444814719235 -67.68144481471923 -2.5
    endloop
  endfacet
  facet normal 0.6715589548470163 -0.7409511253549609 0
    outer loop
      vertex 43.43402950890627 -66.99934180769567 2.5
      vertex 42.681444814719235 -67.68144481471923 -2.5
      vertex 43.43402950890627 -66.99934180769567 -2.5
    endloop
  endfacet
  facet normal 0.5956993044924368 -0.8032075314806425 0
    outer loop
      vertex 44.24984808824712 -66.39428951266865 2.5
      vertex 43.43402950890627 -66.99934180769567 -2.5
      vertex 44.24984808824712 -66.39428951266865 -2.5
    endloop
  endfacet
  facet normal 0.5141027441932179 -0.8577286100002743 0
    outer loop
      vertex 45.12104377385093 -65.87211491399452 2.5
      vertex 44.24984808824712 -66.39428951266865 -2.5
      vertex 45.12104377385093 -65.87211491399452 -2.5
    endloop
  endfacet
  facet normal 0.4275550934302832 -0.9039892931234429 0
    outer loop
      vertex 46.03922647502132 -65.43784683850818 2.5
      vertex 45.12104377385093 -65.87211491399452 -2.5
      vertex 46.03922647502132 -65.43784683850818 -2.5
    endloop
  endfacet
  facet normal 0.336889853392221 -0.9415440651830205 0
    outer loop
      vertex 46.995553590416314 -65.09566752517163 2.5
      vertex 46.03922647502132 -65.43784683850818 -2.5
      vertex 46.995553590416314 -65.09566752517163 -2.5
    endloop
  endfacet
  facet normal 0.24298017990325452 -0.9700312531945463 0
    outer loop
      vertex 47.98081516713307 -64.84887234782657 2.5
      vertex 46.995553590416314 -65.09566752517163 -2.5
      vertex 47.98081516713307 -64.84887234782657 -2.5
    endloop
  endfacet
  facet normal 0.146730474455369 -0.9891765099647799 0
    outer loop
      vertex 48.985522597589046 -64.69983807894276 2.5
      vertex 47.98081516713307 -64.84887234782657 -2.5
      vertex 48.985522597589046 -64.69983807894276 -2.5
    endloop
  endfacet
  facet normal 0.04906767432741154 -0.9987954562051726 0
    outer loop
      vertex 50 -64.65 2.5
      vertex 48.985522597589046 -64.69983807894276 -2.5
      vertex 50 -64.65 -2.5
    endloop
  endfacet
  facet normal -0.04906767432741154 -0.9987954562051726 0
    outer loop
      vertex 51.014477402410954 -64.69983807894276 2.5
      vertex 50 -64.65 -2.5
      vertex 51.014477402410954 -64.69983807894276 -2.5
    endloop
  endfacet
  facet normal -0.336889853392221 -0.9415440651830205 0
    outer loop
      vertex 53.96077352497868 -65.43784683850818 -2.5
      vertex 53.96077352497868 -65.43784683850818 2.5
      vertex 53.004446409583686 -65.09566752517163 -2.5
    endloop
  endfacet
  facet normal -0.4275550934302832 -0.9039892931234429 0
    outer loop
      vertex 54.87895622614907 -65.87211491399452 -2.5
      vertex 54.87895622614907 -65.87211491399452 2.5
      vertex 53.96077352497868 -65.43784683850818 -2.5
    endloop
  endfacet
  facet normal -0.5141027441932179 -0.8577286100002743 0
    outer loop
      vertex 55.75015191175288 -66.39428951266865 -2.5
      vertex 55.75015191175288 -66.39428951266865 2.5
      vertex 54.87895622614907 -65.87211491399452 -2.5
    endloop
  endfacet
  facet normal -0.146730474455369 -0.9891765099647799 0
    outer loop
      vertex 52.01918483286693 -64.84887234782657 -2.5
      vertex 52.01918483286693 -64.84887234782657 2.5
      vertex 51.014477402410954 -64.69983807894276 -2.5
    endloop
  endfacet
  facet normal -0.24298017990325452 -0.9700312531945463 0
    outer loop
      vertex 53.004446409583686 -65.09566752517163 -2.5
      vertex 53.004446409583686 -65.09566752517163 2.5
      vertex 52.01918483286693 -64.84887234782657 -2.5
    endloop
  endfacet
  facet normal -0.6715589548470163 0.7409511253549609 0
    outer loop
      vertex 56.56597049109373 -83.00065819230433 2.5
      vertex 57.318555185280765 -82.31855518528077 -2.5
      vertex 56.56597049109373 -83.00065819230433 -2.5
    endloop
  endfacet
  facet normal -0.7409511253549574 0.6715589548470201 0
    outer loop
      vertex 57.318555185280765 -82.31855518528077 -2.5
      vertex 57.318555185280765 -82.31855518528077 2.5
      vertex 58.00065819230433 -81.56597049109374 -2.5
    endloop
  endfacet
  facet normal -0.8032075314806482 0.5956993044924289 0
    outer loop
      vertex 58.00065819230433 -81.56597049109374 2.5
      vertex 58.60571048733134 -80.75015191175288 -2.5
      vertex 58.00065819230433 -81.56597049109374 -2.5
    endloop
  endfacet
  facet normal -0.8577286100002713 0.5141027441932231 0
    outer loop
      vertex 58.60571048733134 -80.75015191175288 2.5
      vertex 59.12788508600548 -79.87895622614907 -2.5
      vertex 58.60571048733134 -80.75015191175288 -2.5
    endloop
  endfacet
  facet normal -0.9039892931234429 0.4275550934302832 0
    outer loop
      vertex 59.12788508600548 -79.87895622614907 2.5
      vertex 59.56215316149182 -78.96077352497868 -2.5
      vertex 59.12788508600548 -79.87895622614907 -2.5
    endloop
  endfacet
  facet normal -0.9415440651830211 0.3368898533922188 0
    outer loop
      vertex 59.56215316149182 -78.96077352497868 2.5
      vertex 59.904332474828365 -78.00444640958368 -2.5
      vertex 59.56215316149182 -78.96077352497868 -2.5
    endloop
  endfacet
  facet normal -0.9700312531945443 0.2429801799032628 0
    outer loop
      vertex 59.904332474828365 -78.00444640958368 2.5
      vertex 60.151127652173436 -77.01918483286693 -2.5
      vertex 59.904332474828365 -78.00444640958368 -2.5
    endloop
  endfacet
  facet normal -0.989176509964781 0.14673047445536114 0
    outer loop
      vertex 60.151127652173436 -77.01918483286693 2.5
      vertex 60.30016192105724 -76.01447740241095 -2.5
      vertex 60.151127652173436 -77.01918483286693 -2.5
    endloop
  endfacet
  facet normal -0.9987954562051723 0.04906767432741886 0
    outer loop
      vertex 60.35 -75 -2.5
      vertex 60.30016192105724 -76.01447740241095 -2.5
      vertex 60.30016192105724 -76.01447740241095 2.5
    endloop
  endfacet
  facet normal -0.9987954562051723 -0.04906767432741886 0
    outer loop
      vertex 60.30016192105724 -73.98552259758905 -2.5
      vertex 60.35 -75 -2.5
      vertex 60.35 -75 2.5
    endloop
  endfacet
  facet normal -0.989176509964781 -0.14673047445536114 0
    outer loop
      vertex 60.151127652173436 -72.98081516713307 -2.5
      vertex 60.30016192105724 -73.98552259758905 -2.5
      vertex 60.30016192105724 -73.98552259758905 2.5
    endloop
  endfacet
  facet normal -0.9700312531945443 -0.2429801799032628 0
    outer loop
      vertex 59.904332474828365 -71.99555359041632 -2.5
      vertex 60.151127652173436 -72.98081516713307 -2.5
      vertex 60.151127652173436 -72.98081516713307 2.5
    endloop
  endfacet
  facet normal -0.9415440651830211 -0.3368898533922188 0
    outer loop
      vertex 59.56215316149182 -71.03922647502132 -2.5
      vertex 59.904332474828365 -71.99555359041632 -2.5
      vertex 59.904332474828365 -71.99555359041632 2.5
    endloop
  endfacet
  facet normal -0.8032075314806482 -0.5956993044924289 0
    outer loop
      vertex 58.00065819230433 -68.43402950890626 -2.5
      vertex 58.60571048733134 -69.24984808824712 -2.5
      vertex 58.60571048733134 -69.24984808824712 2.5
    endloop
  endfacet
  facet normal -0.5956993044924368 -0.8032075314806425 0
    outer loop
      vertex 56.56597049109373 -66.99934180769567 -2.5
      vertex 56.56597049109373 -66.99934180769567 2.5
      vertex 55.75015191175288 -66.39428951266865 -2.5
    endloop
  endfacet
  facet normal -0.6715589548470163 -0.7409511253549609 0
    outer loop
      vertex 56.56597049109373 -66.99934180769567 -2.5
      vertex 57.318555185280765 -67.68144481471923 -2.5
      vertex 57.318555185280765 -67.68144481471923 2.5
    endloop
  endfacet
  facet normal -0.7409511253549574 -0.6715589548470201 0
    outer loop
      vertex 57.318555185280765 -67.68144481471923 -2.5
      vertex 58.00065819230433 -68.43402950890626 -2.5
      vertex 58.00065819230433 -68.43402950890626 2.5
    endloop
  endfacet
  facet normal -0.8577286100002713 -0.5141027441932231 0
    outer loop
      vertex 58.60571048733134 -69.24984808824712 -2.5
      vertex 59.12788508600548 -70.12104377385093 -2.5
      vertex 59.12788508600548 -70.12104377385093 2.5
    endloop
  endfacet
  facet normal -0.9039892931234429 -0.4275550934302832 0
    outer loop
      vertex 59.12788508600548 -70.12104377385093 -2.5
      vertex 59.56215316149182 -71.03922647502132 -2.5
      vertex 59.56215316149182 -71.03922647502132 2.5
    endloop
  endfacet
  facet normal 0 0 -1
    outer loop
      vertex 42.46439409646924 -37.9454066602485 -2.5
      vertex 53.004446409583686 -65.09566752517163 -2.5
      vertex 42.114042557308764 -38.68616275249708 -2.5
    endloop
  endfacet
  facet normal 0 0 -1
    outer loop
      vertex 53.96077352497868 -65.43784683850818 -2.5
      vertex 42.46439409646924 -37.9454066602485 -2.5
      vertex 42.740451803363946 -37.17387705507476 -2.5
    endloop
  endfacet
  facet normal 0 0 -1
    outer loop
      vertex 54.87895622614907 -65.87211491399452 -2.5
      vertex 42.740451803363946 -37.17387705507476 -2.5
      vertex 42.93955709136697 -36.37900418883467 -2.5
    endloop
  endfacet
  facet normal 0 0 -1
    outer loop
      vertex 55.75015191175288 -66.39428951266865 -2.5
      vertex 42.93955709136697 -36.37900418883467 -2.5
      vertex 43.059792467712846 -35.568443121751834 -2.5
    endloop
  endfacet
  facet normal 0 0 -1
    outer loop
      vertex 56.56597049109373 -66.99934180769567 -2.5
      vertex 43.059792467712846 -35.568443121751834 -2.5
      vertex 43.1 -34.75 -2.5
    endloop
  endfacet
  facet normal 0 0 -1
    outer loop
      vertex 43.059792467712846 -33.931556878248166 -2.5
      vertex 57.318555185280765 -67.68144481471923 -2.5
      vertex 43.1 -34.75 -2.5
    endloop
  endfacet
  facet normal 0 0 -1
    outer loop
      vertex 42.93955709136697 -33.12099581116533 -2.5
      vertex 58.00065819230433 -68.43402950890626 -2.5
      vertex 43.059792467712846 -33.931556878248166 -2.5
    endloop
  endfacet
  facet normal 0 0 -1
    outer loop
      vertex 58.00065819230433 -68.43402950890626 -2.5
      vertex 42.46439409646924 31.5545933397515 -2.5
      vertex 58.60571048733134 -69.24984808824712 -2.5
    endloop
  endfacet
  facet normal 0 0 -1
    outer loop
      vertex 41.204637285578855 -29.45281607723356 -2.5
      vertex 41.692771262726254 30.110988554286322 -2.5
      vertex 41.692771262726254 -30.110988554286322 -2.5
    endloop
  endfacet
  facet normal 0 0 -1
    outer loop
      vertex 40.65434162290767 -28.845658377092327 -2.5
      vertex 41.204637285578855 29.45281607723356 -2.5
      vertex 41.204637285578855 -29.45281607723356 -2.5
    endloop
  endfacet
  facet normal 0 0 -1
    outer loop
      vertex 41.692771262726254 -30.110988554286322 -2.5
      vertex 42.114042557308764 30.81383724750292 -2.5
      vertex 42.114042557308764 -30.81383724750292 -2.5
    endloop
  endfacet
  facet normal 0 0 -1
    outer loop
      vertex 42.740451803363946 -32.32612294492524 -2.5
      vertex 42.46439409646924 31.5545933397515 -2.5
      vertex 42.93955709136697 -33.12099581116533 -2.5
    endloop
  endfacet
  facet normal 0 0 -1
    outer loop
      vertex 42.46439409646924 -31.5545933397515 -2.5
      vertex 42.46439409646924 31.5545933397515 -2.5
      vertex 42.740451803363946 -32.32612294492524 -2.5
    endloop
  endfacet
  facet normal 0 0 -1
    outer loop
      vertex 42.114042557308764 -30.81383724750292 -2.5
      vertex 42.46439409646924 31.5545933397515 -2.5
      vertex 42.46439409646924 -31.5545933397515 -2.5
    endloop
  endfacet
  facet normal 0 0 -1
    outer loop
      vertex 58.00065819230433 -68.43402950890626 -2.5
      vertex 42.93955709136697 -33.12099581116533 -2.5
      vertex 42.46439409646924 31.5545933397515 -2.5
    endloop
  endfacet
  facet normal 0 0 -1
    outer loop
      vertex 75 -95 -2.5
      vertex 42.46439409646924 31.5545933397515 -2.5
      vertex 42.740451803363946 32.32612294492524 -2.5
    endloop
  endfacet
  facet normal 0 0 -1
    outer loop
      vertex 75 -95 -2.5
      vertex 42.740451803363946 32.32612294492524 -2.5
      vertex 42.93955709136697 33.12099581116533 -2.5
    endloop
  endfacet
  facet normal 0 0 -1
    outer loop
      vertex 75 -95 -2.5
      vertex 42.93955709136697 33.12099581116533 -2.5
      vertex 43.059792467712846 33.931556878248166 -2.5
    endloop
  endfacet
  facet normal 0 0 -1
    outer loop
      vertex 75 -95 -2.5
      vertex 43.059792467712846 33.931556878248166 -2.5
      vertex 43.1 34.75 -2.5
    endloop
  endfacet
  facet normal 0 0 -1
    outer loop
      vertex 75 -95 -2.5
      vertex 58.60571048733134 -69.24984808824712 -2.5
      vertex 42.46439409646924 31.5545933397515 -2.5
    endloop
  endfacet
  facet normal -0.4275550934302798 0.9039892931234444 0
    outer loop
      vertex 37.9454066602485 -42.46439409646924 -2.5
      vertex 37.9454066602485 -42.46439409646924 2.5
      vertex 38.68616275249708 -42.114042557308764 -2.5
    endloop
  endfacet
  facet normal -0.5141027441932223 0.8577286100002717 0
    outer loop
      vertex 38.68616275249708 -42.114042557308764 -2.5
      vertex 38.68616275249708 -42.114042557308764 2.5
      vertex 39.38901144571368 -41.692771262726254 -2.5
    endloop
  endfacet
  facet normal -0.5956993044924348 0.8032075314806438 0
    outer loop
      vertex 39.38901144571368 -41.692771262726254 -2.5
      vertex 39.38901144571368 -41.692771262726254 2.5
      vertex 40.047183922766436 -41.204637285578855 -2.5
    endloop
  endfacet
  facet normal -0.6715589548470159 0.7409511253549614 0
    outer loop
      vertex 40.047183922766436 -41.204637285578855 -2.5
      vertex 40.047183922766436 -41.204637285578855 2.5
      vertex 40.65434162290767 -40.65434162290767 -2.5
    endloop
  endfacet
  facet normal -0.7409511253549614 0.6715589548470159 0
    outer loop
      vertex 40.65434162290767 -40.65434162290767 -2.5
      vertex 40.65434162290767 -40.65434162290767 2.5
      vertex 41.204637285578855 -40.047183922766436 -2.5
    endloop
  endfacet
  facet normal -0.8032075314806438 0.5956993044924348 0
    outer loop
      vertex 41.692771262726254 -39.38901144571368 -2.5
      vertex 41.204637285578855 -40.047183922766436 -2.5
      vertex 41.204637285578855 -40.047183922766436 2.5
    endloop
  endfacet
  facet normal -0.8577286100002717 0.5141027441932223 0
    outer loop
      vertex 42.114042557308764 -38.68616275249708 -2.5
      vertex 41.692771262726254 -39.38901144571368 -2.5
      vertex 41.692771262726254 -39.38901144571368 2.5
    endloop
  endfacet
  facet normal -0.9039892931234444 0.4275550934302798 0
    outer loop
      vertex 42.46439409646924 -37.9454066602485 -2.5
      vertex 42.114042557308764 -38.68616275249708 -2.5
      vertex 42.114042557308764 -38.68616275249708 2.5
    endloop
  endfacet
  facet normal -0.941544065183019 0.33688985339222477 0
    outer loop
      vertex 42.740451803363946 -37.17387705507476 -2.5
      vertex 42.46439409646924 -37.9454066602485 -2.5
      vertex 42.46439409646924 -37.9454066602485 2.5
    endloop
  endfacet
  facet normal -0.9700312531945453 0.24298017990325782 0
    outer loop
      vertex 42.93955709136697 -36.37900418883467 -2.5
      vertex 42.740451803363946 -37.17387705507476 -2.5
      vertex 42.740451803363946 -37.17387705507476 2.5
    endloop
  endfacet
  facet normal -0.98917650996478 0.14673047445536802 0
    outer loop
      vertex 43.059792467712846 -35.568443121751834 -2.5
      vertex 42.93955709136697 -36.37900418883467 -2.5
      vertex 42.93955709136697 -36.37900418883467 2.5
    endloop
  endfacet
  facet normal -0.8032075314806454 -0.5956993044924327 0
    outer loop
      vertex 41.204637285578855 -29.45281607723356 -2.5
      vertex 41.692771262726254 -30.110988554286322 -2.5
      vertex 41.692771262726254 -30.110988554286322 2.5
    endloop
  endfacet
  facet normal -0.8577286100002729 -0.5141027441932204 0
    outer loop
      vertex 41.692771262726254 -30.110988554286322 -2.5
      vertex 42.114042557308764 -30.81383724750292 -2.5
      vertex 42.114042557308764 -30.81383724750292 2.5
    endloop
  endfacet
  facet normal -0.33688985339222094 -0.9415440651830204 0
    outer loop
      vertex 37.9454066602485 -27.035605903530758 -2.5
      vertex 37.9454066602485 -27.035605903530758 2.5
      vertex 37.17387705507476 -26.759548196636057 -2.5
    endloop
  endfacet
  facet normal -0.4275550934302798 -0.9039892931234444 0
    outer loop
      vertex 38.68616275249708 -27.385957442691236 -2.5
      vertex 38.68616275249708 -27.385957442691236 2.5
      vertex 37.9454066602485 -27.035605903530758 -2.5
    endloop
  endfacet
  facet normal -0.5141027441932223 -0.8577286100002717 0
    outer loop
      vertex 39.38901144571368 -27.807228737273746 -2.5
      vertex 39.38901144571368 -27.807228737273746 2.5
      vertex 38.68616275249708 -27.385957442691236 -2.5
    endloop
  endfacet
  facet normal -0.5956993044924348 -0.8032075314806438 0
    outer loop
      vertex 40.047183922766436 -28.295362714421145 -2.5
      vertex 40.047183922766436 -28.295362714421145 2.5
      vertex 39.38901144571368 -27.807228737273746 -2.5
    endloop
  endfacet
  facet normal -0.6715589548470159 -0.7409511253549614 0
    outer loop
      vertex 40.047183922766436 -28.295362714421145 -2.5
      vertex 40.65434162290767 -28.845658377092327 -2.5
      vertex 40.65434162290767 -28.845658377092327 2.5
    endloop
  endfacet
  facet normal -0.7409511253549595 -0.6715589548470181 0
    outer loop
      vertex 40.65434162290767 -28.845658377092327 -2.5
      vertex 41.204637285578855 -29.45281607723356 -2.5
      vertex 41.204637285578855 -29.45281607723356 2.5
    endloop
  endfacet
  facet normal -0.9987954562051725 0.04906767432741706 0
    outer loop
      vertex 43.1 -34.75 -2.5
      vertex 43.059792467712846 -35.568443121751834 -2.5
      vertex 43.059792467712846 -35.568443121751834 2.5
    endloop
  endfacet
  facet normal -0.9987954562051725 -0.04906767432741706 0
    outer loop
      vertex 43.059792467712846 -33.931556878248166 -2.5
      vertex 43.1 -34.75 -2.5
      vertex 43.1 -34.75 2.5
    endloop
  endfacet
  facet normal -0.98917650996478 -0.14673047445536802 0
    outer loop
      vertex 42.93955709136697 -33.12099581116533 -2.5
      vertex 43.059792467712846 -33.931556878248166 -2.5
      vertex 43.059792467712846 -33.931556878248166 2.5
    endloop
  endfacet
  facet normal -0.9700312531945453 -0.24298017990325782 0
    outer loop
      vertex 42.740451803363946 -32.32612294492524 -2.5
      vertex 42.93955709136697 -33.12099581116533 -2.5
      vertex 42.93955709136697 -33.12099581116533 2.5
    endloop
  endfacet
  facet normal -0.941544065183019 -0.33688985339222477 0
    outer loop
      vertex 42.46439409646924 -31.5545933397515 -2.5
      vertex 42.740451803363946 -32.32612294492524 -2.5
      vertex 42.740451803363946 -32.32612294492524 2.5
    endloop
  endfacet
  facet normal -0.9039892931234437 -0.4275550934302815 0
    outer loop
      vertex 42.114042557308764 -30.81383724750292 -2.5
      vertex 42.46439409646924 -31.5545933397515 -2.5
      vertex 42.46439409646924 -31.5545933397515 2.5
    endloop
  endfacet
  facet normal 1 0 0
    outer loop
      vertex 75 -95 -2.5
      vertex 75 95 -2.5
      vertex 75 -95 2.5
    endloop
  endfacet
  facet normal -0.04906767432741162 0.9987954562051726 0
    outer loop
      vertex 1.0144774024109522 -85.30016192105724 2.5
      vertex 1.0144774024109522 -85.30016192105724 -2.5
      vertex 0 -85.35 2.5
    endloop
  endfacet
  facet normal -0.14673047445536863 0.98917650996478 0
    outer loop
      vertex 2.0191848328669275 -85.15112765217343 2.5
      vertex 2.0191848328669275 -85.15112765217343 -2.5
      vertex 1.0144774024109522 -85.30016192105724 2.5
    endloop
  endfacet
  facet normal -0.24298017990325496 0.9700312531945462 0
    outer loop
      vertex 3.004446409583685 -84.90433247482837 2.5
      vertex 3.004446409583685 -84.90433247482837 -2.5
      vertex 2.0191848328669275 -85.15112765217343 2.5
    endloop
  endfacet
  facet normal -0.33688985339222 0.9415440651830208 0
    outer loop
      vertex 3.9607735249786793 -84.56215316149182 2.5
      vertex 3.9607735249786793 -84.56215316149182 -2.5
      vertex 3.004446409583685 -84.90433247482837 2.5
    endloop
  endfacet
  facet normal -0.4275550934302826 0.903989293123443 0
    outer loop
      vertex 4.878956226149075 -84.12788508600548 2.5
      vertex 4.878956226149075 -84.12788508600548 -2.5
      vertex 3.9607735249786793 -84.56215316149182 2.5
    endloop
  endfacet
  facet normal -0.5141027441932183 0.8577286100002742 0
    outer loop
      vertex 5.750151911752883 -83.60571048733135 2.5
      vertex 5.750151911752883 -83.60571048733135 -2.5
      vertex 4.878956226149075 -84.12788508600548 2.5
    endloop
  endfacet
  facet normal -0.5956993044924376 0.8032075314806417 0
    outer loop
      vertex 6.56597049109373 -83.00065819230433 2.5
      vertex 6.56597049109373 -83.00065819230433 -2.5
      vertex 5.750151911752883 -83.60571048733135 2.5
    endloop
  endfacet
  facet normal -0.6715589548470156 0.7409511253549618 0
    outer loop
      vertex 7.3185551852807675 -82.31855518528077 2.5
      vertex 7.3185551852807675 -82.31855518528077 -2.5
      vertex 6.56597049109373 -83.00065819230433 2.5
    endloop
  endfacet
  facet normal -0.7409511253549595 0.6715589548470178 0
    outer loop
      vertex 7.3185551852807675 -82.31855518528077 2.5
      vertex 8.000658192304327 -81.56597049109374 2.5
      vertex 8.000658192304327 -81.56597049109374 -2.5
    endloop
  endfacet
  facet normal -0.8032075314806474 0.59569930449243 0
    outer loop
      vertex 8.000658192304327 -81.56597049109374 2.5
      vertex 8.605710487331343 -80.75015191175288 2.5
      vertex 8.605710487331343 -80.75015191175288 -2.5
    endloop
  endfacet
  facet normal -0.8577286100002728 0.5141027441932206 0
    outer loop
      vertex 8.605710487331343 -80.75015191175288 2.5
      vertex 9.127885086005474 -79.87895622614907 2.5
      vertex 9.127885086005474 -79.87895622614907 -2.5
    endloop
  endfacet
  facet normal -0.9039892931234429 0.4275550934302832 0
    outer loop
      vertex 9.127885086005474 -79.87895622614907 2.5
      vertex 9.562153161491818 -78.96077352497868 2.5
      vertex 9.562153161491818 -78.96077352497868 -2.5
    endloop
  endfacet
  facet normal -0.9415440651830211 0.3368898533922188 0
    outer loop
      vertex 9.562153161491818 -78.96077352497868 2.5
      vertex 9.904332474828362 -78.00444640958368 2.5
      vertex 9.904332474828362 -78.00444640958368 -2.5
    endloop
  endfacet
  facet normal -0.9700312531945439 0.24298017990326443 0
    outer loop
      vertex 9.904332474828362 -78.00444640958368 2.5
      vertex 10.151127652173434 -77.01918483286693 2.5
      vertex 10.151127652173434 -77.01918483286693 -2.5
    endloop
  endfacet
  facet normal -0.9891765099647809 0.14673047445536286 0
    outer loop
      vertex 10.151127652173434 -77.01918483286693 2.5
      vertex 10.300161921057239 -76.01447740241095 2.5
      vertex 10.300161921057239 -76.01447740241095 -2.5
    endloop
  endfacet
  facet normal -0.9987954562051725 0.04906767432741713 0
    outer loop
      vertex 10.300161921057239 -76.01447740241095 2.5
      vertex 10.35 -75 2.5
      vertex 10.35 -75 -2.5
    endloop
  endfacet
  facet normal -0.9987954562051725 -0.04906767432741713 0
    outer loop
      vertex 10.35 -75 2.5
      vertex 10.300161921057239 -73.98552259758905 2.5
      vertex 10.300161921057239 -73.98552259758905 -2.5
    endloop
  endfacet
  facet normal -0.9891765099647809 -0.14673047445536286 0
    outer loop
      vertex 10.300161921057239 -73.98552259758905 2.5
      vertex 10.151127652173434 -72.98081516713307 2.5
      vertex 10.151127652173434 -72.98081516713307 -2.5
    endloop
  endfacet
  facet normal -0.9415440651830211 -0.3368898533922188 0
    outer loop
      vertex 9.904332474828362 -71.99555359041632 2.5
      vertex 9.562153161491818 -71.03922647502132 2.5
      vertex 9.562153161491818 -71.03922647502132 -2.5
    endloop
  endfacet
  facet normal -0.9700312531945439 -0.24298017990326443 0
    outer loop
      vertex 10.151127652173434 -72.98081516713307 2.5
      vertex 9.904332474828362 -71.99555359041632 2.5
      vertex 9.904332474828362 -71.99555359041632 -2.5
    endloop
  endfacet
  facet normal -0.4275550934302826 -0.903989293123443 0
    outer loop
      vertex 3.9607735249786793 -65.43784683850818 2.5
      vertex 3.9607735249786793 -65.43784683850818 -2.5
      vertex 4.878956226149075 -65.87211491399452 2.5
    endloop
  endfacet
  facet normal -0.04906767432741162 -0.9987954562051726 0
    outer loop
      vertex 0 -64.65 2.5
      vertex 0 -64.65 -2.5
      vertex 1.0144774024109522 -64.69983807894276 2.5
    endloop
  endfacet
  facet normal -0.14673047445536863 -0.98917650996478 0
    outer loop
      vertex 1.0144774024109522 -64.69983807894276 2.5
      vertex 1.0144774024109522 -64.69983807894276 -2.5
      vertex 2.0191848328669275 -64.84887234782657 2.5
    endloop
  endfacet
  facet normal -0.24298017990325496 -0.9700312531945462 0
    outer loop
      vertex 2.0191848328669275 -64.84887234782657 2.5
      vertex 2.0191848328669275 -64.84887234782657 -2.5
      vertex 3.004446409583685 -65.09566752517163 2.5
    endloop
  endfacet
  facet normal -0.33688985339222 -0.9415440651830208 0
    outer loop
      vertex 3.004446409583685 -65.09566752517163 2.5
      vertex 3.004446409583685 -65.09566752517163 -2.5
      vertex 3.9607735249786793 -65.43784683850818 2.5
    endloop
  endfacet
  facet normal -0.5141027441932183 -0.8577286100002742 0
    outer loop
      vertex 4.878956226149075 -65.87211491399452 2.5
      vertex 4.878956226149075 -65.87211491399452 -2.5
      vertex 5.750151911752883 -66.39428951266865 2.5
    endloop
  endfacet
  facet normal -0.6715589548470156 -0.7409511253549618 0
    outer loop
      vertex 6.56597049109373 -66.99934180769567 2.5
      vertex 6.56597049109373 -66.99934180769567 -2.5
      vertex 7.3185551852807675 -67.68144481471923 2.5
    endloop
  endfacet
  facet normal -0.5956993044924376 -0.8032075314806417 0
    outer loop
      vertex 5.750151911752883 -66.39428951266865 2.5
      vertex 5.750151911752883 -66.39428951266865 -2.5
      vertex 6.56597049109373 -66.99934180769567 2.5
    endloop
  endfacet
  facet normal -0.8032075314806474 -0.59569930449243 0
    outer loop
      vertex 8.605710487331343 -69.24984808824712 2.5
      vertex 8.000658192304327 -68.43402950890626 2.5
      vertex 8.000658192304327 -68.43402950890626 -2.5
    endloop
  endfacet
  facet normal -0.9039892931234429 -0.4275550934302832 0
    outer loop
      vertex 9.562153161491818 -71.03922647502132 2.5
      vertex 9.127885086005474 -70.12104377385093 2.5
      vertex 9.127885086005474 -70.12104377385093 -2.5
    endloop
  endfacet
  facet normal -0.8577286100002728 -0.5141027441932206 0
    outer loop
      vertex 9.127885086005474 -70.12104377385093 2.5
      vertex 8.605710487331343 -69.24984808824712 2.5
      vertex 8.605710487331343 -69.24984808824712 -2.5
    endloop
  endfacet
  facet normal -0.7409511253549595 -0.6715589548470178 0
    outer loop
      vertex 8.000658192304327 -68.43402950890626 2.5
      vertex 7.3185551852807675 -67.68144481471923 2.5
      vertex 7.3185551852807675 -67.68144481471923 -2.5
    endloop
  endfacet
  facet normal 0 0 1
    outer loop
      vertex -75 -95 2.5
      vertex 47.98081516713307 -85.15112765217343 2.5
      vertex 46.995553590416314 -84.90433247482837 2.5
    endloop
  endfacet
  facet normal 0 0 1
    outer loop
      vertex -75 -95 2.5
      vertex 48.985522597589046 -85.30016192105724 2.5
      vertex 47.98081516713307 -85.15112765217343 2.5
    endloop
  endfacet
  facet normal 0 0 1
    outer loop
      vertex -75 -95 2.5
      vertex 75 -95 2.5
      vertex 48.985522597589046 -85.30016192105724 2.5
    endloop
  endfacet
  facet normal 0 0 1
    outer loop
      vertex 1.0144774024109522 -85.30016192105724 2.5
      vertex 0 -85.35 2.5
      vertex 46.995553590416314 -84.90433247482837 2.5
    endloop
  endfacet
  facet normal 0 0 1
    outer loop
      vertex 2.0191848328669275 -85.15112765217343 2.5
      vertex 1.0144774024109522 -85.30016192105724 2.5
      vertex 46.995553590416314 -84.90433247482837 2.5
    endloop
  endfacet
  facet normal 0 0 1
    outer loop
      vertex 3.004446409583685 -84.90433247482837 2.5
      vertex 2.0191848328669275 -85.15112765217343 2.5
      vertex 46.995553590416314 -84.90433247482837 2.5
    endloop
  endfacet
  facet normal 0 0 1
    outer loop
      vertex 3.9607735249786793 -84.56215316149182 2.5
      vertex 3.004446409583685 -84.90433247482837 2.5
      vertex 46.03922647502132 -84.56215316149182 2.5
    endloop
  endfacet
  facet normal 0 0 1
    outer loop
      vertex 4.878956226149075 -84.12788508600548 2.5
      vertex 3.9607735249786793 -84.56215316149182 2.5
      vertex 45.12104377385093 -84.12788508600548 2.5
    endloop
  endfacet
  facet normal 0 0 1
    outer loop
      vertex 5.750151911752883 -83.60571048733135 2.5
      vertex 4.878956226149075 -84.12788508600548 2.5
      vertex 44.24984808824712 -83.60571048733135 2.5
    endloop
  endfacet
  facet normal 0 0 1
    outer loop
      vertex 6.56597049109373 -83.00065819230433 2.5
      vertex 5.750151911752883 -83.60571048733135 2.5
      vertex 43.43402950890627 -83.00065819230433 2.5
    endloop
  endfacet
  facet normal 0 0 1
    outer loop
      vertex 0 -64.65 2.5
      vertex 1.0144774024109522 -64.69983807894276 2.5
      vertex 26.440207532287154 -35.568443121751834 2.5
    endloop
  endfacet
  facet normal 0 0 1
    outer loop
      vertex 8.605710487331343 -69.24984808824712 2.5
      vertex 30.81383724750292 -42.114042557308764 2.5
      vertex 8.000658192304327 -68.43402950890626 2.5
    endloop
  endfacet
  facet normal 0 0 1
    outer loop
      vertex 1.0144774024109522 -64.69983807894276 2.5
      vertex 2.0191848328669275 -64.84887234782657 2.5
      vertex 26.56044290863303 -36.37900418883467 2.5
    endloop
  endfacet
  facet normal 0 0 1
    outer loop
      vertex 2.0191848328669275 -64.84887234782657 2.5
      vertex 3.004446409583685 -65.09566752517163 2.5
      vertex 26.759548196636057 -37.17387705507476 2.5
    endloop
  endfacet
  facet normal 0 0 1
    outer loop
      vertex 3.004446409583685 -65.09566752517163 2.5
      vertex 3.9607735249786793 -65.43784683850818 2.5
      vertex 27.035605903530758 -37.9454066602485 2.5
    endloop
  endfacet
  facet normal 0 0 1
    outer loop
      vertex 3.9607735249786793 -65.43784683850818 2.5
      vertex 4.878956226149075 -65.87211491399452 2.5
      vertex 27.385957442691236 -38.68616275249708 2.5
    endloop
  endfacet
  facet normal 0 0 1
    outer loop
      vertex 5.750151911752883 -66.39428951266865 2.5
      vertex 6.56597049109373 -66.99934180769567 2.5
      vertex 28.845658377092327 -40.65434162290767 2.5
    endloop
  endfacet
  facet normal 0 0 1
    outer loop
      vertex 4.878956226149075 -65.87211491399452 2.5
      vertex 5.750151911752883 -66.39428951266865 2.5
      vertex 28.295362714421145 -40.047183922766436 2.5
    endloop
  endfacet
  facet normal 0 0 1
    outer loop
      vertex 6.56597049109373 -66.99934180769567 2.5
      vertex 7.3185551852807675 -67.68144481471923 2.5
      vertex 29.45281607723356 -41.204637285578855 2.5
    endloop
  endfacet
  facet normal 0 0 1
    outer loop
      vertex 8.000658192304327 -68.43402950890626 2.5
      vertex 30.110988554286322 -41.692771262726254 2.5
      vertex 7.3185551852807675 -67.68144481471923 2.5
    endloop
  endfacet
  facet normal 0 0 1
    outer loop
      vertex 7.3185551852807675 -82.31855518528077 2.5
      vertex 6.56597049109373 -83.00065819230433 2.5
      vertex 42.681444814719235 -82.31855518528077 2.5
    endloop
  endfacet
  facet normal 0 0 1
    outer loop
      vertex 7.3185551852807675 -82.31855518528077 2.5
      vertex 41.99934180769567 -81.56597049109374 2.5
      vertex 8.000658192304327 -81.56597049109374 2.5
    endloop
  endfacet
  facet normal 0 0 1
    outer loop
      vertex 8.000658192304327 -81.56597049109374 2.5
      vertex 41.39428951266866 -80.75015191175288 2.5
      vertex 8.605710487331343 -80.75015191175288 2.5
    endloop
  endfacet
  facet normal 0 0 1
    outer loop
      vertex 8.605710487331343 -80.75015191175288 2.5
      vertex 40.87211491399452 -79.87895622614907 2.5
      vertex 9.127885086005474 -79.87895622614907 2.5
    endloop
  endfacet
  facet normal 0 0 1
    outer loop
      vertex 9.127885086005474 -79.87895622614907 2.5
      vertex 40.43784683850818 -78.96077352497868 2.5
      vertex 9.562153161491818 -78.96077352497868 2.5
    endloop
  endfacet
  facet normal 0 0 1
    outer loop
      vertex 9.562153161491818 -78.96077352497868 2.5
      vertex 40.095667525171635 -78.00444640958368 2.5
      vertex 9.904332474828362 -78.00444640958368 2.5
    endloop
  endfacet
  facet normal 0 0 1
    outer loop
      vertex 9.904332474828362 -78.00444640958368 2.5
      vertex 39.848872347826564 -77.01918483286693 2.5
      vertex 10.151127652173434 -77.01918483286693 2.5
    endloop
  endfacet
  facet normal 0 0 1
    outer loop
      vertex 10.151127652173434 -77.01918483286693 2.5
      vertex 39.69983807894276 -76.01447740241095 2.5
      vertex 10.300161921057239 -76.01447740241095 2.5
    endloop
  endfacet
  facet normal 0 0 1
    outer loop
      vertex 10.300161921057239 -76.01447740241095 2.5
      vertex 39.65 -75 2.5
      vertex 10.35 -75 2.5
    endloop
  endfacet
  facet normal 0 0 1
    outer loop
      vertex 10.35 -75 2.5
      vertex 39.69983807894276 -73.98552259758905 2.5
      vertex 10.300161921057239 -73.98552259758905 2.5
    endloop
  endfacet
  facet normal 0 0 1
    outer loop
      vertex 10.300161921057239 -73.98552259758905 2.5
      vertex 39.848872347826564 -72.98081516713307 2.5
      vertex 10.151127652173434 -72.98081516713307 2.5
    endloop
  endfacet
  facet normal 0 0 1
    outer loop
      vertex 10.151127652173434 -72.98081516713307 2.5
      vertex 40.095667525171635 -71.99555359041632 2.5
      vertex 9.904332474828362 -71.99555359041632 2.5
    endloop
  endfacet
  facet normal 0 0 1
    outer loop
      vertex 9.904332474828362 -71.99555359041632 2.5
      vertex 40.43784683850818 -71.03922647502132 2.5
      vertex 9.562153161491818 -71.03922647502132 2.5
    endloop
  endfacet
  facet normal 0 0 1
    outer loop
      vertex 4.878956226149075 -84.12788508600548 2.5
      vertex 45.12104377385093 -84.12788508600548 2.5
      vertex 44.24984808824712 -83.60571048733135 2.5
    endloop
  endfacet
  facet normal 0 0 1
    outer loop
      vertex 5.750151911752883 -83.60571048733135 2.5
      vertex 44.24984808824712 -83.60571048733135 2.5
      vertex 43.43402950890627 -83.00065819230433 2.5
    endloop
  endfacet
  facet normal 0 0 1
    outer loop
      vertex 3.004446409583685 -84.90433247482837 2.5
      vertex 46.995553590416314 -84.90433247482837 2.5
      vertex 46.03922647502132 -84.56215316149182 2.5
    endloop
  endfacet
  facet normal 0 0 1
    outer loop
      vertex 3.9607735249786793 -84.56215316149182 2.5
      vertex 46.03922647502132 -84.56215316149182 2.5
      vertex 45.12104377385093 -84.12788508600548 2.5
    endloop
  endfacet
  facet normal 0 0 1
    outer loop
      vertex 8.000658192304327 -81.56597049109374 2.5
      vertex 41.99934180769567 -81.56597049109374 2.5
      vertex 41.39428951266866 -80.75015191175288 2.5
    endloop
  endfacet
  facet normal 0 0 1
    outer loop
      vertex 8.605710487331343 -80.75015191175288 2.5
      vertex 41.39428951266866 -80.75015191175288 2.5
      vertex 40.87211491399452 -79.87895622614907 2.5
    endloop
  endfacet
  facet normal 0 0 1
    outer loop
      vertex 9.127885086005474 -79.87895622614907 2.5
      vertex 40.87211491399452 -79.87895622614907 2.5
      vertex 40.43784683850818 -78.96077352497868 2.5
    endloop
  endfacet
  facet normal 0 0 1
    outer loop
      vertex 9.562153161491818 -78.96077352497868 2.5
      vertex 40.43784683850818 -78.96077352497868 2.5
      vertex 40.095667525171635 -78.00444640958368 2.5
    endloop
  endfacet
  facet normal 0 0 1
    outer loop
      vertex 9.904332474828362 -78.00444640958368 2.5
      vertex 40.095667525171635 -78.00444640958368 2.5
      vertex 39.848872347826564 -77.01918483286693 2.5
    endloop
  endfacet
  facet normal 0 0 1
    outer loop
      vertex 6.56597049109373 -83.00065819230433 2.5
      vertex 43.43402950890627 -83.00065819230433 2.5
      vertex 42.681444814719235 -82.31855518528077 2.5
    endloop
  endfacet
  facet normal 0 0 1
    outer loop
      vertex 7.3185551852807675 -82.31855518528077 2.5
      vertex 42.681444814719235 -82.31855518528077 2.5
      vertex 41.99934180769567 -81.56597049109374 2.5
    endloop
  endfacet
  facet normal 0 0 1
    outer loop
      vertex 10.151127652173434 -77.01918483286693 2.5
      vertex 39.848872347826564 -77.01918483286693 2.5
      vertex 39.69983807894276 -76.01447740241095 2.5
    endloop
  endfacet
  facet normal 0 0 1
    outer loop
      vertex 10.300161921057239 -76.01447740241095 2.5
      vertex 39.69983807894276 -76.01447740241095 2.5
      vertex 39.65 -75 2.5
    endloop
  endfacet
  facet normal 0 0 1
    outer loop
      vertex 10.35 -75 2.5
      vertex 39.65 -75 2.5
      vertex 39.69983807894276 -73.98552259758905 2.5
    endloop
  endfacet
  facet normal 0 0 1
    outer loop
      vertex 10.300161921057239 -73.98552259758905 2.5
      vertex 39.69983807894276 -73.98552259758905 2.5
      vertex 39.848872347826564 -72.98081516713307 2.5
    endloop
  endfacet
  facet normal 0 0 1
    outer loop
      vertex 10.151127652173434 -72.98081516713307 2.5
      vertex 39.848872347826564 -72.98081516713307 2.5
      vertex 40.095667525171635 -71.99555359041632 2.5
    endloop
  endfacet
  facet normal 0 0 1
    outer loop
      vertex 9.904332474828362 -71.99555359041632 2.5
      vertex 40.095667525171635 -71.99555359041632 2.5
      vertex 40.43784683850818 -71.03922647502132 2.5
    endloop
  endfacet
  facet normal 0 0 1
    outer loop
      vertex 9.562153161491818 -71.03922647502132 2.5
      vertex 40.87211491399452 -70.12104377385093 2.5
      vertex 9.127885086005474 -70.12104377385093 2.5
    endloop
  endfacet
  facet normal 0 0 1
    outer loop
      vertex 9.127885086005474 -70.12104377385093 2.5
      vertex 41.39428951266866 -69.24984808824712 2.5
      vertex 8.605710487331343 -69.24984808824712 2.5
    endloop
  endfacet
  facet normal 0 0 1
    outer loop
      vertex 32.32612294492524 -42.740451803363946 2.5
      vertex 8.605710487331343 -69.24984808824712 2.5
      vertex 41.39428951266866 -69.24984808824712 2.5
    endloop
  endfacet
  facet normal 0 0 1
    outer loop
      vertex 5.750151911752883 -66.39428951266865 2.5
      vertex 28.845658377092327 -40.65434162290767 2.5
      vertex 28.295362714421145 -40.047183922766436 2.5
    endloop
  endfacet
  facet normal 0 0 1
    outer loop
      vertex 4.878956226149075 -65.87211491399452 2.5
      vertex 28.295362714421145 -40.047183922766436 2.5
      vertex 27.807228737273746 -39.38901144571368 2.5
    endloop
  endfacet
  facet normal 0 0 1
    outer loop
      vertex 27.385957442691236 -38.68616275249708 2.5
      vertex 4.878956226149075 -65.87211491399452 2.5
      vertex 27.807228737273746 -39.38901144571368 2.5
    endloop
  endfacet
  facet normal 0 0 1
    outer loop
      vertex 30.81383724750292 -42.114042557308764 2.5
      vertex 30.110988554286322 -41.692771262726254 2.5
      vertex 8.000658192304327 -68.43402950890626 2.5
    endloop
  endfacet
  facet normal 0 0 1
    outer loop
      vertex 6.56597049109373 -66.99934180769567 2.5
      vertex 29.45281607723356 -41.204637285578855 2.5
      vertex 28.845658377092327 -40.65434162290767 2.5
    endloop
  endfacet
  facet normal 0 0 1
    outer loop
      vertex 30.110988554286322 -41.692771262726254 2.5
      vertex 29.45281607723356 -41.204637285578855 2.5
      vertex 7.3185551852807675 -67.68144481471923 2.5
    endloop
  endfacet
  facet normal 0 0 1
    outer loop
      vertex 31.5545933397515 -42.46439409646924 2.5
      vertex 30.81383724750292 -42.114042557308764 2.5
      vertex 8.605710487331343 -69.24984808824712 2.5
    endloop
  endfacet
  facet normal 0 0 1
    outer loop
      vertex 32.32612294492524 -42.740451803363946 2.5
      vertex 31.5545933397515 -42.46439409646924 2.5
      vertex 8.605710487331343 -69.24984808824712 2.5
    endloop
  endfacet
  facet normal 0 0 1
    outer loop
      vertex 40.87211491399452 -70.12104377385093 2.5
      vertex 9.562153161491818 -71.03922647502132 2.5
      vertex 40.43784683850818 -71.03922647502132 2.5
    endloop
  endfacet
  facet normal 0 0 1
    outer loop
      vertex 9.127885086005474 -70.12104377385093 2.5
      vertex 40.87211491399452 -70.12104377385093 2.5
      vertex 41.39428951266866 -69.24984808824712 2.5
    endloop
  endfacet
  facet normal 0 0 1
    outer loop
      vertex 33.12099581116533 -42.93955709136697 2.5
      vertex 32.32612294492524 -42.740451803363946 2.5
      vertex 41.99934180769567 -68.43402950890626 2.5
    endloop
  endfacet
  facet normal 0 0 1
    outer loop
      vertex 42.681444814719235 -67.68144481471923 2.5
      vertex 33.931556878248166 -43.059792467712846 2.5
      vertex 33.12099581116533 -42.93955709136697 2.5
    endloop
  endfacet
  facet normal -0.03141075907812839 0.9995065603657315 0
    outer loop
      vertex 1.8837155858794128 -29.940801852848146 2.5
      vertex 1.8837155858794128 -29.940801852848146 -2.5
      vertex 0 -30 2.5
    endloop
  endfacet
  facet normal -0.09410831331851381 0.99556196460308 0
    outer loop
      vertex 3.759997006929122 -29.763441039434337 2.5
      vertex 3.759997006929122 -29.763441039434337 -2.5
      vertex 1.8837155858794128 -29.940801852848146 2.5
    endloop
  endfacet
  facet normal -0.1564344650402323 0.9876883405951374 0
    outer loop
      vertex 5.621439437571745 -29.468617521860658 2.5
      vertex 5.621439437571745 -29.468617521860658 -2.5
      vertex 3.759997006929122 -29.763441039434337 2.5
    endloop
  endfacet
  facet normal -0.218143241396542 0.9759167619387474 0
    outer loop
      vertex 7.460696614945633 -29.057494833858936 2.5
      vertex 7.460696614945633 -29.057494833858936 -2.5
      vertex 5.621439437571745 -29.468617521860658 2.5
    endloop
  endfacet
  facet normal -0.2789911060392296 0.960293685676943 0
    outer loop
      vertex 9.270509831248422 -28.531695488854606 2.5
      vertex 9.270509831248422 -28.531695488854606 -2.5
      vertex 7.460696614945633 -29.057494833858936 2.5
    endloop
  endfacet
  facet normal -0.33873792024529054 0.9408807689542258 0
    outer loop
      vertex 11.043736580540351 -27.893294576647538 2.5
      vertex 11.043736580540351 -27.893294576647538 -2.5
      vertex 9.270509831248422 -28.531695488854606 2.5
    endloop
  endfacet
  facet normal -0.3971478906347822 0.9177546256839805 0
    outer loop
      vertex 12.773378746952172 -27.144811573980586 2.5
      vertex 12.773378746952172 -27.144811573980586 -2.5
      vertex 11.043736580540351 -27.893294576647538 2.5
    endloop
  endfacet
  facet normal -0.4539904997395469 0.8910065241883678 0
    outer loop
      vertex 14.452610223051462 -26.289200401315902 2.5
      vertex 14.452610223051462 -26.289200401315902 -2.5
      vertex 12.773378746952172 -27.144811573980586 2.5
    endloop
  endfacet
  facet normal -0.5090414157503698 0.8607420270039445 0
    outer loop
      vertex 16.074803849369886 -25.32983776506046 2.5
      vertex 16.074803849369886 -25.32983776506046 -2.5
      vertex 14.452610223051462 -26.289200401315902 2.5
    endloop
  endfacet
  facet normal -0.5620833778521296 0.8270805742745626 0
    outer loop
      vertex 17.633557568774194 -24.270509831248425 2.5
      vertex 17.633557568774194 -24.270509831248425 -2.5
      vertex 16.074803849369886 -25.32983776506046 2.5
    endloop
  endfacet
  facet normal -0.6129070536529768 0.7901550123756902 0
    outer loop
      vertex 19.1227196924607 -23.115397283273673 -2.5
      vertex 17.633557568774194 -24.270509831248425 2.5
      vertex 19.1227196924607 -23.115397283273673 2.5
    endloop
  endfacet
  facet normal 0.8577286100002717 0.5141027441932223 0
    outer loop
      vertex 27.385957442691236 -38.68616275249708 2.5
      vertex 27.807228737273746 -39.38901144571368 2.5
      vertex 27.807228737273746 -39.38901144571368 -2.5
    endloop
  endfacet
  facet normal 0.9415440651830204 0.33688985339222094 0
    outer loop
      vertex 26.759548196636057 -37.17387705507476 2.5
      vertex 27.035605903530758 -37.9454066602485 2.5
      vertex 27.035605903530758 -37.9454066602485 -2.5
    endloop
  endfacet
  facet normal 0.9700312531945445 0.24298017990326193 0
    outer loop
      vertex 26.56044290863303 -36.37900418883467 2.5
      vertex 26.759548196636057 -37.17387705507476 2.5
      vertex 26.759548196636057 -37.17387705507476 -2.5
    endloop
  endfacet
  facet normal 0.98917650996478 0.14673047445536802 0
    outer loop
      vertex 26.440207532287154 -35.568443121751834 2.5
      vertex 26.56044290863303 -36.37900418883467 2.5
      vertex 26.56044290863303 -36.37900418883467 -2.5
    endloop
  endfacet
  facet normal 0.9039892931234444 0.4275550934302798 0
    outer loop
      vertex 27.035605903530758 -37.9454066602485 2.5
      vertex 27.385957442691236 -38.68616275249708 2.5
      vertex 27.385957442691236 -38.68616275249708 -2.5
    endloop
  endfacet
  facet normal 0.9987954562051725 0.04906767432741706 0
    outer loop
      vertex 26.4 -34.75 2.5
      vertex 26.440207532287154 -35.568443121751834 2.5
      vertex 26.440207532287154 -35.568443121751834 -2.5
    endloop
  endfacet
  facet normal 0.9987954562051725 -0.04906767432741706 0
    outer loop
      vertex 26.440207532287154 -33.931556878248166 2.5
      vertex 26.4 -34.75 2.5
      vertex 26.4 -34.75 -2.5
    endloop
  endfacet
  facet normal 0.98917650996478 -0.14673047445536802 0
    outer loop
      vertex 26.56044290863303 -33.12099581116533 2.5
      vertex 26.440207532287154 -33.931556878248166 2.5
      vertex 26.440207532287154 -33.931556878248166 -2.5
    endloop
  endfacet
  facet normal 0.9700312531945445 -0.24298017990326193 0
    outer loop
      vertex 26.56044290863303 -33.12099581116533 -2.5
      vertex 26.759548196636057 -32.32612294492524 2.5
      vertex 26.56044290863303 -33.12099581116533 2.5
    endloop
  endfacet
  facet normal 0.9415440651830204 -0.33688985339222094 0
    outer loop
      vertex 26.759548196636057 -32.32612294492524 -2.5
      vertex 27.035605903530758 -31.5545933397515 2.5
      vertex 26.759548196636057 -32.32612294492524 2.5
    endloop
  endfacet
  facet normal 0.9039892931234437 -0.4275550934302815 0
    outer loop
      vertex 27.035605903530758 -31.5545933397515 -2.5
      vertex 27.385957442691236 -30.81383724750292 2.5
      vertex 27.035605903530758 -31.5545933397515 2.5
    endloop
  endfacet
  facet normal 0.8577286100002729 -0.5141027441932204 0
    outer loop
      vertex 27.385957442691236 -30.81383724750292 -2.5
      vertex 27.807228737273746 -30.110988554286322 2.5
      vertex 27.385957442691236 -30.81383724750292 2.5
    endloop
  endfacet
  facet normal 0.8032075314806454 -0.5956993044924327 0
    outer loop
      vertex 27.807228737273746 -30.110988554286322 -2.5
      vertex 28.295362714421145 -29.45281607723356 2.5
      vertex 27.807228737273746 -30.110988554286322 2.5
    endloop
  endfacet
  facet normal 0.5141027441932204 0.8577286100002729 0
    outer loop
      vertex 30.81383724750292 -42.114042557308764 2.5
      vertex 30.81383724750292 -42.114042557308764 -2.5
      vertex 30.110988554286322 -41.692771262726254 2.5
    endloop
  endfacet
  facet normal 0.4275550934302815 0.9039892931234437 0
    outer loop
      vertex 31.5545933397515 -42.46439409646924 2.5
      vertex 31.5545933397515 -42.46439409646924 -2.5
      vertex 30.81383724750292 -42.114042557308764 2.5
    endloop
  endfacet
  facet normal 0.33688985339222477 0.941544065183019 0
    outer loop
      vertex 32.32612294492524 -42.740451803363946 2.5
      vertex 32.32612294492524 -42.740451803363946 -2.5
      vertex 31.5545933397515 -42.46439409646924 2.5
    endloop
  endfacet
  facet normal 0.7409511253549614 0.6715589548470159 0
    outer loop
      vertex 28.295362714421145 -40.047183922766436 2.5
      vertex 28.845658377092327 -40.65434162290767 2.5
      vertex 28.845658377092327 -40.65434162290767 -2.5
    endloop
  endfacet
  facet normal 0.6715589548470181 0.7409511253549595 0
    outer loop
      vertex 29.45281607723356 -41.204637285578855 2.5
      vertex 29.45281607723356 -41.204637285578855 -2.5
      vertex 28.845658377092327 -40.65434162290767 2.5
    endloop
  endfacet
  facet normal 0.8032075314806438 0.5956993044924348 0
    outer loop
      vertex 27.807228737273746 -39.38901144571368 2.5
      vertex 28.295362714421145 -40.047183922766436 2.5
      vertex 28.295362714421145 -40.047183922766436 -2.5
    endloop
  endfacet
  facet normal 0.5956993044924327 0.8032075314806454 0
    outer loop
      vertex 30.110988554286322 -41.692771262726254 2.5
      vertex 30.110988554286322 -41.692771262726254 -2.5
      vertex 29.45281607723356 -41.204637285578855 2.5
    endloop
  endfacet
  facet normal 0.24298017990325782 0.9700312531945453 0
    outer loop
      vertex 33.12099581116533 -42.93955709136697 2.5
      vertex 33.12099581116533 -42.93955709136697 -2.5
      vertex 32.32612294492524 -42.740451803363946 2.5
    endloop
  endfacet
  facet normal 0.14673047445536802 0.98917650996478 0
    outer loop
      vertex 33.931556878248166 -43.059792467712846 2.5
      vertex 33.931556878248166 -43.059792467712846 -2.5
      vertex 33.12099581116533 -42.93955709136697 2.5
    endloop
  endfacet
  facet normal 0.04906767432741706 0.9987954562051725 0
    outer loop
      vertex 34.75 -43.1 -2.5
      vertex 33.931556878248166 -43.059792467712846 2.5
      vertex 34.75 -43.1 2.5
    endloop
  endfacet
  facet normal -0.04906767432741706 0.9987954562051725 0
    outer loop
      vertex 35.568443121751834 -43.059792467712846 -2.5
      vertex 34.75 -43.1 2.5
      vertex 35.568443121751834 -43.059792467712846 2.5
    endloop
  endfacet
  facet normal -0.14673047445536802 0.98917650996478 0
    outer loop
      vertex 36.37900418883467 -42.93955709136697 -2.5
      vertex 35.568443121751834 -43.059792467712846 2.5
      vertex 36.37900418883467 -42.93955709136697 2.5
    endloop
  endfacet
  facet normal -0.24298017990325782 0.9700312531945453 0
    outer loop
      vertex 37.17387705507476 -42.740451803363946 -2.5
      vertex 36.37900418883467 -42.93955709136697 2.5
      vertex 37.17387705507476 -42.740451803363946 2.5
    endloop
  endfacet
  facet normal 0.7409511253549595 -0.6715589548470181 0
    outer loop
      vertex 28.295362714421145 -29.45281607723356 -2.5
      vertex 28.845658377092327 -28.845658377092327 2.5
      vertex 28.295362714421145 -29.45281607723356 2.5
    endloop
  endfacet
  facet normal 0.6715589548470181 -0.7409511253549595 0
    outer loop
      vertex 28.845658377092327 -28.845658377092327 -2.5
      vertex 29.45281607723356 -28.295362714421145 2.5
      vertex 28.845658377092327 -28.845658377092327 2.5
    endloop
  endfacet
  facet normal 0.5956993044924327 -0.8032075314806454 0
    outer loop
      vertex 29.45281607723356 -28.295362714421145 -2.5
      vertex 30.110988554286322 -27.807228737273746 2.5
      vertex 29.45281607723356 -28.295362714421145 2.5
    endloop
  endfacet
  facet normal 0.5141027441932204 -0.8577286100002729 0
    outer loop
      vertex 30.110988554286322 -27.807228737273746 -2.5
      vertex 30.81383724750292 -27.385957442691236 2.5
      vertex 30.110988554286322 -27.807228737273746 2.5
    endloop
  endfacet
  facet normal 0.4275550934302815 -0.9039892931234437 0
    outer loop
      vertex 30.81383724750292 -27.385957442691236 -2.5
      vertex 31.5545933397515 -27.035605903530758 2.5
      vertex 30.81383724750292 -27.385957442691236 2.5
    endloop
  endfacet
  facet normal 0.33688985339222094 -0.9415440651830204 0
    outer loop
      vertex 31.5545933397515 -27.035605903530758 -2.5
      vertex 32.32612294492524 -26.759548196636057 2.5
      vertex 31.5545933397515 -27.035605903530758 2.5
    endloop
  endfacet
  facet normal 0.24298017990326193 -0.9700312531945445 0
    outer loop
      vertex 32.32612294492524 -26.759548196636057 -2.5
      vertex 33.12099581116533 -26.56044290863303 2.5
      vertex 32.32612294492524 -26.759548196636057 2.5
    endloop
  endfacet
  facet normal 0.14673047445536802 -0.98917650996478 0
    outer loop
      vertex 33.12099581116533 -26.56044290863303 -2.5
      vertex 33.931556878248166 -26.440207532287154 2.5
      vertex 33.12099581116533 -26.56044290863303 2.5
    endloop
  endfacet
  facet normal 0.04906767432741706 -0.9987954562051725 0
    outer loop
      vertex 33.931556878248166 -26.440207532287154 -2.5
      vertex 34.75 -26.4 2.5
      vertex 33.931556878248166 -26.440207532287154 2.5
    endloop
  endfacet
  facet normal -0.04906767432741706 -0.9987954562051725 0
    outer loop
      vertex 34.75 -26.4 -2.5
      vertex 35.568443121751834 -26.440207532287154 2.5
      vertex 34.75 -26.4 2.5
    endloop
  endfacet
  facet normal -0.33688985339222094 -0.9415440651830204 0
    outer loop
      vertex 37.17387705507476 -26.759548196636057 -2.5
      vertex 37.9454066602485 -27.035605903530758 2.5
      vertex 37.17387705507476 -26.759548196636057 2.5
    endloop
  endfacet
  facet normal -0.14673047445536802 -0.98917650996478 0
    outer loop
      vertex 35.568443121751834 -26.440207532287154 -2.5
      vertex 36.37900418883467 -26.56044290863303 2.5
      vertex 35.568443121751834 -26.440207532287154 2.5
    endloop
  endfacet
  facet normal -0.24298017990326193 -0.9700312531945445 0
    outer loop
      vertex 36.37900418883467 -26.56044290863303 -2.5
      vertex 37.17387705507476 -26.759548196636057 2.5
      vertex 36.37900418883467 -26.56044290863303 2.5
    endloop
  endfacet
  facet normal -0.661311865323652 0.7501110696304594 0
    outer loop
      vertex 20.536413177860656 -21.86905882264235 -2.5
      vertex 19.1227196924607 -23.115397283273673 2.5
      vertex 20.536413177860656 -21.86905882264235 2.5
    endloop
  endfacet
  facet normal -0.7071067811865476 0.7071067811865476 0
    outer loop
      vertex 21.86905882264235 -20.536413177860656 -2.5
      vertex 20.536413177860656 -21.86905882264235 2.5
      vertex 21.86905882264235 -20.536413177860656 2.5
    endloop
  endfacet
  facet normal -0.7501110696304594 0.661311865323652 0
    outer loop
      vertex 23.115397283273673 -19.1227196924607 -2.5
      vertex 21.86905882264235 -20.536413177860656 2.5
      vertex 23.115397283273673 -19.1227196924607 2.5
    endloop
  endfacet
  facet normal -0.7901550123756902 0.6129070536529768 0
    outer loop
      vertex 24.270509831248425 -17.633557568774194 -2.5
      vertex 23.115397283273673 -19.1227196924607 2.5
      vertex 24.270509831248425 -17.633557568774194 2.5
    endloop
  endfacet
  facet normal -0.8270805742745626 0.5620833778521296 0
    outer loop
      vertex 25.32983776506046 -16.074803849369886 -2.5
      vertex 24.270509831248425 -17.633557568774194 2.5
      vertex 25.32983776506046 -16.074803849369886 2.5
    endloop
  endfacet
  facet normal -0.8607420270039445 0.5090414157503698 0
    outer loop
      vertex 26.289200401315902 -14.452610223051462 -2.5
      vertex 25.32983776506046 -16.074803849369886 2.5
      vertex 26.289200401315902 -14.452610223051462 2.5
    endloop
  endfacet
  facet normal -0.8910065241883678 0.4539904997395469 0
    outer loop
      vertex 27.144811573980586 -12.773378746952172 -2.5
      vertex 26.289200401315902 -14.452610223051462 2.5
      vertex 27.144811573980586 -12.773378746952172 2.5
    endloop
  endfacet
  facet normal -0.9177546256839805 0.3971478906347822 0
    outer loop
      vertex 27.893294576647538 -11.043736580540351 -2.5
      vertex 27.144811573980586 -12.773378746952172 2.5
      vertex 27.893294576647538 -11.043736580540351 2.5
    endloop
  endfacet
  facet normal -0.9408807689542258 0.33873792024529054 0
    outer loop
      vertex 28.531695488854606 -9.270509831248422 -2.5
      vertex 27.893294576647538 -11.043736580540351 2.5
      vertex 28.531695488854606 -9.270509831248422 2.5
    endloop
  endfacet
  facet normal -0.960293685676943 0.2789911060392296 0
    outer loop
      vertex 29.057494833858936 -7.460696614945633 -2.5
      vertex 28.531695488854606 -9.270509831248422 2.5
      vertex 29.057494833858936 -7.460696614945633 2.5
    endloop
  endfacet
  facet normal -0.9759167619387474 0.218143241396542 0
    outer loop
      vertex 29.468617521860658 -5.621439437571745 -2.5
      vertex 29.057494833858936 -7.460696614945633 2.5
      vertex 29.468617521860658 -5.621439437571745 2.5
    endloop
  endfacet
  facet normal -0.9876883405951374 0.1564344650402323 0
    outer loop
      vertex 29.763441039434337 -3.759997006929122 -2.5
      vertex 29.468617521860658 -5.621439437571745 2.5
      vertex 29.763441039434337 -3.759997006929122 2.5
    endloop
  endfacet
  facet normal -0.99556196460308 0.09410831331851381 0
    outer loop
      vertex 29.940801852848146 -1.8837155858794128 -2.5
      vertex 29.763441039434337 -3.759997006929122 2.5
      vertex 29.940801852848146 -1.8837155858794128 2.5
    endloop
  endfacet
  facet normal -0.9995065603657315 0.03141075907812839 0
    outer loop
      vertex 30 0 -2.5
      vertex 29.940801852848146 -1.8837155858794128 2.5
      vertex 30 0 2.5
    endloop
  endfacet
  facet normal 0 0 1
    outer loop
      vertex 0 -64.65 2.5
      vertex 26.4 -34.75 2.5
      vertex -26.4 -34.75 2.5
    endloop
  endfacet
  facet normal 0 0 1
    outer loop
      vertex -26.4 -34.75 2.5
      vertex 26.4 -34.75 2.5
      vertex 3.759997006929122 -29.763441039434337 2.5
    endloop
  endfacet
  facet normal 0 0 1
    outer loop
      vertex 26.56044290863303 -36.37900418883467 2.5
      vertex 2.0191848328669275 -64.84887234782657 2.5
      vertex 26.759548196636057 -37.17387705507476 2.5
    endloop
  endfacet
  facet normal 0 0 1
    outer loop
      vertex 26.440207532287154 -35.568443121751834 2.5
      vertex 1.0144774024109522 -64.69983807894276 2.5
      vertex 26.56044290863303 -36.37900418883467 2.5
    endloop
  endfacet
  facet normal 0 0 1
    outer loop
      vertex 0 -64.65 2.5
      vertex 26.440207532287154 -35.568443121751834 2.5
      vertex 26.4 -34.75 2.5
    endloop
  endfacet
  facet normal 0 0 1
    outer loop
      vertex 5.621439437571745 -29.468617521860658 2.5
      vertex 3.759997006929122 -29.763441039434337 2.5
      vertex 26.4 -34.75 2.5
    endloop
  endfacet
  facet normal 0 0 1
    outer loop
      vertex 7.460696614945633 -29.057494833858936 2.5
      vertex 5.621439437571745 -29.468617521860658 2.5
      vertex 26.4 -34.75 2.5
    endloop
  endfacet
  facet normal 0 0 1
    outer loop
      vertex 9.270509831248422 -28.531695488854606 2.5
      vertex 7.460696614945633 -29.057494833858936 2.5
      vertex 26.4 -34.75 2.5
    endloop
  endfacet
  facet normal 0 0 1
    outer loop
      vertex 11.043736580540351 -27.893294576647538 2.5
      vertex 9.270509831248422 -28.531695488854606 2.5
      vertex 26.4 -34.75 2.5
    endloop
  endfacet
  facet normal 0 0 1
    outer loop
      vertex 12.773378746952172 -27.144811573980586 2.5
      vertex 11.043736580540351 -27.893294576647538 2.5
      vertex 26.4 -34.75 2.5
    endloop
  endfacet
  facet normal 0 0 1
    outer loop
      vertex 14.452610223051462 -26.289200401315902 2.5
      vertex 12.773378746952172 -27.144811573980586 2.5
      vertex 26.440207532287154 -33.931556878248166 2.5
    endloop
  endfacet
  facet normal 0 0 1
    outer loop
      vertex 26.759548196636057 -37.17387705507476 2.5
      vertex 3.004446409583685 -65.09566752517163 2.5
      vertex 27.035605903530758 -37.9454066602485 2.5
    endloop
  endfacet
  facet normal 0 0 1
    outer loop
      vertex 27.035605903530758 -37.9454066602485 2.5
      vertex 3.9607735249786793 -65.43784683850818 2.5
      vertex 27.385957442691236 -38.68616275249708 2.5
    endloop
  endfacet
  facet normal 0 0 1
    outer loop
      vertex 26.440207532287154 -33.931556878248166 2.5
      vertex 12.773378746952172 -27.144811573980586 2.5
      vertex 26.4 -34.75 2.5
    endloop
  endfacet
  facet normal 0 0 1
    outer loop
      vertex 26.56044290863303 -33.12099581116533 2.5
      vertex 14.452610223051462 -26.289200401315902 2.5
      vertex 26.440207532287154 -33.931556878248166 2.5
    endloop
  endfacet
  facet normal 0 0 1
    outer loop
      vertex 26.56044290863303 -33.12099581116533 2.5
      vertex 16.074803849369886 -25.32983776506046 2.5
      vertex 14.452610223051462 -26.289200401315902 2.5
    endloop
  endfacet
  facet normal 0 0 1
    outer loop
      vertex 26.56044290863303 -33.12099581116533 2.5
      vertex 17.633557568774194 -24.270509831248425 2.5
      vertex 16.074803849369886 -25.32983776506046 2.5
    endloop
  endfacet
  facet normal 0 0 1
    outer loop
      vertex 19.1227196924607 -23.115397283273673 2.5
      vertex 17.633557568774194 -24.270509831248425 2.5
      vertex 27.807228737273746 -30.110988554286322 2.5
    endloop
  endfacet
  facet normal 0 0 1
    outer loop
      vertex 20.536413177860656 -21.86905882264235 2.5
      vertex 19.1227196924607 -23.115397283273673 2.5
      vertex 28.295362714421145 -29.45281607723356 2.5
    endloop
  endfacet
  facet normal 0 0 1
    outer loop
      vertex 17.633557568774194 -24.270509831248425 2.5
      vertex 26.56044290863303 -33.12099581116533 2.5
      vertex 26.759548196636057 -32.32612294492524 2.5
    endloop
  endfacet
  facet normal 0 0 1
    outer loop
      vertex 17.633557568774194 -24.270509831248425 2.5
      vertex 26.759548196636057 -32.32612294492524 2.5
      vertex 27.035605903530758 -31.5545933397515 2.5
    endloop
  endfacet
  facet normal 0 0 1
    outer loop
      vertex 17.633557568774194 -24.270509831248425 2.5
      vertex 27.035605903530758 -31.5545933397515 2.5
      vertex 27.385957442691236 -30.81383724750292 2.5
    endloop
  endfacet
  facet normal 0 0 1
    outer loop
      vertex 27.807228737273746 -30.110988554286322 2.5
      vertex 17.633557568774194 -24.270509831248425 2.5
      vertex 27.385957442691236 -30.81383724750292 2.5
    endloop
  endfacet
  facet normal 0 0 1
    outer loop
      vertex 28.295362714421145 -29.45281607723356 2.5
      vertex 19.1227196924607 -23.115397283273673 2.5
      vertex 27.807228737273746 -30.110988554286322 2.5
    endloop
  endfacet
  facet normal 0 0 1
    outer loop
      vertex 20.536413177860656 -21.86905882264235 2.5
      vertex 28.845658377092327 -28.845658377092327 2.5
      vertex 21.86905882264235 -20.536413177860656 2.5
    endloop
  endfacet
  facet normal 0 0 1
    outer loop
      vertex 20.536413177860656 -21.86905882264235 2.5
      vertex 28.295362714421145 -29.45281607723356 2.5
      vertex 28.845658377092327 -28.845658377092327 2.5
    endloop
  endfacet
  facet normal 0 0 1
    outer loop
      vertex 28.845658377092327 -28.845658377092327 2.5
      vertex 29.45281607723356 -28.295362714421145 2.5
      vertex 21.86905882264235 -20.536413177860656 2.5
    endloop
  endfacet
  facet normal 0 0 1
    outer loop
      vertex 29.45281607723356 -28.295362714421145 2.5
      vertex 30.110988554286322 -27.807228737273746 2.5
      vertex 23.115397283273673 -19.1227196924607 2.5
    endloop
  endfacet
  facet normal 0 0 1
    outer loop
      vertex 30.110988554286322 -27.807228737273746 2.5
      vertex 30.81383724750292 -27.385957442691236 2.5
      vertex 23.115397283273673 -19.1227196924607 2.5
    endloop
  endfacet
  facet normal 0 0 1
    outer loop
      vertex 30.81383724750292 -27.385957442691236 2.5
      vertex 31.5545933397515 -27.035605903530758 2.5
      vertex 24.270509831248425 -17.633557568774194 2.5
    endloop
  endfacet
  facet normal 0 0 1
    outer loop
      vertex 24.270509831248425 -17.633557568774194 2.5
      vertex 31.5545933397515 -27.035605903530758 2.5
      vertex 32.32612294492524 -26.759548196636057 2.5
    endloop
  endfacet
  facet normal 0 0 1
    outer loop
      vertex 29.45281607723356 -28.295362714421145 2.5
      vertex 23.115397283273673 -19.1227196924607 2.5
      vertex 21.86905882264235 -20.536413177860656 2.5
    endloop
  endfacet
  facet normal 0 0 1
    outer loop
      vertex 23.115397283273673 -19.1227196924607 2.5
      vertex 30.81383724750292 -27.385957442691236 2.5
      vertex 24.270509831248425 -17.633557568774194 2.5
    endloop
  endfacet
  facet normal 0 0 1
    outer loop
      vertex 24.270509831248425 -17.633557568774194 2.5
      vertex 32.32612294492524 -26.759548196636057 2.5
      vertex 25.32983776506046 -16.074803849369886 2.5
    endloop
  endfacet
  facet normal 0 0 1
    outer loop
      vertex 32.32612294492524 -26.759548196636057 2.5
      vertex 33.12099581116533 -26.56044290863303 2.5
      vertex 25.32983776506046 -16.074803849369886 2.5
    endloop
  endfacet
  facet normal 0 0 1
    outer loop
      vertex 25.32983776506046 -16.074803849369886 2.5
      vertex 33.12099581116533 -26.56044290863303 2.5
      vertex 26.289200401315902 -14.452610223051462 2.5
    endloop
  endfacet
  facet normal 0 0 1
    outer loop
      vertex 26.289200401315902 -14.452610223051462 2.5
      vertex 34.75 -26.4 2.5
      vertex 27.144811573980586 -12.773378746952172 2.5
    endloop
  endfacet
  facet normal 0 0 1
    outer loop
      vertex 33.12099581116533 -26.56044290863303 2.5
      vertex 33.931556878248166 -26.440207532287154 2.5
      vertex 26.289200401315902 -14.452610223051462 2.5
    endloop
  endfacet
  facet normal 0 0 1
    outer loop
      vertex 33.931556878248166 -26.440207532287154 2.5
      vertex 34.75 -26.4 2.5
      vertex 26.289200401315902 -14.452610223051462 2.5
    endloop
  endfacet
  facet normal 0 0 1
    outer loop
      vertex 34.75 -26.4 2.5
      vertex 35.568443121751834 -26.440207532287154 2.5
      vertex 27.144811573980586 -12.773378746952172 2.5
    endloop
  endfacet
  facet normal 0 0 1
    outer loop
      vertex 27.144811573980586 -12.773378746952172 2.5
      vertex 35.568443121751834 -26.440207532287154 2.5
      vertex 27.893294576647538 -11.043736580540351 2.5
    endloop
  endfacet
  facet normal 0 0 1
    outer loop
      vertex 27.893294576647538 -11.043736580540351 2.5
      vertex 37.17387705507476 -26.759548196636057 2.5
      vertex 28.531695488854606 -9.270509831248422 2.5
    endloop
  endfacet
  facet normal 0 0 1
    outer loop
      vertex 28.531695488854606 -9.270509831248422 2.5
      vertex 37.9454066602485 -27.035605903530758 2.5
      vertex 29.057494833858936 -7.460696614945633 2.5
    endloop
  endfacet
  facet normal 0 0 1
    outer loop
      vertex 29.057494833858936 -7.460696614945633 2.5
      vertex 38.68616275249708 -27.385957442691236 2.5
      vertex 29.468617521860658 -5.621439437571745 2.5
    endloop
  endfacet
  facet normal 0 0 1
    outer loop
      vertex 35.568443121751834 -26.440207532287154 2.5
      vertex 36.37900418883467 -26.56044290863303 2.5
      vertex 27.893294576647538 -11.043736580540351 2.5
    endloop
  endfacet
  facet normal 0 0 1
    outer loop
      vertex 27.893294576647538 -11.043736580540351 2.5
      vertex 36.37900418883467 -26.56044290863303 2.5
      vertex 37.17387705507476 -26.759548196636057 2.5
    endloop
  endfacet
  facet normal 0 0 1
    outer loop
      vertex 37.17387705507476 -26.759548196636057 2.5
      vertex 37.9454066602485 -27.035605903530758 2.5
      vertex 28.531695488854606 -9.270509831248422 2.5
    endloop
  endfacet
  facet normal 0 0 1
    outer loop
      vertex 37.9454066602485 -27.035605903530758 2.5
      vertex 38.68616275249708 -27.385957442691236 2.5
      vertex 29.057494833858936 -7.460696614945633 2.5
    endloop
  endfacet
  facet normal 0 0 1
    outer loop
      vertex 38.68616275249708 -27.385957442691236 2.5
      vertex 39.38901144571368 -27.807228737273746 2.5
      vertex 29.468617521860658 -5.621439437571745 2.5
    endloop
  endfacet
  facet normal 0 0 1
    outer loop
      vertex 39.38901144571368 -27.807228737273746 2.5
      vertex 40.047183922766436 -28.295362714421145 2.5
      vertex 29.763441039434337 -3.759997006929122 2.5
    endloop
  endfacet
  facet normal 0 0 1
    outer loop
      vertex 40.047183922766436 -28.295362714421145 2.5
      vertex 40.65434162290767 -28.845658377092327 2.5
      vertex 29.940801852848146 -1.8837155858794128 2.5
    endloop
  endfacet
  facet normal 0 0 1
    outer loop
      vertex 29.468617521860658 -5.621439437571745 2.5
      vertex 39.38901144571368 -27.807228737273746 2.5
      vertex 29.763441039434337 -3.759997006929122 2.5
    endloop
  endfacet
  facet normal 0 0 1
    outer loop
      vertex 29.763441039434337 -3.759997006929122 2.5
      vertex 40.047183922766436 -28.295362714421145 2.5
      vertex 29.940801852848146 -1.8837155858794128 2.5
    endloop
  endfacet
  facet normal 0 0 1
    outer loop
      vertex 29.940801852848146 -1.8837155858794128 2.5
      vertex 40.65434162290767 -28.845658377092327 2.5
      vertex 41.204637285578855 29.45281607723356 2.5
    endloop
  endfacet
  facet normal 0.5956993044924368 0.8032075314806425 0
    outer loop
      vertex 44.24984808824712 -83.60571048733135 2.5
      vertex 44.24984808824712 -83.60571048733135 -2.5
      vertex 43.43402950890627 -83.00065819230433 2.5
    endloop
  endfacet
  facet normal 0.5141027441932179 0.8577286100002743 0
    outer loop
      vertex 45.12104377385093 -84.12788508600548 2.5
      vertex 45.12104377385093 -84.12788508600548 -2.5
      vertex 44.24984808824712 -83.60571048733135 2.5
    endloop
  endfacet
  facet normal 0.336889853392221 0.9415440651830205 0
    outer loop
      vertex 46.995553590416314 -84.90433247482837 2.5
      vertex 46.995553590416314 -84.90433247482837 -2.5
      vertex 46.03922647502132 -84.56215316149182 2.5
    endloop
  endfacet
  facet normal 0.4275550934302832 0.9039892931234429 0
    outer loop
      vertex 46.03922647502132 -84.56215316149182 2.5
      vertex 46.03922647502132 -84.56215316149182 -2.5
      vertex 45.12104377385093 -84.12788508600548 2.5
    endloop
  endfacet
  facet normal 0.8577286100002713 0.5141027441932231 0
    outer loop
      vertex 40.87211491399452 -79.87895622614907 2.5
      vertex 41.39428951266866 -80.75015191175288 2.5
      vertex 41.39428951266866 -80.75015191175288 -2.5
    endloop
  endfacet
  facet normal 0.8032075314806482 0.5956993044924289 0
    outer loop
      vertex 41.39428951266866 -80.75015191175288 2.5
      vertex 41.99934180769567 -81.56597049109374 2.5
      vertex 41.99934180769567 -81.56597049109374 -2.5
    endloop
  endfacet
  facet normal 0.9039892931234429 0.4275550934302832 0
    outer loop
      vertex 40.43784683850818 -78.96077352497868 2.5
      vertex 40.87211491399452 -79.87895622614907 2.5
      vertex 40.87211491399452 -79.87895622614907 -2.5
    endloop
  endfacet
  facet normal 0.9415440651830211 0.3368898533922188 0
    outer loop
      vertex 40.095667525171635 -78.00444640958368 2.5
      vertex 40.43784683850818 -78.96077352497868 2.5
      vertex 40.43784683850818 -78.96077352497868 -2.5
    endloop
  endfacet
  facet normal 0.9700312531945443 0.2429801799032628 0
    outer loop
      vertex 39.848872347826564 -77.01918483286693 2.5
      vertex 40.095667525171635 -78.00444640958368 2.5
      vertex 40.095667525171635 -78.00444640958368 -2.5
    endloop
  endfacet
  facet normal 0.989176509964781 0.14673047445536114 0
    outer loop
      vertex 39.69983807894276 -76.01447740241095 2.5
      vertex 39.848872347826564 -77.01918483286693 2.5
      vertex 39.848872347826564 -77.01918483286693 -2.5
    endloop
  endfacet
  facet normal 0.9987954562051723 0.04906767432741886 0
    outer loop
      vertex 39.65 -75 2.5
      vertex 39.69983807894276 -76.01447740241095 2.5
      vertex 39.69983807894276 -76.01447740241095 -2.5
    endloop
  endfacet
  facet normal 0.9987954562051723 -0.04906767432741886 0
    outer loop
      vertex 39.69983807894276 -73.98552259758905 2.5
      vertex 39.65 -75 2.5
      vertex 39.65 -75 -2.5
    endloop
  endfacet
  facet normal 0.989176509964781 -0.14673047445536114 0
    outer loop
      vertex 39.848872347826564 -72.98081516713307 2.5
      vertex 39.69983807894276 -73.98552259758905 2.5
      vertex 39.69983807894276 -73.98552259758905 -2.5
    endloop
  endfacet
  facet normal 0.9700312531945443 -0.2429801799032628 0
    outer loop
      vertex 40.095667525171635 -71.99555359041632 2.5
      vertex 39.848872347826564 -72.98081516713307 2.5
      vertex 39.848872347826564 -72.98081516713307 -2.5
    endloop
  endfacet
  facet normal 0.9415440651830211 -0.3368898533922188 0
    outer loop
      vertex 40.43784683850818 -71.03922647502132 2.5
      vertex 40.095667525171635 -71.99555359041632 2.5
      vertex 40.095667525171635 -71.99555359041632 -2.5
    endloop
  endfacet
  facet normal 0.7409511253549574 0.6715589548470201 0
    outer loop
      vertex 41.99934180769567 -81.56597049109374 2.5
      vertex 42.681444814719235 -82.31855518528077 2.5
      vertex 42.681444814719235 -82.31855518528077 -2.5
    endloop
  endfacet
  facet normal 0.6715589548470163 0.7409511253549609 0
    outer loop
      vertex 43.43402950890627 -83.00065819230433 2.5
      vertex 43.43402950890627 -83.00065819230433 -2.5
      vertex 42.681444814719235 -82.31855518528077 2.5
    endloop
  endfacet
  facet normal 0.24298017990325452 0.9700312531945463 0
    outer loop
      vertex 47.98081516713307 -85.15112765217343 2.5
      vertex 47.98081516713307 -85.15112765217343 -2.5
      vertex 46.995553590416314 -84.90433247482837 2.5
    endloop
  endfacet
  facet normal 0.146730474455369 0.9891765099647799 0
    outer loop
      vertex 48.985522597589046 -85.30016192105724 2.5
      vertex 48.985522597589046 -85.30016192105724 -2.5
      vertex 47.98081516713307 -85.15112765217343 2.5
    endloop
  endfacet
  facet normal 0.04906767432741154 0.9987954562051726 0
    outer loop
      vertex 50 -85.35 2.5
      vertex 50 -85.35 -2.5
      vertex 48.985522597589046 -85.30016192105724 2.5
    endloop
  endfacet
  facet normal -0.04906767432741154 0.9987954562051726 0
    outer loop
      vertex 51.014477402410954 -85.30016192105724 2.5
      vertex 51.014477402410954 -85.30016192105724 -2.5
      vertex 50 -85.35 2.5
    endloop
  endfacet
  facet normal -0.146730474455369 0.9891765099647799 0
    outer loop
      vertex 52.01918483286693 -85.15112765217343 2.5
      vertex 52.01918483286693 -85.15112765217343 -2.5
      vertex 51.014477402410954 -85.30016192105724 2.5
    endloop
  endfacet
  facet normal -0.24298017990325452 0.9700312531945463 0
    outer loop
      vertex 53.004446409583686 -84.90433247482837 2.5
      vertex 53.004446409583686 -84.90433247482837 -2.5
      vertex 52.01918483286693 -85.15112765217343 2.5
    endloop
  endfacet
  facet normal -0.336889853392221 0.9415440651830205 0
    outer loop
      vertex 53.96077352497868 -84.56215316149182 2.5
      vertex 53.96077352497868 -84.56215316149182 -2.5
      vertex 53.004446409583686 -84.90433247482837 2.5
    endloop
  endfacet
  facet normal -0.4275550934302832 0.9039892931234429 0
    outer loop
      vertex 54.87895622614907 -84.12788508600548 2.5
      vertex 54.87895622614907 -84.12788508600548 -2.5
      vertex 53.96077352497868 -84.56215316149182 2.5
    endloop
  endfacet
  facet normal -0.5141027441932179 0.8577286100002743 0
    outer loop
      vertex 55.75015191175288 -83.60571048733135 2.5
      vertex 55.75015191175288 -83.60571048733135 -2.5
      vertex 54.87895622614907 -84.12788508600548 2.5
    endloop
  endfacet
  facet normal 0.9039892931234429 -0.4275550934302832 0
    outer loop
      vertex 40.87211491399452 -70.12104377385093 2.5
      vertex 40.43784683850818 -71.03922647502132 2.5
      vertex 40.43784683850818 -71.03922647502132 -2.5
    endloop
  endfacet
  facet normal 0.8577286100002713 -0.5141027441932231 0
    outer loop
      vertex 41.39428951266866 -69.24984808824712 2.5
      vertex 40.87211491399452 -70.12104377385093 2.5
      vertex 40.87211491399452 -70.12104377385093 -2.5
    endloop
  endfacet
  facet normal 0.8032075314806482 -0.5956993044924289 0
    outer loop
      vertex 41.99934180769567 -68.43402950890626 2.5
      vertex 41.39428951266866 -69.24984808824712 2.5
      vertex 41.39428951266866 -69.24984808824712 -2.5
    endloop
  endfacet
  facet normal 0.7409511253549574 -0.6715589548470201 0
    outer loop
      vertex 42.681444814719235 -67.68144481471923 2.5
      vertex 41.99934180769567 -68.43402950890626 2.5
      vertex 41.99934180769567 -68.43402950890626 -2.5
    endloop
  endfacet
  facet normal 0.6715589548470163 -0.7409511253549609 0
    outer loop
      vertex 42.681444814719235 -67.68144481471923 2.5
      vertex 42.681444814719235 -67.68144481471923 -2.5
      vertex 43.43402950890627 -66.99934180769567 2.5
    endloop
  endfacet
  facet normal 0.5956993044924368 -0.8032075314806425 0
    outer loop
      vertex 43.43402950890627 -66.99934180769567 2.5
      vertex 43.43402950890627 -66.99934180769567 -2.5
      vertex 44.24984808824712 -66.39428951266865 2.5
    endloop
  endfacet
  facet normal 0.5141027441932179 -0.8577286100002743 0
    outer loop
      vertex 44.24984808824712 -66.39428951266865 2.5
      vertex 44.24984808824712 -66.39428951266865 -2.5
      vertex 45.12104377385093 -65.87211491399452 2.5
    endloop
  endfacet
  facet normal 0.4275550934302832 -0.9039892931234429 0
    outer loop
      vertex 45.12104377385093 -65.87211491399452 2.5
      vertex 45.12104377385093 -65.87211491399452 -2.5
      vertex 46.03922647502132 -65.43784683850818 2.5
    endloop
  endfacet
  facet normal 0.336889853392221 -0.9415440651830205 0
    outer loop
      vertex 46.03922647502132 -65.43784683850818 2.5
      vertex 46.03922647502132 -65.43784683850818 -2.5
      vertex 46.995553590416314 -65.09566752517163 2.5
    endloop
  endfacet
  facet normal 0.24298017990325452 -0.9700312531945463 0
    outer loop
      vertex 46.995553590416314 -65.09566752517163 2.5
      vertex 46.995553590416314 -65.09566752517163 -2.5
      vertex 47.98081516713307 -64.84887234782657 2.5
    endloop
  endfacet
  facet normal 0.146730474455369 -0.9891765099647799 0
    outer loop
      vertex 47.98081516713307 -64.84887234782657 2.5
      vertex 47.98081516713307 -64.84887234782657 -2.5
      vertex 48.985522597589046 -64.69983807894276 2.5
    endloop
  endfacet
  facet normal 0.04906767432741154 -0.9987954562051726 0
    outer loop
      vertex 48.985522597589046 -64.69983807894276 2.5
      vertex 48.985522597589046 -64.69983807894276 -2.5
      vertex 50 -64.65 2.5
    endloop
  endfacet
  facet normal -0.04906767432741154 -0.9987954562051726 0
    outer loop
      vertex 50 -64.65 2.5
      vertex 50 -64.65 -2.5
      vertex 51.014477402410954 -64.69983807894276 2.5
    endloop
  endfacet
  facet normal -0.146730474455369 -0.9891765099647799 0
    outer loop
      vertex 52.01918483286693 -64.84887234782657 2.5
      vertex 51.014477402410954 -64.69983807894276 2.5
      vertex 51.014477402410954 -64.69983807894276 -2.5
    endloop
  endfacet
  facet normal -0.4275550934302832 -0.9039892931234429 0
    outer loop
      vertex 53.96077352497868 -65.43784683850818 -2.5
      vertex 54.87895622614907 -65.87211491399452 2.5
      vertex 53.96077352497868 -65.43784683850818 2.5
    endloop
  endfacet
  facet normal -0.5141027441932179 -0.8577286100002743 0
    outer loop
      vertex 54.87895622614907 -65.87211491399452 -2.5
      vertex 55.75015191175288 -66.39428951266865 2.5
      vertex 54.87895622614907 -65.87211491399452 2.5
    endloop
  endfacet
  facet normal -0.5956993044924368 -0.8032075314806425 0
    outer loop
      vertex 55.75015191175288 -66.39428951266865 -2.5
      vertex 56.56597049109373 -66.99934180769567 2.5
      vertex 55.75015191175288 -66.39428951266865 2.5
    endloop
  endfacet
  facet normal -0.24298017990325452 -0.9700312531945463 0
    outer loop
      vertex 52.01918483286693 -64.84887234782657 -2.5
      vertex 53.004446409583686 -65.09566752517163 2.5
      vertex 52.01918483286693 -64.84887234782657 2.5
    endloop
  endfacet
  facet normal -0.336889853392221 -0.9415440651830205 0
    outer loop
      vertex 53.004446409583686 -65.09566752517163 -2.5
      vertex 53.96077352497868 -65.43784683850818 2.5
      vertex 53.004446409583686 -65.09566752517163 2.5
    endloop
  endfacet
  facet normal -0.5956993044924368 0.8032075314806425 0
    outer loop
      vertex 56.56597049109373 -83.00065819230433 2.5
      vertex 56.56597049109373 -83.00065819230433 -2.5
      vertex 55.75015191175288 -83.60571048733135 2.5
    endloop
  endfacet
  facet normal -0.6715589548470163 0.7409511253549609 0
    outer loop
      vertex 57.318555185280765 -82.31855518528077 2.5
      vertex 57.318555185280765 -82.31855518528077 -2.5
      vertex 56.56597049109373 -83.00065819230433 2.5
    endloop
  endfacet
  facet normal -0.7409511253549574 0.6715589548470201 0
    outer loop
      vertex 57.318555185280765 -82.31855518528077 2.5
      vertex 58.00065819230433 -81.56597049109374 2.5
      vertex 58.00065819230433 -81.56597049109374 -2.5
    endloop
  endfacet
  facet normal -0.8032075314806482 0.5956993044924289 0
    outer loop
      vertex 58.00065819230433 -81.56597049109374 2.5
      vertex 58.60571048733134 -80.75015191175288 2.5
      vertex 58.60571048733134 -80.75015191175288 -2.5
    endloop
  endfacet
  facet normal -0.8577286100002713 0.5141027441932231 0
    outer loop
      vertex 58.60571048733134 -80.75015191175288 2.5
      vertex 59.12788508600548 -79.87895622614907 2.5
      vertex 59.12788508600548 -79.87895622614907 -2.5
    endloop
  endfacet
  facet normal -0.9039892931234429 0.4275550934302832 0
    outer loop
      vertex 59.12788508600548 -79.87895622614907 2.5
      vertex 59.56215316149182 -78.96077352497868 2.5
      vertex 59.56215316149182 -78.96077352497868 -2.5
    endloop
  endfacet
  facet normal -0.9415440651830211 0.3368898533922188 0
    outer loop
      vertex 59.56215316149182 -78.96077352497868 2.5
      vertex 59.904332474828365 -78.00444640958368 2.5
      vertex 59.904332474828365 -78.00444640958368 -2.5
    endloop
  endfacet
  facet normal -0.9700312531945443 0.2429801799032628 0
    outer loop
      vertex 59.904332474828365 -78.00444640958368 2.5
      vertex 60.151127652173436 -77.01918483286693 2.5
      vertex 60.151127652173436 -77.01918483286693 -2.5
    endloop
  endfacet
  facet normal -0.989176509964781 0.14673047445536114 0
    outer loop
      vertex 60.151127652173436 -77.01918483286693 2.5
      vertex 60.30016192105724 -76.01447740241095 2.5
      vertex 60.30016192105724 -76.01447740241095 -2.5
    endloop
  endfacet
  facet normal -0.9987954562051723 0.04906767432741886 0
    outer loop
      vertex 60.35 -75 -2.5
      vertex 60.30016192105724 -76.01447740241095 2.5
      vertex 60.35 -75 2.5
    endloop
  endfacet
  facet normal -0.9987954562051723 -0.04906767432741886 0
    outer loop
      vertex 60.30016192105724 -73.98552259758905 -2.5
      vertex 60.35 -75 2.5
      vertex 60.30016192105724 -73.98552259758905 2.5
    endloop
  endfacet
  facet normal -0.9415440651830211 -0.3368898533922188 0
    outer loop
      vertex 59.56215316149182 -71.03922647502132 -2.5
      vertex 59.904332474828365 -71.99555359041632 2.5
      vertex 59.56215316149182 -71.03922647502132 2.5
    endloop
  endfacet
  facet normal -0.989176509964781 -0.14673047445536114 0
    outer loop
      vertex 60.151127652173436 -72.98081516713307 -2.5
      vertex 60.30016192105724 -73.98552259758905 2.5
      vertex 60.151127652173436 -72.98081516713307 2.5
    endloop
  endfacet
  facet normal -0.9700312531945443 -0.2429801799032628 0
    outer loop
      vertex 59.904332474828365 -71.99555359041632 -2.5
      vertex 60.151127652173436 -72.98081516713307 2.5
      vertex 59.904332474828365 -71.99555359041632 2.5
    endloop
  endfacet
  facet normal -0.8032075314806482 -0.5956993044924289 0
    outer loop
      vertex 58.00065819230433 -68.43402950890626 -2.5
      vertex 58.60571048733134 -69.24984808824712 2.5
      vertex 58.00065819230433 -68.43402950890626 2.5
    endloop
  endfacet
  facet normal -0.6715589548470163 -0.7409511253549609 0
    outer loop
      vertex 56.56597049109373 -66.99934180769567 -2.5
      vertex 57.318555185280765 -67.68144481471923 2.5
      vertex 56.56597049109373 -66.99934180769567 2.5
    endloop
  endfacet
  facet normal -0.7409511253549574 -0.6715589548470201 0
    outer loop
      vertex 57.318555185280765 -67.68144481471923 -2.5
      vertex 58.00065819230433 -68.43402950890626 2.5
      vertex 57.318555185280765 -67.68144481471923 2.5
    endloop
  endfacet
  facet normal -0.9039892931234429 -0.4275550934302832 0
    outer loop
      vertex 59.12788508600548 -70.12104377385093 -2.5
      vertex 59.56215316149182 -71.03922647502132 2.5
      vertex 59.12788508600548 -70.12104377385093 2.5
    endloop
  endfacet
  facet normal -0.8577286100002713 -0.5141027441932231 0
    outer loop
      vertex 58.60571048733134 -69.24984808824712 -2.5
      vertex 59.12788508600548 -70.12104377385093 2.5
      vertex 58.60571048733134 -69.24984808824712 2.5
    endloop
  endfacet
  facet normal 0 0 1
    outer loop
      vertex 41.99934180769567 -68.43402950890626 2.5
      vertex 32.32612294492524 -42.740451803363946 2.5
      vertex 41.39428951266866 -69.24984808824712 2.5
    endloop
  endfacet
  facet normal 0 0 1
    outer loop
      vertex 42.681444814719235 -67.68144481471923 2.5
      vertex 33.12099581116533 -42.93955709136697 2.5
      vertex 41.99934180769567 -68.43402950890626 2.5
    endloop
  endfacet
  facet normal 0 0 1
    outer loop
      vertex 33.931556878248166 -43.059792467712846 2.5
      vertex 42.681444814719235 -67.68144481471923 2.5
      vertex 43.43402950890627 -66.99934180769567 2.5
    endloop
  endfacet
  facet normal 0 0 1
    outer loop
      vertex 33.931556878248166 -43.059792467712846 2.5
      vertex 43.43402950890627 -66.99934180769567 2.5
      vertex 44.24984808824712 -66.39428951266865 2.5
    endloop
  endfacet
  facet normal 0 0 1
    outer loop
      vertex 33.931556878248166 -43.059792467712846 2.5
      vertex 44.24984808824712 -66.39428951266865 2.5
      vertex 45.12104377385093 -65.87211491399452 2.5
    endloop
  endfacet
  facet normal 0 0 1
    outer loop
      vertex 33.931556878248166 -43.059792467712846 2.5
      vertex 45.12104377385093 -65.87211491399452 2.5
      vertex 46.03922647502132 -65.43784683850818 2.5
    endloop
  endfacet
  facet normal 0 0 1
    outer loop
      vertex 52.01918483286693 -64.84887234782657 2.5
      vertex 34.75 -43.1 2.5
      vertex 33.931556878248166 -43.059792467712846 2.5
    endloop
  endfacet
  facet normal 0 0 1
    outer loop
      vertex 52.01918483286693 -64.84887234782657 2.5
      vertex 35.568443121751834 -43.059792467712846 2.5
      vertex 34.75 -43.1 2.5
    endloop
  endfacet
  facet normal 0 0 1
    outer loop
      vertex 52.01918483286693 -64.84887234782657 2.5
      vertex 36.37900418883467 -42.93955709136697 2.5
      vertex 35.568443121751834 -43.059792467712846 2.5
    endloop
  endfacet
  facet normal 0 0 1
    outer loop
      vertex 52.01918483286693 -64.84887234782657 2.5
      vertex 37.17387705507476 -42.740451803363946 2.5
      vertex 36.37900418883467 -42.93955709136697 2.5
    endloop
  endfacet
  facet normal 0 0 1
    outer loop
      vertex 33.931556878248166 -43.059792467712846 2.5
      vertex 46.03922647502132 -65.43784683850818 2.5
      vertex 46.995553590416314 -65.09566752517163 2.5
    endloop
  endfacet
  facet normal 0 0 1
    outer loop
      vertex 33.931556878248166 -43.059792467712846 2.5
      vertex 46.995553590416314 -65.09566752517163 2.5
      vertex 47.98081516713307 -64.84887234782657 2.5
    endloop
  endfacet
  facet normal 0 0 1
    outer loop
      vertex 33.931556878248166 -43.059792467712846 2.5
      vertex 47.98081516713307 -64.84887234782657 2.5
      vertex 48.985522597589046 -64.69983807894276 2.5
    endloop
  endfacet
  facet normal 0 0 1
    outer loop
      vertex 33.931556878248166 -43.059792467712846 2.5
      vertex 48.985522597589046 -64.69983807894276 2.5
      vertex 50 -64.65 2.5
    endloop
  endfacet
  facet normal 0 0 1
    outer loop
      vertex 33.931556878248166 -43.059792467712846 2.5
      vertex 50 -64.65 2.5
      vertex 51.014477402410954 -64.69983807894276 2.5
    endloop
  endfacet
  facet normal 0 0 1
    outer loop
      vertex 52.01918483286693 -64.84887234782657 2.5
      vertex 33.931556878248166 -43.059792467712846 2.5
      vertex 51.014477402410954 -64.69983807894276 2.5
    endloop
  endfacet
  facet normal 0 0 1
    outer loop
      vertex 52.01918483286693 -64.84887234782657 2.5
      vertex 37.9454066602485 -42.46439409646924 2.5
      vertex 37.17387705507476 -42.740451803363946 2.5
    endloop
  endfacet
  facet normal 0 0 1
    outer loop
      vertex 52.01918483286693 -64.84887234782657 2.5
      vertex 38.68616275249708 -42.114042557308764 2.5
      vertex 37.9454066602485 -42.46439409646924 2.5
    endloop
  endfacet
  facet normal 0 0 1
    outer loop
      vertex 52.01918483286693 -64.84887234782657 2.5
      vertex 39.38901144571368 -41.692771262726254 2.5
      vertex 38.68616275249708 -42.114042557308764 2.5
    endloop
  endfacet
  facet normal 0 0 1
    outer loop
      vertex 52.01918483286693 -64.84887234782657 2.5
      vertex 40.047183922766436 -41.204637285578855 2.5
      vertex 39.38901144571368 -41.692771262726254 2.5
    endloop
  endfacet
  facet normal 0 0 1
    outer loop
      vertex 52.01918483286693 -64.84887234782657 2.5
      vertex 40.65434162290767 -40.65434162290767 2.5
      vertex 40.047183922766436 -41.204637285578855 2.5
    endloop
  endfacet
  facet normal 0 0 1
    outer loop
      vertex 52.01918483286693 -64.84887234782657 2.5
      vertex 41.204637285578855 -40.047183922766436 2.5
      vertex 40.65434162290767 -40.65434162290767 2.5
    endloop
  endfacet
  facet normal 0 0 1
    outer loop
      vertex 52.01918483286693 -64.84887234782657 2.5
      vertex 41.692771262726254 -39.38901144571368 2.5
      vertex 41.204637285578855 -40.047183922766436 2.5
    endloop
  endfacet
  facet normal 0 0 1
    outer loop
      vertex 53.004446409583686 -65.09566752517163 2.5
      vertex 42.114042557308764 -38.68616275249708 2.5
      vertex 41.692771262726254 -39.38901144571368 2.5
    endloop
  endfacet
  facet normal 0 0 1
    outer loop
      vertex 52.01918483286693 -64.84887234782657 2.5
      vertex 53.004446409583686 -65.09566752517163 2.5
      vertex 41.692771262726254 -39.38901144571368 2.5
    endloop
  endfacet
  facet normal 0 0 1
    outer loop
      vertex 53.004446409583686 -65.09566752517163 2.5
      vertex 53.96077352497868 -65.43784683850818 2.5
      vertex 42.114042557308764 -38.68616275249708 2.5
    endloop
  endfacet
  facet normal 0 0 1
    outer loop
      vertex 53.96077352497868 -65.43784683850818 2.5
      vertex 54.87895622614907 -65.87211491399452 2.5
      vertex 42.740451803363946 -37.17387705507476 2.5
    endloop
  endfacet
  facet normal 0 0 1
    outer loop
      vertex 54.87895622614907 -65.87211491399452 2.5
      vertex 55.75015191175288 -66.39428951266865 2.5
      vertex 42.93955709136697 -36.37900418883467 2.5
    endloop
  endfacet
  facet normal 0 0 1
    outer loop
      vertex 55.75015191175288 -66.39428951266865 2.5
      vertex 56.56597049109373 -66.99934180769567 2.5
      vertex 43.059792467712846 -35.568443121751834 2.5
    endloop
  endfacet
  facet normal 0 0 1
    outer loop
      vertex 75 -95 2.5
      vertex 50 -85.35 2.5
      vertex 48.985522597589046 -85.30016192105724 2.5
    endloop
  endfacet
  facet normal 0 0 1
    outer loop
      vertex 75 -95 2.5
      vertex 51.014477402410954 -85.30016192105724 2.5
      vertex 50 -85.35 2.5
    endloop
  endfacet
  facet normal 0 0 1
    outer loop
      vertex 75 -95 2.5
      vertex 52.01918483286693 -85.15112765217343 2.5
      vertex 51.014477402410954 -85.30016192105724 2.5
    endloop
  endfacet
  facet normal 0 0 1
    outer loop
      vertex 75 -95 2.5
      vertex 53.004446409583686 -84.90433247482837 2.5
      vertex 52.01918483286693 -85.15112765217343 2.5
    endloop
  endfacet
  facet normal 0 0 1
    outer loop
      vertex 75 -95 2.5
      vertex 53.96077352497868 -84.56215316149182 2.5
      vertex 53.004446409583686 -84.90433247482837 2.5
    endloop
  endfacet
  facet normal 0 0 1
    outer loop
      vertex 75 -95 2.5
      vertex 54.87895622614907 -84.12788508600548 2.5
      vertex 53.96077352497868 -84.56215316149182 2.5
    endloop
  endfacet
  facet normal 0 0 1
    outer loop
      vertex 75 -95 2.5
      vertex 55.75015191175288 -83.60571048733135 2.5
      vertex 54.87895622614907 -84.12788508600548 2.5
    endloop
  endfacet
  facet normal 0 0 1
    outer loop
      vertex 75 -95 2.5
      vertex 56.56597049109373 -83.00065819230433 2.5
      vertex 55.75015191175288 -83.60571048733135 2.5
    endloop
  endfacet
  facet normal 0 0 1
    outer loop
      vertex 75 -95 2.5
      vertex 57.318555185280765 -82.31855518528077 2.5
      vertex 56.56597049109373 -83.00065819230433 2.5
    endloop
  endfacet
  facet normal 0 0 1
    outer loop
      vertex 75 -95 2.5
      vertex 58.00065819230433 -81.56597049109374 2.5
      vertex 57.318555185280765 -82.31855518528077 2.5
    endloop
  endfacet
  facet normal 0 0 1
    outer loop
      vertex 75 -95 2.5
      vertex 58.60571048733134 -80.75015191175288 2.5
      vertex 58.00065819230433 -81.56597049109374 2.5
    endloop
  endfacet
  facet normal 0 0 1
    outer loop
      vertex 75 -95 2.5
      vertex 59.12788508600548 -79.87895622614907 2.5
      vertex 58.60571048733134 -80.75015191175288 2.5
    endloop
  endfacet
  facet normal 0 0 1
    outer loop
      vertex 75 -95 2.5
      vertex 59.56215316149182 -78.96077352497868 2.5
      vertex 59.12788508600548 -79.87895622614907 2.5
    endloop
  endfacet
  facet normal 0 0 1
    outer loop
      vertex 75 -95 2.5
      vertex 59.904332474828365 -78.00444640958368 2.5
      vertex 59.56215316149182 -78.96077352497868 2.5
    endloop
  endfacet
  facet normal 0 0 1
    outer loop
      vertex 75 -95 2.5
      vertex 60.151127652173436 -77.01918483286693 2.5
      vertex 59.904332474828365 -78.00444640958368 2.5
    endloop
  endfacet
  facet normal 0 0 1
    outer loop
      vertex 75 -95 2.5
      vertex 60.30016192105724 -76.01447740241095 2.5
      vertex 60.151127652173436 -77.01918483286693 2.5
    endloop
  endfacet
  facet normal 0 0 1
    outer loop
      vertex 75 -95 2.5
      vertex 60.35 -75 2.5
      vertex 60.30016192105724 -76.01447740241095 2.5
    endloop
  endfacet
  facet normal 0 0 1
    outer loop
      vertex 75 -95 2.5
      vertex 60.30016192105724 -73.98552259758905 2.5
      vertex 60.35 -75 2.5
    endloop
  endfacet
  facet normal -0.33688985339222477 0.941544065183019 0
    outer loop
      vertex 37.9454066602485 -42.46439409646924 -2.5
      vertex 37.17387705507476 -42.740451803363946 2.5
      vertex 37.9454066602485 -42.46439409646924 2.5
    endloop
  endfacet
  facet normal -0.4275550934302798 0.9039892931234444 0
    outer loop
      vertex 38.68616275249708 -42.114042557308764 -2.5
      vertex 37.9454066602485 -42.46439409646924 2.5
      vertex 38.68616275249708 -42.114042557308764 2.5
    endloop
  endfacet
  facet normal -0.5141027441932223 0.8577286100002717 0
    outer loop
      vertex 39.38901144571368 -41.692771262726254 -2.5
      vertex 38.68616275249708 -42.114042557308764 2.5
      vertex 39.38901144571368 -41.692771262726254 2.5
    endloop
  endfacet
  facet normal -0.5956993044924348 0.8032075314806438 0
    outer loop
      vertex 40.047183922766436 -41.204637285578855 -2.5
      vertex 39.38901144571368 -41.692771262726254 2.5
      vertex 40.047183922766436 -41.204637285578855 2.5
    endloop
  endfacet
  facet normal -0.6715589548470159 0.7409511253549614 0
    outer loop
      vertex 40.65434162290767 -40.65434162290767 -2.5
      vertex 40.047183922766436 -41.204637285578855 2.5
      vertex 40.65434162290767 -40.65434162290767 2.5
    endloop
  endfacet
  facet normal -0.7409511253549614 0.6715589548470159 0
    outer loop
      vertex 41.204637285578855 -40.047183922766436 -2.5
      vertex 40.65434162290767 -40.65434162290767 2.5
      vertex 41.204637285578855 -40.047183922766436 2.5
    endloop
  endfacet
  facet normal -0.8032075314806438 0.5956993044924348 0
    outer loop
      vertex 41.692771262726254 -39.38901144571368 -2.5
      vertex 41.204637285578855 -40.047183922766436 2.5
      vertex 41.692771262726254 -39.38901144571368 2.5
    endloop
  endfacet
  facet normal -0.8577286100002717 0.5141027441932223 0
    outer loop
      vertex 42.114042557308764 -38.68616275249708 -2.5
      vertex 41.692771262726254 -39.38901144571368 2.5
      vertex 42.114042557308764 -38.68616275249708 2.5
    endloop
  endfacet
  facet normal -0.9039892931234444 0.4275550934302798 0
    outer loop
      vertex 42.46439409646924 -37.9454066602485 -2.5
      vertex 42.114042557308764 -38.68616275249708 2.5
      vertex 42.46439409646924 -37.9454066602485 2.5
    endloop
  endfacet
  facet normal -0.941544065183019 0.33688985339222477 0
    outer loop
      vertex 42.740451803363946 -37.17387705507476 -2.5
      vertex 42.46439409646924 -37.9454066602485 2.5
      vertex 42.740451803363946 -37.17387705507476 2.5
    endloop
  endfacet
  facet normal -0.9700312531945453 0.24298017990325782 0
    outer loop
      vertex 42.93955709136697 -36.37900418883467 -2.5
      vertex 42.740451803363946 -37.17387705507476 2.5
      vertex 42.93955709136697 -36.37900418883467 2.5
    endloop
  endfacet
  facet normal -0.98917650996478 0.14673047445536802 0
    outer loop
      vertex 43.059792467712846 -35.568443121751834 -2.5
      vertex 42.93955709136697 -36.37900418883467 2.5
      vertex 43.059792467712846 -35.568443121751834 2.5
    endloop
  endfacet
  facet normal -0.8577286100002729 -0.5141027441932204 0
    outer loop
      vertex 41.692771262726254 -30.110988554286322 -2.5
      vertex 42.114042557308764 -30.81383724750292 2.5
      vertex 41.692771262726254 -30.110988554286322 2.5
    endloop
  endfacet
  facet normal -0.4275550934302798 -0.9039892931234444 0
    outer loop
      vertex 37.9454066602485 -27.035605903530758 -2.5
      vertex 38.68616275249708 -27.385957442691236 2.5
      vertex 37.9454066602485 -27.035605903530758 2.5
    endloop
  endfacet
  facet normal -0.5141027441932223 -0.8577286100002717 0
    outer loop
      vertex 38.68616275249708 -27.385957442691236 -2.5
      vertex 39.38901144571368 -27.807228737273746 2.5
      vertex 38.68616275249708 -27.385957442691236 2.5
    endloop
  endfacet
  facet normal -0.5956993044924348 -0.8032075314806438 0
    outer loop
      vertex 39.38901144571368 -27.807228737273746 -2.5
      vertex 40.047183922766436 -28.295362714421145 2.5
      vertex 39.38901144571368 -27.807228737273746 2.5
    endloop
  endfacet
  facet normal -0.6715589548470159 -0.7409511253549614 0
    outer loop
      vertex 40.047183922766436 -28.295362714421145 -2.5
      vertex 40.65434162290767 -28.845658377092327 2.5
      vertex 40.047183922766436 -28.295362714421145 2.5
    endloop
  endfacet
  facet normal -0.7409511253549595 -0.6715589548470181 0
    outer loop
      vertex 40.65434162290767 -28.845658377092327 -2.5
      vertex 41.204637285578855 -29.45281607723356 2.5
      vertex 40.65434162290767 -28.845658377092327 2.5
    endloop
  endfacet
  facet normal -0.8032075314806454 -0.5956993044924327 0
    outer loop
      vertex 41.204637285578855 -29.45281607723356 -2.5
      vertex 41.692771262726254 -30.110988554286322 2.5
      vertex 41.204637285578855 -29.45281607723356 2.5
    endloop
  endfacet
  facet normal -0.9987954562051725 0.04906767432741706 0
    outer loop
      vertex 43.1 -34.75 -2.5
      vertex 43.059792467712846 -35.568443121751834 2.5
      vertex 43.1 -34.75 2.5
    endloop
  endfacet
  facet normal -0.9987954562051725 -0.04906767432741706 0
    outer loop
      vertex 43.059792467712846 -33.931556878248166 -2.5
      vertex 43.1 -34.75 2.5
      vertex 43.059792467712846 -33.931556878248166 2.5
    endloop
  endfacet
  facet normal -0.98917650996478 -0.14673047445536802 0
    outer loop
      vertex 42.93955709136697 -33.12099581116533 -2.5
      vertex 43.059792467712846 -33.931556878248166 2.5
      vertex 42.93955709136697 -33.12099581116533 2.5
    endloop
  endfacet
  facet normal -0.941544065183019 -0.33688985339222477 0
    outer loop
      vertex 42.46439409646924 -31.5545933397515 -2.5
      vertex 42.740451803363946 -32.32612294492524 2.5
      vertex 42.46439409646924 -31.5545933397515 2.5
    endloop
  endfacet
  facet normal -0.9700312531945453 -0.24298017990325782 0
    outer loop
      vertex 42.740451803363946 -32.32612294492524 -2.5
      vertex 42.93955709136697 -33.12099581116533 2.5
      vertex 42.740451803363946 -32.32612294492524 2.5
    endloop
  endfacet
  facet normal -0.9039892931234437 -0.4275550934302815 0
    outer loop
      vertex 42.114042557308764 -30.81383724750292 -2.5
      vertex 42.46439409646924 -31.5545933397515 2.5
      vertex 42.114042557308764 -30.81383724750292 2.5
    endloop
  endfacet
  facet normal 0 0 1
    outer loop
      vertex 53.96077352497868 -65.43784683850818 2.5
      vertex 42.46439409646924 -37.9454066602485 2.5
      vertex 42.114042557308764 -38.68616275249708 2.5
    endloop
  endfacet
  facet normal 0 0 1
    outer loop
      vertex 53.96077352497868 -65.43784683850818 2.5
      vertex 42.740451803363946 -37.17387705507476 2.5
      vertex 42.46439409646924 -37.9454066602485 2.5
    endloop
  endfacet
  facet normal 0 0 1
    outer loop
      vertex 54.87895622614907 -65.87211491399452 2.5
      vertex 42.93955709136697 -36.37900418883467 2.5
      vertex 42.740451803363946 -37.17387705507476 2.5
    endloop
  endfacet
  facet normal 0 0 1
    outer loop
      vertex 55.75015191175288 -66.39428951266865 2.5
      vertex 43.059792467712846 -35.568443121751834 2.5
      vertex 42.93955709136697 -36.37900418883467 2.5
    endloop
  endfacet
  facet normal 0 0 1
    outer loop
      vertex 56.56597049109373 -66.99934180769567 2.5
      vertex 43.1 -34.75 2.5
      vertex 43.059792467712846 -35.568443121751834 2.5
    endloop
  endfacet
  facet normal 0 0 1
    outer loop
      vertex 43.1 -34.75 2.5
      vertex 42.740451803363946 32.32612294492524 2.5
      vertex 43.059792467712846 -33.931556878248166 2.5
    endloop
  endfacet
  facet normal 0 0 1
    outer loop
      vertex 41.692771262726254 -30.110988554286322 2.5
      vertex 41.692771262726254 30.110988554286322 2.5
      vertex 41.204637285578855 -29.45281607723356 2.5
    endloop
  endfacet
  facet normal 0 0 1
    outer loop
      vertex 41.204637285578855 -29.45281607723356 2.5
      vertex 41.204637285578855 29.45281607723356 2.5
      vertex 40.65434162290767 -28.845658377092327 2.5
    endloop
  endfacet
  facet normal 0 0 1
    outer loop
      vertex 42.114042557308764 -30.81383724750292 2.5
      vertex 42.114042557308764 30.81383724750292 2.5
      vertex 41.692771262726254 -30.110988554286322 2.5
    endloop
  endfacet
  facet normal 0 0 1
    outer loop
      vertex 42.93955709136697 -33.12099581116533 2.5
      vertex 42.46439409646924 31.5545933397515 2.5
      vertex 42.740451803363946 -32.32612294492524 2.5
    endloop
  endfacet
  facet normal 0 0 1
    outer loop
      vertex 42.740451803363946 -32.32612294492524 2.5
      vertex 42.46439409646924 31.5545933397515 2.5
      vertex 42.46439409646924 -31.5545933397515 2.5
    endloop
  endfacet
  facet normal 0 0 1
    outer loop
      vertex 43.059792467712846 -33.931556878248166 2.5
      vertex 42.46439409646924 31.5545933397515 2.5
      vertex 42.93955709136697 -33.12099581116533 2.5
    endloop
  endfacet
  facet normal 0 0 1
    outer loop
      vertex 42.46439409646924 -31.5545933397515 2.5
      vertex 42.46439409646924 31.5545933397515 2.5
      vertex 42.114042557308764 -30.81383724750292 2.5
    endloop
  endfacet
  facet normal 0 0 1
    outer loop
      vertex 56.56597049109373 -66.99934180769567 2.5
      vertex 43.1 34.75 2.5
      vertex 43.1 -34.75 2.5
    endloop
  endfacet
  facet normal 0 0 1
    outer loop
      vertex 75 -95 2.5
      vertex 75 95 2.5
      vertex 60.30016192105724 -73.98552259758905 2.5
    endloop
  endfacet
  facet normal 0 0 1
    outer loop
      vertex 75 95 2.5
      vertex 56.56597049109373 -66.99934180769567 2.5
      vertex 57.318555185280765 -67.68144481471923 2.5
    endloop
  endfacet
  facet normal 0 0 1
    outer loop
      vertex 75 95 2.5
      vertex 59.904332474828365 -71.99555359041632 2.5
      vertex 60.151127652173436 -72.98081516713307 2.5
    endloop
  endfacet
  facet normal 0 0 1
    outer loop
      vertex 75 95 2.5
      vertex 60.151127652173436 -72.98081516713307 2.5
      vertex 60.30016192105724 -73.98552259758905 2.5
    endloop
  endfacet
  facet normal 0 0 1
    outer loop
      vertex 75 95 2.5
      vertex 59.56215316149182 -71.03922647502132 2.5
      vertex 59.904332474828365 -71.99555359041632 2.5
    endloop
  endfacet
  facet normal 0 0 1
    outer loop
      vertex 75 95 2.5
      vertex 59.12788508600548 -70.12104377385093 2.5
      vertex 59.56215316149182 -71.03922647502132 2.5
    endloop
  endfacet
  facet normal 0 0 1
    outer loop
      vertex 75 95 2.5
      vertex 57.318555185280765 -67.68144481471923 2.5
      vertex 58.00065819230433 -68.43402950890626 2.5
    endloop
  endfacet
  facet normal 0 0 1
    outer loop
      vertex 75 95 2.5
      vertex 58.00065819230433 -68.43402950890626 2.5
      vertex 58.60571048733134 -69.24984808824712 2.5
    endloop
  endfacet
  facet normal 0 0 1
    outer loop
      vertex 75 95 2.5
      vertex 58.60571048733134 -69.24984808824712 2.5
      vertex 59.12788508600548 -70.12104377385093 2.5
    endloop
  endfacet
  facet normal 0 0 -1
    outer loop
      vertex -9.270509831248422 28.531695488854606 -2.5
      vertex -11.043736580540337 27.893294576647545 -2.5
      vertex 40.095667525171635 78.00444640958368 -2.5
    endloop
  endfacet
  facet normal 0 0 -1
    outer loop
      vertex -7.460696614945645 29.057494833858932 -2.5
      vertex -9.270509831248422 28.531695488854606 -2.5
      vertex 40.095667525171635 78.00444640958368 -2.5
    endloop
  endfacet
  facet normal 0 0 -1
    outer loop
      vertex -5.621439437571738 29.46861752186066 -2.5
      vertex -7.460696614945645 29.057494833858932 -2.5
      vertex 39.848872347826564 77.01918483286693 -2.5
    endloop
  endfacet
  facet normal 0 0 -1
    outer loop
      vertex 3.7599970069291286 29.763441039434337 -2.5
      vertex 1.8837155858793984 29.940801852848146 -2.5
      vertex 28.295362714421145 40.047183922766436 -2.5
    endloop
  endfacet
  facet normal 0 0 -1
    outer loop
      vertex 7.460696614945645 29.057494833858932 -2.5
      vertex 5.621439437571738 29.46861752186066 -2.5
      vertex 27.385957442691236 38.68616275249708 -2.5
    endloop
  endfacet
  facet normal 0 0 -1
    outer loop
      vertex 5.621439437571738 29.46861752186066 -2.5
      vertex 3.7599970069291286 29.763441039434337 -2.5
      vertex 27.807228737273746 39.38901144571368 -2.5
    endloop
  endfacet
  facet normal 0 0 -1
    outer loop
      vertex 14.452610223051456 26.289200401315906 -2.5
      vertex 12.773378746952181 27.144811573980583 -2.5
      vertex 26.440207532287154 33.931556878248166 -2.5
    endloop
  endfacet
  facet normal 0 0 -1
    outer loop
      vertex 9.270509831248422 28.531695488854606 -2.5
      vertex 7.460696614945645 29.057494833858932 -2.5
      vertex 27.035605903530758 37.9454066602485 -2.5
    endloop
  endfacet
  facet normal 0 0 -1
    outer loop
      vertex 11.043736580540337 27.893294576647545 -2.5
      vertex 9.270509831248422 28.531695488854606 -2.5
      vertex 26.56044290863303 36.37900418883467 -2.5
    endloop
  endfacet
  facet normal 0 0 -1
    outer loop
      vertex 12.773378746952181 27.144811573980583 -2.5
      vertex 11.043736580540337 27.893294576647545 -2.5
      vertex 26.440207532287154 35.568443121751834 -2.5
    endloop
  endfacet
  facet normal 0 0 -1
    outer loop
      vertex -3.7599970069291286 29.763441039434337 -2.5
      vertex -5.621439437571738 29.46861752186066 -2.5
      vertex 39.69983807894276 76.01447740241095 -2.5
    endloop
  endfacet
  facet normal 0 0 -1
    outer loop
      vertex -1.8837155858793984 29.940801852848146 -2.5
      vertex -3.7599970069291286 29.763441039434337 -2.5
      vertex 39.65 75 -2.5
    endloop
  endfacet
  facet normal 0 0 -1
    outer loop
      vertex -1.8837155858793984 29.940801852848146 -2.5
      vertex 39.69983807894276 73.98552259758905 -2.5
      vertex 0 30 -2.5
    endloop
  endfacet
  facet normal 0 0 -1
    outer loop
      vertex 1.8837155858793984 29.940801852848146 -2.5
      vertex 0 30 -2.5
      vertex 39.69983807894276 73.98552259758905 -2.5
    endloop
  endfacet
  facet normal 0 0 -1
    outer loop
      vertex 21.869058822642348 20.536413177860663 -2.5
      vertex 29.45281607723356 28.295362714421145 -2.5
      vertex 23.115397283273673 19.12271969246069 -2.5
    endloop
  endfacet
  facet normal 0 0 -1
    outer loop
      vertex 24.270509831248425 17.633557568774194 -2.5
      vertex 32.32612294492524 26.759548196636057 -2.5
      vertex 25.329837765060454 16.0748038493699 -2.5
    endloop
  endfacet
  facet normal 0 0 -1
    outer loop
      vertex 23.115397283273673 19.12271969246069 -2.5
      vertex 30.81383724750292 27.385957442691236 -2.5
      vertex 24.270509831248425 17.633557568774194 -2.5
    endloop
  endfacet
  facet normal 0 0 -1
    outer loop
      vertex 30 0 -2.5
      vertex 40.65434162290767 28.845658377092327 -2.5
      vertex 40.65434162290767 -28.845658377092327 -2.5
    endloop
  endfacet
  facet normal 0 0 -1
    outer loop
      vertex 30 0 -2.5
      vertex 29.940801852848146 1.8837155858794012 -2.5
      vertex 40.65434162290767 28.845658377092327 -2.5
    endloop
  endfacet
  facet normal 0 0 -1
    outer loop
      vertex 29.763441039434337 3.7599970069291277 -2.5
      vertex 40.047183922766436 28.295362714421145 -2.5
      vertex 29.940801852848146 1.8837155858794012 -2.5
    endloop
  endfacet
  facet normal 0 0 -1
    outer loop
      vertex 27.144811573980586 12.77337874695218 -2.5
      vertex 35.568443121751834 26.440207532287154 -2.5
      vertex 27.89329457664754 11.043736580540338 -2.5
    endloop
  endfacet
  facet normal 0 0 -1
    outer loop
      vertex 28.531695488854606 9.270509831248422 -2.5
      vertex 37.9454066602485 27.035605903530758 -2.5
      vertex 29.057494833858932 7.460696614945644 -2.5
    endloop
  endfacet
  facet normal 0 0 -1
    outer loop
      vertex 29.057494833858932 7.460696614945644 -2.5
      vertex 38.68616275249708 27.385957442691236 -2.5
      vertex 29.46861752186066 5.6214394375717385 -2.5
    endloop
  endfacet
  facet normal 0 0 -1
    outer loop
      vertex 27.89329457664754 11.043736580540338 -2.5
      vertex 37.17387705507476 26.759548196636057 -2.5
      vertex 28.531695488854606 9.270509831248422 -2.5
    endloop
  endfacet
  facet normal 0 0 -1
    outer loop
      vertex 25.329837765060454 16.0748038493699 -2.5
      vertex 33.12099581116533 26.56044290863303 -2.5
      vertex 26.289200401315906 14.45261022305146 -2.5
    endloop
  endfacet
  facet normal 0 0 -1
    outer loop
      vertex 26.289200401315906 14.45261022305146 -2.5
      vertex 34.75 26.4 -2.5
      vertex 27.144811573980586 12.77337874695218 -2.5
    endloop
  endfacet
  facet normal 0 0 -1
    outer loop
      vertex 32.32612294492524 26.759548196636057 -2.5
      vertex 33.12099581116533 26.56044290863303 -2.5
      vertex 25.329837765060454 16.0748038493699 -2.5
    endloop
  endfacet
  facet normal 0 0 -1
    outer loop
      vertex 33.12099581116533 26.56044290863303 -2.5
      vertex 33.931556878248166 26.440207532287154 -2.5
      vertex 26.289200401315906 14.45261022305146 -2.5
    endloop
  endfacet
  facet normal 0 0 -1
    outer loop
      vertex 34.75 26.4 -2.5
      vertex 35.568443121751834 26.440207532287154 -2.5
      vertex 27.144811573980586 12.77337874695218 -2.5
    endloop
  endfacet
  facet normal 0 0 -1
    outer loop
      vertex 33.931556878248166 26.440207532287154 -2.5
      vertex 34.75 26.4 -2.5
      vertex 26.289200401315906 14.45261022305146 -2.5
    endloop
  endfacet
  facet normal 0 0 -1
    outer loop
      vertex 29.46861752186066 5.6214394375717385 -2.5
      vertex 39.38901144571368 27.807228737273746 -2.5
      vertex 29.763441039434337 3.7599970069291277 -2.5
    endloop
  endfacet
  facet normal 0 0 -1
    outer loop
      vertex 35.568443121751834 26.440207532287154 -2.5
      vertex 36.37900418883467 26.56044290863303 -2.5
      vertex 27.89329457664754 11.043736580540338 -2.5
    endloop
  endfacet
  facet normal 0 0 -1
    outer loop
      vertex 27.89329457664754 11.043736580540338 -2.5
      vertex 36.37900418883467 26.56044290863303 -2.5
      vertex 37.17387705507476 26.759548196636057 -2.5
    endloop
  endfacet
  facet normal 0 0 -1
    outer loop
      vertex 37.17387705507476 26.759548196636057 -2.5
      vertex 37.9454066602485 27.035605903530758 -2.5
      vertex 28.531695488854606 9.270509831248422 -2.5
    endloop
  endfacet
  facet normal 0 0 -1
    outer loop
      vertex 37.9454066602485 27.035605903530758 -2.5
      vertex 38.68616275249708 27.385957442691236 -2.5
      vertex 29.057494833858932 7.460696614945644 -2.5
    endloop
  endfacet
  facet normal 0 0 -1
    outer loop
      vertex 38.68616275249708 27.385957442691236 -2.5
      vertex 39.38901144571368 27.807228737273746 -2.5
      vertex 29.46861752186066 5.6214394375717385 -2.5
    endloop
  endfacet
  facet normal 0 0 -1
    outer loop
      vertex 39.38901144571368 27.807228737273746 -2.5
      vertex 40.047183922766436 28.295362714421145 -2.5
      vertex 29.763441039434337 3.7599970069291277 -2.5
    endloop
  endfacet
  facet normal 0 0 -1
    outer loop
      vertex 40.047183922766436 28.295362714421145 -2.5
      vertex 40.65434162290767 28.845658377092327 -2.5
      vertex 29.940801852848146 1.8837155858794012 -2.5
    endloop
  endfacet
  facet normal 0 0 -1
    outer loop
      vertex 26.56044290863303 33.12099581116533 -2.5
      vertex 16.0748038493699 25.329837765060454 -2.5
      vertex 14.452610223051456 26.289200401315906 -2.5
    endloop
  endfacet
  facet normal 0 0 -1
    outer loop
      vertex 26.56044290863303 33.12099581116533 -2.5
      vertex 17.633557568774194 24.270509831248425 -2.5
      vertex 16.0748038493699 25.329837765060454 -2.5
    endloop
  endfacet
  facet normal 0 0 -1
    outer loop
      vertex 19.12271969246069 23.115397283273673 -2.5
      vertex 17.633557568774194 24.270509831248425 -2.5
      vertex 27.807228737273746 30.110988554286322 -2.5
    endloop
  endfacet
  facet normal 0 0 -1
    outer loop
      vertex 28.295362714421145 29.45281607723356 -2.5
      vertex 20.536413177860663 21.869058822642348 -2.5
      vertex 19.12271969246069 23.115397283273673 -2.5
    endloop
  endfacet
  facet normal 0 0 -1
    outer loop
      vertex 9.270509831248422 28.531695488854606 -2.5
      vertex 26.759548196636057 37.17387705507476 -2.5
      vertex 26.56044290863303 36.37900418883467 -2.5
    endloop
  endfacet
  facet normal 0 0 -1
    outer loop
      vertex 9.270509831248422 28.531695488854606 -2.5
      vertex 27.035605903530758 37.9454066602485 -2.5
      vertex 26.759548196636057 37.17387705507476 -2.5
    endloop
  endfacet
  facet normal 0 0 -1
    outer loop
      vertex 7.460696614945645 29.057494833858932 -2.5
      vertex 27.385957442691236 38.68616275249708 -2.5
      vertex 27.035605903530758 37.9454066602485 -2.5
    endloop
  endfacet
  facet normal 0 0 -1
    outer loop
      vertex 26.440207532287154 33.931556878248166 -2.5
      vertex 12.773378746952181 27.144811573980583 -2.5
      vertex 26.4 34.75 -2.5
    endloop
  endfacet
  facet normal 0 0 -1
    outer loop
      vertex 12.773378746952181 27.144811573980583 -2.5
      vertex 26.440207532287154 35.568443121751834 -2.5
      vertex 26.4 34.75 -2.5
    endloop
  endfacet
  facet normal 0 0 -1
    outer loop
      vertex 26.56044290863303 33.12099581116533 -2.5
      vertex 14.452610223051456 26.289200401315906 -2.5
      vertex 26.440207532287154 33.931556878248166 -2.5
    endloop
  endfacet
  facet normal 0 0 -1
    outer loop
      vertex 11.043736580540337 27.893294576647545 -2.5
      vertex 26.56044290863303 36.37900418883467 -2.5
      vertex 26.440207532287154 35.568443121751834 -2.5
    endloop
  endfacet
  facet normal 0 0 -1
    outer loop
      vertex 20.536413177860663 21.869058822642348 -2.5
      vertex 28.845658377092327 28.845658377092327 -2.5
      vertex 21.869058822642348 20.536413177860663 -2.5
    endloop
  endfacet
  facet normal 0 0 -1
    outer loop
      vertex 17.633557568774194 24.270509831248425 -2.5
      vertex 27.035605903530758 31.5545933397515 -2.5
      vertex 27.385957442691236 30.81383724750292 -2.5
    endloop
  endfacet
  facet normal 0 0 -1
    outer loop
      vertex 17.633557568774194 24.270509831248425 -2.5
      vertex 26.759548196636057 32.32612294492524 -2.5
      vertex 27.035605903530758 31.5545933397515 -2.5
    endloop
  endfacet
  facet normal 0 0 -1
    outer loop
      vertex 27.807228737273746 30.110988554286322 -2.5
      vertex 17.633557568774194 24.270509831248425 -2.5
      vertex 27.385957442691236 30.81383724750292 -2.5
    endloop
  endfacet
  facet normal 0 0 -1
    outer loop
      vertex 28.295362714421145 29.45281607723356 -2.5
      vertex 19.12271969246069 23.115397283273673 -2.5
      vertex 27.807228737273746 30.110988554286322 -2.5
    endloop
  endfacet
  facet normal 0 0 -1
    outer loop
      vertex 21.869058822642348 20.536413177860663 -2.5
      vertex 28.845658377092327 28.845658377092327 -2.5
      vertex 29.45281607723356 28.295362714421145 -2.5
    endloop
  endfacet
  facet normal 0 0 -1
    outer loop
      vertex 29.45281607723356 28.295362714421145 -2.5
      vertex 30.110988554286322 27.807228737273746 -2.5
      vertex 23.115397283273673 19.12271969246069 -2.5
    endloop
  endfacet
  facet normal 0 0 -1
    outer loop
      vertex 30.110988554286322 27.807228737273746 -2.5
      vertex 30.81383724750292 27.385957442691236 -2.5
      vertex 23.115397283273673 19.12271969246069 -2.5
    endloop
  endfacet
  facet normal 0 0 -1
    outer loop
      vertex 20.536413177860663 21.869058822642348 -2.5
      vertex 28.295362714421145 29.45281607723356 -2.5
      vertex 28.845658377092327 28.845658377092327 -2.5
    endloop
  endfacet
  facet normal 0 0 -1
    outer loop
      vertex 17.633557568774194 24.270509831248425 -2.5
      vertex 26.56044290863303 33.12099581116533 -2.5
      vertex 26.759548196636057 32.32612294492524 -2.5
    endloop
  endfacet
  facet normal 0 0 -1
    outer loop
      vertex 1.8837155858793984 29.940801852848146 -2.5
      vertex 28.845658377092327 40.65434162290767 -2.5
      vertex 28.295362714421145 40.047183922766436 -2.5
    endloop
  endfacet
  facet normal 0 0 -1
    outer loop
      vertex 5.621439437571738 29.46861752186066 -2.5
      vertex 27.807228737273746 39.38901144571368 -2.5
      vertex 27.385957442691236 38.68616275249708 -2.5
    endloop
  endfacet
  facet normal 0 0 -1
    outer loop
      vertex 3.7599970069291286 29.763441039434337 -2.5
      vertex 28.295362714421145 40.047183922766436 -2.5
      vertex 27.807228737273746 39.38901144571368 -2.5
    endloop
  endfacet
  facet normal 0 0 -1
    outer loop
      vertex 30.81383724750292 27.385957442691236 -2.5
      vertex 31.5545933397515 27.035605903530758 -2.5
      vertex 24.270509831248425 17.633557568774194 -2.5
    endloop
  endfacet
  facet normal 0 0 -1
    outer loop
      vertex 24.270509831248425 17.633557568774194 -2.5
      vertex 31.5545933397515 27.035605903530758 -2.5
      vertex 32.32612294492524 26.759548196636057 -2.5
    endloop
  endfacet
  facet normal -0.6129070536529786 -0.7901550123756886 0
    outer loop
      vertex 19.12271969246069 23.115397283273673 -2.5
      vertex 19.12271969246069 23.115397283273673 2.5
      vertex 17.633557568774194 24.270509831248425 -2.5
    endloop
  endfacet
  facet normal -0.031410759078128625 -0.9995065603657315 0
    outer loop
      vertex 1.8837155858793984 29.940801852848146 -2.5
      vertex 1.8837155858793984 29.940801852848146 2.5
      vertex 0 30 -2.5
    endloop
  endfacet
  facet normal -0.09410831331851277 -0.9955619646030802 0
    outer loop
      vertex 3.7599970069291286 29.763441039434337 -2.5
      vertex 3.7599970069291286 29.763441039434337 2.5
      vertex 1.8837155858793984 29.940801852848146 -2.5
    endloop
  endfacet
  facet normal -0.15643446504023165 -0.9876883405951377 0
    outer loop
      vertex 5.621439437571738 29.46861752186066 -2.5
      vertex 5.621439437571738 29.46861752186066 2.5
      vertex 3.7599970069291286 29.763441039434337 -2.5
    endloop
  endfacet
  facet normal -0.2181432413965434 -0.9759167619387472 0
    outer loop
      vertex 7.460696614945645 29.057494833858932 -2.5
      vertex 7.460696614945645 29.057494833858932 2.5
      vertex 5.621439437571738 29.46861752186066 -2.5
    endloop
  endfacet
  facet normal -0.27899110603922966 -0.9602936856769431 0
    outer loop
      vertex 9.270509831248422 28.531695488854606 -2.5
      vertex 9.270509831248422 28.531695488854606 2.5
      vertex 7.460696614945645 29.057494833858932 -2.5
    endloop
  endfacet
  facet normal -0.3387379202452896 -0.9408807689542261 0
    outer loop
      vertex 11.043736580540337 27.893294576647545 -2.5
      vertex 11.043736580540337 27.893294576647545 2.5
      vertex 9.270509831248422 28.531695488854606 -2.5
    endloop
  endfacet
  facet normal -0.453990499739547 -0.8910065241883678 0
    outer loop
      vertex 14.452610223051456 26.289200401315906 -2.5
      vertex 14.452610223051456 26.289200401315906 2.5
      vertex 12.773378746952181 27.144811573980583 -2.5
    endloop
  endfacet
  facet normal -0.39714789063478245 -0.9177546256839804 0
    outer loop
      vertex 12.773378746952181 27.144811573980583 -2.5
      vertex 12.773378746952181 27.144811573980583 2.5
      vertex 11.043736580540337 27.893294576647545 -2.5
    endloop
  endfacet
  facet normal -0.5090414157503694 -0.8607420270039449 0
    outer loop
      vertex 16.0748038493699 25.329837765060454 -2.5
      vertex 16.0748038493699 25.329837765060454 2.5
      vertex 14.452610223051456 26.289200401315906 -2.5
    endloop
  endfacet
  facet normal -0.5620833778521305 -0.8270805742745619 0
    outer loop
      vertex 17.633557568774194 24.270509831248425 -2.5
      vertex 17.633557568774194 24.270509831248425 2.5
      vertex 16.0748038493699 25.329837765060454 -2.5
    endloop
  endfacet
  facet normal -0.9177546256839814 -0.39714789063477995 0
    outer loop
      vertex 27.144811573980586 12.77337874695218 -2.5
      vertex 27.89329457664754 11.043736580540338 -2.5
      vertex 27.89329457664754 11.043736580540338 2.5
    endloop
  endfacet
  facet normal -0.6613118653236493 -0.7501110696304617 0
    outer loop
      vertex 19.12271969246069 23.115397283273673 -2.5
      vertex 20.536413177860663 21.869058822642348 -2.5
      vertex 20.536413177860663 21.869058822642348 2.5
    endloop
  endfacet
  facet normal -0.7501110696304617 -0.6613118653236493 0
    outer loop
      vertex 21.869058822642348 20.536413177860663 -2.5
      vertex 23.115397283273673 19.12271969246069 -2.5
      vertex 23.115397283273673 19.12271969246069 2.5
    endloop
  endfacet
  facet normal -0.7071067811865475 -0.7071067811865475 0
    outer loop
      vertex 20.536413177860663 21.869058822642348 -2.5
      vertex 21.869058822642348 20.536413177860663 -2.5
      vertex 21.869058822642348 20.536413177860663 2.5
    endloop
  endfacet
  facet normal -0.8270805742745619 -0.5620833778521305 0
    outer loop
      vertex 24.270509831248425 17.633557568774194 -2.5
      vertex 25.329837765060454 16.0748038493699 -2.5
      vertex 25.329837765060454 16.0748038493699 2.5
    endloop
  endfacet
  facet normal -0.8910065241883676 -0.45399049973954736 0
    outer loop
      vertex 26.289200401315906 14.45261022305146 -2.5
      vertex 27.144811573980586 12.77337874695218 -2.5
      vertex 27.144811573980586 12.77337874695218 2.5
    endloop
  endfacet
  facet normal -0.8607420270039443 -0.5090414157503702 0
    outer loop
      vertex 25.329837765060454 16.0748038493699 -2.5
      vertex 26.289200401315906 14.45261022305146 -2.5
      vertex 26.289200401315906 14.45261022305146 2.5
    endloop
  endfacet
  facet normal -0.7901550123756886 -0.6129070536529786 0
    outer loop
      vertex 23.115397283273673 19.12271969246069 -2.5
      vertex 24.270509831248425 17.633557568774194 -2.5
      vertex 24.270509831248425 17.633557568774194 2.5
    endloop
  endfacet
  facet normal -0.9995065603657315 -0.031410759078128576 0
    outer loop
      vertex 30 0 -2.5
      vertex 30 0 2.5
      vertex 29.940801852848146 1.8837155858794012 -2.5
    endloop
  endfacet
  facet normal -0.9955619646030802 -0.09410831331851296 0
    outer loop
      vertex 29.763441039434337 3.7599970069291277 -2.5
      vertex 29.940801852848146 1.8837155858794012 -2.5
      vertex 29.940801852848146 1.8837155858794012 2.5
    endloop
  endfacet
  facet normal -0.9876883405951378 -0.15643446504023148 0
    outer loop
      vertex 29.46861752186066 5.6214394375717385 -2.5
      vertex 29.763441039434337 3.7599970069291277 -2.5
      vertex 29.763441039434337 3.7599970069291277 2.5
    endloop
  endfacet
  facet normal -0.9602936856769431 -0.27899110603922955 0
    outer loop
      vertex 28.531695488854606 9.270509831248422 -2.5
      vertex 29.057494833858932 7.460696614945644 -2.5
      vertex 29.057494833858932 7.460696614945644 2.5
    endloop
  endfacet
  facet normal -0.9759167619387471 -0.2181432413965436 0
    outer loop
      vertex 29.057494833858932 7.460696614945644 -2.5
      vertex 29.46861752186066 5.6214394375717385 -2.5
      vertex 29.46861752186066 5.6214394375717385 2.5
    endloop
  endfacet
  facet normal -0.9408807689542256 -0.338737920245291 0
    outer loop
      vertex 27.89329457664754 11.043736580540338 -2.5
      vertex 28.531695488854606 9.270509831248422 -2.5
      vertex 28.531695488854606 9.270509831248422 2.5
    endloop
  endfacet
  facet normal 0.9415440651830204 0.33688985339222094 0
    outer loop
      vertex 27.035605903530758 31.5545933397515 -2.5
      vertex 26.759548196636057 32.32612294492524 -2.5
      vertex 26.759548196636057 32.32612294492524 2.5
    endloop
  endfacet
  facet normal 0.8577286100002729 0.5141027441932204 0
    outer loop
      vertex 27.807228737273746 30.110988554286322 -2.5
      vertex 27.385957442691236 30.81383724750292 -2.5
      vertex 27.385957442691236 30.81383724750292 2.5
    endloop
  endfacet
  facet normal 0.8032075314806454 0.5956993044924327 0
    outer loop
      vertex 28.295362714421145 29.45281607723356 -2.5
      vertex 27.807228737273746 30.110988554286322 -2.5
      vertex 27.807228737273746 30.110988554286322 2.5
    endloop
  endfacet
  facet normal 0.9039892931234437 0.4275550934302815 0
    outer loop
      vertex 27.385957442691236 30.81383724750292 -2.5
      vertex 27.035605903530758 31.5545933397515 -2.5
      vertex 27.035605903530758 31.5545933397515 2.5
    endloop
  endfacet
  facet normal 0.9700312531945445 0.24298017990326193 0
    outer loop
      vertex 26.759548196636057 32.32612294492524 -2.5
      vertex 26.56044290863303 33.12099581116533 -2.5
      vertex 26.56044290863303 33.12099581116533 2.5
    endloop
  endfacet
  facet normal 0.98917650996478 0.14673047445536802 0
    outer loop
      vertex 26.56044290863303 33.12099581116533 -2.5
      vertex 26.440207532287154 33.931556878248166 -2.5
      vertex 26.440207532287154 33.931556878248166 2.5
    endloop
  endfacet
  facet normal 0.9987954562051725 0.04906767432741706 0
    outer loop
      vertex 26.440207532287154 33.931556878248166 -2.5
      vertex 26.4 34.75 -2.5
      vertex 26.4 34.75 2.5
    endloop
  endfacet
  facet normal 0.9987954562051725 -0.04906767432741706 0
    outer loop
      vertex 26.4 34.75 -2.5
      vertex 26.440207532287154 35.568443121751834 -2.5
      vertex 26.440207532287154 35.568443121751834 2.5
    endloop
  endfacet
  facet normal 0.98917650996478 -0.14673047445536802 0
    outer loop
      vertex 26.440207532287154 35.568443121751834 -2.5
      vertex 26.56044290863303 36.37900418883467 -2.5
      vertex 26.56044290863303 36.37900418883467 2.5
    endloop
  endfacet
  facet normal 0.9700312531945445 -0.24298017990326193 0
    outer loop
      vertex 26.56044290863303 36.37900418883467 -2.5
      vertex 26.759548196636057 37.17387705507476 -2.5
      vertex 26.759548196636057 37.17387705507476 2.5
    endloop
  endfacet
  facet normal 0.9415440651830204 -0.33688985339222094 0
    outer loop
      vertex 26.759548196636057 37.17387705507476 -2.5
      vertex 27.035605903530758 37.9454066602485 -2.5
      vertex 27.035605903530758 37.9454066602485 2.5
    endloop
  endfacet
  facet normal 0.9039892931234444 -0.4275550934302798 0
    outer loop
      vertex 27.035605903530758 37.9454066602485 -2.5
      vertex 27.385957442691236 38.68616275249708 -2.5
      vertex 27.385957442691236 38.68616275249708 2.5
    endloop
  endfacet
  facet normal 0.8577286100002717 -0.5141027441932223 0
    outer loop
      vertex 27.385957442691236 38.68616275249708 -2.5
      vertex 27.807228737273746 39.38901144571368 -2.5
      vertex 27.807228737273746 39.38901144571368 2.5
    endloop
  endfacet
  facet normal 0.7409511253549595 0.6715589548470181 0
    outer loop
      vertex 28.845658377092327 28.845658377092327 -2.5
      vertex 28.295362714421145 29.45281607723356 -2.5
      vertex 28.295362714421145 29.45281607723356 2.5
    endloop
  endfacet
  facet normal 0.6715589548470181 0.7409511253549595 0
    outer loop
      vertex 28.845658377092327 28.845658377092327 -2.5
      vertex 28.845658377092327 28.845658377092327 2.5
      vertex 29.45281607723356 28.295362714421145 -2.5
    endloop
  endfacet
  facet normal 0.5956993044924327 0.8032075314806454 0
    outer loop
      vertex 29.45281607723356 28.295362714421145 -2.5
      vertex 29.45281607723356 28.295362714421145 2.5
      vertex 30.110988554286322 27.807228737273746 -2.5
    endloop
  endfacet
  facet normal 0.5141027441932204 0.8577286100002729 0
    outer loop
      vertex 30.110988554286322 27.807228737273746 -2.5
      vertex 30.110988554286322 27.807228737273746 2.5
      vertex 30.81383724750292 27.385957442691236 -2.5
    endloop
  endfacet
  facet normal 0.24298017990326193 0.9700312531945445 0
    outer loop
      vertex 32.32612294492524 26.759548196636057 -2.5
      vertex 32.32612294492524 26.759548196636057 2.5
      vertex 33.12099581116533 26.56044290863303 -2.5
    endloop
  endfacet
  facet normal 0.4275550934302815 0.9039892931234437 0
    outer loop
      vertex 30.81383724750292 27.385957442691236 -2.5
      vertex 30.81383724750292 27.385957442691236 2.5
      vertex 31.5545933397515 27.035605903530758 -2.5
    endloop
  endfacet
  facet normal 0.33688985339222094 0.9415440651830204 0
    outer loop
      vertex 31.5545933397515 27.035605903530758 -2.5
      vertex 31.5545933397515 27.035605903530758 2.5
      vertex 32.32612294492524 26.759548196636057 -2.5
    endloop
  endfacet
  facet normal 0.14673047445536802 0.98917650996478 0
    outer loop
      vertex 33.12099581116533 26.56044290863303 -2.5
      vertex 33.12099581116533 26.56044290863303 2.5
      vertex 33.931556878248166 26.440207532287154 -2.5
    endloop
  endfacet
  facet normal 0.04906767432741706 0.9987954562051725 0
    outer loop
      vertex 33.931556878248166 26.440207532287154 -2.5
      vertex 33.931556878248166 26.440207532287154 2.5
      vertex 34.75 26.4 -2.5
    endloop
  endfacet
  facet normal -0.04906767432741706 0.9987954562051725 0
    outer loop
      vertex 34.75 26.4 -2.5
      vertex 34.75 26.4 2.5
      vertex 35.568443121751834 26.440207532287154 -2.5
    endloop
  endfacet
  facet normal -0.14673047445536802 0.98917650996478 0
    outer loop
      vertex 35.568443121751834 26.440207532287154 -2.5
      vertex 35.568443121751834 26.440207532287154 2.5
      vertex 36.37900418883467 26.56044290863303 -2.5
    endloop
  endfacet
  facet normal -0.24298017990326193 0.9700312531945445 0
    outer loop
      vertex 36.37900418883467 26.56044290863303 -2.5
      vertex 36.37900418883467 26.56044290863303 2.5
      vertex 37.17387705507476 26.759548196636057 -2.5
    endloop
  endfacet
  facet normal -0.33688985339222094 0.9415440651830204 0
    outer loop
      vertex 37.17387705507476 26.759548196636057 -2.5
      vertex 37.17387705507476 26.759548196636057 2.5
      vertex 37.9454066602485 27.035605903530758 -2.5
    endloop
  endfacet
  facet normal 0.8032075314806438 -0.5956993044924348 0
    outer loop
      vertex 27.807228737273746 39.38901144571368 -2.5
      vertex 28.295362714421145 40.047183922766436 -2.5
      vertex 28.295362714421145 40.047183922766436 2.5
    endloop
  endfacet
  facet normal 0.7409511253549614 -0.6715589548470159 0
    outer loop
      vertex 28.295362714421145 40.047183922766436 -2.5
      vertex 28.845658377092327 40.65434162290767 -2.5
      vertex 28.845658377092327 40.65434162290767 2.5
    endloop
  endfacet
  facet normal 0.6715589548470181 -0.7409511253549595 0
    outer loop
      vertex 29.45281607723356 41.204637285578855 -2.5
      vertex 29.45281607723356 41.204637285578855 2.5
      vertex 28.845658377092327 40.65434162290767 -2.5
    endloop
  endfacet
  facet normal 0.5956993044924327 -0.8032075314806454 0
    outer loop
      vertex 30.110988554286322 41.692771262726254 -2.5
      vertex 30.110988554286322 41.692771262726254 2.5
      vertex 29.45281607723356 41.204637285578855 -2.5
    endloop
  endfacet
  facet normal 0.5141027441932204 -0.8577286100002729 0
    outer loop
      vertex 30.81383724750292 42.114042557308764 -2.5
      vertex 30.81383724750292 42.114042557308764 2.5
      vertex 30.110988554286322 41.692771262726254 -2.5
    endloop
  endfacet
  facet normal 0.4275550934302815 -0.9039892931234437 0
    outer loop
      vertex 31.5545933397515 42.46439409646924 -2.5
      vertex 31.5545933397515 42.46439409646924 2.5
      vertex 30.81383724750292 42.114042557308764 -2.5
    endloop
  endfacet
  facet normal 0.33688985339222477 -0.941544065183019 0
    outer loop
      vertex 32.32612294492524 42.740451803363946 -2.5
      vertex 32.32612294492524 42.740451803363946 2.5
      vertex 31.5545933397515 42.46439409646924 -2.5
    endloop
  endfacet
  facet normal 0.24298017990325782 -0.9700312531945453 0
    outer loop
      vertex 33.12099581116533 42.93955709136697 -2.5
      vertex 33.12099581116533 42.93955709136697 2.5
      vertex 32.32612294492524 42.740451803363946 -2.5
    endloop
  endfacet
  facet normal 0.14673047445536802 -0.98917650996478 0
    outer loop
      vertex 33.931556878248166 43.059792467712846 -2.5
      vertex 33.931556878248166 43.059792467712846 2.5
      vertex 33.12099581116533 42.93955709136697 -2.5
    endloop
  endfacet
  facet normal 0.04906767432741706 -0.9987954562051725 0
    outer loop
      vertex 34.75 43.1 -2.5
      vertex 34.75 43.1 2.5
      vertex 33.931556878248166 43.059792467712846 -2.5
    endloop
  endfacet
  facet normal -0.14673047445536802 -0.98917650996478 0
    outer loop
      vertex 36.37900418883467 42.93955709136697 -2.5
      vertex 36.37900418883467 42.93955709136697 2.5
      vertex 35.568443121751834 43.059792467712846 -2.5
    endloop
  endfacet
  facet normal -0.04906767432741706 -0.9987954562051725 0
    outer loop
      vertex 35.568443121751834 43.059792467712846 -2.5
      vertex 35.568443121751834 43.059792467712846 2.5
      vertex 34.75 43.1 -2.5
    endloop
  endfacet
  facet normal -0.24298017990325782 -0.9700312531945453 0
    outer loop
      vertex 37.17387705507476 42.740451803363946 -2.5
      vertex 37.17387705507476 42.740451803363946 2.5
      vertex 36.37900418883467 42.93955709136697 -2.5
    endloop
  endfacet
  facet normal 0 0 -1
    outer loop
      vertex -11.043736580540337 27.893294576647545 -2.5
      vertex 3.9607735249786793 65.43784683850818 -2.5
      vertex 41.39428951266866 80.75015191175288 -2.5
    endloop
  endfacet
  facet normal 0 0 -1
    outer loop
      vertex 3.9607735249786793 65.43784683850818 -2.5
      vertex 4.878956226149075 65.87211491399452 -2.5
      vertex 41.39428951266866 80.75015191175288 -2.5
    endloop
  endfacet
  facet normal 0 0 -1
    outer loop
      vertex 4.878956226149075 65.87211491399452 -2.5
      vertex 5.750151911752883 66.39428951266865 -2.5
      vertex 41.39428951266866 80.75015191175288 -2.5
    endloop
  endfacet
  facet normal 0 0 -1
    outer loop
      vertex -75 95 -2.5
      vertex 41.99934180769567 81.56597049109374 -2.5
      vertex 41.39428951266866 80.75015191175288 -2.5
    endloop
  endfacet
  facet normal 0 0 -1
    outer loop
      vertex -75 95 -2.5
      vertex 42.681444814719235 82.31855518528077 -2.5
      vertex 41.99934180769567 81.56597049109374 -2.5
    endloop
  endfacet
  facet normal 0 0 -1
    outer loop
      vertex -75 95 -2.5
      vertex 43.43402950890627 83.00065819230433 -2.5
      vertex 42.681444814719235 82.31855518528077 -2.5
    endloop
  endfacet
  facet normal 0 0 -1
    outer loop
      vertex -75 95 -2.5
      vertex 44.24984808824712 83.60571048733135 -2.5
      vertex 43.43402950890627 83.00065819230433 -2.5
    endloop
  endfacet
  facet normal 0 0 -1
    outer loop
      vertex -75 95 -2.5
      vertex 45.12104377385093 84.12788508600548 -2.5
      vertex 44.24984808824712 83.60571048733135 -2.5
    endloop
  endfacet
  facet normal 0 0 -1
    outer loop
      vertex -75 95 -2.5
      vertex 46.03922647502132 84.56215316149182 -2.5
      vertex 45.12104377385093 84.12788508600548 -2.5
    endloop
  endfacet
  facet normal 0 0 -1
    outer loop
      vertex -75 95 -2.5
      vertex 46.995553590416314 84.90433247482837 -2.5
      vertex 46.03922647502132 84.56215316149182 -2.5
    endloop
  endfacet
  facet normal 0 0 -1
    outer loop
      vertex -75 95 -2.5
      vertex 47.98081516713307 85.15112765217343 -2.5
      vertex 46.995553590416314 84.90433247482837 -2.5
    endloop
  endfacet
  facet normal 0 0 -1
    outer loop
      vertex -75 95 -2.5
      vertex 48.985522597589046 85.30016192105724 -2.5
      vertex 47.98081516713307 85.15112765217343 -2.5
    endloop
  endfacet
  facet normal 0 0 -1
    outer loop
      vertex 5.750151911752883 66.39428951266865 -2.5
      vertex 6.56597049109373 66.99934180769567 -2.5
      vertex 41.39428951266866 80.75015191175288 -2.5
    endloop
  endfacet
  facet normal 0 0 -1
    outer loop
      vertex 6.56597049109373 66.99934180769567 -2.5
      vertex 7.3185551852807675 67.68144481471923 -2.5
      vertex 41.39428951266866 80.75015191175288 -2.5
    endloop
  endfacet
  facet normal 0 0 -1
    outer loop
      vertex 5.750151911752883 83.60571048733135 -2.5
      vertex 4.878956226149075 84.12788508600548 -2.5
      vertex 41.39428951266866 80.75015191175288 -2.5
    endloop
  endfacet
  facet normal 0 0 -1
    outer loop
      vertex 6.56597049109373 83.00065819230433 -2.5
      vertex 5.750151911752883 83.60571048733135 -2.5
      vertex 41.39428951266866 80.75015191175288 -2.5
    endloop
  endfacet
  facet normal 0 0 -1
    outer loop
      vertex 6.56597049109373 83.00065819230433 -2.5
      vertex 41.39428951266866 80.75015191175288 -2.5
      vertex 7.3185551852807675 82.31855518528077 -2.5
    endloop
  endfacet
  facet normal 0 0 -1
    outer loop
      vertex 2.0191848328669275 85.15112765217343 -2.5
      vertex 1.0144774024109522 85.30016192105724 -2.5
      vertex 41.39428951266866 80.75015191175288 -2.5
    endloop
  endfacet
  facet normal 0 0 -1
    outer loop
      vertex 3.004446409583685 84.90433247482837 -2.5
      vertex 2.0191848328669275 85.15112765217343 -2.5
      vertex 41.39428951266866 80.75015191175288 -2.5
    endloop
  endfacet
  facet normal 0 0 -1
    outer loop
      vertex 3.9607735249786793 84.56215316149182 -2.5
      vertex 3.004446409583685 84.90433247482837 -2.5
      vertex 41.39428951266866 80.75015191175288 -2.5
    endloop
  endfacet
  facet normal 0 0 -1
    outer loop
      vertex 4.878956226149075 84.12788508600548 -2.5
      vertex 3.9607735249786793 84.56215316149182 -2.5
      vertex 41.39428951266866 80.75015191175288 -2.5
    endloop
  endfacet
  facet normal 0 0 -1
    outer loop
      vertex -75 95 -2.5
      vertex 75 95 -2.5
      vertex 48.985522597589046 85.30016192105724 -2.5
    endloop
  endfacet
  facet normal 0 0 -1
    outer loop
      vertex 1.8837155858793984 29.940801852848146 -2.5
      vertex 39.69983807894276 73.98552259758905 -2.5
      vertex 28.845658377092327 40.65434162290767 -2.5
    endloop
  endfacet
  facet normal 0 0 -1
    outer loop
      vertex -11.043736580540337 27.893294576647545 -2.5
      vertex 40.43784683850818 78.96077352497868 -2.5
      vertex 40.095667525171635 78.00444640958368 -2.5
    endloop
  endfacet
  facet normal 0 0 -1
    outer loop
      vertex -11.043736580540337 27.893294576647545 -2.5
      vertex 40.87211491399452 79.87895622614907 -2.5
      vertex 40.43784683850818 78.96077352497868 -2.5
    endloop
  endfacet
  facet normal 0 0 -1
    outer loop
      vertex -7.460696614945645 29.057494833858932 -2.5
      vertex 40.095667525171635 78.00444640958368 -2.5
      vertex 39.848872347826564 77.01918483286693 -2.5
    endloop
  endfacet
  facet normal 0 0 -1
    outer loop
      vertex -5.621439437571738 29.46861752186066 -2.5
      vertex 39.848872347826564 77.01918483286693 -2.5
      vertex 39.69983807894276 76.01447740241095 -2.5
    endloop
  endfacet
  facet normal 0 0 -1
    outer loop
      vertex -3.7599970069291286 29.763441039434337 -2.5
      vertex 39.69983807894276 76.01447740241095 -2.5
      vertex 39.65 75 -2.5
    endloop
  endfacet
  facet normal 0 0 -1
    outer loop
      vertex -11.043736580540337 27.893294576647545 -2.5
      vertex 41.39428951266866 80.75015191175288 -2.5
      vertex 40.87211491399452 79.87895622614907 -2.5
    endloop
  endfacet
  facet normal 0 0 -1
    outer loop
      vertex -1.8837155858793984 29.940801852848146 -2.5
      vertex 39.65 75 -2.5
      vertex 39.69983807894276 73.98552259758905 -2.5
    endloop
  endfacet
  facet normal 0 0 -1
    outer loop
      vertex 29.45281607723356 41.204637285578855 -2.5
      vertex 28.845658377092327 40.65434162290767 -2.5
      vertex 39.848872347826564 72.98081516713307 -2.5
    endloop
  endfacet
  facet normal 0 0 -1
    outer loop
      vertex 30.110988554286322 41.692771262726254 -2.5
      vertex 29.45281607723356 41.204637285578855 -2.5
      vertex 40.095667525171635 71.99555359041632 -2.5
    endloop
  endfacet
  facet normal 0 0 -1
    outer loop
      vertex 30.81383724750292 42.114042557308764 -2.5
      vertex 30.110988554286322 41.692771262726254 -2.5
      vertex 40.43784683850818 71.03922647502132 -2.5
    endloop
  endfacet
  facet normal 0 0 -1
    outer loop
      vertex 31.5545933397515 42.46439409646924 -2.5
      vertex 30.81383724750292 42.114042557308764 -2.5
      vertex 40.87211491399452 70.12104377385093 -2.5
    endloop
  endfacet
  facet normal 0 0 -1
    outer loop
      vertex 32.32612294492524 42.740451803363946 -2.5
      vertex 31.5545933397515 42.46439409646924 -2.5
      vertex 41.39428951266866 69.24984808824712 -2.5
    endloop
  endfacet
  facet normal 0 0 -1
    outer loop
      vertex 33.12099581116533 42.93955709136697 -2.5
      vertex 32.32612294492524 42.740451803363946 -2.5
      vertex 41.99934180769567 68.43402950890626 -2.5
    endloop
  endfacet
  facet normal 0 0 -1
    outer loop
      vertex 33.931556878248166 43.059792467712846 -2.5
      vertex 33.12099581116533 42.93955709136697 -2.5
      vertex 42.681444814719235 67.68144481471923 -2.5
    endloop
  endfacet
  facet normal 0 0 -1
    outer loop
      vertex 30.110988554286322 41.692771262726254 -2.5
      vertex 40.095667525171635 71.99555359041632 -2.5
      vertex 40.43784683850818 71.03922647502132 -2.5
    endloop
  endfacet
  facet normal 0 0 -1
    outer loop
      vertex 29.45281607723356 41.204637285578855 -2.5
      vertex 39.848872347826564 72.98081516713307 -2.5
      vertex 40.095667525171635 71.99555359041632 -2.5
    endloop
  endfacet
  facet normal 0 0 -1
    outer loop
      vertex 30.81383724750292 42.114042557308764 -2.5
      vertex 40.43784683850818 71.03922647502132 -2.5
      vertex 40.87211491399452 70.12104377385093 -2.5
    endloop
  endfacet
  facet normal 0 0 -1
    outer loop
      vertex 28.845658377092327 40.65434162290767 -2.5
      vertex 39.69983807894276 73.98552259758905 -2.5
      vertex 39.848872347826564 72.98081516713307 -2.5
    endloop
  endfacet
  facet normal 0 0 -1
    outer loop
      vertex 7.3185551852807675 67.68144481471923 -2.5
      vertex 8.000658192304327 68.43402950890626 -2.5
      vertex 41.39428951266866 80.75015191175288 -2.5
    endloop
  endfacet
  facet normal 0 0 -1
    outer loop
      vertex 8.605710487331343 69.24984808824712 -2.5
      vertex 41.39428951266866 80.75015191175288 -2.5
      vertex 8.000658192304327 68.43402950890626 -2.5
    endloop
  endfacet
  facet normal 0 0 -1
    outer loop
      vertex 9.127885086005474 70.12104377385093 -2.5
      vertex 41.39428951266866 80.75015191175288 -2.5
      vertex 8.605710487331343 69.24984808824712 -2.5
    endloop
  endfacet
  facet normal 0 0 -1
    outer loop
      vertex 9.562153161491818 71.03922647502132 -2.5
      vertex 41.39428951266866 80.75015191175288 -2.5
      vertex 9.127885086005474 70.12104377385093 -2.5
    endloop
  endfacet
  facet normal 0 0 -1
    outer loop
      vertex 9.904332474828362 71.99555359041632 -2.5
      vertex 41.39428951266866 80.75015191175288 -2.5
      vertex 9.562153161491818 71.03922647502132 -2.5
    endloop
  endfacet
  facet normal 0 0 -1
    outer loop
      vertex 10.151127652173434 72.98081516713307 -2.5
      vertex 41.39428951266866 80.75015191175288 -2.5
      vertex 9.904332474828362 71.99555359041632 -2.5
    endloop
  endfacet
  facet normal 0 0 -1
    outer loop
      vertex 10.300161921057239 73.98552259758905 -2.5
      vertex 41.39428951266866 80.75015191175288 -2.5
      vertex 10.151127652173434 72.98081516713307 -2.5
    endloop
  endfacet
  facet normal 0 0 -1
    outer loop
      vertex 10.35 75 -2.5
      vertex 41.39428951266866 80.75015191175288 -2.5
      vertex 10.300161921057239 73.98552259758905 -2.5
    endloop
  endfacet
  facet normal 0 0 -1
    outer loop
      vertex 9.904332474828362 78.00444640958368 -2.5
      vertex 41.39428951266866 80.75015191175288 -2.5
      vertex 10.151127652173434 77.01918483286693 -2.5
    endloop
  endfacet
  facet normal 0 0 -1
    outer loop
      vertex 10.300161921057239 76.01447740241095 -2.5
      vertex 41.39428951266866 80.75015191175288 -2.5
      vertex 10.35 75 -2.5
    endloop
  endfacet
  facet normal 0 0 -1
    outer loop
      vertex 10.151127652173434 77.01918483286693 -2.5
      vertex 41.39428951266866 80.75015191175288 -2.5
      vertex 10.300161921057239 76.01447740241095 -2.5
    endloop
  endfacet
  facet normal 0 0 -1
    outer loop
      vertex 9.562153161491818 78.96077352497868 -2.5
      vertex 41.39428951266866 80.75015191175288 -2.5
      vertex 9.904332474828362 78.00444640958368 -2.5
    endloop
  endfacet
  facet normal 0 0 -1
    outer loop
      vertex 9.127885086005474 79.87895622614907 -2.5
      vertex 41.39428951266866 80.75015191175288 -2.5
      vertex 9.562153161491818 78.96077352497868 -2.5
    endloop
  endfacet
  facet normal 0 0 -1
    outer loop
      vertex 7.3185551852807675 82.31855518528077 -2.5
      vertex 41.39428951266866 80.75015191175288 -2.5
      vertex 8.000658192304327 81.56597049109374 -2.5
    endloop
  endfacet
  facet normal 0 0 -1
    outer loop
      vertex 8.000658192304327 81.56597049109374 -2.5
      vertex 41.39428951266866 80.75015191175288 -2.5
      vertex 8.605710487331343 80.75015191175288 -2.5
    endloop
  endfacet
  facet normal 0 0 -1
    outer loop
      vertex 8.605710487331343 80.75015191175288 -2.5
      vertex 41.39428951266866 80.75015191175288 -2.5
      vertex 9.127885086005474 79.87895622614907 -2.5
    endloop
  endfacet
  facet normal -0.04906767432741162 0.9987954562051726 0
    outer loop
      vertex 0 64.65 -2.5
      vertex 0 64.65 2.5
      vertex 1.0144774024109522 64.69983807894276 -2.5
    endloop
  endfacet
  facet normal -0.14673047445536863 0.98917650996478 0
    outer loop
      vertex 1.0144774024109522 64.69983807894276 -2.5
      vertex 1.0144774024109522 64.69983807894276 2.5
      vertex 2.0191848328669275 64.84887234782657 -2.5
    endloop
  endfacet
  facet normal -0.24298017990325496 0.9700312531945462 0
    outer loop
      vertex 2.0191848328669275 64.84887234782657 -2.5
      vertex 2.0191848328669275 64.84887234782657 2.5
      vertex 3.004446409583685 65.09566752517163 -2.5
    endloop
  endfacet
  facet normal -0.33688985339222 0.9415440651830208 0
    outer loop
      vertex 3.004446409583685 65.09566752517163 -2.5
      vertex 3.004446409583685 65.09566752517163 2.5
      vertex 3.9607735249786793 65.43784683850818 -2.5
    endloop
  endfacet
  facet normal -0.4275550934302826 0.903989293123443 0
    outer loop
      vertex 3.9607735249786793 65.43784683850818 -2.5
      vertex 3.9607735249786793 65.43784683850818 2.5
      vertex 4.878956226149075 65.87211491399452 -2.5
    endloop
  endfacet
  facet normal -0.5141027441932183 0.8577286100002742 0
    outer loop
      vertex 4.878956226149075 65.87211491399452 -2.5
      vertex 4.878956226149075 65.87211491399452 2.5
      vertex 5.750151911752883 66.39428951266865 -2.5
    endloop
  endfacet
  facet normal -0.5956993044924376 0.8032075314806417 0
    outer loop
      vertex 5.750151911752883 66.39428951266865 -2.5
      vertex 5.750151911752883 66.39428951266865 2.5
      vertex 6.56597049109373 66.99934180769567 -2.5
    endloop
  endfacet
  facet normal -0.6715589548470156 0.7409511253549618 0
    outer loop
      vertex 6.56597049109373 66.99934180769567 -2.5
      vertex 6.56597049109373 66.99934180769567 2.5
      vertex 7.3185551852807675 67.68144481471923 -2.5
    endloop
  endfacet
  facet normal -0.7409511253549595 0.6715589548470178 0
    outer loop
      vertex 7.3185551852807675 67.68144481471923 -2.5
      vertex 7.3185551852807675 67.68144481471923 2.5
      vertex 8.000658192304327 68.43402950890626 -2.5
    endloop
  endfacet
  facet normal -0.8032075314806474 0.59569930449243 0
    outer loop
      vertex 8.605710487331343 69.24984808824712 -2.5
      vertex 8.000658192304327 68.43402950890626 -2.5
      vertex 8.000658192304327 68.43402950890626 2.5
    endloop
  endfacet
  facet normal -0.8577286100002728 0.5141027441932206 0
    outer loop
      vertex 9.127885086005474 70.12104377385093 -2.5
      vertex 8.605710487331343 69.24984808824712 -2.5
      vertex 8.605710487331343 69.24984808824712 2.5
    endloop
  endfacet
  facet normal -0.9039892931234429 0.4275550934302832 0
    outer loop
      vertex 9.562153161491818 71.03922647502132 -2.5
      vertex 9.127885086005474 70.12104377385093 -2.5
      vertex 9.127885086005474 70.12104377385093 2.5
    endloop
  endfacet
  facet normal -0.6715589548470156 -0.7409511253549618 0
    outer loop
      vertex 6.56597049109373 83.00065819230433 -2.5
      vertex 7.3185551852807675 82.31855518528077 -2.5
      vertex 7.3185551852807675 82.31855518528077 2.5
    endloop
  endfacet
  facet normal -0.7409511253549595 -0.6715589548470178 0
    outer loop
      vertex 7.3185551852807675 82.31855518528077 -2.5
      vertex 8.000658192304327 81.56597049109374 -2.5
      vertex 8.000658192304327 81.56597049109374 2.5
    endloop
  endfacet
  facet normal -0.8032075314806474 -0.59569930449243 0
    outer loop
      vertex 8.000658192304327 81.56597049109374 -2.5
      vertex 8.605710487331343 80.75015191175288 -2.5
      vertex 8.605710487331343 80.75015191175288 2.5
    endloop
  endfacet
  facet normal -0.8577286100002728 -0.5141027441932206 0
    outer loop
      vertex 8.605710487331343 80.75015191175288 -2.5
      vertex 9.127885086005474 79.87895622614907 -2.5
      vertex 9.127885086005474 79.87895622614907 2.5
    endloop
  endfacet
  facet normal -0.04906767432741162 -0.9987954562051726 0
    outer loop
      vertex 1.0144774024109522 85.30016192105724 -2.5
      vertex 1.0144774024109522 85.30016192105724 2.5
      vertex 0 85.35 -2.5
    endloop
  endfacet
  facet normal -0.14673047445536863 -0.98917650996478 0
    outer loop
      vertex 2.0191848328669275 85.15112765217343 -2.5
      vertex 2.0191848328669275 85.15112765217343 2.5
      vertex 1.0144774024109522 85.30016192105724 -2.5
    endloop
  endfacet
  facet normal -0.24298017990325496 -0.9700312531945462 0
    outer loop
      vertex 3.004446409583685 84.90433247482837 -2.5
      vertex 3.004446409583685 84.90433247482837 2.5
      vertex 2.0191848328669275 85.15112765217343 -2.5
    endloop
  endfacet
  facet normal -0.4275550934302826 -0.903989293123443 0
    outer loop
      vertex 4.878956226149075 84.12788508600548 -2.5
      vertex 4.878956226149075 84.12788508600548 2.5
      vertex 3.9607735249786793 84.56215316149182 -2.5
    endloop
  endfacet
  facet normal -0.33688985339222 -0.9415440651830208 0
    outer loop
      vertex 3.9607735249786793 84.56215316149182 -2.5
      vertex 3.9607735249786793 84.56215316149182 2.5
      vertex 3.004446409583685 84.90433247482837 -2.5
    endloop
  endfacet
  facet normal -0.5141027441932183 -0.8577286100002742 0
    outer loop
      vertex 5.750151911752883 83.60571048733135 -2.5
      vertex 5.750151911752883 83.60571048733135 2.5
      vertex 4.878956226149075 84.12788508600548 -2.5
    endloop
  endfacet
  facet normal -0.5956993044924376 -0.8032075314806417 0
    outer loop
      vertex 6.56597049109373 83.00065819230433 -2.5
      vertex 6.56597049109373 83.00065819230433 2.5
      vertex 5.750151911752883 83.60571048733135 -2.5
    endloop
  endfacet
  facet normal -0.9415440651830211 0.3368898533922188 0
    outer loop
      vertex 9.904332474828362 71.99555359041632 -2.5
      vertex 9.562153161491818 71.03922647502132 -2.5
      vertex 9.562153161491818 71.03922647502132 2.5
    endloop
  endfacet
  facet normal -0.9700312531945439 0.24298017990326443 0
    outer loop
      vertex 10.151127652173434 72.98081516713307 -2.5
      vertex 9.904332474828362 71.99555359041632 -2.5
      vertex 9.904332474828362 71.99555359041632 2.5
    endloop
  endfacet
  facet normal -0.9891765099647809 0.14673047445536286 0
    outer loop
      vertex 10.300161921057239 73.98552259758905 -2.5
      vertex 10.151127652173434 72.98081516713307 -2.5
      vertex 10.151127652173434 72.98081516713307 2.5
    endloop
  endfacet
  facet normal -0.9987954562051725 0.04906767432741713 0
    outer loop
      vertex 10.35 75 -2.5
      vertex 10.300161921057239 73.98552259758905 -2.5
      vertex 10.300161921057239 73.98552259758905 2.5
    endloop
  endfacet
  facet normal -0.9987954562051725 -0.04906767432741713 0
    outer loop
      vertex 10.300161921057239 76.01447740241095 -2.5
      vertex 10.35 75 -2.5
      vertex 10.35 75 2.5
    endloop
  endfacet
  facet normal -0.9891765099647809 -0.14673047445536286 0
    outer loop
      vertex 10.151127652173434 77.01918483286693 -2.5
      vertex 10.300161921057239 76.01447740241095 -2.5
      vertex 10.300161921057239 76.01447740241095 2.5
    endloop
  endfacet
  facet normal -0.9415440651830211 -0.3368898533922188 0
    outer loop
      vertex 9.562153161491818 78.96077352497868 -2.5
      vertex 9.904332474828362 78.00444640958368 -2.5
      vertex 9.904332474828362 78.00444640958368 2.5
    endloop
  endfacet
  facet normal -0.9700312531945439 -0.24298017990326443 0
    outer loop
      vertex 9.904332474828362 78.00444640958368 -2.5
      vertex 10.151127652173434 77.01918483286693 -2.5
      vertex 10.151127652173434 77.01918483286693 2.5
    endloop
  endfacet
  facet normal -0.9039892931234429 -0.4275550934302832 0
    outer loop
      vertex 9.127885086005474 79.87895622614907 -2.5
      vertex 9.562153161491818 78.96077352497868 -2.5
      vertex 9.562153161491818 78.96077352497868 2.5
    endloop
  endfacet
  facet normal 0 0 -1
    outer loop
      vertex 40.65434162290767 -28.845658377092327 -2.5
      vertex 40.65434162290767 28.845658377092327 -2.5
      vertex 41.204637285578855 29.45281607723356 -2.5
    endloop
  endfacet
  facet normal 0 0 -1
    outer loop
      vertex 41.204637285578855 -29.45281607723356 -2.5
      vertex 41.204637285578855 29.45281607723356 -2.5
      vertex 41.692771262726254 30.110988554286322 -2.5
    endloop
  endfacet
  facet normal 0 0 -1
    outer loop
      vertex 41.692771262726254 -30.110988554286322 -2.5
      vertex 41.692771262726254 30.110988554286322 -2.5
      vertex 42.114042557308764 30.81383724750292 -2.5
    endloop
  endfacet
  facet normal 0 0 -1
    outer loop
      vertex 42.114042557308764 -30.81383724750292 -2.5
      vertex 42.114042557308764 30.81383724750292 -2.5
      vertex 42.46439409646924 31.5545933397515 -2.5
    endloop
  endfacet
  facet normal 0 0 -1
    outer loop
      vertex 42.114042557308764 38.68616275249708 -2.5
      vertex 53.96077352497868 65.43784683850818 -2.5
      vertex 42.46439409646924 37.9454066602485 -2.5
    endloop
  endfacet
  facet normal 0 0 -1
    outer loop
      vertex 42.740451803363946 37.17387705507476 -2.5
      vertex 54.87895622614907 65.87211491399452 -2.5
      vertex 42.93955709136697 36.37900418883467 -2.5
    endloop
  endfacet
  facet normal 0 0 -1
    outer loop
      vertex 42.46439409646924 37.9454066602485 -2.5
      vertex 53.96077352497868 65.43784683850818 -2.5
      vertex 42.740451803363946 37.17387705507476 -2.5
    endloop
  endfacet
  facet normal 0 0 -1
    outer loop
      vertex 43.059792467712846 35.568443121751834 -2.5
      vertex 56.56597049109373 66.99934180769567 -2.5
      vertex 43.1 34.75 -2.5
    endloop
  endfacet
  facet normal 0 0 -1
    outer loop
      vertex 42.93955709136697 36.37900418883467 -2.5
      vertex 55.75015191175288 66.39428951266865 -2.5
      vertex 43.059792467712846 35.568443121751834 -2.5
    endloop
  endfacet
  facet normal 0 0 -1
    outer loop
      vertex 75 -95 -2.5
      vertex 43.1 34.75 -2.5
      vertex 56.56597049109373 66.99934180769567 -2.5
    endloop
  endfacet
  facet normal 0 0 -1
    outer loop
      vertex 75 -95 -2.5
      vertex 56.56597049109373 66.99934180769567 -2.5
      vertex 57.318555185280765 67.68144481471923 -2.5
    endloop
  endfacet
  facet normal 0 0 -1
    outer loop
      vertex 75 -95 -2.5
      vertex 57.318555185280765 67.68144481471923 -2.5
      vertex 58.00065819230433 68.43402950890626 -2.5
    endloop
  endfacet
  facet normal 0 0 -1
    outer loop
      vertex 75 -95 -2.5
      vertex 58.00065819230433 68.43402950890626 -2.5
      vertex 58.60571048733134 69.24984808824712 -2.5
    endloop
  endfacet
  facet normal 0 0 -1
    outer loop
      vertex 75 -95 -2.5
      vertex 58.60571048733134 69.24984808824712 -2.5
      vertex 59.12788508600548 70.12104377385093 -2.5
    endloop
  endfacet
  facet normal 0 0 -1
    outer loop
      vertex 75 -95 -2.5
      vertex 59.12788508600548 70.12104377385093 -2.5
      vertex 59.56215316149182 71.03922647502132 -2.5
    endloop
  endfacet
  facet normal 0 0 -1
    outer loop
      vertex 75 -95 -2.5
      vertex 59.56215316149182 71.03922647502132 -2.5
      vertex 59.904332474828365 71.99555359041632 -2.5
    endloop
  endfacet
  facet normal 0 0 -1
    outer loop
      vertex 75 -95 -2.5
      vertex 59.904332474828365 71.99555359041632 -2.5
      vertex 60.151127652173436 72.98081516713307 -2.5
    endloop
  endfacet
  facet normal 0 0 -1
    outer loop
      vertex 75 -95 -2.5
      vertex 60.151127652173436 72.98081516713307 -2.5
      vertex 60.30016192105724 73.98552259758905 -2.5
    endloop
  endfacet
  facet normal 0 0 -1
    outer loop
      vertex 75 -95 -2.5
      vertex 60.30016192105724 73.98552259758905 -2.5
      vertex 75 95 -2.5
    endloop
  endfacet
  facet normal -0.4275550934302798 0.9039892931234444 0
    outer loop
      vertex 37.9454066602485 27.035605903530758 -2.5
      vertex 37.9454066602485 27.035605903530758 2.5
      vertex 38.68616275249708 27.385957442691236 -2.5
    endloop
  endfacet
  facet normal -0.5141027441932223 0.8577286100002717 0
    outer loop
      vertex 38.68616275249708 27.385957442691236 -2.5
      vertex 38.68616275249708 27.385957442691236 2.5
      vertex 39.38901144571368 27.807228737273746 -2.5
    endloop
  endfacet
  facet normal -0.5956993044924348 0.8032075314806438 0
    outer loop
      vertex 39.38901144571368 27.807228737273746 -2.5
      vertex 39.38901144571368 27.807228737273746 2.5
      vertex 40.047183922766436 28.295362714421145 -2.5
    endloop
  endfacet
  facet normal -0.6715589548470159 0.7409511253549614 0
    outer loop
      vertex 40.047183922766436 28.295362714421145 -2.5
      vertex 40.047183922766436 28.295362714421145 2.5
      vertex 40.65434162290767 28.845658377092327 -2.5
    endloop
  endfacet
  facet normal -0.7409511253549595 0.6715589548470181 0
    outer loop
      vertex 40.65434162290767 28.845658377092327 -2.5
      vertex 40.65434162290767 28.845658377092327 2.5
      vertex 41.204637285578855 29.45281607723356 -2.5
    endloop
  endfacet
  facet normal -0.8032075314806454 0.5956993044924327 0
    outer loop
      vertex 41.692771262726254 30.110988554286322 -2.5
      vertex 41.204637285578855 29.45281607723356 -2.5
      vertex 41.204637285578855 29.45281607723356 2.5
    endloop
  endfacet
  facet normal -0.8577286100002729 0.5141027441932204 0
    outer loop
      vertex 42.114042557308764 30.81383724750292 -2.5
      vertex 41.692771262726254 30.110988554286322 -2.5
      vertex 41.692771262726254 30.110988554286322 2.5
    endloop
  endfacet
  facet normal -0.9039892931234437 0.4275550934302815 0
    outer loop
      vertex 42.46439409646924 31.5545933397515 -2.5
      vertex 42.114042557308764 30.81383724750292 -2.5
      vertex 42.114042557308764 30.81383724750292 2.5
    endloop
  endfacet
  facet normal -0.941544065183019 0.33688985339222477 0
    outer loop
      vertex 42.740451803363946 32.32612294492524 -2.5
      vertex 42.46439409646924 31.5545933397515 -2.5
      vertex 42.46439409646924 31.5545933397515 2.5
    endloop
  endfacet
  facet normal -0.9700312531945453 0.24298017990325782 0
    outer loop
      vertex 42.93955709136697 33.12099581116533 -2.5
      vertex 42.740451803363946 32.32612294492524 -2.5
      vertex 42.740451803363946 32.32612294492524 2.5
    endloop
  endfacet
  facet normal -0.98917650996478 0.14673047445536802 0
    outer loop
      vertex 43.059792467712846 33.931556878248166 -2.5
      vertex 42.93955709136697 33.12099581116533 -2.5
      vertex 42.93955709136697 33.12099581116533 2.5
    endloop
  endfacet
  facet normal -0.9987954562051725 0.04906767432741706 0
    outer loop
      vertex 43.1 34.75 -2.5
      vertex 43.059792467712846 33.931556878248166 -2.5
      vertex 43.059792467712846 33.931556878248166 2.5
    endloop
  endfacet
  facet normal -0.9987954562051725 -0.04906767432741706 0
    outer loop
      vertex 43.059792467712846 35.568443121751834 -2.5
      vertex 43.1 34.75 -2.5
      vertex 43.1 34.75 2.5
    endloop
  endfacet
  facet normal -0.5956993044924348 -0.8032075314806438 0
    outer loop
      vertex 40.047183922766436 41.204637285578855 -2.5
      vertex 40.047183922766436 41.204637285578855 2.5
      vertex 39.38901144571368 41.692771262726254 -2.5
    endloop
  endfacet
  facet normal -0.6715589548470159 -0.7409511253549614 0
    outer loop
      vertex 40.047183922766436 41.204637285578855 -2.5
      vertex 40.65434162290767 40.65434162290767 -2.5
      vertex 40.65434162290767 40.65434162290767 2.5
    endloop
  endfacet
  facet normal -0.8032075314806438 -0.5956993044924348 0
    outer loop
      vertex 41.204637285578855 40.047183922766436 -2.5
      vertex 41.692771262726254 39.38901144571368 -2.5
      vertex 41.692771262726254 39.38901144571368 2.5
    endloop
  endfacet
  facet normal -0.8577286100002717 -0.5141027441932223 0
    outer loop
      vertex 41.692771262726254 39.38901144571368 -2.5
      vertex 42.114042557308764 38.68616275249708 -2.5
      vertex 42.114042557308764 38.68616275249708 2.5
    endloop
  endfacet
  facet normal -0.7409511253549614 -0.6715589548470159 0
    outer loop
      vertex 40.65434162290767 40.65434162290767 -2.5
      vertex 41.204637285578855 40.047183922766436 -2.5
      vertex 41.204637285578855 40.047183922766436 2.5
    endloop
  endfacet
  facet normal -0.33688985339222477 -0.941544065183019 0
    outer loop
      vertex 37.9454066602485 42.46439409646924 -2.5
      vertex 37.9454066602485 42.46439409646924 2.5
      vertex 37.17387705507476 42.740451803363946 -2.5
    endloop
  endfacet
  facet normal -0.4275550934302798 -0.9039892931234444 0
    outer loop
      vertex 38.68616275249708 42.114042557308764 -2.5
      vertex 38.68616275249708 42.114042557308764 2.5
      vertex 37.9454066602485 42.46439409646924 -2.5
    endloop
  endfacet
  facet normal -0.5141027441932223 -0.8577286100002717 0
    outer loop
      vertex 39.38901144571368 41.692771262726254 -2.5
      vertex 39.38901144571368 41.692771262726254 2.5
      vertex 38.68616275249708 42.114042557308764 -2.5
    endloop
  endfacet
  facet normal -0.98917650996478 -0.14673047445536802 0
    outer loop
      vertex 42.93955709136697 36.37900418883467 -2.5
      vertex 43.059792467712846 35.568443121751834 -2.5
      vertex 43.059792467712846 35.568443121751834 2.5
    endloop
  endfacet
  facet normal -0.9700312531945453 -0.24298017990325782 0
    outer loop
      vertex 42.740451803363946 37.17387705507476 -2.5
      vertex 42.93955709136697 36.37900418883467 -2.5
      vertex 42.93955709136697 36.37900418883467 2.5
    endloop
  endfacet
  facet normal -0.941544065183019 -0.33688985339222477 0
    outer loop
      vertex 42.46439409646924 37.9454066602485 -2.5
      vertex 42.740451803363946 37.17387705507476 -2.5
      vertex 42.740451803363946 37.17387705507476 2.5
    endloop
  endfacet
  facet normal -0.9039892931234444 -0.4275550934302798 0
    outer loop
      vertex 42.114042557308764 38.68616275249708 -2.5
      vertex 42.46439409646924 37.9454066602485 -2.5
      vertex 42.46439409646924 37.9454066602485 2.5
    endloop
  endfacet
  facet normal 0 0 -1
    outer loop
      vertex 52.01918483286693 64.84887234782657 -2.5
      vertex 34.75 43.1 -2.5
      vertex 33.931556878248166 43.059792467712846 -2.5
    endloop
  endfacet
  facet normal 0 0 -1
    outer loop
      vertex 52.01918483286693 64.84887234782657 -2.5
      vertex 35.568443121751834 43.059792467712846 -2.5
      vertex 34.75 43.1 -2.5
    endloop
  endfacet
  facet normal 0 0 -1
    outer loop
      vertex 52.01918483286693 64.84887234782657 -2.5
      vertex 36.37900418883467 42.93955709136697 -2.5
      vertex 35.568443121751834 43.059792467712846 -2.5
    endloop
  endfacet
  facet normal 0 0 -1
    outer loop
      vertex 52.01918483286693 64.84887234782657 -2.5
      vertex 37.17387705507476 42.740451803363946 -2.5
      vertex 36.37900418883467 42.93955709136697 -2.5
    endloop
  endfacet
  facet normal 0 0 -1
    outer loop
      vertex 33.931556878248166 43.059792467712846 -2.5
      vertex 42.681444814719235 67.68144481471923 -2.5
      vertex 43.43402950890627 66.99934180769567 -2.5
    endloop
  endfacet
  facet normal 0 0 -1
    outer loop
      vertex 33.931556878248166 43.059792467712846 -2.5
      vertex 43.43402950890627 66.99934180769567 -2.5
      vertex 44.24984808824712 66.39428951266865 -2.5
    endloop
  endfacet
  facet normal 0 0 -1
    outer loop
      vertex 33.931556878248166 43.059792467712846 -2.5
      vertex 44.24984808824712 66.39428951266865 -2.5
      vertex 45.12104377385093 65.87211491399452 -2.5
    endloop
  endfacet
  facet normal 0 0 -1
    outer loop
      vertex 33.931556878248166 43.059792467712846 -2.5
      vertex 45.12104377385093 65.87211491399452 -2.5
      vertex 46.03922647502132 65.43784683850818 -2.5
    endloop
  endfacet
  facet normal 0 0 -1
    outer loop
      vertex 52.01918483286693 64.84887234782657 -2.5
      vertex 37.9454066602485 42.46439409646924 -2.5
      vertex 37.17387705507476 42.740451803363946 -2.5
    endloop
  endfacet
  facet normal 0 0 -1
    outer loop
      vertex 52.01918483286693 64.84887234782657 -2.5
      vertex 38.68616275249708 42.114042557308764 -2.5
      vertex 37.9454066602485 42.46439409646924 -2.5
    endloop
  endfacet
  facet normal 0 0 -1
    outer loop
      vertex 52.01918483286693 64.84887234782657 -2.5
      vertex 40.65434162290767 40.65434162290767 -2.5
      vertex 40.047183922766436 41.204637285578855 -2.5
    endloop
  endfacet
  facet normal 0 0 -1
    outer loop
      vertex 52.01918483286693 64.84887234782657 -2.5
      vertex 39.38901144571368 41.692771262726254 -2.5
      vertex 38.68616275249708 42.114042557308764 -2.5
    endloop
  endfacet
  facet normal 0 0 -1
    outer loop
      vertex 52.01918483286693 64.84887234782657 -2.5
      vertex 40.047183922766436 41.204637285578855 -2.5
      vertex 39.38901144571368 41.692771262726254 -2.5
    endloop
  endfacet
  facet normal 0 0 -1
    outer loop
      vertex 41.204637285578855 40.047183922766436 -2.5
      vertex 52.01918483286693 64.84887234782657 -2.5
      vertex 41.692771262726254 39.38901144571368 -2.5
    endloop
  endfacet
  facet normal 0 0 -1
    outer loop
      vertex 52.01918483286693 64.84887234782657 -2.5
      vertex 41.204637285578855 40.047183922766436 -2.5
      vertex 40.65434162290767 40.65434162290767 -2.5
    endloop
  endfacet
  facet normal 0 0 -1
    outer loop
      vertex 41.692771262726254 39.38901144571368 -2.5
      vertex 53.004446409583686 65.09566752517163 -2.5
      vertex 42.114042557308764 38.68616275249708 -2.5
    endloop
  endfacet
  facet normal 0 0 -1
    outer loop
      vertex 33.931556878248166 43.059792467712846 -2.5
      vertex 46.03922647502132 65.43784683850818 -2.5
      vertex 46.995553590416314 65.09566752517163 -2.5
    endloop
  endfacet
  facet normal 0 0 -1
    outer loop
      vertex 33.931556878248166 43.059792467712846 -2.5
      vertex 46.995553590416314 65.09566752517163 -2.5
      vertex 47.98081516713307 64.84887234782657 -2.5
    endloop
  endfacet
  facet normal 0 0 -1
    outer loop
      vertex 33.931556878248166 43.059792467712846 -2.5
      vertex 47.98081516713307 64.84887234782657 -2.5
      vertex 48.985522597589046 64.69983807894276 -2.5
    endloop
  endfacet
  facet normal 0 0 -1
    outer loop
      vertex 33.931556878248166 43.059792467712846 -2.5
      vertex 48.985522597589046 64.69983807894276 -2.5
      vertex 50 64.65 -2.5
    endloop
  endfacet
  facet normal 0 0 -1
    outer loop
      vertex 33.931556878248166 43.059792467712846 -2.5
      vertex 50 64.65 -2.5
      vertex 51.014477402410954 64.69983807894276 -2.5
    endloop
  endfacet
  facet normal 0 0 -1
    outer loop
      vertex 33.931556878248166 43.059792467712846 -2.5
      vertex 51.014477402410954 64.69983807894276 -2.5
      vertex 52.01918483286693 64.84887234782657 -2.5
    endloop
  endfacet
  facet normal 0 0 -1
    outer loop
      vertex 31.5545933397515 42.46439409646924 -2.5
      vertex 40.87211491399452 70.12104377385093 -2.5
      vertex 41.39428951266866 69.24984808824712 -2.5
    endloop
  endfacet
  facet normal 0 0 -1
    outer loop
      vertex 32.32612294492524 42.740451803363946 -2.5
      vertex 41.39428951266866 69.24984808824712 -2.5
      vertex 41.99934180769567 68.43402950890626 -2.5
    endloop
  endfacet
  facet normal 0 0 -1
    outer loop
      vertex 33.12099581116533 42.93955709136697 -2.5
      vertex 41.99934180769567 68.43402950890626 -2.5
      vertex 42.681444814719235 67.68144481471923 -2.5
    endloop
  endfacet
  facet normal 0 0 -1
    outer loop
      vertex 52.01918483286693 64.84887234782657 -2.5
      vertex 53.004446409583686 65.09566752517163 -2.5
      vertex 41.692771262726254 39.38901144571368 -2.5
    endloop
  endfacet
  facet normal 0 0 -1
    outer loop
      vertex 53.96077352497868 65.43784683850818 -2.5
      vertex 54.87895622614907 65.87211491399452 -2.5
      vertex 42.740451803363946 37.17387705507476 -2.5
    endloop
  endfacet
  facet normal 0 0 -1
    outer loop
      vertex 54.87895622614907 65.87211491399452 -2.5
      vertex 55.75015191175288 66.39428951266865 -2.5
      vertex 42.93955709136697 36.37900418883467 -2.5
    endloop
  endfacet
  facet normal 0 0 -1
    outer loop
      vertex 53.004446409583686 65.09566752517163 -2.5
      vertex 53.96077352497868 65.43784683850818 -2.5
      vertex 42.114042557308764 38.68616275249708 -2.5
    endloop
  endfacet
  facet normal 0 0 -1
    outer loop
      vertex 55.75015191175288 66.39428951266865 -2.5
      vertex 56.56597049109373 66.99934180769567 -2.5
      vertex 43.059792467712846 35.568443121751834 -2.5
    endloop
  endfacet
  facet normal 0 0 -1
    outer loop
      vertex 75 95 -2.5
      vertex 60.30016192105724 73.98552259758905 -2.5
      vertex 60.35 75 -2.5
    endloop
  endfacet
  facet normal 0 0 -1
    outer loop
      vertex 75 95 -2.5
      vertex 60.35 75 -2.5
      vertex 60.30016192105724 76.01447740241095 -2.5
    endloop
  endfacet
  facet normal 0 0 -1
    outer loop
      vertex 75 95 -2.5
      vertex 60.30016192105724 76.01447740241095 -2.5
      vertex 60.151127652173436 77.01918483286693 -2.5
    endloop
  endfacet
  facet normal 0 0 -1
    outer loop
      vertex 75 95 -2.5
      vertex 50 85.35 -2.5
      vertex 48.985522597589046 85.30016192105724 -2.5
    endloop
  endfacet
  facet normal 0 0 -1
    outer loop
      vertex 75 95 -2.5
      vertex 51.014477402410954 85.30016192105724 -2.5
      vertex 50 85.35 -2.5
    endloop
  endfacet
  facet normal 0 0 -1
    outer loop
      vertex 75 95 -2.5
      vertex 52.01918483286693 85.15112765217343 -2.5
      vertex 51.014477402410954 85.30016192105724 -2.5
    endloop
  endfacet
  facet normal 0 0 -1
    outer loop
      vertex 75 95 -2.5
      vertex 53.004446409583686 84.90433247482837 -2.5
      vertex 52.01918483286693 85.15112765217343 -2.5
    endloop
  endfacet
  facet normal 0 0 -1
    outer loop
      vertex 75 95 -2.5
      vertex 53.96077352497868 84.56215316149182 -2.5
      vertex 53.004446409583686 84.90433247482837 -2.5
    endloop
  endfacet
  facet normal 0 0 -1
    outer loop
      vertex 75 95 -2.5
      vertex 55.75015191175288 83.60571048733135 -2.5
      vertex 54.87895622614907 84.12788508600548 -2.5
    endloop
  endfacet
  facet normal 0 0 -1
    outer loop
      vertex 75 95 -2.5
      vertex 54.87895622614907 84.12788508600548 -2.5
      vertex 53.96077352497868 84.56215316149182 -2.5
    endloop
  endfacet
  facet normal 0 0 -1
    outer loop
      vertex 75 95 -2.5
      vertex 56.56597049109373 83.00065819230433 -2.5
      vertex 55.75015191175288 83.60571048733135 -2.5
    endloop
  endfacet
  facet normal 0 0 -1
    outer loop
      vertex 75 95 -2.5
      vertex 57.318555185280765 82.31855518528077 -2.5
      vertex 56.56597049109373 83.00065819230433 -2.5
    endloop
  endfacet
  facet normal 0 0 -1
    outer loop
      vertex 75 95 -2.5
      vertex 59.12788508600548 79.87895622614907 -2.5
      vertex 58.60571048733134 80.75015191175288 -2.5
    endloop
  endfacet
  facet normal 0 0 -1
    outer loop
      vertex 75 95 -2.5
      vertex 58.60571048733134 80.75015191175288 -2.5
      vertex 58.00065819230433 81.56597049109374 -2.5
    endloop
  endfacet
  facet normal 0 0 -1
    outer loop
      vertex 75 95 -2.5
      vertex 60.151127652173436 77.01918483286693 -2.5
      vertex 59.904332474828365 78.00444640958368 -2.5
    endloop
  endfacet
  facet normal 0 0 -1
    outer loop
      vertex 75 95 -2.5
      vertex 59.904332474828365 78.00444640958368 -2.5
      vertex 59.56215316149182 78.96077352497868 -2.5
    endloop
  endfacet
  facet normal 0 0 -1
    outer loop
      vertex 75 95 -2.5
      vertex 59.56215316149182 78.96077352497868 -2.5
      vertex 59.12788508600548 79.87895622614907 -2.5
    endloop
  endfacet
  facet normal 0 0 -1
    outer loop
      vertex 75 95 -2.5
      vertex 58.00065819230433 81.56597049109374 -2.5
      vertex 57.318555185280765 82.31855518528077 -2.5
    endloop
  endfacet
  facet normal 0.9039892931234429 0.4275550934302832 0
    outer loop
      vertex 40.87211491399452 70.12104377385093 -2.5
      vertex 40.43784683850818 71.03922647502132 -2.5
      vertex 40.43784683850818 71.03922647502132 2.5
    endloop
  endfacet
  facet normal 0.8032075314806482 0.5956993044924289 0
    outer loop
      vertex 41.99934180769567 68.43402950890626 -2.5
      vertex 41.39428951266866 69.24984808824712 -2.5
      vertex 41.39428951266866 69.24984808824712 2.5
    endloop
  endfacet
  facet normal 0.8577286100002713 0.5141027441932231 0
    outer loop
      vertex 41.39428951266866 69.24984808824712 -2.5
      vertex 40.87211491399452 70.12104377385093 -2.5
      vertex 40.87211491399452 70.12104377385093 2.5
    endloop
  endfacet
  facet normal 0.7409511253549574 0.6715589548470201 0
    outer loop
      vertex 42.681444814719235 67.68144481471923 -2.5
      vertex 41.99934180769567 68.43402950890626 -2.5
      vertex 41.99934180769567 68.43402950890626 2.5
    endloop
  endfacet
  facet normal 0.6715589548470163 0.7409511253549609 0
    outer loop
      vertex 42.681444814719235 67.68144481471923 -2.5
      vertex 42.681444814719235 67.68144481471923 2.5
      vertex 43.43402950890627 66.99934180769567 -2.5
    endloop
  endfacet
  facet normal 0.5956993044924368 0.8032075314806425 0
    outer loop
      vertex 43.43402950890627 66.99934180769567 -2.5
      vertex 43.43402950890627 66.99934180769567 2.5
      vertex 44.24984808824712 66.39428951266865 -2.5
    endloop
  endfacet
  facet normal 0.5141027441932179 0.8577286100002743 0
    outer loop
      vertex 44.24984808824712 66.39428951266865 -2.5
      vertex 44.24984808824712 66.39428951266865 2.5
      vertex 45.12104377385093 65.87211491399452 -2.5
    endloop
  endfacet
  facet normal 0.4275550934302832 0.9039892931234429 0
    outer loop
      vertex 45.12104377385093 65.87211491399452 -2.5
      vertex 45.12104377385093 65.87211491399452 2.5
      vertex 46.03922647502132 65.43784683850818 -2.5
    endloop
  endfacet
  facet normal 0.336889853392221 0.9415440651830205 0
    outer loop
      vertex 46.03922647502132 65.43784683850818 -2.5
      vertex 46.03922647502132 65.43784683850818 2.5
      vertex 46.995553590416314 65.09566752517163 -2.5
    endloop
  endfacet
  facet normal 0.24298017990325452 0.9700312531945463 0
    outer loop
      vertex 46.995553590416314 65.09566752517163 -2.5
      vertex 46.995553590416314 65.09566752517163 2.5
      vertex 47.98081516713307 64.84887234782657 -2.5
    endloop
  endfacet
  facet normal 0.146730474455369 0.9891765099647799 0
    outer loop
      vertex 47.98081516713307 64.84887234782657 -2.5
      vertex 47.98081516713307 64.84887234782657 2.5
      vertex 48.985522597589046 64.69983807894276 -2.5
    endloop
  endfacet
  facet normal 0.04906767432741154 0.9987954562051726 0
    outer loop
      vertex 48.985522597589046 64.69983807894276 -2.5
      vertex 48.985522597589046 64.69983807894276 2.5
      vertex 50 64.65 -2.5
    endloop
  endfacet
  facet normal -0.04906767432741154 0.9987954562051726 0
    outer loop
      vertex 50 64.65 -2.5
      vertex 50 64.65 2.5
      vertex 51.014477402410954 64.69983807894276 -2.5
    endloop
  endfacet
  facet normal -0.146730474455369 0.9891765099647799 0
    outer loop
      vertex 52.01918483286693 64.84887234782657 -2.5
      vertex 51.014477402410954 64.69983807894276 -2.5
      vertex 51.014477402410954 64.69983807894276 2.5
    endloop
  endfacet
  facet normal -0.24298017990325452 0.9700312531945463 0
    outer loop
      vertex 52.01918483286693 64.84887234782657 -2.5
      vertex 52.01918483286693 64.84887234782657 2.5
      vertex 53.004446409583686 65.09566752517163 -2.5
    endloop
  endfacet
  facet normal -0.336889853392221 0.9415440651830205 0
    outer loop
      vertex 53.004446409583686 65.09566752517163 -2.5
      vertex 53.004446409583686 65.09566752517163 2.5
      vertex 53.96077352497868 65.43784683850818 -2.5
    endloop
  endfacet
  facet normal -0.4275550934302832 0.9039892931234429 0
    outer loop
      vertex 53.96077352497868 65.43784683850818 -2.5
      vertex 53.96077352497868 65.43784683850818 2.5
      vertex 54.87895622614907 65.87211491399452 -2.5
    endloop
  endfacet
  facet normal -0.5141027441932179 0.8577286100002743 0
    outer loop
      vertex 54.87895622614907 65.87211491399452 -2.5
      vertex 54.87895622614907 65.87211491399452 2.5
      vertex 55.75015191175288 66.39428951266865 -2.5
    endloop
  endfacet
  facet normal -0.5956993044924368 0.8032075314806425 0
    outer loop
      vertex 55.75015191175288 66.39428951266865 -2.5
      vertex 55.75015191175288 66.39428951266865 2.5
      vertex 56.56597049109373 66.99934180769567 -2.5
    endloop
  endfacet
  facet normal 0.989176509964781 0.14673047445536114 0
    outer loop
      vertex 39.848872347826564 72.98081516713307 -2.5
      vertex 39.69983807894276 73.98552259758905 -2.5
      vertex 39.69983807894276 73.98552259758905 2.5
    endloop
  endfacet
  facet normal 0.9987954562051723 0.04906767432741886 0
    outer loop
      vertex 39.69983807894276 73.98552259758905 -2.5
      vertex 39.65 75 -2.5
      vertex 39.65 75 2.5
    endloop
  endfacet
  facet normal 0.9987954562051723 -0.04906767432741886 0
    outer loop
      vertex 39.65 75 -2.5
      vertex 39.69983807894276 76.01447740241095 -2.5
      vertex 39.69983807894276 76.01447740241095 2.5
    endloop
  endfacet
  facet normal 0.989176509964781 -0.14673047445536114 0
    outer loop
      vertex 39.69983807894276 76.01447740241095 -2.5
      vertex 39.848872347826564 77.01918483286693 -2.5
      vertex 39.848872347826564 77.01918483286693 2.5
    endloop
  endfacet
  facet normal 0.9415440651830211 0.3368898533922188 0
    outer loop
      vertex 40.43784683850818 71.03922647502132 -2.5
      vertex 40.095667525171635 71.99555359041632 -2.5
      vertex 40.095667525171635 71.99555359041632 2.5
    endloop
  endfacet
  facet normal 0.9700312531945443 0.2429801799032628 0
    outer loop
      vertex 40.095667525171635 71.99555359041632 -2.5
      vertex 39.848872347826564 72.98081516713307 -2.5
      vertex 39.848872347826564 72.98081516713307 2.5
    endloop
  endfacet
  facet normal 0.9700312531945443 -0.2429801799032628 0
    outer loop
      vertex 39.848872347826564 77.01918483286693 -2.5
      vertex 40.095667525171635 78.00444640958368 -2.5
      vertex 40.095667525171635 78.00444640958368 2.5
    endloop
  endfacet
  facet normal 0.9415440651830211 -0.3368898533922188 0
    outer loop
      vertex 40.095667525171635 78.00444640958368 -2.5
      vertex 40.43784683850818 78.96077352497868 -2.5
      vertex 40.43784683850818 78.96077352497868 2.5
    endloop
  endfacet
  facet normal 0.9039892931234429 -0.4275550934302832 0
    outer loop
      vertex 40.43784683850818 78.96077352497868 -2.5
      vertex 40.87211491399452 79.87895622614907 -2.5
      vertex 40.87211491399452 79.87895622614907 2.5
    endloop
  endfacet
  facet normal 0.8577286100002713 -0.5141027441932231 0
    outer loop
      vertex 40.87211491399452 79.87895622614907 -2.5
      vertex 41.39428951266866 80.75015191175288 -2.5
      vertex 41.39428951266866 80.75015191175288 2.5
    endloop
  endfacet
  facet normal 0.8032075314806482 -0.5956993044924289 0
    outer loop
      vertex 41.39428951266866 80.75015191175288 -2.5
      vertex 41.99934180769567 81.56597049109374 -2.5
      vertex 41.99934180769567 81.56597049109374 2.5
    endloop
  endfacet
  facet normal 0.7409511253549574 -0.6715589548470201 0
    outer loop
      vertex 41.99934180769567 81.56597049109374 -2.5
      vertex 42.681444814719235 82.31855518528077 -2.5
      vertex 42.681444814719235 82.31855518528077 2.5
    endloop
  endfacet
  facet normal 0.6715589548470163 -0.7409511253549609 0
    outer loop
      vertex 43.43402950890627 83.00065819230433 -2.5
      vertex 43.43402950890627 83.00065819230433 2.5
      vertex 42.681444814719235 82.31855518528077 -2.5
    endloop
  endfacet
  facet normal 0.5956993044924368 -0.8032075314806425 0
    outer loop
      vertex 44.24984808824712 83.60571048733135 -2.5
      vertex 44.24984808824712 83.60571048733135 2.5
      vertex 43.43402950890627 83.00065819230433 -2.5
    endloop
  endfacet
  facet normal 0.5141027441932179 -0.8577286100002743 0
    outer loop
      vertex 45.12104377385093 84.12788508600548 -2.5
      vertex 45.12104377385093 84.12788508600548 2.5
      vertex 44.24984808824712 83.60571048733135 -2.5
    endloop
  endfacet
  facet normal 0.4275550934302832 -0.9039892931234429 0
    outer loop
      vertex 46.03922647502132 84.56215316149182 -2.5
      vertex 46.03922647502132 84.56215316149182 2.5
      vertex 45.12104377385093 84.12788508600548 -2.5
    endloop
  endfacet
  facet normal 0.336889853392221 -0.9415440651830205 0
    outer loop
      vertex 46.995553590416314 84.90433247482837 -2.5
      vertex 46.995553590416314 84.90433247482837 2.5
      vertex 46.03922647502132 84.56215316149182 -2.5
    endloop
  endfacet
  facet normal 0.24298017990325452 -0.9700312531945463 0
    outer loop
      vertex 47.98081516713307 85.15112765217343 -2.5
      vertex 47.98081516713307 85.15112765217343 2.5
      vertex 46.995553590416314 84.90433247482837 -2.5
    endloop
  endfacet
  facet normal 0.146730474455369 -0.9891765099647799 0
    outer loop
      vertex 48.985522597589046 85.30016192105724 -2.5
      vertex 48.985522597589046 85.30016192105724 2.5
      vertex 47.98081516713307 85.15112765217343 -2.5
    endloop
  endfacet
  facet normal 0.04906767432741154 -0.9987954562051726 0
    outer loop
      vertex 50 85.35 -2.5
      vertex 50 85.35 2.5
      vertex 48.985522597589046 85.30016192105724 -2.5
    endloop
  endfacet
  facet normal -0.04906767432741154 -0.9987954562051726 0
    outer loop
      vertex 51.014477402410954 85.30016192105724 -2.5
      vertex 51.014477402410954 85.30016192105724 2.5
      vertex 50 85.35 -2.5
    endloop
  endfacet
  facet normal -0.146730474455369 -0.9891765099647799 0
    outer loop
      vertex 52.01918483286693 85.15112765217343 -2.5
      vertex 52.01918483286693 85.15112765217343 2.5
      vertex 51.014477402410954 85.30016192105724 -2.5
    endloop
  endfacet
  facet normal -0.24298017990325452 -0.9700312531945463 0
    outer loop
      vertex 53.004446409583686 84.90433247482837 -2.5
      vertex 53.004446409583686 84.90433247482837 2.5
      vertex 52.01918483286693 85.15112765217343 -2.5
    endloop
  endfacet
  facet normal -0.336889853392221 -0.9415440651830205 0
    outer loop
      vertex 53.96077352497868 84.56215316149182 -2.5
      vertex 53.96077352497868 84.56215316149182 2.5
      vertex 53.004446409583686 84.90433247482837 -2.5
    endloop
  endfacet
  facet normal -0.4275550934302832 -0.9039892931234429 0
    outer loop
      vertex 54.87895622614907 84.12788508600548 -2.5
      vertex 54.87895622614907 84.12788508600548 2.5
      vertex 53.96077352497868 84.56215316149182 -2.5
    endloop
  endfacet
  facet normal -0.5141027441932179 -0.8577286100002743 0
    outer loop
      vertex 55.75015191175288 83.60571048733135 -2.5
      vertex 55.75015191175288 83.60571048733135 2.5
      vertex 54.87895622614907 84.12788508600548 -2.5
    endloop
  endfacet
  facet normal -0.6715589548470163 0.7409511253549609 0
    outer loop
      vertex 56.56597049109373 66.99934180769567 -2.5
      vertex 56.56597049109373 66.99934180769567 2.5
      vertex 57.318555185280765 67.68144481471923 -2.5
    endloop
  endfacet
  facet normal -0.7409511253549574 0.6715589548470201 0
    outer loop
      vertex 57.318555185280765 67.68144481471923 -2.5
      vertex 57.318555185280765 67.68144481471923 2.5
      vertex 58.00065819230433 68.43402950890626 -2.5
    endloop
  endfacet
  facet normal -0.8032075314806482 0.5956993044924289 0
    outer loop
      vertex 58.60571048733134 69.24984808824712 -2.5
      vertex 58.00065819230433 68.43402950890626 -2.5
      vertex 58.00065819230433 68.43402950890626 2.5
    endloop
  endfacet
  facet normal -0.8577286100002713 0.5141027441932231 0
    outer loop
      vertex 59.12788508600548 70.12104377385093 -2.5
      vertex 58.60571048733134 69.24984808824712 -2.5
      vertex 58.60571048733134 69.24984808824712 2.5
    endloop
  endfacet
  facet normal -0.9039892931234429 0.4275550934302832 0
    outer loop
      vertex 59.56215316149182 71.03922647502132 -2.5
      vertex 59.12788508600548 70.12104377385093 -2.5
      vertex 59.12788508600548 70.12104377385093 2.5
    endloop
  endfacet
  facet normal -0.9415440651830211 0.3368898533922188 0
    outer loop
      vertex 59.904332474828365 71.99555359041632 -2.5
      vertex 59.56215316149182 71.03922647502132 -2.5
      vertex 59.56215316149182 71.03922647502132 2.5
    endloop
  endfacet
  facet normal -0.9700312531945443 0.2429801799032628 0
    outer loop
      vertex 60.151127652173436 72.98081516713307 -2.5
      vertex 59.904332474828365 71.99555359041632 -2.5
      vertex 59.904332474828365 71.99555359041632 2.5
    endloop
  endfacet
  facet normal -0.989176509964781 0.14673047445536114 0
    outer loop
      vertex 60.30016192105724 73.98552259758905 -2.5
      vertex 60.151127652173436 72.98081516713307 -2.5
      vertex 60.151127652173436 72.98081516713307 2.5
    endloop
  endfacet
  facet normal -0.9987954562051723 0.04906767432741886 0
    outer loop
      vertex 60.35 75 -2.5
      vertex 60.30016192105724 73.98552259758905 -2.5
      vertex 60.30016192105724 73.98552259758905 2.5
    endloop
  endfacet
  facet normal -0.9987954562051723 -0.04906767432741886 0
    outer loop
      vertex 60.30016192105724 76.01447740241095 -2.5
      vertex 60.35 75 -2.5
      vertex 60.35 75 2.5
    endloop
  endfacet
  facet normal -0.989176509964781 -0.14673047445536114 0
    outer loop
      vertex 60.151127652173436 77.01918483286693 -2.5
      vertex 60.30016192105724 76.01447740241095 -2.5
      vertex 60.30016192105724 76.01447740241095 2.5
    endloop
  endfacet
  facet normal -0.6715589548470163 -0.7409511253549609 0
    outer loop
      vertex 56.56597049109373 83.00065819230433 -2.5
      vertex 57.318555185280765 82.31855518528077 -2.5
      vertex 57.318555185280765 82.31855518528077 2.5
    endloop
  endfacet
  facet normal -0.8032075314806482 -0.5956993044924289 0
    outer loop
      vertex 58.00065819230433 81.56597049109374 -2.5
      vertex 58.60571048733134 80.75015191175288 -2.5
      vertex 58.60571048733134 80.75015191175288 2.5
    endloop
  endfacet
  facet normal -0.7409511253549574 -0.6715589548470201 0
    outer loop
      vertex 57.318555185280765 82.31855518528077 -2.5
      vertex 58.00065819230433 81.56597049109374 -2.5
      vertex 58.00065819230433 81.56597049109374 2.5
    endloop
  endfacet
  facet normal -0.9039892931234429 -0.4275550934302832 0
    outer loop
      vertex 59.12788508600548 79.87895622614907 -2.5
      vertex 59.56215316149182 78.96077352497868 -2.5
      vertex 59.56215316149182 78.96077352497868 2.5
    endloop
  endfacet
  facet normal -0.9700312531945443 -0.2429801799032628 0
    outer loop
      vertex 59.904332474828365 78.00444640958368 -2.5
      vertex 60.151127652173436 77.01918483286693 -2.5
      vertex 60.151127652173436 77.01918483286693 2.5
    endloop
  endfacet
  facet normal -0.9415440651830211 -0.3368898533922188 0
    outer loop
      vertex 59.56215316149182 78.96077352497868 -2.5
      vertex 59.904332474828365 78.00444640958368 -2.5
      vertex 59.904332474828365 78.00444640958368 2.5
    endloop
  endfacet
  facet normal -0.8577286100002713 -0.5141027441932231 0
    outer loop
      vertex 58.60571048733134 80.75015191175288 -2.5
      vertex 59.12788508600548 79.87895622614907 -2.5
      vertex 59.12788508600548 79.87895622614907 2.5
    endloop
  endfacet
  facet normal -0.5956993044924368 -0.8032075314806425 0
    outer loop
      vertex 56.56597049109373 83.00065819230433 -2.5
      vertex 56.56597049109373 83.00065819230433 2.5
      vertex 55.75015191175288 83.60571048733135 -2.5
    endloop
  endfacet
  facet normal -0.15643446504023165 -0.9876883405951377 0
    outer loop
      vertex 3.7599970069291286 29.763441039434337 -2.5
      vertex 5.621439437571738 29.46861752186066 2.5
      vertex 3.7599970069291286 29.763441039434337 2.5
    endloop
  endfacet
  facet normal -0.031410759078128625 -0.9995065603657315 0
    outer loop
      vertex 0 30 -2.5
      vertex 1.8837155858793984 29.940801852848146 2.5
      vertex 0 30 2.5
    endloop
  endfacet
  facet normal -0.09410831331851277 -0.9955619646030802 0
    outer loop
      vertex 1.8837155858793984 29.940801852848146 -2.5
      vertex 3.7599970069291286 29.763441039434337 2.5
      vertex 1.8837155858793984 29.940801852848146 2.5
    endloop
  endfacet
  facet normal -0.2181432413965434 -0.9759167619387472 0
    outer loop
      vertex 5.621439437571738 29.46861752186066 -2.5
      vertex 7.460696614945645 29.057494833858932 2.5
      vertex 5.621439437571738 29.46861752186066 2.5
    endloop
  endfacet
  facet normal -0.27899110603922966 -0.9602936856769431 0
    outer loop
      vertex 7.460696614945645 29.057494833858932 -2.5
      vertex 9.270509831248422 28.531695488854606 2.5
      vertex 7.460696614945645 29.057494833858932 2.5
    endloop
  endfacet
  facet normal -0.3387379202452896 -0.9408807689542261 0
    outer loop
      vertex 9.270509831248422 28.531695488854606 -2.5
      vertex 11.043736580540337 27.893294576647545 2.5
      vertex 9.270509831248422 28.531695488854606 2.5
    endloop
  endfacet
  facet normal -0.39714789063478245 -0.9177546256839804 0
    outer loop
      vertex 11.043736580540337 27.893294576647545 -2.5
      vertex 12.773378746952181 27.144811573980583 2.5
      vertex 11.043736580540337 27.893294576647545 2.5
    endloop
  endfacet
  facet normal -0.453990499739547 -0.8910065241883678 0
    outer loop
      vertex 12.773378746952181 27.144811573980583 -2.5
      vertex 14.452610223051456 26.289200401315906 2.5
      vertex 12.773378746952181 27.144811573980583 2.5
    endloop
  endfacet
  facet normal -0.5090414157503694 -0.8607420270039449 0
    outer loop
      vertex 14.452610223051456 26.289200401315906 -2.5
      vertex 16.0748038493699 25.329837765060454 2.5
      vertex 14.452610223051456 26.289200401315906 2.5
    endloop
  endfacet
  facet normal -0.5620833778521305 -0.8270805742745619 0
    outer loop
      vertex 16.0748038493699 25.329837765060454 -2.5
      vertex 17.633557568774194 24.270509831248425 2.5
      vertex 16.0748038493699 25.329837765060454 2.5
    endloop
  endfacet
  facet normal -0.6129070536529786 -0.7901550123756886 0
    outer loop
      vertex 17.633557568774194 24.270509831248425 -2.5
      vertex 19.12271969246069 23.115397283273673 2.5
      vertex 17.633557568774194 24.270509831248425 2.5
    endloop
  endfacet
  facet normal -0.9408807689542256 -0.338737920245291 0
    outer loop
      vertex 27.89329457664754 11.043736580540338 -2.5
      vertex 28.531695488854606 9.270509831248422 2.5
      vertex 27.89329457664754 11.043736580540338 2.5
    endloop
  endfacet
  facet normal -0.6613118653236493 -0.7501110696304617 0
    outer loop
      vertex 19.12271969246069 23.115397283273673 -2.5
      vertex 20.536413177860663 21.869058822642348 2.5
      vertex 19.12271969246069 23.115397283273673 2.5
    endloop
  endfacet
  facet normal -0.7071067811865475 -0.7071067811865475 0
    outer loop
      vertex 20.536413177860663 21.869058822642348 -2.5
      vertex 21.869058822642348 20.536413177860663 2.5
      vertex 20.536413177860663 21.869058822642348 2.5
    endloop
  endfacet
  facet normal -0.7501110696304617 -0.6613118653236493 0
    outer loop
      vertex 21.869058822642348 20.536413177860663 -2.5
      vertex 23.115397283273673 19.12271969246069 2.5
      vertex 21.869058822642348 20.536413177860663 2.5
    endloop
  endfacet
  facet normal -0.8607420270039443 -0.5090414157503702 0
    outer loop
      vertex 25.329837765060454 16.0748038493699 -2.5
      vertex 26.289200401315906 14.45261022305146 2.5
      vertex 25.329837765060454 16.0748038493699 2.5
    endloop
  endfacet
  facet normal -0.8270805742745619 -0.5620833778521305 0
    outer loop
      vertex 24.270509831248425 17.633557568774194 -2.5
      vertex 25.329837765060454 16.0748038493699 2.5
      vertex 24.270509831248425 17.633557568774194 2.5
    endloop
  endfacet
  facet normal -0.8910065241883676 -0.45399049973954736 0
    outer loop
      vertex 26.289200401315906 14.45261022305146 -2.5
      vertex 27.144811573980586 12.77337874695218 2.5
      vertex 26.289200401315906 14.45261022305146 2.5
    endloop
  endfacet
  facet normal -0.9177546256839814 -0.39714789063477995 0
    outer loop
      vertex 27.144811573980586 12.77337874695218 -2.5
      vertex 27.89329457664754 11.043736580540338 2.5
      vertex 27.144811573980586 12.77337874695218 2.5
    endloop
  endfacet
  facet normal -0.7901550123756886 -0.6129070536529786 0
    outer loop
      vertex 23.115397283273673 19.12271969246069 -2.5
      vertex 24.270509831248425 17.633557568774194 2.5
      vertex 23.115397283273673 19.12271969246069 2.5
    endloop
  endfacet
  facet normal -0.9995065603657315 -0.031410759078128576 0
    outer loop
      vertex 29.940801852848146 1.8837155858794012 -2.5
      vertex 30 0 2.5
      vertex 29.940801852848146 1.8837155858794012 2.5
    endloop
  endfacet
  facet normal -0.9955619646030802 -0.09410831331851296 0
    outer loop
      vertex 29.763441039434337 3.7599970069291277 -2.5
      vertex 29.940801852848146 1.8837155858794012 2.5
      vertex 29.763441039434337 3.7599970069291277 2.5
    endloop
  endfacet
  facet normal -0.9876883405951378 -0.15643446504023148 0
    outer loop
      vertex 29.46861752186066 5.6214394375717385 -2.5
      vertex 29.763441039434337 3.7599970069291277 2.5
      vertex 29.46861752186066 5.6214394375717385 2.5
    endloop
  endfacet
  facet normal -0.9759167619387471 -0.2181432413965436 0
    outer loop
      vertex 29.057494833858932 7.460696614945644 -2.5
      vertex 29.46861752186066 5.6214394375717385 2.5
      vertex 29.057494833858932 7.460696614945644 2.5
    endloop
  endfacet
  facet normal -0.9602936856769431 -0.27899110603922955 0
    outer loop
      vertex 28.531695488854606 9.270509831248422 -2.5
      vertex 29.057494833858932 7.460696614945644 2.5
      vertex 28.531695488854606 9.270509831248422 2.5
    endloop
  endfacet
  facet normal 0.9415440651830204 0.33688985339222094 0
    outer loop
      vertex 27.035605903530758 31.5545933397515 -2.5
      vertex 26.759548196636057 32.32612294492524 2.5
      vertex 27.035605903530758 31.5545933397515 2.5
    endloop
  endfacet
  facet normal 0.9700312531945445 0.24298017990326193 0
    outer loop
      vertex 26.759548196636057 32.32612294492524 -2.5
      vertex 26.56044290863303 33.12099581116533 2.5
      vertex 26.759548196636057 32.32612294492524 2.5
    endloop
  endfacet
  facet normal 0.9039892931234437 0.4275550934302815 0
    outer loop
      vertex 27.385957442691236 30.81383724750292 -2.5
      vertex 27.035605903530758 31.5545933397515 2.5
      vertex 27.385957442691236 30.81383724750292 2.5
    endloop
  endfacet
  facet normal 0.8577286100002729 0.5141027441932204 0
    outer loop
      vertex 27.807228737273746 30.110988554286322 -2.5
      vertex 27.385957442691236 30.81383724750292 2.5
      vertex 27.807228737273746 30.110988554286322 2.5
    endloop
  endfacet
  facet normal 0.98917650996478 0.14673047445536802 0
    outer loop
      vertex 26.56044290863303 33.12099581116533 -2.5
      vertex 26.440207532287154 33.931556878248166 2.5
      vertex 26.56044290863303 33.12099581116533 2.5
    endloop
  endfacet
  facet normal 0.9987954562051725 0.04906767432741706 0
    outer loop
      vertex 26.440207532287154 33.931556878248166 -2.5
      vertex 26.4 34.75 2.5
      vertex 26.440207532287154 33.931556878248166 2.5
    endloop
  endfacet
  facet normal 0.9987954562051725 -0.04906767432741706 0
    outer loop
      vertex 26.4 34.75 -2.5
      vertex 26.440207532287154 35.568443121751834 2.5
      vertex 26.4 34.75 2.5
    endloop
  endfacet
  facet normal 0.98917650996478 -0.14673047445536802 0
    outer loop
      vertex 26.440207532287154 35.568443121751834 -2.5
      vertex 26.56044290863303 36.37900418883467 2.5
      vertex 26.440207532287154 35.568443121751834 2.5
    endloop
  endfacet
  facet normal 0.9700312531945445 -0.24298017990326193 0
    outer loop
      vertex 26.56044290863303 36.37900418883467 -2.5
      vertex 26.759548196636057 37.17387705507476 2.5
      vertex 26.56044290863303 36.37900418883467 2.5
    endloop
  endfacet
  facet normal 0.9415440651830204 -0.33688985339222094 0
    outer loop
      vertex 26.759548196636057 37.17387705507476 -2.5
      vertex 27.035605903530758 37.9454066602485 2.5
      vertex 26.759548196636057 37.17387705507476 2.5
    endloop
  endfacet
  facet normal 0.9039892931234444 -0.4275550934302798 0
    outer loop
      vertex 27.035605903530758 37.9454066602485 -2.5
      vertex 27.385957442691236 38.68616275249708 2.5
      vertex 27.035605903530758 37.9454066602485 2.5
    endloop
  endfacet
  facet normal 0.8577286100002717 -0.5141027441932223 0
    outer loop
      vertex 27.385957442691236 38.68616275249708 -2.5
      vertex 27.807228737273746 39.38901144571368 2.5
      vertex 27.385957442691236 38.68616275249708 2.5
    endloop
  endfacet
  facet normal 0.8032075314806438 -0.5956993044924348 0
    outer loop
      vertex 27.807228737273746 39.38901144571368 -2.5
      vertex 28.295362714421145 40.047183922766436 2.5
      vertex 27.807228737273746 39.38901144571368 2.5
    endloop
  endfacet
  facet normal 0.8032075314806454 0.5956993044924327 0
    outer loop
      vertex 28.295362714421145 29.45281607723356 -2.5
      vertex 27.807228737273746 30.110988554286322 2.5
      vertex 28.295362714421145 29.45281607723356 2.5
    endloop
  endfacet
  facet normal 0.7409511253549595 0.6715589548470181 0
    outer loop
      vertex 28.845658377092327 28.845658377092327 -2.5
      vertex 28.295362714421145 29.45281607723356 2.5
      vertex 28.845658377092327 28.845658377092327 2.5
    endloop
  endfacet
  facet normal 0.6715589548470181 0.7409511253549595 0
    outer loop
      vertex 29.45281607723356 28.295362714421145 -2.5
      vertex 28.845658377092327 28.845658377092327 2.5
      vertex 29.45281607723356 28.295362714421145 2.5
    endloop
  endfacet
  facet normal 0.5956993044924327 0.8032075314806454 0
    outer loop
      vertex 30.110988554286322 27.807228737273746 -2.5
      vertex 29.45281607723356 28.295362714421145 2.5
      vertex 30.110988554286322 27.807228737273746 2.5
    endloop
  endfacet
  facet normal 0.5141027441932204 0.8577286100002729 0
    outer loop
      vertex 30.81383724750292 27.385957442691236 -2.5
      vertex 30.110988554286322 27.807228737273746 2.5
      vertex 30.81383724750292 27.385957442691236 2.5
    endloop
  endfacet
  facet normal 0.4275550934302815 0.9039892931234437 0
    outer loop
      vertex 31.5545933397515 27.035605903530758 -2.5
      vertex 30.81383724750292 27.385957442691236 2.5
      vertex 31.5545933397515 27.035605903530758 2.5
    endloop
  endfacet
  facet normal 0.33688985339222094 0.9415440651830204 0
    outer loop
      vertex 32.32612294492524 26.759548196636057 -2.5
      vertex 31.5545933397515 27.035605903530758 2.5
      vertex 32.32612294492524 26.759548196636057 2.5
    endloop
  endfacet
  facet normal 0.24298017990326193 0.9700312531945445 0
    outer loop
      vertex 33.12099581116533 26.56044290863303 -2.5
      vertex 32.32612294492524 26.759548196636057 2.5
      vertex 33.12099581116533 26.56044290863303 2.5
    endloop
  endfacet
  facet normal 0.14673047445536802 0.98917650996478 0
    outer loop
      vertex 33.931556878248166 26.440207532287154 -2.5
      vertex 33.12099581116533 26.56044290863303 2.5
      vertex 33.931556878248166 26.440207532287154 2.5
    endloop
  endfacet
  facet normal 0.04906767432741706 0.9987954562051725 0
    outer loop
      vertex 34.75 26.4 -2.5
      vertex 33.931556878248166 26.440207532287154 2.5
      vertex 34.75 26.4 2.5
    endloop
  endfacet
  facet normal -0.04906767432741706 0.9987954562051725 0
    outer loop
      vertex 35.568443121751834 26.440207532287154 -2.5
      vertex 34.75 26.4 2.5
      vertex 35.568443121751834 26.440207532287154 2.5
    endloop
  endfacet
  facet normal -0.14673047445536802 0.98917650996478 0
    outer loop
      vertex 36.37900418883467 26.56044290863303 -2.5
      vertex 35.568443121751834 26.440207532287154 2.5
      vertex 36.37900418883467 26.56044290863303 2.5
    endloop
  endfacet
  facet normal -0.24298017990326193 0.9700312531945445 0
    outer loop
      vertex 37.17387705507476 26.759548196636057 -2.5
      vertex 36.37900418883467 26.56044290863303 2.5
      vertex 37.17387705507476 26.759548196636057 2.5
    endloop
  endfacet
  facet normal 0.7409511253549614 -0.6715589548470159 0
    outer loop
      vertex 28.295362714421145 40.047183922766436 -2.5
      vertex 28.845658377092327 40.65434162290767 2.5
      vertex 28.295362714421145 40.047183922766436 2.5
    endloop
  endfacet
  facet normal 0.6715589548470181 -0.7409511253549595 0
    outer loop
      vertex 28.845658377092327 40.65434162290767 -2.5
      vertex 29.45281607723356 41.204637285578855 2.5
      vertex 28.845658377092327 40.65434162290767 2.5
    endloop
  endfacet
  facet normal 0.5956993044924327 -0.8032075314806454 0
    outer loop
      vertex 29.45281607723356 41.204637285578855 -2.5
      vertex 30.110988554286322 41.692771262726254 2.5
      vertex 29.45281607723356 41.204637285578855 2.5
    endloop
  endfacet
  facet normal 0.5141027441932204 -0.8577286100002729 0
    outer loop
      vertex 30.110988554286322 41.692771262726254 -2.5
      vertex 30.81383724750292 42.114042557308764 2.5
      vertex 30.110988554286322 41.692771262726254 2.5
    endloop
  endfacet
  facet normal 0.4275550934302815 -0.9039892931234437 0
    outer loop
      vertex 30.81383724750292 42.114042557308764 -2.5
      vertex 31.5545933397515 42.46439409646924 2.5
      vertex 30.81383724750292 42.114042557308764 2.5
    endloop
  endfacet
  facet normal 0.33688985339222477 -0.941544065183019 0
    outer loop
      vertex 31.5545933397515 42.46439409646924 -2.5
      vertex 32.32612294492524 42.740451803363946 2.5
      vertex 31.5545933397515 42.46439409646924 2.5
    endloop
  endfacet
  facet normal 0.24298017990325782 -0.9700312531945453 0
    outer loop
      vertex 32.32612294492524 42.740451803363946 -2.5
      vertex 33.12099581116533 42.93955709136697 2.5
      vertex 32.32612294492524 42.740451803363946 2.5
    endloop
  endfacet
  facet normal 0.14673047445536802 -0.98917650996478 0
    outer loop
      vertex 33.12099581116533 42.93955709136697 -2.5
      vertex 33.931556878248166 43.059792467712846 2.5
      vertex 33.12099581116533 42.93955709136697 2.5
    endloop
  endfacet
  facet normal 0.04906767432741706 -0.9987954562051725 0
    outer loop
      vertex 33.931556878248166 43.059792467712846 -2.5
      vertex 34.75 43.1 2.5
      vertex 33.931556878248166 43.059792467712846 2.5
    endloop
  endfacet
  facet normal -0.04906767432741706 -0.9987954562051725 0
    outer loop
      vertex 34.75 43.1 -2.5
      vertex 35.568443121751834 43.059792467712846 2.5
      vertex 34.75 43.1 2.5
    endloop
  endfacet
  facet normal -0.14673047445536802 -0.98917650996478 0
    outer loop
      vertex 35.568443121751834 43.059792467712846 -2.5
      vertex 36.37900418883467 42.93955709136697 2.5
      vertex 35.568443121751834 43.059792467712846 2.5
    endloop
  endfacet
  facet normal -0.24298017990325782 -0.9700312531945453 0
    outer loop
      vertex 36.37900418883467 42.93955709136697 -2.5
      vertex 37.17387705507476 42.740451803363946 2.5
      vertex 36.37900418883467 42.93955709136697 2.5
    endloop
  endfacet
  facet normal -0.33688985339222477 -0.941544065183019 0
    outer loop
      vertex 37.17387705507476 42.740451803363946 -2.5
      vertex 37.9454066602485 42.46439409646924 2.5
      vertex 37.17387705507476 42.740451803363946 2.5
    endloop
  endfacet
  facet normal 0 0 1
    outer loop
      vertex 12.773378746952181 27.144811573980583 2.5
      vertex 14.452610223051456 26.289200401315906 2.5
      vertex 26.440207532287154 35.568443121751834 2.5
    endloop
  endfacet
  facet normal 0 0 1
    outer loop
      vertex 11.043736580540337 27.893294576647545 2.5
      vertex 12.773378746952181 27.144811573980583 2.5
      vertex 26.56044290863303 36.37900418883467 2.5
    endloop
  endfacet
  facet normal 0 0 1
    outer loop
      vertex 11.043736580540337 27.893294576647545 2.5
      vertex 28.295362714421145 40.047183922766436 2.5
      vertex 2.0191848328669275 64.84887234782657 2.5
    endloop
  endfacet
  facet normal 0 0 1
    outer loop
      vertex 23.115397283273673 19.12271969246069 2.5
      vertex 29.45281607723356 28.295362714421145 2.5
      vertex 21.869058822642348 20.536413177860663 2.5
    endloop
  endfacet
  facet normal 0 0 1
    outer loop
      vertex 25.329837765060454 16.0748038493699 2.5
      vertex 32.32612294492524 26.759548196636057 2.5
      vertex 24.270509831248425 17.633557568774194 2.5
    endloop
  endfacet
  facet normal 0 0 1
    outer loop
      vertex 24.270509831248425 17.633557568774194 2.5
      vertex 30.81383724750292 27.385957442691236 2.5
      vertex 23.115397283273673 19.12271969246069 2.5
    endloop
  endfacet
  facet normal 0 0 1
    outer loop
      vertex 29.940801852848146 -1.8837155858794128 2.5
      vertex 41.204637285578855 29.45281607723356 2.5
      vertex 30 0 2.5
    endloop
  endfacet
  facet normal 0 0 1
    outer loop
      vertex 30 0 2.5
      vertex 41.204637285578855 29.45281607723356 2.5
      vertex 29.940801852848146 1.8837155858794012 2.5
    endloop
  endfacet
  facet normal 0 0 1
    outer loop
      vertex 29.940801852848146 1.8837155858794012 2.5
      vertex 41.204637285578855 29.45281607723356 2.5
      vertex 29.763441039434337 3.7599970069291277 2.5
    endloop
  endfacet
  facet normal 0 0 1
    outer loop
      vertex 29.057494833858932 7.460696614945644 2.5
      vertex 38.68616275249708 27.385957442691236 2.5
      vertex 28.531695488854606 9.270509831248422 2.5
    endloop
  endfacet
  facet normal 0 0 1
    outer loop
      vertex 28.531695488854606 9.270509831248422 2.5
      vertex 37.9454066602485 27.035605903530758 2.5
      vertex 27.89329457664754 11.043736580540338 2.5
    endloop
  endfacet
  facet normal 0 0 1
    outer loop
      vertex 27.89329457664754 11.043736580540338 2.5
      vertex 36.37900418883467 26.56044290863303 2.5
      vertex 27.144811573980586 12.77337874695218 2.5
    endloop
  endfacet
  facet normal 0 0 1
    outer loop
      vertex 26.289200401315906 14.45261022305146 2.5
      vertex 33.12099581116533 26.56044290863303 2.5
      vertex 25.329837765060454 16.0748038493699 2.5
    endloop
  endfacet
  facet normal 0 0 1
    outer loop
      vertex 27.144811573980586 12.77337874695218 2.5
      vertex 34.75 26.4 2.5
      vertex 26.289200401315906 14.45261022305146 2.5
    endloop
  endfacet
  facet normal 0 0 1
    outer loop
      vertex 33.12099581116533 26.56044290863303 2.5
      vertex 32.32612294492524 26.759548196636057 2.5
      vertex 25.329837765060454 16.0748038493699 2.5
    endloop
  endfacet
  facet normal 0 0 1
    outer loop
      vertex 26.289200401315906 14.45261022305146 2.5
      vertex 33.931556878248166 26.440207532287154 2.5
      vertex 33.12099581116533 26.56044290863303 2.5
    endloop
  endfacet
  facet normal 0 0 1
    outer loop
      vertex 27.144811573980586 12.77337874695218 2.5
      vertex 35.568443121751834 26.440207532287154 2.5
      vertex 34.75 26.4 2.5
    endloop
  endfacet
  facet normal 0 0 1
    outer loop
      vertex 34.75 26.4 2.5
      vertex 33.931556878248166 26.440207532287154 2.5
      vertex 26.289200401315906 14.45261022305146 2.5
    endloop
  endfacet
  facet normal 0 0 1
    outer loop
      vertex 29.763441039434337 3.7599970069291277 2.5
      vertex 41.204637285578855 29.45281607723356 2.5
      vertex 29.46861752186066 5.6214394375717385 2.5
    endloop
  endfacet
  facet normal 0 0 1
    outer loop
      vertex 29.46861752186066 5.6214394375717385 2.5
      vertex 40.047183922766436 28.295362714421145 2.5
      vertex 29.057494833858932 7.460696614945644 2.5
    endloop
  endfacet
  facet normal 0 0 1
    outer loop
      vertex 36.37900418883467 26.56044290863303 2.5
      vertex 35.568443121751834 26.440207532287154 2.5
      vertex 27.144811573980586 12.77337874695218 2.5
    endloop
  endfacet
  facet normal 0 0 1
    outer loop
      vertex 37.17387705507476 26.759548196636057 2.5
      vertex 36.37900418883467 26.56044290863303 2.5
      vertex 27.89329457664754 11.043736580540338 2.5
    endloop
  endfacet
  facet normal 0 0 1
    outer loop
      vertex 37.9454066602485 27.035605903530758 2.5
      vertex 37.17387705507476 26.759548196636057 2.5
      vertex 27.89329457664754 11.043736580540338 2.5
    endloop
  endfacet
  facet normal 0 0 1
    outer loop
      vertex 38.68616275249708 27.385957442691236 2.5
      vertex 37.9454066602485 27.035605903530758 2.5
      vertex 28.531695488854606 9.270509831248422 2.5
    endloop
  endfacet
  facet normal 0 0 1
    outer loop
      vertex 29.057494833858932 7.460696614945644 2.5
      vertex 39.38901144571368 27.807228737273746 2.5
      vertex 38.68616275249708 27.385957442691236 2.5
    endloop
  endfacet
  facet normal 0 0 1
    outer loop
      vertex 40.047183922766436 28.295362714421145 2.5
      vertex 39.38901144571368 27.807228737273746 2.5
      vertex 29.057494833858932 7.460696614945644 2.5
    endloop
  endfacet
  facet normal 0 0 1
    outer loop
      vertex 29.46861752186066 5.6214394375717385 2.5
      vertex 40.65434162290767 28.845658377092327 2.5
      vertex 40.047183922766436 28.295362714421145 2.5
    endloop
  endfacet
  facet normal 0 0 1
    outer loop
      vertex 40.65434162290767 28.845658377092327 2.5
      vertex 29.46861752186066 5.6214394375717385 2.5
      vertex 41.204637285578855 29.45281607723356 2.5
    endloop
  endfacet
  facet normal 0 0 1
    outer loop
      vertex 14.452610223051456 26.289200401315906 2.5
      vertex 16.0748038493699 25.329837765060454 2.5
      vertex 26.440207532287154 33.931556878248166 2.5
    endloop
  endfacet
  facet normal 0 0 1
    outer loop
      vertex 16.0748038493699 25.329837765060454 2.5
      vertex 17.633557568774194 24.270509831248425 2.5
      vertex 26.56044290863303 33.12099581116533 2.5
    endloop
  endfacet
  facet normal 0 0 1
    outer loop
      vertex 17.633557568774194 24.270509831248425 2.5
      vertex 19.12271969246069 23.115397283273673 2.5
      vertex 27.035605903530758 31.5545933397515 2.5
    endloop
  endfacet
  facet normal 0 0 1
    outer loop
      vertex 19.12271969246069 23.115397283273673 2.5
      vertex 20.536413177860663 21.869058822642348 2.5
      vertex 27.807228737273746 30.110988554286322 2.5
    endloop
  endfacet
  facet normal 0 0 1
    outer loop
      vertex 26.440207532287154 33.931556878248166 2.5
      vertex 16.0748038493699 25.329837765060454 2.5
      vertex 26.56044290863303 33.12099581116533 2.5
    endloop
  endfacet
  facet normal 0 0 1
    outer loop
      vertex 14.452610223051456 26.289200401315906 2.5
      vertex 26.440207532287154 33.931556878248166 2.5
      vertex 26.4 34.75 2.5
    endloop
  endfacet
  facet normal 0 0 1
    outer loop
      vertex 26.440207532287154 35.568443121751834 2.5
      vertex 14.452610223051456 26.289200401315906 2.5
      vertex 26.4 34.75 2.5
    endloop
  endfacet
  facet normal 0 0 1
    outer loop
      vertex 11.043736580540337 27.893294576647545 2.5
      vertex 26.56044290863303 36.37900418883467 2.5
      vertex 26.759548196636057 37.17387705507476 2.5
    endloop
  endfacet
  facet normal 0 0 1
    outer loop
      vertex 26.56044290863303 36.37900418883467 2.5
      vertex 12.773378746952181 27.144811573980583 2.5
      vertex 26.440207532287154 35.568443121751834 2.5
    endloop
  endfacet
  facet normal 0 0 1
    outer loop
      vertex 11.043736580540337 27.893294576647545 2.5
      vertex 26.759548196636057 37.17387705507476 2.5
      vertex 27.035605903530758 37.9454066602485 2.5
    endloop
  endfacet
  facet normal 0 0 1
    outer loop
      vertex 11.043736580540337 27.893294576647545 2.5
      vertex 27.035605903530758 37.9454066602485 2.5
      vertex 27.385957442691236 38.68616275249708 2.5
    endloop
  endfacet
  facet normal 0 0 1
    outer loop
      vertex 11.043736580540337 27.893294576647545 2.5
      vertex 27.385957442691236 38.68616275249708 2.5
      vertex 27.807228737273746 39.38901144571368 2.5
    endloop
  endfacet
  facet normal 0 0 1
    outer loop
      vertex 21.869058822642348 20.536413177860663 2.5
      vertex 28.845658377092327 28.845658377092327 2.5
      vertex 20.536413177860663 21.869058822642348 2.5
    endloop
  endfacet
  facet normal 0 0 1
    outer loop
      vertex 26.759548196636057 32.32612294492524 2.5
      vertex 17.633557568774194 24.270509831248425 2.5
      vertex 27.035605903530758 31.5545933397515 2.5
    endloop
  endfacet
  facet normal 0 0 1
    outer loop
      vertex 27.035605903530758 31.5545933397515 2.5
      vertex 19.12271969246069 23.115397283273673 2.5
      vertex 27.385957442691236 30.81383724750292 2.5
    endloop
  endfacet
  facet normal 0 0 1
    outer loop
      vertex 19.12271969246069 23.115397283273673 2.5
      vertex 27.807228737273746 30.110988554286322 2.5
      vertex 27.385957442691236 30.81383724750292 2.5
    endloop
  endfacet
  facet normal 0 0 1
    outer loop
      vertex 27.807228737273746 30.110988554286322 2.5
      vertex 20.536413177860663 21.869058822642348 2.5
      vertex 28.295362714421145 29.45281607723356 2.5
    endloop
  endfacet
  facet normal 0 0 1
    outer loop
      vertex 29.45281607723356 28.295362714421145 2.5
      vertex 28.845658377092327 28.845658377092327 2.5
      vertex 21.869058822642348 20.536413177860663 2.5
    endloop
  endfacet
  facet normal 0 0 1
    outer loop
      vertex 23.115397283273673 19.12271969246069 2.5
      vertex 30.110988554286322 27.807228737273746 2.5
      vertex 29.45281607723356 28.295362714421145 2.5
    endloop
  endfacet
  facet normal 0 0 1
    outer loop
      vertex 30.81383724750292 27.385957442691236 2.5
      vertex 30.110988554286322 27.807228737273746 2.5
      vertex 23.115397283273673 19.12271969246069 2.5
    endloop
  endfacet
  facet normal 0 0 1
    outer loop
      vertex 28.295362714421145 29.45281607723356 2.5
      vertex 20.536413177860663 21.869058822642348 2.5
      vertex 28.845658377092327 28.845658377092327 2.5
    endloop
  endfacet
  facet normal 0 0 1
    outer loop
      vertex 26.56044290863303 33.12099581116533 2.5
      vertex 17.633557568774194 24.270509831248425 2.5
      vertex 26.759548196636057 32.32612294492524 2.5
    endloop
  endfacet
  facet normal 0 0 1
    outer loop
      vertex 11.043736580540337 27.893294576647545 2.5
      vertex 27.807228737273746 39.38901144571368 2.5
      vertex 28.295362714421145 40.047183922766436 2.5
    endloop
  endfacet
  facet normal 0 0 1
    outer loop
      vertex 24.270509831248425 17.633557568774194 2.5
      vertex 31.5545933397515 27.035605903530758 2.5
      vertex 30.81383724750292 27.385957442691236 2.5
    endloop
  endfacet
  facet normal 0 0 1
    outer loop
      vertex 32.32612294492524 26.759548196636057 2.5
      vertex 31.5545933397515 27.035605903530758 2.5
      vertex 24.270509831248425 17.633557568774194 2.5
    endloop
  endfacet
  facet normal -0.04906767432741162 0.9987954562051726 0
    outer loop
      vertex 1.0144774024109522 64.69983807894276 -2.5
      vertex 0 64.65 2.5
      vertex 1.0144774024109522 64.69983807894276 2.5
    endloop
  endfacet
  facet normal -0.14673047445536863 0.98917650996478 0
    outer loop
      vertex 2.0191848328669275 64.84887234782657 -2.5
      vertex 1.0144774024109522 64.69983807894276 2.5
      vertex 2.0191848328669275 64.84887234782657 2.5
    endloop
  endfacet
  facet normal -0.24298017990325496 0.9700312531945462 0
    outer loop
      vertex 3.004446409583685 65.09566752517163 -2.5
      vertex 2.0191848328669275 64.84887234782657 2.5
      vertex 3.004446409583685 65.09566752517163 2.5
    endloop
  endfacet
  facet normal -0.33688985339222 0.9415440651830208 0
    outer loop
      vertex 3.9607735249786793 65.43784683850818 -2.5
      vertex 3.004446409583685 65.09566752517163 2.5
      vertex 3.9607735249786793 65.43784683850818 2.5
    endloop
  endfacet
  facet normal -0.4275550934302826 0.903989293123443 0
    outer loop
      vertex 4.878956226149075 65.87211491399452 -2.5
      vertex 3.9607735249786793 65.43784683850818 2.5
      vertex 4.878956226149075 65.87211491399452 2.5
    endloop
  endfacet
  facet normal -0.5141027441932183 0.8577286100002742 0
    outer loop
      vertex 5.750151911752883 66.39428951266865 -2.5
      vertex 4.878956226149075 65.87211491399452 2.5
      vertex 5.750151911752883 66.39428951266865 2.5
    endloop
  endfacet
  facet normal -0.5956993044924376 0.8032075314806417 0
    outer loop
      vertex 6.56597049109373 66.99934180769567 -2.5
      vertex 5.750151911752883 66.39428951266865 2.5
      vertex 6.56597049109373 66.99934180769567 2.5
    endloop
  endfacet
  facet normal -0.6715589548470156 0.7409511253549618 0
    outer loop
      vertex 7.3185551852807675 67.68144481471923 -2.5
      vertex 6.56597049109373 66.99934180769567 2.5
      vertex 7.3185551852807675 67.68144481471923 2.5
    endloop
  endfacet
  facet normal -0.7409511253549595 0.6715589548470178 0
    outer loop
      vertex 8.000658192304327 68.43402950890626 -2.5
      vertex 7.3185551852807675 67.68144481471923 2.5
      vertex 8.000658192304327 68.43402950890626 2.5
    endloop
  endfacet
  facet normal -0.8032075314806474 0.59569930449243 0
    outer loop
      vertex 8.605710487331343 69.24984808824712 -2.5
      vertex 8.000658192304327 68.43402950890626 2.5
      vertex 8.605710487331343 69.24984808824712 2.5
    endloop
  endfacet
  facet normal -0.8577286100002728 0.5141027441932206 0
    outer loop
      vertex 9.127885086005474 70.12104377385093 -2.5
      vertex 8.605710487331343 69.24984808824712 2.5
      vertex 9.127885086005474 70.12104377385093 2.5
    endloop
  endfacet
  facet normal -0.9039892931234429 0.4275550934302832 0
    outer loop
      vertex 9.562153161491818 71.03922647502132 -2.5
      vertex 9.127885086005474 70.12104377385093 2.5
      vertex 9.562153161491818 71.03922647502132 2.5
    endloop
  endfacet
  facet normal -0.6715589548470156 -0.7409511253549618 0
    outer loop
      vertex 6.56597049109373 83.00065819230433 -2.5
      vertex 7.3185551852807675 82.31855518528077 2.5
      vertex 6.56597049109373 83.00065819230433 2.5
    endloop
  endfacet
  facet normal -0.9039892931234429 -0.4275550934302832 0
    outer loop
      vertex 9.127885086005474 79.87895622614907 -2.5
      vertex 9.562153161491818 78.96077352497868 2.5
      vertex 9.127885086005474 79.87895622614907 2.5
    endloop
  endfacet
  facet normal -0.8032075314806474 -0.59569930449243 0
    outer loop
      vertex 8.000658192304327 81.56597049109374 -2.5
      vertex 8.605710487331343 80.75015191175288 2.5
      vertex 8.000658192304327 81.56597049109374 2.5
    endloop
  endfacet
  facet normal -0.7409511253549595 -0.6715589548470178 0
    outer loop
      vertex 7.3185551852807675 82.31855518528077 -2.5
      vertex 8.000658192304327 81.56597049109374 2.5
      vertex 7.3185551852807675 82.31855518528077 2.5
    endloop
  endfacet
  facet normal -0.8577286100002728 -0.5141027441932206 0
    outer loop
      vertex 8.605710487331343 80.75015191175288 -2.5
      vertex 9.127885086005474 79.87895622614907 2.5
      vertex 8.605710487331343 80.75015191175288 2.5
    endloop
  endfacet
  facet normal -0.04906767432741162 -0.9987954562051726 0
    outer loop
      vertex 0 85.35 -2.5
      vertex 1.0144774024109522 85.30016192105724 2.5
      vertex 0 85.35 2.5
    endloop
  endfacet
  facet normal -0.14673047445536863 -0.98917650996478 0
    outer loop
      vertex 1.0144774024109522 85.30016192105724 -2.5
      vertex 2.0191848328669275 85.15112765217343 2.5
      vertex 1.0144774024109522 85.30016192105724 2.5
    endloop
  endfacet
  facet normal -0.24298017990325496 -0.9700312531945462 0
    outer loop
      vertex 2.0191848328669275 85.15112765217343 -2.5
      vertex 3.004446409583685 84.90433247482837 2.5
      vertex 2.0191848328669275 85.15112765217343 2.5
    endloop
  endfacet
  facet normal -0.33688985339222 -0.9415440651830208 0
    outer loop
      vertex 3.004446409583685 84.90433247482837 -2.5
      vertex 3.9607735249786793 84.56215316149182 2.5
      vertex 3.004446409583685 84.90433247482837 2.5
    endloop
  endfacet
  facet normal -0.4275550934302826 -0.903989293123443 0
    outer loop
      vertex 3.9607735249786793 84.56215316149182 -2.5
      vertex 4.878956226149075 84.12788508600548 2.5
      vertex 3.9607735249786793 84.56215316149182 2.5
    endloop
  endfacet
  facet normal -0.5141027441932183 -0.8577286100002742 0
    outer loop
      vertex 4.878956226149075 84.12788508600548 -2.5
      vertex 5.750151911752883 83.60571048733135 2.5
      vertex 4.878956226149075 84.12788508600548 2.5
    endloop
  endfacet
  facet normal -0.5956993044924376 -0.8032075314806417 0
    outer loop
      vertex 5.750151911752883 83.60571048733135 -2.5
      vertex 6.56597049109373 83.00065819230433 2.5
      vertex 5.750151911752883 83.60571048733135 2.5
    endloop
  endfacet
  facet normal -0.9415440651830211 0.3368898533922188 0
    outer loop
      vertex 9.904332474828362 71.99555359041632 -2.5
      vertex 9.562153161491818 71.03922647502132 2.5
      vertex 9.904332474828362 71.99555359041632 2.5
    endloop
  endfacet
  facet normal -0.9700312531945439 0.24298017990326443 0
    outer loop
      vertex 10.151127652173434 72.98081516713307 -2.5
      vertex 9.904332474828362 71.99555359041632 2.5
      vertex 10.151127652173434 72.98081516713307 2.5
    endloop
  endfacet
  facet normal -0.9891765099647809 0.14673047445536286 0
    outer loop
      vertex 10.300161921057239 73.98552259758905 -2.5
      vertex 10.151127652173434 72.98081516713307 2.5
      vertex 10.300161921057239 73.98552259758905 2.5
    endloop
  endfacet
  facet normal -0.9987954562051725 0.04906767432741713 0
    outer loop
      vertex 10.35 75 -2.5
      vertex 10.300161921057239 73.98552259758905 2.5
      vertex 10.35 75 2.5
    endloop
  endfacet
  facet normal -0.9987954562051725 -0.04906767432741713 0
    outer loop
      vertex 10.300161921057239 76.01447740241095 -2.5
      vertex 10.35 75 2.5
      vertex 10.300161921057239 76.01447740241095 2.5
    endloop
  endfacet
  facet normal -0.9891765099647809 -0.14673047445536286 0
    outer loop
      vertex 10.151127652173434 77.01918483286693 -2.5
      vertex 10.300161921057239 76.01447740241095 2.5
      vertex 10.151127652173434 77.01918483286693 2.5
    endloop
  endfacet
  facet normal -0.9415440651830211 -0.3368898533922188 0
    outer loop
      vertex 9.562153161491818 78.96077352497868 -2.5
      vertex 9.904332474828362 78.00444640958368 2.5
      vertex 9.562153161491818 78.96077352497868 2.5
    endloop
  endfacet
  facet normal -0.9700312531945439 -0.24298017990326443 0
    outer loop
      vertex 9.904332474828362 78.00444640958368 -2.5
      vertex 10.151127652173434 77.01918483286693 2.5
      vertex 9.904332474828362 78.00444640958368 2.5
    endloop
  endfacet
  facet normal 0 1 0
    outer loop
      vertex -75 95 2.5
      vertex 75 95 2.5
      vertex 75 95 -2.5
    endloop
  endfacet
  facet normal 0 0 1
    outer loop
      vertex -3.004446409583685 65.09566752517163 2.5
      vertex -3.9607735249786793 65.43784683850818 2.5
      vertex 11.043736580540337 27.893294576647545 2.5
    endloop
  endfacet
  facet normal 0 0 1
    outer loop
      vertex -2.0191848328669275 64.84887234782657 2.5
      vertex -3.004446409583685 65.09566752517163 2.5
      vertex 11.043736580540337 27.893294576647545 2.5
    endloop
  endfacet
  facet normal 0 0 1
    outer loop
      vertex -1.0144774024109522 64.69983807894276 2.5
      vertex -2.0191848328669275 64.84887234782657 2.5
      vertex 11.043736580540337 27.893294576647545 2.5
    endloop
  endfacet
  facet normal 0 0 1
    outer loop
      vertex 0 64.65 2.5
      vertex -1.0144774024109522 64.69983807894276 2.5
      vertex 11.043736580540337 27.893294576647545 2.5
    endloop
  endfacet
  facet normal 0 0 1
    outer loop
      vertex 11.043736580540337 27.893294576647545 2.5
      vertex 1.0144774024109522 64.69983807894276 2.5
      vertex 0 64.65 2.5
    endloop
  endfacet
  facet normal 0 0 1
    outer loop
      vertex 11.043736580540337 27.893294576647545 2.5
      vertex 2.0191848328669275 64.84887234782657 2.5
      vertex 1.0144774024109522 64.69983807894276 2.5
    endloop
  endfacet
  facet normal 0 0 1
    outer loop
      vertex 3.004446409583685 65.09566752517163 2.5
      vertex 2.0191848328669275 64.84887234782657 2.5
      vertex 46.995553590416314 65.09566752517163 2.5
    endloop
  endfacet
  facet normal 0 0 1
    outer loop
      vertex 3.9607735249786793 65.43784683850818 2.5
      vertex 3.004446409583685 65.09566752517163 2.5
      vertex 46.03922647502132 65.43784683850818 2.5
    endloop
  endfacet
  facet normal 0 0 1
    outer loop
      vertex 4.878956226149075 65.87211491399452 2.5
      vertex 3.9607735249786793 65.43784683850818 2.5
      vertex 45.12104377385093 65.87211491399452 2.5
    endloop
  endfacet
  facet normal 0 0 1
    outer loop
      vertex 5.750151911752883 66.39428951266865 2.5
      vertex 4.878956226149075 65.87211491399452 2.5
      vertex 44.24984808824712 66.39428951266865 2.5
    endloop
  endfacet
  facet normal 0 0 1
    outer loop
      vertex 6.56597049109373 66.99934180769567 2.5
      vertex 5.750151911752883 66.39428951266865 2.5
      vertex 43.43402950890627 66.99934180769567 2.5
    endloop
  endfacet
  facet normal 0 0 1
    outer loop
      vertex 75 95 2.5
      vertex -41.39428951266866 80.75015191175288 2.5
      vertex -1.0144774024109522 85.30016192105724 2.5
    endloop
  endfacet
  facet normal 0 0 1
    outer loop
      vertex 3.9607735249786793 84.56215316149182 2.5
      vertex 4.878956226149075 84.12788508600548 2.5
      vertex 46.03922647502132 84.56215316149182 2.5
    endloop
  endfacet
  facet normal 0 0 1
    outer loop
      vertex 4.878956226149075 84.12788508600548 2.5
      vertex 5.750151911752883 83.60571048733135 2.5
      vertex 45.12104377385093 84.12788508600548 2.5
    endloop
  endfacet
  facet normal 0 0 1
    outer loop
      vertex 2.0191848328669275 85.15112765217343 2.5
      vertex 3.004446409583685 84.90433247482837 2.5
      vertex 47.98081516713307 85.15112765217343 2.5
    endloop
  endfacet
  facet normal 0 0 1
    outer loop
      vertex 3.004446409583685 84.90433247482837 2.5
      vertex 3.9607735249786793 84.56215316149182 2.5
      vertex 46.995553590416314 84.90433247482837 2.5
    endloop
  endfacet
  facet normal 0 0 1
    outer loop
      vertex 28.845658377092327 40.65434162290767 2.5
      vertex 2.0191848328669275 64.84887234782657 2.5
      vertex 28.295362714421145 40.047183922766436 2.5
    endloop
  endfacet
  facet normal 0 0 1
    outer loop
      vertex 28.845658377092327 40.65434162290767 2.5
      vertex 29.45281607723356 41.204637285578855 2.5
      vertex 2.0191848328669275 64.84887234782657 2.5
    endloop
  endfacet
  facet normal 0 0 1
    outer loop
      vertex 29.45281607723356 41.204637285578855 2.5
      vertex 30.110988554286322 41.692771262726254 2.5
      vertex 2.0191848328669275 64.84887234782657 2.5
    endloop
  endfacet
  facet normal 0 0 1
    outer loop
      vertex 2.0191848328669275 64.84887234782657 2.5
      vertex 30.110988554286322 41.692771262726254 2.5
      vertex 30.81383724750292 42.114042557308764 2.5
    endloop
  endfacet
  facet normal 0 0 1
    outer loop
      vertex 2.0191848328669275 64.84887234782657 2.5
      vertex 30.81383724750292 42.114042557308764 2.5
      vertex 31.5545933397515 42.46439409646924 2.5
    endloop
  endfacet
  facet normal 0 0 1
    outer loop
      vertex 2.0191848328669275 64.84887234782657 2.5
      vertex 31.5545933397515 42.46439409646924 2.5
      vertex 32.32612294492524 42.740451803363946 2.5
    endloop
  endfacet
  facet normal 0 0 1
    outer loop
      vertex 2.0191848328669275 64.84887234782657 2.5
      vertex 32.32612294492524 42.740451803363946 2.5
      vertex 33.12099581116533 42.93955709136697 2.5
    endloop
  endfacet
  facet normal 0 0 1
    outer loop
      vertex 2.0191848328669275 64.84887234782657 2.5
      vertex 33.12099581116533 42.93955709136697 2.5
      vertex 33.931556878248166 43.059792467712846 2.5
    endloop
  endfacet
  facet normal 0 0 1
    outer loop
      vertex 2.0191848328669275 64.84887234782657 2.5
      vertex 33.931556878248166 43.059792467712846 2.5
      vertex 34.75 43.1 2.5
    endloop
  endfacet
  facet normal 0 0 1
    outer loop
      vertex 2.0191848328669275 64.84887234782657 2.5
      vertex 34.75 43.1 2.5
      vertex 35.568443121751834 43.059792467712846 2.5
    endloop
  endfacet
  facet normal 0 0 1
    outer loop
      vertex 2.0191848328669275 64.84887234782657 2.5
      vertex 35.568443121751834 43.059792467712846 2.5
      vertex 36.37900418883467 42.93955709136697 2.5
    endloop
  endfacet
  facet normal 0 0 1
    outer loop
      vertex 7.3185551852807675 67.68144481471923 2.5
      vertex 6.56597049109373 66.99934180769567 2.5
      vertex 42.681444814719235 67.68144481471923 2.5
    endloop
  endfacet
  facet normal 0 0 1
    outer loop
      vertex 7.3185551852807675 67.68144481471923 2.5
      vertex 41.99934180769567 68.43402950890626 2.5
      vertex 8.000658192304327 68.43402950890626 2.5
    endloop
  endfacet
  facet normal 0 0 1
    outer loop
      vertex 8.000658192304327 68.43402950890626 2.5
      vertex 41.39428951266866 69.24984808824712 2.5
      vertex 8.605710487331343 69.24984808824712 2.5
    endloop
  endfacet
  facet normal 0 0 1
    outer loop
      vertex 8.605710487331343 69.24984808824712 2.5
      vertex 40.87211491399452 70.12104377385093 2.5
      vertex 9.127885086005474 70.12104377385093 2.5
    endloop
  endfacet
  facet normal 0 0 1
    outer loop
      vertex 9.127885086005474 70.12104377385093 2.5
      vertex 40.43784683850818 71.03922647502132 2.5
      vertex 9.562153161491818 71.03922647502132 2.5
    endloop
  endfacet
  facet normal 0 0 1
    outer loop
      vertex 2.0191848328669275 64.84887234782657 2.5
      vertex 36.37900418883467 42.93955709136697 2.5
      vertex 47.98081516713307 64.84887234782657 2.5
    endloop
  endfacet
  facet normal 0 0 1
    outer loop
      vertex 3.004446409583685 65.09566752517163 2.5
      vertex 46.995553590416314 65.09566752517163 2.5
      vertex 46.03922647502132 65.43784683850818 2.5
    endloop
  endfacet
  facet normal 0 0 1
    outer loop
      vertex 2.0191848328669275 64.84887234782657 2.5
      vertex 47.98081516713307 64.84887234782657 2.5
      vertex 46.995553590416314 65.09566752517163 2.5
    endloop
  endfacet
  facet normal 0 0 1
    outer loop
      vertex 8.000658192304327 68.43402950890626 2.5
      vertex 41.99934180769567 68.43402950890626 2.5
      vertex 41.39428951266866 69.24984808824712 2.5
    endloop
  endfacet
  facet normal 0 0 1
    outer loop
      vertex 8.605710487331343 69.24984808824712 2.5
      vertex 41.39428951266866 69.24984808824712 2.5
      vertex 40.87211491399452 70.12104377385093 2.5
    endloop
  endfacet
  facet normal 0 0 1
    outer loop
      vertex 9.127885086005474 70.12104377385093 2.5
      vertex 40.87211491399452 70.12104377385093 2.5
      vertex 40.43784683850818 71.03922647502132 2.5
    endloop
  endfacet
  facet normal 0 0 1
    outer loop
      vertex 4.878956226149075 65.87211491399452 2.5
      vertex 45.12104377385093 65.87211491399452 2.5
      vertex 44.24984808824712 66.39428951266865 2.5
    endloop
  endfacet
  facet normal 0 0 1
    outer loop
      vertex 5.750151911752883 66.39428951266865 2.5
      vertex 44.24984808824712 66.39428951266865 2.5
      vertex 43.43402950890627 66.99934180769567 2.5
    endloop
  endfacet
  facet normal 0 0 1
    outer loop
      vertex 6.56597049109373 66.99934180769567 2.5
      vertex 43.43402950890627 66.99934180769567 2.5
      vertex 42.681444814719235 67.68144481471923 2.5
    endloop
  endfacet
  facet normal 0 0 1
    outer loop
      vertex 7.3185551852807675 67.68144481471923 2.5
      vertex 42.681444814719235 67.68144481471923 2.5
      vertex 41.99934180769567 68.43402950890626 2.5
    endloop
  endfacet
  facet normal 0 0 1
    outer loop
      vertex 3.9607735249786793 65.43784683850818 2.5
      vertex 46.03922647502132 65.43784683850818 2.5
      vertex 45.12104377385093 65.87211491399452 2.5
    endloop
  endfacet
  facet normal 0 0 1
    outer loop
      vertex 9.562153161491818 71.03922647502132 2.5
      vertex 40.095667525171635 71.99555359041632 2.5
      vertex 9.904332474828362 71.99555359041632 2.5
    endloop
  endfacet
  facet normal 0 0 1
    outer loop
      vertex 9.904332474828362 71.99555359041632 2.5
      vertex 39.848872347826564 72.98081516713307 2.5
      vertex 10.151127652173434 72.98081516713307 2.5
    endloop
  endfacet
  facet normal 0 0 1
    outer loop
      vertex 10.151127652173434 72.98081516713307 2.5
      vertex 39.69983807894276 73.98552259758905 2.5
      vertex 10.300161921057239 73.98552259758905 2.5
    endloop
  endfacet
  facet normal 0 0 1
    outer loop
      vertex 10.300161921057239 73.98552259758905 2.5
      vertex 39.65 75 2.5
      vertex 10.35 75 2.5
    endloop
  endfacet
  facet normal 0 0 1
    outer loop
      vertex 10.35 75 2.5
      vertex 39.69983807894276 76.01447740241095 2.5
      vertex 10.300161921057239 76.01447740241095 2.5
    endloop
  endfacet
  facet normal 0 0 1
    outer loop
      vertex 10.300161921057239 76.01447740241095 2.5
      vertex 39.848872347826564 77.01918483286693 2.5
      vertex 10.151127652173434 77.01918483286693 2.5
    endloop
  endfacet
  facet normal 0 0 1
    outer loop
      vertex 9.562153161491818 78.96077352497868 2.5
      vertex 40.87211491399452 79.87895622614907 2.5
      vertex 9.127885086005474 79.87895622614907 2.5
    endloop
  endfacet
  facet normal 0 0 1
    outer loop
      vertex 10.151127652173434 77.01918483286693 2.5
      vertex 40.095667525171635 78.00444640958368 2.5
      vertex 9.904332474828362 78.00444640958368 2.5
    endloop
  endfacet
  facet normal 0 0 1
    outer loop
      vertex 9.904332474828362 78.00444640958368 2.5
      vertex 40.43784683850818 78.96077352497868 2.5
      vertex 9.562153161491818 78.96077352497868 2.5
    endloop
  endfacet
  facet normal 0 0 1
    outer loop
      vertex 9.127885086005474 79.87895622614907 2.5
      vertex 41.39428951266866 80.75015191175288 2.5
      vertex 8.605710487331343 80.75015191175288 2.5
    endloop
  endfacet
  facet normal 0 0 1
    outer loop
      vertex 8.605710487331343 80.75015191175288 2.5
      vertex 41.99934180769567 81.56597049109374 2.5
      vertex 8.000658192304327 81.56597049109374 2.5
    endloop
  endfacet
  facet normal 0 0 1
    outer loop
      vertex 8.000658192304327 81.56597049109374 2.5
      vertex 42.681444814719235 82.31855518528077 2.5
      vertex 7.3185551852807675 82.31855518528077 2.5
    endloop
  endfacet
  facet normal 0 0 1
    outer loop
      vertex 6.56597049109373 83.00065819230433 2.5
      vertex 7.3185551852807675 82.31855518528077 2.5
      vertex 43.43402950890627 83.00065819230433 2.5
    endloop
  endfacet
  facet normal 0 0 1
    outer loop
      vertex 5.750151911752883 83.60571048733135 2.5
      vertex 6.56597049109373 83.00065819230433 2.5
      vertex 44.24984808824712 83.60571048733135 2.5
    endloop
  endfacet
  facet normal 0 0 1
    outer loop
      vertex 75 95 2.5
      vertex -1.0144774024109522 85.30016192105724 2.5
      vertex 0 85.35 2.5
    endloop
  endfacet
  facet normal 0 0 1
    outer loop
      vertex 75 95 2.5
      vertex 0 85.35 2.5
      vertex 1.0144774024109522 85.30016192105724 2.5
    endloop
  endfacet
  facet normal 0 0 1
    outer loop
      vertex 75 95 2.5
      vertex 1.0144774024109522 85.30016192105724 2.5
      vertex 2.0191848328669275 85.15112765217343 2.5
    endloop
  endfacet
  facet normal 0 0 1
    outer loop
      vertex 9.562153161491818 71.03922647502132 2.5
      vertex 40.43784683850818 71.03922647502132 2.5
      vertex 40.095667525171635 71.99555359041632 2.5
    endloop
  endfacet
  facet normal 0 0 1
    outer loop
      vertex 9.904332474828362 71.99555359041632 2.5
      vertex 40.095667525171635 71.99555359041632 2.5
      vertex 39.848872347826564 72.98081516713307 2.5
    endloop
  endfacet
  facet normal 0 0 1
    outer loop
      vertex 10.151127652173434 72.98081516713307 2.5
      vertex 39.848872347826564 72.98081516713307 2.5
      vertex 39.69983807894276 73.98552259758905 2.5
    endloop
  endfacet
  facet normal 0 0 1
    outer loop
      vertex 10.300161921057239 73.98552259758905 2.5
      vertex 39.69983807894276 73.98552259758905 2.5
      vertex 39.65 75 2.5
    endloop
  endfacet
  facet normal 0 0 1
    outer loop
      vertex 10.35 75 2.5
      vertex 39.65 75 2.5
      vertex 39.69983807894276 76.01447740241095 2.5
    endloop
  endfacet
  facet normal 0 0 1
    outer loop
      vertex 10.300161921057239 76.01447740241095 2.5
      vertex 39.69983807894276 76.01447740241095 2.5
      vertex 39.848872347826564 77.01918483286693 2.5
    endloop
  endfacet
  facet normal 0 0 1
    outer loop
      vertex 10.151127652173434 77.01918483286693 2.5
      vertex 39.848872347826564 77.01918483286693 2.5
      vertex 40.095667525171635 78.00444640958368 2.5
    endloop
  endfacet
  facet normal 0 0 1
    outer loop
      vertex 9.904332474828362 78.00444640958368 2.5
      vertex 40.095667525171635 78.00444640958368 2.5
      vertex 40.43784683850818 78.96077352497868 2.5
    endloop
  endfacet
  facet normal 0 0 1
    outer loop
      vertex 40.87211491399452 79.87895622614907 2.5
      vertex 9.562153161491818 78.96077352497868 2.5
      vertex 40.43784683850818 78.96077352497868 2.5
    endloop
  endfacet
  facet normal 0 0 1
    outer loop
      vertex 9.127885086005474 79.87895622614907 2.5
      vertex 40.87211491399452 79.87895622614907 2.5
      vertex 41.39428951266866 80.75015191175288 2.5
    endloop
  endfacet
  facet normal 0 0 1
    outer loop
      vertex 41.99934180769567 81.56597049109374 2.5
      vertex 8.605710487331343 80.75015191175288 2.5
      vertex 41.39428951266866 80.75015191175288 2.5
    endloop
  endfacet
  facet normal 0 0 1
    outer loop
      vertex 8.000658192304327 81.56597049109374 2.5
      vertex 41.99934180769567 81.56597049109374 2.5
      vertex 42.681444814719235 82.31855518528077 2.5
    endloop
  endfacet
  facet normal 0 0 1
    outer loop
      vertex 42.681444814719235 82.31855518528077 2.5
      vertex 43.43402950890627 83.00065819230433 2.5
      vertex 7.3185551852807675 82.31855518528077 2.5
    endloop
  endfacet
  facet normal 0 0 1
    outer loop
      vertex 43.43402950890627 83.00065819230433 2.5
      vertex 44.24984808824712 83.60571048733135 2.5
      vertex 6.56597049109373 83.00065819230433 2.5
    endloop
  endfacet
  facet normal 0 0 1
    outer loop
      vertex 5.750151911752883 83.60571048733135 2.5
      vertex 44.24984808824712 83.60571048733135 2.5
      vertex 45.12104377385093 84.12788508600548 2.5
    endloop
  endfacet
  facet normal 0 0 1
    outer loop
      vertex 45.12104377385093 84.12788508600548 2.5
      vertex 46.03922647502132 84.56215316149182 2.5
      vertex 4.878956226149075 84.12788508600548 2.5
    endloop
  endfacet
  facet normal 0 0 1
    outer loop
      vertex 3.9607735249786793 84.56215316149182 2.5
      vertex 46.03922647502132 84.56215316149182 2.5
      vertex 46.995553590416314 84.90433247482837 2.5
    endloop
  endfacet
  facet normal 0 0 1
    outer loop
      vertex 3.004446409583685 84.90433247482837 2.5
      vertex 46.995553590416314 84.90433247482837 2.5
      vertex 47.98081516713307 85.15112765217343 2.5
    endloop
  endfacet
  facet normal -0.33688985339222094 0.9415440651830204 0
    outer loop
      vertex 37.9454066602485 27.035605903530758 -2.5
      vertex 37.17387705507476 26.759548196636057 2.5
      vertex 37.9454066602485 27.035605903530758 2.5
    endloop
  endfacet
  facet normal -0.4275550934302798 0.9039892931234444 0
    outer loop
      vertex 38.68616275249708 27.385957442691236 -2.5
      vertex 37.9454066602485 27.035605903530758 2.5
      vertex 38.68616275249708 27.385957442691236 2.5
    endloop
  endfacet
  facet normal -0.5141027441932223 0.8577286100002717 0
    outer loop
      vertex 39.38901144571368 27.807228737273746 -2.5
      vertex 38.68616275249708 27.385957442691236 2.5
      vertex 39.38901144571368 27.807228737273746 2.5
    endloop
  endfacet
  facet normal -0.5956993044924348 0.8032075314806438 0
    outer loop
      vertex 40.047183922766436 28.295362714421145 -2.5
      vertex 39.38901144571368 27.807228737273746 2.5
      vertex 40.047183922766436 28.295362714421145 2.5
    endloop
  endfacet
  facet normal -0.6715589548470159 0.7409511253549614 0
    outer loop
      vertex 40.65434162290767 28.845658377092327 -2.5
      vertex 40.047183922766436 28.295362714421145 2.5
      vertex 40.65434162290767 28.845658377092327 2.5
    endloop
  endfacet
  facet normal -0.7409511253549595 0.6715589548470181 0
    outer loop
      vertex 41.204637285578855 29.45281607723356 -2.5
      vertex 40.65434162290767 28.845658377092327 2.5
      vertex 41.204637285578855 29.45281607723356 2.5
    endloop
  endfacet
  facet normal -0.8032075314806454 0.5956993044924327 0
    outer loop
      vertex 41.692771262726254 30.110988554286322 -2.5
      vertex 41.204637285578855 29.45281607723356 2.5
      vertex 41.692771262726254 30.110988554286322 2.5
    endloop
  endfacet
  facet normal -0.8577286100002729 0.5141027441932204 0
    outer loop
      vertex 42.114042557308764 30.81383724750292 -2.5
      vertex 41.692771262726254 30.110988554286322 2.5
      vertex 42.114042557308764 30.81383724750292 2.5
    endloop
  endfacet
  facet normal -0.9039892931234437 0.4275550934302815 0
    outer loop
      vertex 42.46439409646924 31.5545933397515 -2.5
      vertex 42.114042557308764 30.81383724750292 2.5
      vertex 42.46439409646924 31.5545933397515 2.5
    endloop
  endfacet
  facet normal -0.941544065183019 0.33688985339222477 0
    outer loop
      vertex 42.740451803363946 32.32612294492524 -2.5
      vertex 42.46439409646924 31.5545933397515 2.5
      vertex 42.740451803363946 32.32612294492524 2.5
    endloop
  endfacet
  facet normal -0.9700312531945453 0.24298017990325782 0
    outer loop
      vertex 42.93955709136697 33.12099581116533 -2.5
      vertex 42.740451803363946 32.32612294492524 2.5
      vertex 42.93955709136697 33.12099581116533 2.5
    endloop
  endfacet
  facet normal -0.98917650996478 0.14673047445536802 0
    outer loop
      vertex 43.059792467712846 33.931556878248166 -2.5
      vertex 42.93955709136697 33.12099581116533 2.5
      vertex 43.059792467712846 33.931556878248166 2.5
    endloop
  endfacet
  facet normal -0.9987954562051725 0.04906767432741706 0
    outer loop
      vertex 43.1 34.75 -2.5
      vertex 43.059792467712846 33.931556878248166 2.5
      vertex 43.1 34.75 2.5
    endloop
  endfacet
  facet normal -0.9987954562051725 -0.04906767432741706 0
    outer loop
      vertex 43.059792467712846 35.568443121751834 -2.5
      vertex 43.1 34.75 2.5
      vertex 43.059792467712846 35.568443121751834 2.5
    endloop
  endfacet
  facet normal -0.5956993044924348 -0.8032075314806438 0
    outer loop
      vertex 39.38901144571368 41.692771262726254 -2.5
      vertex 40.047183922766436 41.204637285578855 2.5
      vertex 39.38901144571368 41.692771262726254 2.5
    endloop
  endfacet
  facet normal -0.6715589548470159 -0.7409511253549614 0
    outer loop
      vertex 40.047183922766436 41.204637285578855 -2.5
      vertex 40.65434162290767 40.65434162290767 2.5
      vertex 40.047183922766436 41.204637285578855 2.5
    endloop
  endfacet
  facet normal -0.7409511253549614 -0.6715589548470159 0
    outer loop
      vertex 40.65434162290767 40.65434162290767 -2.5
      vertex 41.204637285578855 40.047183922766436 2.5
      vertex 40.65434162290767 40.65434162290767 2.5
    endloop
  endfacet
  facet normal -0.8032075314806438 -0.5956993044924348 0
    outer loop
      vertex 41.204637285578855 40.047183922766436 -2.5
      vertex 41.692771262726254 39.38901144571368 2.5
      vertex 41.204637285578855 40.047183922766436 2.5
    endloop
  endfacet
  facet normal -0.8577286100002717 -0.5141027441932223 0
    outer loop
      vertex 41.692771262726254 39.38901144571368 -2.5
      vertex 42.114042557308764 38.68616275249708 2.5
      vertex 41.692771262726254 39.38901144571368 2.5
    endloop
  endfacet
  facet normal -0.4275550934302798 -0.9039892931234444 0
    outer loop
      vertex 37.9454066602485 42.46439409646924 -2.5
      vertex 38.68616275249708 42.114042557308764 2.5
      vertex 37.9454066602485 42.46439409646924 2.5
    endloop
  endfacet
  facet normal -0.5141027441932223 -0.8577286100002717 0
    outer loop
      vertex 38.68616275249708 42.114042557308764 -2.5
      vertex 39.38901144571368 41.692771262726254 2.5
      vertex 38.68616275249708 42.114042557308764 2.5
    endloop
  endfacet
  facet normal -0.98917650996478 -0.14673047445536802 0
    outer loop
      vertex 42.93955709136697 36.37900418883467 -2.5
      vertex 43.059792467712846 35.568443121751834 2.5
      vertex 42.93955709136697 36.37900418883467 2.5
    endloop
  endfacet
  facet normal -0.9700312531945453 -0.24298017990325782 0
    outer loop
      vertex 42.740451803363946 37.17387705507476 -2.5
      vertex 42.93955709136697 36.37900418883467 2.5
      vertex 42.740451803363946 37.17387705507476 2.5
    endloop
  endfacet
  facet normal -0.941544065183019 -0.33688985339222477 0
    outer loop
      vertex 42.46439409646924 37.9454066602485 -2.5
      vertex 42.740451803363946 37.17387705507476 2.5
      vertex 42.46439409646924 37.9454066602485 2.5
    endloop
  endfacet
  facet normal -0.9039892931234444 -0.4275550934302798 0
    outer loop
      vertex 42.114042557308764 38.68616275249708 -2.5
      vertex 42.46439409646924 37.9454066602485 2.5
      vertex 42.114042557308764 38.68616275249708 2.5
    endloop
  endfacet
  facet normal 1 0 0
    outer loop
      vertex 75 -95 2.5
      vertex 75 95 -2.5
      vertex 75 95 2.5
    endloop
  endfacet
  facet normal 0 0 1
    outer loop
      vertex 41.204637285578855 -29.45281607723356 2.5
      vertex 41.692771262726254 30.110988554286322 2.5
      vertex 41.204637285578855 29.45281607723356 2.5
    endloop
  endfacet
  facet normal 0 0 1
    outer loop
      vertex 41.692771262726254 -30.110988554286322 2.5
      vertex 42.114042557308764 30.81383724750292 2.5
      vertex 41.692771262726254 30.110988554286322 2.5
    endloop
  endfacet
  facet normal 0 0 1
    outer loop
      vertex 43.059792467712846 -33.931556878248166 2.5
      vertex 42.740451803363946 32.32612294492524 2.5
      vertex 42.46439409646924 31.5545933397515 2.5
    endloop
  endfacet
  facet normal 0 0 1
    outer loop
      vertex 43.1 -34.75 2.5
      vertex 42.93955709136697 33.12099581116533 2.5
      vertex 42.740451803363946 32.32612294492524 2.5
    endloop
  endfacet
  facet normal 0 0 1
    outer loop
      vertex 42.114042557308764 -30.81383724750292 2.5
      vertex 42.46439409646924 31.5545933397515 2.5
      vertex 42.114042557308764 30.81383724750292 2.5
    endloop
  endfacet
  facet normal 0 0 1
    outer loop
      vertex 43.1 -34.75 2.5
      vertex 43.059792467712846 33.931556878248166 2.5
      vertex 42.93955709136697 33.12099581116533 2.5
    endloop
  endfacet
  facet normal 0 0 1
    outer loop
      vertex 43.1 -34.75 2.5
      vertex 43.1 34.75 2.5
      vertex 43.059792467712846 33.931556878248166 2.5
    endloop
  endfacet
  facet normal 0 0 1
    outer loop
      vertex 42.46439409646924 37.9454066602485 2.5
      vertex 53.004446409583686 65.09566752517163 2.5
      vertex 42.114042557308764 38.68616275249708 2.5
    endloop
  endfacet
  facet normal 0 0 1
    outer loop
      vertex 42.93955709136697 36.37900418883467 2.5
      vertex 54.87895622614907 65.87211491399452 2.5
      vertex 42.740451803363946 37.17387705507476 2.5
    endloop
  endfacet
  facet normal 0 0 1
    outer loop
      vertex 42.740451803363946 37.17387705507476 2.5
      vertex 53.96077352497868 65.43784683850818 2.5
      vertex 42.46439409646924 37.9454066602485 2.5
    endloop
  endfacet
  facet normal 0 0 1
    outer loop
      vertex 43.059792467712846 35.568443121751834 2.5
      vertex 54.87895622614907 65.87211491399452 2.5
      vertex 42.93955709136697 36.37900418883467 2.5
    endloop
  endfacet
  facet normal 0 0 1
    outer loop
      vertex 43.1 34.75 2.5
      vertex 55.75015191175288 66.39428951266865 2.5
      vertex 43.059792467712846 35.568443121751834 2.5
    endloop
  endfacet
  facet normal 0 0 1
    outer loop
      vertex 75 95 2.5
      vertex 43.1 34.75 2.5
      vertex 56.56597049109373 -66.99934180769567 2.5
    endloop
  endfacet
  facet normal 0.9039892931234429 0.4275550934302832 0
    outer loop
      vertex 40.87211491399452 70.12104377385093 -2.5
      vertex 40.43784683850818 71.03922647502132 2.5
      vertex 40.87211491399452 70.12104377385093 2.5
    endloop
  endfacet
  facet normal 0.8577286100002713 0.5141027441932231 0
    outer loop
      vertex 41.39428951266866 69.24984808824712 -2.5
      vertex 40.87211491399452 70.12104377385093 2.5
      vertex 41.39428951266866 69.24984808824712 2.5
    endloop
  endfacet
  facet normal 0.8032075314806482 0.5956993044924289 0
    outer loop
      vertex 41.99934180769567 68.43402950890626 -2.5
      vertex 41.39428951266866 69.24984808824712 2.5
      vertex 41.99934180769567 68.43402950890626 2.5
    endloop
  endfacet
  facet normal 0.336889853392221 0.9415440651830205 0
    outer loop
      vertex 46.995553590416314 65.09566752517163 -2.5
      vertex 46.03922647502132 65.43784683850818 2.5
      vertex 46.995553590416314 65.09566752517163 2.5
    endloop
  endfacet
  facet normal 0.7409511253549574 0.6715589548470201 0
    outer loop
      vertex 42.681444814719235 67.68144481471923 -2.5
      vertex 41.99934180769567 68.43402950890626 2.5
      vertex 42.681444814719235 67.68144481471923 2.5
    endloop
  endfacet
  facet normal 0.6715589548470163 0.7409511253549609 0
    outer loop
      vertex 43.43402950890627 66.99934180769567 -2.5
      vertex 42.681444814719235 67.68144481471923 2.5
      vertex 43.43402950890627 66.99934180769567 2.5
    endloop
  endfacet
  facet normal 0.5956993044924368 0.8032075314806425 0
    outer loop
      vertex 44.24984808824712 66.39428951266865 -2.5
      vertex 43.43402950890627 66.99934180769567 2.5
      vertex 44.24984808824712 66.39428951266865 2.5
    endloop
  endfacet
  facet normal 0.5141027441932179 0.8577286100002743 0
    outer loop
      vertex 45.12104377385093 65.87211491399452 -2.5
      vertex 44.24984808824712 66.39428951266865 2.5
      vertex 45.12104377385093 65.87211491399452 2.5
    endloop
  endfacet
  facet normal 0.4275550934302832 0.9039892931234429 0
    outer loop
      vertex 46.03922647502132 65.43784683850818 -2.5
      vertex 45.12104377385093 65.87211491399452 2.5
      vertex 46.03922647502132 65.43784683850818 2.5
    endloop
  endfacet
  facet normal 0.24298017990325452 0.9700312531945463 0
    outer loop
      vertex 47.98081516713307 64.84887234782657 -2.5
      vertex 46.995553590416314 65.09566752517163 2.5
      vertex 47.98081516713307 64.84887234782657 2.5
    endloop
  endfacet
  facet normal 0.146730474455369 0.9891765099647799 0
    outer loop
      vertex 48.985522597589046 64.69983807894276 -2.5
      vertex 47.98081516713307 64.84887234782657 2.5
      vertex 48.985522597589046 64.69983807894276 2.5
    endloop
  endfacet
  facet normal 0.04906767432741154 0.9987954562051726 0
    outer loop
      vertex 50 64.65 -2.5
      vertex 48.985522597589046 64.69983807894276 2.5
      vertex 50 64.65 2.5
    endloop
  endfacet
  facet normal -0.04906767432741154 0.9987954562051726 0
    outer loop
      vertex 51.014477402410954 64.69983807894276 -2.5
      vertex 50 64.65 2.5
      vertex 51.014477402410954 64.69983807894276 2.5
    endloop
  endfacet
  facet normal -0.146730474455369 0.9891765099647799 0
    outer loop
      vertex 52.01918483286693 64.84887234782657 -2.5
      vertex 51.014477402410954 64.69983807894276 2.5
      vertex 52.01918483286693 64.84887234782657 2.5
    endloop
  endfacet
  facet normal -0.24298017990325452 0.9700312531945463 0
    outer loop
      vertex 53.004446409583686 65.09566752517163 -2.5
      vertex 52.01918483286693 64.84887234782657 2.5
      vertex 53.004446409583686 65.09566752517163 2.5
    endloop
  endfacet
  facet normal -0.336889853392221 0.9415440651830205 0
    outer loop
      vertex 53.96077352497868 65.43784683850818 -2.5
      vertex 53.004446409583686 65.09566752517163 2.5
      vertex 53.96077352497868 65.43784683850818 2.5
    endloop
  endfacet
  facet normal -0.4275550934302832 0.9039892931234429 0
    outer loop
      vertex 54.87895622614907 65.87211491399452 -2.5
      vertex 53.96077352497868 65.43784683850818 2.5
      vertex 54.87895622614907 65.87211491399452 2.5
    endloop
  endfacet
  facet normal -0.5141027441932179 0.8577286100002743 0
    outer loop
      vertex 55.75015191175288 66.39428951266865 -2.5
      vertex 54.87895622614907 65.87211491399452 2.5
      vertex 55.75015191175288 66.39428951266865 2.5
    endloop
  endfacet
  facet normal 0.989176509964781 0.14673047445536114 0
    outer loop
      vertex 39.848872347826564 72.98081516713307 -2.5
      vertex 39.69983807894276 73.98552259758905 2.5
      vertex 39.848872347826564 72.98081516713307 2.5
    endloop
  endfacet
  facet normal 0.9987954562051723 0.04906767432741886 0
    outer loop
      vertex 39.69983807894276 73.98552259758905 -2.5
      vertex 39.65 75 2.5
      vertex 39.69983807894276 73.98552259758905 2.5
    endloop
  endfacet
  facet normal 0.9987954562051723 -0.04906767432741886 0
    outer loop
      vertex 39.65 75 -2.5
      vertex 39.69983807894276 76.01447740241095 2.5
      vertex 39.65 75 2.5
    endloop
  endfacet
  facet normal 0.989176509964781 -0.14673047445536114 0
    outer loop
      vertex 39.69983807894276 76.01447740241095 -2.5
      vertex 39.848872347826564 77.01918483286693 2.5
      vertex 39.69983807894276 76.01447740241095 2.5
    endloop
  endfacet
  facet normal 0.9415440651830211 0.3368898533922188 0
    outer loop
      vertex 40.43784683850818 71.03922647502132 -2.5
      vertex 40.095667525171635 71.99555359041632 2.5
      vertex 40.43784683850818 71.03922647502132 2.5
    endloop
  endfacet
  facet normal 0.9700312531945443 0.2429801799032628 0
    outer loop
      vertex 40.095667525171635 71.99555359041632 -2.5
      vertex 39.848872347826564 72.98081516713307 2.5
      vertex 40.095667525171635 71.99555359041632 2.5
    endloop
  endfacet
  facet normal 0.9700312531945443 -0.2429801799032628 0
    outer loop
      vertex 39.848872347826564 77.01918483286693 -2.5
      vertex 40.095667525171635 78.00444640958368 2.5
      vertex 39.848872347826564 77.01918483286693 2.5
    endloop
  endfacet
  facet normal 0.9415440651830211 -0.3368898533922188 0
    outer loop
      vertex 40.095667525171635 78.00444640958368 -2.5
      vertex 40.43784683850818 78.96077352497868 2.5
      vertex 40.095667525171635 78.00444640958368 2.5
    endloop
  endfacet
  facet normal 0.9039892931234429 -0.4275550934302832 0
    outer loop
      vertex 40.43784683850818 78.96077352497868 -2.5
      vertex 40.87211491399452 79.87895622614907 2.5
      vertex 40.43784683850818 78.96077352497868 2.5
    endloop
  endfacet
  facet normal 0.8577286100002713 -0.5141027441932231 0
    outer loop
      vertex 40.87211491399452 79.87895622614907 -2.5
      vertex 41.39428951266866 80.75015191175288 2.5
      vertex 40.87211491399452 79.87895622614907 2.5
    endloop
  endfacet
  facet normal 0.8032075314806482 -0.5956993044924289 0
    outer loop
      vertex 41.39428951266866 80.75015191175288 -2.5
      vertex 41.99934180769567 81.56597049109374 2.5
      vertex 41.39428951266866 80.75015191175288 2.5
    endloop
  endfacet
  facet normal 0.7409511253549574 -0.6715589548470201 0
    outer loop
      vertex 41.99934180769567 81.56597049109374 -2.5
      vertex 42.681444814719235 82.31855518528077 2.5
      vertex 41.99934180769567 81.56597049109374 2.5
    endloop
  endfacet
  facet normal 0.6715589548470163 -0.7409511253549609 0
    outer loop
      vertex 42.681444814719235 82.31855518528077 -2.5
      vertex 43.43402950890627 83.00065819230433 2.5
      vertex 42.681444814719235 82.31855518528077 2.5
    endloop
  endfacet
  facet normal 0.5956993044924368 -0.8032075314806425 0
    outer loop
      vertex 43.43402950890627 83.00065819230433 -2.5
      vertex 44.24984808824712 83.60571048733135 2.5
      vertex 43.43402950890627 83.00065819230433 2.5
    endloop
  endfacet
  facet normal 0.5141027441932179 -0.8577286100002743 0
    outer loop
      vertex 44.24984808824712 83.60571048733135 -2.5
      vertex 45.12104377385093 84.12788508600548 2.5
      vertex 44.24984808824712 83.60571048733135 2.5
    endloop
  endfacet
  facet normal 0.4275550934302832 -0.9039892931234429 0
    outer loop
      vertex 45.12104377385093 84.12788508600548 -2.5
      vertex 46.03922647502132 84.56215316149182 2.5
      vertex 45.12104377385093 84.12788508600548 2.5
    endloop
  endfacet
  facet normal 0.336889853392221 -0.9415440651830205 0
    outer loop
      vertex 46.03922647502132 84.56215316149182 -2.5
      vertex 46.995553590416314 84.90433247482837 2.5
      vertex 46.03922647502132 84.56215316149182 2.5
    endloop
  endfacet
  facet normal 0.24298017990325452 -0.9700312531945463 0
    outer loop
      vertex 46.995553590416314 84.90433247482837 -2.5
      vertex 47.98081516713307 85.15112765217343 2.5
      vertex 46.995553590416314 84.90433247482837 2.5
    endloop
  endfacet
  facet normal 0.146730474455369 -0.9891765099647799 0
    outer loop
      vertex 47.98081516713307 85.15112765217343 -2.5
      vertex 48.985522597589046 85.30016192105724 2.5
      vertex 47.98081516713307 85.15112765217343 2.5
    endloop
  endfacet
  facet normal 0.04906767432741154 -0.9987954562051726 0
    outer loop
      vertex 48.985522597589046 85.30016192105724 -2.5
      vertex 50 85.35 2.5
      vertex 48.985522597589046 85.30016192105724 2.5
    endloop
  endfacet
  facet normal -0.04906767432741154 -0.9987954562051726 0
    outer loop
      vertex 50 85.35 -2.5
      vertex 51.014477402410954 85.30016192105724 2.5
      vertex 50 85.35 2.5
    endloop
  endfacet
  facet normal -0.146730474455369 -0.9891765099647799 0
    outer loop
      vertex 51.014477402410954 85.30016192105724 -2.5
      vertex 52.01918483286693 85.15112765217343 2.5
      vertex 51.014477402410954 85.30016192105724 2.5
    endloop
  endfacet
  facet normal -0.24298017990325452 -0.9700312531945463 0
    outer loop
      vertex 52.01918483286693 85.15112765217343 -2.5
      vertex 53.004446409583686 84.90433247482837 2.5
      vertex 52.01918483286693 85.15112765217343 2.5
    endloop
  endfacet
  facet normal -0.336889853392221 -0.9415440651830205 0
    outer loop
      vertex 53.004446409583686 84.90433247482837 -2.5
      vertex 53.96077352497868 84.56215316149182 2.5
      vertex 53.004446409583686 84.90433247482837 2.5
    endloop
  endfacet
  facet normal -0.4275550934302832 -0.9039892931234429 0
    outer loop
      vertex 53.96077352497868 84.56215316149182 -2.5
      vertex 54.87895622614907 84.12788508600548 2.5
      vertex 53.96077352497868 84.56215316149182 2.5
    endloop
  endfacet
  facet normal -0.5141027441932179 -0.8577286100002743 0
    outer loop
      vertex 54.87895622614907 84.12788508600548 -2.5
      vertex 55.75015191175288 83.60571048733135 2.5
      vertex 54.87895622614907 84.12788508600548 2.5
    endloop
  endfacet
  facet normal -0.5956993044924368 -0.8032075314806425 0
    outer loop
      vertex 55.75015191175288 83.60571048733135 -2.5
      vertex 56.56597049109373 83.00065819230433 2.5
      vertex 55.75015191175288 83.60571048733135 2.5
    endloop
  endfacet
  facet normal -0.5956993044924368 0.8032075314806425 0
    outer loop
      vertex 56.56597049109373 66.99934180769567 -2.5
      vertex 55.75015191175288 66.39428951266865 2.5
      vertex 56.56597049109373 66.99934180769567 2.5
    endloop
  endfacet
  facet normal -0.6715589548470163 0.7409511253549609 0
    outer loop
      vertex 57.318555185280765 67.68144481471923 -2.5
      vertex 56.56597049109373 66.99934180769567 2.5
      vertex 57.318555185280765 67.68144481471923 2.5
    endloop
  endfacet
  facet normal -0.7409511253549574 0.6715589548470201 0
    outer loop
      vertex 58.00065819230433 68.43402950890626 -2.5
      vertex 57.318555185280765 67.68144481471923 2.5
      vertex 58.00065819230433 68.43402950890626 2.5
    endloop
  endfacet
  facet normal -0.8032075314806482 0.5956993044924289 0
    outer loop
      vertex 58.60571048733134 69.24984808824712 -2.5
      vertex 58.00065819230433 68.43402950890626 2.5
      vertex 58.60571048733134 69.24984808824712 2.5
    endloop
  endfacet
  facet normal -0.8577286100002713 0.5141027441932231 0
    outer loop
      vertex 59.12788508600548 70.12104377385093 -2.5
      vertex 58.60571048733134 69.24984808824712 2.5
      vertex 59.12788508600548 70.12104377385093 2.5
    endloop
  endfacet
  facet normal -0.9039892931234429 0.4275550934302832 0
    outer loop
      vertex 59.56215316149182 71.03922647502132 -2.5
      vertex 59.12788508600548 70.12104377385093 2.5
      vertex 59.56215316149182 71.03922647502132 2.5
    endloop
  endfacet
  facet normal -0.9415440651830211 0.3368898533922188 0
    outer loop
      vertex 59.904332474828365 71.99555359041632 -2.5
      vertex 59.56215316149182 71.03922647502132 2.5
      vertex 59.904332474828365 71.99555359041632 2.5
    endloop
  endfacet
  facet normal -0.9700312531945443 0.2429801799032628 0
    outer loop
      vertex 60.151127652173436 72.98081516713307 -2.5
      vertex 59.904332474828365 71.99555359041632 2.5
      vertex 60.151127652173436 72.98081516713307 2.5
    endloop
  endfacet
  facet normal -0.989176509964781 0.14673047445536114 0
    outer loop
      vertex 60.30016192105724 73.98552259758905 -2.5
      vertex 60.151127652173436 72.98081516713307 2.5
      vertex 60.30016192105724 73.98552259758905 2.5
    endloop
  endfacet
  facet normal -0.9987954562051723 0.04906767432741886 0
    outer loop
      vertex 60.35 75 -2.5
      vertex 60.30016192105724 73.98552259758905 2.5
      vertex 60.35 75 2.5
    endloop
  endfacet
  facet normal -0.9987954562051723 -0.04906767432741886 0
    outer loop
      vertex 60.30016192105724 76.01447740241095 -2.5
      vertex 60.35 75 2.5
      vertex 60.30016192105724 76.01447740241095 2.5
    endloop
  endfacet
  facet normal -0.989176509964781 -0.14673047445536114 0
    outer loop
      vertex 60.151127652173436 77.01918483286693 -2.5
      vertex 60.30016192105724 76.01447740241095 2.5
      vertex 60.151127652173436 77.01918483286693 2.5
    endloop
  endfacet
  facet normal -0.6715589548470163 -0.7409511253549609 0
    outer loop
      vertex 56.56597049109373 83.00065819230433 -2.5
      vertex 57.318555185280765 82.31855518528077 2.5
      vertex 56.56597049109373 83.00065819230433 2.5
    endloop
  endfacet
  facet normal -0.8032075314806482 -0.5956993044924289 0
    outer loop
      vertex 58.00065819230433 81.56597049109374 -2.5
      vertex 58.60571048733134 80.75015191175288 2.5
      vertex 58.00065819230433 81.56597049109374 2.5
    endloop
  endfacet
  facet normal -0.7409511253549574 -0.6715589548470201 0
    outer loop
      vertex 57.318555185280765 82.31855518528077 -2.5
      vertex 58.00065819230433 81.56597049109374 2.5
      vertex 57.318555185280765 82.31855518528077 2.5
    endloop
  endfacet
  facet normal -0.9415440651830211 -0.3368898533922188 0
    outer loop
      vertex 59.56215316149182 78.96077352497868 -2.5
      vertex 59.904332474828365 78.00444640958368 2.5
      vertex 59.56215316149182 78.96077352497868 2.5
    endloop
  endfacet
  facet normal -0.9039892931234429 -0.4275550934302832 0
    outer loop
      vertex 59.12788508600548 79.87895622614907 -2.5
      vertex 59.56215316149182 78.96077352497868 2.5
      vertex 59.12788508600548 79.87895622614907 2.5
    endloop
  endfacet
  facet normal -0.9700312531945443 -0.2429801799032628 0
    outer loop
      vertex 59.904332474828365 78.00444640958368 -2.5
      vertex 60.151127652173436 77.01918483286693 2.5
      vertex 59.904332474828365 78.00444640958368 2.5
    endloop
  endfacet
  facet normal -0.8577286100002713 -0.5141027441932231 0
    outer loop
      vertex 58.60571048733134 80.75015191175288 -2.5
      vertex 59.12788508600548 79.87895622614907 2.5
      vertex 58.60571048733134 80.75015191175288 2.5
    endloop
  endfacet
  facet normal 0 0 1
    outer loop
      vertex 36.37900418883467 42.93955709136697 2.5
      vertex 37.17387705507476 42.740451803363946 2.5
      vertex 47.98081516713307 64.84887234782657 2.5
    endloop
  endfacet
  facet normal 0 0 1
    outer loop
      vertex 37.17387705507476 42.740451803363946 2.5
      vertex 37.9454066602485 42.46439409646924 2.5
      vertex 47.98081516713307 64.84887234782657 2.5
    endloop
  endfacet
  facet normal 0 0 1
    outer loop
      vertex 37.9454066602485 42.46439409646924 2.5
      vertex 38.68616275249708 42.114042557308764 2.5
      vertex 47.98081516713307 64.84887234782657 2.5
    endloop
  endfacet
  facet normal 0 0 1
    outer loop
      vertex 38.68616275249708 42.114042557308764 2.5
      vertex 39.38901144571368 41.692771262726254 2.5
      vertex 47.98081516713307 64.84887234782657 2.5
    endloop
  endfacet
  facet normal 0 0 1
    outer loop
      vertex 40.047183922766436 41.204637285578855 2.5
      vertex 40.65434162290767 40.65434162290767 2.5
      vertex 48.985522597589046 64.69983807894276 2.5
    endloop
  endfacet
  facet normal 0 0 1
    outer loop
      vertex 39.38901144571368 41.692771262726254 2.5
      vertex 40.047183922766436 41.204637285578855 2.5
      vertex 47.98081516713307 64.84887234782657 2.5
    endloop
  endfacet
  facet normal 0 0 1
    outer loop
      vertex 41.204637285578855 40.047183922766436 2.5
      vertex 50 64.65 2.5
      vertex 40.65434162290767 40.65434162290767 2.5
    endloop
  endfacet
  facet normal 0 0 1
    outer loop
      vertex 41.692771262726254 39.38901144571368 2.5
      vertex 51.014477402410954 64.69983807894276 2.5
      vertex 41.204637285578855 40.047183922766436 2.5
    endloop
  endfacet
  facet normal 0 0 1
    outer loop
      vertex 42.114042557308764 38.68616275249708 2.5
      vertex 52.01918483286693 64.84887234782657 2.5
      vertex 41.692771262726254 39.38901144571368 2.5
    endloop
  endfacet
  facet normal 0 0 1
    outer loop
      vertex 48.985522597589046 64.69983807894276 2.5
      vertex 47.98081516713307 64.84887234782657 2.5
      vertex 40.047183922766436 41.204637285578855 2.5
    endloop
  endfacet
  facet normal 0 0 1
    outer loop
      vertex 50 64.65 2.5
      vertex 48.985522597589046 64.69983807894276 2.5
      vertex 40.65434162290767 40.65434162290767 2.5
    endloop
  endfacet
  facet normal 0 0 1
    outer loop
      vertex 52.01918483286693 64.84887234782657 2.5
      vertex 51.014477402410954 64.69983807894276 2.5
      vertex 41.692771262726254 39.38901144571368 2.5
    endloop
  endfacet
  facet normal 0 0 1
    outer loop
      vertex 53.004446409583686 65.09566752517163 2.5
      vertex 52.01918483286693 64.84887234782657 2.5
      vertex 42.114042557308764 38.68616275249708 2.5
    endloop
  endfacet
  facet normal 0 0 1
    outer loop
      vertex 51.014477402410954 64.69983807894276 2.5
      vertex 50 64.65 2.5
      vertex 41.204637285578855 40.047183922766436 2.5
    endloop
  endfacet
  facet normal 0 0 1
    outer loop
      vertex 53.96077352497868 65.43784683850818 2.5
      vertex 53.004446409583686 65.09566752517163 2.5
      vertex 42.46439409646924 37.9454066602485 2.5
    endloop
  endfacet
  facet normal 0 0 1
    outer loop
      vertex 54.87895622614907 65.87211491399452 2.5
      vertex 53.96077352497868 65.43784683850818 2.5
      vertex 42.740451803363946 37.17387705507476 2.5
    endloop
  endfacet
  facet normal 0 0 1
    outer loop
      vertex 43.059792467712846 35.568443121751834 2.5
      vertex 55.75015191175288 66.39428951266865 2.5
      vertex 54.87895622614907 65.87211491399452 2.5
    endloop
  endfacet
  facet normal 0 0 1
    outer loop
      vertex 43.1 34.75 2.5
      vertex 56.56597049109373 66.99934180769567 2.5
      vertex 55.75015191175288 66.39428951266865 2.5
    endloop
  endfacet
  facet normal 0 0 1
    outer loop
      vertex 57.318555185280765 67.68144481471923 2.5
      vertex 56.56597049109373 66.99934180769567 2.5
      vertex 43.1 34.75 2.5
    endloop
  endfacet
  facet normal 0 0 1
    outer loop
      vertex 57.318555185280765 67.68144481471923 2.5
      vertex 43.1 34.75 2.5
      vertex 58.00065819230433 68.43402950890626 2.5
    endloop
  endfacet
  facet normal 0 0 1
    outer loop
      vertex 58.00065819230433 68.43402950890626 2.5
      vertex 43.1 34.75 2.5
      vertex 58.60571048733134 69.24984808824712 2.5
    endloop
  endfacet
  facet normal 0 0 1
    outer loop
      vertex 58.60571048733134 69.24984808824712 2.5
      vertex 43.1 34.75 2.5
      vertex 59.12788508600548 70.12104377385093 2.5
    endloop
  endfacet
  facet normal 0 0 1
    outer loop
      vertex 59.12788508600548 70.12104377385093 2.5
      vertex 43.1 34.75 2.5
      vertex 59.56215316149182 71.03922647502132 2.5
    endloop
  endfacet
  facet normal 0 0 1
    outer loop
      vertex 75 95 2.5
      vertex 2.0191848328669275 85.15112765217343 2.5
      vertex 47.98081516713307 85.15112765217343 2.5
    endloop
  endfacet
  facet normal 0 0 1
    outer loop
      vertex 75 95 2.5
      vertex 59.56215316149182 71.03922647502132 2.5
      vertex 43.1 34.75 2.5
    endloop
  endfacet
  facet normal 0 0 1
    outer loop
      vertex 75 95 2.5
      vertex 59.904332474828365 71.99555359041632 2.5
      vertex 59.56215316149182 71.03922647502132 2.5
    endloop
  endfacet
  facet normal 0 0 1
    outer loop
      vertex 75 95 2.5
      vertex 60.151127652173436 72.98081516713307 2.5
      vertex 59.904332474828365 71.99555359041632 2.5
    endloop
  endfacet
  facet normal 0 0 1
    outer loop
      vertex 75 95 2.5
      vertex 60.30016192105724 73.98552259758905 2.5
      vertex 60.151127652173436 72.98081516713307 2.5
    endloop
  endfacet
  facet normal 0 0 1
    outer loop
      vertex 75 95 2.5
      vertex 60.35 75 2.5
      vertex 60.30016192105724 73.98552259758905 2.5
    endloop
  endfacet
  facet normal 0 0 1
    outer loop
      vertex 75 95 2.5
      vertex 60.30016192105724 76.01447740241095 2.5
      vertex 60.35 75 2.5
    endloop
  endfacet
  facet normal 0 0 1
    outer loop
      vertex 75 95 2.5
      vertex 60.151127652173436 77.01918483286693 2.5
      vertex 60.30016192105724 76.01447740241095 2.5
    endloop
  endfacet
  facet normal 0 0 1
    outer loop
      vertex 75 95 2.5
      vertex 47.98081516713307 85.15112765217343 2.5
      vertex 48.985522597589046 85.30016192105724 2.5
    endloop
  endfacet
  facet normal 0 0 1
    outer loop
      vertex 75 95 2.5
      vertex 48.985522597589046 85.30016192105724 2.5
      vertex 50 85.35 2.5
    endloop
  endfacet
  facet normal 0 0 1
    outer loop
      vertex 75 95 2.5
      vertex 50 85.35 2.5
      vertex 51.014477402410954 85.30016192105724 2.5
    endloop
  endfacet
  facet normal 0 0 1
    outer loop
      vertex 75 95 2.5
      vertex 51.014477402410954 85.30016192105724 2.5
      vertex 52.01918483286693 85.15112765217343 2.5
    endloop
  endfacet
  facet normal 0 0 1
    outer loop
      vertex 75 95 2.5
      vertex 52.01918483286693 85.15112765217343 2.5
      vertex 53.004446409583686 84.90433247482837 2.5
    endloop
  endfacet
  facet normal 0 0 1
    outer loop
      vertex 75 95 2.5
      vertex 53.004446409583686 84.90433247482837 2.5
      vertex 53.96077352497868 84.56215316149182 2.5
    endloop
  endfacet
  facet normal 0 0 1
    outer loop
      vertex 75 95 2.5
      vertex 54.87895622614907 84.12788508600548 2.5
      vertex 55.75015191175288 83.60571048733135 2.5
    endloop
  endfacet
  facet normal 0 0 1
    outer loop
      vertex 75 95 2.5
      vertex 53.96077352497868 84.56215316149182 2.5
      vertex 54.87895622614907 84.12788508600548 2.5
    endloop
  endfacet
  facet normal 0 0 1
    outer loop
      vertex 75 95 2.5
      vertex 55.75015191175288 83.60571048733135 2.5
      vertex 56.56597049109373 83.00065819230433 2.5
    endloop
  endfacet
  facet normal 0 0 1
    outer loop
      vertex 75 95 2.5
      vertex 56.56597049109373 83.00065819230433 2.5
      vertex 57.318555185280765 82.31855518528077 2.5
    endloop
  endfacet
  facet normal 0 0 1
    outer loop
      vertex 75 95 2.5
      vertex 58.60571048733134 80.75015191175288 2.5
      vertex 59.12788508600548 79.87895622614907 2.5
    endloop
  endfacet
  facet normal 0 0 1
    outer loop
      vertex 75 95 2.5
      vertex 58.00065819230433 81.56597049109374 2.5
      vertex 58.60571048733134 80.75015191175288 2.5
    endloop
  endfacet
  facet normal 0 0 1
    outer loop
      vertex 75 95 2.5
      vertex 59.904332474828365 78.00444640958368 2.5
      vertex 60.151127652173436 77.01918483286693 2.5
    endloop
  endfacet
  facet normal 0 0 1
    outer loop
      vertex 75 95 2.5
      vertex 59.56215316149182 78.96077352497868 2.5
      vertex 59.904332474828365 78.00444640958368 2.5
    endloop
  endfacet
  facet normal 0 0 1
    outer loop
      vertex 75 95 2.5
      vertex 59.12788508600548 79.87895622614907 2.5
      vertex 59.56215316149182 78.96077352497868 2.5
    endloop
  endfacet
  facet normal 0 0 1
    outer loop
      vertex 75 95 2.5
      vertex 57.318555185280765 82.31855518528077 2.5
      vertex 58.00065819230433 81.56597049109374 2.5
    endloop
  endfacet
endsolid OpenSCAD_Model
